{"type":"FeatureCollection","features":[{"type":"Feature","properties":{"name":"金ケ崎町","setai":128,"jinko":243,"key":"182020010","units":1,"m":136,"f":107,"gk":13,"a0":19,"a1":126,"a2":89,"a75":47,"ag":[6,9,4,7,9,11,9,16,12,17,18,12,15,21,21,21,9,11,6,0,0],"nf":9},"geometry":{"type":"Polygon","coordinates":[[[136.06383,35.66831],[136.06383,35.66822],[136.0666,35.66822],[136.06661,35.66591],[136.07002,35.66591],[136.07002,35.66546],[136.0702,35.66543],[136.07031,35.66544],[136.07071,35.66555],[136.0709,35.66562],[136.07103,35.66567],[136.07111,35.6657],[136.0713,35.66578],[136.07139,35.66583],[136.07149,35.66588],[136.07161,35.66595],[136.07169,35.66601],[136.07183,35.6661],[136.07246,35.66655],[136.07259,35.66667],[136.07266,35.66672],[136.07269,35.66676],[136.07271,35.66678],[136.07272,35.6668],[136.07274,35.66683],[136.07274,35.66686],[136.07275,35.66691],[136.07274,35.66696],[136.07274,35.66698],[136.07275,35.66701],[136.07276,35.66702],[136.07279,35.66704],[136.07281,35.66704],[136.07284,35.66705],[136.07286,35.66705],[136.07289,35.66704],[136.07291,35.66703],[136.07293,35.66703],[136.07296,35.66704],[136.07299,35.66705],[136.07299,35.66705],[136.073,35.66704],[136.073,35.66701],[136.073,35.66699],[136.073,35.66697],[136.073,35.66694],[136.07299,35.66691],[136.07298,35.66688],[136.07296,35.66685],[136.07295,35.66682],[136.07295,35.6668],[136.07296,35.66677],[136.07296,35.66674],[136.07296,35.6667],[136.07295,35.66666],[136.07295,35.66661],[136.07297,35.66658],[136.07298,35.66654],[136.07298,35.66652],[136.07297,35.66647],[136.07295,35.66642],[136.07293,35.66637],[136.07291,35.66633],[136.0729,35.66628],[136.07289,35.66624],[136.07287,35.6662],[136.07286,35.66617],[136.07286,35.66613],[136.07286,35.66602],[136.07249,35.66572],[136.07227,35.66554],[136.07204,35.66535],[136.07181,35.66516],[136.07172,35.66509],[136.07169,35.66506],[136.07157,35.66497],[136.07126,35.6647],[136.07106,35.66453],[136.07139,35.66446],[136.07195,35.66432],[136.07213,35.66426],[136.07222,35.66424],[136.07223,35.66426],[136.07208,35.66437],[136.07204,35.66445],[136.07206,35.66458],[136.07208,35.66471],[136.07217,35.66478],[136.07224,35.66483],[136.07237,35.66489],[136.07253,35.66489],[136.07273,35.66477],[136.07311,35.66445],[136.0733,35.66435],[136.07362,35.66428],[136.07376,35.66429],[136.07386,35.66436],[136.0739,35.66449],[136.0739,35.66464],[136.074,35.66482],[136.07412,35.66485],[136.07429,35.66486],[136.07445,35.66481],[136.07457,35.66471],[136.07474,35.66463],[136.07494,35.6645],[136.07503,35.66446],[136.07507,35.66438],[136.07508,35.66434],[136.07518,35.66428],[136.0753,35.66431],[136.0753,35.66428],[136.07558,35.66392],[136.07567,35.66383],[136.07573,35.66379],[136.07596,35.66374],[136.07606,35.66375],[136.07631,35.66364],[136.07659,35.6636],[136.07712,35.66349],[136.07727,35.66343],[136.07739,35.66337],[136.07746,35.66314],[136.07749,35.66312],[136.07753,35.66315],[136.07756,35.66328],[136.07758,35.66329],[136.07764,35.66326],[136.07766,35.66325],[136.07776,35.66326],[136.07792,35.66324],[136.07804,35.66329],[136.07808,35.66329],[136.07822,35.66328],[136.07828,35.66328],[136.07831,35.66327],[136.07848,35.66332],[136.07851,35.66331],[136.07862,35.66324],[136.07869,35.66325],[136.07872,35.66323],[136.07877,35.66317],[136.07882,35.66311],[136.07882,35.66303],[136.07875,35.66288],[136.07876,35.66281],[136.0787,35.66271],[136.0787,35.66268],[136.07869,35.66265],[136.07867,35.66264],[136.07859,35.6626],[136.07849,35.66249],[136.07845,35.66243],[136.07844,35.66236],[136.07844,35.6623],[136.07848,35.66231],[136.07851,35.66231],[136.07854,35.66228],[136.07857,35.66224],[136.07859,35.66218],[136.07857,35.66214],[136.07856,35.66213],[136.07853,35.66212],[136.07855,35.66207],[136.07858,35.66204],[136.07864,35.66201],[136.07871,35.66198],[136.07882,35.66194],[136.07895,35.66194],[136.07904,35.66195],[136.07912,35.66196],[136.07935,35.66205],[136.07939,35.66206],[136.07941,35.66205],[136.07942,35.66204],[136.07943,35.66196],[136.07946,35.66189],[136.0795,35.66184],[136.07953,35.6618],[136.07954,35.66178],[136.07953,35.66175],[136.07952,35.66171],[136.07951,35.66169],[136.07946,35.66167],[136.0794,35.66167],[136.07935,35.66166],[136.07932,35.66164],[136.07929,35.66159],[136.07931,35.66154],[136.07931,35.6615],[136.07931,35.66145],[136.07927,35.66138],[136.07921,35.66122],[136.0792,35.66108],[136.07927,35.66092],[136.07927,35.66088],[136.07919,35.66086],[136.07883,35.66084],[136.07854,35.66078],[136.07839,35.66073],[136.07833,35.66067],[136.07831,35.66063],[136.07824,35.66052],[136.07811,35.66049],[136.07794,35.66045],[136.07777,35.66031],[136.07773,35.66018],[136.07772,35.66004],[136.07733,35.66007],[136.07713,35.65949],[136.07705,35.65952],[136.07676,35.65965],[136.07623,35.65991],[136.0759,35.66005],[136.07547,35.66026],[136.07559,35.66041],[136.0757,35.66054],[136.07595,35.66086],[136.07568,35.66098],[136.07536,35.66112],[136.07481,35.66134],[136.07459,35.66144],[136.07441,35.66152],[136.07406,35.66166],[136.07436,35.66223],[136.07412,35.6623],[136.07278,35.66257],[136.07229,35.66265],[136.07227,35.66267],[136.07226,35.66269],[136.0722,35.66275],[136.07213,35.66281],[136.07205,35.66287],[136.07198,35.66292],[136.07192,35.66296],[136.07183,35.663],[136.07174,35.66304],[136.07169,35.66307],[136.07121,35.66316],[136.07135,35.66361],[136.06981,35.66396],[136.06967,35.66363],[136.0679,35.66407],[136.06786,35.6643],[136.06753,35.66427],[136.06702,35.66423],[136.06636,35.66417],[136.06589,35.66412],[136.06545,35.66408],[136.06494,35.66403],[136.06441,35.66398],[136.0634,35.66388],[136.06264,35.66381],[136.06265,35.66377],[136.0625,35.66375],[136.0625,35.66378],[136.06173,35.66387],[136.05963,35.66411],[136.05822,35.66427],[136.05822,35.66426],[136.05816,35.66426],[136.05815,35.66423],[136.058,35.66426],[136.05801,35.66438],[136.05825,35.66436],[136.05824,35.66433],[136.05963,35.66416],[136.06176,35.66391],[136.06252,35.66481],[136.0625,35.66533],[136.06222,35.66547],[136.06224,35.66807],[136.06297,35.66821],[136.06365,35.66822],[136.06364,35.66831],[136.06383,35.66831]]]}},{"type":"Feature","properties":{"name":"港町","setai":123,"jinko":314,"key":"182020020","units":1,"m":147,"f":167,"gk":0,"a0":33,"a1":154,"a2":126,"a75":68,"ag":[9,14,10,6,10,12,16,20,8,12,29,22,19,27,31,29,17,19,3,0,0],"nf":1},"geometry":{"type":"Polygon","coordinates":[[[136.07436,35.66223],[136.07406,35.66166],[136.07441,35.66152],[136.07459,35.66144],[136.07481,35.66134],[136.07536,35.66112],[136.07568,35.66098],[136.07595,35.66086],[136.0757,35.66054],[136.07559,35.66041],[136.07547,35.66026],[136.07522,35.65997],[136.075,35.6597],[136.07492,35.6596],[136.07479,35.65943],[136.07459,35.65921],[136.07423,35.65878],[136.07395,35.65865],[136.07361,35.6585],[136.0732,35.65901],[136.07319,35.65902],[136.07282,35.6596],[136.07242,35.66018],[136.07233,35.66034],[136.07235,35.66035],[136.07228,35.66046],[136.07227,35.66049],[136.07223,35.66058],[136.07218,35.66069],[136.07231,35.66076],[136.07222,35.66086],[136.07224,35.66087],[136.07179,35.66133],[136.07184,35.66136],[136.07228,35.6609],[136.0723,35.66091],[136.07237,35.66083],[136.07245,35.66074],[136.07253,35.66079],[136.07255,35.66082],[136.0726,35.66087],[136.07263,35.66092],[136.07266,35.66098],[136.07267,35.66101],[136.07268,35.66108],[136.07268,35.66115],[136.07267,35.66124],[136.07265,35.66137],[136.07259,35.66167],[136.0725,35.66212],[136.07242,35.66211],[136.07238,35.66211],[136.07233,35.66211],[136.07227,35.66212],[136.07221,35.66214],[136.07216,35.66215],[136.07215,35.66216],[136.07215,35.66219],[136.07219,35.66221],[136.07223,35.66223],[136.07229,35.66226],[136.07236,35.66228],[136.07246,35.6623],[136.07246,35.66233],[136.07243,35.66241],[136.07241,35.66245],[136.07239,35.66249],[136.07234,35.66258],[136.07231,35.66262],[136.07229,35.66265],[136.07278,35.66257],[136.07412,35.6623],[136.07436,35.66223]]]}},{"type":"Feature","properties":{"name":"栄新町","setai":128,"jinko":310,"key":"182020030","units":1,"m":159,"f":151,"gk":1,"a0":32,"a1":158,"a2":101,"a75":45,"ag":[8,11,13,16,11,5,15,15,19,24,21,18,14,22,34,17,20,6,2,0,0],"nf":19},"geometry":{"type":"Polygon","coordinates":[[[136.07533,35.65715],[136.07516,35.65696],[136.07498,35.65709],[136.07477,35.65723],[136.07467,35.65731],[136.07439,35.65759],[136.07433,35.65765],[136.07419,35.65779],[136.07402,35.65794],[136.07398,35.658],[136.07385,35.65815],[136.07374,35.65832],[136.07363,35.65848],[136.07361,35.6585],[136.07395,35.65865],[136.07423,35.65878],[136.07459,35.65921],[136.07479,35.65943],[136.07492,35.6596],[136.075,35.6597],[136.07522,35.65997],[136.07547,35.66026],[136.0759,35.66005],[136.07623,35.65991],[136.07676,35.65965],[136.07705,35.65952],[136.07713,35.65949],[136.0769,35.6589],[136.07643,35.65834],[136.07586,35.65772],[136.07579,35.65763],[136.0757,35.65752],[136.07551,35.65733],[136.07533,35.65715]]]}},{"type":"Feature","properties":{"name":"曙町","setai":150,"jinko":321,"key":"182020040","units":1,"m":158,"f":163,"gk":2,"a0":38,"a1":145,"a2":116,"a75":60,"ag":[12,10,16,7,5,7,13,18,21,26,8,15,25,21,35,23,15,15,4,3,0],"nf":22},"geometry":{"type":"Polygon","coordinates":[[[136.07751,35.65717],[136.07752,35.65706],[136.07729,35.65715],[136.07722,35.65717],[136.07723,35.6571],[136.07735,35.6567],[136.07744,35.65645],[136.07725,35.65647],[136.07722,35.65632],[136.07725,35.65624],[136.0773,35.6561],[136.0773,35.65603],[136.07729,35.656],[136.07725,35.65589],[136.07724,35.65588],[136.07722,35.65581],[136.07711,35.65583],[136.07709,35.65584],[136.07709,35.65581],[136.07702,35.6555],[136.07696,35.65523],[136.07693,35.65515],[136.07686,35.65489],[136.07678,35.65464],[136.07669,35.65422],[136.07666,35.65423],[136.07633,35.65427],[136.07625,35.654],[136.07572,35.65403],[136.07518,35.65404],[136.07448,35.65406],[136.0739,35.6541],[136.07362,35.65412],[136.07326,35.65414],[136.0733,35.65433],[136.0734,35.65464],[136.07351,35.65494],[136.07363,35.65527],[136.07383,35.65554],[136.07392,35.65566],[136.0741,35.65582],[136.07437,35.65613],[136.07464,35.65641],[136.07482,35.65659],[136.07499,35.65678],[136.07516,35.65696],[136.07533,35.65715],[136.07551,35.65733],[136.0757,35.65752],[136.07579,35.65763],[136.07586,35.65772],[136.07643,35.65834],[136.0769,35.6589],[136.07713,35.65949],[136.07733,35.66007],[136.07739,35.65992],[136.07744,35.65976],[136.07748,35.65956],[136.0775,35.65935],[136.07751,35.65915],[136.0775,35.65896],[136.07748,35.65873],[136.07748,35.65856],[136.07746,35.65839],[136.07742,35.65817],[136.07743,35.65797],[136.07743,35.65782],[136.07742,35.65765],[136.07744,35.6575],[136.07747,35.65734],[136.07751,35.65717]]]}},{"type":"Feature","properties":{"name":"天筒町","setai":15,"jinko":44,"key":"182020050","units":1,"m":18,"f":26,"gk":0,"a0":0,"a1":16,"a2":28,"a75":17,"ag":[0,0,0,1,1,3,0,0,1,2,0,5,3,3,8,2,3,6,6,0,0]},"geometry":{"type":"Polygon","coordinates":[[[136.08053,35.65984],[136.08069,35.65977],[136.08095,35.65965],[136.0813,35.65943],[136.08169,35.65921],[136.08201,35.65899],[136.08226,35.65881],[136.08255,35.65858],[136.08285,35.65834],[136.08303,35.6581],[136.0832,35.65786],[136.08334,35.65758],[136.08342,35.65734],[136.08347,35.65709],[136.08349,35.65685],[136.0835,35.65661],[136.08346,35.65638],[136.08337,35.65615],[136.08332,35.65595],[136.08322,35.65571],[136.08309,35.65546],[136.08293,35.65524],[136.08276,35.65502],[136.08256,35.65479],[136.08235,35.65456],[136.08215,35.65438],[136.08189,35.65415],[136.08167,35.65398],[136.08164,35.65396],[136.08142,35.6538],[136.08115,35.6536],[136.08079,35.65341],[136.08068,35.65331],[136.08064,35.65326],[136.08058,35.65323],[136.08054,35.65323],[136.08052,35.65322],[136.08048,35.65321],[136.08042,35.65318],[136.08041,35.65318],[136.08042,35.65318],[136.08036,35.65316],[136.08027,35.65314],[136.08022,35.65313],[136.08018,35.65313],[136.08015,35.65314],[136.08015,35.65315],[136.07989,35.65352],[136.07955,35.65399],[136.07923,35.65443],[136.07894,35.65485],[136.07892,35.65485],[136.0787,35.65516],[136.07848,35.65547],[136.0783,35.65572],[136.0781,35.65599],[136.07789,35.6563],[136.07784,35.65639],[136.07781,35.65647],[136.07775,35.65658],[136.07769,35.65671],[136.07766,35.65681],[136.07764,35.65686],[136.0776,35.65702],[136.07752,35.65706],[136.07751,35.65717],[136.07747,35.65734],[136.07744,35.6575],[136.07742,35.65765],[136.07743,35.65782],[136.07743,35.65797],[136.07742,35.65817],[136.07746,35.65839],[136.07748,35.65856],[136.07748,35.65873],[136.0775,35.65896],[136.07751,35.65915],[136.0775,35.65935],[136.07748,35.65956],[136.07744,35.65976],[136.07739,35.65992],[136.07733,35.66007],[136.07772,35.66004],[136.07801,35.66018],[136.07832,35.66019],[136.07862,35.66019],[136.07893,35.66018],[136.07927,35.66017],[136.07957,35.66012],[136.07984,35.66007],[136.08014,35.65999],[136.08042,35.6599],[136.08053,35.65984]]]}},{"type":"Feature","properties":{"name":"桜町","setai":47,"jinko":102,"key":"182020060","units":1,"m":55,"f":47,"gk":1,"a0":18,"a1":59,"a2":22,"a75":12,"ag":[3,3,12,4,5,1,3,3,9,9,11,7,7,3,7,9,2,1,0,0,0],"nf":3},"geometry":{"type":"Polygon","coordinates":[[[136.07201,35.66035],[136.07203,35.66032],[136.07205,35.66032],[136.07211,35.66021],[136.07211,35.66019],[136.07233,35.66034],[136.07242,35.66018],[136.07282,35.6596],[136.07319,35.65902],[136.0732,35.65901],[136.07361,35.6585],[136.07285,35.65818],[136.07252,35.65804],[136.07212,35.65788],[136.07149,35.65761],[136.07099,35.65737],[136.07092,35.65736],[136.07085,35.65756],[136.07068,35.65804],[136.07044,35.65866],[136.07018,35.65932],[136.07005,35.65929],[136.06965,35.66046],[136.06967,35.66046],[136.07005,35.66055],[136.07015,35.66028],[136.07142,35.66058],[136.07169,35.66065],[136.07182,35.66068],[136.07186,35.66077],[136.07187,35.66077],[136.07183,35.66067],[136.07187,35.66058],[136.07196,35.66037],[136.07201,35.66035]]]}},{"type":"Feature","properties":{"name":"蓬莱町","setai":146,"jinko":318,"key":"182020070","units":1,"m":156,"f":162,"gk":1,"a0":26,"a1":208,"a2":80,"a75":39,"ag":[11,3,12,14,13,10,12,19,20,30,21,33,36,25,16,16,12,8,2,1,0],"nf":4},"geometry":{"type":"Polygon","coordinates":[[[136.06965,35.66046],[136.07005,35.65929],[136.07018,35.65932],[136.07044,35.65866],[136.07068,35.65804],[136.07085,35.65756],[136.07092,35.65736],[136.07012,35.65725],[136.06993,35.65721],[136.06945,35.65714],[136.06937,35.65713],[136.06947,35.65685],[136.0693,35.65684],[136.06911,35.6568],[136.06907,35.65698],[136.06854,35.65689],[136.06857,35.65676],[136.06847,35.65674],[136.06848,35.65669],[136.06822,35.65661],[136.06802,35.65658],[136.06785,35.65654],[136.06781,35.65653],[136.06779,35.65656],[136.06767,35.65655],[136.06767,35.65659],[136.0675,35.65656],[136.06752,35.65648],[136.06741,35.65646],[136.0674,35.6565],[136.06734,35.65649],[136.06698,35.65644],[136.06691,35.65675],[136.06663,35.6567],[136.06613,35.65661],[136.06602,35.6566],[136.06576,35.65655],[136.06574,35.65661],[136.06573,35.65664],[136.06562,35.65699],[136.06548,35.65733],[136.06532,35.65776],[136.06523,35.65801],[136.06522,35.65808],[136.06521,35.65811],[136.0652,35.65814],[136.06598,35.65836],[136.06589,35.6584],[136.06567,35.65903],[136.06574,35.65906],[136.06569,35.6592],[136.06718,35.65956],[136.06941,35.6601],[136.06952,35.66012],[136.06942,35.6604],[136.06965,35.66046]]]}},{"type":"Feature","properties":{"name":"元町","setai":239,"jinko":595,"key":"182020080","units":1,"m":276,"f":319,"gk":10,"a0":66,"a1":282,"a2":246,"a75":142,"ag":[13,26,27,25,18,16,14,22,31,34,34,38,50,56,48,52,36,35,14,5,0],"nf":1},"geometry":{"type":"Polygon","coordinates":[[[136.07499,35.65678],[136.07482,35.65659],[136.07464,35.65641],[136.07437,35.65613],[136.0741,35.65582],[136.07392,35.65566],[136.07383,35.65554],[136.07363,35.65527],[136.07351,35.65494],[136.0734,35.65464],[136.07273,35.65477],[136.07231,35.65469],[136.07184,35.65463],[136.07131,35.65455],[136.07104,35.65451],[136.07081,35.65448],[136.07048,35.65563],[136.07013,35.65674],[136.07006,35.65674],[136.06993,35.65721],[136.07012,35.65725],[136.07092,35.65736],[136.07099,35.65737],[136.07149,35.65761],[136.07212,35.65788],[136.07252,35.65804],[136.07285,35.65818],[136.07361,35.6585],[136.07363,35.65848],[136.07374,35.65832],[136.07385,35.65815],[136.07398,35.658],[136.07402,35.65794],[136.07419,35.65779],[136.07433,35.65765],[136.07439,35.65759],[136.07467,35.65731],[136.07477,35.65723],[136.07498,35.65709],[136.07516,35.65696],[136.07499,35.65678]]]}},{"type":"Feature","properties":{"name":"相生町","setai":231,"jinko":516,"key":"182020090","units":1,"m":260,"f":256,"gk":2,"a0":44,"a1":263,"a2":202,"a75":117,"ag":[7,20,17,22,13,14,14,23,33,36,28,35,45,36,49,43,30,27,13,3,1],"nf":7},"geometry":{"type":"Polygon","coordinates":[[[136.06993,35.65721],[136.07006,35.65674],[136.07013,35.65674],[136.07048,35.65563],[136.07081,35.65448],[136.0702,35.65439],[136.06973,35.65432],[136.06922,35.65424],[136.06893,35.65421],[136.0686,35.65414],[136.06811,35.65406],[136.06767,35.65398],[136.06729,35.65391],[136.06708,35.65388],[136.06684,35.65383],[136.06678,35.65397],[136.06664,35.65428],[136.06652,35.65457],[136.06642,35.65481],[136.06618,35.65538],[136.06624,35.65539],[136.06619,35.6555],[136.06614,35.65562],[136.06609,35.65574],[136.066,35.65596],[136.06597,35.65609],[136.06592,35.65621],[136.06583,35.65639],[136.06576,35.65655],[136.06602,35.6566],[136.06613,35.65661],[136.06663,35.6567],[136.06691,35.65675],[136.06698,35.65644],[136.06734,35.65649],[136.0674,35.6565],[136.06741,35.65646],[136.06752,35.65648],[136.0675,35.65656],[136.06767,35.65659],[136.06767,35.65655],[136.06779,35.65656],[136.06781,35.65653],[136.06785,35.65654],[136.06802,35.65658],[136.06822,35.65661],[136.06848,35.65669],[136.06847,35.65674],[136.06857,35.65676],[136.06854,35.65689],[136.06907,35.65698],[136.06911,35.6568],[136.0693,35.65684],[136.06947,35.65685],[136.06937,35.65713],[136.06945,35.65714],[136.06993,35.65721]]]}},{"type":"Feature","properties":{"name":"神楽町一丁目","setai":60,"jinko":149,"key":"18202010001","units":1,"m":65,"f":84,"gk":1,"a0":12,"a1":82,"a2":55,"a75":37,"ag":[0,4,8,10,2,5,3,3,11,8,17,15,8,8,10,9,14,8,6,0,0]},"geometry":{"type":"Polygon","coordinates":[[[136.071,35.65339],[136.07034,35.65329],[136.07035,35.65378],[136.07035,35.65385],[136.07027,35.65418],[136.0702,35.65439],[136.07081,35.65448],[136.07104,35.65451],[136.07131,35.65455],[136.07184,35.65463],[136.07231,35.65469],[136.07273,35.65477],[136.0734,35.65464],[136.0733,35.65433],[136.07326,35.65414],[136.07321,35.65392],[136.07317,35.65369],[136.07305,35.65368],[136.07244,35.6536],[136.07141,35.65345],[136.071,35.65339]]]}},{"type":"Feature","properties":{"name":"神楽町二丁目","setai":72,"jinko":153,"key":"18202010002","units":1,"m":71,"f":82,"gk":7,"a0":14,"a1":78,"a2":60,"a75":39,"ag":[5,3,6,11,4,4,5,7,4,10,11,14,8,9,12,16,12,7,4,0,0],"nf":1},"geometry":{"type":"Polygon","coordinates":[[[136.07034,35.65329],[136.07034,35.65316],[136.06975,35.65307],[136.06975,35.65321],[136.06881,35.65306],[136.0688,35.65309],[136.06824,35.65308],[136.06825,35.65301],[136.06759,35.6529],[136.06723,35.65284],[136.06714,35.65309],[136.06707,35.65323],[136.06705,35.65328],[136.06701,35.65339],[136.06684,35.65383],[136.06708,35.65388],[136.06729,35.65391],[136.06767,35.65398],[136.06811,35.65406],[136.0686,35.65414],[136.06893,35.65421],[136.06922,35.65424],[136.06973,35.65432],[136.0702,35.65439],[136.07027,35.65418],[136.07035,35.65385],[136.07035,35.65378],[136.07034,35.65329]]]}},{"type":"Feature","properties":{"name":"角鹿町","setai":139,"jinko":269,"key":"182020110","units":1,"m":143,"f":126,"gk":6,"a0":23,"a1":156,"a2":63,"a75":36,"ag":[6,7,10,17,11,8,13,13,17,22,24,17,14,10,17,16,9,6,5,0,0],"nf":27},"geometry":{"type":"Polygon","coordinates":[[[136.07781,35.65647],[136.07784,35.65639],[136.07789,35.6563],[136.0781,35.65599],[136.0783,35.65572],[136.07848,35.65547],[136.0787,35.65516],[136.07892,35.65485],[136.07894,35.65485],[136.07923,35.65443],[136.07955,35.65399],[136.07989,35.65352],[136.08015,35.65315],[136.08015,35.65314],[136.08018,35.65313],[136.08022,35.65313],[136.08027,35.65314],[136.08036,35.65316],[136.08042,35.65318],[136.08041,35.65318],[136.08042,35.65318],[136.08048,35.65321],[136.08052,35.65322],[136.08054,35.65323],[136.08058,35.65323],[136.0806,35.65323],[136.08066,35.65322],[136.08078,35.65318],[136.08079,35.65318],[136.08099,35.65303],[136.08103,35.653],[136.08107,35.65297],[136.08117,35.65293],[136.08126,35.65291],[136.0813,35.65289],[136.08133,35.65287],[136.08136,35.65285],[136.08139,35.65281],[136.08141,35.65278],[136.08143,35.65275],[136.08146,35.6527],[136.0815,35.65265],[136.08102,35.65251],[136.08093,35.65256],[136.08082,35.65263],[136.08068,35.65274],[136.08047,35.65267],[136.08007,35.65264],[136.08003,35.65266],[136.07996,35.65269],[136.07962,35.6527],[136.07945,35.65269],[136.07934,35.65267],[136.07921,35.65268],[136.07915,35.65269],[136.07899,35.65269],[136.0788,35.65268],[136.07865,35.65266],[136.07829,35.65267],[136.07821,35.65265],[136.07819,35.65282],[136.07805,35.65284],[136.07804,35.65287],[136.078,35.65288],[136.07795,35.6529],[136.07792,35.65291],[136.07796,35.65296],[136.07798,35.65297],[136.07792,35.65304],[136.07781,35.65301],[136.07781,35.65301],[136.07777,35.65305],[136.0777,35.65313],[136.07764,35.65321],[136.07754,35.65333],[136.07759,35.65334],[136.07761,35.65349],[136.07743,35.65347],[136.07734,35.65356],[136.07716,35.65381],[136.07708,35.65392],[136.07702,35.6539],[136.0769,35.65409],[136.07685,35.65407],[136.07687,35.65402],[136.07673,35.65398],[136.07666,35.65423],[136.07669,35.65422],[136.07678,35.65464],[136.07686,35.65489],[136.07693,35.65515],[136.07696,35.65523],[136.07702,35.6555],[136.07709,35.65581],[136.07709,35.65584],[136.07711,35.65583],[136.07722,35.65581],[136.07724,35.65588],[136.07725,35.65589],[136.07729,35.656],[136.0773,35.65603],[136.0773,35.6561],[136.07725,35.65624],[136.07722,35.65632],[136.07725,35.65647],[136.07744,35.65645],[136.07735,35.6567],[136.07723,35.6571],[136.07722,35.65717],[136.07729,35.65715],[136.07752,35.65706],[136.0776,35.65702],[136.07764,35.65686],[136.07766,35.65681],[136.07769,35.65671],[136.07775,35.65658],[136.07781,35.65647]]]}},{"type":"Feature","properties":{"name":"舞崎町","setai":183,"jinko":367,"key":"18202012000","units":1,"m":193,"f":174,"gk":13,"a0":41,"a1":236,"a2":73,"a75":26,"ag":[17,8,16,17,19,12,20,18,33,36,33,27,21,26,21,13,7,3,2,1,0],"nf":17},"geometry":{"type":"Polygon","coordinates":[[[136.08068,35.65274],[136.08082,35.65263],[136.08093,35.65256],[136.08102,35.65251],[136.0815,35.65265],[136.08152,35.65263],[136.08157,35.65252],[136.08158,35.65245],[136.08157,35.6524],[136.08153,35.6523],[136.08151,35.65219],[136.08149,35.65215],[136.08147,35.65209],[136.08141,35.65193],[136.08142,35.65179],[136.08158,35.65134],[136.08165,35.65111],[136.08172,35.65095],[136.08185,35.65078],[136.08196,35.65054],[136.08202,35.65047],[136.0821,35.65041],[136.08216,35.65039],[136.08224,35.6504],[136.0823,35.65045],[136.08238,35.65048],[136.08248,35.65052],[136.08258,35.65053],[136.08272,35.65054],[136.08286,35.65054],[136.08293,35.65055],[136.08295,35.65055],[136.083,35.65051],[136.08302,35.65048],[136.08302,35.65043],[136.08292,35.65027],[136.08289,35.65023],[136.0829,35.6502],[136.083,35.65009],[136.08305,35.65004],[136.08315,35.65001],[136.08339,35.64997],[136.08349,35.64993],[136.08355,35.64992],[136.08365,35.64989],[136.08371,35.64985],[136.08375,35.64978],[136.08389,35.64975],[136.08402,35.64975],[136.08416,35.64976],[136.08427,35.64975],[136.08442,35.6496],[136.08418,35.64961],[136.08404,35.64963],[136.08377,35.64965],[136.0836,35.64966],[136.08339,35.64968],[136.08314,35.64973],[136.08277,35.64977],[136.08257,35.64981],[136.08212,35.64991],[136.08201,35.64993],[136.08164,35.65002],[136.08144,35.65007],[136.08113,35.65018],[136.08092,35.65027],[136.08074,35.65037],[136.08059,35.65045],[136.08037,35.65058],[136.08014,35.65073],[136.08005,35.65078],[136.07995,35.65086],[136.07955,35.65119],[136.07931,35.65139],[136.07908,35.65159],[136.07921,35.65173],[136.07926,35.65176],[136.07927,35.65182],[136.07929,35.65188],[136.07933,35.65196],[136.07933,35.65199],[136.07932,35.65202],[136.07926,35.65218],[136.07923,35.65235],[136.07922,35.6524],[136.07922,35.65246],[136.07921,35.65255],[136.07921,35.65268],[136.07934,35.65267],[136.07945,35.65269],[136.07962,35.6527],[136.07996,35.65269],[136.08003,35.65266],[136.08007,35.65264],[136.08047,35.65267],[136.08068,35.65274]]]}},{"type":"Feature","properties":{"name":"舞崎町二丁目","setai":337,"jinko":764,"key":"18202012002","units":1,"m":366,"f":398,"gk":10,"a0":133,"a1":424,"a2":180,"a75":88,"ag":[48,38,47,28,20,33,60,56,51,58,37,46,35,40,52,33,33,14,5,2,1],"nf":27},"geometry":{"type":"Polygon","coordinates":[[[136.08319,35.64859],[136.08277,35.64841],[136.0827,35.64838],[136.08269,35.64836],[136.08258,35.64832],[136.08243,35.64826],[136.0823,35.6482],[136.08222,35.64816],[136.08214,35.64813],[136.08208,35.6481],[136.08201,35.64808],[136.08194,35.64805],[136.08186,35.64801],[136.08164,35.64789],[136.08148,35.64784],[136.08132,35.6478],[136.08118,35.64777],[136.081,35.64774],[136.08093,35.64774],[136.08058,35.64762],[136.08013,35.64749],[136.07965,35.64738],[136.07905,35.6473],[136.07857,35.64722],[136.0784,35.64719],[136.07816,35.64713],[136.07805,35.64749],[136.07797,35.64772],[136.0779,35.64799],[136.07796,35.64847],[136.07797,35.6485],[136.07829,35.64847],[136.07831,35.64861],[136.07836,35.64882],[136.07843,35.64906],[136.07848,35.64922],[136.07856,35.64948],[136.07864,35.64971],[136.07867,35.64979],[136.07873,35.64992],[136.07883,35.65014],[136.07881,35.65024],[136.07881,35.65033],[136.07881,35.65045],[136.07882,35.65061],[136.07884,35.65078],[136.07888,35.65097],[136.07894,35.65121],[136.07896,35.65128],[136.07872,35.6514],[136.0786,35.65146],[136.07874,35.65161],[136.07889,35.65173],[136.07908,35.65159],[136.07931,35.65139],[136.07955,35.65119],[136.07995,35.65086],[136.08005,35.65078],[136.08014,35.65073],[136.08037,35.65058],[136.08059,35.65045],[136.08074,35.65037],[136.08092,35.65027],[136.08113,35.65018],[136.08144,35.65007],[136.08164,35.65002],[136.08201,35.64993],[136.08212,35.64991],[136.08257,35.64981],[136.08277,35.64977],[136.08314,35.64973],[136.08339,35.64968],[136.0836,35.64966],[136.08377,35.64965],[136.08404,35.64963],[136.08418,35.64961],[136.08442,35.6496],[136.08446,35.64955],[136.08472,35.64927],[136.08437,35.6491],[136.08403,35.64896],[136.08384,35.64887],[136.08355,35.64875],[136.08319,35.64859]]]}},{"type":"Feature","properties":{"name":"清水町一丁目","setai":419,"jinko":919,"key":"18202014001","units":1,"m":419,"f":500,"gk":26,"a0":105,"a1":483,"a2":301,"a75":166,"ag":[25,34,46,36,27,36,31,42,55,59,78,59,60,67,68,59,55,35,13,4,0],"nf":30},"geometry":{"type":"Polygon","coordinates":[[[136.07666,35.65423],[136.07673,35.65398],[136.07687,35.65402],[136.07685,35.65407],[136.0769,35.65409],[136.07702,35.6539],[136.07708,35.65392],[136.07716,35.65381],[136.07734,35.65356],[136.07743,35.65347],[136.07761,35.65349],[136.07759,35.65334],[136.07754,35.65333],[136.07764,35.65321],[136.0777,35.65313],[136.07777,35.65305],[136.07781,35.65301],[136.07781,35.65301],[136.07792,35.65304],[136.07798,35.65297],[136.07796,35.65296],[136.07792,35.65291],[136.07795,35.6529],[136.078,35.65288],[136.07804,35.65287],[136.07805,35.65284],[136.07819,35.65282],[136.07821,35.65265],[136.07829,35.65267],[136.07865,35.65266],[136.0788,35.65268],[136.07899,35.65269],[136.07915,35.65269],[136.07921,35.65268],[136.07921,35.65255],[136.07922,35.65246],[136.07922,35.6524],[136.07923,35.65235],[136.07926,35.65218],[136.07932,35.65202],[136.07933,35.65199],[136.07933,35.65196],[136.07929,35.65188],[136.07927,35.65182],[136.07926,35.65176],[136.07921,35.65173],[136.07908,35.65159],[136.07889,35.65173],[136.07874,35.65161],[136.0786,35.65146],[136.07872,35.6514],[136.07896,35.65128],[136.07894,35.65121],[136.07888,35.65097],[136.07884,35.65078],[136.07882,35.65061],[136.07881,35.65045],[136.07881,35.65033],[136.07881,35.65024],[136.07883,35.65014],[136.07873,35.64992],[136.07867,35.64979],[136.07864,35.64971],[136.07856,35.64948],[136.07848,35.64922],[136.07838,35.64922],[136.07807,35.64925],[136.07752,35.64931],[136.07755,35.6495],[136.07668,35.64958],[136.07635,35.64961],[136.07592,35.64965],[136.07534,35.6497],[136.07498,35.64973],[136.07503,35.64991],[136.07443,35.64997],[136.07455,35.65041],[136.07467,35.65089],[136.07426,35.65094],[136.0744,35.65147],[136.07466,35.65144],[136.0748,35.65209],[136.07484,35.65233],[136.07489,35.65255],[136.07494,35.65278],[136.07499,35.65299],[136.07504,35.65325],[136.0751,35.65353],[136.07514,35.6538],[136.07518,35.65404],[136.07572,35.65403],[136.07625,35.654],[136.07633,35.65427],[136.07666,35.65423]]]}},{"type":"Feature","properties":{"name":"清水町二丁目","setai":342,"jinko":645,"key":"18202014002","units":1,"m":340,"f":305,"gk":22,"a0":88,"a1":371,"a2":154,"a75":72,"ag":[22,25,41,24,29,29,36,22,39,54,44,45,49,39,43,18,19,25,8,1,1],"nf":32},"geometry":{"type":"Polygon","coordinates":[[[136.07831,35.64861],[136.07829,35.64847],[136.07797,35.6485],[136.07796,35.64847],[136.0779,35.64799],[136.07797,35.64772],[136.07805,35.64749],[136.07816,35.64713],[136.07788,35.64703],[136.07734,35.64684],[136.07713,35.64678],[136.077,35.64672],[136.07688,35.64666],[136.07681,35.64661],[136.07675,35.64665],[136.07665,35.64674],[136.07653,35.64685],[136.07649,35.64688],[136.07606,35.64722],[136.07586,35.64706],[136.07503,35.64717],[136.07432,35.64728],[136.07429,35.64715],[136.07424,35.64699],[136.07369,35.64727],[136.07383,35.64777],[136.07394,35.64818],[136.07406,35.64859],[136.07418,35.64904],[136.0743,35.64948],[136.07443,35.64997],[136.07503,35.64991],[136.07498,35.64973],[136.07534,35.6497],[136.07592,35.64965],[136.07635,35.64961],[136.07668,35.64958],[136.07755,35.6495],[136.07752,35.64931],[136.07807,35.64925],[136.07838,35.64922],[136.07848,35.64922],[136.07843,35.64906],[136.07836,35.64882],[136.07831,35.64861]]]}},{"type":"Feature","properties":{"name":"本町一丁目","setai":157,"jinko":312,"key":"18202015001","units":1,"m":155,"f":157,"gk":20,"a0":18,"a1":146,"a2":134,"a75":74,"ag":[8,5,5,7,10,8,11,14,9,18,21,22,26,26,34,23,26,15,7,3,0],"nf":14},"geometry":{"type":"Polygon","coordinates":[[[136.0748,35.65209],[136.07466,35.65144],[136.0744,35.65147],[136.07426,35.65094],[136.07369,35.65101],[136.07343,35.65104],[136.07271,35.65113],[136.07198,35.65118],[136.07137,35.65122],[136.07128,35.65181],[136.07165,35.65181],[136.07167,35.65251],[136.07157,35.65251],[136.07148,35.65305],[136.07141,35.65345],[136.07244,35.6536],[136.07305,35.65368],[136.07317,35.65369],[136.07321,35.65392],[136.07326,35.65414],[136.07362,35.65412],[136.0739,35.6541],[136.07448,35.65406],[136.07518,35.65404],[136.07514,35.6538],[136.0751,35.65353],[136.07504,35.65325],[136.07499,35.65299],[136.07494,35.65278],[136.07489,35.65255],[136.07484,35.65233],[136.0748,35.65209]]]}},{"type":"Feature","properties":{"name":"本町二丁目","setai":197,"jinko":385,"key":"18202015002","units":1,"m":172,"f":213,"gk":11,"a0":28,"a1":195,"a2":160,"a75":93,"ag":[10,7,11,14,14,12,14,11,22,24,25,32,27,28,39,38,34,17,2,2,0],"nf":2},"geometry":{"type":"Polygon","coordinates":[[[136.07406,35.64859],[136.07394,35.64818],[136.07294,35.64829],[136.07224,35.64836],[136.07228,35.64866],[136.07155,35.64875],[136.07158,35.64891],[136.07165,35.6493],[136.07173,35.64978],[136.07181,35.65023],[136.07189,35.6507],[136.07198,35.65118],[136.07271,35.65113],[136.07343,35.65104],[136.07369,35.65101],[136.07426,35.65094],[136.07467,35.65089],[136.07455,35.65041],[136.07443,35.64997],[136.0743,35.64948],[136.07418,35.64904],[136.07406,35.64859]]]}},{"type":"Feature","properties":{"name":"白銀町","setai":225,"jinko":442,"key":"182020160","units":1,"m":208,"f":234,"gk":12,"a0":24,"a1":262,"a2":146,"a75":59,"ag":[4,6,14,20,17,8,14,16,29,33,37,47,41,44,43,19,14,18,8,0,0],"nf":10},"geometry":{"type":"Polygon","coordinates":[[[136.07394,35.64818],[136.07383,35.64777],[136.07369,35.64727],[136.07424,35.64699],[136.07429,35.64715],[136.07432,35.64728],[136.07503,35.64717],[136.07586,35.64706],[136.07606,35.64722],[136.07649,35.64688],[136.07653,35.64685],[136.07665,35.64674],[136.07675,35.64665],[136.07681,35.64661],[136.0768,35.64656],[136.07676,35.64633],[136.07673,35.64618],[136.07669,35.64582],[136.07646,35.64568],[136.07635,35.6456],[136.07627,35.64557],[136.0762,35.64555],[136.07613,35.64556],[136.07609,35.64557],[136.07605,35.6456],[136.07598,35.64565],[136.07594,35.64568],[136.07588,35.6457],[136.07584,35.64571],[136.07578,35.6457],[136.07572,35.64569],[136.07567,35.64568],[136.07562,35.64569],[136.07557,35.6457],[136.07552,35.64573],[136.07543,35.64578],[136.07535,35.64582],[136.07525,35.64585],[136.07514,35.64575],[136.07473,35.64541],[136.07426,35.64564],[136.07364,35.64595],[136.07351,35.64602],[136.07272,35.64642],[136.07209,35.64673],[136.07208,35.64666],[136.07126,35.64675],[136.07134,35.64719],[136.07133,35.64722],[136.07046,35.6473],[136.07046,35.64742],[136.07046,35.64756],[136.07045,35.64767],[136.07041,35.64785],[136.07033,35.64811],[136.0703,35.64818],[136.07036,35.64837],[136.0704,35.64835],[136.07081,35.64814],[136.07088,35.64855],[136.07096,35.64899],[136.07158,35.64891],[136.07155,35.64875],[136.07228,35.64866],[136.07224,35.64836],[136.07294,35.64829],[136.07394,35.64818]]]}},{"type":"Feature","properties":{"name":"鉄輪町一丁目","setai":210,"jinko":438,"key":"18202017001","units":1,"m":213,"f":225,"gk":1,"a0":31,"a1":222,"a2":175,"a75":136,"ag":[11,11,9,15,17,26,17,20,19,18,26,32,32,21,18,15,27,42,33,16,3],"nf":10},"geometry":{"type":"Polygon","coordinates":[[[136.07724,35.64572],[136.07695,35.64553],[136.07676,35.64544],[136.07636,35.64519],[136.07628,35.64515],[136.07601,35.6449],[136.07571,35.64461],[136.07553,35.64442],[136.07518,35.64404],[136.07509,35.64395],[136.0749,35.64381],[136.07469,35.64344],[136.07462,35.64334],[136.07454,35.64321],[136.07446,35.64309],[136.07441,35.64301],[136.07431,35.64282],[136.07422,35.64263],[136.07418,35.64254],[136.07398,35.6426],[136.07366,35.64271],[136.07339,35.64279],[136.07319,35.64288],[136.07297,35.64298],[136.07277,35.64307],[136.07257,35.64317],[136.07239,35.64329],[136.07222,35.64339],[136.07189,35.64362],[136.07218,35.64388],[136.0725,35.64418],[136.07247,35.64432],[136.07202,35.6447],[136.07194,35.64476],[136.07269,35.64535],[136.07271,35.64537],[136.07273,35.64538],[136.07319,35.64578],[136.07325,35.64576],[136.0733,35.64574],[136.07382,35.64529],[136.07426,35.64564],[136.07473,35.64541],[136.07514,35.64575],[136.07525,35.64585],[136.07535,35.64582],[136.07543,35.64578],[136.07552,35.64573],[136.07557,35.6457],[136.07562,35.64569],[136.07567,35.64568],[136.07572,35.64569],[136.07578,35.6457],[136.07584,35.64571],[136.07588,35.6457],[136.07594,35.64568],[136.07598,35.64565],[136.07605,35.6456],[136.07609,35.64557],[136.07613,35.64556],[136.0762,35.64555],[136.07627,35.64557],[136.07635,35.6456],[136.07646,35.64568],[136.07669,35.64582],[136.07681,35.64588],[136.07716,35.64598],[136.07739,35.64604],[136.07749,35.64605],[136.07753,35.64603],[136.07756,35.646],[136.07756,35.64595],[136.07754,35.64591],[136.07724,35.64572]]]}},{"type":"Feature","properties":{"name":"鉄輪町二丁目","setai":48,"jinko":111,"key":"18202017002","units":1,"m":50,"f":61,"gk":2,"a0":8,"a1":57,"a2":46,"a75":27,"ag":[2,5,1,3,7,1,5,5,6,5,12,8,5,7,12,7,8,8,3,1,0]},"geometry":{"type":"Polygon","coordinates":[[[136.07364,35.64595],[136.07426,35.64564],[136.07382,35.64529],[136.0733,35.64574],[136.07325,35.64576],[136.07319,35.64578],[136.07273,35.64538],[136.07271,35.64537],[136.07269,35.64535],[136.07194,35.64476],[136.07202,35.6447],[136.07247,35.64432],[136.0725,35.64418],[136.07218,35.64388],[136.07189,35.64362],[136.07222,35.64339],[136.07239,35.64329],[136.07257,35.64317],[136.07277,35.64307],[136.07297,35.64298],[136.07319,35.64288],[136.07339,35.64279],[136.07366,35.64271],[136.07398,35.6426],[136.07418,35.64254],[136.07418,35.64252],[136.07408,35.64233],[136.07408,35.64233],[136.07398,35.64233],[136.07367,35.64233],[136.07333,35.64233],[136.07303,35.64235],[136.07137,35.64238],[136.07129,35.64239],[136.07141,35.64311],[136.07157,35.64388],[136.07171,35.64465],[136.07176,35.64492],[136.07186,35.64548],[136.07187,35.64551],[136.07199,35.64616],[136.07199,35.6462],[136.072,35.64621],[136.072,35.64623],[136.07208,35.64666],[136.07209,35.64673],[136.07272,35.64642],[136.07351,35.64602],[136.07364,35.64595]]]}},{"type":"Feature","properties":{"name":"東洋町","setai":356,"jinko":728,"key":"182020180","units":1,"m":361,"f":367,"gk":8,"a0":121,"a1":439,"a2":146,"a75":67,"ag":[51,34,36,27,18,53,60,61,37,51,53,45,34,40,39,34,14,11,7,1,0],"nf":22},"geometry":{"type":"Polygon","coordinates":[[[136.06596,35.64476],[136.06608,35.64465],[136.06609,35.64467],[136.06654,35.6452],[136.06661,35.64527],[136.06681,35.64525],[136.06701,35.64523],[136.06723,35.6452],[136.06779,35.64514],[136.06814,35.6451],[136.06896,35.64498],[136.07003,35.64484],[136.07016,35.64483],[136.07036,35.6448],[136.07065,35.64476],[136.07071,35.64476],[136.07093,35.64473],[136.07171,35.64465],[136.07157,35.64388],[136.07141,35.64311],[136.07129,35.64239],[136.07111,35.64121],[136.07094,35.64021],[136.07066,35.63851],[136.0705,35.63756],[136.0705,35.63754],[136.06829,35.6378],[136.06705,35.63795],[136.06648,35.63467],[136.06626,35.63469],[136.06149,35.63525],[136.06156,35.63546],[136.06181,35.63612],[136.06263,35.63802],[136.06286,35.63841],[136.06322,35.63878],[136.06403,35.63974],[136.06446,35.6403],[136.06466,35.64062],[136.06479,35.64091],[136.06486,35.64112],[136.0649,35.64137],[136.0649,35.64176],[136.06489,35.64204],[136.06488,35.64225],[136.06486,35.64249],[136.06481,35.64278],[136.06475,35.64307],[136.06468,35.64336],[136.06461,35.6437],[136.06458,35.64381],[136.06457,35.64385],[136.06458,35.64393],[136.0646,35.64396],[136.06463,35.64397],[136.06441,35.64453],[136.06437,35.64468],[136.06423,35.64501],[136.06415,35.64524],[136.06411,35.64539],[136.06546,35.64541],[136.0656,35.64541],[136.06562,35.64523],[136.06577,35.64522],[136.0659,35.64487],[136.06593,35.6448],[136.06596,35.64476]]]}},{"type":"Feature","properties":{"name":"布田町","setai":157,"jinko":367,"key":"182020190","units":1,"m":185,"f":182,"gk":10,"a0":30,"a1":258,"a2":77,"a75":29,"ag":[2,9,19,19,25,15,11,21,20,29,30,38,50,28,20,15,8,3,2,1,0],"nf":2},"geometry":{"type":"Polygon","coordinates":[[[136.07333,35.64233],[136.07367,35.64233],[136.07398,35.64233],[136.07408,35.64233],[136.07408,35.64233],[136.07384,35.64165],[136.07369,35.6413],[136.07317,35.64],[136.07305,35.63941],[136.07301,35.63907],[136.07295,35.63875],[136.07295,35.63855],[136.07293,35.63819],[136.07295,35.63778],[136.07312,35.63682],[136.07301,35.63681],[136.07113,35.63684],[136.07121,35.63755],[136.07124,35.63761],[136.07116,35.6376],[136.07102,35.63757],[136.07082,35.63754],[136.0705,35.63756],[136.07066,35.63851],[136.07094,35.64021],[136.07111,35.64121],[136.07129,35.64239],[136.07137,35.64238],[136.07303,35.64235],[136.07333,35.64233]]]}},{"type":"Feature","properties":{"name":"国広町","setai":67,"jinko":189,"key":"182020201","units":1,"m":90,"f":99,"gk":0,"a0":17,"a1":146,"a2":26,"a75":9,"ag":[1,4,12,21,10,8,4,5,11,16,22,25,24,11,6,3,2,3,1,0,0]},"geometry":{"type":"Polygon","coordinates":[[[136.07754,35.64591],[136.07756,35.64595],[136.07756,35.646],[136.07753,35.64603],[136.07749,35.64605],[136.07739,35.64604],[136.07716,35.64598],[136.07681,35.64588],[136.07669,35.64582],[136.07673,35.64618],[136.07676,35.64633],[136.0768,35.64656],[136.07681,35.64661],[136.07688,35.64666],[136.077,35.64672],[136.07713,35.64678],[136.07734,35.64684],[136.07788,35.64703],[136.07816,35.64713],[136.0784,35.64719],[136.07857,35.64722],[136.07905,35.6473],[136.07965,35.64738],[136.08013,35.64749],[136.08058,35.64762],[136.08093,35.64774],[136.081,35.64774],[136.08118,35.64777],[136.08132,35.6478],[136.08148,35.64784],[136.08164,35.64789],[136.08186,35.64801],[136.08194,35.64805],[136.08201,35.64808],[136.08208,35.6481],[136.08214,35.64813],[136.08222,35.64816],[136.0823,35.6482],[136.08243,35.64826],[136.08149,35.64764],[136.08049,35.6472],[136.07927,35.64665],[136.07841,35.64632],[136.07754,35.64591]]]}},{"type":"Feature","properties":{"name":"木ノ芽町","setai":42,"jinko":74,"key":"182020202","units":1,"m":42,"f":32,"gk":13,"a0":6,"a1":44,"a2":23,"a75":11,"ag":[0,3,3,4,6,6,2,3,8,4,5,5,1,4,8,2,6,2,1,0,0],"nf":1},"geometry":{"type":"Polygon","coordinates":[[[136.08421,35.64707],[136.08417,35.647],[136.08414,35.64687],[136.08419,35.64518],[136.08418,35.64506],[136.08414,35.64497],[136.08405,35.6449],[136.08395,35.64484],[136.08382,35.6448],[136.08366,35.64477],[136.08342,35.64476],[136.08341,35.64476],[136.08342,35.64482],[136.08339,35.64489],[136.08333,35.64495],[136.08204,35.64611],[136.08201,35.64614],[136.08201,35.64617],[136.08202,35.64621],[136.08212,35.6463],[136.08236,35.64647],[136.08249,35.64661],[136.08272,35.64684],[136.08275,35.64693],[136.08273,35.64701],[136.08126,35.64609],[136.08004,35.64523],[136.07912,35.64461],[136.07872,35.64435],[136.07831,35.64415],[136.07784,35.64392],[136.07724,35.64367],[136.07692,35.6435],[136.07642,35.64322],[136.07621,35.64302],[136.07599,35.64278],[136.07565,35.64252],[136.07535,35.64231],[136.07517,35.64222],[136.07486,35.6422],[136.07455,35.64222],[136.07436,35.64189],[136.07426,35.6417],[136.07409,35.64128],[136.07399,35.64101],[136.07394,35.64073],[136.07398,35.6403],[136.07403,35.63984],[136.07406,35.63935],[136.07407,35.63875],[136.07407,35.63834],[136.07417,35.63776],[136.07428,35.63723],[136.07416,35.6372],[136.07424,35.63661],[136.07449,35.63552],[136.0747,35.63455],[136.07486,35.63365],[136.07488,35.63354],[136.07502,35.6328],[136.07512,35.6323],[136.07434,35.63234],[136.0741,35.63294],[136.07393,35.63335],[136.07381,35.63365],[136.07363,35.63413],[136.07353,35.63447],[136.07346,35.6348],[136.07332,35.63556],[136.07328,35.63588],[136.07319,35.63641],[136.07312,35.63682],[136.07295,35.63778],[136.07293,35.63819],[136.07295,35.63855],[136.07295,35.63875],[136.07301,35.63907],[136.07305,35.63941],[136.07317,35.64],[136.07369,35.6413],[136.07384,35.64165],[136.07408,35.64233],[136.07418,35.64252],[136.07418,35.64254],[136.07422,35.64263],[136.07431,35.64282],[136.07441,35.64301],[136.07446,35.64309],[136.07454,35.64321],[136.07462,35.64334],[136.07469,35.64344],[136.0749,35.64381],[136.07509,35.64395],[136.07518,35.64404],[136.07553,35.64442],[136.07571,35.64461],[136.07601,35.6449],[136.07628,35.64515],[136.07636,35.64519],[136.07676,35.64544],[136.07695,35.64553],[136.07724,35.64572],[136.07754,35.64591],[136.07841,35.64632],[136.07927,35.64665],[136.08049,35.6472],[136.08149,35.64764],[136.08243,35.64826],[136.08258,35.64832],[136.08269,35.64836],[136.0827,35.64838],[136.08277,35.64841],[136.08319,35.64859],[136.08355,35.64875],[136.08384,35.64887],[136.08403,35.64896],[136.08437,35.6491],[136.08472,35.64927],[136.08487,35.64894],[136.08504,35.64867],[136.08515,35.64848],[136.08521,35.64834],[136.08527,35.64821],[136.08534,35.64812],[136.08534,35.64806],[136.08539,35.64798],[136.08537,35.64792],[136.08532,35.64787],[136.0851,35.64781],[136.08473,35.64773],[136.08466,35.64771],[136.08464,35.64769],[136.08463,35.64763],[136.08464,35.64743],[136.08464,35.64736],[136.08462,35.64729],[136.08458,35.64722],[136.08444,35.64714],[136.08431,35.64711],[136.08421,35.64707]]]}},{"type":"Feature","properties":{"name":"若泉町","setai":0,"jinko":0,"key":"182020210","units":1,"m":0,"f":0,"gk":0,"a0":0,"a1":0,"a2":0,"a75":0,"ag":[0,0,0,0,0,0,0,0,0,0,0,0,0,0,0,0,0,0,0,0,0]},"geometry":{"type":"Polygon","coordinates":[[[136.08341,35.64476],[136.08339,35.64471],[136.08336,35.64466],[136.08332,35.6446],[136.08324,35.64454],[136.08318,35.6445],[136.08312,35.64446],[136.08304,35.64439],[136.08302,35.64431],[136.08302,35.64424],[136.08302,35.64417],[136.08308,35.64408],[136.08323,35.6439],[136.08385,35.64333],[136.08394,35.64322],[136.08404,35.64303],[136.08411,35.64292],[136.0841,35.64282],[136.08411,35.64277],[136.08428,35.64252],[136.08417,35.64245],[136.08405,35.64236],[136.08156,35.64053],[136.08125,35.64031],[136.08009,35.63951],[136.07899,35.63873],[136.07837,35.63929],[136.07811,35.63953],[136.07808,35.63958],[136.07737,35.6396],[136.07736,35.63946],[136.07618,35.63948],[136.07617,35.63925],[136.07564,35.63927],[136.07558,35.63933],[136.07521,35.63969],[136.07454,35.64034],[136.07448,35.6403],[136.07446,35.63988],[136.07445,35.63855],[136.07443,35.63758],[136.07441,35.63741],[136.07441,35.63728],[136.07428,35.63723],[136.07417,35.63776],[136.07407,35.63834],[136.07407,35.63875],[136.07406,35.63935],[136.07403,35.63984],[136.07398,35.6403],[136.07394,35.64073],[136.07399,35.64101],[136.07409,35.64128],[136.07426,35.6417],[136.07436,35.64189],[136.07455,35.64222],[136.07486,35.6422],[136.07517,35.64222],[136.07535,35.64231],[136.07565,35.64252],[136.07599,35.64278],[136.07621,35.64302],[136.07642,35.64322],[136.07692,35.6435],[136.07724,35.64367],[136.07784,35.64392],[136.07831,35.64415],[136.07872,35.64435],[136.07912,35.64461],[136.08004,35.64523],[136.08126,35.64609],[136.08273,35.64701],[136.08275,35.64693],[136.08272,35.64684],[136.08249,35.64661],[136.08236,35.64647],[136.08212,35.6463],[136.08202,35.64621],[136.08201,35.64617],[136.08201,35.64614],[136.08204,35.64611],[136.08333,35.64495],[136.08339,35.64489],[136.08342,35.64482],[136.08341,35.64476]]]}},{"type":"Feature","properties":{"name":"津内町一丁目","setai":164,"jinko":348,"key":"18202022001","units":1,"m":168,"f":180,"gk":9,"a0":43,"a1":156,"a2":142,"a75":79,"ag":[9,18,16,8,10,8,7,13,17,23,21,27,22,30,33,33,21,18,4,3,0],"nf":7},"geometry":{"type":"Polygon","coordinates":[[[136.07141,35.65345],[136.07148,35.65305],[136.07157,35.65251],[136.07167,35.65251],[136.07165,35.65181],[136.07128,35.65181],[136.07137,35.65122],[136.07088,35.65127],[136.07034,35.65133],[136.07035,35.6514],[136.06902,35.65154],[136.069,35.65168],[136.06801,35.65171],[136.06771,35.65161],[136.0676,35.6519],[136.06741,35.6524],[136.06723,35.65284],[136.06759,35.6529],[136.06825,35.65301],[136.06824,35.65308],[136.0688,35.65309],[136.06881,35.65306],[136.06975,35.65321],[136.06975,35.65307],[136.07034,35.65316],[136.07034,35.65329],[136.071,35.65339],[136.07141,35.65345]]]}},{"type":"Feature","properties":{"name":"津内町二丁目","setai":235,"jinko":463,"key":"18202022002","units":1,"m":229,"f":234,"gk":9,"a0":55,"a1":255,"a2":150,"a75":87,"ag":[16,14,25,16,12,20,24,19,25,42,32,37,28,20,43,27,20,26,12,2,0],"nf":3},"geometry":{"type":"Polygon","coordinates":[[[136.07189,35.6507],[136.07181,35.65023],[136.07173,35.64978],[136.07165,35.6493],[136.07158,35.64891],[136.07096,35.64899],[136.07088,35.64855],[136.07081,35.64814],[136.0704,35.64835],[136.07036,35.64837],[136.06969,35.64838],[136.06946,35.64838],[136.0692,35.64838],[136.06928,35.64863],[136.06933,35.64888],[136.06932,35.64911],[136.06925,35.64929],[136.06922,35.64937],[136.06909,35.64959],[136.06881,35.65008],[136.06856,35.65051],[136.06852,35.65057],[136.06848,35.65064],[136.0681,35.6506],[136.06796,35.6509],[136.0678,35.65129],[136.06778,35.65136],[136.06776,35.65141],[136.06771,35.65161],[136.06801,35.65171],[136.069,35.65168],[136.06902,35.65154],[136.07035,35.6514],[136.07034,35.65133],[136.07088,35.65127],[136.07137,35.65122],[136.07198,35.65118],[136.07189,35.6507]]]}},{"type":"Feature","properties":{"name":"津内町三丁目","setai":208,"jinko":439,"key":"18202022003","units":1,"m":210,"f":229,"gk":8,"a0":21,"a1":202,"a2":209,"a75":122,"ag":[6,7,8,13,10,23,16,16,16,25,23,37,23,38,49,24,37,30,25,6,0],"nf":7},"geometry":{"type":"Polygon","coordinates":[[[136.06969,35.64838],[136.07036,35.64837],[136.0703,35.64818],[136.07033,35.64811],[136.07041,35.64785],[136.07045,35.64767],[136.07046,35.64756],[136.07046,35.64742],[136.07046,35.6473],[136.07133,35.64722],[136.07134,35.64719],[136.07126,35.64675],[136.07208,35.64666],[136.072,35.64623],[136.072,35.64621],[136.07199,35.6462],[136.07199,35.64616],[136.07187,35.64551],[136.07186,35.64548],[136.07176,35.64492],[136.07171,35.64465],[136.07093,35.64473],[136.07071,35.64476],[136.07065,35.64476],[136.07036,35.6448],[136.07016,35.64483],[136.07003,35.64484],[136.06896,35.64498],[136.06907,35.64596],[136.06914,35.64667],[136.06917,35.64711],[136.06922,35.64762],[136.06922,35.64785],[136.06902,35.64838],[136.0692,35.64838],[136.06946,35.64838],[136.06969,35.64838]]]}},{"type":"Feature","properties":{"name":"川崎町","setai":134,"jinko":274,"key":"182020230","units":1,"m":132,"f":142,"gk":0,"a0":12,"a1":122,"a2":139,"a75":77,"ag":[1,1,10,8,7,5,11,16,8,11,18,19,19,32,30,17,32,13,14,1,0],"nf":1},"geometry":{"type":"Polygon","coordinates":[[[136.06437,35.66059],[136.06437,35.66052],[136.06448,35.66056],[136.06469,35.66056],[136.06474,35.65962],[136.06479,35.65875],[136.06517,35.65877],[136.06518,35.65863],[136.06504,35.65857],[136.06508,35.65841],[136.06506,35.65841],[136.06508,35.65837],[136.06509,35.65838],[136.0651,35.65835],[136.06512,35.65836],[136.0652,35.65814],[136.06521,35.65811],[136.06522,35.65808],[136.06523,35.65801],[136.06532,35.65776],[136.06548,35.65733],[136.06562,35.65699],[136.06573,35.65664],[136.06574,35.65661],[136.06576,35.65655],[136.06583,35.65639],[136.06592,35.65621],[136.06597,35.65609],[136.066,35.65596],[136.06584,35.65593],[136.06559,35.65589],[136.06522,35.65581],[136.06511,35.6558],[136.06492,35.65575],[136.06485,35.65574],[136.06466,35.6557],[136.06435,35.65564],[136.06402,35.65558],[136.06394,35.65556],[136.06366,35.6555],[136.06339,35.65545],[136.06272,35.65533],[136.06271,35.65538],[136.06265,35.65561],[136.06256,35.65594],[136.06245,35.65637],[136.06238,35.65667],[136.06229,35.65697],[136.06223,35.65716],[136.06221,35.65723],[136.06243,35.6573],[136.06251,35.65733],[136.06243,35.65749],[136.06234,35.6577],[136.06217,35.65813],[136.0634,35.65846],[136.06362,35.65853],[136.06355,35.66016],[136.0634,35.66015],[136.06023,35.65981],[136.05963,35.65994],[136.05941,35.65998],[136.05941,35.65994],[136.05943,35.65994],[136.05944,35.65981],[136.05938,35.6598],[136.05937,35.66],[136.05946,35.66059],[136.05948,35.66073],[136.05948,35.66074],[136.05947,35.66082],[136.05947,35.66085],[136.05963,35.66087],[136.0634,35.66124],[136.06435,35.66133],[136.06436,35.66122],[136.06434,35.66121],[136.06437,35.66059]]]}},{"type":"Feature","properties":{"name":"松栄町","setai":186,"jinko":384,"key":"182020240","units":1,"m":171,"f":213,"gk":8,"a0":44,"a1":184,"a2":154,"a75":94,"ag":[9,17,18,12,13,10,18,27,10,14,24,22,34,31,29,21,32,28,7,4,2],"nf":2},"geometry":{"type":"Polygon","coordinates":[[[136.05961,35.65897],[136.05961,35.65892],[136.05958,35.65892],[136.05955,35.65862],[136.05958,35.65862],[136.05958,35.65857],[136.05956,35.65856],[136.05963,35.6579],[136.05968,35.65745],[136.06217,35.65813],[136.06234,35.6577],[136.06243,35.65749],[136.06251,35.65733],[136.06243,35.6573],[136.06221,35.65723],[136.06223,35.65716],[136.06229,35.65697],[136.06238,35.65667],[136.06245,35.65637],[136.06256,35.65594],[136.06265,35.65561],[136.06271,35.65538],[136.06272,35.65533],[136.06281,35.65496],[136.06289,35.65469],[136.06294,35.65445],[136.063,35.65419],[136.06302,35.65411],[136.06314,35.65364],[136.06331,35.65299],[136.06309,35.65295],[136.0626,35.65288],[136.06185,35.65278],[136.06139,35.65271],[136.06136,35.65278],[136.06129,35.65293],[136.06107,35.65345],[136.06082,35.65405],[136.06081,35.65406],[136.06062,35.65428],[136.0604,35.65455],[136.06023,35.65483],[136.05978,35.65548],[136.06009,35.65553],[136.06002,35.65565],[136.05996,35.65575],[136.05992,35.65584],[136.05988,35.6559],[136.05986,35.65594],[136.05985,35.65596],[136.05984,35.65596],[136.05982,35.65597],[136.05981,35.65599],[136.05981,35.65601],[136.0598,35.65603],[136.05979,35.65605],[136.05979,35.65606],[136.05977,35.65607],[136.05974,35.65608],[136.05973,35.6561],[136.05973,35.65611],[136.05973,35.65612],[136.05972,35.65613],[136.05972,35.65613],[136.05971,35.65615],[136.05971,35.65617],[136.0597,35.65619],[136.05969,35.6562],[136.05968,35.65621],[136.05968,35.65622],[136.05968,35.65623],[136.05967,35.65624],[136.05965,35.65626],[136.05963,35.65628],[136.05963,35.65628],[136.0596,35.6563],[136.05959,35.65633],[136.05957,35.65636],[136.05955,35.65639],[136.05954,35.65641],[136.05952,35.65642],[136.05951,35.65644],[136.0595,35.65646],[136.0595,35.65647],[136.0595,35.65649],[136.0595,35.6565],[136.05949,35.65652],[136.05947,35.65655],[136.05945,35.65658],[136.05943,35.65661],[136.05942,35.65664],[136.05943,35.65667],[136.05943,35.6567],[136.05944,35.65674],[136.05944,35.65679],[136.05945,35.65684],[136.05947,35.65689],[136.05949,35.65694],[136.0595,35.65698],[136.05951,35.65701],[136.05952,35.65702],[136.05953,35.65703],[136.05955,35.65704],[136.05958,35.65705],[136.05961,35.65706],[136.05963,35.65706],[136.05967,35.65708],[136.05963,35.65743],[136.0595,35.65856],[136.05948,35.65855],[136.05948,35.65861],[136.0595,35.65862],[136.05953,35.65893],[136.0595,35.65893],[136.05952,35.65897],[136.05954,35.65897],[136.05957,35.65925],[136.05962,35.65925],[136.05959,35.65897],[136.05961,35.65897]]]}},{"type":"Feature","properties":{"name":"結城町","setai":181,"jinko":400,"key":"182020250","units":1,"m":185,"f":215,"gk":2,"a0":27,"a1":180,"a2":180,"a75":92,"ag":[10,10,7,11,10,15,11,12,22,20,34,23,22,37,51,34,20,21,12,4,1],"nf":13},"geometry":{"type":"Polygon","coordinates":[[[136.06684,35.65383],[136.06701,35.65339],[136.06693,35.65339],[136.06661,35.65338],[136.06642,35.65338],[136.06619,35.65338],[136.0661,35.65337],[136.06604,35.65337],[136.066,35.65337],[136.06567,35.65333],[136.06516,35.65327],[136.06503,35.65325],[136.06458,35.65318],[136.06331,35.65299],[136.06314,35.65364],[136.06302,35.65411],[136.063,35.65419],[136.06294,35.65445],[136.06289,35.65469],[136.06281,35.65496],[136.06272,35.65533],[136.06339,35.65545],[136.06366,35.6555],[136.06394,35.65556],[136.06402,35.65558],[136.06435,35.65564],[136.06466,35.6557],[136.06485,35.65574],[136.06492,35.65575],[136.06511,35.6558],[136.06522,35.65581],[136.06559,35.65589],[136.06584,35.65593],[136.066,35.65596],[136.06609,35.65574],[136.06614,35.65562],[136.06619,35.6555],[136.06624,35.65539],[136.06618,35.65538],[136.06642,35.65481],[136.06652,35.65457],[136.06664,35.65428],[136.06678,35.65397],[136.06684,35.65383]]]}},{"type":"Feature","properties":{"name":"三島町一丁目","setai":285,"jinko":654,"key":"18202026001","units":1,"m":316,"f":338,"gk":10,"a0":53,"a1":350,"a2":238,"a75":160,"ag":[22,17,14,28,20,33,32,27,27,45,45,50,43,34,44,55,40,45,16,3,1],"nf":13},"geometry":{"type":"Polygon","coordinates":[[[136.0678,35.65129],[136.06796,35.6509],[136.06787,35.65083],[136.06782,35.65079],[136.06725,35.65081],[136.06715,35.65081],[136.06706,35.6508],[136.06697,35.65079],[136.0668,35.65075],[136.06637,35.65062],[136.0662,35.65079],[136.066,35.65093],[136.06587,35.65089],[136.06535,35.65076],[136.06512,35.6507],[136.06472,35.65061],[136.06482,35.65023],[136.06482,35.6502],[136.06482,35.65007],[136.06472,35.65007],[136.06454,35.65007],[136.06408,35.65004],[136.06397,35.65004],[136.06308,35.64997],[136.06284,35.65001],[136.06281,35.65001],[136.0628,35.65001],[136.06278,35.65001],[136.06244,35.64988],[136.06239,35.65],[136.06217,35.65065],[136.06199,35.65112],[136.06198,35.65116],[136.06197,35.65119],[136.06174,35.65177],[136.06155,35.65227],[136.06146,35.65252],[136.0614,35.65269],[136.06139,35.65271],[136.06185,35.65278],[136.0626,35.65288],[136.06309,35.65295],[136.06331,35.65299],[136.06458,35.65318],[136.06503,35.65325],[136.06516,35.65327],[136.06567,35.65333],[136.066,35.65337],[136.06604,35.65337],[136.0661,35.65337],[136.06619,35.65338],[136.06642,35.65338],[136.06661,35.65338],[136.06693,35.65339],[136.06701,35.65339],[136.06705,35.65328],[136.06707,35.65323],[136.06714,35.65309],[136.06723,35.65284],[136.06741,35.6524],[136.0676,35.6519],[136.06771,35.65161],[136.06776,35.65141],[136.06778,35.65136],[136.0678,35.65129]]]}},{"type":"Feature","properties":{"name":"三島町二丁目","setai":296,"jinko":675,"key":"18202026002","units":1,"m":319,"f":356,"gk":13,"a0":99,"a1":312,"a2":260,"a75":140,"ag":[20,36,43,33,12,19,18,35,29,38,36,34,58,59,61,54,27,34,18,5,2],"nf":4},"geometry":{"type":"Polygon","coordinates":[[[136.0662,35.65079],[136.06637,35.65062],[136.0668,35.65075],[136.06697,35.65079],[136.06706,35.6508],[136.06715,35.65081],[136.06725,35.65081],[136.06782,35.65079],[136.06787,35.65083],[136.06796,35.6509],[136.0681,35.6506],[136.06848,35.65064],[136.06852,35.65057],[136.06856,35.65051],[136.06881,35.65008],[136.06909,35.64959],[136.06922,35.64937],[136.06925,35.64929],[136.06932,35.64911],[136.06933,35.64888],[136.06928,35.64863],[136.0692,35.64838],[136.06902,35.64838],[136.06886,35.64837],[136.06866,35.64836],[136.06754,35.64829],[136.0673,35.64827],[136.0672,35.64826],[136.06712,35.64825],[136.06704,35.64823],[136.067,35.64823],[136.06697,35.64822],[136.06689,35.64821],[136.06657,35.64812],[136.06605,35.64791],[136.06529,35.64761],[136.0648,35.64742],[136.06421,35.64717],[136.06361,35.64692],[136.06352,35.64687],[136.06344,35.64709],[136.06325,35.64761],[136.06308,35.64805],[136.06281,35.64878],[136.0626,35.64944],[136.06251,35.6497],[136.06244,35.64988],[136.06278,35.65001],[136.0628,35.65001],[136.06281,35.65001],[136.06284,35.65001],[136.06308,35.64997],[136.06397,35.65004],[136.06408,35.65004],[136.06454,35.65007],[136.06472,35.65007],[136.06482,35.65007],[136.06482,35.6502],[136.06482,35.65023],[136.06472,35.65061],[136.06512,35.6507],[136.06535,35.65076],[136.06587,35.65089],[136.066,35.65093],[136.0662,35.65079]]]}},{"type":"Feature","properties":{"name":"三島町三丁目","setai":220,"jinko":427,"key":"18202026003","units":1,"m":238,"f":189,"gk":16,"a0":51,"a1":275,"a2":91,"a75":43,"ag":[16,20,15,15,23,23,36,30,34,31,32,28,23,20,28,22,11,9,1,0,0],"nf":10},"geometry":{"type":"Polygon","coordinates":[[[136.06756,35.64608],[136.06747,35.64593],[136.06732,35.64599],[136.06726,35.6459],[136.06735,35.64587],[136.06737,35.64585],[136.06739,35.64583],[136.06739,35.64581],[136.06732,35.64571],[136.06717,35.64558],[136.06719,35.64552],[136.06709,35.64545],[136.06717,35.64538],[136.0672,35.64535],[136.06709,35.64527],[136.06698,35.64538],[136.06681,35.64525],[136.06661,35.64527],[136.06654,35.6452],[136.06609,35.64467],[136.06608,35.64465],[136.06596,35.64476],[136.06593,35.6448],[136.0659,35.64487],[136.06577,35.64522],[136.06562,35.64523],[136.0656,35.64541],[136.06546,35.64541],[136.06411,35.64539],[136.06401,35.64559],[136.06388,35.64592],[136.06377,35.64617],[136.06364,35.64655],[136.06355,35.64679],[136.06352,35.64687],[136.06361,35.64692],[136.06421,35.64717],[136.0648,35.64742],[136.06529,35.64761],[136.06605,35.64791],[136.06657,35.64812],[136.06689,35.64821],[136.06697,35.64822],[136.067,35.64823],[136.06704,35.64823],[136.06712,35.64825],[136.0672,35.64826],[136.0673,35.64827],[136.06754,35.64829],[136.06733,35.64802],[136.06752,35.64739],[136.06765,35.64722],[136.06753,35.64707],[136.06754,35.64698],[136.06753,35.64695],[136.06747,35.64686],[136.06743,35.64677],[136.0674,35.64668],[136.06738,35.6465],[136.0674,35.6463],[136.0674,35.64623],[136.06737,35.64614],[136.06756,35.64608]]]}},{"type":"Feature","properties":{"name":"開町","setai":140,"jinko":290,"key":"182020270","units":1,"m":133,"f":157,"gk":4,"a0":30,"a1":149,"a2":106,"a75":54,"ag":[7,12,11,13,11,10,11,14,17,19,21,15,18,31,21,20,13,13,7,1,0],"nf":5},"geometry":{"type":"Polygon","coordinates":[[[136.06907,35.64596],[136.06896,35.64498],[136.06814,35.6451],[136.06779,35.64514],[136.06723,35.6452],[136.06701,35.64523],[136.06681,35.64525],[136.06698,35.64538],[136.06709,35.64527],[136.0672,35.64535],[136.06717,35.64538],[136.06709,35.64545],[136.06719,35.64552],[136.06717,35.64558],[136.06732,35.64571],[136.06739,35.64581],[136.06739,35.64583],[136.06737,35.64585],[136.06735,35.64587],[136.06726,35.6459],[136.06732,35.64599],[136.06747,35.64593],[136.06756,35.64608],[136.06737,35.64614],[136.0674,35.64623],[136.0674,35.6463],[136.06738,35.6465],[136.0674,35.64668],[136.06743,35.64677],[136.06747,35.64686],[136.06753,35.64695],[136.06754,35.64698],[136.06753,35.64707],[136.06765,35.64722],[136.06752,35.64739],[136.06733,35.64802],[136.06754,35.64829],[136.06866,35.64836],[136.06886,35.64837],[136.06902,35.64838],[136.06922,35.64785],[136.06922,35.64762],[136.06917,35.64711],[136.06914,35.64667],[136.06907,35.64596]]]}},{"type":"Feature","properties":{"name":"昭和町一丁目","setai":231,"jinko":441,"key":"18202028001","units":1,"m":227,"f":214,"gk":7,"a0":42,"a1":231,"a2":122,"a75":73,"ag":[20,12,10,11,20,28,26,28,20,16,25,25,32,26,23,24,19,21,7,2,0],"nf":46},"geometry":{"type":"Polygon","coordinates":[[[136.06486,35.64249],[136.06436,35.64205],[136.06415,35.64183],[136.06398,35.64188],[136.06366,35.642],[136.06351,35.64206],[136.06349,35.642],[136.06344,35.64197],[136.06337,35.64199],[136.06286,35.6421],[136.06212,35.64225],[136.06151,35.64238],[136.06084,35.64254],[136.06024,35.64267],[136.05946,35.64283],[136.05947,35.64286],[136.05985,35.64404],[136.05993,35.6443],[136.0601,35.64476],[136.06024,35.64506],[136.06063,35.64553],[136.06091,35.64577],[136.06107,35.64589],[136.06124,35.646],[136.06149,35.64609],[136.0617,35.64618],[136.06184,35.64623],[136.062,35.6463],[136.06221,35.64638],[136.06233,35.64644],[136.06255,35.64653],[136.06282,35.64664],[136.06299,35.6467],[136.06352,35.64687],[136.06355,35.64679],[136.06364,35.64655],[136.06377,35.64617],[136.06388,35.64592],[136.06401,35.64559],[136.06411,35.64539],[136.06415,35.64524],[136.06423,35.64501],[136.06437,35.64468],[136.06441,35.64453],[136.06463,35.64397],[136.0646,35.64396],[136.06458,35.64393],[136.06457,35.64385],[136.06458,35.64381],[136.06461,35.6437],[136.06468,35.64336],[136.06475,35.64307],[136.06481,35.64278],[136.06486,35.64249]]]}},{"type":"Feature","properties":{"name":"昭和町二丁目","setai":402,"jinko":819,"key":"18202028002","units":1,"m":416,"f":403,"gk":12,"a0":107,"a1":457,"a2":205,"a75":120,"ag":[32,39,36,23,25,48,48,55,54,65,47,40,52,38,47,25,24,35,26,10,0],"nf":50},"geometry":{"type":"Polygon","coordinates":[[[136.06337,35.64199],[136.06344,35.64197],[136.06349,35.642],[136.06351,35.64206],[136.06366,35.642],[136.06398,35.64188],[136.06415,35.64183],[136.06436,35.64205],[136.06486,35.64249],[136.06488,35.64225],[136.06489,35.64204],[136.0649,35.64176],[136.0649,35.64137],[136.06486,35.64112],[136.06479,35.64091],[136.06466,35.64062],[136.06446,35.6403],[136.06403,35.63974],[136.06322,35.63878],[136.06286,35.63841],[136.06263,35.63802],[136.06181,35.63612],[136.06084,35.63639],[136.06018,35.63662],[136.06022,35.63726],[136.06047,35.63743],[136.06065,35.63753],[136.06066,35.63756],[136.06091,35.6377],[136.06065,35.638],[136.06025,35.63831],[136.0601,35.63821],[136.05967,35.63851],[136.05923,35.63807],[136.05878,35.63815],[136.058,35.63833],[136.0585,35.63984],[136.05868,35.64042],[136.05893,35.64114],[136.05918,35.64189],[136.05927,35.64218],[136.05933,35.64237],[136.05937,35.64249],[136.05946,35.64283],[136.06024,35.64267],[136.06084,35.64254],[136.06151,35.64238],[136.06212,35.64225],[136.06286,35.6421],[136.06337,35.64199]]]}},{"type":"Feature","properties":{"name":"呉竹町一丁目","setai":449,"jinko":1055,"key":"18202029001","units":1,"m":516,"f":539,"gk":25,"a0":137,"a1":551,"a2":353,"a75":202,"ag":[45,43,49,37,50,48,44,56,55,68,58,58,77,76,75,76,67,30,25,4,0],"nf":14},"geometry":{"type":"Polygon","coordinates":[[[136.06149,35.64609],[136.06124,35.646],[136.06098,35.646],[136.06027,35.64601],[136.05975,35.64602],[136.05938,35.64602],[136.05878,35.64602],[136.05879,35.6466],[136.05879,35.64664],[136.0588,35.64714],[136.05882,35.64751],[136.05884,35.64813],[136.05887,35.64902],[136.05888,35.64921],[136.0589,35.64949],[136.05894,35.64986],[136.05897,35.65035],[136.05919,35.65037],[136.05944,35.65042],[136.05999,35.65059],[136.06021,35.65065],[136.06063,35.65076],[136.06144,35.65098],[136.06199,35.65112],[136.06217,35.65065],[136.06239,35.65],[136.06244,35.64988],[136.06251,35.6497],[136.0626,35.64944],[136.06281,35.64878],[136.06308,35.64805],[136.06325,35.64761],[136.06344,35.64709],[136.06352,35.64687],[136.06299,35.6467],[136.06282,35.64664],[136.06255,35.64653],[136.06233,35.64644],[136.06221,35.64638],[136.062,35.6463],[136.06184,35.64623],[136.0617,35.64618],[136.06149,35.64609]]]}},{"type":"Feature","properties":{"name":"呉竹町二丁目","setai":144,"jinko":310,"key":"18202029002","units":1,"m":153,"f":157,"gk":5,"a0":35,"a1":190,"a2":78,"a75":39,"ag":[12,9,14,14,11,14,23,12,12,19,31,29,25,18,21,13,12,11,3,0,0],"nf":7},"geometry":{"type":"Polygon","coordinates":[[[136.05879,35.6466],[136.05878,35.64602],[136.05869,35.64602],[136.05762,35.64604],[136.05723,35.64604],[136.05635,35.646],[136.05635,35.64611],[136.05636,35.64657],[136.05636,35.64688],[136.05638,35.64729],[136.05637,35.6475],[136.05638,35.64776],[136.05638,35.64782],[136.05639,35.64823],[136.0564,35.64848],[136.0564,35.64871],[136.05641,35.64915],[136.05642,35.64933],[136.05643,35.64983],[136.05704,35.64984],[136.05748,35.64985],[136.05747,35.65008],[136.05747,35.65031],[136.05788,35.65032],[136.05897,35.65035],[136.05894,35.64986],[136.0589,35.64949],[136.05888,35.64921],[136.05887,35.64902],[136.05884,35.64813],[136.05882,35.64751],[136.0588,35.64714],[136.05879,35.64664],[136.05879,35.6466]]]}},{"type":"Feature","properties":{"name":"中央町一丁目","setai":181,"jinko":318,"key":"18202030001","units":1,"m":169,"f":149,"gk":2,"a0":17,"a1":175,"a2":119,"a75":59,"ag":[9,4,4,12,12,18,11,18,18,22,27,18,19,24,36,26,18,9,5,1,0],"nf":7},"geometry":{"type":"Polygon","coordinates":[[[136.05878,35.64602],[136.05938,35.64602],[136.05975,35.64602],[136.06027,35.64601],[136.06098,35.646],[136.06124,35.646],[136.06107,35.64589],[136.06091,35.64577],[136.06063,35.64553],[136.06024,35.64506],[136.0601,35.64476],[136.05993,35.6443],[136.05985,35.64404],[136.05947,35.64286],[136.05946,35.64283],[136.05937,35.64249],[136.05933,35.64237],[136.0586,35.64234],[136.05824,35.64233],[136.05771,35.64232],[136.05684,35.64227],[136.05651,35.64226],[136.05645,35.64309],[136.05639,35.64309],[136.05638,35.64378],[136.05638,35.64434],[136.05636,35.64482],[136.05635,35.6455],[136.05635,35.646],[136.05723,35.64604],[136.05762,35.64604],[136.05869,35.64602],[136.05878,35.64602]]]}},{"type":"Feature","properties":{"name":"中央町二丁目","setai":589,"jinko":1120,"key":"18202030002","units":1,"m":570,"f":550,"gk":21,"a0":120,"a1":770,"a2":170,"a75":68,"ag":[30,44,46,66,64,41,51,69,88,104,105,105,77,60,42,32,15,16,4,1,0],"nf":60},"geometry":{"type":"Polygon","coordinates":[[[136.05635,35.646],[136.05635,35.6455],[136.05636,35.64482],[136.05638,35.64434],[136.05638,35.64378],[136.05639,35.64309],[136.05645,35.64309],[136.05651,35.64226],[136.05579,35.64222],[136.05496,35.64218],[136.05423,35.64215],[136.05416,35.64215],[136.05207,35.64204],[136.05186,35.64203],[136.0518,35.64202],[136.05023,35.64194],[136.05014,35.64278],[136.0501,35.64345],[136.05006,35.64402],[136.05003,35.64448],[136.04999,35.64501],[136.04995,35.64565],[136.05034,35.64567],[136.05157,35.64574],[136.05162,35.64574],[136.05296,35.64581],[136.05309,35.64581],[136.05459,35.6459],[136.05472,35.64589],[136.05548,35.64596],[136.05635,35.646]]]}},{"type":"Feature","properties":{"name":"松島町","setai":282,"jinko":713,"key":"18202031000","units":1,"m":349,"f":364,"gk":8,"a0":72,"a1":375,"a2":266,"a75":132,"ag":[18,25,29,36,32,18,26,35,49,47,37,50,45,59,75,50,34,29,18,1,0]},"geometry":{"type":"Polygon","coordinates":[[[136.05416,35.65653],[136.05425,35.65652],[136.05434,35.65653],[136.05443,35.65653],[136.05453,35.65655],[136.05462,35.65656],[136.0547,35.65658],[136.05478,35.6566],[136.05486,35.65661],[136.05494,35.65663],[136.05503,35.65663],[136.05512,35.65663],[136.05512,35.65663],[136.05519,35.65662],[136.05523,35.65662],[136.05526,35.65662],[136.05528,35.65663],[136.05532,35.65665],[136.05525,35.65707],[136.05532,35.65707],[136.05539,35.65661],[136.05548,35.6566],[136.05556,35.65659],[136.05566,35.65658],[136.05577,35.65656],[136.05582,35.65656],[136.05589,35.65655],[136.05593,35.65656],[136.05595,35.65657],[136.05595,35.65661],[136.05594,35.65664],[136.05592,35.65686],[136.05597,35.65686],[136.05598,35.65664],[136.05597,35.65663],[136.05598,35.65655],[136.05604,35.65654],[136.05611,35.65654],[136.05618,35.65654],[136.05623,35.65655],[136.05627,35.65655],[136.05634,35.65656],[136.0564,35.65657],[136.05645,35.65658],[136.05648,35.65659],[136.0565,35.6566],[136.05653,35.65661],[136.05658,35.65661],[136.0568,35.65663],[136.05679,35.65673],[136.05678,35.65673],[136.05675,35.65693],[136.0568,35.65693],[136.05683,35.65674],[136.05681,35.65673],[136.05683,35.65663],[136.05685,35.65663],[136.05695,35.65665],[136.05708,35.65666],[136.05721,35.65668],[136.05733,35.65669],[136.05744,35.65671],[136.05751,35.65672],[136.05752,35.65673],[136.05761,35.65676],[136.05759,35.65681],[136.05758,35.65681],[136.05753,35.65701],[136.05758,35.65701],[136.05763,35.65682],[136.05762,35.65681],[136.05763,35.65677],[136.05767,35.65678],[136.05773,35.65679],[136.05779,35.6568],[136.05786,35.65682],[136.05794,35.65685],[136.05794,35.65685],[136.05801,35.65687],[136.05809,35.65689],[136.05816,35.65692],[136.05822,35.65695],[136.05828,35.65698],[136.05833,35.657],[136.05838,35.65702],[136.05844,35.65703],[136.05849,35.65703],[136.05855,35.65703],[136.0586,35.65703],[136.05884,35.65701],[136.05877,35.65751],[136.05876,35.65751],[136.05875,35.65761],[136.05882,35.65761],[136.05883,35.65751],[136.05881,35.65751],[136.05888,35.65701],[136.05891,35.65679],[136.05902,35.6568],[136.05904,35.65668],[136.05896,35.65667],[136.05897,35.65666],[136.05896,35.65665],[136.05896,35.65664],[136.05897,35.65664],[136.05897,35.65662],[136.05896,35.65662],[136.05897,35.65661],[136.05904,35.65663],[136.05907,35.65646],[136.05906,35.65644],[136.05911,35.65628],[136.05914,35.65618],[136.05917,35.65608],[136.05917,35.65607],[136.05922,35.65596],[136.05929,35.65581],[136.05938,35.65563],[136.05948,35.65543],[136.05963,35.65545],[136.05978,35.65548],[136.06023,35.65483],[136.0604,35.65455],[136.06062,35.65428],[136.06081,35.65406],[136.06082,35.65405],[136.06107,35.65345],[136.06129,35.65293],[136.06136,35.65278],[136.06139,35.65271],[136.06116,35.65268],[136.06096,35.65264],[136.06081,35.65262],[136.06065,35.6526],[136.0605,35.65258],[136.06043,35.65257],[136.06031,35.65254],[136.06024,35.65253],[136.06014,35.6525],[136.05996,35.65245],[136.05977,35.6524],[136.05958,35.65236],[136.05932,35.6523],[136.05872,35.65218],[136.05837,35.65214],[136.05813,35.65213],[136.05798,35.65212],[136.05762,35.65212],[136.05749,35.65213],[136.05741,35.65213],[136.05707,35.65214],[136.05622,35.6522],[136.05622,35.6522],[136.05621,35.6522],[136.05621,35.6522],[136.05621,35.6522],[136.05617,35.6522],[136.05513,35.65232],[136.05406,35.65243],[136.05399,35.65251],[136.05391,35.6526],[136.05385,35.65266],[136.05381,35.65272],[136.05374,35.65279],[136.05369,35.65284],[136.05366,35.65291],[136.05364,35.65296],[136.05364,35.65304],[136.05367,35.65319],[136.05333,35.65297],[136.05315,35.65289],[136.05299,35.65284],[136.05282,35.65282],[136.05251,35.65285],[136.05177,35.65289],[136.0514,35.65291],[136.05131,35.65291],[136.05066,35.65295],[136.04983,35.65306],[136.04858,35.65323],[136.04838,35.65327],[136.04786,35.65338],[136.04676,35.65359],[136.04584,35.65375],[136.04586,35.65391],[136.04574,35.65457],[136.04566,35.65499],[136.04557,35.65549],[136.04544,35.65644],[136.0454,35.6567],[136.04522,35.65697],[136.04506,35.65714],[136.0449,35.65734],[136.04482,35.65743],[136.04475,35.65752],[136.04467,35.65762],[136.04454,35.65776],[136.04444,35.65789],[136.04433,35.65801],[136.04418,35.65816],[136.04415,35.6582],[136.04412,35.65822],[136.04409,35.65824],[136.044,35.6583],[136.04404,35.65836],[136.04411,35.65846],[136.04418,35.65855],[136.04426,35.65865],[136.04436,35.65879],[136.04448,35.65895],[136.04461,35.65914],[136.04463,35.65912],[136.04463,35.65911],[136.04425,35.65857],[136.04425,35.65853],[136.04435,35.65846],[136.04444,35.65839],[136.04453,35.65833],[136.04461,35.65827],[136.04468,35.65821],[136.04475,35.65816],[136.04483,35.65811],[136.04491,35.65805],[136.04501,35.658],[136.0451,35.65795],[136.04518,35.65791],[136.04525,35.65787],[136.04532,35.65783],[136.0454,35.65778],[136.0455,35.65774],[136.04559,35.65769],[136.04569,35.65765],[136.04576,35.65761],[136.04582,35.65758],[136.04587,35.65756],[136.04592,35.65754],[136.04598,35.65751],[136.04605,35.65749],[136.04611,35.65747],[136.04618,35.65745],[136.04624,35.65743],[136.04632,35.6574],[136.04641,35.65737],[136.04683,35.65724],[136.047,35.6572],[136.04718,35.65715],[136.04737,35.65711],[136.04757,35.65707],[136.04778,35.65703],[136.04801,35.65699],[136.04825,35.65696],[136.04847,35.65693],[136.04867,35.6569],[136.04886,35.65688],[136.04902,35.65687],[136.04917,35.65685],[136.04934,35.65684],[136.04953,35.65683],[136.04972,35.65682],[136.0499,35.65681],[136.05007,35.6568],[136.05026,35.65678],[136.05045,35.65677],[136.05065,35.65674],[136.05085,35.65672],[136.05107,35.6567],[136.05133,35.65668],[136.05161,35.65666],[136.05169,35.65665],[136.05172,35.65665],[136.05188,35.65664],[136.05211,35.65663],[136.05234,35.65661],[136.05259,35.6566],[136.05287,35.6566],[136.05314,35.65659],[136.05335,35.65658],[136.05353,35.65656],[136.05371,35.65655],[136.05389,35.65654],[136.05405,35.65653],[136.05416,35.65653]]]}},{"type":"Feature","properties":{"name":"松島町二丁目","setai":134,"jinko":317,"key":"18202031002","units":1,"m":161,"f":156,"gk":4,"a0":38,"a1":148,"a2":130,"a75":85,"ag":[9,20,9,7,13,5,13,16,24,16,18,18,18,23,22,21,22,22,15,5,0],"nf":1},"geometry":{"type":"Polygon","coordinates":[[[136.06155,35.65227],[136.06174,35.65177],[136.06197,35.65119],[136.06198,35.65116],[136.06199,35.65112],[136.06144,35.65098],[136.06063,35.65076],[136.06021,35.65065],[136.05999,35.65059],[136.05944,35.65042],[136.05919,35.65037],[136.05897,35.65035],[136.05788,35.65032],[136.05784,35.65065],[136.05772,35.65068],[136.05772,35.65102],[136.05765,35.65098],[136.05754,35.65097],[136.0574,35.65097],[136.0563,35.6512],[136.05626,35.65155],[136.05624,35.6516],[136.05623,35.65165],[136.05621,35.6522],[136.05621,35.6522],[136.05622,35.6522],[136.05622,35.6522],[136.05707,35.65214],[136.05741,35.65213],[136.05749,35.65213],[136.05762,35.65212],[136.05798,35.65212],[136.05813,35.65213],[136.05837,35.65214],[136.05872,35.65218],[136.05932,35.6523],[136.05958,35.65236],[136.05977,35.6524],[136.05996,35.65245],[136.06014,35.6525],[136.06024,35.65253],[136.06031,35.65254],[136.06043,35.65257],[136.0605,35.65258],[136.06065,35.6526],[136.06081,35.65262],[136.06096,35.65264],[136.06116,35.65268],[136.06139,35.65271],[136.0614,35.65269],[136.06146,35.65252],[136.06155,35.65227]]]}},{"type":"Feature","properties":{"name":"鋳物師町","setai":229,"jinko":541,"key":"182020330","units":1,"m":258,"f":283,"gk":5,"a0":67,"a1":304,"a2":166,"a75":92,"ag":[25,24,18,22,21,15,22,41,36,42,31,27,47,34,40,30,24,27,10,0,1],"nf":4},"geometry":{"type":"Polygon","coordinates":[[[136.0563,35.6512],[136.0574,35.65097],[136.05754,35.65097],[136.05765,35.65098],[136.05772,35.65102],[136.05772,35.65068],[136.05784,35.65065],[136.05788,35.65032],[136.05747,35.65031],[136.05747,35.65008],[136.05748,35.64985],[136.05704,35.64984],[136.05643,35.64983],[136.05642,35.64933],[136.05641,35.64915],[136.0564,35.64871],[136.0549,35.64865],[136.05438,35.64863],[136.05395,35.64862],[136.05346,35.64868],[136.0529,35.64874],[136.0522,35.64883],[136.05144,35.64892],[136.051,35.64899],[136.05106,35.64936],[136.05113,35.64983],[136.05117,35.65017],[136.05125,35.65017],[136.05186,35.65011],[136.05227,35.65011],[136.05274,35.65019],[136.05319,35.65027],[136.05366,35.65033],[136.05372,35.65034],[136.05382,35.65064],[136.0538,35.65068],[136.05385,35.65089],[136.05398,35.65127],[136.05406,35.65151],[136.05408,35.65158],[136.05457,35.6515],[136.05453,35.65138],[136.05542,35.65103],[136.05574,35.65133],[136.05587,35.65149],[136.056,35.65157],[136.05611,35.65164],[136.05618,35.65165],[136.05623,35.65165],[136.05624,35.6516],[136.05626,35.65155],[136.0563,35.6512]]]}},{"type":"Feature","properties":{"name":"松原町","setai":306,"jinko":671,"key":"182020340","units":1,"m":324,"f":347,"gk":19,"a0":52,"a1":355,"a2":255,"a75":147,"ag":[13,13,26,31,34,24,22,27,36,42,51,42,46,39,69,54,47,33,8,5,0],"nf":9},"geometry":{"type":"Polygon","coordinates":[[[136.05369,35.65284],[136.05374,35.65279],[136.05381,35.65272],[136.05385,35.65266],[136.05391,35.6526],[136.05399,35.65251],[136.05406,35.65243],[136.05513,35.65232],[136.05617,35.6522],[136.05621,35.6522],[136.05621,35.6522],[136.05623,35.65165],[136.05618,35.65165],[136.05611,35.65164],[136.056,35.65157],[136.05587,35.65149],[136.05574,35.65133],[136.05542,35.65103],[136.05453,35.65138],[136.05457,35.6515],[136.05408,35.65158],[136.05406,35.65151],[136.05398,35.65127],[136.05385,35.65089],[136.0538,35.65068],[136.05382,35.65064],[136.05372,35.65034],[136.05366,35.65033],[136.05319,35.65027],[136.05274,35.65019],[136.05227,35.65011],[136.05186,35.65011],[136.05125,35.65017],[136.05117,35.65017],[136.05078,35.6502],[136.05093,35.65056],[136.05096,35.65078],[136.05102,35.65133],[136.05109,35.6518],[136.05113,35.65212],[136.05131,35.65291],[136.0514,35.65291],[136.05177,35.65289],[136.05251,35.65285],[136.05282,35.65282],[136.05299,35.65284],[136.05315,35.65289],[136.05333,35.65297],[136.05367,35.65319],[136.05364,35.65304],[136.05364,35.65296],[136.05366,35.65291],[136.05369,35.65284]]]}},{"type":"Feature","properties":{"name":"松葉町","setai":559,"jinko":1168,"key":"182020350","units":1,"m":477,"f":691,"gk":10,"a0":121,"a1":663,"a2":381,"a75":194,"ag":[30,46,45,58,78,49,54,53,57,84,84,84,62,86,101,76,66,38,12,2,0],"nf":3},"geometry":{"type":"Polygon","coordinates":[[[136.05102,35.65133],[136.05096,35.65078],[136.05093,35.65056],[136.05078,35.6502],[136.05053,35.64974],[136.05027,35.64929],[136.04996,35.64932],[136.04922,35.64943],[136.04846,35.64955],[136.04808,35.64961],[136.04744,35.64973],[136.04685,35.64986],[136.04661,35.64993],[136.04641,35.64999],[136.0461,35.65011],[136.04513,35.65049],[136.04505,35.65052],[136.04504,35.65055],[136.04502,35.65059],[136.04499,35.65068],[136.04497,35.65074],[136.0451,35.65076],[136.04542,35.65082],[136.04552,35.65081],[136.04555,35.65102],[136.04565,35.65158],[136.04544,35.6516],[136.04444,35.65171],[136.0446,35.65256],[136.04475,35.6534],[136.04481,35.6538],[136.04542,35.65377],[136.04584,35.65375],[136.04676,35.65359],[136.04786,35.65338],[136.04838,35.65327],[136.04858,35.65323],[136.04983,35.65306],[136.05066,35.65295],[136.05131,35.65291],[136.05113,35.65212],[136.05109,35.6518],[136.05102,35.65133]]]}},{"type":"Feature","properties":{"name":"櫛川","setai":1116,"jinko":2556,"key":"182020360","units":1,"m":1311,"f":1245,"gk":26,"a0":366,"a1":1559,"a2":551,"a75":206,"ag":[82,133,151,144,97,110,131,147,206,240,155,165,164,175,170,98,55,38,10,5,0],"nf":80},"geometry":{"type":"Polygon","coordinates":[[[136.04544,35.65644],[136.04557,35.65549],[136.04566,35.65499],[136.04574,35.65457],[136.04586,35.65391],[136.04584,35.65375],[136.04542,35.65377],[136.04481,35.6538],[136.04475,35.6534],[136.0446,35.65256],[136.04444,35.65171],[136.04544,35.6516],[136.04565,35.65158],[136.04555,35.65102],[136.04552,35.65081],[136.04542,35.65082],[136.0451,35.65076],[136.04497,35.65074],[136.04499,35.65068],[136.04502,35.65059],[136.04504,35.65055],[136.04505,35.65052],[136.04513,35.65049],[136.04529,35.65],[136.04549,35.64947],[136.04552,35.64939],[136.0454,35.64877],[136.04534,35.64832],[136.0452,35.64774],[136.04516,35.64745],[136.04519,35.64685],[136.04525,35.64603],[136.04531,35.64547],[136.0451,35.64548],[136.04465,35.64546],[136.04425,35.64544],[136.04399,35.64543],[136.04339,35.6454],[136.04323,35.64539],[136.04237,35.64534],[136.04225,35.64533],[136.0415,35.64528],[136.04075,35.64525],[136.04035,35.64523],[136.04012,35.64523],[136.03725,35.6451],[136.03725,35.6451],[136.03368,35.64493],[136.03281,35.6449],[136.03309,35.64544],[136.03329,35.64579],[136.03342,35.64605],[136.03352,35.64629],[136.03359,35.64649],[136.03358,35.64674],[136.03348,35.64695],[136.03332,35.64716],[136.03318,35.64727],[136.0331,35.64737],[136.03301,35.64748],[136.03295,35.64768],[136.03289,35.64788],[136.03284,35.64824],[136.03283,35.64857],[136.03281,35.64886],[136.03283,35.64903],[136.03285,35.64916],[136.03292,35.64931],[136.03306,35.64947],[136.03317,35.64956],[136.03332,35.64966],[136.03343,35.64974],[136.03353,35.64985],[136.0336,35.64995],[136.03367,35.65005],[136.03378,35.65013],[136.03393,35.65024],[136.03405,35.65029],[136.03421,35.65036],[136.03436,35.65039],[136.03446,35.65041],[136.03457,35.65045],[136.03472,35.65051],[136.03483,35.65061],[136.03498,35.65088],[136.03506,35.65103],[136.03508,35.65106],[136.0352,35.65128],[136.03527,35.65153],[136.0353,35.65163],[136.03536,35.65177],[136.03538,35.65184],[136.03549,35.65201],[136.0356,35.65204],[136.0358,35.6521],[136.03599,35.65216],[136.03616,35.6522],[136.03634,35.65224],[136.03648,35.65227],[136.0367,35.65228],[136.03683,35.65228],[136.03698,35.65227],[136.03714,35.65225],[136.03724,35.65226],[136.03739,35.65223],[136.03756,35.65222],[136.03777,35.65222],[136.03795,35.65224],[136.03811,35.65225],[136.03834,35.65227],[136.03846,35.65228],[136.03869,35.65231],[136.03854,35.65241],[136.03841,35.65316],[136.0385,35.65342],[136.03856,35.65356],[136.03872,35.65392],[136.03878,35.65403],[136.0388,35.65426],[136.03876,35.6544],[136.0387,35.65453],[136.03869,35.65457],[136.03868,35.65464],[136.03866,35.65479],[136.03866,35.65486],[136.03868,35.65493],[136.03871,35.65503],[136.03874,35.65508],[136.03879,35.65514],[136.03888,35.65523],[136.03899,35.65532],[136.03915,35.65544],[136.03929,35.65554],[136.03957,35.65571],[136.03963,35.65576],[136.03969,35.6558],[136.0397,35.65581],[136.03977,35.65586],[136.03983,35.65589],[136.03992,35.65595],[136.04001,35.65598],[136.0401,35.656],[136.04021,35.65602],[136.04029,35.65602],[136.04041,35.65602],[136.04054,35.65601],[136.04063,35.65601],[136.0407,35.656],[136.0407,35.656],[136.04101,35.65596],[136.04112,35.65594],[136.04123,35.65594],[136.04157,35.65597],[136.0417,35.65599],[136.0418,35.65603],[136.04189,35.65608],[136.04205,35.65619],[136.04212,35.65625],[136.04211,35.65627],[136.04216,35.65629],[136.04216,35.6563],[136.04222,35.65636],[136.04227,35.65644],[136.04232,35.65651],[136.04236,35.65657],[136.04242,35.65663],[136.04246,35.6567],[136.0425,35.65676],[136.04256,35.65684],[136.04263,35.65691],[136.04269,35.65699],[136.04274,35.65704],[136.04278,35.65708],[136.04281,35.65713],[136.04287,35.65718],[136.04293,35.65723],[136.043,35.65731],[136.04308,35.65738],[136.04316,35.65746],[136.04325,35.65754],[136.04337,35.65766],[136.04351,35.65781],[136.04359,35.65792],[136.04362,35.65797],[136.04363,35.658],[136.04365,35.65803],[136.04368,35.65806],[136.04371,35.65812],[136.04375,35.6582],[136.0438,35.65831],[136.04383,35.65839],[136.044,35.6583],[136.04409,35.65824],[136.04412,35.65822],[136.04415,35.6582],[136.04418,35.65816],[136.04433,35.65801],[136.04444,35.65789],[136.04454,35.65776],[136.04467,35.65762],[136.04475,35.65752],[136.04482,35.65743],[136.0449,35.65734],[136.04506,35.65714],[136.04522,35.65697],[136.0454,35.6567],[136.04544,35.65644]]]}},{"type":"Feature","properties":{"name":"永大町","setai":0,"jinko":0,"key":"182020370","units":1,"m":0,"f":0,"gk":0,"a0":0,"a1":0,"a2":0,"a75":0,"ag":[0,0,0,0,0,0,0,0,0,0,0,0,0,0,0,0,0,0,0,0,0]},"geometry":{"type":"Polygon","coordinates":[[[136.0407,35.656],[136.04063,35.65601],[136.04054,35.65601],[136.04041,35.65602],[136.04029,35.65602],[136.04021,35.65602],[136.0401,35.656],[136.04001,35.65598],[136.03992,35.65595],[136.03983,35.65589],[136.03977,35.65586],[136.0397,35.65581],[136.03969,35.6558],[136.03963,35.65576],[136.03957,35.65571],[136.03929,35.65554],[136.03915,35.65544],[136.03899,35.65532],[136.03888,35.65523],[136.03879,35.65514],[136.03874,35.65508],[136.03871,35.65503],[136.03868,35.65493],[136.03866,35.65486],[136.03866,35.65479],[136.03868,35.65464],[136.03869,35.65457],[136.0387,35.65453],[136.03845,35.65442],[136.03832,35.65435],[136.03812,35.65427],[136.03772,35.65416],[136.03728,35.65404],[136.03714,35.65402],[136.03675,35.654],[136.03661,35.65402],[136.03568,35.65414],[136.03495,35.65426],[136.03468,35.65429],[136.03476,35.65457],[136.03482,35.65515],[136.03481,35.65539],[136.0348,35.65552],[136.03476,35.65578],[136.03471,35.65598],[136.03463,35.65619],[136.03445,35.65651],[136.03423,35.65685],[136.03411,35.65704],[136.03406,35.6571],[136.03407,35.6571],[136.03402,35.65717],[136.03392,35.65725],[136.03387,35.65731],[136.03384,35.65736],[136.03384,35.6574],[136.03384,35.65747],[136.03382,35.65752],[136.03376,35.65757],[136.03374,35.65765],[136.03377,35.65779],[136.03381,35.65784],[136.0339,35.65787],[136.03401,35.65789],[136.03411,35.65795],[136.03412,35.65805],[136.03407,35.65829],[136.03402,35.6584],[136.03385,35.65858],[136.03373,35.65873],[136.03368,35.65885],[136.03369,35.65893],[136.03372,35.65902],[136.03379,35.65909],[136.03388,35.65912],[136.03402,35.65914],[136.03415,35.65909],[136.03432,35.65897],[136.03452,35.65878],[136.03467,35.65867],[136.03482,35.65865],[136.03509,35.65865],[136.03524,35.65868],[136.03544,35.65873],[136.03587,35.6589],[136.03611,35.65906],[136.0362,35.65918],[136.0363,35.65927],[136.03641,35.65937],[136.0366,35.65946],[136.03681,35.65949],[136.03698,35.6595],[136.03722,35.65951],[136.03745,35.65957],[136.03772,35.65968],[136.03798,35.65983],[136.03828,35.66002],[136.03849,35.66022],[136.03865,35.66044],[136.03874,35.66057],[136.03881,35.6607],[136.03886,35.66083],[136.03892,35.66094],[136.039,35.66099],[136.03915,35.66099],[136.03918,35.66095],[136.03922,35.66085],[136.0392,35.66068],[136.03927,35.66061],[136.03939,35.66057],[136.0395,35.66057],[136.03963,35.66057],[136.03971,35.66053],[136.03973,35.66044],[136.03969,35.66031],[136.03973,35.66024],[136.03984,35.66022],[136.04009,35.66023],[136.04032,35.66024],[136.04044,35.66022],[136.04056,35.66013],[136.04066,35.66],[136.04067,35.65984],[136.04066,35.65957],[136.0406,35.65929],[136.04051,35.65907],[136.04034,35.65881],[136.04016,35.65872],[136.03995,35.65862],[136.03953,35.65844],[136.03934,35.6583],[136.03922,35.65817],[136.03916,35.65797],[136.03913,35.65781],[136.03918,35.6577],[136.0392,35.65751],[136.03929,35.65731],[136.03955,35.65715],[136.03979,35.657],[136.03991,35.65689],[136.04001,35.65676],[136.04011,35.65663],[136.04023,35.6564],[136.04035,35.65629],[136.04045,35.65624],[136.04058,35.65621],[136.04071,35.6562],[136.0407,35.656]]]}},{"type":"Feature","properties":{"name":"原","setai":32,"jinko":85,"key":"182020380","units":1,"m":43,"f":42,"gk":0,"a0":4,"a1":45,"a2":36,"a75":21,"ag":[0,0,4,2,1,4,6,2,2,3,4,12,9,11,4,1,9,7,3,0,1]},"geometry":{"type":"Polygon","coordinates":[[[136.02578,35.66434],[136.02626,35.66432],[136.02685,35.6645],[136.02707,35.66462],[136.02731,35.66466],[136.02749,35.66475],[136.02757,35.66475],[136.02768,35.66478],[136.02804,35.6649],[136.02867,35.66505],[136.02919,35.66522],[136.02924,35.66524],[136.02969,35.66543],[136.03016,35.66562],[136.03075,35.66581],[136.03131,35.66594],[136.03171,35.66597],[136.03196,35.66601],[136.03245,35.66604],[136.03308,35.66602],[136.03368,35.66595],[136.03432,35.66579],[136.03484,35.66564],[136.03519,35.66551],[136.03553,35.6653],[136.03602,35.66507],[136.03671,35.66475],[136.03695,35.66461],[136.03743,35.66446],[136.03744,35.66445],[136.0378,35.66432],[136.03816,35.66424],[136.03858,35.66411],[136.03896,35.66401],[136.03925,35.66389],[136.03961,35.66376],[136.03983,35.66366],[136.04017,35.66357],[136.04057,35.66348],[136.04077,35.66345],[136.04095,35.66343],[136.04108,35.66335],[136.04127,35.66327],[136.04175,35.66318],[136.04265,35.66317],[136.0433,35.66311],[136.04424,35.66307],[136.04439,35.6631],[136.04446,35.66315],[136.04449,35.66323],[136.04456,35.66329],[136.04464,35.66335],[136.04474,35.66338],[136.04552,35.66344],[136.04551,35.66339],[136.0455,35.66334],[136.04548,35.66329],[136.04546,35.66324],[136.04545,35.66319],[136.04542,35.66315],[136.0454,35.66314],[136.04538,35.66312],[136.04533,35.66309],[136.04529,35.66307],[136.04528,35.66306],[136.04527,35.66304],[136.04527,35.66303],[136.04528,35.66301],[136.04529,35.66299],[136.04529,35.66297],[136.04529,35.66296],[136.04529,35.66294],[136.04528,35.66294],[136.04525,35.66293],[136.04521,35.66292],[136.04518,35.66291],[136.04517,35.6629],[136.04516,35.66289],[136.04516,35.66288],[136.04516,35.66286],[136.04515,35.66285],[136.04515,35.66284],[136.04514,35.66282],[136.04513,35.66279],[136.04513,35.66276],[136.04513,35.66275],[136.04513,35.66275],[136.04515,35.66275],[136.04518,35.66275],[136.04523,35.66277],[136.04527,35.66278],[136.04529,35.66278],[136.0453,35.66278],[136.0453,35.66276],[136.04528,35.66274],[136.04527,35.66271],[136.04525,35.66268],[136.04524,35.66265],[136.04522,35.66264],[136.04519,35.66263],[136.04515,35.66262],[136.04511,35.66261],[136.04507,35.66259],[136.04504,35.66257],[136.045,35.66255],[136.04496,35.66252],[136.04492,35.66249],[136.04487,35.66246],[136.04482,35.66244],[136.04477,35.66243],[136.04473,35.66242],[136.04472,35.66241],[136.04468,35.66238],[136.04465,35.66235],[136.04462,35.66232],[136.04458,35.6623],[136.04456,35.6623],[136.04452,35.66229],[136.04448,35.66228],[136.04446,35.66227],[136.04445,35.66227],[136.04444,35.66226],[136.04443,35.66224],[136.04443,35.66221],[136.04442,35.66219],[136.0444,35.66218],[136.04438,35.66217],[136.04435,35.66217],[136.04432,35.66217],[136.04429,35.66217],[136.04419,35.66211],[136.04415,35.66209],[136.04413,35.66207],[136.04411,35.66205],[136.04409,35.66203],[136.04406,35.662],[136.04403,35.66196],[136.04399,35.66191],[136.04396,35.66186],[136.04393,35.66181],[136.0439,35.66176],[136.04388,35.66171],[136.04385,35.66165],[136.04383,35.66158],[136.04381,35.66153],[136.0438,35.66148],[136.04378,35.66144],[136.04376,35.66137],[136.04372,35.66128],[136.04368,35.66117],[136.044,35.66106],[136.04398,35.66101],[136.04366,35.66112],[136.0436,35.66107],[136.04357,35.66105],[136.04355,35.66103],[136.04352,35.66102],[136.04367,35.66096],[136.04351,35.66071],[136.04359,35.66067],[136.04354,35.6606],[136.0435,35.66055],[136.04347,35.66049],[136.04344,35.66043],[136.04341,35.66037],[136.04339,35.66031],[136.04336,35.66025],[136.04334,35.6602],[136.0432,35.65994],[136.04321,35.65994],[136.04322,35.65994],[136.04322,35.65994],[136.04323,35.65993],[136.04323,35.65993],[136.04324,35.65993],[136.04325,35.65992],[136.04326,35.65991],[136.04327,35.65989],[136.04328,35.65988],[136.0433,35.65986],[136.04333,35.65984],[136.04337,35.65982],[136.04342,35.6598],[136.04348,35.65978],[136.04354,35.65975],[136.04362,35.65972],[136.04371,35.65968],[136.04422,35.65945],[136.04437,35.65966],[136.04444,35.65963],[136.04435,35.65948],[136.04425,35.65933],[136.04383,35.65869],[136.04373,35.65854],[136.04404,35.65836],[136.044,35.6583],[136.04383,35.65839],[136.0438,35.65831],[136.04375,35.6582],[136.04371,35.65812],[136.04368,35.65806],[136.04365,35.65803],[136.04363,35.658],[136.04362,35.65797],[136.04359,35.65792],[136.04351,35.65781],[136.04337,35.65766],[136.04325,35.65754],[136.04316,35.65746],[136.04308,35.65738],[136.043,35.65731],[136.04293,35.65723],[136.04287,35.65718],[136.04281,35.65713],[136.04278,35.65708],[136.04274,35.65704],[136.04269,35.65699],[136.04263,35.65691],[136.04256,35.65684],[136.0425,35.65676],[136.04246,35.6567],[136.04242,35.65663],[136.04236,35.65657],[136.04232,35.65651],[136.04227,35.65644],[136.04222,35.65636],[136.04216,35.6563],[136.04216,35.65629],[136.04211,35.65627],[136.04212,35.65625],[136.04205,35.65619],[136.04189,35.65608],[136.0418,35.65603],[136.0417,35.65599],[136.04157,35.65597],[136.04123,35.65594],[136.04112,35.65594],[136.04101,35.65596],[136.0407,35.656],[136.0407,35.656],[136.04071,35.6562],[136.04058,35.65621],[136.04045,35.65624],[136.04035,35.65629],[136.04023,35.6564],[136.04011,35.65663],[136.04001,35.65676],[136.03991,35.65689],[136.03979,35.657],[136.03955,35.65715],[136.03929,35.65731],[136.0392,35.65751],[136.03918,35.6577],[136.03913,35.65781],[136.03916,35.65797],[136.03922,35.65817],[136.03934,35.6583],[136.03953,35.65844],[136.03995,35.65862],[136.04016,35.65872],[136.04034,35.65881],[136.04051,35.65907],[136.0406,35.65929],[136.04066,35.65957],[136.04067,35.65984],[136.04066,35.66],[136.04056,35.66013],[136.04044,35.66022],[136.04032,35.66024],[136.04009,35.66023],[136.03984,35.66022],[136.03973,35.66024],[136.03969,35.66031],[136.03973,35.66044],[136.03971,35.66053],[136.03963,35.66057],[136.0395,35.66057],[136.03939,35.66057],[136.03927,35.66061],[136.0392,35.66068],[136.03922,35.66085],[136.03918,35.66095],[136.03915,35.66099],[136.039,35.66099],[136.03892,35.66094],[136.03886,35.66083],[136.03881,35.6607],[136.03874,35.66057],[136.03865,35.66044],[136.03849,35.66022],[136.03828,35.66002],[136.03798,35.65983],[136.03772,35.65968],[136.03745,35.65957],[136.03722,35.65951],[136.03698,35.6595],[136.03681,35.65949],[136.0366,35.65946],[136.03641,35.65937],[136.0363,35.65927],[136.0362,35.65918],[136.03611,35.65906],[136.03587,35.6589],[136.03544,35.65873],[136.03524,35.65868],[136.03509,35.65865],[136.03482,35.65865],[136.03467,35.65867],[136.03452,35.65878],[136.03432,35.65897],[136.03415,35.65909],[136.03402,35.65914],[136.03388,35.65912],[136.03379,35.65909],[136.03372,35.65902],[136.03369,35.65893],[136.03368,35.65885],[136.03373,35.65873],[136.03385,35.65858],[136.03402,35.6584],[136.03407,35.65829],[136.03412,35.65805],[136.03411,35.65795],[136.03401,35.65789],[136.0339,35.65787],[136.03381,35.65784],[136.03377,35.65779],[136.03374,35.65765],[136.03376,35.65757],[136.03382,35.65752],[136.03384,35.65747],[136.03384,35.6574],[136.03384,35.65736],[136.03387,35.65731],[136.03392,35.65725],[136.03402,35.65717],[136.03407,35.6571],[136.03406,35.6571],[136.03411,35.65704],[136.03423,35.65685],[136.03445,35.65651],[136.03463,35.65619],[136.03471,35.65598],[136.03476,35.65578],[136.0348,35.65552],[136.03481,35.65539],[136.03482,35.65515],[136.03476,35.65457],[136.03468,35.65429],[136.03495,35.65426],[136.03568,35.65414],[136.03661,35.65402],[136.03675,35.654],[136.03714,35.65402],[136.03728,35.65404],[136.03772,35.65416],[136.03812,35.65427],[136.03832,35.65435],[136.03845,35.65442],[136.0387,35.65453],[136.03876,35.6544],[136.0388,35.65426],[136.03878,35.65403],[136.03872,35.65392],[136.03856,35.65356],[136.0385,35.65342],[136.03841,35.65316],[136.03854,35.65241],[136.03869,35.65231],[136.03846,35.65228],[136.03834,35.65227],[136.03811,35.65225],[136.03795,35.65224],[136.03777,35.65222],[136.03756,35.65222],[136.03739,35.65223],[136.03724,35.65226],[136.03714,35.65225],[136.03698,35.65227],[136.03683,35.65228],[136.0367,35.65228],[136.03648,35.65227],[136.03634,35.65224],[136.03616,35.6522],[136.03599,35.65216],[136.0358,35.6521],[136.0356,35.65204],[136.03549,35.65201],[136.03538,35.65199],[136.0353,35.65199],[136.03519,35.65196],[136.03507,35.65197],[136.03496,35.65198],[136.03481,35.652],[136.0347,35.65201],[136.03457,35.65203],[136.03449,35.65204],[136.03442,35.65207],[136.0344,35.65211],[136.03438,35.65216],[136.0344,35.65221],[136.03441,35.65231],[136.0344,35.65237],[136.03438,35.6524],[136.03435,35.65242],[136.03423,35.65244],[136.03411,35.65239],[136.03388,35.65225],[136.03378,35.65217],[136.03367,35.65207],[136.03323,35.65159],[136.03316,35.65154],[136.03305,35.65148],[136.03287,35.65145],[136.03267,35.65146],[136.03259,35.65149],[136.03244,35.6516],[136.0323,35.65172],[136.03214,35.65181],[136.03198,35.65182],[136.03178,35.65182],[136.03133,35.65172],[136.03107,35.65166],[136.03072,35.65159],[136.03025,35.65149],[136.02971,35.65139],[136.02953,35.65135],[136.02945,35.65131],[136.02936,35.65122],[136.02926,35.65114],[136.02916,35.65107],[136.02905,35.65104],[136.02888,35.65104],[136.02876,35.65105],[136.02861,35.65107],[136.02842,35.65111],[136.02827,35.65113],[136.02817,35.65114],[136.02807,35.65113],[136.02798,35.6511],[136.02787,35.6511],[136.02773,35.65112],[136.0276,35.65115],[136.02746,35.6512],[136.02734,35.65124],[136.02716,35.6513],[136.02706,35.65133],[136.02694,35.65136],[136.02683,35.65136],[136.02674,35.65137],[136.02667,35.65139],[136.02655,35.65142],[136.02642,35.65149],[136.02628,35.65154],[136.02621,35.65155],[136.02616,35.65154],[136.02608,35.65153],[136.02584,35.65148],[136.02554,35.65144],[136.02543,35.65144],[136.02534,35.65145],[136.02524,35.65147],[136.02519,35.6515],[136.02508,35.65155],[136.02494,35.65162],[136.02478,35.65168],[136.02467,35.65173],[136.02462,35.65175],[136.02455,35.6518],[136.02451,35.65185],[136.02445,35.65191],[136.02439,35.65197],[136.02434,35.652],[136.02404,35.65226],[136.02403,35.65246],[136.02397,35.65269],[136.02394,35.65288],[136.02391,35.65298],[136.0239,35.65308],[136.02393,35.65324],[136.024,35.6536],[136.02402,35.65396],[136.02402,35.65431],[136.02396,35.65465],[136.02392,35.65493],[136.0239,35.65521],[136.02382,35.65555],[136.02366,35.65596],[136.02324,35.65648],[136.02316,35.65655],[136.02306,35.65662],[136.02297,35.65665],[136.02286,35.65668],[136.02284,35.65668],[136.02279,35.65669],[136.02256,35.65669],[136.0213,35.65669],[136.02096,35.65673],[136.01969,35.65676],[136.01926,35.65674],[136.01877,35.65668],[136.01834,35.6566],[136.0174,35.65631],[136.01695,35.65611],[136.01648,35.65576],[136.0156,35.65508],[136.01492,35.65446],[136.0149,35.65432],[136.01501,35.65387],[136.015,35.65368],[136.015,35.65358],[136.01498,35.65344],[136.01494,35.65341],[136.01486,35.65338],[136.01485,35.65338],[136.01478,35.65338],[136.01469,35.65341],[136.01462,35.65344],[136.01456,35.65349],[136.01448,35.65351],[136.01443,35.6535],[136.01435,35.6535],[136.0143,35.65353],[136.0142,35.65354],[136.0141,35.65353],[136.01405,35.65348],[136.01406,35.65341],[136.01408,35.65334],[136.01412,35.6532],[136.01412,35.65307],[136.01406,35.65299],[136.01398,35.65295],[136.01385,35.65292],[136.01373,35.6529],[136.0136,35.65286],[136.01352,35.65281],[136.01349,35.65274],[136.01347,35.65264],[136.01347,35.65252],[136.01348,35.65239],[136.01352,35.65231],[136.01359,35.65226],[136.01369,35.65214],[136.01376,35.65198],[136.01378,35.65182],[136.01376,35.65171],[136.01372,35.65164],[136.01373,35.65159],[136.01376,35.65155],[136.01377,35.65153],[136.01382,35.65148],[136.01393,35.65144],[136.01402,35.65143],[136.01406,35.65138],[136.01407,35.65132],[136.01408,35.65128],[136.01409,35.65124],[136.01412,35.65121],[136.01418,35.6512],[136.01423,35.65123],[136.01424,35.65123],[136.0143,35.65128],[136.01435,35.65132],[136.01442,35.65133],[136.01447,35.65131],[136.01455,35.65126],[136.01455,35.65126],[136.01463,35.65122],[136.01468,35.6512],[136.01471,35.65114],[136.01469,35.65108],[136.0147,35.65101],[136.01473,35.65095],[136.01478,35.65091],[136.01482,35.6509],[136.0149,35.65089],[136.01499,35.65089],[136.01506,35.65085],[136.0151,35.6508],[136.01516,35.65069],[136.01523,35.65056],[136.0153,35.65048],[136.01535,35.65044],[136.01545,35.6504],[136.01545,35.6504],[136.01547,35.65038],[136.01592,35.65038],[136.01607,35.65035],[136.01633,35.65005],[136.01643,35.6499],[136.01657,35.6497],[136.01668,35.64961],[136.01683,35.64938],[136.0169,35.64924],[136.01695,35.64912],[136.01698,35.64901],[136.01664,35.64861],[136.0164,35.64838],[136.01633,35.64804],[136.0163,35.64792],[136.01625,35.64787],[136.01617,35.64784],[136.01607,35.64784],[136.016,35.64787],[136.01591,35.6479],[136.01575,35.648],[136.01561,35.6481],[136.01548,35.64817],[136.01542,35.64819],[136.01539,35.64822],[136.01538,35.64824],[136.01534,35.64828],[136.01531,35.64836],[136.01528,35.64846],[136.01529,35.64853],[136.01531,35.6486],[136.01528,35.64878],[136.01514,35.64882],[136.01505,35.64883],[136.01487,35.64889],[136.01477,35.64898],[136.01471,35.64908],[136.01467,35.64913],[136.01462,35.64919],[136.01456,35.64926],[136.01449,35.64932],[136.01437,35.64949],[136.01433,35.64959],[136.01425,35.6497],[136.01417,35.64978],[136.01409,35.64981],[136.01399,35.6498],[136.01382,35.64978],[136.0137,35.64974],[136.01357,35.64967],[136.0134,35.64962],[136.01297,35.64958],[136.01264,35.64969],[136.01219,35.65007],[136.01209,35.65014],[136.012,35.65017],[136.01194,35.65022],[136.01187,35.65026],[136.01179,35.65029],[136.01172,35.6503],[136.01166,35.65026],[136.01161,35.65021],[136.01153,35.65003],[136.01128,35.64987],[136.01086,35.64983],[136.01041,35.64986],[136.01035,35.64986],[136.0103,35.64987],[136.01025,35.64991],[136.0102,35.64995],[136.01013,35.65004],[136.01013,35.65005],[136.00989,35.65005],[136.00963,35.64999],[136.00938,35.64993],[136.00863,35.64968],[136.00855,35.64965],[136.0083,35.64956],[136.00811,35.64945],[136.00804,35.64935],[136.00802,35.64926],[136.00805,35.64919],[136.00816,35.64915],[136.00831,35.64907],[136.0085,35.64898],[136.00866,35.64893],[136.00886,35.64889],[136.00942,35.6488],[136.00956,35.64879],[136.01055,35.6488],[136.01068,35.64881],[136.01101,35.64881],[136.012,35.64878],[136.01225,35.64866],[136.01232,35.64863],[136.01244,35.6486],[136.01256,35.64853],[136.01271,35.64847],[136.01285,35.64847],[136.01305,35.64842],[136.01316,35.64837],[136.01322,35.64824],[136.01327,35.64799],[136.01336,35.64788],[136.01346,35.6478],[136.01353,35.64768],[136.01356,35.64754],[136.01363,35.64738],[136.01368,35.64721],[136.01376,35.64699],[136.01384,35.64688],[136.01394,35.64686],[136.01401,35.64683],[136.01406,35.64676],[136.01407,35.64667],[136.01406,35.6466],[136.01401,35.64656],[136.01394,35.6465],[136.01376,35.64646],[136.01358,35.64641],[136.01345,35.64632],[136.01331,35.64621],[136.01325,35.64612],[136.01324,35.64603],[136.01328,35.64596],[136.01332,35.64589],[136.01333,35.64581],[136.01333,35.64574],[136.01332,35.64564],[136.01329,35.64558],[136.01333,35.64552],[136.01337,35.64549],[136.01342,35.64549],[136.01348,35.64553],[136.01351,35.64554],[136.01363,35.64558],[136.0138,35.64563],[136.01423,35.64564],[136.01435,35.6456],[136.01442,35.64556],[136.01443,35.64552],[136.01444,35.6455],[136.0144,35.64545],[136.01437,35.64536],[136.01434,35.64528],[136.01434,35.64522],[136.01436,35.64519],[136.01439,35.64514],[136.01442,35.64509],[136.01444,35.64502],[136.0144,35.64492],[136.01431,35.64483],[136.01424,35.64475],[136.01422,35.64467],[136.01424,35.64461],[136.01427,35.64457],[136.01432,35.64454],[136.01441,35.64451],[136.0145,35.6445],[136.01464,35.64446],[136.01478,35.64439],[136.01487,35.64433],[136.01497,35.6443],[136.01508,35.64426],[136.0152,35.64421],[136.01531,35.64418],[136.01535,35.64417],[136.01546,35.64418],[136.01547,35.64418],[136.01553,35.64416],[136.01559,35.64415],[136.01564,35.64408],[136.0157,35.64402],[136.01573,35.644],[136.01579,35.64398],[136.01588,35.64396],[136.01593,35.64395],[136.01597,35.64391],[136.01596,35.64386],[136.01596,35.64384],[136.01595,35.64379],[136.01596,35.64368],[136.01592,35.64363],[136.01591,35.64362],[136.01588,35.64359],[136.0158,35.64354],[136.01572,35.64348],[136.01569,35.64341],[136.01566,35.64327],[136.0156,35.64268],[136.01543,35.64256],[136.01526,35.64253],[136.01497,35.64254],[136.0149,35.64254],[136.01488,35.64253],[136.01479,35.64252],[136.01471,35.64249],[136.0146,35.64248],[136.0145,35.64251],[136.01422,35.64257],[136.01387,35.64267],[136.0137,35.64267],[136.01339,35.64264],[136.01306,35.64267],[136.01292,35.64273],[136.01281,35.64277],[136.01273,35.64285],[136.01262,35.64293],[136.01253,35.64304],[136.01247,35.64308],[136.01244,35.64311],[136.01235,35.64317],[136.01233,35.64317],[136.01225,35.64319],[136.0121,35.6432],[136.01213,35.64319],[136.01177,35.64328],[136.01165,35.64338],[136.01164,35.6434],[136.01157,35.64347],[136.01151,35.64351],[136.01146,35.64351],[136.01138,35.6435],[136.01127,35.64344],[136.01114,35.64347],[136.01106,35.64348],[136.011,35.64347],[136.01096,35.64346],[136.01096,35.64344],[136.01094,35.6434],[136.01091,35.64336],[136.01087,35.64333],[136.01079,35.64329],[136.01068,35.64323],[136.01058,35.64315],[136.01054,35.64308],[136.01054,35.64307],[136.01055,35.64302],[136.01058,35.64299],[136.01062,35.64296],[136.01072,35.64293],[136.01079,35.6429],[136.01086,35.64284],[136.01091,35.6428],[136.01097,35.64277],[136.01103,35.64276],[136.01107,35.64275],[136.01111,35.64273],[136.01114,35.6427],[136.01119,35.64265],[136.01127,35.64257],[136.01133,35.64251],[136.01138,35.64246],[136.01144,35.64244],[136.01154,35.64244],[136.01162,35.64243],[136.0117,35.64241],[136.01176,35.64235],[136.01185,35.6423],[136.01194,35.64225],[136.01202,35.64222],[136.01209,35.64211],[136.01213,35.64207],[136.01213,35.642],[136.01217,35.64184],[136.01236,35.64163],[136.01242,35.64138],[136.01242,35.64123],[136.01248,35.64108],[136.01247,35.64102],[136.0123,35.6409],[136.01222,35.64076],[136.01219,35.64064],[136.0122,35.64061],[136.01224,35.64058],[136.01231,35.64057],[136.0124,35.64056],[136.01249,35.64055],[136.01257,35.64053],[136.01265,35.64047],[136.01274,35.64037],[136.01279,35.64035],[136.01286,35.64034],[136.01294,35.64034],[136.01303,35.64031],[136.01314,35.64025],[136.01324,35.64018],[136.01332,35.64008],[136.01334,35.63999],[136.0133,35.63995],[136.01321,35.63991],[136.0131,35.63988],[136.01299,35.63989],[136.01287,35.63992],[136.01277,35.63997],[136.01264,35.64004],[136.01255,35.64005],[136.01247,35.64005],[136.0124,35.64004],[136.01231,35.64001],[136.01221,35.64002],[136.01215,35.64003],[136.01215,35.64003],[136.01214,35.64003],[136.01211,35.64004],[136.01201,35.64007],[136.01193,35.64009],[136.01183,35.64007],[136.01169,35.64006],[136.0116,35.64002],[136.01149,35.63997],[136.01137,35.63993],[136.01128,35.63994],[136.01114,35.63996],[136.01104,35.63995],[136.01094,35.63994],[136.01088,35.63994],[136.01081,35.6399],[136.01074,35.63988],[136.01069,35.63988],[136.01061,35.63986],[136.01055,35.63982],[136.01053,35.63974],[136.01052,35.63964],[136.01052,35.63951],[136.01057,35.63941],[136.01061,35.63936],[136.01066,35.63934],[136.01072,35.63932],[136.01082,35.63932],[136.01092,35.63934],[136.01099,35.63933],[136.01109,35.6393],[136.0112,35.63921],[136.01127,35.6391],[136.01131,35.639],[136.01131,35.63885],[136.01128,35.63875],[136.01128,35.63866],[136.01128,35.63861],[136.01132,35.63858],[136.01136,35.63854],[136.0114,35.63853],[136.01146,35.63852],[136.01153,35.63852],[136.01158,35.63854],[136.01176,35.6387],[136.01183,35.63873],[136.01188,35.63872],[136.01192,35.63871],[136.01197,35.63866],[136.01197,35.63862],[136.01196,35.63844],[136.01198,35.63839],[136.01203,35.63834],[136.01214,35.63832],[136.01217,35.63795],[136.01218,35.63792],[136.01222,35.63791],[136.01237,35.63791],[136.01254,35.63789],[136.01258,35.63786],[136.01262,35.63783],[136.01264,35.63777],[136.01263,35.63771],[136.01258,35.63766],[136.01246,35.63759],[136.01228,35.6375],[136.01222,35.63745],[136.01221,35.63741],[136.01222,35.63736],[136.01225,35.6373],[136.01231,35.63727],[136.01257,35.6372],[136.01275,35.63714],[136.01283,35.63707],[136.01287,35.63699],[136.01291,35.6369],[136.01294,35.63685],[136.01294,35.63678],[136.01288,35.63661],[136.01282,35.6365],[136.01279,35.63642],[136.01278,35.63632],[136.01277,35.63618],[136.0128,35.63611],[136.0128,35.63607],[136.01279,35.63603],[136.01274,35.63594],[136.01269,35.63585],[136.01268,35.63576],[136.01269,35.6357],[136.01272,35.63566],[136.01278,35.63563],[136.0129,35.63562],[136.01305,35.6356],[136.01315,35.63557],[136.01319,35.63551],[136.01321,35.63541],[136.01321,35.63529],[136.01315,35.63496],[136.0131,35.63477],[136.01305,35.63463],[136.01298,35.63451],[136.01293,35.63442],[136.01287,35.63434],[136.01265,35.63421],[136.01254,35.63416],[136.01253,35.6341],[136.01257,35.63404],[136.01261,35.63403],[136.01251,35.63398],[136.0119,35.63362],[136.01181,35.63356],[136.01146,35.63336],[136.01127,35.63323],[136.01095,35.63302],[136.01068,35.63276],[136.01053,35.63257],[136.01008,35.63226],[136.0097,35.63199],[136.00934,35.63172],[136.0091,35.6316],[136.00911,35.63163],[136.00906,35.63191],[136.00889,35.63229],[136.00834,35.63299],[136.00859,35.63344],[136.00857,35.63356],[136.00854,35.63383],[136.00831,35.63413],[136.00801,35.63438],[136.00757,35.63466],[136.00742,35.63486],[136.00724,35.63538],[136.00687,35.63565],[136.0066,35.63578],[136.00639,35.6361],[136.00607,35.63637],[136.00569,35.63717],[136.00566,35.63752],[136.0055,35.63822],[136.00531,35.63882],[136.00509,35.63918],[136.00504,35.63966],[136.00484,35.64062],[136.00465,35.64197],[136.00431,35.64324],[136.00394,35.64389],[136.00382,35.64427],[136.00396,35.64457],[136.00421,35.64486],[136.00424,35.64552],[136.00412,35.64585],[136.00387,35.64617],[136.00349,35.64642],[136.00296,35.64664],[136.00241,35.64682],[136.00129,35.64709],[136.00001,35.64866],[135.99944,35.64996],[135.99912,35.65042],[135.99894,35.65121],[135.99877,35.65166],[135.99841,35.65201],[135.99822,35.65225],[135.99822,35.65239],[135.99869,35.65387],[135.99886,35.65396],[136.00026,35.65414],[136.00104,35.65432],[136.00154,35.65456],[136.0017,35.65472],[136.00261,35.65536],[136.00322,35.65569],[136.00375,35.65623],[136.00414,35.65691],[136.00439,35.65749],[136.00502,35.65799],[136.00648,35.65832],[136.00682,35.65877],[136.00712,35.65941],[136.00773,35.65992],[136.00817,35.66001],[136.0082,35.66017],[136.00798,35.66069],[136.00812,35.66101],[136.00851,35.6614],[136.0094,35.66208],[136.01041,35.66249],[136.01077,35.66289],[136.01171,35.66424],[136.0123,35.66462],[136.01287,35.66496],[136.01312,35.66525],[136.01321,35.66611],[136.01362,35.66677],[136.01361,35.66698],[136.01351,35.66743],[136.01413,35.66771],[136.01439,35.66777],[136.01478,35.66786],[136.01553,35.66788],[136.01631,35.66789],[136.01714,35.66798],[136.01809,35.66798],[136.01878,35.66797],[136.01947,35.66797],[136.02002,35.66793],[136.02079,35.66781],[136.02124,35.66766],[136.02164,35.66741],[136.02175,35.66734],[136.02248,35.66699],[136.023,35.66657],[136.02349,35.66607],[136.02371,35.66559],[136.02378,35.665],[136.0241,35.6648],[136.02444,35.66458],[136.02507,35.66448],[136.02578,35.66434]]]}},{"type":"Feature","properties":{"name":"沓見","setai":561,"jinko":1492,"key":"182020390","units":1,"m":764,"f":728,"gk":13,"a0":201,"a1":948,"a2":329,"a75":157,"ag":[43,74,84,156,55,52,50,98,98,141,111,95,92,83,89,65,36,30,20,5,1],"nf":14},"geometry":{"type":"Polygon","coordinates":[[[136.0213,35.65669],[136.02256,35.65669],[136.02279,35.65669],[136.02284,35.65668],[136.02286,35.65668],[136.02297,35.65665],[136.02306,35.65662],[136.02316,35.65655],[136.02324,35.65648],[136.02366,35.65596],[136.02382,35.65555],[136.0239,35.65521],[136.02392,35.65493],[136.02396,35.65465],[136.02402,35.65431],[136.02402,35.65396],[136.024,35.6536],[136.02393,35.65324],[136.0239,35.65308],[136.02391,35.65298],[136.02394,35.65288],[136.02397,35.65269],[136.02403,35.65246],[136.02404,35.65226],[136.02434,35.652],[136.02439,35.65197],[136.02445,35.65191],[136.02451,35.65185],[136.02455,35.6518],[136.02462,35.65175],[136.02467,35.65173],[136.02478,35.65168],[136.02494,35.65162],[136.02508,35.65155],[136.02519,35.6515],[136.02524,35.65147],[136.02534,35.65145],[136.02543,35.65144],[136.02554,35.65144],[136.02584,35.65148],[136.02608,35.65153],[136.02616,35.65154],[136.02621,35.65155],[136.02628,35.65154],[136.02642,35.65149],[136.02655,35.65142],[136.02667,35.65139],[136.02674,35.65137],[136.02683,35.65136],[136.02694,35.65136],[136.02706,35.65133],[136.02716,35.6513],[136.02734,35.65124],[136.02746,35.6512],[136.0276,35.65115],[136.02773,35.65112],[136.02787,35.6511],[136.02798,35.6511],[136.02807,35.65113],[136.02817,35.65114],[136.02827,35.65113],[136.02842,35.65111],[136.02861,35.65107],[136.02876,35.65105],[136.02888,35.65104],[136.02905,35.65104],[136.02916,35.65107],[136.02926,35.65114],[136.02936,35.65122],[136.02945,35.65131],[136.02953,35.65135],[136.02971,35.65139],[136.03025,35.65149],[136.03072,35.65159],[136.03107,35.65166],[136.03133,35.65172],[136.03178,35.65182],[136.03198,35.65182],[136.03214,35.65181],[136.0323,35.65172],[136.03244,35.6516],[136.03259,35.65149],[136.03267,35.65146],[136.03287,35.65145],[136.03305,35.65148],[136.03316,35.65154],[136.03323,35.65159],[136.03367,35.65207],[136.03378,35.65217],[136.03388,35.65225],[136.03411,35.65239],[136.03423,35.65244],[136.03435,35.65242],[136.03438,35.6524],[136.0344,35.65237],[136.03441,35.65231],[136.0344,35.65221],[136.03438,35.65216],[136.0344,35.65211],[136.03442,35.65207],[136.03449,35.65204],[136.03457,35.65203],[136.0347,35.65201],[136.03481,35.652],[136.03496,35.65198],[136.03507,35.65197],[136.03519,35.65196],[136.0353,35.65199],[136.03538,35.65199],[136.03549,35.65201],[136.03538,35.65184],[136.03536,35.65177],[136.0353,35.65163],[136.03527,35.65153],[136.0352,35.65128],[136.03508,35.65106],[136.03506,35.65103],[136.03498,35.65088],[136.03483,35.65061],[136.03472,35.65051],[136.03457,35.65045],[136.03446,35.65041],[136.03436,35.65039],[136.03421,35.65036],[136.03405,35.65029],[136.03393,35.65024],[136.03378,35.65013],[136.03367,35.65005],[136.0336,35.64995],[136.03353,35.64985],[136.03343,35.64974],[136.03332,35.64966],[136.03317,35.64956],[136.03306,35.64947],[136.03292,35.64931],[136.03285,35.64916],[136.03283,35.64903],[136.03281,35.64886],[136.03283,35.64857],[136.03284,35.64824],[136.03289,35.64788],[136.03295,35.64768],[136.03301,35.64748],[136.0331,35.64737],[136.03318,35.64727],[136.03332,35.64716],[136.03348,35.64695],[136.03358,35.64674],[136.03359,35.64649],[136.03352,35.64629],[136.03342,35.64605],[136.03329,35.64579],[136.03309,35.64544],[136.03281,35.6449],[136.03368,35.64493],[136.03725,35.6451],[136.03725,35.6451],[136.04012,35.64523],[136.04035,35.64523],[136.04039,35.64476],[136.04043,35.64415],[136.04047,35.6436],[136.0405,35.64309],[136.04055,35.6425],[136.04058,35.64202],[136.04063,35.64202],[136.04064,35.64197],[136.04072,35.64096],[136.04078,35.64004],[136.04079,35.63982],[136.04088,35.63938],[136.04089,35.6392],[136.0409,35.63882],[136.04091,35.63839],[136.04093,35.63808],[136.04094,35.63798],[136.04094,35.63798],[136.04095,35.6376],[136.04096,35.63718],[136.04097,35.63708],[136.04097,35.63703],[136.04057,35.63694],[136.03987,35.63679],[136.03954,35.63671],[136.03923,35.63666],[136.03912,35.63665],[136.03906,35.63665],[136.03897,35.6367],[136.03884,35.63677],[136.03863,35.63685],[136.03843,35.63694],[136.0382,35.63703],[136.03806,35.63704],[136.03787,35.63707],[136.03767,35.63712],[136.03747,35.63717],[136.03724,35.63723],[136.03701,35.63728],[136.03687,35.6373],[136.03677,35.6373],[136.0366,35.63729],[136.03622,35.6373],[136.03582,35.6373],[136.03558,35.6373],[136.03545,35.63727],[136.03533,35.63722],[136.03517,35.63713],[136.03496,35.63694],[136.03453,35.63655],[136.03163,35.63402],[136.03111,35.63356],[136.03089,35.63337],[136.02799,35.63332],[136.02598,35.63329],[136.0259,35.63331],[136.02588,35.63334],[136.02583,35.63348],[136.0258,35.63356],[136.02572,35.63382],[136.02567,35.63394],[136.02557,35.63402],[136.0255,35.63406],[136.02543,35.63407],[136.02531,35.63404],[136.02506,35.634],[136.02488,35.63397],[136.02464,35.6339],[136.02456,35.63389],[136.02445,35.63386],[136.02437,35.63387],[136.02431,35.63389],[136.02424,35.63392],[136.02413,35.63398],[136.02407,35.63402],[136.02398,35.63404],[136.02389,35.63404],[136.0238,35.63403],[136.02343,35.63392],[136.02317,35.63387],[136.02296,35.63385],[136.02285,35.63386],[136.02291,35.63389],[136.02297,35.63391],[136.02302,35.63395],[136.02309,35.63396],[136.02317,35.63399],[136.02323,35.63401],[136.02332,35.63402],[136.02339,35.63404],[136.02345,35.63405],[136.02364,35.63414],[136.0237,35.63418],[136.02373,35.6342],[136.0238,35.63427],[136.02393,35.63436],[136.02398,35.6344],[136.02404,35.63445],[136.0241,35.63453],[136.0241,35.63463],[136.02406,35.63473],[136.02402,35.63482],[136.02401,35.63488],[136.02405,35.63499],[136.0241,35.63509],[136.02414,35.63517],[136.02415,35.6352],[136.02411,35.63529],[136.02406,35.63538],[136.02403,35.63542],[136.02396,35.63546],[136.02389,35.6355],[136.02383,35.63552],[136.02378,35.63555],[136.02375,35.63558],[136.02372,35.63564],[136.02369,35.63574],[136.02364,35.63585],[136.02355,35.63596],[136.02348,35.636],[136.02338,35.63602],[136.0233,35.63601],[136.02325,35.636],[136.02318,35.63597],[136.0231,35.63597],[136.02299,35.63596],[136.02293,35.63596],[136.02288,35.63597],[136.02284,35.63599],[136.02281,35.63603],[136.02277,35.63616],[136.02266,35.63631],[136.02252,35.63636],[136.02242,35.63633],[136.02236,35.63629],[136.02228,35.63622],[136.02225,35.63618],[136.02219,35.63616],[136.02215,35.63615],[136.02209,35.63615],[136.02202,35.63617],[136.02197,35.63619],[136.02193,35.63622],[136.02188,35.63626],[136.02185,35.6363],[136.02183,35.63637],[136.02181,35.63647],[136.02178,35.63653],[136.02175,35.63658],[136.0217,35.63664],[136.02165,35.63666],[136.0216,35.63668],[136.02156,35.63668],[136.02149,35.63667],[136.02142,35.63664],[136.02129,35.6365],[136.02118,35.63636],[136.02111,35.6363],[136.02105,35.63627],[136.02102,35.63627],[136.02095,35.63628],[136.02087,35.63631],[136.02083,35.63634],[136.02081,35.63639],[136.02081,35.63646],[136.02083,35.63652],[136.02088,35.63668],[136.02098,35.63694],[136.021,35.63701],[136.021,35.63705],[136.02099,35.63707],[136.02097,35.63708],[136.02094,35.63708],[136.02087,35.63705],[136.02072,35.63695],[136.02069,35.63693],[136.02065,35.63692],[136.02059,35.63692],[136.02055,35.63693],[136.02048,35.63695],[136.02046,35.63694],[136.02042,35.63687],[136.02024,35.63645],[136.02016,35.63615],[136.02014,35.63604],[136.02013,35.636],[136.0201,35.63596],[136.02008,35.63595],[136.02002,35.63593],[136.0198,35.63591],[136.01969,35.6359],[136.01958,35.6359],[136.01946,35.6359],[136.01927,35.63594],[136.01917,35.63596],[136.01908,35.63603],[136.01893,35.63607],[136.01881,35.63615],[136.01868,35.63621],[136.01862,35.63622],[136.01854,35.63623],[136.01838,35.63617],[136.01829,35.63613],[136.01821,35.63608],[136.01811,35.63599],[136.01803,35.63591],[136.01795,35.63581],[136.01787,35.63574],[136.01779,35.63573],[136.0177,35.63574],[136.01766,35.63576],[136.01763,35.6358],[136.01762,35.63586],[136.01761,35.6359],[136.01759,35.63593],[136.01757,35.63596],[136.01756,35.63599],[136.01756,35.63602],[136.01758,35.63605],[136.01762,35.6361],[136.0176,35.63618],[136.01758,35.63623],[136.01756,35.63629],[136.01752,35.63638],[136.01752,35.63649],[136.01753,35.63657],[136.01754,35.63664],[136.01758,35.63674],[136.01759,35.63682],[136.01757,35.63688],[136.01754,35.63692],[136.01745,35.63691],[136.01736,35.63686],[136.01724,35.63678],[136.01716,35.63674],[136.0171,35.6367],[136.01703,35.6367],[136.01696,35.6367],[136.01692,35.63672],[136.01689,35.63673],[136.01687,35.63675],[136.01685,35.63683],[136.01685,35.63687],[136.01684,35.63693],[136.0168,35.63697],[136.01675,35.637],[136.01672,35.63705],[136.01669,35.63713],[136.01673,35.63742],[136.01674,35.63748],[136.01677,35.63756],[136.01676,35.63765],[136.01674,35.63772],[136.01671,35.63774],[136.01665,35.63776],[136.01655,35.63774],[136.01644,35.6377],[136.01635,35.63766],[136.01632,35.6376],[136.01628,35.63757],[136.01623,35.63756],[136.01608,35.63754],[136.01597,35.63753],[136.0159,35.63749],[136.01583,35.63745],[136.01577,35.63739],[136.01572,35.63732],[136.01563,35.63723],[136.01551,35.63713],[136.01546,35.63708],[136.01531,35.63696],[136.01527,35.63687],[136.01521,35.63677],[136.01518,35.6367],[136.01508,35.63658],[136.01498,35.63644],[136.01483,35.63629],[136.01468,35.63614],[136.01458,35.63602],[136.01449,35.6359],[136.01438,35.63564],[136.01432,35.63544],[136.01431,35.63507],[136.0143,35.63499],[136.01425,35.6349],[136.01403,35.63468],[136.01373,35.63435],[136.01346,35.63411],[136.01337,35.63403],[136.01326,35.63399],[136.01302,35.63402],[136.01285,35.63402],[136.01266,35.63401],[136.01261,35.63403],[136.01257,35.63404],[136.01253,35.6341],[136.01254,35.63416],[136.01265,35.63421],[136.01287,35.63434],[136.01293,35.63442],[136.01298,35.63451],[136.01305,35.63463],[136.0131,35.63477],[136.01315,35.63496],[136.01321,35.63529],[136.01321,35.63541],[136.01319,35.63551],[136.01315,35.63557],[136.01305,35.6356],[136.0129,35.63562],[136.01278,35.63563],[136.01272,35.63566],[136.01269,35.6357],[136.01268,35.63576],[136.01269,35.63585],[136.01274,35.63594],[136.01279,35.63603],[136.0128,35.63607],[136.0128,35.63611],[136.01277,35.63618],[136.01278,35.63632],[136.01279,35.63642],[136.01282,35.6365],[136.01288,35.63661],[136.01294,35.63678],[136.01294,35.63685],[136.01291,35.6369],[136.01287,35.63699],[136.01283,35.63707],[136.01275,35.63714],[136.01257,35.6372],[136.01231,35.63727],[136.01225,35.6373],[136.01222,35.63736],[136.01221,35.63741],[136.01222,35.63745],[136.01228,35.6375],[136.01246,35.63759],[136.01258,35.63766],[136.01263,35.63771],[136.01264,35.63777],[136.01262,35.63783],[136.01258,35.63786],[136.01254,35.63789],[136.01237,35.63791],[136.01222,35.63791],[136.01218,35.63792],[136.01217,35.63795],[136.01214,35.63832],[136.01203,35.63834],[136.01198,35.63839],[136.01196,35.63844],[136.01197,35.63862],[136.01197,35.63866],[136.01192,35.63871],[136.01188,35.63872],[136.01183,35.63873],[136.01176,35.6387],[136.01158,35.63854],[136.01153,35.63852],[136.01146,35.63852],[136.0114,35.63853],[136.01136,35.63854],[136.01132,35.63858],[136.01128,35.63861],[136.01128,35.63866],[136.01128,35.63875],[136.01131,35.63885],[136.01131,35.639],[136.01127,35.6391],[136.0112,35.63921],[136.01109,35.6393],[136.01099,35.63933],[136.01092,35.63934],[136.01082,35.63932],[136.01072,35.63932],[136.01066,35.63934],[136.01061,35.63936],[136.01057,35.63941],[136.01052,35.63951],[136.01052,35.63964],[136.01053,35.63974],[136.01055,35.63982],[136.01061,35.63986],[136.01069,35.63988],[136.01074,35.63988],[136.01081,35.6399],[136.01088,35.63994],[136.01094,35.63994],[136.01104,35.63995],[136.01114,35.63996],[136.01128,35.63994],[136.01137,35.63993],[136.01149,35.63997],[136.0116,35.64002],[136.01169,35.64006],[136.01183,35.64007],[136.01193,35.64009],[136.01201,35.64007],[136.01211,35.64004],[136.01214,35.64003],[136.01215,35.64003],[136.01215,35.64003],[136.01221,35.64002],[136.01231,35.64001],[136.0124,35.64004],[136.01247,35.64005],[136.01255,35.64005],[136.01264,35.64004],[136.01277,35.63997],[136.01287,35.63992],[136.01299,35.63989],[136.0131,35.63988],[136.01321,35.63991],[136.0133,35.63995],[136.01334,35.63999],[136.01332,35.64008],[136.01324,35.64018],[136.01314,35.64025],[136.01303,35.64031],[136.01294,35.64034],[136.01286,35.64034],[136.01279,35.64035],[136.01274,35.64037],[136.01265,35.64047],[136.01257,35.64053],[136.01249,35.64055],[136.0124,35.64056],[136.01231,35.64057],[136.01224,35.64058],[136.0122,35.64061],[136.01219,35.64064],[136.01222,35.64076],[136.0123,35.6409],[136.01247,35.64102],[136.01248,35.64108],[136.01242,35.64123],[136.01242,35.64138],[136.01236,35.64163],[136.01217,35.64184],[136.01213,35.642],[136.01213,35.64207],[136.01209,35.64211],[136.01202,35.64222],[136.01194,35.64225],[136.01185,35.6423],[136.01176,35.64235],[136.0117,35.64241],[136.01162,35.64243],[136.01154,35.64244],[136.01144,35.64244],[136.01138,35.64246],[136.01133,35.64251],[136.01127,35.64257],[136.01119,35.64265],[136.01114,35.6427],[136.01111,35.64273],[136.01107,35.64275],[136.01103,35.64276],[136.01097,35.64277],[136.01091,35.6428],[136.01086,35.64284],[136.01079,35.6429],[136.01072,35.64293],[136.01062,35.64296],[136.01058,35.64299],[136.01055,35.64302],[136.01054,35.64307],[136.01054,35.64308],[136.01058,35.64315],[136.01068,35.64323],[136.01079,35.64329],[136.01087,35.64333],[136.01091,35.64336],[136.01094,35.6434],[136.01096,35.64344],[136.01096,35.64346],[136.011,35.64347],[136.01106,35.64348],[136.01114,35.64347],[136.01127,35.64344],[136.01138,35.6435],[136.01146,35.64351],[136.01151,35.64351],[136.01157,35.64347],[136.01164,35.6434],[136.01165,35.64338],[136.01177,35.64328],[136.01213,35.64319],[136.0121,35.6432],[136.01225,35.64319],[136.01233,35.64317],[136.01235,35.64317],[136.01244,35.64311],[136.01247,35.64308],[136.01253,35.64304],[136.01262,35.64293],[136.01273,35.64285],[136.01281,35.64277],[136.01292,35.64273],[136.01306,35.64267],[136.01339,35.64264],[136.0137,35.64267],[136.01387,35.64267],[136.01422,35.64257],[136.0145,35.64251],[136.0146,35.64248],[136.01471,35.64249],[136.01479,35.64252],[136.01488,35.64253],[136.0149,35.64254],[136.01497,35.64254],[136.01526,35.64253],[136.01543,35.64256],[136.0156,35.64268],[136.01566,35.64327],[136.01569,35.64341],[136.01572,35.64348],[136.0158,35.64354],[136.01588,35.64359],[136.01591,35.64362],[136.01592,35.64363],[136.01596,35.64368],[136.01595,35.64379],[136.01596,35.64384],[136.01596,35.64386],[136.01597,35.64391],[136.01593,35.64395],[136.01588,35.64396],[136.01579,35.64398],[136.01573,35.644],[136.0157,35.64402],[136.01564,35.64408],[136.01559,35.64415],[136.01553,35.64416],[136.01547,35.64418],[136.01546,35.64418],[136.01535,35.64417],[136.01531,35.64418],[136.0152,35.64421],[136.01508,35.64426],[136.01497,35.6443],[136.01487,35.64433],[136.01478,35.64439],[136.01464,35.64446],[136.0145,35.6445],[136.01441,35.64451],[136.01432,35.64454],[136.01427,35.64457],[136.01424,35.64461],[136.01422,35.64467],[136.01424,35.64475],[136.01431,35.64483],[136.0144,35.64492],[136.01444,35.64502],[136.01442,35.64509],[136.01439,35.64514],[136.01436,35.64519],[136.01434,35.64522],[136.01434,35.64528],[136.01437,35.64536],[136.0144,35.64545],[136.01444,35.6455],[136.01443,35.64552],[136.01442,35.64556],[136.01435,35.6456],[136.01423,35.64564],[136.0138,35.64563],[136.01363,35.64558],[136.01351,35.64554],[136.01348,35.64553],[136.01342,35.64549],[136.01337,35.64549],[136.01333,35.64552],[136.01329,35.64558],[136.01332,35.64564],[136.01333,35.64574],[136.01333,35.64581],[136.01332,35.64589],[136.01328,35.64596],[136.01324,35.64603],[136.01325,35.64612],[136.01331,35.64621],[136.01345,35.64632],[136.01358,35.64641],[136.01376,35.64646],[136.01394,35.6465],[136.01401,35.64656],[136.01406,35.6466],[136.01407,35.64667],[136.01406,35.64676],[136.01401,35.64683],[136.01394,35.64686],[136.01384,35.64688],[136.01376,35.64699],[136.01368,35.64721],[136.01363,35.64738],[136.01356,35.64754],[136.01353,35.64768],[136.01346,35.6478],[136.01336,35.64788],[136.01327,35.64799],[136.01322,35.64824],[136.01316,35.64837],[136.01305,35.64842],[136.01285,35.64847],[136.01271,35.64847],[136.01256,35.64853],[136.01244,35.6486],[136.01232,35.64863],[136.01225,35.64866],[136.012,35.64878],[136.01101,35.64881],[136.01068,35.64881],[136.01055,35.6488],[136.00956,35.64879],[136.00942,35.6488],[136.00886,35.64889],[136.00866,35.64893],[136.0085,35.64898],[136.00831,35.64907],[136.00816,35.64915],[136.00805,35.64919],[136.00802,35.64926],[136.00804,35.64935],[136.00811,35.64945],[136.0083,35.64956],[136.00855,35.64965],[136.00863,35.64968],[136.00938,35.64993],[136.00963,35.64999],[136.00989,35.65005],[136.01013,35.65005],[136.01013,35.65004],[136.0102,35.64995],[136.01025,35.64991],[136.0103,35.64987],[136.01035,35.64986],[136.01041,35.64986],[136.01086,35.64983],[136.01128,35.64987],[136.01153,35.65003],[136.01161,35.65021],[136.01166,35.65026],[136.01172,35.6503],[136.01179,35.65029],[136.01187,35.65026],[136.01194,35.65022],[136.012,35.65017],[136.01209,35.65014],[136.01219,35.65007],[136.01264,35.64969],[136.01297,35.64958],[136.0134,35.64962],[136.01357,35.64967],[136.0137,35.64974],[136.01382,35.64978],[136.01399,35.6498],[136.01409,35.64981],[136.01417,35.64978],[136.01425,35.6497],[136.01433,35.64959],[136.01437,35.64949],[136.01449,35.64932],[136.01456,35.64926],[136.01462,35.64919],[136.01467,35.64913],[136.01471,35.64908],[136.01477,35.64898],[136.01487,35.64889],[136.01505,35.64883],[136.01514,35.64882],[136.01528,35.64878],[136.01531,35.6486],[136.01529,35.64853],[136.01528,35.64846],[136.01531,35.64836],[136.01534,35.64828],[136.01538,35.64824],[136.01539,35.64822],[136.01542,35.64819],[136.01548,35.64817],[136.01561,35.6481],[136.01575,35.648],[136.01591,35.6479],[136.016,35.64787],[136.01607,35.64784],[136.01617,35.64784],[136.01625,35.64787],[136.0163,35.64792],[136.01633,35.64804],[136.0164,35.64838],[136.01664,35.64861],[136.01698,35.64901],[136.01695,35.64912],[136.0169,35.64924],[136.01683,35.64938],[136.01668,35.64961],[136.01657,35.6497],[136.01643,35.6499],[136.01633,35.65005],[136.01607,35.65035],[136.01592,35.65038],[136.01547,35.65038],[136.01545,35.6504],[136.01545,35.6504],[136.01535,35.65044],[136.0153,35.65048],[136.01523,35.65056],[136.01516,35.65069],[136.0151,35.6508],[136.01506,35.65085],[136.01499,35.65089],[136.0149,35.65089],[136.01482,35.6509],[136.01478,35.65091],[136.01473,35.65095],[136.0147,35.65101],[136.01469,35.65108],[136.01471,35.65114],[136.01468,35.6512],[136.01463,35.65122],[136.01455,35.65126],[136.01455,35.65126],[136.01447,35.65131],[136.01442,35.65133],[136.01435,35.65132],[136.0143,35.65128],[136.01424,35.65123],[136.01423,35.65123],[136.01418,35.6512],[136.01412,35.65121],[136.01409,35.65124],[136.01408,35.65128],[136.01407,35.65132],[136.01406,35.65138],[136.01402,35.65143],[136.01393,35.65144],[136.01382,35.65148],[136.01377,35.65153],[136.01376,35.65155],[136.01373,35.65159],[136.01372,35.65164],[136.01376,35.65171],[136.01378,35.65182],[136.01376,35.65198],[136.01369,35.65214],[136.01359,35.65226],[136.01352,35.65231],[136.01348,35.65239],[136.01347,35.65252],[136.01347,35.65264],[136.01349,35.65274],[136.01352,35.65281],[136.0136,35.65286],[136.01373,35.6529],[136.01385,35.65292],[136.01398,35.65295],[136.01406,35.65299],[136.01412,35.65307],[136.01412,35.6532],[136.01408,35.65334],[136.01406,35.65341],[136.01405,35.65348],[136.0141,35.65353],[136.0142,35.65354],[136.0143,35.65353],[136.01435,35.6535],[136.01443,35.6535],[136.01448,35.65351],[136.01456,35.65349],[136.01462,35.65344],[136.01469,35.65341],[136.01478,35.65338],[136.01485,35.65338],[136.01486,35.65338],[136.01494,35.65341],[136.01498,35.65344],[136.015,35.65358],[136.015,35.65368],[136.01501,35.65387],[136.0149,35.65432],[136.01492,35.65446],[136.0156,35.65508],[136.01648,35.65576],[136.01695,35.65611],[136.0174,35.65631],[136.01834,35.6566],[136.01877,35.65668],[136.01926,35.65674],[136.01969,35.65676],[136.02096,35.65673],[136.0213,35.65669]]]}},{"type":"Feature","properties":{"name":"木崎","setai":1092,"jinko":2311,"key":"182020400","units":1,"m":1170,"f":1141,"gk":12,"a0":362,"a1":1543,"a2":276,"a75":96,"ag":[123,114,125,118,106,117,169,153,183,214,170,176,137,106,74,41,25,20,6,4,0],"nf":130},"geometry":{"type":"Polygon","coordinates":[[[136.04995,35.64565],[136.04999,35.64501],[136.05003,35.64448],[136.05006,35.64402],[136.0501,35.64345],[136.05014,35.64278],[136.05023,35.64194],[136.0518,35.64202],[136.05182,35.64189],[136.05187,35.64119],[136.05188,35.64105],[136.05194,35.64026],[136.05198,35.63978],[136.05202,35.63929],[136.04982,35.6392],[136.04998,35.63733],[136.04998,35.63725],[136.05002,35.63676],[136.05006,35.63624],[136.05009,35.63591],[136.05023,35.63592],[136.05027,35.63543],[136.04891,35.63537],[136.04831,35.63534],[136.04722,35.63529],[136.04721,35.63543],[136.04698,35.63539],[136.04675,35.63536],[136.04664,35.63564],[136.04662,35.6357],[136.04661,35.63578],[136.04661,35.63587],[136.04659,35.63604],[136.04658,35.63631],[136.04657,35.63643],[136.04656,35.63673],[136.04657,35.63678],[136.04661,35.63689],[136.04661,35.63695],[136.04673,35.63746],[136.04667,35.63755],[136.0468,35.63763],[136.04679,35.63773],[136.04666,35.63775],[136.0462,35.63784],[136.0457,35.63751],[136.04557,35.63747],[136.04538,35.63744],[136.04515,35.63743],[136.04481,35.63744],[136.04459,35.63744],[136.04421,35.63746],[136.0438,35.63748],[136.04331,35.63749],[136.04304,35.6375],[136.04293,35.63751],[136.04284,35.63751],[136.04272,35.63752],[136.04265,35.63749],[136.04258,35.63746],[136.04197,35.63725],[136.04137,35.63706],[136.04097,35.63699],[136.04097,35.63703],[136.04097,35.63708],[136.04096,35.63718],[136.04095,35.6376],[136.04094,35.63798],[136.04094,35.63798],[136.04093,35.63808],[136.04091,35.63839],[136.0409,35.63882],[136.04089,35.6392],[136.04088,35.63938],[136.04079,35.63982],[136.04078,35.64004],[136.04072,35.64096],[136.04064,35.64197],[136.04063,35.64202],[136.04058,35.64202],[136.04055,35.6425],[136.0405,35.64309],[136.04047,35.6436],[136.04043,35.64415],[136.04039,35.64476],[136.04035,35.64523],[136.04075,35.64525],[136.0415,35.64528],[136.04225,35.64533],[136.04237,35.64534],[136.04323,35.64539],[136.04339,35.6454],[136.04399,35.64543],[136.04425,35.64544],[136.04465,35.64546],[136.0451,35.64548],[136.04531,35.64547],[136.04582,35.64551],[136.04623,35.64554],[136.04656,35.64556],[136.0466,35.64556],[136.04684,35.64557],[136.04745,35.6456],[136.04815,35.64559],[136.0488,35.64559],[136.04995,35.64565]]]}},{"type":"Feature","properties":{"name":"平和町","setai":470,"jinko":1060,"key":"182020410","units":1,"m":513,"f":547,"gk":10,"a0":99,"a1":586,"a2":349,"a75":179,"ag":[27,27,45,52,31,36,58,53,60,85,60,72,79,77,93,60,52,43,16,6,2],"nf":26},"geometry":{"type":"Polygon","coordinates":[[[136.05106,35.64936],[136.051,35.64899],[136.05101,35.64891],[136.051,35.64881],[136.05103,35.6487],[136.05104,35.64864],[136.05112,35.64837],[136.05113,35.64833],[136.05125,35.64794],[136.0513,35.64778],[136.05132,35.64766],[136.05138,35.64749],[136.05139,35.64738],[136.0514,35.64726],[136.05142,35.64714],[136.05143,35.64703],[136.05145,35.64687],[136.05146,35.64678],[136.05146,35.64671],[136.05148,35.64663],[136.05149,35.64646],[136.05151,35.6463],[136.05152,35.64624],[136.05154,35.64605],[136.05155,35.64594],[136.05157,35.64574],[136.05034,35.64567],[136.04995,35.64565],[136.0488,35.64559],[136.04815,35.64559],[136.04745,35.6456],[136.04684,35.64557],[136.0466,35.64556],[136.04656,35.64556],[136.04623,35.64554],[136.04582,35.64551],[136.04531,35.64547],[136.04525,35.64603],[136.04519,35.64685],[136.04516,35.64745],[136.04581,35.64749],[136.04636,35.64753],[136.04645,35.64755],[136.0466,35.64756],[136.04686,35.64757],[136.04697,35.64759],[136.04711,35.64763],[136.04732,35.64773],[136.04737,35.64777],[136.04741,35.64782],[136.04745,35.64784],[136.0475,35.64789],[136.04756,35.64793],[136.04762,35.64799],[136.04767,35.64805],[136.04772,35.64812],[136.04776,35.64817],[136.04778,35.64819],[136.04797,35.6484],[136.04801,35.64847],[136.04805,35.64855],[136.04822,35.64882],[136.04825,35.64887],[136.04828,35.64892],[136.04832,35.64898],[136.04837,35.64925],[136.04841,35.64935],[136.04846,35.64955],[136.04922,35.64943],[136.04996,35.64932],[136.05027,35.64929],[136.05053,35.64974],[136.05078,35.6502],[136.05117,35.65017],[136.05113,35.64983],[136.05106,35.64936]]]}},{"type":"Feature","properties":{"name":"呉羽町","setai":89,"jinko":114,"key":"182020420","units":1,"m":90,"f":24,"gk":0,"a0":7,"a1":104,"a2":0,"a75":0,"ag":[1,2,4,7,11,41,7,5,5,13,7,7,1,0,0,0,0,0,0,0,0],"nf":3},"geometry":{"type":"Polygon","coordinates":[[[136.05498,35.63695],[136.05223,35.63676],[136.05222,35.63687],[136.05202,35.63929],[136.05198,35.63978],[136.05194,35.64026],[136.05188,35.64105],[136.05187,35.64119],[136.05182,35.64189],[136.0518,35.64202],[136.05186,35.64203],[136.05207,35.64204],[136.05416,35.64215],[136.05423,35.64215],[136.05496,35.64218],[136.05579,35.64222],[136.05651,35.64226],[136.05684,35.64227],[136.05771,35.64232],[136.05824,35.64233],[136.0586,35.64234],[136.05933,35.64237],[136.05927,35.64218],[136.05918,35.64189],[136.05893,35.64114],[136.05868,35.64042],[136.0585,35.63984],[136.058,35.63833],[136.05788,35.63796],[136.05762,35.63711],[136.05531,35.63698],[136.05498,35.63695]]]}},{"type":"Feature","properties":{"name":"櫛川町","setai":170,"jinko":410,"key":"182020440","units":1,"m":200,"f":210,"gk":1,"a0":75,"a1":209,"a2":124,"a75":77,"ag":[14,34,27,20,8,5,14,31,34,27,22,25,23,21,26,29,28,16,4,0,0],"nf":2},"geometry":{"type":"Polygon","coordinates":[[[136.04581,35.64749],[136.04516,35.64745],[136.0452,35.64774],[136.04534,35.64832],[136.0454,35.64877],[136.04552,35.64939],[136.04549,35.64947],[136.04529,35.65],[136.04513,35.65049],[136.0461,35.65011],[136.04641,35.64999],[136.04661,35.64993],[136.04685,35.64986],[136.04744,35.64973],[136.04808,35.64961],[136.04846,35.64955],[136.04841,35.64935],[136.04837,35.64925],[136.04832,35.64898],[136.04828,35.64892],[136.04825,35.64887],[136.04822,35.64882],[136.04805,35.64855],[136.04801,35.64847],[136.04797,35.6484],[136.04778,35.64819],[136.04776,35.64817],[136.04772,35.64812],[136.04767,35.64805],[136.04762,35.64799],[136.04756,35.64793],[136.0475,35.64789],[136.04745,35.64784],[136.04741,35.64782],[136.04737,35.64777],[136.04732,35.64773],[136.04711,35.64763],[136.04697,35.64759],[136.04686,35.64757],[136.0466,35.64756],[136.04645,35.64755],[136.04636,35.64753],[136.04581,35.64749]]]}},{"type":"Feature","properties":{"name":"名子","setai":19,"jinko":55,"key":"182020450","units":1,"m":25,"f":30,"gk":0,"a0":9,"a1":27,"a2":19,"a75":11,"ag":[1,1,7,6,0,1,1,3,2,4,5,1,4,2,6,2,4,4,1,0,0]},"geometry":{"type":"Polygon","coordinates":[[[136.02819,35.67888],[136.02822,35.67886],[136.02825,35.67883],[136.02828,35.67881],[136.0283,35.67877],[136.02833,35.67874],[136.02838,35.67865],[136.02862,35.67884],[136.02886,35.67863],[136.02936,35.67824],[136.02979,35.67861],[136.02987,35.67856],[136.02984,35.67853],[136.02979,35.67856],[136.02939,35.67822],[136.02979,35.67791],[136.03025,35.67832],[136.03028,35.67829],[136.02982,35.67789],[136.03019,35.67761],[136.03003,35.67745],[136.03005,35.67743],[136.0301,35.67742],[136.03015,35.67741],[136.03018,35.6774],[136.03024,35.67737],[136.03028,35.67735],[136.03088,35.67693],[136.03107,35.6771],[136.03111,35.67707],[136.03093,35.67691],[136.031,35.67686],[136.03107,35.67682],[136.03113,35.67678],[136.03119,35.67676],[136.03125,35.67673],[136.03131,35.6767],[136.03136,35.67667],[136.03141,35.67664],[136.03145,35.67661],[136.03176,35.67639],[136.0319,35.67655],[136.03195,35.67652],[136.03181,35.67636],[136.03188,35.67632],[136.03195,35.67628],[136.03201,35.67624],[136.03208,35.67621],[136.03215,35.67618],[136.03222,35.67614],[136.03251,35.67599],[136.03263,35.67614],[136.03267,35.67612],[136.03255,35.67597],[136.0326,35.67596],[136.03265,35.67594],[136.03271,35.67593],[136.03277,35.67592],[136.0328,35.67592],[136.03282,35.67591],[136.03288,35.67588],[136.03292,35.67586],[136.03295,35.67585],[136.03298,35.67584],[136.03301,35.67584],[136.03307,35.67584],[136.03313,35.67585],[136.03318,35.67586],[136.03324,35.67587],[136.0333,35.67587],[136.03332,35.67587],[136.03334,35.67586],[136.03335,35.67585],[136.03335,35.67583],[136.03334,35.67581],[136.03332,35.67579],[136.03328,35.67575],[136.03324,35.67571],[136.03319,35.67568],[136.03314,35.67565],[136.03311,35.67561],[136.03307,35.67558],[136.03304,35.67554],[136.03301,35.6755],[136.03301,35.67549],[136.03306,35.67547],[136.03306,35.67548],[136.03309,35.67551],[136.03313,35.67554],[136.03316,35.67558],[136.03319,35.67561],[136.03322,35.67564],[136.03326,35.67566],[136.03331,35.67568],[136.03339,35.67582],[136.03343,35.6758],[136.03336,35.67568],[136.03341,35.67568],[136.03347,35.67568],[136.03351,35.67568],[136.03355,35.67568],[136.03357,35.67567],[136.03359,35.67566],[136.03363,35.67563],[136.03367,35.67559],[136.0337,35.67555],[136.03374,35.67551],[136.03376,35.67549],[136.03378,35.67548],[136.03381,35.67547],[136.03385,35.67547],[136.03392,35.67547],[136.03408,35.67548],[136.03411,35.67561],[136.03414,35.6756],[136.03411,35.67547],[136.03416,35.67545],[136.03421,35.67543],[136.03427,35.67541],[136.03434,35.67539],[136.03437,35.67538],[136.03445,35.67537],[136.03453,35.67536],[136.03461,35.67537],[136.03468,35.67538],[136.03475,35.67539],[136.03482,35.6754],[136.03488,35.67542],[136.03494,35.67544],[136.035,35.67547],[136.03504,35.67549],[136.03506,35.67551],[136.03509,35.67555],[136.03512,35.67559],[136.03514,35.67564],[136.03517,35.6757],[136.03519,35.67576],[136.03522,35.67581],[136.03523,35.67583],[136.03527,35.67587],[136.03531,35.67591],[136.03536,35.67594],[136.03539,35.67595],[136.03545,35.67597],[136.03552,35.67597],[136.03561,35.67597],[136.0357,35.67597],[136.03579,35.67596],[136.03582,35.67595],[136.03584,35.67593],[136.03586,35.67592],[136.03587,35.67591],[136.03589,35.6759],[136.03593,35.6759],[136.03599,35.67591],[136.03604,35.6759],[136.03607,35.6759],[136.03612,35.67588],[136.03617,35.67585],[136.0362,35.67581],[136.03623,35.67578],[136.03625,35.67574],[136.03626,35.67572],[136.03627,35.6757],[136.03626,35.67565],[136.03626,35.6756],[136.03626,35.67554],[136.03628,35.6755],[136.0363,35.67545],[136.03632,35.6754],[136.03633,35.67535],[136.03633,35.67532],[136.03633,35.67526],[136.03633,35.6752],[136.03634,35.67514],[136.03636,35.67508],[136.03639,35.67502],[136.03642,35.67497],[136.03646,35.67492],[136.03647,35.6749],[136.03648,35.67486],[136.03649,35.67481],[136.03651,35.67476],[136.03653,35.6747],[136.03654,35.67464],[136.03655,35.67458],[136.03656,35.67453],[136.03657,35.67448],[136.03658,35.67441],[136.0366,35.67434],[136.03662,35.67427],[136.03663,35.67419],[136.03664,35.67412],[136.03664,35.67411],[136.03666,35.67404],[136.03666,35.67396],[136.03667,35.67388],[136.03667,35.6738],[136.03666,35.67373],[136.03666,35.67367],[136.03666,35.67362],[136.03668,35.67356],[136.03669,35.67354],[136.03672,35.67348],[136.03675,35.67343],[136.0368,35.67337],[136.03685,35.67332],[136.03688,35.6733],[136.0369,35.67328],[136.03696,35.67323],[136.03702,35.67318],[136.03709,35.67313],[136.03716,35.67308],[136.03722,35.67304],[136.03728,35.673],[136.03734,35.67297],[136.03739,35.67293],[136.03745,35.67289],[136.03749,35.67285],[136.03753,35.67281],[136.03756,35.67276],[136.03759,35.67271],[136.03762,35.67265],[136.03764,35.6726],[136.03767,35.67254],[136.03769,35.67249],[136.03771,35.67244],[136.03772,35.67241],[136.03773,35.67234],[136.03774,35.67226],[136.03775,35.67222],[136.03776,35.6722],[136.03777,35.67217],[136.03781,35.67214],[136.03785,35.6721],[136.03789,35.67206],[136.03794,35.67203],[136.03799,35.672],[136.03818,35.67191],[136.03829,35.67204],[136.03832,35.67202],[136.03822,35.67189],[136.03829,35.67186],[136.03836,35.67183],[136.03844,35.6718],[136.03851,35.67177],[136.03856,35.67175],[136.03858,35.67174],[136.03865,35.67171],[136.03887,35.67162],[136.03899,35.67178],[136.03902,35.67177],[136.0389,35.6716],[136.03899,35.67157],[136.03907,35.67153],[136.03915,35.67149],[136.03922,35.67146],[136.03928,35.67143],[136.03933,35.6714],[136.03939,35.67137],[136.03944,35.67135],[136.03949,35.67133],[136.03955,35.67131],[136.03967,35.6715],[136.03971,35.67149],[136.03958,35.6713],[136.03965,35.67128],[136.03971,35.67126],[136.03977,35.67124],[136.03983,35.67122],[136.0399,35.6712],[136.03997,35.67118],[136.04003,35.67116],[136.04008,35.67114],[136.04013,35.67112],[136.04016,35.6711],[136.04025,35.67106],[136.04038,35.67124],[136.0404,35.67123],[136.04028,35.67104],[136.04033,35.67102],[136.04039,35.67099],[136.04045,35.67097],[136.04051,35.67095],[136.04058,35.67093],[136.04064,35.6709],[136.04071,35.67088],[136.04077,35.67085],[136.04084,35.67082],[136.0409,35.6708],[136.04093,35.67079],[136.04101,35.67077],[136.04108,35.67076],[136.04116,35.67075],[136.04123,35.67075],[136.04126,35.67074],[136.04133,35.67073],[136.04138,35.67071],[136.04143,35.67069],[136.04148,35.67067],[136.04155,35.67065],[136.04163,35.67063],[136.04167,35.67061],[136.0417,35.67059],[136.04174,35.67057],[136.04179,35.67051],[136.04183,35.67047],[136.04185,35.67045],[136.04189,35.67044],[136.04192,35.67044],[136.04193,35.67043],[136.04194,35.67042],[136.04195,35.67039],[136.04194,35.67037],[136.04195,35.67035],[136.04195,35.67032],[136.04196,35.67029],[136.04199,35.67023],[136.04203,35.67018],[136.04206,35.67012],[136.0421,35.67007],[136.04211,35.67005],[136.04214,35.67002],[136.04216,35.67001],[136.04222,35.66997],[136.04228,35.66994],[136.04233,35.6699],[136.04237,35.66985],[136.04238,35.66982],[136.0424,35.66981],[136.04243,35.66976],[136.04246,35.66973],[136.0425,35.66969],[136.04255,35.66964],[136.0426,35.66961],[136.04263,35.66959],[136.04266,35.66957],[136.04268,35.66955],[136.04271,35.66951],[136.04202,35.66947],[136.0417,35.6697],[136.04159,35.66981],[136.0415,35.66986],[136.04146,35.66989],[136.04136,35.66986],[136.04125,35.66977],[136.04108,35.66961],[136.04102,35.66956],[136.04081,35.66937],[136.04075,35.6692],[136.0407,35.66911],[136.04057,35.66907],[136.04048,35.66914],[136.04033,35.66926],[136.04021,35.66931],[136.04019,35.66931],[136.04004,35.66932],[136.03992,35.66925],[136.03991,35.66903],[136.03994,35.6689],[136.03991,35.66884],[136.03985,35.66877],[136.03974,35.66876],[136.03963,35.6688],[136.03938,35.66889],[136.03922,35.66886],[136.03904,35.66866],[136.03902,35.66841],[136.03902,35.66826],[136.03893,35.66821],[136.03881,35.66827],[136.03856,35.66843],[136.0382,35.66851],[136.03806,35.66854],[136.03801,35.66859],[136.03786,35.66879],[136.03767,35.66892],[136.03756,35.66903],[136.03757,35.66914],[136.03762,35.66922],[136.03771,35.66935],[136.03779,35.66955],[136.03781,35.66961],[136.03783,35.66973],[136.03776,35.66993],[136.03765,35.67004],[136.03745,35.67009],[136.03719,35.67013],[136.03702,35.67012],[136.03695,35.6702],[136.03691,35.67029],[136.03695,35.67039],[136.03699,35.67055],[136.03708,35.6708],[136.03715,35.67109],[136.03714,35.67138],[136.03708,35.67156],[136.03706,35.67172],[136.03706,35.67186],[136.03715,35.67204],[136.03716,35.67216],[136.03718,35.67229],[136.0371,35.67246],[136.03698,35.67271],[136.03663,35.67289],[136.03639,35.67308],[136.03632,35.67323],[136.03623,35.67342],[136.03622,35.674],[136.03601,35.67471],[136.03587,35.67506],[136.03578,35.6752],[136.03568,35.67522],[136.0355,35.67509],[136.0354,35.67498],[136.03522,35.67492],[136.035,35.67483],[136.03482,35.67465],[136.03464,35.67452],[136.03453,35.67451],[136.03442,35.6745],[136.03437,35.67453],[136.03416,35.67454],[136.03404,35.67442],[136.03402,35.67432],[136.03404,35.67416],[136.03404,35.67404],[136.034,35.67393],[136.03384,35.67378],[136.03372,35.67364],[136.03357,35.67359],[136.03335,35.67367],[136.03319,35.67376],[136.03305,35.67374],[136.03291,35.67367],[136.03284,35.67351],[136.03266,35.67338],[136.03258,35.67334],[136.03247,35.67329],[136.03228,35.67311],[136.03218,35.67288],[136.03214,35.6728],[136.03203,35.67276],[136.03189,35.67274],[136.03168,35.6727],[136.03148,35.67261],[136.03117,35.67227],[136.03103,35.67205],[136.0309,35.67208],[136.03079,35.67212],[136.03067,35.67213],[136.03056,35.67205],[136.03039,35.67197],[136.03032,35.672],[136.03027,35.67203],[136.03028,35.67213],[136.03032,35.67224],[136.03051,35.67252],[136.03048,35.67273],[136.03045,35.67296],[136.0305,35.67312],[136.03055,35.67346],[136.03054,35.67367],[136.03046,35.67389],[136.03036,35.67405],[136.03031,35.67416],[136.03035,35.67424],[136.03036,35.67429],[136.03057,35.67453],[136.03069,35.67484],[136.0307,35.67501],[136.03059,35.67512],[136.03043,35.67522],[136.03036,35.67524],[136.03029,35.67532],[136.03028,35.67541],[136.03024,35.67555],[136.03014,35.67564],[136.03002,35.6757],[136.02987,35.67577],[136.02973,35.67587],[136.02957,35.67604],[136.02944,35.67617],[136.02948,35.6764],[136.02956,35.67674],[136.02957,35.67684],[136.02948,35.67691],[136.02929,35.67699],[136.02913,35.67709],[136.02893,35.67719],[136.02858,35.6773],[136.02838,35.67736],[136.02828,35.67745],[136.02809,35.67765],[136.02795,35.67788],[136.02785,35.67809],[136.0278,35.67819],[136.0277,35.67828],[136.02751,35.67837],[136.02738,35.6784],[136.02723,35.67852],[136.02708,35.67867],[136.02722,35.67889],[136.0273,35.67888],[136.02738,35.67887],[136.02745,35.67888],[136.02753,35.67889],[136.02761,35.67891],[136.02769,35.67892],[136.02777,35.67894],[136.02785,35.67894],[136.02792,35.67895],[136.02798,35.67895],[136.02803,35.67894],[136.02808,35.67893],[136.02812,35.67892],[136.02816,35.6789],[136.02819,35.67888]]]}},{"type":"Feature","properties":{"name":"縄間","setai":26,"jinko":54,"key":"182020460","units":1,"m":26,"f":28,"gk":0,"a0":3,"a1":24,"a2":27,"a75":15,"ag":[0,0,3,0,1,0,4,2,0,3,2,6,6,5,7,7,5,1,1,1,0]},"geometry":{"type":"Polygon","coordinates":[[[136.02441,35.73939],[136.0247,35.73937],[136.02502,35.73941],[136.02524,35.73954],[136.0255,35.73924],[136.0258,35.73894],[136.0259,35.7387],[136.02591,35.73856],[136.02584,35.73832],[136.02573,35.73812],[136.02561,35.73793],[136.02549,35.73782],[136.02542,35.73765],[136.02547,35.73747],[136.02556,35.73736],[136.02551,35.73714],[136.02545,35.73696],[136.02543,35.73675],[136.02547,35.7366],[136.02555,35.73643],[136.02561,35.7363],[136.02568,35.73623],[136.02582,35.73616],[136.0261,35.73614],[136.02631,35.73609],[136.02651,35.73605],[136.02657,35.73603],[136.02663,35.73604],[136.02673,35.736],[136.0269,35.73596],[136.02711,35.73595],[136.02726,35.73595],[136.02733,35.73588],[136.02733,35.73576],[136.02732,35.73563],[136.02727,35.73549],[136.02735,35.73545],[136.02748,35.73544],[136.02761,35.73553],[136.02774,35.73557],[136.02804,35.73562],[136.02832,35.73559],[136.02847,35.73554],[136.02882,35.73555],[136.02905,35.73555],[136.02925,35.7354],[136.0294,35.73525],[136.02958,35.73507],[136.02971,35.73491],[136.02977,35.73472],[136.02979,35.73462],[136.02993,35.73413],[136.02994,35.73387],[136.02999,35.73376],[136.03009,35.73374],[136.03018,35.7336],[136.03014,35.73337],[136.03013,35.73322],[136.0301,35.73316],[136.03015,35.73306],[136.03028,35.73296],[136.03047,35.73287],[136.0306,35.73279],[136.03072,35.73266],[136.03077,35.73248],[136.03078,35.73235],[136.03079,35.73223],[136.03083,35.73213],[136.03086,35.73203],[136.03089,35.73198],[136.0309,35.73192],[136.03097,35.73189],[136.03106,35.73187],[136.03113,35.73186],[136.03126,35.73183],[136.03132,35.7318],[136.03136,35.7318],[136.03147,35.73178],[136.03161,35.73177],[136.03168,35.73184],[136.03175,35.73192],[136.03184,35.73211],[136.03184,35.73224],[136.0319,35.7323],[136.03202,35.73237],[136.03218,35.73234],[136.03223,35.73229],[136.0324,35.73225],[136.03254,35.73227],[136.03268,35.73229],[136.03273,35.73237],[136.03277,35.73246],[136.03287,35.73252],[136.03297,35.73248],[136.03303,35.73242],[136.03309,35.73235],[136.03309,35.73222],[136.03309,35.7321],[136.03312,35.73199],[136.03318,35.73191],[136.03324,35.73178],[136.03336,35.73165],[136.03341,35.7315],[136.03337,35.73132],[136.03336,35.73129],[136.03325,35.73108],[136.03317,35.73093],[136.03304,35.73082],[136.03299,35.73068],[136.03296,35.73055],[136.03302,35.73038],[136.03297,35.73022],[136.03288,35.73009],[136.03281,35.72994],[136.03276,35.72986],[136.03277,35.72976],[136.0328,35.7297],[136.03288,35.72965],[136.0331,35.72963],[136.03327,35.72965],[136.03342,35.7297],[136.03361,35.72974],[136.0338,35.72978],[136.03392,35.72979],[136.03406,35.72969],[136.03413,35.72954],[136.03416,35.72933],[136.03418,35.72917],[136.03417,35.72907],[136.03409,35.72892],[136.034,35.72879],[136.03387,35.72863],[136.03381,35.72851],[136.03376,35.72843],[136.03372,35.72832],[136.03358,35.72817],[136.03326,35.72805],[136.03303,35.72797],[136.03293,35.72792],[136.03272,35.72792],[136.03252,35.72803],[136.03238,35.72815],[136.03229,35.72827],[136.03227,35.72831],[136.03219,35.72836],[136.03205,35.72834],[136.03193,35.72828],[136.03184,35.72822],[136.0318,35.72819],[136.03172,35.72807],[136.0314,35.7279],[136.03096,35.72774],[136.03055,35.72748],[136.03019,35.72731],[136.03002,35.72726],[136.02989,35.7272],[136.03005,35.72705],[136.0302,35.72692],[136.0304,35.72682],[136.03049,35.72675],[136.03047,35.72666],[136.03046,35.72661],[136.0304,35.72651],[136.03037,35.72638],[136.03037,35.72626],[136.03038,35.72613],[136.03043,35.72593],[136.03044,35.72571],[136.03045,35.7255],[136.03048,35.72538],[136.03051,35.72526],[136.03057,35.72515],[136.03065,35.72508],[136.03077,35.72497],[136.03084,35.72482],[136.03088,35.72466],[136.03089,35.72445],[136.03088,35.72435],[136.0309,35.72425],[136.03104,35.7244],[136.03126,35.72481],[136.03147,35.72499],[136.03163,35.72509],[136.03191,35.72511],[136.03227,35.72506],[136.0324,35.72503],[136.03252,35.72497],[136.03256,35.72493],[136.03255,35.72483],[136.03255,35.72478],[136.03245,35.72468],[136.03246,35.72446],[136.03259,35.72426],[136.03272,35.72411],[136.03282,35.72407],[136.03288,35.72402],[136.03293,35.72398],[136.03295,35.72386],[136.03297,35.7237],[136.03298,35.72361],[136.03309,35.72364],[136.03324,35.72388],[136.03341,35.72401],[136.03367,35.72409],[136.03381,35.72404],[136.03406,35.72397],[136.03428,35.7238],[136.03437,35.72369],[136.03451,35.72363],[136.03465,35.72365],[136.03479,35.72375],[136.03495,35.72397],[136.03515,35.72418],[136.03548,35.72435],[136.03586,35.72448],[136.03598,35.72454],[136.03604,35.72468],[136.03622,35.72474],[136.03639,35.72482],[136.03647,35.72484],[136.03649,35.72492],[136.03657,35.72512],[136.03672,35.72519],[136.03693,35.7253],[136.03704,35.72539],[136.03711,35.72548],[136.03712,35.72571],[136.03726,35.72587],[136.03737,35.726],[136.0375,35.7261],[136.03765,35.72617],[136.03787,35.72621],[136.03806,35.72625],[136.03818,35.72625],[136.03827,35.72618],[136.03828,35.72614],[136.03833,35.72608],[136.03844,35.72595],[136.03847,35.72591],[136.03848,35.72589],[136.0385,35.72587],[136.0385,35.72584],[136.0385,35.72581],[136.03848,35.72573],[136.03845,35.72564],[136.03843,35.72556],[136.03843,35.72549],[136.03843,35.72543],[136.03844,35.72536],[136.03844,35.7253],[136.03843,35.72526],[136.03841,35.72523],[136.03839,35.72519],[136.03836,35.72516],[136.0383,35.72509],[136.03824,35.72502],[136.03819,35.72496],[136.03815,35.72491],[136.03813,35.72487],[136.03811,35.72483],[136.03809,35.72479],[136.03806,35.72477],[136.03805,35.72475],[136.038,35.72473],[136.03792,35.7247],[136.03785,35.72468],[136.03778,35.72465],[136.03772,35.72463],[136.03767,35.72461],[136.03761,35.72457],[136.03757,35.72454],[136.03753,35.72449],[136.03749,35.72443],[136.03747,35.7244],[136.03744,35.72438],[136.03741,35.72436],[136.03734,35.72433],[136.03731,35.72432],[136.03728,35.7243],[136.03725,35.72428],[136.03721,35.72423],[136.03718,35.72418],[136.03714,35.72414],[136.0371,35.7241],[136.03705,35.72404],[136.037,35.72394],[136.03695,35.72385],[136.03685,35.72369],[136.03679,35.7236],[136.03678,35.72357],[136.03675,35.72353],[136.03673,35.72351],[136.0367,35.72348],[136.03667,35.72347],[136.03665,35.72346],[136.03663,35.72345],[136.03661,35.72344],[136.0366,35.72344],[136.03658,35.72343],[136.03655,35.7234],[136.03651,35.72337],[136.03648,35.72333],[136.03644,35.72328],[136.03641,35.72323],[136.03638,35.72318],[136.03624,35.72294],[136.03621,35.7229],[136.03619,35.72287],[136.03618,35.72284],[136.03617,35.72281],[136.03617,35.72278],[136.03618,35.72275],[136.03619,35.72272],[136.03619,35.72268],[136.0362,35.72265],[136.0362,35.72262],[136.0362,35.72258],[136.03619,35.72254],[136.03618,35.7225],[136.03616,35.72246],[136.03614,35.72242],[136.03612,35.72238],[136.0361,35.72234],[136.03609,35.7223],[136.03607,35.72225],[136.03606,35.7222],[136.03601,35.72198],[136.03599,35.72191],[136.03598,35.72186],[136.03597,35.72182],[136.03596,35.72179],[136.03595,35.72177],[136.03595,35.72174],[136.03594,35.72171],[136.03594,35.72168],[136.03595,35.72165],[136.03595,35.72162],[136.03596,35.72159],[136.03597,35.72156],[136.03597,35.72152],[136.03596,35.72148],[136.03594,35.72144],[136.03592,35.7214],[136.03589,35.72137],[136.03586,35.72134],[136.03582,35.72131],[136.03578,35.72129],[136.03575,35.72126],[136.03572,35.72124],[136.03571,35.72122],[136.0357,35.7212],[136.03569,35.72117],[136.0357,35.72114],[136.03571,35.72111],[136.03571,35.72106],[136.03571,35.72102],[136.03571,35.72098],[136.0357,35.72093],[136.03569,35.72089],[136.03568,35.72087],[136.03568,35.72082],[136.0357,35.72076],[136.03572,35.72071],[136.03574,35.72065],[136.03576,35.72059],[136.03581,35.72049],[136.03583,35.72043],[136.0359,35.7202],[136.03592,35.72014],[136.03594,35.72008],[136.03597,35.72001],[136.03601,35.71995],[136.03605,35.71989],[136.03609,35.71984],[136.03612,35.7198],[136.03613,35.71977],[136.03614,35.71976],[136.03614,35.71972],[136.03612,35.71967],[136.0361,35.7196],[136.03607,35.71954],[136.03605,35.71948],[136.03601,35.71939],[136.03599,35.71935],[136.03596,35.71925],[136.03595,35.7192],[136.03595,35.71919],[136.03593,35.71914],[136.03592,35.71909],[136.0359,35.71903],[136.03589,35.71897],[136.03589,35.7189],[136.0359,35.71883],[136.03591,35.71876],[136.03592,35.71869],[136.03593,35.71863],[136.03594,35.71857],[136.03597,35.71843],[136.03599,35.71829],[136.036,35.71822],[136.03601,35.71814],[136.03602,35.71808],[136.03603,35.71802],[136.03604,35.71796],[136.03606,35.71791],[136.03608,35.71786],[136.03612,35.71781],[136.03616,35.71776],[136.0362,35.7177],[136.03625,35.71764],[136.0363,35.71759],[136.03634,35.71754],[136.03639,35.71748],[136.03643,35.71743],[136.03648,35.71737],[136.03653,35.71731],[136.03658,35.71726],[136.03663,35.7172],[136.03667,35.71715],[136.03672,35.7171],[136.03678,35.71704],[136.03685,35.71698],[136.03691,35.71692],[136.03698,35.71686],[136.03704,35.71681],[136.0371,35.71677],[136.03715,35.71673],[136.03721,35.7167],[136.03724,35.71667],[136.03716,35.7166],[136.0371,35.71646],[136.03714,35.71633],[136.03721,35.71618],[136.03728,35.71608],[136.03727,35.71598],[136.03717,35.71583],[136.03712,35.71562],[136.03707,35.71546],[136.03712,35.71535],[136.03714,35.71526],[136.03711,35.7152],[136.03706,35.71511],[136.0369,35.71506],[136.03678,35.71507],[136.03662,35.71509],[136.0364,35.71512],[136.03624,35.71521],[136.03616,35.71531],[136.03607,35.71538],[136.0354,35.71567],[136.03529,35.71571],[136.03513,35.71574],[136.03496,35.71573],[136.03473,35.7157],[136.03437,35.71564],[136.03417,35.71562],[136.03395,35.71565],[136.03375,35.71576],[136.03356,35.71604],[136.03347,35.7163],[136.03342,35.7164],[136.03329,35.71644],[136.03312,35.71641],[136.03304,35.71638],[136.03296,35.71631],[136.03294,35.71603],[136.03294,35.71584],[136.0329,35.71563],[136.0328,35.71553],[136.03265,35.71545],[136.03259,35.71539],[136.03257,35.71538],[136.03238,35.71534],[136.03226,35.7154],[136.0321,35.7155],[136.032,35.71571],[136.03192,35.71581],[136.03186,35.71588],[136.03179,35.71589],[136.03173,35.71589],[136.03165,35.71582],[136.03159,35.7157],[136.03157,35.71555],[136.03154,35.71542],[136.03148,35.7153],[136.03138,35.71519],[136.03127,35.71511],[136.03113,35.71504],[136.03098,35.71497],[136.03094,35.71493],[136.03088,35.71487],[136.031,35.71481],[136.03107,35.71478],[136.03109,35.71469],[136.03115,35.71456],[136.03127,35.71443],[136.03137,35.71434],[136.03138,35.7142],[136.03134,35.71409],[136.03124,35.71398],[136.03112,35.71387],[136.03108,35.71381],[136.03099,35.71371],[136.03099,35.71356],[136.03103,35.71348],[136.0311,35.71333],[136.0311,35.71328],[136.03107,35.71322],[136.03106,35.71317],[136.03109,35.71304],[136.03112,35.71285],[136.03106,35.71266],[136.03103,35.7126],[136.03115,35.71259],[136.03127,35.71261],[136.03151,35.71273],[136.03166,35.71285],[136.03185,35.71294],[136.03199,35.71291],[136.03219,35.71273],[136.03235,35.71251],[136.03241,35.71239],[136.03246,35.71221],[136.03244,35.71208],[136.03254,35.71192],[136.03268,35.71182],[136.03274,35.71169],[136.03276,35.71166],[136.03278,35.71161],[136.03285,35.71146],[136.03304,35.71137],[136.03326,35.71135],[136.03341,35.71134],[136.03353,35.71134],[136.03362,35.71127],[136.03367,35.71116],[136.03367,35.71104],[136.03373,35.71098],[136.03395,35.71096],[136.03416,35.711],[136.03447,35.7111],[136.0347,35.71112],[136.03493,35.71108],[136.03521,35.71105],[136.0354,35.71108],[136.03555,35.71103],[136.03564,35.71096],[136.03569,35.71086],[136.03565,35.71063],[136.03564,35.71038],[136.03572,35.71021],[136.03589,35.71012],[136.03601,35.70999],[136.03607,35.70991],[136.03619,35.70992],[136.03632,35.70996],[136.03653,35.70996],[136.03664,35.7099],[136.03673,35.70966],[136.03666,35.70925],[136.03657,35.709],[136.03649,35.7089],[136.03638,35.70882],[136.0363,35.70874],[136.03624,35.70868],[136.0363,35.70862],[136.03636,35.70854],[136.0364,35.70846],[136.03639,35.70836],[136.03643,35.70827],[136.03657,35.70824],[136.03686,35.70836],[136.03721,35.70845],[136.03748,35.70848],[136.03758,35.70849],[136.03776,35.70848],[136.03788,35.70835],[136.03794,35.70817],[136.03804,35.70789],[136.03812,35.70765],[136.03811,35.70742],[136.03804,35.70726],[136.03778,35.70717],[136.03761,35.70705],[136.0374,35.70691],[136.03741,35.70683],[136.03755,35.70673],[136.03779,35.70667],[136.03806,35.70665],[136.03823,35.7066],[136.0384,35.70654],[136.03849,35.70646],[136.0399,35.70386],[136.03999,35.70377],[136.04006,35.70371],[136.04029,35.70366],[136.04054,35.70363],[136.04066,35.70363],[136.04088,35.70366],[136.04107,35.70378],[136.04141,35.70392],[136.04169,35.70406],[136.04195,35.70408],[136.04216,35.70404],[136.04257,35.70389],[136.04254,35.70384],[136.04251,35.7038],[136.0425,35.70376],[136.0425,35.70373],[136.0425,35.7037],[136.04249,35.70368],[136.04247,35.70366],[136.04245,35.70365],[136.04243,35.70365],[136.04242,35.70365],[136.0424,35.70366],[136.04239,35.70367],[136.04238,35.70367],[136.04236,35.70365],[136.04235,35.70363],[136.04235,35.7036],[136.04235,35.70357],[136.04235,35.70354],[136.04236,35.70351],[136.04235,35.70349],[136.04233,35.70347],[136.0423,35.70344],[136.04226,35.70342],[136.04224,35.70338],[136.04222,35.70334],[136.04221,35.7033],[136.0422,35.70327],[136.04219,35.70324],[136.04217,35.70321],[136.04216,35.70318],[136.04216,35.70314],[136.04216,35.7031],[136.04216,35.70308],[136.04216,35.70306],[136.04215,35.70304],[136.04214,35.70302],[136.04212,35.703],[136.04209,35.70299],[136.04203,35.70297],[136.04196,35.70296],[136.04189,35.70295],[136.04182,35.70294],[136.04179,35.70294],[136.04177,35.70293],[136.04174,35.70292],[136.04172,35.7029],[136.0417,35.70288],[136.04169,35.70285],[136.04166,35.7028],[136.04165,35.70274],[136.04164,35.70268],[136.04162,35.70264],[136.04162,35.7026],[136.04161,35.70257],[136.04161,35.70254],[136.04161,35.70251],[136.0416,35.7025],[136.0416,35.70249],[136.04158,35.70248],[136.04156,35.70248],[136.04155,35.70248],[136.04153,35.70247],[136.04152,35.70245],[136.04152,35.70241],[136.04152,35.70237],[136.04152,35.70233],[136.04151,35.70228],[136.0415,35.70223],[136.04149,35.70219],[136.04148,35.70215],[136.04147,35.70212],[136.04147,35.70209],[136.04147,35.70207],[136.04146,35.70206],[136.04146,35.70204],[136.04145,35.70204],[136.04143,35.70203],[136.04141,35.70203],[136.04139,35.70202],[136.04138,35.70201],[136.04138,35.70198],[136.04138,35.70195],[136.04138,35.70192],[136.04137,35.70188],[136.04135,35.70184],[136.04134,35.7018],[136.04134,35.70176],[136.04135,35.70175],[136.04136,35.70173],[136.04137,35.70171],[136.04139,35.7017],[136.04141,35.7017],[136.04143,35.70169],[136.04146,35.70169],[136.04151,35.7017],[136.04155,35.70171],[136.04157,35.7017],[136.04158,35.7017],[136.04158,35.70168],[136.04156,35.70165],[136.04156,35.70164],[136.04155,35.70162],[136.04154,35.70161],[136.04152,35.70158],[136.0415,35.70156],[136.0415,35.70155],[136.04149,35.70154],[136.0415,35.70154],[136.0415,35.70153],[136.04152,35.70153],[136.04154,35.70153],[136.04155,35.70153],[136.04156,35.70153],[136.04156,35.70153],[136.04156,35.70152],[136.04156,35.70152],[136.04156,35.70151],[136.04155,35.70151],[136.04154,35.7015],[136.04153,35.70149],[136.04151,35.70148],[136.04149,35.70147],[136.04149,35.70147],[136.04149,35.70147],[136.04149,35.70146],[136.04149,35.70146],[136.04149,35.70146],[136.04151,35.70146],[136.04154,35.70146],[136.04156,35.70146],[136.04157,35.70146],[136.04158,35.70146],[136.04158,35.70146],[136.04159,35.70145],[136.04159,35.70144],[136.04159,35.70143],[136.04159,35.70142],[136.04158,35.70141],[136.04158,35.70141],[136.04157,35.70141],[136.04157,35.7014],[136.04156,35.7014],[136.04154,35.7014],[136.04151,35.7014],[136.04148,35.7014],[136.04147,35.7014],[136.04146,35.70139],[136.04145,35.70139],[136.04144,35.70138],[136.04143,35.70138],[136.04142,35.70137],[136.04141,35.70135],[136.04139,35.70132],[136.04138,35.70127],[136.04137,35.70125],[136.04135,35.70122],[136.04134,35.70119],[136.04133,35.70117],[136.04132,35.70116],[136.04132,35.70116],[136.04132,35.70114],[136.04133,35.70112],[136.04135,35.70108],[136.04136,35.70104],[136.04137,35.70099],[136.04136,35.70094],[136.04134,35.70089],[136.04131,35.70085],[136.04127,35.70081],[136.04124,35.70077],[136.04122,35.70073],[136.04121,35.70069],[136.04121,35.70066],[136.04121,35.70062],[136.04123,35.70059],[136.04124,35.70055],[136.04125,35.70051],[136.04126,35.70048],[136.04127,35.70044],[136.04128,35.7004],[136.04128,35.70036],[136.04127,35.70031],[136.04126,35.70025],[136.04124,35.70019],[136.04122,35.70012],[136.04118,35.70006],[136.04114,35.70001],[136.0411,35.69997],[136.04106,35.69993],[136.04103,35.69988],[136.04101,35.69984],[136.04099,35.6998],[136.04097,35.69977],[136.04093,35.69973],[136.0409,35.6997],[136.04086,35.69966],[136.04083,35.69962],[136.0408,35.69957],[136.04078,35.69951],[136.04077,35.69946],[136.04076,35.6994],[136.04075,35.69935],[136.04074,35.69931],[136.04073,35.69926],[136.04072,35.69922],[136.04072,35.69918],[136.04071,35.69915],[136.0407,35.69911],[136.04068,35.69908],[136.04068,35.69905],[136.04068,35.69901],[136.0407,35.69898],[136.04072,35.69894],[136.04075,35.6989],[136.04079,35.69887],[136.04082,35.69883],[136.04085,35.69879],[136.04086,35.69877],[136.04089,35.69872],[136.04089,35.6987],[136.04091,35.69867],[136.04093,35.69862],[136.04095,35.69858],[136.04099,35.69853],[136.04103,35.6985],[136.04108,35.69846],[136.04113,35.69842],[136.04118,35.69838],[136.04123,35.69834],[136.04128,35.69831],[136.04133,35.69828],[136.04138,35.69825],[136.04144,35.69823],[136.04147,35.69822],[136.04154,35.6982],[136.04158,35.6982],[136.04161,35.6982],[136.04169,35.6982],[136.04177,35.69821],[136.04186,35.69822],[136.04194,35.69824],[136.04202,35.69826],[136.04209,35.69827],[136.04216,35.69829],[136.04222,35.69831],[136.04227,35.69833],[136.04232,35.69836],[136.04237,35.69838],[136.0424,35.69838],[136.04247,35.69839],[136.04255,35.6984],[136.04262,35.6984],[136.04269,35.6984],[136.04275,35.69841],[136.0428,35.69842],[136.04285,35.69843],[136.04288,35.69844],[136.04292,35.69844],[136.04296,35.69844],[136.043,35.69843],[136.04306,35.69842],[136.04312,35.6984],[136.0432,35.69839],[136.04329,35.69837],[136.04338,35.69836],[136.04347,35.69835],[136.04354,35.69833],[136.04361,35.69832],[136.04366,35.69831],[136.04371,35.6983],[136.04375,35.6983],[136.04379,35.6983],[136.04381,35.6983],[136.04384,35.69829],[136.04385,35.69827],[136.04386,35.69824],[136.04386,35.69821],[136.04386,35.69818],[136.04387,35.69815],[136.04388,35.69812],[136.0439,35.6981],[136.04392,35.69808],[136.04394,35.69807],[136.04398,35.69805],[136.04402,35.69802],[136.04408,35.69798],[136.04413,35.69794],[136.04419,35.6979],[136.04425,35.69786],[136.0443,35.69783],[136.04432,35.69781],[136.04433,35.69779],[136.04434,35.69777],[136.04435,35.69775],[136.04434,35.69771],[136.04432,35.69766],[136.04431,35.69761],[136.04431,35.69759],[136.04432,35.69754],[136.04434,35.6975],[136.04435,35.69745],[136.04435,35.6974],[136.04434,35.69734],[136.04434,35.69728],[136.04434,35.69722],[136.04434,35.69716],[136.04435,35.6971],[136.04437,35.69704],[136.04438,35.69696],[136.04438,35.69688],[136.04439,35.69681],[136.04442,35.69665],[136.04452,35.6963],[136.04454,35.69622],[136.04456,35.69615],[136.04459,35.69609],[136.04462,35.69604],[136.04465,35.69599],[136.04469,35.69593],[136.04474,35.69586],[136.04477,35.6958],[136.0448,35.69576],[136.04482,35.69571],[136.04482,35.69569],[136.04482,35.69563],[136.04481,35.69558],[136.0448,35.69553],[136.04479,35.69549],[136.0448,35.69545],[136.0448,35.69543],[136.04482,35.6954],[136.04485,35.69537],[136.04488,35.69534],[136.04491,35.69531],[136.04492,35.69527],[136.04493,35.69522],[136.04494,35.69517],[136.04496,35.6951],[136.04497,35.69504],[136.04496,35.69498],[136.04495,35.69493],[136.04494,35.69487],[136.04493,35.69482],[136.04492,35.69477],[136.04491,35.69472],[136.04488,35.69468],[136.04486,35.69467],[136.04482,35.69464],[136.04478,35.69461],[136.04474,35.69458],[136.04471,35.69455],[136.0447,35.69453],[136.04469,35.69449],[136.04469,35.69447],[136.04468,35.69442],[136.04468,35.69437],[136.04467,35.69434],[136.04466,35.69432],[136.04465,35.69431],[136.04463,35.6943],[136.0446,35.69429],[136.04455,35.69426],[136.04453,35.69425],[136.04451,35.69423],[136.0445,35.69422],[136.04448,35.69417],[136.04447,35.69413],[136.04445,35.69407],[136.04443,35.69402],[136.0444,35.69396],[136.04437,35.69391],[136.04434,35.69385],[136.04432,35.69379],[136.0443,35.69372],[136.04428,35.69366],[136.04426,35.69359],[136.04424,35.69352],[136.04422,35.69345],[136.04421,35.69339],[136.0442,35.69333],[136.0442,35.69328],[136.04421,35.69322],[136.04423,35.69317],[136.04424,35.69311],[136.04424,35.69309],[136.04424,35.69305],[136.04423,35.69303],[136.04421,35.69299],[136.0442,35.69295],[136.04418,35.69291],[136.04418,35.69288],[136.04419,35.69284],[136.0442,35.69281],[136.04422,35.69278],[136.04424,35.69275],[136.04426,35.69272],[136.04426,35.6927],[136.04426,35.69269],[136.04425,35.69268],[136.04422,35.69267],[136.04419,35.69265],[136.04416,35.69264],[136.04413,35.69262],[136.04412,35.6926],[136.04412,35.69259],[136.04412,35.69256],[136.04412,35.69255],[136.04413,35.69255],[136.04414,35.69255],[136.04416,35.69256],[136.04418,35.69257],[136.04419,35.69257],[136.04419,35.69256],[136.0442,35.69256],[136.0442,35.69255],[136.04419,35.69252],[136.04418,35.6925],[136.04417,35.69248],[136.04416,35.69248],[136.04414,35.69247],[136.04411,35.69246],[136.04409,35.69246],[136.04408,35.69245],[136.04407,35.69244],[136.04407,35.69241],[136.04406,35.69236],[136.04405,35.69231],[136.04405,35.69226],[136.04406,35.69222],[136.04408,35.69219],[136.04411,35.69217],[136.04413,35.69214],[136.04413,35.69214],[136.04416,35.69212],[136.04418,35.69208],[136.0442,35.69204],[136.04422,35.692],[136.04426,35.69196],[136.04428,35.69194],[136.04432,35.69191],[136.04436,35.6919],[136.04438,35.69188],[136.04439,35.69187],[136.04439,35.69186],[136.04438,35.69184],[136.04436,35.69181],[136.04434,35.69178],[136.04432,35.69175],[136.04431,35.69171],[136.04432,35.69169],[136.04433,35.69164],[136.04435,35.69161],[136.04437,35.69158],[136.04438,35.69154],[136.04438,35.69153],[136.04437,35.69149],[136.04435,35.69146],[136.04434,35.69144],[136.04433,35.6914],[136.04431,35.69136],[136.0443,35.69131],[136.04427,35.69126],[136.04423,35.69121],[136.04418,35.69117],[136.04413,35.69113],[136.04408,35.69111],[136.04402,35.69109],[136.04393,35.69107],[136.04383,35.69106],[136.04375,35.69105],[136.04368,35.69107],[136.04363,35.69108],[136.04356,35.6911],[136.04353,35.69111],[136.0435,35.69113],[136.04348,35.69115],[136.04345,35.69118],[136.04343,35.69121],[136.0434,35.69128],[136.04338,35.69136],[136.04336,35.69142],[136.04334,35.69147],[136.04332,35.6915],[136.04331,35.69151],[136.04328,35.69153],[136.04326,35.69153],[136.04321,35.69154],[136.04316,35.69154],[136.04311,35.69153],[136.04306,35.69153],[136.043,35.69153],[136.04295,35.69155],[136.04289,35.69157],[136.04282,35.69159],[136.04279,35.69159],[136.04272,35.69158],[136.04264,35.69157],[136.04256,35.69155],[136.04248,35.69154],[136.0424,35.69154],[136.04233,35.69154],[136.04228,35.69154],[136.04222,35.69154],[136.04219,35.69153],[136.04211,35.69151],[136.04203,35.69148],[136.04196,35.69145],[136.04192,35.69144],[136.04188,35.69143],[136.04184,35.69141],[136.0418,35.6914],[136.04178,35.6914],[136.04176,35.6914],[136.04175,35.69141],[136.04172,35.69143],[136.04168,35.69146],[136.04164,35.69149],[136.04158,35.69153],[136.04153,35.69158],[136.04148,35.69162],[136.04145,35.69163],[136.04142,35.69164],[136.04137,35.69163],[136.04132,35.69162],[136.0413,35.69162],[136.04128,35.69162],[136.04123,35.69164],[136.04119,35.69166],[136.04115,35.69169],[136.04111,35.69171],[136.04106,35.69171],[136.041,35.69171],[136.04092,35.69171],[136.04082,35.69171],[136.04073,35.6917],[136.04067,35.69169],[136.04062,35.69169],[136.04057,35.69169],[136.04052,35.6917],[136.04047,35.69171],[136.04043,35.6917],[136.04041,35.69169],[136.04037,35.69167],[136.04034,35.69165],[136.0403,35.69163],[136.04025,35.69161],[136.04019,35.69161],[136.04016,35.69161],[136.04014,35.69162],[136.04012,35.69162],[136.04009,35.69165],[136.04007,35.69167],[136.04005,35.6917],[136.04002,35.69174],[136.03999,35.69178],[136.03997,35.6918],[136.03994,35.69183],[136.03992,35.69184],[136.0399,35.69184],[136.03984,35.69185],[136.03981,35.69185],[136.03975,35.69184],[136.03969,35.69183],[136.03964,35.69182],[136.03961,35.69183],[136.03959,35.69184],[136.03957,35.69185],[136.03956,35.69186],[136.03955,35.69188],[136.03954,35.69189],[136.03954,35.69191],[136.03954,35.69192],[136.03955,35.69193],[136.03957,35.69195],[136.03955,35.692],[136.03954,35.69204],[136.03954,35.69208],[136.03955,35.69212],[136.03957,35.69214],[136.03957,35.69215],[136.03958,35.69215],[136.0396,35.69216],[136.03963,35.69217],[136.03967,35.69218],[136.03971,35.69219],[136.03974,35.6922],[136.03978,35.69221],[136.03981,35.69223],[136.03982,35.69225],[136.03984,35.69229],[136.03984,35.69233],[136.03984,35.69237],[136.03984,35.6924],[136.03982,35.69243],[136.03979,35.69247],[136.03977,35.69251],[136.03975,35.69255],[136.03973,35.6926],[136.03971,35.69265],[136.0397,35.6927],[136.03969,35.69276],[136.03968,35.69281],[136.03968,35.69286],[136.03967,35.69293],[136.03966,35.693],[136.03966,35.69307],[136.03965,35.69313],[136.03964,35.69319],[136.03963,35.69321],[136.03962,35.69325],[136.0396,35.69327],[136.03957,35.6933],[136.03954,35.69333],[136.0395,35.69336],[136.03946,35.69339],[136.03941,35.69342],[136.03935,35.69345],[136.0393,35.69348],[136.03925,35.69351],[136.0392,35.69355],[136.03916,35.69359],[136.03893,35.69352],[136.03889,35.69361],[136.0391,35.69368],[136.0391,35.69371],[136.0391,35.69374],[136.03911,35.69378],[136.03914,35.69385],[136.03912,35.69386],[136.03919,35.69391],[136.03974,35.6941],[136.03988,35.69421],[136.03996,35.69428],[136.04004,35.69436],[136.04007,35.69444],[136.04004,35.69455],[136.03996,35.69467],[136.03993,35.69478],[136.03998,35.69487],[136.04011,35.69503],[136.04012,35.69513],[136.04004,35.69525],[136.04001,35.69537],[136.04006,35.69551],[136.04012,35.69564],[136.0401,35.69574],[136.03993,35.69578],[136.03968,35.69587],[136.03949,35.69598],[136.03927,35.69613],[136.03912,35.69637],[136.03893,35.69646],[136.03879,35.69651],[136.0387,35.6965],[136.0386,35.6964],[136.03847,35.69636],[136.03834,35.69634],[136.03824,35.69641],[136.03823,35.69662],[136.03815,35.69679],[136.03812,35.69698],[136.03802,35.69706],[136.03794,35.69711],[136.03775,35.69708],[136.03764,35.69706],[136.03756,35.69709],[136.0374,35.69718],[136.03736,35.69734],[136.03732,35.69742],[136.03728,35.69751],[136.03711,35.69755],[136.037,35.69759],[136.03695,35.69765],[136.03698,35.69775],[136.03703,35.69791],[136.03703,35.69803],[136.03689,35.69806],[136.03673,35.69802],[136.03643,35.69805],[136.03617,35.698],[136.03599,35.69793],[136.03589,35.69788],[136.03584,35.69778],[136.03592,35.69756],[136.03593,35.69735],[136.03601,35.69718],[136.03596,35.69709],[136.03591,35.69702],[136.03586,35.69693],[136.03589,35.6968],[136.03588,35.6967],[136.03582,35.69658],[136.03569,35.69647],[136.0355,35.69638],[136.03532,35.69637],[136.03519,35.6964],[136.03503,35.69643],[136.0349,35.69626],[136.0348,35.69623],[136.03468,35.69622],[136.03452,35.69624],[136.03438,35.69629],[136.03427,35.69633],[136.0341,35.69632],[136.0339,35.69619],[136.03372,35.69606],[136.03351,35.69599],[136.03341,35.69596],[136.03325,35.69598],[136.03317,35.69603],[136.03308,35.69609],[136.03297,35.69608],[136.03284,35.69604],[136.03272,35.69598],[136.03264,35.69595],[136.03256,35.69593],[136.03245,35.69592],[136.03236,35.69593],[136.03215,35.69592],[136.03194,35.69589],[136.03183,35.69588],[136.03168,35.69581],[136.03159,35.69574],[136.03142,35.69573],[136.03113,35.69563],[136.03101,35.69558],[136.03101,35.69546],[136.03103,35.69534],[136.03098,35.69526],[136.03082,35.69511],[136.03066,35.69488],[136.0305,35.69476],[136.03049,35.69473],[136.03036,35.69462],[136.03028,35.69454],[136.03017,35.69446],[136.03015,35.69438],[136.03015,35.69426],[136.03017,35.6941],[136.03013,35.69386],[136.03007,35.6936],[136.03008,35.69353],[136.03002,35.69346],[136.02994,35.69344],[136.02984,35.69348],[136.02981,35.69354],[136.02977,35.69368],[136.02967,35.69384],[136.02956,35.694],[136.02946,35.69409],[136.02933,35.69411],[136.02919,35.69415],[136.02898,35.6941],[136.02893,35.69407],[136.02884,35.69401],[136.0288,35.69385],[136.02876,35.69374],[136.02874,35.69366],[136.02874,35.69347],[136.02871,35.69341],[136.02862,35.69336],[136.02847,35.69329],[136.02836,35.6932],[136.02825,35.69319],[136.02815,35.69316],[136.02801,35.69319],[136.02783,35.6934],[136.02762,35.69352],[136.0274,35.6936],[136.0272,35.69366],[136.02703,35.69363],[136.02691,35.69352],[136.02689,35.69337],[136.02702,35.69321],[136.02706,35.6931],[136.02708,35.69304],[136.02704,35.69285],[136.02694,35.69263],[136.02686,35.69243],[136.02676,35.69233],[136.02659,35.69225],[136.02637,35.6922],[136.02619,35.69222],[136.02608,35.69221],[136.02593,35.69213],[136.02584,35.69201],[136.02571,35.69185],[136.02557,35.6917],[136.02541,35.69153],[136.02538,35.69148],[136.02531,35.69138],[136.0252,35.69126],[136.02516,35.69111],[136.02504,35.69091],[136.02496,35.69073],[136.025,35.69052],[136.0251,35.69031],[136.0252,35.69022],[136.02536,35.69015],[136.02559,35.69015],[136.0259,35.69025],[136.02606,35.6903],[136.02623,35.69024],[136.02643,35.69013],[136.02659,35.68999],[136.02661,35.68987],[136.02656,35.68973],[136.02654,35.68958],[136.02658,35.68945],[136.0267,35.68932],[136.02687,35.68915],[136.0272,35.68889],[136.02734,35.68865],[136.02739,35.68842],[136.02745,35.68829],[136.02745,35.68817],[136.02742,35.68799],[136.02749,35.68784],[136.0276,35.68764],[136.02769,35.68754],[136.02781,35.68746],[136.0279,35.68741],[136.02787,35.68737],[136.02783,35.68732],[136.02781,35.68728],[136.02778,35.68723],[136.02776,35.68719],[136.02773,35.68709],[136.0278,35.68706],[136.02778,35.68704],[136.02766,35.68709],[136.02762,35.68704],[136.02758,35.68699],[136.02754,35.68695],[136.02751,35.68691],[136.02749,35.68689],[136.02747,35.68687],[136.02746,35.68685],[136.02745,35.68683],[136.02744,35.68678],[136.02751,35.68675],[136.0275,35.68672],[136.02739,35.68677],[136.02733,35.68672],[136.02728,35.68667],[136.02724,35.68663],[136.0272,35.68659],[136.02718,35.68655],[136.02717,35.68649],[136.02727,35.68644],[136.02726,35.68642],[136.02708,35.68649],[136.02705,35.68646],[136.02702,35.68643],[136.02699,35.6864],[136.02698,35.68637],[136.02698,35.68633],[136.02698,35.68629],[136.02699,35.68626],[136.027,35.68624],[136.027,35.68621],[136.027,35.68619],[136.027,35.68617],[136.02699,35.68612],[136.02703,35.68611],[136.02701,35.68608],[136.02689,35.68614],[136.02683,35.68601],[136.0268,35.68596],[136.02678,35.68592],[136.02675,35.68588],[136.02672,35.68585],[136.02669,35.68583],[136.02685,35.68577],[136.02684,35.68574],[136.02666,35.68581],[136.02655,35.68569],[136.02652,35.68565],[136.02648,35.68563],[136.02645,35.68561],[136.02643,35.68559],[136.02642,35.68559],[136.02638,35.68551],[136.02663,35.68542],[136.02661,35.68539],[136.0264,35.68547],[136.02637,35.68544],[136.02635,35.6854],[136.02632,35.68535],[136.0263,35.68529],[136.02629,35.68522],[136.02628,35.68515],[136.02626,35.68508],[136.02625,35.68502],[136.02623,35.68497],[136.0262,35.6849],[136.02622,35.68489],[136.02621,35.68486],[136.0262,35.68487],[136.02615,35.68489],[136.02611,35.68482],[136.02607,35.68477],[136.02603,35.68472],[136.026,35.68467],[136.02598,35.68463],[136.02595,35.6846],[136.02593,35.68456],[136.02591,35.68452],[136.02587,35.68439],[136.02598,35.68436],[136.02597,35.68434],[136.02594,35.68435],[136.02594,35.68432],[136.02593,35.68429],[136.02592,35.68426],[136.0259,35.68424],[136.02588,35.68422],[136.02586,35.6842],[136.02584,35.68418],[136.02582,35.68416],[136.0258,35.68414],[136.0258,35.68411],[136.0258,35.68409],[136.02582,35.68406],[136.02584,35.68404],[136.02586,35.68402],[136.02587,35.684],[136.02588,35.68398],[136.02589,35.68396],[136.0259,35.68395],[136.02591,35.68393],[136.02591,35.68392],[136.02591,35.6839],[136.0259,35.68389],[136.02589,35.68388],[136.02586,35.68386],[136.02585,35.68384],[136.02567,35.68387],[136.02564,35.68382],[136.02561,35.68377],[136.02559,35.68373],[136.02558,35.68368],[136.02557,35.68363],[136.02557,35.68358],[136.02557,35.68354],[136.02557,35.6835],[136.02558,35.68341],[136.02568,35.6834],[136.02567,35.68337],[136.02557,35.68339],[136.02554,35.68326],[136.02554,35.68322],[136.02554,35.68318],[136.02554,35.68315],[136.02555,35.68314],[136.02555,35.68313],[136.02556,35.6831],[136.02558,35.68307],[136.02559,35.68304],[136.0256,35.68301],[136.02559,35.68301],[136.02559,35.683],[136.02557,35.68299],[136.02554,35.68299],[136.02551,35.68299],[136.02547,35.683],[136.02543,35.683],[136.02539,35.683],[136.02539,35.68293],[136.02569,35.68292],[136.02568,35.68289],[136.02552,35.6829],[136.02546,35.68231],[136.02567,35.68229],[136.02566,35.68227],[136.02568,35.68225],[136.0257,35.68223],[136.02571,35.68221],[136.02571,35.68221],[136.02569,35.68218],[136.02567,35.68216],[136.02564,35.68215],[136.0256,35.68213],[136.02556,35.68212],[136.02551,35.68211],[136.02549,35.6821],[136.02548,35.6821],[136.02546,35.68208],[136.02545,35.68207],[136.02544,35.68204],[136.02543,35.68199],[136.02542,35.68194],[136.02542,35.68189],[136.02541,35.68184],[136.02542,35.68179],[136.02542,35.68175],[136.02544,35.68168],[136.02551,35.68168],[136.02551,35.68165],[136.02537,35.68166],[136.02535,35.68162],[136.02533,35.68159],[136.02531,35.68154],[136.0253,35.6815],[136.02529,35.68145],[136.02528,35.6814],[136.02528,35.68135],[136.02527,35.6813],[136.02527,35.68126],[136.02527,35.68122],[136.02526,35.68119],[136.02524,35.6811],[136.02545,35.68111],[136.02545,35.68108],[136.02536,35.68108],[136.02536,35.68101],[136.02536,35.68094],[136.02537,35.68088],[136.02538,35.68082],[136.0254,35.68076],[136.02545,35.68066],[136.02547,35.68066],[136.02547,35.68069],[136.02552,35.6807],[136.02553,35.68063],[136.02553,35.68061],[136.02548,35.68061],[136.02547,35.68063],[136.02545,35.68063],[136.0255,35.68053],[136.02555,35.68043],[136.0256,35.68034],[136.02565,35.68025],[136.0257,35.68016],[136.02575,35.68008],[136.02581,35.67999],[136.02589,35.6799],[136.02597,35.6798],[136.02606,35.67971],[136.02616,35.67961],[136.02627,35.67951],[136.02638,35.67942],[136.02648,35.67933],[136.02658,35.67925],[136.02667,35.67918],[136.02676,35.67912],[136.02684,35.67906],[136.02692,35.67902],[136.027,35.67898],[136.02707,35.67895],[136.02715,35.67892],[136.02722,35.67889],[136.02708,35.67867],[136.02723,35.67852],[136.02738,35.6784],[136.02751,35.67837],[136.0277,35.67828],[136.0278,35.67819],[136.02785,35.67809],[136.02795,35.67788],[136.02809,35.67765],[136.02828,35.67745],[136.02838,35.67736],[136.02858,35.6773],[136.02893,35.67719],[136.02913,35.67709],[136.02929,35.67699],[136.02948,35.67691],[136.02957,35.67684],[136.02956,35.67674],[136.02948,35.6764],[136.02944,35.67617],[136.02957,35.67604],[136.02973,35.67587],[136.02987,35.67577],[136.03002,35.6757],[136.03014,35.67564],[136.03024,35.67555],[136.03028,35.67541],[136.03029,35.67532],[136.03036,35.67524],[136.03043,35.67522],[136.03059,35.67512],[136.0307,35.67501],[136.03069,35.67484],[136.03057,35.67453],[136.03036,35.67429],[136.03035,35.67424],[136.03031,35.67416],[136.03036,35.67405],[136.03046,35.67389],[136.03054,35.67367],[136.03055,35.67346],[136.0305,35.67312],[136.03045,35.67296],[136.03048,35.67273],[136.03051,35.67252],[136.03032,35.67224],[136.03028,35.67213],[136.03027,35.67203],[136.03032,35.672],[136.03039,35.67197],[136.03056,35.67205],[136.03067,35.67213],[136.03079,35.67212],[136.0309,35.67208],[136.03103,35.67205],[136.03117,35.67227],[136.03148,35.67261],[136.03168,35.6727],[136.03189,35.67274],[136.03203,35.67276],[136.03214,35.6728],[136.03218,35.67288],[136.03228,35.67311],[136.03247,35.67329],[136.03258,35.67334],[136.03266,35.67338],[136.03284,35.67351],[136.03291,35.67367],[136.03305,35.67374],[136.03319,35.67376],[136.03335,35.67367],[136.03357,35.67359],[136.03372,35.67364],[136.03384,35.67378],[136.034,35.67393],[136.03404,35.67404],[136.03404,35.67416],[136.03402,35.67432],[136.03404,35.67442],[136.03416,35.67454],[136.03437,35.67453],[136.03442,35.6745],[136.03453,35.67451],[136.03464,35.67452],[136.03482,35.67465],[136.035,35.67483],[136.03522,35.67492],[136.0354,35.67498],[136.0355,35.67509],[136.03568,35.67522],[136.03578,35.6752],[136.03587,35.67506],[136.03601,35.67471],[136.03622,35.674],[136.03623,35.67342],[136.03632,35.67323],[136.03639,35.67308],[136.03663,35.67289],[136.03698,35.67271],[136.0371,35.67246],[136.03718,35.67229],[136.03716,35.67216],[136.03715,35.67204],[136.03706,35.67186],[136.03706,35.67172],[136.03708,35.67156],[136.03714,35.67138],[136.03715,35.67109],[136.03708,35.6708],[136.03699,35.67055],[136.03695,35.67039],[136.03691,35.67029],[136.03695,35.6702],[136.03702,35.67012],[136.03719,35.67013],[136.03745,35.67009],[136.03765,35.67004],[136.03776,35.66993],[136.03783,35.66973],[136.03781,35.66961],[136.03779,35.66955],[136.03771,35.66935],[136.03762,35.66922],[136.03757,35.66914],[136.03756,35.66903],[136.03767,35.66892],[136.03786,35.66879],[136.03801,35.66859],[136.03806,35.66854],[136.0382,35.66851],[136.03856,35.66843],[136.03881,35.66827],[136.03893,35.66821],[136.03902,35.66826],[136.03902,35.66841],[136.03904,35.66866],[136.03922,35.66886],[136.03938,35.66889],[136.03963,35.6688],[136.03974,35.66876],[136.03985,35.66877],[136.03991,35.66884],[136.03994,35.6689],[136.03991,35.66903],[136.03992,35.66925],[136.04004,35.66932],[136.04019,35.66931],[136.04021,35.66931],[136.04033,35.66926],[136.04048,35.66914],[136.04057,35.66907],[136.0407,35.66911],[136.04075,35.6692],[136.04081,35.66937],[136.04102,35.66956],[136.04108,35.66961],[136.04125,35.66977],[136.04136,35.66986],[136.04146,35.66989],[136.0415,35.66986],[136.04159,35.66981],[136.0417,35.6697],[136.04202,35.66947],[136.04271,35.66951],[136.04271,35.66947],[136.04271,35.66944],[136.0427,35.6694],[136.04269,35.66937],[136.04267,35.66934],[136.04265,35.66931],[136.04262,35.66928],[136.04261,35.66925],[136.0426,35.66922],[136.04259,35.6692],[136.0426,35.66917],[136.04262,35.66915],[136.04263,35.66913],[136.04265,35.66911],[136.04266,35.6691],[136.04268,35.66906],[136.0427,35.66902],[136.04272,35.66898],[136.04274,35.66894],[136.04275,35.6689],[136.04277,35.66886],[136.04278,35.66883],[136.04277,35.66881],[136.04277,35.6688],[136.04275,35.66877],[136.04273,35.66874],[136.04271,35.66872],[136.04269,35.6687],[136.04268,35.66868],[136.04268,35.66866],[136.04268,35.66865],[136.04269,35.66863],[136.0427,35.66861],[136.0427,35.6686],[136.04268,35.66858],[136.04268,35.66858],[136.04265,35.66858],[136.04262,35.66859],[136.0426,35.66859],[136.04259,35.66859],[136.04259,35.66858],[136.04258,35.66857],[136.04257,35.66853],[136.04257,35.6685],[136.04256,35.66847],[136.04256,35.66843],[136.04254,35.66839],[136.04251,35.66835],[136.04246,35.66832],[136.04243,35.66828],[136.04241,35.66825],[136.04239,35.66822],[136.04238,35.6682],[136.04234,35.66818],[136.04231,35.66816],[136.04228,35.66813],[136.04226,35.66811],[136.04224,35.66809],[136.04224,35.66807],[136.04223,35.66803],[136.04222,35.66799],[136.04221,35.66794],[136.0422,35.66789],[136.0422,35.66784],[136.0422,35.66778],[136.04221,35.66771],[136.04223,35.66764],[136.04225,35.66758],[136.04226,35.66753],[136.04226,35.6675],[136.04225,35.66749],[136.04225,35.66747],[136.04222,35.66744],[136.0422,35.66742],[136.04219,35.66738],[136.04219,35.66737],[136.0422,35.66733],[136.04221,35.66729],[136.04222,35.66724],[136.04224,35.6672],[136.04226,35.66716],[136.04228,35.66712],[136.0423,35.6671],[136.04231,35.66708],[136.04234,35.66705],[136.04237,35.66702],[136.0424,35.667],[136.04242,35.66697],[136.04244,35.66693],[136.04247,35.66689],[136.04251,35.66684],[136.04256,35.66679],[136.0426,35.66673],[136.04264,35.66667],[136.04267,35.66661],[136.0427,35.66655],[136.04271,35.66649],[136.04271,35.66646],[136.04271,35.66643],[136.0427,35.66638],[136.04269,35.66633],[136.04269,35.66628],[136.0427,35.66626],[136.04272,35.66621],[136.04275,35.66617],[136.04278,35.66614],[136.04282,35.6661],[136.04284,35.66606],[136.04287,35.66602],[136.04289,35.66597],[136.04291,35.66592],[136.04293,35.66586],[136.04295,35.66581],[136.04297,35.66575],[136.04297,35.66571],[136.04299,35.66567],[136.04302,35.66562],[136.04306,35.66557],[136.0431,35.66553],[136.04315,35.6655],[136.04319,35.66546],[136.04323,35.66542],[136.04326,35.66537],[136.04329,35.66533],[136.04332,35.66528],[136.04334,35.66524],[136.04335,35.66521],[136.04337,35.66516],[136.0434,35.66512],[136.0434,35.6651],[136.04342,35.66508],[136.04345,35.66506],[136.04348,35.66504],[136.0435,35.66502],[136.04353,35.665],[136.04356,35.66497],[136.0436,35.66493],[136.04364,35.6649],[136.04368,35.66488],[136.04372,35.66486],[136.04373,35.66484],[136.04376,35.66481],[136.04377,35.6648],[136.04379,35.66479],[136.04381,35.66479],[136.04387,35.66478],[136.04392,35.66478],[136.04395,35.66476],[136.04396,35.66475],[136.04398,35.66473],[136.04401,35.66471],[136.04404,35.66468],[136.04407,35.66465],[136.0441,35.66462],[136.04412,35.66459],[136.04412,35.66457],[136.04411,35.66453],[136.04411,35.66452],[136.0441,35.6645],[136.04406,35.66447],[136.04403,35.66444],[136.04402,35.66443],[136.04401,35.66441],[136.04401,35.66438],[136.04402,35.66435],[136.04403,35.66433],[136.04404,35.6643],[136.04407,35.66429],[136.0441,35.66427],[136.04412,35.66427],[136.04413,35.66427],[136.04415,35.66428],[136.04417,35.66429],[136.0442,35.6643],[136.04422,35.66429],[136.04425,35.66428],[136.04428,35.66426],[136.04431,35.66423],[136.04434,35.66421],[136.04437,35.66419],[136.0444,35.66417],[136.04445,35.66415],[136.0445,35.66413],[136.04456,35.6641],[136.04462,35.66408],[136.04469,35.66405],[136.04475,35.66403],[136.04482,35.664],[136.04488,35.66397],[136.04494,35.66394],[136.04499,35.66392],[136.04503,35.6639],[136.04507,35.66387],[136.04511,35.66385],[136.04513,35.66385],[136.04516,35.66384],[136.04521,35.66384],[136.04525,35.66384],[136.04526,35.66384],[136.04527,35.66383],[136.04527,35.66382],[136.04527,35.6638],[136.04525,35.66377],[136.04523,35.66373],[136.04521,35.6637],[136.04521,35.66368],[136.04521,35.66365],[136.04522,35.66362],[136.04524,35.6636],[136.04526,35.66359],[136.0453,35.66357],[136.04534,35.66356],[136.04539,35.66354],[136.04544,35.66353],[136.04548,35.66352],[136.0455,35.66351],[136.04551,35.6635],[136.04552,35.66347],[136.04552,35.66344],[136.04474,35.66338],[136.04464,35.66335],[136.04456,35.66329],[136.04449,35.66323],[136.04446,35.66315],[136.04439,35.6631],[136.04424,35.66307],[136.0433,35.66311],[136.04265,35.66317],[136.04175,35.66318],[136.04127,35.66327],[136.04108,35.66335],[136.04095,35.66343],[136.04077,35.66345],[136.04057,35.66348],[136.04017,35.66357],[136.03983,35.66366],[136.03961,35.66376],[136.03925,35.66389],[136.03896,35.66401],[136.03858,35.66411],[136.03816,35.66424],[136.0378,35.66432],[136.03744,35.66445],[136.03743,35.66446],[136.03695,35.66461],[136.03671,35.66475],[136.03602,35.66507],[136.03553,35.6653],[136.03519,35.66551],[136.03484,35.66564],[136.03432,35.66579],[136.03368,35.66595],[136.03308,35.66602],[136.03245,35.66604],[136.03196,35.66601],[136.03171,35.66597],[136.03131,35.66594],[136.03075,35.66581],[136.03016,35.66562],[136.02969,35.66543],[136.02924,35.66524],[136.02919,35.66522],[136.02867,35.66505],[136.02804,35.6649],[136.02768,35.66478],[136.02757,35.66475],[136.02749,35.66475],[136.02731,35.66466],[136.02707,35.66462],[136.02685,35.6645],[136.02626,35.66432],[136.02578,35.66434],[136.02507,35.66448],[136.02444,35.66458],[136.0241,35.6648],[136.02378,35.665],[136.02371,35.66559],[136.02349,35.66607],[136.023,35.66657],[136.02248,35.66699],[136.02175,35.66734],[136.02164,35.66741],[136.02124,35.66766],[136.02079,35.66781],[136.02002,35.66793],[136.01947,35.66797],[136.01878,35.66797],[136.01809,35.66798],[136.01714,35.66798],[136.01631,35.66789],[136.01553,35.66788],[136.01478,35.66786],[136.01439,35.66777],[136.01413,35.66771],[136.01351,35.66743],[136.01337,35.6676],[136.01303,35.66782],[136.01222,35.66805],[136.0118,35.66868],[136.01117,35.66915],[136.00995,35.66938],[136.00972,35.66962],[136.00953,35.66982],[136.00938,35.67065],[136.00967,35.67225],[136.0099,35.67288],[136.00996,35.67324],[136.00987,35.67353],[136.00955,35.67391],[136.00961,35.67436],[136.00986,35.67484],[136.01033,35.67546],[136.01053,35.67584],[136.01051,35.67603],[136.01015,35.67625],[136.00998,35.67657],[136.00975,35.67689],[136.00911,35.67756],[136.00906,35.67776],[136.00915,35.67844],[136.00932,35.67894],[136.00962,35.67924],[136.01023,35.67974],[136.01021,35.68004],[136.01025,35.6803],[136.0105,35.6805],[136.01086,35.68075],[136.01107,35.68102],[136.01122,35.6814],[136.0114,35.68261],[136.01153,35.68299],[136.0119,35.68344],[136.01221,35.68369],[136.01257,35.68382],[136.01282,35.68404],[136.01277,35.68443],[136.01247,35.68486],[136.01211,35.68529],[136.01178,35.68576],[136.01167,35.68599],[136.01153,35.68648],[136.011,35.68743],[136.01088,35.6877],[136.01113,35.68808],[136.01158,35.68848],[136.01172,35.68867],[136.01195,35.68911],[136.01198,35.68952],[136.01176,35.68988],[136.01143,35.69008],[136.01132,35.69022],[136.01138,35.69044],[136.01168,35.69083],[136.01137,35.69179],[136.0108,35.69313],[136.0107,35.69353],[136.01091,35.69391],[136.01106,35.69425],[136.01083,35.69473],[136.0109,35.69535],[136.01112,35.69587],[136.01146,35.69628],[136.01263,35.6973],[136.01255,35.69739],[136.01186,35.6978],[136.01178,35.69829],[136.01153,35.69863],[136.01116,35.69891],[136.01102,35.69924],[136.01095,35.70007],[136.01076,35.70077],[136.01046,35.70105],[136.01026,35.70138],[136.01041,35.70228],[136.01058,35.70302],[136.01061,35.70352],[136.01056,35.70408],[136.01062,35.70429],[136.0109,35.70485],[136.01118,35.70563],[136.01121,35.70567],[136.01147,35.70606],[136.01211,35.70692],[136.01215,35.70737],[136.01192,35.70772],[136.01173,35.70785],[136.01124,35.70796],[136.01108,35.70805],[136.01092,35.70821],[136.01081,35.7085],[136.01073,35.7088],[136.01065,35.70889],[136.01044,35.70899],[136.01034,35.70909],[136.0103,35.70925],[136.01025,35.70988],[136.01034,35.70994],[136.01096,35.71032],[136.01112,35.71049],[136.01134,35.71085],[136.01159,35.71142],[136.01162,35.71184],[136.01163,35.71205],[136.01155,35.71227],[136.0119,35.71422],[136.01213,35.71528],[136.01272,35.71622],[136.01291,35.71663],[136.01311,35.7169],[136.01349,35.71732],[136.01342,35.71755],[136.01301,35.71822],[136.01288,35.7187],[136.01294,35.71951],[136.01303,35.72059],[136.01251,35.7212],[136.01257,35.72219],[136.01272,35.72255],[136.01277,35.72286],[136.01264,35.72331],[136.01269,35.7237],[136.01262,35.72444],[136.01254,35.72478],[136.01241,35.72502],[136.01224,35.7251],[136.01156,35.72528],[136.01117,35.72545],[136.01037,35.72616],[136.01016,35.7265],[136.01007,35.72706],[136.00979,35.72738],[136.00969,35.72771],[136.00947,35.72805],[136.00933,35.72815],[136.00884,35.7283],[136.00826,35.72845],[136.00785,35.72867],[136.0076,35.72908],[136.00741,35.72948],[136.00708,35.72978],[136.0067,35.72996],[136.00665,35.72995],[136.00672,35.73005],[136.00676,35.7304],[136.0067,35.73077],[136.00676,35.73121],[136.00689,35.73169],[136.00705,35.7323],[136.00718,35.73277],[136.00724,35.73304],[136.00719,35.73319],[136.00717,35.73331],[136.00705,35.73349],[136.00704,35.73358],[136.00711,35.73375],[136.00752,35.7342],[136.00789,35.73466],[136.00815,35.73493],[136.00838,35.73508],[136.00865,35.73519],[136.00903,35.73546],[136.00958,35.73568],[136.01018,35.73592],[136.01021,35.73594],[136.01056,35.73611],[136.01098,35.73642],[136.01159,35.73688],[136.01195,35.73719],[136.01222,35.73737],[136.01253,35.73747],[136.01287,35.73756],[136.01308,35.73763],[136.01342,35.73785],[136.01368,35.73799],[136.01415,35.73819],[136.01438,35.73838],[136.0147,35.73865],[136.01502,35.73885],[136.01521,35.73901],[136.01546,35.73912],[136.01564,35.73924],[136.01579,35.73968],[136.016,35.74019],[136.0164,35.74072],[136.01645,35.74079],[136.01695,35.74132],[136.01744,35.74173],[136.01752,35.74179],[136.01814,35.74211],[136.01878,35.74227],[136.01911,35.74232],[136.01932,35.74239],[136.01956,35.74251],[136.01977,35.74268],[136.01994,35.74276],[136.02021,35.74282],[136.02034,35.74286],[136.02047,35.7429],[136.02062,35.7431],[136.02092,35.74345],[136.02131,35.74375],[136.02159,35.74394],[136.02181,35.74407],[136.02203,35.7442],[136.02205,35.74395],[136.02199,35.74372],[136.02199,35.74341],[136.02194,35.74304],[136.02197,35.74274],[136.02199,35.74239],[136.022,35.7421],[136.02209,35.74184],[136.02222,35.74165],[136.02247,35.74157],[136.02261,35.74146],[136.02281,35.74118],[136.02301,35.74089],[136.02337,35.74016],[136.02357,35.73984],[136.02379,35.73969],[136.02412,35.73954],[136.02441,35.73939]]]}},{"type":"Feature","properties":{"name":"常宮","setai":29,"jinko":74,"key":"182020470","units":1,"m":37,"f":37,"gk":1,"a0":8,"a1":34,"a2":32,"a75":10,"ag":[2,2,4,3,1,4,3,1,6,1,4,4,7,13,9,4,0,4,2,0,0]},"geometry":{"type":"Polygon","coordinates":[[[136.03266,35.69249],[136.03254,35.69242],[136.03243,35.69235],[136.0324,35.69234],[136.03226,35.69225],[136.03212,35.69216],[136.03212,35.69215],[136.0323,35.69199],[136.03232,35.692],[136.03238,35.69195],[136.03237,35.69194],[136.03242,35.6919],[136.03238,35.69187],[136.03206,35.69214],[136.03177,35.69194],[136.03167,35.69187],[136.03161,35.69182],[136.0316,35.69181],[136.03153,35.69175],[136.03146,35.69168],[136.03139,35.69161],[136.03134,35.69156],[136.0313,35.69151],[136.03127,35.69146],[136.03122,35.69139],[136.03116,35.69131],[136.0311,35.69122],[136.03103,35.69113],[136.03095,35.69101],[136.03085,35.69087],[136.03075,35.69072],[136.03066,35.69059],[136.03057,35.69046],[136.0305,35.69035],[136.03051,35.69033],[136.03049,35.6903],[136.03046,35.69031],[136.03043,35.69027],[136.03042,35.69023],[136.03041,35.69019],[136.0304,35.69015],[136.03038,35.69012],[136.03037,35.69009],[136.03034,35.69006],[136.03031,35.69003],[136.03028,35.69],[136.03024,35.68997],[136.03021,35.68995],[136.03017,35.68993],[136.03015,35.68992],[136.03013,35.6899],[136.03012,35.68988],[136.03011,35.68987],[136.03012,35.68985],[136.03012,35.68984],[136.03013,35.68983],[136.03017,35.68982],[136.03019,35.68982],[136.0302,35.68981],[136.03022,35.68979],[136.03022,35.68977],[136.03022,35.68974],[136.0302,35.6897],[136.03018,35.68967],[136.03014,35.68964],[136.03009,35.6896],[136.03003,35.68955],[136.02999,35.6895],[136.02997,35.68948],[136.02995,35.68944],[136.02993,35.6894],[136.02991,35.68935],[136.02987,35.68931],[136.02985,35.68929],[136.0298,35.68926],[136.02976,35.68924],[136.02972,35.68922],[136.02968,35.6892],[136.02965,35.68915],[136.02993,35.68896],[136.02996,35.68899],[136.03008,35.6889],[136.02947,35.68832],[136.02942,35.68836],[136.02997,35.68888],[136.02954,35.68918],[136.02912,35.68878],[136.02922,35.68871],[136.02919,35.68868],[136.02918,35.68869],[136.02912,35.68868],[136.02907,35.68866],[136.02901,35.68866],[136.02895,35.68866],[136.02889,35.68865],[136.02889,35.68865],[136.02884,35.68865],[136.02877,35.68863],[136.02867,35.68855],[136.02856,35.68845],[136.02882,35.68831],[136.0288,35.68828],[136.02869,35.68835],[136.02865,35.68828],[136.02861,35.68824],[136.02857,35.68819],[136.02852,35.68814],[136.02847,35.6881],[136.02843,35.68805],[136.02839,35.688],[136.02851,35.68795],[136.0285,35.68793],[136.02837,35.68799],[136.02825,35.68785],[136.02821,35.6878],[136.02818,35.68775],[136.02831,35.68769],[136.02828,35.68766],[136.02816,35.68772],[136.02812,35.68764],[136.02807,35.68753],[136.02806,35.68748],[136.02806,35.68745],[136.02806,35.68741],[136.02806,35.68738],[136.02807,35.68738],[136.02806,35.68735],[136.0279,35.68741],[136.02781,35.68746],[136.02769,35.68754],[136.0276,35.68764],[136.02749,35.68784],[136.02742,35.68799],[136.02745,35.68817],[136.02745,35.68829],[136.02739,35.68842],[136.02734,35.68865],[136.0272,35.68889],[136.02687,35.68915],[136.0267,35.68932],[136.02658,35.68945],[136.02654,35.68958],[136.02656,35.68973],[136.02661,35.68987],[136.02659,35.68999],[136.02643,35.69013],[136.02623,35.69024],[136.02606,35.6903],[136.0259,35.69025],[136.02559,35.69015],[136.02536,35.69015],[136.0252,35.69022],[136.0251,35.69031],[136.025,35.69052],[136.02496,35.69073],[136.02504,35.69091],[136.02516,35.69111],[136.0252,35.69126],[136.02531,35.69138],[136.02538,35.69148],[136.02541,35.69153],[136.02557,35.6917],[136.02571,35.69185],[136.02584,35.69201],[136.02593,35.69213],[136.02608,35.69221],[136.02619,35.69222],[136.02637,35.6922],[136.02659,35.69225],[136.02676,35.69233],[136.02686,35.69243],[136.02694,35.69263],[136.02704,35.69285],[136.02708,35.69304],[136.02706,35.6931],[136.02702,35.69321],[136.02689,35.69337],[136.02691,35.69352],[136.02703,35.69363],[136.0272,35.69366],[136.0274,35.6936],[136.02762,35.69352],[136.02783,35.6934],[136.02801,35.69319],[136.02815,35.69316],[136.02825,35.69319],[136.02836,35.6932],[136.02847,35.69329],[136.02862,35.69336],[136.02871,35.69341],[136.02874,35.69347],[136.02874,35.69366],[136.02876,35.69374],[136.0288,35.69385],[136.02884,35.69401],[136.02893,35.69407],[136.02898,35.6941],[136.02919,35.69415],[136.02933,35.69411],[136.02946,35.69409],[136.02956,35.694],[136.02967,35.69384],[136.02977,35.69368],[136.02981,35.69354],[136.02984,35.69348],[136.02994,35.69344],[136.03002,35.69346],[136.03008,35.69353],[136.03007,35.6936],[136.03013,35.69386],[136.03017,35.6941],[136.03015,35.69426],[136.03015,35.69438],[136.03017,35.69446],[136.03028,35.69454],[136.03036,35.69462],[136.03049,35.69473],[136.0305,35.69476],[136.03066,35.69488],[136.03082,35.69511],[136.03098,35.69526],[136.03103,35.69534],[136.03101,35.69546],[136.03101,35.69558],[136.03113,35.69563],[136.03142,35.69573],[136.03159,35.69574],[136.03177,35.69541],[136.03189,35.69511],[136.03197,35.69487],[136.03211,35.69457],[136.03231,35.69427],[136.03242,35.69416],[136.03251,35.69409],[136.03265,35.69406],[136.03281,35.69406],[136.03296,35.69405],[136.03314,35.69403],[136.03323,35.69403],[136.0335,35.69401],[136.03358,35.69398],[136.03357,35.69392],[136.03343,35.69373],[136.03325,35.69347],[136.03311,35.69326],[136.03301,35.69308],[136.0329,35.6929],[136.03279,35.69275],[136.03266,35.69249]]]}},{"type":"Feature","properties":{"name":"沓","setai":15,"jinko":44,"key":"182020480","units":1,"m":23,"f":21,"gk":0,"a0":0,"a1":29,"a2":15,"a75":11,"ag":[0,0,0,5,2,0,1,1,1,4,4,6,5,1,3,2,3,5,1,0,0]},"geometry":{"type":"Polygon","coordinates":[[[136.03919,35.69391],[136.03917,35.69402],[136.03916,35.69405],[136.03915,35.69408],[136.03914,35.69411],[136.03912,35.69415],[136.03909,35.69418],[136.03907,35.6942],[136.03903,35.69422],[136.039,35.69424],[136.03895,35.69425],[136.03891,35.69426],[136.03887,35.69419],[136.03883,35.69421],[136.03888,35.69428],[136.03877,35.69434],[136.03873,35.69436],[136.03868,35.69438],[136.03865,35.69439],[136.0386,35.69441],[136.03857,35.69441],[136.03855,35.69442],[136.03849,35.69443],[136.03843,35.69444],[136.03837,35.69447],[136.03831,35.6945],[136.03826,35.69454],[136.03825,35.69453],[136.03822,35.69454],[136.03823,35.69457],[136.03814,35.69458],[136.0381,35.69459],[136.03806,35.69458],[136.03801,35.69458],[136.03796,35.69457],[136.0379,35.69457],[136.03797,35.69414],[136.03731,35.69405],[136.03731,35.69409],[136.0379,35.69417],[136.03786,35.69444],[136.03788,35.69444],[136.03786,35.69457],[136.03775,35.69458],[136.0377,35.69458],[136.03766,35.69458],[136.03762,35.69457],[136.03763,35.69452],[136.03759,35.69451],[136.03758,35.69456],[136.03742,35.69455],[136.03733,35.69454],[136.03725,35.69453],[136.03718,35.69451],[136.03711,35.69449],[136.03703,35.69448],[136.03694,35.69446],[136.03696,35.6944],[136.03693,35.69439],[136.03692,35.69444],[136.03684,35.6944],[136.0368,35.69438],[136.03674,35.69437],[136.03669,35.69436],[136.03663,35.69436],[136.03659,35.69436],[136.03654,35.69435],[136.03649,35.69434],[136.03643,35.69432],[136.03638,35.6943],[136.03632,35.69427],[136.03626,35.69425],[136.03628,35.69422],[136.03624,35.69421],[136.03623,35.6942],[136.03621,35.69419],[136.03619,35.69419],[136.03616,35.69419],[136.03612,35.69419],[136.03608,35.69419],[136.03603,35.69419],[136.03598,35.69418],[136.03593,35.69417],[136.03588,35.69415],[136.03584,35.69413],[136.03579,35.69412],[136.03574,35.69409],[136.03567,35.69407],[136.0356,35.69404],[136.03566,35.69395],[136.03562,35.69393],[136.0356,35.69392],[136.03557,35.69391],[136.03553,35.6939],[136.03547,35.69389],[136.03542,35.69387],[136.0354,35.69387],[136.03536,35.69385],[136.03532,35.69383],[136.03527,35.69381],[136.03522,35.69379],[136.03516,35.69378],[136.03511,35.69377],[136.03507,35.69375],[136.03511,35.69369],[136.03509,35.69367],[136.03508,35.69368],[136.03499,35.69364],[136.03494,35.69363],[136.0349,35.69361],[136.03485,35.6936],[136.03482,35.69358],[136.03478,35.69357],[136.03474,35.69354],[136.03469,35.69352],[136.03463,35.69348],[136.03455,35.69344],[136.03447,35.6934],[136.0345,35.69336],[136.03447,35.69334],[136.03445,35.69336],[136.03415,35.69321],[136.03423,35.69313],[136.0342,35.69311],[136.03408,35.69325],[136.03395,35.69323],[136.03378,35.6931],[136.03393,35.69294],[136.03372,35.69281],[136.03367,35.69281],[136.03363,35.6928],[136.03359,35.6928],[136.03355,35.69281],[136.0335,35.69281],[136.03348,35.6928],[136.03343,35.69279],[136.03338,35.69278],[136.03333,35.69276],[136.03327,35.69275],[136.03321,35.69274],[136.03315,35.69272],[136.03309,35.6927],[136.03304,35.69268],[136.033,35.69266],[136.03295,35.69263],[136.03291,35.6926],[136.03286,35.69257],[136.03308,35.69236],[136.03302,35.69232],[136.03291,35.69243],[136.03293,35.69245],[136.03279,35.69257],[136.03274,35.69255],[136.03266,35.69249],[136.03279,35.69275],[136.0329,35.6929],[136.03301,35.69308],[136.03311,35.69326],[136.03325,35.69347],[136.03343,35.69373],[136.03357,35.69392],[136.03358,35.69398],[136.0335,35.69401],[136.03323,35.69403],[136.03314,35.69403],[136.03296,35.69405],[136.03281,35.69406],[136.03265,35.69406],[136.03251,35.69409],[136.03242,35.69416],[136.03231,35.69427],[136.03211,35.69457],[136.03197,35.69487],[136.03189,35.69511],[136.03177,35.69541],[136.03159,35.69574],[136.03168,35.69581],[136.03183,35.69588],[136.03194,35.69589],[136.03215,35.69592],[136.03236,35.69593],[136.03245,35.69592],[136.03256,35.69593],[136.03264,35.69595],[136.03272,35.69598],[136.03284,35.69604],[136.03297,35.69608],[136.03308,35.69609],[136.03317,35.69603],[136.03325,35.69598],[136.03341,35.69596],[136.03351,35.69599],[136.03372,35.69606],[136.0339,35.69619],[136.0341,35.69632],[136.03427,35.69633],[136.03438,35.69629],[136.03452,35.69624],[136.03468,35.69622],[136.0348,35.69623],[136.0349,35.69626],[136.03503,35.69643],[136.03519,35.6964],[136.03532,35.69637],[136.0355,35.69638],[136.03569,35.69647],[136.03582,35.69658],[136.03588,35.6967],[136.03589,35.6968],[136.03586,35.69693],[136.03591,35.69702],[136.03596,35.69709],[136.03601,35.69718],[136.03593,35.69735],[136.03592,35.69756],[136.03584,35.69778],[136.03589,35.69788],[136.03599,35.69793],[136.03617,35.698],[136.03643,35.69805],[136.03673,35.69802],[136.03689,35.69806],[136.03703,35.69803],[136.03703,35.69791],[136.03698,35.69775],[136.03695,35.69765],[136.037,35.69759],[136.03711,35.69755],[136.03728,35.69751],[136.03732,35.69742],[136.03736,35.69734],[136.0374,35.69718],[136.03756,35.69709],[136.03764,35.69706],[136.03775,35.69708],[136.03794,35.69711],[136.03802,35.69706],[136.03812,35.69698],[136.03815,35.69679],[136.03823,35.69662],[136.03824,35.69641],[136.03834,35.69634],[136.03847,35.69636],[136.0386,35.6964],[136.0387,35.6965],[136.03879,35.69651],[136.03893,35.69646],[136.03912,35.69637],[136.03927,35.69613],[136.03949,35.69598],[136.03968,35.69587],[136.03993,35.69578],[136.0401,35.69574],[136.04012,35.69564],[136.04006,35.69551],[136.04001,35.69537],[136.04004,35.69525],[136.04012,35.69513],[136.04011,35.69503],[136.03998,35.69487],[136.03993,35.69478],[136.03996,35.69467],[136.04004,35.69455],[136.04007,35.69444],[136.04004,35.69436],[136.03996,35.69428],[136.03988,35.69421],[136.03974,35.6941],[136.03919,35.69391]]]}},{"type":"Feature","properties":{"name":"手","setai":14,"jinko":33,"key":"182020490","units":1,"m":16,"f":17,"gk":0,"a0":3,"a1":16,"a2":14,"a75":8,"ag":[1,0,2,1,2,1,1,0,0,1,3,4,3,5,1,0,5,2,1,0,0]},"geometry":{"type":"Polygon","coordinates":[[[136.04257,35.70389],[136.04216,35.70404],[136.04195,35.70408],[136.04169,35.70406],[136.04141,35.70392],[136.04107,35.70378],[136.04088,35.70366],[136.04066,35.70363],[136.04054,35.70363],[136.04029,35.70366],[136.04006,35.70371],[136.03999,35.70377],[136.0399,35.70386],[136.03849,35.70646],[136.0384,35.70654],[136.03823,35.7066],[136.03806,35.70665],[136.03779,35.70667],[136.03755,35.70673],[136.03741,35.70683],[136.0374,35.70691],[136.03761,35.70705],[136.03778,35.70717],[136.03804,35.70726],[136.03811,35.70742],[136.03812,35.70765],[136.03804,35.70789],[136.03794,35.70817],[136.03788,35.70835],[136.03776,35.70848],[136.03758,35.70849],[136.03748,35.70848],[136.03721,35.70845],[136.03686,35.70836],[136.03657,35.70824],[136.03643,35.70827],[136.03639,35.70836],[136.0364,35.70846],[136.03636,35.70854],[136.0363,35.70862],[136.03624,35.70868],[136.0363,35.70874],[136.03638,35.70882],[136.03649,35.7089],[136.03657,35.709],[136.03666,35.70925],[136.03673,35.70966],[136.03664,35.7099],[136.03653,35.70996],[136.03632,35.70996],[136.03619,35.70992],[136.03607,35.70991],[136.03601,35.70999],[136.03589,35.71012],[136.03572,35.71021],[136.03564,35.71038],[136.03565,35.71063],[136.03569,35.71086],[136.03564,35.71096],[136.03555,35.71103],[136.0354,35.71108],[136.03521,35.71105],[136.03493,35.71108],[136.0347,35.71112],[136.03447,35.7111],[136.03416,35.711],[136.03395,35.71096],[136.03373,35.71098],[136.03367,35.71104],[136.03367,35.71116],[136.03362,35.71127],[136.03353,35.71134],[136.03341,35.71134],[136.03326,35.71135],[136.03304,35.71137],[136.03285,35.71146],[136.03278,35.71161],[136.03276,35.71166],[136.03274,35.71169],[136.03268,35.71182],[136.03254,35.71192],[136.03244,35.71208],[136.03246,35.71221],[136.03241,35.71239],[136.03235,35.71251],[136.03219,35.71273],[136.03199,35.71291],[136.03185,35.71294],[136.03166,35.71285],[136.03151,35.71273],[136.03127,35.71261],[136.03115,35.71259],[136.03103,35.7126],[136.03106,35.71266],[136.03112,35.71285],[136.03109,35.71304],[136.03106,35.71317],[136.03107,35.71322],[136.0311,35.71328],[136.0311,35.71333],[136.03103,35.71348],[136.03099,35.71356],[136.03099,35.71371],[136.03108,35.71381],[136.03112,35.71387],[136.03124,35.71398],[136.03134,35.71409],[136.03138,35.7142],[136.03137,35.71434],[136.03127,35.71443],[136.03115,35.71456],[136.03109,35.71469],[136.03107,35.71478],[136.031,35.71481],[136.03088,35.71487],[136.03094,35.71493],[136.03098,35.71497],[136.03113,35.71504],[136.03127,35.71511],[136.03138,35.71519],[136.03148,35.7153],[136.03154,35.71542],[136.03157,35.71555],[136.03159,35.7157],[136.03165,35.71582],[136.03173,35.71589],[136.03179,35.71589],[136.03186,35.71588],[136.03192,35.71581],[136.032,35.71571],[136.0321,35.7155],[136.03226,35.7154],[136.03238,35.71534],[136.03257,35.71538],[136.03259,35.71539],[136.03265,35.71545],[136.0328,35.71553],[136.0329,35.71563],[136.03294,35.71584],[136.03294,35.71603],[136.03296,35.71631],[136.03304,35.71638],[136.03312,35.71641],[136.03329,35.71644],[136.03342,35.7164],[136.03347,35.7163],[136.03356,35.71604],[136.03375,35.71576],[136.03395,35.71565],[136.03417,35.71562],[136.03437,35.71564],[136.03473,35.7157],[136.03496,35.71573],[136.03513,35.71574],[136.03529,35.71571],[136.0354,35.71567],[136.03607,35.71538],[136.03616,35.71531],[136.03624,35.71521],[136.0364,35.71512],[136.03662,35.71509],[136.03678,35.71507],[136.0369,35.71506],[136.03706,35.71511],[136.03711,35.7152],[136.03714,35.71526],[136.03712,35.71535],[136.03707,35.71546],[136.03712,35.71562],[136.03717,35.71583],[136.03727,35.71598],[136.03728,35.71608],[136.03721,35.71618],[136.03714,35.71633],[136.0371,35.71646],[136.03716,35.7166],[136.03724,35.71667],[136.03733,35.71662],[136.03739,35.71657],[136.03745,35.71653],[136.03751,35.71649],[136.03757,35.71644],[136.03762,35.71641],[136.03765,35.71638],[136.03769,35.71635],[136.03773,35.71632],[136.03779,35.7163],[136.03785,35.71627],[136.03792,35.71624],[136.03799,35.7162],[136.03805,35.71616],[136.03811,35.71612],[136.03817,35.71608],[136.03823,35.71604],[136.03829,35.71599],[136.03835,35.71595],[136.03841,35.71592],[136.03843,35.71591],[136.03847,35.71589],[136.03853,35.71585],[136.03858,35.71583],[136.03859,35.71583],[136.03865,35.7158],[136.0387,35.71578],[136.03875,35.71575],[136.0388,35.71573],[136.03883,35.71572],[136.03884,35.71571],[136.03887,35.7157],[136.03891,35.71567],[136.03894,35.71564],[136.03897,35.7156],[136.039,35.71556],[136.03903,35.71552],[136.03906,35.71547],[136.0391,35.71542],[136.03913,35.71536],[136.03918,35.71528],[136.03923,35.7152],[136.03927,35.71511],[136.03932,35.71502],[136.03932,35.71501],[136.03936,35.71494],[136.03938,35.71489],[136.0394,35.71486],[136.03943,35.71479],[136.03943,35.71478],[136.03947,35.71472],[136.0395,35.71468],[136.03955,35.71463],[136.03963,35.71456],[136.03968,35.71449],[136.03974,35.71444],[136.03979,35.71439],[136.03982,35.71434],[136.03984,35.7143],[136.03986,35.71425],[136.03987,35.71421],[136.03988,35.71416],[136.03989,35.71412],[136.03989,35.7141],[136.03989,35.7141],[136.03988,35.71409],[136.03988,35.71408],[136.03988,35.71408],[136.03987,35.71408],[136.03986,35.71407],[136.03985,35.71407],[136.03984,35.71407],[136.03975,35.71407],[136.03969,35.71407],[136.03963,35.71407],[136.03958,35.71407],[136.03954,35.71407],[136.03949,35.71407],[136.03944,35.71407],[136.03939,35.71406],[136.03935,35.71404],[136.03931,35.71402],[136.03927,35.714],[136.03923,35.71399],[136.03918,35.71397],[136.03915,35.71395],[136.03911,35.71393],[136.03907,35.71392],[136.03903,35.71392],[136.03899,35.71392],[136.03898,35.71389],[136.03903,35.71389],[136.03908,35.7139],[136.03912,35.71391],[136.03915,35.71392],[136.03918,35.71394],[136.03923,35.71397],[136.03929,35.71399],[136.03933,35.714],[136.03935,35.71401],[136.03937,35.71402],[136.03939,35.71403],[136.03943,35.71404],[136.03945,35.71404],[136.03949,35.71404],[136.03953,35.71404],[136.03957,35.71403],[136.03962,35.71402],[136.03967,35.71402],[136.03972,35.71402],[136.03977,35.71403],[136.03979,35.71403],[136.03982,35.71402],[136.03984,35.71402],[136.03985,35.71402],[136.03986,35.71401],[136.03987,35.71401],[136.03987,35.714],[136.03988,35.71399],[136.03988,35.71399],[136.03988,35.71398],[136.03988,35.71397],[136.03988,35.71395],[136.03987,35.71387],[136.03985,35.7138],[136.03983,35.71374],[136.03981,35.71368],[136.03981,35.71363],[136.03981,35.71358],[136.03981,35.71353],[136.0398,35.71349],[136.03979,35.71346],[136.03977,35.71341],[136.03967,35.71324],[136.04048,35.7129],[136.04075,35.71252],[136.04068,35.71249],[136.04042,35.71285],[136.04001,35.71302],[136.03974,35.7126],[136.03988,35.71254],[136.03975,35.7123],[136.03933,35.71247],[136.03914,35.71216],[136.03944,35.71209],[136.03943,35.71206],[136.03912,35.71213],[136.03905,35.71193],[136.03935,35.71187],[136.03934,35.71184],[136.03904,35.7119],[136.03892,35.71169],[136.03923,35.71162],[136.03922,35.71158],[136.03892,35.71165],[136.03884,35.71152],[136.03882,35.71149],[136.03876,35.7114],[136.03873,35.71134],[136.03869,35.71123],[136.03865,35.71112],[136.03863,35.71107],[136.0386,35.71102],[136.03858,35.71099],[136.03853,35.71092],[136.03845,35.71082],[136.03835,35.7107],[136.03827,35.71059],[136.03821,35.71052],[136.03818,35.71048],[136.03815,35.71045],[136.03812,35.71042],[136.03808,35.71037],[136.03807,35.71034],[136.03805,35.71028],[136.03804,35.71021],[136.03803,35.71018],[136.03803,35.71017],[136.03802,35.71014],[136.03799,35.71008],[136.03797,35.71005],[136.03796,35.71001],[136.03796,35.70997],[136.03797,35.70988],[136.03798,35.70979],[136.038,35.70971],[136.03803,35.70963],[136.03804,35.7096],[136.03808,35.70952],[136.03813,35.70944],[136.03818,35.70936],[136.03824,35.70928],[136.03829,35.70921],[136.03832,35.70916],[136.03835,35.70912],[136.03835,35.70909],[136.03835,35.70907],[136.03834,35.70901],[136.03832,35.70895],[136.03831,35.7089],[136.03831,35.70888],[136.03832,35.70883],[136.03834,35.70879],[136.03837,35.70874],[136.0384,35.70869],[136.03843,35.70863],[136.03846,35.70858],[136.03849,35.70854],[136.03853,35.70851],[136.03858,35.70847],[136.03858,35.70847],[136.03864,35.70842],[136.0387,35.70835],[136.03875,35.70829],[136.03879,35.70822],[136.03882,35.70819],[136.03884,35.70816],[136.03887,35.70813],[136.03893,35.70809],[136.03896,35.70808],[136.03904,35.70805],[136.03907,35.70803],[136.03911,35.70802],[136.03914,35.708],[136.03917,35.70798],[136.03921,35.70792],[136.03925,35.70786],[136.03929,35.70781],[136.03934,35.70776],[136.03941,35.7077],[136.03948,35.70764],[136.03958,35.70757],[136.03969,35.70749],[136.03981,35.70741],[136.03993,35.70732],[136.04005,35.70724],[136.04017,35.70716],[136.0403,35.70707],[136.04044,35.70698],[136.04058,35.70687],[136.04072,35.70677],[136.04085,35.70667],[136.04096,35.7066],[136.04107,35.70654],[136.04117,35.70648],[136.04135,35.70636],[136.04147,35.70628],[136.04161,35.70619],[136.04178,35.70608],[136.04196,35.70597],[136.04213,35.70587],[136.04226,35.7058],[136.04232,35.70577],[136.0424,35.70574],[136.04243,35.70573],[136.04247,35.70572],[136.04251,35.70572],[136.04255,35.70572],[136.04261,35.70572],[136.04263,35.70572],[136.04266,35.70573],[136.04268,35.70573],[136.04269,35.70574],[136.04271,35.70575],[136.04273,35.70577],[136.04277,35.70583],[136.04277,35.70584],[136.04278,35.70585],[136.04283,35.70589],[136.04284,35.7059],[136.04284,35.70591],[136.04286,35.70595],[136.04287,35.70597],[136.04288,35.70598],[136.04289,35.70598],[136.0429,35.70599],[136.04291,35.70599],[136.04292,35.70599],[136.04293,35.70599],[136.04294,35.70598],[136.04295,35.70597],[136.04297,35.70595],[136.04298,35.70594],[136.04299,35.70594],[136.043,35.70594],[136.043,35.70594],[136.04301,35.70595],[136.04301,35.70597],[136.04301,35.70598],[136.04302,35.70599],[136.04304,35.706],[136.04308,35.70601],[136.04309,35.70602],[136.04311,35.70602],[136.04312,35.70601],[136.04315,35.706],[136.04316,35.70599],[136.04317,35.70599],[136.04318,35.706],[136.04318,35.706],[136.04318,35.70601],[136.04317,35.70604],[136.04317,35.70606],[136.04317,35.70607],[136.04318,35.70608],[136.04322,35.7061],[136.04328,35.70612],[136.04332,35.70613],[136.04333,35.70614],[136.04335,35.70614],[136.04337,35.70613],[136.04339,35.70613],[136.04346,35.70611],[136.04349,35.7061],[136.04349,35.70609],[136.0435,35.70608],[136.0435,35.70608],[136.0435,35.70606],[136.0435,35.70606],[136.04349,35.70601],[136.04348,35.70598],[136.04348,35.70597],[136.04348,35.70595],[136.04348,35.70595],[136.04349,35.70594],[136.0435,35.70592],[136.04355,35.70589],[136.04356,35.70588],[136.04357,35.70587],[136.04357,35.70586],[136.04357,35.70585],[136.04357,35.70584],[136.04356,35.70583],[136.04356,35.70582],[136.04355,35.70581],[136.04354,35.70581],[136.04353,35.70581],[136.04351,35.7058],[136.0435,35.7058],[136.04349,35.70579],[136.04348,35.70577],[136.04348,35.70575],[136.04348,35.70575],[136.04349,35.70575],[136.0435,35.70575],[136.04352,35.70578],[136.04354,35.70579],[136.04355,35.70579],[136.04358,35.7058],[136.04362,35.70581],[136.04365,35.70581],[136.04368,35.7058],[136.0437,35.70579],[136.04371,35.70578],[136.04373,35.70573],[136.04374,35.70569],[136.04374,35.70568],[136.04374,35.70568],[136.04375,35.70568],[136.04376,35.70569],[136.04376,35.7057],[136.04376,35.70572],[136.04376,35.70574],[136.04377,35.70579],[136.04378,35.70581],[136.04379,35.70581],[136.04379,35.70582],[136.04381,35.70583],[136.04382,35.70583],[136.04383,35.70583],[136.04385,35.70583],[136.04386,35.70583],[136.04388,35.70583],[136.0439,35.70582],[136.04391,35.70581],[136.04392,35.7058],[136.04393,35.7058],[136.04394,35.70578],[136.04394,35.70577],[136.04395,35.70576],[136.04395,35.70575],[136.04394,35.70574],[136.04393,35.70571],[136.04393,35.7057],[136.04393,35.70569],[136.04394,35.70568],[136.04396,35.70567],[136.04403,35.70565],[136.0441,35.70563],[136.04417,35.70561],[136.04422,35.7056],[136.04424,35.70559],[136.04426,35.70559],[136.04428,35.70558],[136.0443,35.70557],[136.04431,35.70556],[136.04433,35.70554],[136.04434,35.70552],[136.04435,35.70551],[136.04436,35.70549],[136.04437,35.70547],[136.04438,35.70545],[136.04438,35.70543],[136.04438,35.70541],[136.04438,35.70539],[136.04437,35.70537],[136.04436,35.70532],[136.04434,35.70528],[136.04432,35.70523],[136.04429,35.70518],[136.04427,35.70514],[136.04426,35.70512],[136.04424,35.7051],[136.04422,35.70508],[136.04419,35.70505],[136.04416,35.70503],[136.04414,35.70501],[136.04412,35.705],[136.04411,35.70498],[136.04411,35.70496],[136.04411,35.70494],[136.04411,35.70491],[136.04411,35.70489],[136.04411,35.70487],[136.0441,35.70484],[136.04409,35.70483],[136.04407,35.70481],[136.04405,35.70481],[136.04403,35.7048],[136.04401,35.7048],[136.04399,35.70479],[136.04398,35.70479],[136.04397,35.7048],[136.04397,35.7048],[136.04397,35.70481],[136.04397,35.70482],[136.04398,35.70484],[136.044,35.70486],[136.04401,35.70487],[136.04401,35.70489],[136.04401,35.7049],[136.044,35.7049],[136.04398,35.7049],[136.04397,35.70489],[136.04396,35.70487],[136.04394,35.70485],[136.04393,35.70484],[136.04391,35.70483],[136.04388,35.70483],[136.04385,35.70483],[136.04381,35.70483],[136.04378,35.70483],[136.04374,35.70482],[136.04371,35.7048],[136.04369,35.70478],[136.04368,35.70474],[136.04367,35.70471],[136.04366,35.70467],[136.04363,35.70463],[136.0436,35.70459],[136.04356,35.70456],[136.04351,35.70453],[136.04346,35.70451],[136.0434,35.7045],[136.04337,35.7045],[136.0433,35.70449],[136.04324,35.70449],[136.04317,35.70449],[136.04314,35.70448],[136.04311,35.70447],[136.04308,35.70446],[136.04302,35.70442],[136.04297,35.70438],[136.04292,35.70434],[136.04289,35.70432],[136.04284,35.70431],[136.04279,35.70429],[136.04275,35.70429],[136.04272,35.70428],[136.04269,35.70427],[136.04267,35.70426],[136.04267,35.70423],[136.04266,35.70419],[136.04266,35.70415],[136.04266,35.70411],[136.04265,35.70407],[136.04264,35.70403],[136.04263,35.70398],[136.0426,35.70394],[136.04257,35.70389]]]}},{"type":"Feature","properties":{"name":"色","setai":24,"jinko":70,"key":"182020500","units":1,"m":37,"f":33,"gk":1,"a0":8,"a1":36,"a2":26,"a75":12,"ag":[3,2,3,4,2,0,4,5,2,4,3,7,5,11,3,2,2,6,2,0,0]},"geometry":{"type":"Polygon","coordinates":[[[136.03827,35.72618],[136.03818,35.72625],[136.03806,35.72625],[136.03787,35.72621],[136.03765,35.72617],[136.0375,35.7261],[136.03737,35.726],[136.03726,35.72587],[136.03712,35.72571],[136.03711,35.72548],[136.03704,35.72539],[136.03693,35.7253],[136.03672,35.72519],[136.03657,35.72512],[136.03649,35.72492],[136.03647,35.72484],[136.03639,35.72482],[136.03622,35.72474],[136.03604,35.72468],[136.03598,35.72454],[136.03586,35.72448],[136.03548,35.72435],[136.03515,35.72418],[136.03495,35.72397],[136.03479,35.72375],[136.03465,35.72365],[136.03451,35.72363],[136.03437,35.72369],[136.03428,35.7238],[136.03406,35.72397],[136.03381,35.72404],[136.03367,35.72409],[136.03341,35.72401],[136.03324,35.72388],[136.03309,35.72364],[136.03298,35.72361],[136.03297,35.7237],[136.03295,35.72386],[136.03293,35.72398],[136.03288,35.72402],[136.03282,35.72407],[136.03272,35.72411],[136.03259,35.72426],[136.03246,35.72446],[136.03245,35.72468],[136.03255,35.72478],[136.03255,35.72483],[136.03256,35.72493],[136.03252,35.72497],[136.0324,35.72503],[136.03227,35.72506],[136.03191,35.72511],[136.03163,35.72509],[136.03147,35.72499],[136.03126,35.72481],[136.03104,35.7244],[136.0309,35.72425],[136.03088,35.72435],[136.03089,35.72445],[136.03088,35.72466],[136.03084,35.72482],[136.03077,35.72497],[136.03065,35.72508],[136.03057,35.72515],[136.03051,35.72526],[136.03048,35.72538],[136.03045,35.7255],[136.03044,35.72571],[136.03043,35.72593],[136.03038,35.72613],[136.03037,35.72626],[136.03037,35.72638],[136.0304,35.72651],[136.03046,35.72661],[136.03047,35.72666],[136.03049,35.72675],[136.0304,35.72682],[136.0302,35.72692],[136.03005,35.72705],[136.02989,35.7272],[136.03002,35.72726],[136.03019,35.72731],[136.03055,35.72748],[136.03096,35.72774],[136.0314,35.7279],[136.03172,35.72807],[136.0318,35.72819],[136.03184,35.72822],[136.03193,35.72828],[136.03205,35.72834],[136.03219,35.72836],[136.03227,35.72831],[136.03229,35.72827],[136.03238,35.72815],[136.03252,35.72803],[136.03272,35.72792],[136.03293,35.72792],[136.03303,35.72797],[136.03326,35.72805],[136.03358,35.72817],[136.03372,35.72832],[136.03376,35.72843],[136.03381,35.72851],[136.03387,35.72863],[136.034,35.72879],[136.03409,35.72892],[136.03417,35.72907],[136.03418,35.72917],[136.03416,35.72933],[136.03413,35.72954],[136.03406,35.72969],[136.03392,35.72979],[136.0338,35.72978],[136.03361,35.72974],[136.03342,35.7297],[136.03327,35.72965],[136.0331,35.72963],[136.03288,35.72965],[136.0328,35.7297],[136.03277,35.72976],[136.03276,35.72986],[136.03281,35.72994],[136.03288,35.73009],[136.03297,35.73022],[136.03302,35.73038],[136.03296,35.73055],[136.03299,35.73068],[136.03304,35.73082],[136.03317,35.73093],[136.03325,35.73108],[136.03336,35.73129],[136.03337,35.73132],[136.03341,35.7315],[136.03336,35.73165],[136.03324,35.73178],[136.03318,35.73191],[136.03312,35.73199],[136.03309,35.7321],[136.03309,35.73222],[136.03309,35.73235],[136.03303,35.73242],[136.03297,35.73248],[136.03287,35.73252],[136.03277,35.73246],[136.03273,35.73237],[136.03268,35.73229],[136.03254,35.73227],[136.0324,35.73225],[136.03223,35.73229],[136.03218,35.73234],[136.03202,35.73237],[136.0319,35.7323],[136.03184,35.73224],[136.03184,35.73211],[136.03175,35.73192],[136.03168,35.73184],[136.03161,35.73177],[136.03147,35.73178],[136.03136,35.7318],[136.03132,35.7318],[136.03126,35.73183],[136.03113,35.73186],[136.03106,35.73187],[136.03097,35.73189],[136.0309,35.73192],[136.03089,35.73198],[136.03086,35.73203],[136.03083,35.73213],[136.03079,35.73223],[136.03078,35.73235],[136.03077,35.73248],[136.03072,35.73266],[136.0306,35.73279],[136.03047,35.73287],[136.03028,35.73296],[136.03015,35.73306],[136.0301,35.73316],[136.03013,35.73322],[136.03014,35.73337],[136.03018,35.7336],[136.03009,35.73374],[136.02999,35.73376],[136.02994,35.73387],[136.02993,35.73413],[136.02979,35.73462],[136.0303,35.73478],[136.03033,35.73468],[136.03038,35.73453],[136.03043,35.73442],[136.03045,35.73438],[136.03049,35.73432],[136.03053,35.73427],[136.03057,35.73421],[136.03062,35.73416],[136.03067,35.73411],[136.03073,35.73405],[136.03079,35.73401],[136.03082,35.73399],[136.03086,35.73398],[136.0309,35.73397],[136.03099,35.73395],[136.0311,35.73394],[136.03122,35.73392],[136.03134,35.73391],[136.03146,35.73389],[136.03159,35.73388],[136.03171,35.73388],[136.03176,35.73388],[136.03186,35.73389],[136.03193,35.7339],[136.032,35.73392],[136.03207,35.73394],[136.03214,35.73395],[136.03221,35.73396],[136.03228,35.73396],[136.03234,35.73395],[136.0324,35.73394],[136.03245,35.73392],[136.03251,35.73389],[136.03258,35.73385],[136.03265,35.73381],[136.0327,35.73378],[136.03276,35.73375],[136.03278,35.73373],[136.03283,35.73368],[136.03288,35.73361],[136.03294,35.73352],[136.033,35.73343],[136.03307,35.73334],[136.03307,35.73333],[136.03312,35.73326],[136.03318,35.73319],[136.03325,35.7331],[136.03333,35.73301],[136.03341,35.73293],[136.03346,35.73287],[136.03351,35.73281],[136.0336,35.73271],[136.03365,35.73265],[136.03371,35.73259],[136.03377,35.73253],[136.03383,35.73249],[136.03388,35.73245],[136.03391,35.73241],[136.03393,35.73237],[136.03395,35.73233],[136.03396,35.73228],[136.03397,35.73224],[136.03397,35.73217],[136.03397,35.7321],[136.03397,35.73203],[136.03397,35.73197],[136.03397,35.73191],[136.03397,35.73186],[136.03395,35.73179],[136.03405,35.73155],[136.03423,35.7316],[136.03424,35.73157],[136.03437,35.73161],[136.03449,35.73135],[136.0342,35.73124],[136.0343,35.73106],[136.03442,35.73091],[136.03461,35.73103],[136.03464,35.731],[136.03452,35.73092],[136.03485,35.73058],[136.03504,35.73071],[136.03507,35.73068],[136.03493,35.73058],[136.03501,35.73056],[136.03513,35.73044],[136.03526,35.73034],[136.03536,35.73042],[136.03539,35.73038],[136.0353,35.73031],[136.03562,35.73013],[136.03573,35.73021],[136.03576,35.73018],[136.03565,35.73009],[136.036,35.72987],[136.03612,35.72998],[136.03616,35.72996],[136.03604,35.72984],[136.03615,35.72975],[136.03624,35.72967],[136.03629,35.72963],[136.03639,35.72953],[136.03649,35.72942],[136.03655,35.72936],[136.03665,35.72923],[136.03675,35.72909],[136.0368,35.72902],[136.03689,35.72887],[136.03698,35.72874],[136.03702,35.72868],[136.03707,35.72863],[136.03711,35.72858],[136.03719,35.72851],[136.03726,35.72845],[136.03732,35.7284],[136.03737,35.72836],[136.0374,35.72831],[136.03743,35.72826],[136.03747,35.7282],[136.03747,35.7282],[136.03754,35.72811],[136.03754,35.72809],[136.03755,35.72807],[136.03756,35.72802],[136.03756,35.72797],[136.03758,35.72793],[136.0376,35.7279],[136.03768,35.72782],[136.03777,35.72772],[136.03781,35.72767],[136.03785,35.72762],[136.0379,35.72752],[136.03794,35.72744],[136.03796,35.72737],[136.03799,35.7273],[136.03802,35.72723],[136.03804,35.72719],[136.03806,35.72716],[136.03809,35.72713],[136.03812,35.7271],[136.03819,35.72706],[136.03826,35.72702],[136.03828,35.727],[136.0383,35.72697],[136.03831,35.72694],[136.03831,35.72691],[136.03831,35.72687],[136.03829,35.72677],[136.03826,35.72665],[136.03823,35.72656],[136.03822,35.72648],[136.03823,35.72641],[136.03823,35.72632],[136.03825,35.72622],[136.03827,35.72618]]]}},{"type":"Feature","properties":{"name":"浦底","setai":22,"jinko":53,"key":"182020510","units":1,"m":32,"f":21,"gk":0,"a0":0,"a1":32,"a2":21,"a75":8,"ag":[0,0,0,2,1,3,5,2,2,4,3,4,6,3,10,3,3,2,0,0,0]},"geometry":{"type":"Polygon","coordinates":[[[136.02486,35.74298],[136.02487,35.74297],[136.02497,35.74316],[136.02522,35.74341],[136.02524,35.7434],[136.02499,35.74315],[136.02489,35.74297],[136.02491,35.74296],[136.02497,35.74295],[136.02504,35.74294],[136.0252,35.74292],[136.02536,35.74291],[136.02551,35.74289],[136.0257,35.74285],[136.0257,35.74282],[136.02583,35.74275],[136.02597,35.74268],[136.02604,35.74263],[136.02621,35.74252],[136.02624,35.74251],[136.02635,35.74249],[136.02645,35.74247],[136.02654,35.74246],[136.02662,35.74245],[136.02668,35.74244],[136.02674,35.74243],[136.0268,35.74242],[136.02683,35.74241],[136.02688,35.74238],[136.02693,35.74234],[136.02695,35.74232],[136.027,35.74228],[136.02704,35.74222],[136.02705,35.7422],[136.02705,35.74216],[136.02706,35.7421],[136.02706,35.74204],[136.02706,35.74198],[136.02707,35.74189],[136.02711,35.74185],[136.02724,35.74172],[136.02733,35.74163],[136.02735,35.74161],[136.02741,35.74157],[136.02747,35.74153],[136.02754,35.74149],[136.02761,35.74146],[136.02768,35.74142],[136.02771,35.7414],[136.02773,35.74139],[136.02775,35.74137],[136.02775,35.74135],[136.02775,35.74133],[136.02774,35.74131],[136.02769,35.74126],[136.02763,35.74122],[136.02762,35.74122],[136.02765,35.74118],[136.02765,35.74118],[136.02766,35.74118],[136.02772,35.74121],[136.02776,35.74122],[136.02779,35.74122],[136.02782,35.74122],[136.02785,35.74121],[136.02787,35.7412],[136.0279,35.74117],[136.02795,35.74111],[136.02801,35.74104],[136.02806,35.74095],[136.02809,35.74091],[136.02813,35.74082],[136.02816,35.74073],[136.02819,35.74063],[136.02822,35.74052],[136.02823,35.74041],[136.02824,35.7403],[136.02825,35.7402],[136.02826,35.74013],[136.02827,35.74008],[136.02827,35.74006],[136.02826,35.74004],[136.02825,35.74001],[136.0282,35.73996],[136.02815,35.7399],[136.02811,35.73985],[136.02809,35.73982],[136.02807,35.7398],[136.02806,35.73974],[136.02806,35.73968],[136.02807,35.73962],[136.02809,35.73957],[136.02811,35.73952],[136.02811,35.7395],[136.02809,35.73944],[136.02806,35.73939],[136.02805,35.73933],[136.02804,35.73927],[136.02804,35.73922],[136.02853,35.73919],[136.0285,35.73875],[136.02834,35.73876],[136.02831,35.73841],[136.02828,35.73842],[136.02828,35.73839],[136.02846,35.73838],[136.02845,35.73835],[136.02818,35.73838],[136.02816,35.73813],[136.02811,35.73793],[136.02816,35.73792],[136.02815,35.73788],[136.02831,35.73784],[136.0283,35.73781],[136.02812,35.73784],[136.02807,35.73768],[136.0282,35.73766],[136.02819,35.73763],[136.02806,35.73764],[136.02804,35.73755],[136.02822,35.73753],[136.02821,35.73749],[136.02804,35.73751],[136.02803,35.73745],[136.028,35.73746],[136.02799,35.7374],[136.02819,35.73738],[136.02817,35.73734],[136.02805,35.73734],[136.02806,35.73722],[136.02821,35.73722],[136.02821,35.73722],[136.02821,35.7372],[136.02805,35.7372],[136.02806,35.73713],[136.02812,35.73708],[136.0283,35.73711],[136.02831,35.73708],[136.02814,35.73705],[136.02817,35.73696],[136.02821,35.73696],[136.02823,35.73694],[136.02838,35.737],[136.02839,35.73698],[136.02824,35.73691],[136.02847,35.73667],[136.02862,35.73676],[136.02863,35.73675],[136.02851,35.73667],[136.02856,35.73663],[136.0286,35.7366],[136.02864,35.73659],[136.02867,35.73658],[136.02871,35.73656],[136.02876,35.73652],[136.0288,35.73648],[136.02884,35.73645],[136.02886,35.73645],[136.02888,35.73644],[136.02889,35.73644],[136.02891,35.73643],[136.02894,35.7364],[136.02908,35.73656],[136.02911,35.73654],[136.02893,35.73633],[136.02914,35.7362],[136.02919,35.73621],[136.02949,35.73604],[136.02957,35.73613],[136.02961,35.73611],[136.02956,35.73605],[136.0296,35.73603],[136.02966,35.73609],[136.02982,35.736],[136.02992,35.73613],[136.02995,35.73611],[136.02986,35.73598],[136.02998,35.7359],[136.02995,35.73584],[136.0302,35.73565],[136.03024,35.73562],[136.03027,35.73559],[136.03029,35.73557],[136.03029,35.73555],[136.0303,35.73551],[136.03029,35.73547],[136.03027,35.73539],[136.03025,35.73532],[136.03023,35.73525],[136.03023,35.73519],[136.03023,35.73513],[136.03023,35.73508],[136.03024,35.73503],[136.03027,35.73489],[136.0303,35.73478],[136.02979,35.73462],[136.02977,35.73472],[136.02971,35.73491],[136.02958,35.73507],[136.0294,35.73525],[136.02925,35.7354],[136.02905,35.73555],[136.02882,35.73555],[136.02847,35.73554],[136.02832,35.73559],[136.02804,35.73562],[136.02774,35.73557],[136.02761,35.73553],[136.02748,35.73544],[136.02735,35.73545],[136.02727,35.73549],[136.02732,35.73563],[136.02733,35.73576],[136.02733,35.73588],[136.02726,35.73595],[136.02711,35.73595],[136.0269,35.73596],[136.02673,35.736],[136.02663,35.73604],[136.02657,35.73603],[136.02651,35.73605],[136.02631,35.73609],[136.0261,35.73614],[136.02582,35.73616],[136.02568,35.73623],[136.02561,35.7363],[136.02555,35.73643],[136.02547,35.7366],[136.02543,35.73675],[136.02545,35.73696],[136.02551,35.73714],[136.02556,35.73736],[136.02547,35.73747],[136.02542,35.73765],[136.02549,35.73782],[136.02561,35.73793],[136.02573,35.73812],[136.02584,35.73832],[136.02591,35.73856],[136.0259,35.7387],[136.0258,35.73894],[136.0255,35.73924],[136.02524,35.73954],[136.02502,35.73941],[136.0247,35.73937],[136.02441,35.73939],[136.02412,35.73954],[136.02379,35.73969],[136.02357,35.73984],[136.02337,35.74016],[136.02301,35.74089],[136.02281,35.74118],[136.02261,35.74146],[136.02247,35.74157],[136.02222,35.74165],[136.02209,35.74184],[136.022,35.7421],[136.02199,35.74239],[136.02197,35.74274],[136.02194,35.74304],[136.02199,35.74341],[136.02199,35.74372],[136.02205,35.74395],[136.02203,35.7442],[136.02287,35.74467],[136.02293,35.74466],[136.02299,35.74464],[136.02301,35.74463],[136.02305,35.74461],[136.02308,35.74458],[136.02312,35.74455],[136.02316,35.74451],[136.02319,35.74447],[136.02321,35.74442],[136.02322,35.74436],[136.02324,35.74435],[136.02338,35.74423],[136.0234,35.74421],[136.02345,35.7442],[136.02349,35.74418],[136.02353,35.74418],[136.02357,35.74418],[136.0236,35.74417],[136.02362,35.74416],[136.02366,35.74412],[136.02369,35.74408],[136.02371,35.74405],[136.02373,35.74402],[136.02374,35.74398],[136.02374,35.74393],[136.02382,35.74386],[136.02402,35.74368],[136.02421,35.74349],[136.0245,35.74321],[136.02458,35.74315],[136.02465,35.74309],[136.02474,35.74303],[136.02482,35.74299],[136.02486,35.74298]]]}},{"type":"Feature","properties":{"name":"明神町","setai":0,"jinko":0,"key":"182020520","units":1,"m":0,"f":0,"gk":0,"a0":0,"a1":0,"a2":0,"a75":0,"ag":[0,0,0,0,0,0,0,0,0,0,0,0,0,0,0,0,0,0,0,0,0]},"geometry":{"type":"Polygon","coordinates":[[[136.02822,35.75372],[136.02827,35.75372],[136.02831,35.75372],[136.02833,35.75373],[136.02836,35.75373],[136.02839,35.75374],[136.02843,35.75374],[136.02847,35.75374],[136.02851,35.75373],[136.02855,35.75372],[136.0286,35.75371],[136.02864,35.7537],[136.02866,35.7537],[136.02869,35.75371],[136.02872,35.75372],[136.02875,35.75374],[136.02878,35.75375],[136.02879,35.75375],[136.0288,35.75374],[136.02883,35.75371],[136.02887,35.75367],[136.0289,35.75364],[136.02892,35.75362],[136.02895,35.75359],[136.02898,35.75355],[136.029,35.7535],[136.02902,35.75346],[136.02903,35.75344],[136.02903,35.75343],[136.02904,35.75343],[136.02907,35.75343],[136.02911,35.75344],[136.02913,35.75345],[136.02916,35.75347],[136.02919,35.75348],[136.02923,35.75349],[136.02929,35.75348],[136.02936,35.75347],[136.02941,35.75347],[136.02944,35.75346],[136.02946,35.75345],[136.02949,35.75344],[136.02951,35.75343],[136.02956,35.75339],[136.02961,35.75335],[136.02965,35.75333],[136.02969,35.75331],[136.02973,35.75328],[136.02978,35.75324],[136.02982,35.75319],[136.02985,35.75315],[136.02985,35.75315],[136.02988,35.75311],[136.0299,35.7531],[136.02992,35.75309],[136.02995,35.75309],[136.02998,35.75308],[136.03002,35.75306],[136.03003,35.75306],[136.03005,35.75305],[136.03009,35.75306],[136.03013,35.75307],[136.03016,35.75308],[136.0302,35.75307],[136.03023,35.75307],[136.03027,35.75308],[136.0303,35.7531],[136.03034,35.75313],[136.03036,35.75315],[136.03038,35.75316],[136.0304,35.75316],[136.03041,35.75316],[136.03043,35.75315],[136.03043,35.75315],[136.03044,35.75314],[136.03045,35.75313],[136.03046,35.75311],[136.03046,35.7531],[136.03047,35.75308],[136.03047,35.75307],[136.03048,35.75306],[136.03048,35.75304],[136.03049,35.75303],[136.0305,35.75302],[136.0305,35.75302],[136.03051,35.75301],[136.03052,35.75302],[136.03052,35.75303],[136.03053,35.75304],[136.03054,35.75306],[136.03054,35.75307],[136.03055,35.75307],[136.03056,35.75307],[136.03056,35.75306],[136.03056,35.75305],[136.03056,35.75303],[136.03057,35.753],[136.03058,35.75298],[136.0306,35.75297],[136.03062,35.75295],[136.03064,35.75293],[136.03067,35.75291],[136.03069,35.75289],[136.0307,35.75287],[136.0307,35.75286],[136.03069,35.75283],[136.03067,35.75281],[136.03066,35.75279],[136.03066,35.75278],[136.03067,35.75276],[136.0307,35.75275],[136.03073,35.75273],[136.03076,35.75271],[136.03079,35.75267],[136.03081,35.75264],[136.03083,35.7526],[136.03084,35.75257],[136.03087,35.75253],[136.03088,35.75251],[136.03094,35.75247],[136.03101,35.75242],[136.0311,35.75238],[136.03117,35.75234],[136.03123,35.7523],[136.03128,35.75226],[136.03131,35.75223],[136.03134,35.75219],[136.03136,35.75216],[136.03139,35.75213],[136.0314,35.75212],[136.03142,35.75211],[136.03145,35.75211],[136.03147,35.75212],[136.03148,35.75212],[136.03149,35.75211],[136.0315,35.75209],[136.03151,35.75207],[136.03153,35.75205],[136.03156,35.75203],[136.03158,35.75201],[136.03161,35.75198],[136.03163,35.75196],[136.03164,35.75193],[136.03166,35.75191],[136.03169,35.7519],[136.03172,35.75189],[136.03176,35.75189],[136.03179,35.75188],[136.03182,35.75186],[136.03183,35.75184],[136.03184,35.75181],[136.03185,35.75178],[136.03185,35.75175],[136.03185,35.75172],[136.03184,35.7517],[136.03183,35.75167],[136.03182,35.75164],[136.03181,35.75161],[136.03183,35.75158],[136.03185,35.75153],[136.03189,35.75149],[136.03193,35.75144],[136.03196,35.75139],[136.03199,35.75135],[136.03203,35.7513],[136.03207,35.75125],[136.03211,35.7512],[136.03215,35.75114],[136.03218,35.75109],[136.0322,35.75105],[136.03221,35.75101],[136.03222,35.75098],[136.03224,35.75094],[136.03227,35.75091],[136.03231,35.75087],[136.03235,35.75082],[136.03238,35.75077],[136.0324,35.75074],[136.03244,35.75066],[136.03245,35.75063],[136.03247,35.75056],[136.03247,35.75049],[136.03249,35.75042],[136.03251,35.75036],[136.03254,35.75029],[136.03256,35.75022],[136.03258,35.75013],[136.03259,35.75002],[136.0326,35.7499],[136.03261,35.7498],[136.03261,35.74971],[136.03262,35.74963],[136.03263,35.74955],[136.03266,35.74946],[136.03269,35.74937],[136.03272,35.7493],[136.03275,35.74924],[136.03276,35.7492],[136.03276,35.74916],[136.03277,35.74913],[136.03277,35.74908],[136.03277,35.74904],[136.03276,35.749],[136.03274,35.74896],[136.0327,35.74889],[136.03269,35.74885],[136.03268,35.74882],[136.03268,35.74878],[136.03268,35.74874],[136.0327,35.74865],[136.03272,35.74855],[136.03274,35.74845],[136.03275,35.74835],[136.03275,35.74826],[136.03276,35.74816],[136.03278,35.74802],[136.03281,35.74787],[136.03284,35.7477],[136.03285,35.74755],[136.03287,35.74741],[136.03288,35.74727],[136.03289,35.74714],[136.03291,35.74706],[136.03295,35.74691],[136.03301,35.74675],[136.03307,35.74658],[136.03313,35.74641],[136.03319,35.74625],[136.0332,35.74623],[136.03324,35.74609],[136.0333,35.74594],[136.03337,35.74578],[136.03345,35.74561],[136.03353,35.74544],[136.03362,35.74531],[136.03366,35.74526],[136.0337,35.74521],[136.03374,35.74517],[136.03384,35.7451],[136.03394,35.74503],[136.03404,35.74497],[136.03412,35.74492],[136.0342,35.74487],[136.03424,35.74484],[136.0343,35.74478],[136.03436,35.74471],[136.03441,35.74464],[136.03446,35.74457],[136.03452,35.74451],[136.03458,35.74443],[136.03461,35.7444],[136.03463,35.74436],[136.03465,35.74432],[136.03466,35.74428],[136.03466,35.7442],[136.03466,35.74416],[136.03467,35.74411],[136.03469,35.74407],[136.03472,35.74402],[136.03475,35.74398],[136.03481,35.7439],[136.03486,35.74385],[136.03488,35.74381],[136.03489,35.74379],[136.0349,35.74375],[136.03491,35.74369],[136.03493,35.74363],[136.03497,35.74356],[136.03498,35.74353],[136.03497,35.74351],[136.03495,35.7435],[136.0349,35.7435],[136.03488,35.7435],[136.03486,35.7435],[136.03487,35.74348],[136.03488,35.74345],[136.03493,35.74339],[136.03498,35.74333],[136.035,35.7433],[136.03501,35.74328],[136.03503,35.74323],[136.03503,35.74316],[136.03505,35.74308],[136.03506,35.74305],[136.03509,35.74301],[136.03512,35.74297],[136.03519,35.7429],[136.03526,35.74285],[136.03531,35.74279],[136.03536,35.74273],[136.03541,35.74265],[136.03547,35.74256],[136.0355,35.74251],[136.03554,35.74246],[136.03562,35.74237],[136.03572,35.74229],[136.03581,35.74221],[136.03589,35.74214],[136.03598,35.74208],[136.03605,35.74202],[136.03609,35.74199],[136.03611,35.74195],[136.03617,35.74183],[136.03621,35.74172],[136.03625,35.7416],[136.03627,35.74148],[136.03628,35.74145],[136.03629,35.74141],[136.03632,35.74137],[136.03634,35.74133],[136.03635,35.74129],[136.03636,35.74124],[136.03637,35.74117],[136.03636,35.74109],[136.03635,35.74106],[136.03633,35.74099],[136.0363,35.74094],[136.03627,35.74091],[136.03624,35.74088],[136.03623,35.74086],[136.03622,35.74085],[136.03622,35.74082],[136.03622,35.74077],[136.03623,35.74072],[136.03624,35.74067],[136.03625,35.74062],[136.03626,35.74056],[136.03627,35.74049],[136.03628,35.74046],[136.0363,35.74043],[136.03632,35.74041],[136.03634,35.74038],[136.0364,35.74035],[136.03643,35.74033],[136.0365,35.74028],[136.03656,35.74023],[136.03662,35.74018],[136.03666,35.74014],[136.03669,35.7401],[136.03673,35.74006],[136.03677,35.74001],[136.03681,35.73996],[136.03684,35.73992],[136.03689,35.73989],[136.03692,35.73987],[136.03698,35.73984],[136.03705,35.73981],[136.03712,35.7398],[136.03722,35.73978],[136.03729,35.73978],[136.03732,35.73978],[136.03738,35.73978],[136.0374,35.73977],[136.03744,35.73975],[136.03747,35.73971],[136.0375,35.73966],[136.03752,35.73961],[136.03753,35.73959],[136.03754,35.73953],[136.03753,35.73948],[136.03753,35.73943],[136.03752,35.73939],[136.03753,35.73935],[136.03754,35.73932],[136.03756,35.73929],[136.03757,35.73927],[136.03758,35.73926],[136.03759,35.73925],[136.03761,35.73925],[136.03764,35.73926],[136.03765,35.73927],[136.03767,35.73927],[136.03768,35.73927],[136.03769,35.73927],[136.0377,35.73925],[136.03772,35.73922],[136.03772,35.73918],[136.03772,35.73914],[136.03773,35.7391],[136.03773,35.73906],[136.03772,35.73901],[136.03772,35.73898],[136.0377,35.73893],[136.03768,35.73891],[136.03767,35.73888],[136.03764,35.73887],[136.03761,35.73885],[136.03758,35.73884],[136.03752,35.73884],[136.03746,35.73884],[136.0374,35.73884],[136.03734,35.73886],[136.03725,35.73888],[136.03716,35.7389],[136.0371,35.73892],[136.03705,35.73894],[136.037,35.73896],[136.03693,35.73901],[136.03686,35.73905],[136.0368,35.73909],[136.03676,35.73912],[136.03673,35.73914],[136.03668,35.73917],[136.03663,35.73921],[136.0366,35.73922],[136.03654,35.73924],[136.03648,35.73926],[136.03642,35.73927],[136.03637,35.73928],[136.03632,35.73929],[136.03628,35.73931],[136.03624,35.73933],[136.03621,35.73935],[136.03619,35.73936],[136.03615,35.73938],[136.03612,35.73939],[136.03603,35.73939],[136.03593,35.7394],[136.03585,35.73941],[136.03582,35.73941],[136.03578,35.73943],[136.03573,35.73945],[136.03567,35.73948],[136.03561,35.73952],[136.03556,35.73954],[136.03551,35.73957],[136.03545,35.73963],[136.03542,35.73966],[136.03536,35.73975],[136.0353,35.73985],[136.03525,35.73994],[136.0352,35.74004],[136.03515,35.74012],[136.03509,35.7402],[136.03503,35.74027],[136.03495,35.74035],[136.03486,35.74045],[136.03475,35.74056],[136.0347,35.74062],[136.03465,35.74067],[136.03461,35.74073],[136.03458,35.74078],[136.03454,35.74087],[136.03452,35.74096],[136.03448,35.74106],[136.03446,35.74111],[136.03441,35.7412],[136.03436,35.74129],[136.0343,35.74137],[136.03427,35.7414],[136.03421,35.74145],[136.03414,35.74149],[136.03411,35.74151],[136.03402,35.74154],[136.03392,35.74156],[136.03383,35.74159],[136.03374,35.74161],[136.03364,35.74164],[136.03334,35.74172],[136.03323,35.74176],[136.03315,35.7418],[136.03308,35.74184],[136.03302,35.7419],[136.03295,35.74196],[136.03292,35.742],[136.03289,35.74204],[136.03287,35.74207],[136.03286,35.7421],[136.03287,35.74213],[136.03288,35.74215],[136.0329,35.74221],[136.03291,35.74224],[136.03292,35.74227],[136.03291,35.74231],[136.0329,35.74235],[136.03286,35.74242],[136.03282,35.74248],[136.0328,35.7425],[136.03275,35.74254],[136.03268,35.74256],[136.03261,35.74259],[136.03253,35.74261],[136.03244,35.74264],[136.03235,35.74266],[136.03226,35.74269],[136.03218,35.74273],[136.03211,35.74277],[136.03204,35.74283],[136.03197,35.74287],[136.0319,35.7429],[136.03183,35.74292],[136.03175,35.74295],[136.03165,35.743],[136.03156,35.74304],[136.03147,35.74308],[136.03138,35.74312],[136.03129,35.74317],[136.03119,35.74323],[136.03114,35.74327],[136.03109,35.7433],[136.03104,35.74334],[136.031,35.74338],[136.03093,35.74346],[136.03086,35.74355],[136.03079,35.74363],[136.03071,35.7437],[136.03063,35.74376],[136.03054,35.74381],[136.03046,35.74386],[136.0303,35.74394],[136.03009,35.74406],[136.03001,35.74412],[136.02988,35.74423],[136.02975,35.74433],[136.02964,35.74442],[136.02956,35.74449],[136.02949,35.74455],[136.02944,35.7446],[136.0294,35.74466],[136.02938,35.74469],[136.02932,35.74475],[136.02929,35.74477],[136.02926,35.7448],[136.02923,35.74483],[136.02921,35.74487],[136.02918,35.74494],[136.02917,35.74502],[136.02915,35.74508],[136.02912,35.74515],[136.02907,35.74523],[136.029,35.74532],[136.02893,35.74541],[136.02887,35.74549],[136.0288,35.74556],[136.02874,35.74563],[136.02867,35.74571],[136.0286,35.7458],[136.02851,35.74588],[136.02843,35.74597],[136.02835,35.74604],[136.02827,35.74611],[136.0282,35.74619],[136.02816,35.74623],[136.02813,35.74627],[136.02809,35.74631],[136.02806,35.74636],[136.028,35.74646],[136.02795,35.74656],[136.02791,35.74666],[136.02788,35.74675],[136.02787,35.74679],[136.02785,35.74683],[136.02782,35.74686],[136.02779,35.74689],[136.02776,35.74693],[136.02767,35.74699],[136.02757,35.74706],[136.02748,35.74713],[136.02738,35.74719],[136.0273,35.74724],[136.02722,35.74729],[136.02714,35.74735],[136.02705,35.74744],[136.02701,35.74748],[136.02693,35.74759],[136.02685,35.7477],[136.02677,35.74781],[136.02668,35.7479],[136.02659,35.74798],[136.02649,35.74807],[136.02639,35.74815],[136.02629,35.74824],[136.02619,35.74832],[136.0261,35.7484],[136.02602,35.74848],[136.02586,35.74865],[136.02585,35.74865],[136.0258,35.7487],[136.02572,35.74876],[136.02557,35.74888],[136.02542,35.749],[136.02505,35.74932],[136.02511,35.74938],[136.02507,35.7494],[136.02499,35.74935],[136.02413,35.75005],[136.02395,35.75001],[136.02387,35.74999],[136.0238,35.74997],[136.02378,35.74997],[136.0237,35.74994],[136.02362,35.7499],[136.02354,35.74986],[136.02353,35.74985],[136.02346,35.74993],[136.02346,35.74993],[136.02345,35.74993],[136.02344,35.74993],[136.02344,35.74993],[136.02343,35.74993],[136.02343,35.74993],[136.02342,35.74992],[136.02342,35.74992],[136.02341,35.74991],[136.02341,35.74991],[136.02349,35.74983],[136.02337,35.74976],[136.0232,35.74966],[136.02302,35.74955],[136.02283,35.74944],[136.02311,35.74913],[136.02277,35.74893],[136.02249,35.74924],[136.02201,35.74893],[136.02197,35.74891],[136.02201,35.74885],[136.02205,35.7488],[136.02262,35.74799],[136.02276,35.74804],[136.0232,35.74741],[136.02303,35.74731],[136.02343,35.74698],[136.02341,35.74696],[136.02278,35.74749],[136.02272,35.74753],[136.02268,35.74751],[136.0227,35.74745],[136.02273,35.7474],[136.02278,35.7473],[136.02283,35.7472],[136.02287,35.7471],[136.02291,35.747],[136.02293,35.74691],[136.02294,35.74687],[136.02295,35.74683],[136.02295,35.74677],[136.02294,35.74672],[136.02291,35.74665],[136.02287,35.74652],[136.02286,35.74648],[136.02284,35.74646],[136.02282,35.74644],[136.0228,35.74642],[136.02275,35.74639],[136.02274,35.74637],[136.02273,35.74636],[136.02275,35.74632],[136.02275,35.7463],[136.02276,35.74627],[136.02275,35.74623],[136.02274,35.7462],[136.0227,35.74612],[136.02266,35.74605],[136.02264,35.74599],[136.02262,35.74593],[136.02259,35.74585],[136.02258,35.74577],[136.02257,35.7457],[136.02258,35.74564],[136.02258,35.74561],[136.02258,35.74558],[136.02257,35.74555],[136.02254,35.74548],[136.02252,35.74542],[136.0225,35.74537],[136.02249,35.74532],[136.02249,35.74529],[136.02252,35.7452],[136.02257,35.74511],[136.02262,35.74502],[136.02268,35.74493],[136.02274,35.74484],[136.02287,35.74467],[136.02203,35.7442],[136.02181,35.74407],[136.02159,35.74394],[136.02131,35.74375],[136.02092,35.74345],[136.02062,35.7431],[136.02047,35.7429],[136.02034,35.74286],[136.02021,35.74282],[136.01994,35.74276],[136.01977,35.74268],[136.01956,35.74251],[136.01932,35.74239],[136.01911,35.74232],[136.01878,35.74227],[136.01814,35.74211],[136.01752,35.74179],[136.01744,35.74173],[136.01695,35.74132],[136.01645,35.74079],[136.0164,35.74072],[136.016,35.74019],[136.01579,35.73968],[136.01564,35.73924],[136.01546,35.73912],[136.01521,35.73901],[136.01502,35.73885],[136.0147,35.73865],[136.01438,35.73838],[136.01415,35.73819],[136.01368,35.73799],[136.01342,35.73785],[136.01308,35.73763],[136.01287,35.73756],[136.01253,35.73747],[136.01222,35.73737],[136.01195,35.73719],[136.01159,35.73688],[136.01098,35.73642],[136.01056,35.73611],[136.01021,35.73594],[136.01018,35.73592],[136.00958,35.73568],[136.00903,35.73546],[136.00865,35.73519],[136.00838,35.73508],[136.00815,35.73493],[136.00789,35.73466],[136.00752,35.7342],[136.00711,35.73375],[136.00704,35.73358],[136.00705,35.73349],[136.00717,35.73331],[136.00719,35.73319],[136.00724,35.73304],[136.00718,35.73277],[136.00705,35.7323],[136.00689,35.73169],[136.00676,35.73121],[136.0067,35.73077],[136.00676,35.7304],[136.00672,35.73005],[136.00656,35.73019],[136.0064,35.73034],[136.00607,35.73067],[136.00589,35.73098],[136.00569,35.73123],[136.00536,35.73173],[136.00532,35.73179],[136.00512,35.73212],[136.00486,35.7324],[136.00458,35.73255],[136.00436,35.73285],[136.00414,35.73324],[136.00332,35.73417],[136.00288,35.73466],[136.00269,35.73492],[136.00253,35.73513],[136.00231,35.7354],[136.0021,35.73555],[136.00181,35.73565],[136.00168,35.73574],[136.0016,35.73585],[136.00152,35.73602],[136.00132,35.7363],[136.00102,35.73669],[136.00087,35.73708],[136.00084,35.73758],[136.00085,35.73777],[136.00085,35.73793],[136.00081,35.73833],[136.00061,35.73875],[136.00042,35.73947],[136.00025,35.74021],[135.99999,35.74081],[135.99987,35.74119],[135.99989,35.74158],[135.99991,35.74173],[135.99992,35.74184],[135.99992,35.74275],[136.00011,35.74373],[136.00025,35.74492],[135.99896,35.74553],[135.99821,35.74594],[135.99789,35.74605],[135.99744,35.74608],[135.99699,35.74611],[135.99669,35.74612],[135.99643,35.74621],[135.99622,35.74634],[135.99594,35.74654],[135.99573,35.74667],[135.99539,35.74695],[135.99513,35.74714],[135.995,35.74741],[135.99483,35.7477],[135.99464,35.74785],[135.99445,35.74799],[135.9942,35.7482],[135.99404,35.74847],[135.99405,35.74847],[135.99408,35.74847],[135.99411,35.74847],[135.99415,35.74847],[135.99419,35.74847],[135.99423,35.74848],[135.99427,35.74849],[135.9943,35.74851],[135.99434,35.74853],[135.99438,35.74856],[135.99441,35.74859],[135.99445,35.74863],[135.99448,35.74864],[135.9945,35.74865],[135.99455,35.74867],[135.9946,35.74867],[135.99465,35.74867],[135.99469,35.74867],[135.99471,35.74866],[135.99474,35.74864],[135.99475,35.74861],[135.99476,35.74859],[135.99476,35.74858],[135.99475,35.74856],[135.99469,35.74848],[135.99477,35.74848],[135.99486,35.74849],[135.99498,35.74852],[135.99512,35.74857],[135.99526,35.74863],[135.99537,35.74868],[135.99547,35.74874],[135.99557,35.74882],[135.99569,35.7489],[135.99582,35.74898],[135.99595,35.74906],[135.99606,35.74911],[135.99614,35.74915],[135.99617,35.74918],[135.9962,35.74921],[135.99623,35.74924],[135.99628,35.74926],[135.99631,35.74928],[135.99638,35.7493],[135.99645,35.74931],[135.9965,35.74932],[135.99655,35.74932],[135.99657,35.74932],[135.99662,35.74934],[135.99667,35.74936],[135.99672,35.7494],[135.99677,35.74943],[135.99681,35.74947],[135.99684,35.74951],[135.99687,35.74955],[135.99691,35.74959],[135.99693,35.7496],[135.99695,35.74961],[135.99697,35.74962],[135.997,35.74962],[135.99702,35.74962],[135.99708,35.7496],[135.99713,35.74958],[135.99718,35.74956],[135.9972,35.74956],[135.99723,35.74955],[135.99725,35.74954],[135.99726,35.74952],[135.99728,35.74948],[135.9973,35.74944],[135.99731,35.74943],[135.99732,35.74943],[135.99735,35.74942],[135.99739,35.74942],[135.99745,35.74942],[135.99751,35.74943],[135.99759,35.74945],[135.99768,35.74947],[135.99772,35.74948],[135.99781,35.7495],[135.9979,35.74951],[135.998,35.74953],[135.9981,35.74956],[135.9982,35.74959],[135.9983,35.74962],[135.9984,35.74964],[135.99846,35.74965],[135.99857,35.74965],[135.99869,35.74965],[135.99874,35.74966],[135.99879,35.74967],[135.99883,35.74968],[135.9989,35.74971],[135.99897,35.74974],[135.99906,35.74977],[135.99914,35.7498],[135.9992,35.74982],[135.99925,35.74983],[135.99929,35.74985],[135.99932,35.74986],[135.99936,35.74988],[135.9994,35.74991],[135.99945,35.74993],[135.9995,35.74995],[135.99956,35.74996],[135.99961,35.74998],[135.99966,35.74999],[135.99971,35.75002],[135.99974,35.75005],[135.99977,35.75009],[135.9998,35.75012],[135.99981,35.75013],[135.99983,35.75013],[135.99985,35.75014],[135.99988,35.75013],[135.99991,35.75012],[135.99993,35.75012],[135.99994,35.75012],[135.99995,35.75012],[135.99997,35.75014],[136.0,35.75018],[136.00003,35.75022],[136.00004,35.75023],[136.00006,35.75023],[136.00007,35.75023],[136.00008,35.75022],[136.00009,35.75021],[136.0001,35.75018],[136.0001,35.75015],[136.00012,35.75013],[136.00013,35.75012],[136.00014,35.75012],[136.00018,35.75012],[136.00024,35.75012],[136.00029,35.75012],[136.00033,35.75012],[136.00036,35.7501],[136.00041,35.75006],[136.00047,35.75002],[136.00049,35.75001],[136.00051,35.75],[136.00054,35.75],[136.00057,35.75],[136.0006,35.75002],[136.00063,35.75003],[136.00065,35.75003],[136.00067,35.75002],[136.00072,35.75001],[136.00077,35.74999],[136.0008,35.74999],[136.00085,35.74999],[136.0009,35.75],[136.00094,35.75001],[136.00098,35.75002],[136.00099,35.75002],[136.00101,35.75001],[136.00102,35.75],[136.00104,35.74999],[136.00107,35.74999],[136.00111,35.74999],[136.00122,35.74999],[136.00134,35.75],[136.00145,35.75],[136.00155,35.74999],[136.00165,35.75],[136.00176,35.75001],[136.00186,35.75002],[136.00197,35.75003],[136.00207,35.75003],[136.00217,35.75004],[136.00226,35.75005],[136.00236,35.75008],[136.00241,35.7501],[136.0025,35.75014],[136.00259,35.75019],[136.00267,35.75023],[136.00275,35.75028],[136.00283,35.75033],[136.00293,35.75038],[136.00302,35.75042],[136.00311,35.75045],[136.0032,35.75048],[136.0033,35.75052],[136.00341,35.75056],[136.00352,35.75062],[136.00362,35.75068],[136.00376,35.75074],[136.00389,35.7508],[136.00398,35.75084],[136.0041,35.7509],[136.00423,35.75095],[136.00436,35.75101],[136.00448,35.75107],[136.00458,35.75112],[136.00464,35.75114],[136.00466,35.75106],[136.00468,35.75097],[136.00474,35.75074],[136.00475,35.75073],[136.00478,35.75073],[136.00477,35.75074],[136.0047,35.75098],[136.00468,35.75106],[136.00466,35.75115],[136.00467,35.75116],[136.00474,35.75119],[136.00479,35.75122],[136.00484,35.75125],[136.00488,35.75129],[136.00492,35.75133],[136.00496,35.75136],[136.00498,35.75137],[136.00502,35.75138],[136.00504,35.75138],[136.0051,35.75138],[136.00516,35.75138],[136.00523,35.75139],[136.00531,35.75141],[136.00538,35.75142],[136.00542,35.75142],[136.00545,35.75143],[136.00551,35.75143],[136.00557,35.75143],[136.00562,35.75143],[136.00566,35.75145],[136.00571,35.75147],[136.00577,35.75149],[136.00584,35.75152],[136.0059,35.75156],[136.00598,35.75161],[136.00608,35.75167],[136.00619,35.75174],[136.00631,35.75182],[136.00643,35.75189],[136.00656,35.75197],[136.00673,35.75208],[136.00692,35.75221],[136.0071,35.75234],[136.00724,35.75244],[136.00737,35.75254],[136.00754,35.75267],[136.00775,35.75282],[136.00795,35.75297],[136.0081,35.75309],[136.00818,35.75315],[136.00823,35.75319],[136.00835,35.75327],[136.00846,35.75335],[136.00856,35.75341],[136.00864,35.75346],[136.00873,35.75351],[136.00881,35.75356],[136.00888,35.75361],[136.00894,35.75365],[136.00898,35.75368],[136.00901,35.7537],[136.00904,35.75374],[136.00909,35.75379],[136.00915,35.75384],[136.0092,35.75389],[136.00925,35.75394],[136.0093,35.754],[136.00937,35.75407],[136.00943,35.75413],[136.00948,35.7542],[136.0095,35.75424],[136.00954,35.7543],[136.00956,35.75436],[136.00959,35.75442],[136.0096,35.75446],[136.00962,35.75449],[136.00962,35.75452],[136.00963,35.75454],[136.00962,35.75456],[136.00961,35.75459],[136.00958,35.75462],[136.00956,35.75466],[136.00954,35.75469],[136.00954,35.75472],[136.00954,35.75475],[136.00955,35.75478],[136.00955,35.75481],[136.00954,35.75482],[136.00952,35.75485],[136.00949,35.75488],[136.00947,35.75491],[136.00944,35.75494],[136.00942,35.75495],[136.00941,35.75496],[136.00941,35.75495],[136.00938,35.75494],[136.00936,35.75493],[136.00932,35.75491],[136.00931,35.75491],[136.00929,35.75491],[136.00927,35.75492],[136.00923,35.75494],[136.00919,35.75496],[136.00916,35.75498],[136.00913,35.75499],[136.0091,35.75501],[136.00907,35.75503],[136.00906,35.75505],[136.00906,35.75507],[136.00908,35.7551],[136.00909,35.75513],[136.00911,35.75517],[136.00913,35.75522],[136.00914,35.75525],[136.00915,35.75527],[136.00918,35.75534],[136.00921,35.75544],[136.00925,35.75555],[136.00927,35.75564],[136.00928,35.75571],[136.00929,35.75576],[136.00931,35.75581],[136.00934,35.75586],[136.00938,35.75593],[136.00941,35.75601],[136.00945,35.7561],[136.00948,35.75618],[136.00951,35.75627],[136.00952,35.75635],[136.00953,35.75642],[136.00955,35.7565],[136.00956,35.75654],[136.00959,35.7566],[136.00961,35.75665],[136.00961,35.75667],[136.00959,35.7567],[136.00958,35.75673],[136.00958,35.75675],[136.00959,35.75677],[136.0096,35.75679],[136.00961,35.75681],[136.00962,35.75683],[136.00964,35.75685],[136.00968,35.75687],[136.00971,35.75689],[136.00973,35.75691],[136.00974,35.75692],[136.00975,35.75694],[136.00977,35.75694],[136.00979,35.75694],[136.0098,35.75694],[136.00982,35.75692],[136.00984,35.7569],[136.00986,35.75688],[136.00988,35.75687],[136.00989,35.75687],[136.00993,35.75687],[136.00998,35.75688],[136.01003,35.7569],[136.01006,35.75691],[136.01008,35.75692],[136.0101,35.75694],[136.01013,35.75697],[136.01014,35.757],[136.01014,35.75702],[136.01014,35.75706],[136.01013,35.7571],[136.01013,35.75713],[136.01014,35.75715],[136.01015,35.75715],[136.01015,35.75715],[136.01016,35.75715],[136.01018,35.75714],[136.0102,35.75712],[136.01021,35.75711],[136.01022,35.7571],[136.01023,35.7571],[136.01024,35.75711],[136.01025,35.75713],[136.01026,35.75716],[136.01028,35.75719],[136.01029,35.75722],[136.0103,35.75726],[136.01031,35.75728],[136.01031,35.7573],[136.01032,35.75731],[136.01034,35.75732],[136.01037,35.75733],[136.01038,35.75734],[136.0104,35.75736],[136.01041,35.75738],[136.01042,35.75739],[136.01043,35.75742],[136.01044,35.75744],[136.01043,35.75747],[136.01041,35.75751],[136.01038,35.75756],[136.01036,35.7576],[136.01034,35.75763],[136.01033,35.75766],[136.01033,35.75768],[136.01033,35.7577],[136.01035,35.75771],[136.01037,35.75772],[136.0104,35.75774],[136.01044,35.75777],[136.01049,35.7578],[136.01053,35.75783],[136.01054,35.75783],[136.01057,35.75784],[136.01059,35.75784],[136.01062,35.75785],[136.01067,35.75786],[136.01073,35.75789],[136.01079,35.75792],[136.01084,35.75796],[136.01087,35.75798],[136.0109,35.75801],[136.01092,35.75803],[136.01094,35.75805],[136.01096,35.75807],[136.01098,35.75807],[136.011,35.75806],[136.011,35.75804],[136.01101,35.75803],[136.01102,35.75802],[136.01103,35.75802],[136.01104,35.75802],[136.01107,35.75804],[136.0111,35.75807],[136.01114,35.7581],[136.01118,35.75813],[136.01121,35.75816],[136.01124,35.75818],[136.01126,35.75819],[136.01129,35.7582],[136.0113,35.75819],[136.01132,35.75819],[136.01132,35.75818],[136.01133,35.75817],[136.01133,35.75816],[136.01133,35.75815],[136.01135,35.75815],[136.01138,35.75815],[136.01141,35.75814],[136.01144,35.75813],[136.01146,35.75813],[136.01148,35.75813],[136.01151,35.75813],[136.01154,35.75814],[136.01156,35.75815],[136.01158,35.75816],[136.0116,35.75816],[136.01162,35.75816],[136.01164,35.75815],[136.01166,35.75813],[136.01168,35.75811],[136.0117,35.75811],[136.01171,35.75811],[136.01173,35.75811],[136.01175,35.75812],[136.01178,35.75812],[136.0118,35.75811],[136.01181,35.7581],[136.01183,35.75808],[136.01183,35.75807],[136.01184,35.75806],[136.01184,35.75805],[136.01193,35.75805],[136.012,35.75805],[136.01204,35.75806],[136.01207,35.75807],[136.0121,35.75808],[136.01214,35.75808],[136.01219,35.75809],[136.01225,35.75809],[136.01231,35.75809],[136.01236,35.7581],[136.0124,35.75811],[136.01244,35.75812],[136.01247,35.75814],[136.01251,35.75816],[136.01255,35.75818],[136.01259,35.7582],[136.01263,35.75821],[136.01268,35.75822],[136.01273,35.75823],[136.01279,35.75825],[136.01283,35.75827],[136.01288,35.7583],[136.01292,35.75833],[136.01297,35.75837],[136.01303,35.75841],[136.01309,35.75847],[136.01315,35.75853],[136.01322,35.75859],[136.01328,35.75865],[136.01333,35.7587],[136.01337,35.75873],[136.0134,35.75876],[136.01341,35.75878],[136.01341,35.75881],[136.01342,35.75885],[136.01342,35.75887],[136.01344,35.75889],[136.01347,35.7589],[136.01349,35.75892],[136.01351,35.75893],[136.01353,35.75895],[136.01355,35.75898],[136.01357,35.75903],[136.0136,35.75908],[136.01363,35.75912],[136.01366,35.75917],[136.0137,35.75913],[136.01372,35.75914],[136.01377,35.75916],[136.01375,35.75921],[136.01375,35.75922],[136.01375,35.75924],[136.01375,35.75925],[136.01373,35.75927],[136.01372,35.7593],[136.0137,35.75933],[136.0137,35.75935],[136.01369,35.75938],[136.0137,35.75942],[136.01372,35.75949],[136.01373,35.75952],[136.01374,35.75955],[136.01377,35.75957],[136.01379,35.75958],[136.01381,35.75958],[136.01383,35.75957],[136.01385,35.75957],[136.01386,35.75956],[136.01388,35.75955],[136.01389,35.75955],[136.01391,35.75954],[136.01393,35.75953],[136.01396,35.75953],[136.01399,35.75954],[136.01404,35.75956],[136.0141,35.75959],[136.01411,35.75959],[136.01417,35.75961],[136.01421,35.75964],[136.01424,35.75966],[136.01425,35.75967],[136.01425,35.75968],[136.01424,35.7597],[136.01424,35.75972],[136.01424,35.75973],[136.01425,35.75974],[136.01426,35.75975],[136.01429,35.75976],[136.01434,35.75977],[136.01442,35.75977],[136.01447,35.75977],[136.01453,35.75978],[136.01458,35.75981],[136.01464,35.75983],[136.01467,35.75984],[136.01469,35.75984],[136.01473,35.75983],[136.01478,35.75982],[136.01486,35.75982],[136.01491,35.75983],[136.01495,35.75984],[136.015,35.75985],[136.01507,35.75988],[136.01515,35.75992],[136.01524,35.75996],[136.01535,35.76],[136.01545,35.76004],[136.01554,35.76008],[136.01558,35.7601],[136.0156,35.76012],[136.01562,35.76014],[136.01563,35.76016],[136.01562,35.76019],[136.01562,35.76021],[136.01562,35.76022],[136.01564,35.76022],[136.01569,35.76023],[136.01572,35.76023],[136.01574,35.76023],[136.01577,35.76025],[136.01578,35.76026],[136.01581,35.76031],[136.01585,35.76038],[136.01589,35.76046],[136.01594,35.76054],[136.01599,35.76062],[136.01605,35.7607],[136.01608,35.76074],[136.01613,35.76083],[136.01618,35.76093],[136.01619,35.76097],[136.0162,35.76102],[136.01622,35.7611],[136.01622,35.76119],[136.01621,35.76128],[136.0162,35.76137],[136.01619,35.76145],[136.01619,35.76152],[136.01619,35.76158],[136.01619,35.76163],[136.01618,35.76164],[136.01618,35.76165],[136.01617,35.76166],[136.01615,35.76166],[136.01611,35.76166],[136.01606,35.76165],[136.01602,35.76164],[136.016,35.76165],[136.01599,35.76165],[136.01599,35.76166],[136.01599,35.76167],[136.01601,35.7617],[136.01604,35.76174],[136.01605,35.76176],[136.01605,35.76178],[136.01605,35.76183],[136.01604,35.76189],[136.01605,35.76195],[136.01606,35.76201],[136.01606,35.76207],[136.01608,35.76212],[136.01609,35.76214],[136.01611,35.76216],[136.01614,35.76219],[136.01618,35.76222],[136.01619,35.76223],[136.01621,35.76226],[136.01622,35.76229],[136.01623,35.76234],[136.01624,35.76239],[136.01624,35.7624],[136.01624,35.76242],[136.01623,35.76242],[136.01623,35.76243],[136.01624,35.76245],[136.01625,35.76245],[136.01627,35.76245],[136.0163,35.76245],[136.01631,35.76245],[136.01633,35.76245],[136.01634,35.76246],[136.01635,35.7625],[136.01637,35.76256],[136.01639,35.76264],[136.01643,35.76271],[136.01645,35.76277],[136.01646,35.76282],[136.01648,35.76287],[136.01651,35.76293],[136.01658,35.76303],[136.01655,35.76304],[136.01654,35.76305],[136.01652,35.76307],[136.01651,35.76309],[136.0165,35.76313],[136.0165,35.76318],[136.01651,35.76324],[136.01651,35.76331],[136.01652,35.76335],[136.01653,35.76338],[136.01654,35.76339],[136.01656,35.7634],[136.01659,35.76341],[136.0166,35.76341],[136.01661,35.7634],[136.01663,35.76338],[136.01664,35.76334],[136.01666,35.76326],[136.01668,35.76334],[136.01671,35.76341],[136.01672,35.76348],[136.01673,35.76353],[136.01675,35.76355],[136.01677,35.76357],[136.0168,35.76359],[136.01688,35.76363],[136.01697,35.76367],[136.01703,35.76372],[136.01708,35.76376],[136.01713,35.7638],[136.01716,35.76382],[136.0172,35.76384],[136.01728,35.76386],[136.01738,35.76388],[136.01748,35.76389],[136.01756,35.7639],[136.01764,35.76392],[136.01771,35.76395],[136.01779,35.76398],[136.01787,35.76402],[136.01794,35.76406],[136.01798,35.76381],[136.01798,35.76362],[136.01801,35.76348],[136.01808,35.76339],[136.01818,35.76318],[136.01827,35.76299],[136.01834,35.76284],[136.01844,35.76275],[136.01854,35.76266],[136.0188,35.76262],[136.01902,35.76252],[136.01921,35.76239],[136.01933,35.76218],[136.01946,35.76198],[136.01955,35.76179],[136.01962,35.76169],[136.02029,35.76173],[136.0205,35.76148],[136.02057,35.76134],[136.02063,35.76121],[136.02073,35.76124],[136.02089,35.76127],[136.021,35.76118],[136.02103,35.76105],[136.02101,35.7609],[136.02095,35.76078],[136.02087,35.7607],[136.02122,35.76057],[136.02158,35.76045],[136.0218,35.7603],[136.022,35.76012],[136.02213,35.75992],[136.02224,35.75944],[136.02225,35.75916],[136.02226,35.75901],[136.02227,35.75874],[136.02225,35.75859],[136.02237,35.75841],[136.02244,35.75831],[136.02252,35.75814],[136.02252,35.75795],[136.0225,35.75775],[136.02258,35.75753],[136.02269,35.75742],[136.02269,35.7573],[136.02265,35.75712],[136.02263,35.75696],[136.02289,35.75656],[136.02327,35.75607],[136.02358,35.75586],[136.02379,35.75566],[136.02392,35.75531],[136.02412,35.75496],[136.02444,35.75465],[136.02505,35.75438],[136.02554,35.75415],[136.02601,35.75391],[136.02648,35.75374],[136.02677,35.75372],[136.02685,35.75371],[136.02697,35.75376],[136.02712,35.75375],[136.02735,35.75366],[136.02766,35.75363],[136.028,35.75367],[136.0281,35.75369],[136.02822,35.75372]]]}},{"type":"Feature","properties":{"name":"立石","setai":18,"jinko":44,"key":"182020530","units":1,"m":25,"f":19,"gk":1,"a0":1,"a1":22,"a2":21,"a75":12,"ag":[1,0,0,0,0,3,3,2,1,1,1,3,8,4,5,3,5,2,2,0,0]},"geometry":{"type":"Polygon","coordinates":[[[136.02822,35.75372],[136.0281,35.75369],[136.028,35.75367],[136.02766,35.75363],[136.02735,35.75366],[136.02712,35.75375],[136.02697,35.75376],[136.02685,35.75371],[136.02677,35.75372],[136.02648,35.75374],[136.02601,35.75391],[136.02554,35.75415],[136.02505,35.75438],[136.02444,35.75465],[136.02412,35.75496],[136.02392,35.75531],[136.02379,35.75566],[136.02358,35.75586],[136.02327,35.75607],[136.02289,35.75656],[136.02263,35.75696],[136.02265,35.75712],[136.02269,35.7573],[136.02269,35.75742],[136.02258,35.75753],[136.0225,35.75775],[136.02252,35.75795],[136.02252,35.75814],[136.02244,35.75831],[136.02237,35.75841],[136.02225,35.75859],[136.02227,35.75874],[136.02226,35.75901],[136.02225,35.75916],[136.02224,35.75944],[136.02213,35.75992],[136.022,35.76012],[136.0218,35.7603],[136.02158,35.76045],[136.02122,35.76057],[136.02087,35.7607],[136.02095,35.76078],[136.02101,35.7609],[136.02103,35.76105],[136.021,35.76118],[136.02089,35.76127],[136.02073,35.76124],[136.02063,35.76121],[136.02057,35.76134],[136.0205,35.76148],[136.02029,35.76173],[136.01962,35.76169],[136.01955,35.76179],[136.01946,35.76198],[136.01933,35.76218],[136.01921,35.76239],[136.01902,35.76252],[136.0188,35.76262],[136.01854,35.76266],[136.01844,35.76275],[136.01834,35.76284],[136.01827,35.76299],[136.01818,35.76318],[136.01808,35.76339],[136.01801,35.76348],[136.01798,35.76362],[136.01798,35.76381],[136.01794,35.76406],[136.01798,35.76408],[136.018,35.76409],[136.01802,35.76409],[136.01804,35.76409],[136.01809,35.76407],[136.01811,35.76406],[136.01817,35.76404],[136.01825,35.76403],[136.01833,35.76402],[136.01841,35.76401],[136.0185,35.764],[136.0186,35.76399],[136.01872,35.76397],[136.01884,35.76396],[136.01896,35.76395],[136.01906,35.76394],[136.01914,35.76394],[136.0192,35.76393],[136.01922,35.76393],[136.01924,35.76392],[136.01925,35.7639],[136.01926,35.76387],[136.01927,35.76383],[136.01928,35.76379],[136.01929,35.76377],[136.0193,35.76376],[136.01932,35.76375],[136.01934,35.76374],[136.01939,35.76373],[136.01945,35.76372],[136.01949,35.76372],[136.01952,35.7637],[136.01954,35.7637],[136.01957,35.76367],[136.01962,35.76364],[136.01967,35.7636],[136.01973,35.76356],[136.01976,35.76354],[136.0198,35.76352],[136.01984,35.76351],[136.01993,35.7635],[136.02001,35.76349],[136.02008,35.76348],[136.02013,35.76346],[136.02015,35.76345],[136.02019,35.76342],[136.02023,35.76338],[136.02024,35.76336],[136.02025,35.76331],[136.02026,35.76327],[136.02027,35.76325],[136.02029,35.76323],[136.02031,35.76321],[136.02035,35.76317],[136.02041,35.76314],[136.02047,35.7631],[136.0205,35.76309],[136.02056,35.76307],[136.02061,35.76306],[136.02062,35.76306],[136.02064,35.76305],[136.02065,35.76303],[136.02067,35.76298],[136.02069,35.76295],[136.02071,35.76292],[136.02073,35.7629],[136.02076,35.76288],[136.02084,35.76283],[136.02088,35.76281],[136.02097,35.76275],[136.02105,35.76268],[136.02113,35.7626],[136.02122,35.76252],[136.02131,35.76245],[136.0214,35.76236],[136.02149,35.76227],[136.02159,35.76217],[136.02169,35.76207],[136.02179,35.76197],[136.02189,35.76187],[136.02199,35.76177],[136.02201,35.76174],[136.02203,35.76171],[136.02211,35.7616],[136.02217,35.76151],[136.02223,35.76144],[136.02226,35.76141],[136.02229,35.76139],[136.02229,35.76138],[136.0223,35.76135],[136.0223,35.76132],[136.02228,35.76129],[136.02227,35.76127],[136.02227,35.76126],[136.02228,35.76124],[136.02229,35.76123],[136.02231,35.76123],[136.02235,35.76121],[136.02242,35.7612],[136.02245,35.76119],[136.02248,35.76118],[136.0225,35.76116],[136.02251,35.76114],[136.02251,35.76112],[136.02252,35.76107],[136.02252,35.76105],[136.02254,35.76103],[136.02256,35.76101],[136.02261,35.76097],[136.02269,35.76093],[136.02277,35.76088],[136.02285,35.76083],[136.02292,35.76078],[136.02298,35.76075],[136.02302,35.76072],[136.02306,35.76071],[136.02309,35.7607],[136.02312,35.76069],[136.02314,35.76068],[136.02316,35.76067],[136.02316,35.76065],[136.02316,35.76063],[136.02315,35.7606],[136.02315,35.76057],[136.02315,35.76054],[136.02316,35.76053],[136.02317,35.76051],[136.02321,35.76049],[136.02325,35.76047],[136.02393,35.76027],[136.0241,35.75975],[136.02431,35.75908],[136.02422,35.75906],[136.02401,35.75975],[136.02385,35.76022],[136.02351,35.76015],[136.02351,35.7599],[136.02335,35.75988],[136.02338,35.75975],[136.02351,35.75934],[136.02359,35.7591],[136.02365,35.75893],[136.02373,35.75866],[136.02378,35.75853],[136.02379,35.75848],[136.02384,35.75837],[136.02391,35.75822],[136.02399,35.75807],[136.02406,35.75792],[136.02413,35.75777],[136.02421,35.75763],[136.02428,35.75748],[136.02435,35.75734],[136.02442,35.75721],[136.02449,35.75709],[136.0245,35.75708],[136.02455,35.75703],[136.02461,35.75698],[136.02464,35.75695],[136.02471,35.75687],[136.02477,35.75678],[136.0248,35.75672],[136.02487,35.75661],[136.02493,35.75648],[136.02499,35.75636],[136.02505,35.75625],[136.02508,35.75619],[136.02516,35.75606],[136.02525,35.75593],[136.02534,35.75579],[136.02543,35.75566],[136.02551,35.75554],[136.0256,35.75542],[136.02569,35.75531],[136.02575,35.75524],[136.0258,35.75519],[136.02591,35.75507],[136.02602,35.75495],[136.02611,35.75485],[136.02618,35.75477],[136.02624,35.75471],[136.02629,35.75465],[136.02636,35.75461],[136.02643,35.75457],[136.02652,35.75453],[136.02661,35.75449],[136.02669,35.75446],[136.02676,35.75443],[136.02684,35.75439],[136.02692,35.75434],[136.02701,35.75429],[136.02712,35.75425],[136.02723,35.75421],[136.02729,35.75418],[136.02735,35.75415],[136.02749,35.75408],[136.02763,35.754],[136.02778,35.75392],[136.02792,35.75385],[136.02802,35.75379],[136.0281,35.75375],[136.02816,35.75373],[136.02822,35.75372]]]}},{"type":"Feature","properties":{"name":"白木一丁目","setai":20,"jinko":60,"key":"18202054001","units":1,"m":29,"f":31,"gk":0,"a0":10,"a1":34,"a2":16,"a75":8,"ag":[3,3,4,2,1,3,3,3,1,7,3,3,8,3,5,2,1,4,1,0,0]},"geometry":{"type":"Polygon","coordinates":[[[135.97387,35.7355],[135.97391,35.73553],[135.97395,35.73557],[135.97397,35.73559],[135.97399,35.7356],[135.97401,35.73561],[135.97402,35.7356],[135.97403,35.73558],[135.97404,35.73555],[135.97404,35.73552],[135.97404,35.73549],[135.97403,35.73546],[135.97401,35.7354],[135.974,35.73535],[135.974,35.73532],[135.974,35.73531],[135.974,35.73529],[135.97401,35.73527],[135.97401,35.73526],[135.97401,35.73525],[135.97402,35.73525],[135.97403,35.73525],[135.97404,35.73525],[135.97404,35.73526],[135.97405,35.73527],[135.97406,35.73528],[135.9741,35.73533],[135.97413,35.73539],[135.97415,35.73541],[135.97417,35.73543],[135.97419,35.73546],[135.97421,35.73548],[135.97424,35.7355],[135.97426,35.73552],[135.97429,35.73554],[135.9743,35.73554],[135.97431,35.73555],[135.97432,35.73555],[135.97432,35.73555],[135.97433,35.73554],[135.97433,35.73553],[135.97433,35.73552],[135.97433,35.73551],[135.97433,35.73546],[135.97432,35.7354],[135.97432,35.73534],[135.97432,35.7353],[135.97431,35.73526],[135.9743,35.73524],[135.9743,35.73523],[135.97429,35.7352],[135.97428,35.73519],[135.97425,35.73516],[135.97423,35.73513],[135.97422,35.73511],[135.97421,35.73509],[135.97421,35.73507],[135.97421,35.73506],[135.97421,35.73505],[135.97421,35.73504],[135.97422,35.73503],[135.97423,35.73503],[135.97424,35.73502],[135.97425,35.73502],[135.97426,35.73502],[135.97427,35.73502],[135.97428,35.73503],[135.97435,35.73505],[135.97442,35.73507],[135.97446,35.73509],[135.97449,35.7351],[135.97453,35.7351],[135.97457,35.7351],[135.97461,35.7351],[135.9747,35.73508],[135.97478,35.73505],[135.97486,35.73502],[135.97492,35.73499],[135.97497,35.73496],[135.97501,35.73493],[135.97504,35.73489],[135.97507,35.73485],[135.9751,35.73481],[135.97512,35.73477],[135.97514,35.73472],[135.97621,35.73459],[135.97623,35.73459],[135.97625,35.73459],[135.97625,35.73459],[135.97626,35.73459],[135.97627,35.73459],[135.97642,35.73466],[135.97669,35.73464],[135.97669,35.73459],[135.97643,35.7346],[135.97621,35.73452],[135.9762,35.73445],[135.97533,35.73455],[135.97522,35.73397],[135.97577,35.7339],[135.97577,35.73385],[135.97521,35.73392],[135.97508,35.7332],[135.9752,35.73318],[135.97518,35.73308],[135.97606,35.73299],[135.97623,35.73398],[135.97627,35.73397],[135.97605,35.73271],[135.97604,35.73263],[135.97604,35.73258],[135.97603,35.73255],[135.97603,35.73252],[135.97602,35.7325],[135.97602,35.73248],[135.97601,35.73246],[135.97599,35.73245],[135.97597,35.73244],[135.97595,35.73242],[135.97593,35.7324],[135.97592,35.73239],[135.97591,35.73237],[135.97591,35.73236],[135.97592,35.73234],[135.97592,35.73233],[135.97593,35.73232],[135.97594,35.73231],[135.97596,35.7323],[135.97599,35.7323],[135.97604,35.73229],[135.9761,35.73229],[135.97616,35.73228],[135.97623,35.73227],[135.9763,35.73226],[135.97638,35.73226],[135.97645,35.73226],[135.97653,35.73227],[135.9766,35.73227],[135.97664,35.73227],[135.97672,35.73227],[135.97679,35.73226],[135.97685,35.73225],[135.97691,35.73225],[135.97696,35.73225],[135.977,35.73225],[135.97705,35.73225],[135.9771,35.73225],[135.97715,35.73224],[135.97721,35.73224],[135.97726,35.73224],[135.97732,35.73224],[135.97737,35.73224],[135.97742,35.73224],[135.97746,35.73224],[135.9775,35.73224],[135.97753,35.73224],[135.97755,35.73224],[135.97758,35.73223],[135.97762,35.73222],[135.97765,35.7322],[135.97769,35.73219],[135.97773,35.73218],[135.97777,35.73218],[135.9778,35.73218],[135.97783,35.73218],[135.97786,35.73218],[135.97789,35.73219],[135.97792,35.7322],[135.97797,35.73223],[135.97801,35.73225],[135.97805,35.73227],[135.97808,35.73229],[135.9781,35.7323],[135.97813,35.73231],[135.97816,35.73232],[135.97819,35.73233],[135.97823,35.73234],[135.97827,35.73236],[135.97832,35.73237],[135.97837,35.73239],[135.97842,35.7324],[135.97846,35.73242],[135.9785,35.73242],[135.97852,35.73243],[135.97855,35.73244],[135.97858,35.73246],[135.9786,35.73247],[135.97863,35.73249],[135.97866,35.73251],[135.97868,35.73252],[135.9787,35.73254],[135.97872,35.73256],[135.97874,35.73258],[135.97876,35.73264],[135.97879,35.73271],[135.97883,35.73278],[135.97889,35.73285],[135.97893,35.73291],[135.97895,35.73294],[135.97896,35.73297],[135.97896,35.73299],[135.97896,35.73302],[135.97896,35.73304],[135.97895,35.73308],[135.97893,35.73311],[135.97891,35.73314],[135.97855,35.73319],[135.97855,35.73323],[135.97894,35.73318],[135.97898,35.73322],[135.97901,35.73324],[135.97904,35.73325],[135.97908,35.73325],[135.97912,35.73325],[135.97916,35.73324],[135.97921,35.73323],[135.97926,35.73321],[135.9793,35.73319],[135.97938,35.73314],[135.97945,35.73308],[135.97952,35.73304],[135.97959,35.73299],[135.97964,35.73295],[135.9797,35.73292],[135.97972,35.73291],[135.97975,35.7329],[135.97982,35.73289],[135.97991,35.73288],[135.98,35.73288],[135.98008,35.73288],[135.98015,35.73288],[135.98023,35.73289],[135.9803,35.73291],[135.98039,35.73293],[135.98048,35.73296],[135.98055,35.73298],[135.98058,35.733],[135.98066,35.73304],[135.98075,35.73309],[135.98081,35.73313],[135.98091,35.73321],[135.98101,35.73329],[135.9811,35.73336],[135.9812,35.73342],[135.98126,35.73345],[135.98138,35.73351],[135.9815,35.73358],[135.98156,35.73362],[135.98161,35.73365],[135.98169,35.73373],[135.98176,35.73378],[135.98183,35.73383],[135.98191,35.73389],[135.98203,35.73396],[135.98215,35.73405],[135.98221,35.73409],[135.98225,35.73413],[135.9823,35.7342],[135.98234,35.73425],[135.98236,35.73427],[135.98241,35.73431],[135.98246,35.73433],[135.98272,35.7342],[135.98287,35.73411],[135.98301,35.73409],[135.98327,35.73411],[135.98362,35.73421],[135.98413,35.73444],[135.98459,35.7346],[135.9854,35.73481],[135.9855,35.7348],[135.98562,35.73475],[135.98573,35.73457],[135.98597,35.73418],[135.98629,35.73385],[135.98658,35.73355],[135.98682,35.73303],[135.98704,35.7323],[135.9873,35.73183],[135.98777,35.73139],[135.98844,35.731],[135.98893,35.73047],[135.98943,35.72981],[135.98981,35.72923],[135.99,35.72859],[135.98992,35.72778],[135.98951,35.7262],[135.98925,35.72621],[135.98903,35.72615],[135.98886,35.72596],[135.98866,35.72582],[135.9883,35.72566],[135.98793,35.72556],[135.98753,35.72551],[135.98742,35.72548],[135.98712,35.72533],[135.98697,35.72532],[135.98645,35.72529],[135.98637,35.72527],[135.98631,35.72519],[135.9862,35.72482],[135.98608,35.72456],[135.98595,35.72438],[135.98578,35.72429],[135.98559,35.72427],[135.98533,35.72432],[135.98512,35.7244],[135.98476,35.72445],[135.98463,35.72444],[135.98443,35.72439],[135.98421,35.72435],[135.98412,35.72435],[135.98384,35.72444],[135.98338,35.72465],[135.9832,35.72472],[135.98306,35.72475],[135.98294,35.72476],[135.98281,35.72475],[135.98268,35.72474],[135.98251,35.72467],[135.98235,35.7246],[135.98218,35.72454],[135.98204,35.72453],[135.98175,35.7245],[135.98094,35.72448],[135.98028,35.72449],[135.9801,35.72447],[135.97977,35.7244],[135.97965,35.7244],[135.97957,35.72443],[135.97948,35.72449],[135.97923,35.72474],[135.97841,35.72485],[135.97824,35.72479],[135.97791,35.7247],[135.97765,35.72465],[135.97735,35.7246],[135.9771,35.72459],[135.9767,35.72454],[135.97655,35.72456],[135.97644,35.72459],[135.97605,35.72485],[135.97587,35.72492],[135.97577,35.72493],[135.97555,35.72489],[135.97506,35.72478],[135.97491,35.72475],[135.97479,35.72477],[135.97468,35.72486],[135.9745,35.72508],[135.97444,35.72514],[135.97377,35.72526],[135.9733,35.72534],[135.97309,35.72537],[135.97297,35.72536],[135.9728,35.72531],[135.97201,35.72505],[135.9715,35.72501],[135.97125,35.72497],[135.97102,35.72491],[135.97075,35.72484],[135.97033,35.72477],[135.97001,35.72475],[135.96993,35.72477],[135.96986,35.72482],[135.96968,35.725],[135.9696,35.72509],[135.96949,35.72517],[135.96937,35.72522],[135.96894,35.72486],[135.96877,35.72472],[135.96869,35.72489],[135.96831,35.72546],[135.96806,35.72583],[135.96785,35.72611],[135.9676,35.72644],[135.9674,35.72674],[135.96727,35.72698],[135.96718,35.72716],[135.96715,35.72736],[135.96714,35.72751],[135.96713,35.72759],[135.96571,35.72945],[135.96556,35.72961],[135.96537,35.72976],[135.96463,35.73013],[135.96465,35.73016],[135.96467,35.73021],[135.96469,35.73026],[135.9647,35.73031],[135.9647,35.73036],[135.9647,35.73041],[135.96469,35.73044],[135.96469,35.73046],[135.96468,35.73047],[135.96467,35.73047],[135.96466,35.73047],[135.96464,35.73048],[135.96462,35.73049],[135.96461,35.7305],[135.96461,35.73052],[135.96461,35.73056],[135.96462,35.73059],[135.96464,35.73063],[135.96465,35.73067],[135.96466,35.73069],[135.96467,35.73071],[135.96467,35.73072],[135.96466,35.73073],[135.96466,35.73073],[135.96465,35.73074],[135.96465,35.73074],[135.96464,35.73073],[135.96463,35.73073],[135.96461,35.73072],[135.96458,35.7307],[135.96455,35.73069],[135.96451,35.73069],[135.96449,35.73069],[135.96447,35.7307],[135.96446,35.73071],[135.96445,35.73073],[135.96444,35.73076],[135.96443,35.73078],[135.96441,35.7308],[135.9644,35.73081],[135.96439,35.73081],[135.96438,35.73081],[135.96437,35.73081],[135.96437,35.7308],[135.96437,35.73078],[135.96438,35.73076],[135.9644,35.73073],[135.96441,35.73071],[135.96442,35.73069],[135.96442,35.73067],[135.96442,35.73064],[135.96442,35.73061],[135.96441,35.73059],[135.96441,35.73056],[135.96439,35.73054],[135.96438,35.73053],[135.96437,35.73053],[135.96434,35.73054],[135.96431,35.73055],[135.96427,35.73057],[135.96424,35.73059],[135.96421,35.73062],[135.96419,35.73064],[135.96418,35.73066],[135.96419,35.73069],[135.96419,35.7307],[135.96419,35.73071],[135.96417,35.7307],[135.96415,35.7307],[135.96412,35.73069],[135.9641,35.7307],[135.96409,35.7307],[135.96408,35.73072],[135.96408,35.73074],[135.96409,35.73075],[135.96411,35.73076],[135.96413,35.73077],[135.96415,35.73079],[135.96416,35.7308],[135.96416,35.73082],[135.96416,35.73083],[135.96417,35.73084],[135.96419,35.73083],[135.96421,35.73082],[135.96423,35.73081],[135.96425,35.73081],[135.96426,35.73083],[135.96427,35.73085],[135.96427,35.73087],[135.96427,35.7309],[135.96428,35.73093],[135.96429,35.73097],[135.96431,35.731],[135.96434,35.73103],[135.96438,35.73107],[135.96441,35.73111],[135.96444,35.73115],[135.96446,35.73119],[135.96448,35.73123],[135.96449,35.73127],[135.96451,35.73132],[135.96452,35.73136],[135.96453,35.7314],[135.96453,35.73145],[135.96454,35.73149],[135.96454,35.73153],[135.96455,35.73156],[135.96456,35.73159],[135.96457,35.73161],[135.96458,35.73163],[135.9646,35.73165],[135.96462,35.73166],[135.96464,35.73167],[135.96466,35.73168],[135.96467,35.73168],[135.96468,35.73168],[135.9647,35.73167],[135.96472,35.73164],[135.96473,35.73161],[135.96475,35.73157],[135.96476,35.73154],[135.96476,35.73152],[135.96476,35.7315],[135.96477,35.73148],[135.96477,35.73145],[135.96477,35.73142],[135.96477,35.73139],[135.96478,35.73136],[135.96478,35.73133],[135.96479,35.73132],[135.96479,35.7313],[135.96479,35.73129],[135.9648,35.73128],[135.96481,35.73127],[135.96482,35.73128],[135.96484,35.73129],[135.96486,35.73132],[135.96489,35.73135],[135.96491,35.73138],[135.96492,35.7314],[135.96493,35.73143],[135.96493,35.73146],[135.96494,35.73148],[135.96494,35.73151],[135.96494,35.73153],[135.96495,35.73155],[135.96495,35.73155],[135.96496,35.73155],[135.96498,35.73155],[135.96499,35.73154],[135.96501,35.73153],[135.96502,35.73153],[135.96503,35.73153],[135.96504,35.73153],[135.96504,35.73154],[135.96504,35.73157],[135.96504,35.73159],[135.96504,35.73162],[135.96504,35.73165],[135.96505,35.73167],[135.96506,35.73168],[135.96508,35.73169],[135.96511,35.73169],[135.96514,35.73168],[135.96518,35.73167],[135.96521,35.73166],[135.96522,35.73165],[135.96523,35.73164],[135.96524,35.73162],[135.96523,35.7316],[135.96523,35.73158],[135.96524,35.73157],[135.96524,35.73155],[135.96524,35.73154],[135.96524,35.73153],[135.96524,35.73153],[135.96525,35.73153],[135.96526,35.73154],[135.96528,35.73157],[135.9653,35.7316],[135.96532,35.73163],[135.96534,35.73166],[135.96536,35.73169],[135.96538,35.73172],[135.96539,35.73176],[135.96541,35.73179],[135.96543,35.73182],[135.96544,35.73185],[135.96546,35.73188],[135.96547,35.73191],[135.96549,35.73194],[135.96551,35.73198],[135.96553,35.73202],[135.96555,35.73206],[135.96558,35.7321],[135.9656,35.73213],[135.96562,35.73215],[135.96564,35.73217],[135.96565,35.73219],[135.96567,35.73221],[135.96569,35.73224],[135.9657,35.73226],[135.96572,35.73229],[135.96574,35.73231],[135.96575,35.73234],[135.96577,35.73237],[135.96579,35.73239],[135.96581,35.73242],[135.96583,35.73245],[135.96585,35.73248],[135.96587,35.7325],[135.96591,35.73252],[135.96593,35.73253],[135.96598,35.73255],[135.96603,35.73256],[135.96609,35.73256],[135.96613,35.73257],[135.96617,35.73257],[135.96621,35.73257],[135.96626,35.73257],[135.9663,35.73256],[135.96636,35.73256],[135.96641,35.73256],[135.96646,35.73256],[135.9665,35.73256],[135.96654,35.73257],[135.96659,35.73258],[135.96664,35.73259],[135.96669,35.73261],[135.96674,35.73261],[135.96675,35.73262],[135.96676,35.73261],[135.96677,35.73261],[135.96677,35.73259],[135.96676,35.73257],[135.96676,35.73254],[135.96677,35.73251],[135.96678,35.7325],[135.96679,35.73249],[135.9668,35.73249],[135.96682,35.73248],[135.96685,35.73249],[135.96689,35.7325],[135.96693,35.7325],[135.96694,35.7325],[135.96695,35.7325],[135.96696,35.73249],[135.96697,35.73247],[135.96698,35.73245],[135.96699,35.73243],[135.96702,35.73243],[135.96705,35.73243],[135.96708,35.73244],[135.96711,35.73245],[135.96715,35.73246],[135.96719,35.73247],[135.96723,35.73249],[135.96728,35.7325],[135.96733,35.73252],[135.96739,35.73255],[135.96745,35.73259],[135.96752,35.73264],[135.96757,35.73268],[135.96761,35.73271],[135.96763,35.73274],[135.96769,35.73281],[135.9678,35.73295],[135.9679,35.73308],[135.96799,35.7332],[135.96807,35.73332],[135.96811,35.73338],[135.96817,35.73349],[135.96822,35.73361],[135.96828,35.73371],[135.96832,35.73381],[135.96836,35.73389],[135.96838,35.73393],[135.96839,35.73397],[135.96839,35.73402],[135.96839,35.73406],[135.96838,35.73416],[135.96835,35.73427],[135.96834,35.73436],[135.96833,35.7344],[135.96833,35.73444],[135.96831,35.73448],[135.96829,35.7345],[135.96825,35.73453],[135.96816,35.73457],[135.96812,35.73459],[135.9681,35.7346],[135.96808,35.73462],[135.96808,35.73464],[135.96809,35.73468],[135.9681,35.73471],[135.9681,35.73473],[135.96809,35.73476],[135.96809,35.73479],[135.96807,35.73482],[135.96806,35.73482],[135.96805,35.73482],[135.96802,35.7348],[135.96799,35.73478],[135.96795,35.73477],[135.96792,35.73477],[135.96792,35.73477],[135.96791,35.73478],[135.96791,35.73481],[135.96792,35.73486],[135.96793,35.73494],[135.96793,35.73495],[135.96793,35.73497],[135.96792,35.73498],[135.96792,35.73499],[135.96792,35.73499],[135.96791,35.73499],[135.96791,35.73498],[135.96788,35.73495],[135.96788,35.73495],[135.96787,35.73494],[135.96786,35.73493],[135.96785,35.73492],[135.96784,35.73492],[135.96783,35.73491],[135.96782,35.73491],[135.96781,35.73491],[135.9678,35.73491],[135.96778,35.73491],[135.96777,35.73492],[135.96776,35.73492],[135.96774,35.73493],[135.96773,35.73495],[135.96771,35.73496],[135.9677,35.73499],[135.96768,35.73501],[135.96766,35.73503],[135.96766,35.73504],[135.96765,35.73506],[135.96765,35.73507],[135.96766,35.73508],[135.96766,35.7351],[135.96767,35.73511],[135.96773,35.73516],[135.96775,35.73519],[135.96777,35.73521],[135.96778,35.73524],[135.96777,35.73528],[135.96775,35.73534],[135.96775,35.73537],[135.96775,35.7354],[135.96776,35.73542],[135.96779,35.73547],[135.9678,35.7355],[135.96783,35.73557],[135.96787,35.73564],[135.96789,35.73568],[135.96791,35.73571],[135.96795,35.73576],[135.96801,35.73581],[135.96804,35.73584],[135.96807,35.73585],[135.9681,35.73587],[135.96812,35.73588],[135.96815,35.73588],[135.96816,35.73587],[135.96817,35.73586],[135.96817,35.73584],[135.96817,35.73582],[135.96817,35.7358],[135.96814,35.73575],[135.96812,35.73571],[135.96811,35.73568],[135.9681,35.73565],[135.9681,35.73563],[135.9681,35.73562],[135.9681,35.73561],[135.96811,35.73559],[135.96811,35.73558],[135.96812,35.73557],[135.96813,35.73557],[135.96814,35.73556],[135.96815,35.73557],[135.96816,35.73557],[135.96818,35.73559],[135.96822,35.73563],[135.96825,35.73565],[135.96828,35.73567],[135.9683,35.73569],[135.96831,35.7357],[135.96833,35.73571],[135.96834,35.73571],[135.96836,35.73572],[135.96838,35.73572],[135.96839,35.73572],[135.9684,35.73572],[135.96841,35.73571],[135.96842,35.73571],[135.96843,35.7357],[135.96844,35.73569],[135.96844,35.73567],[135.96844,35.73566],[135.96844,35.73564],[135.96844,35.73563],[135.96844,35.73561],[135.96843,35.7356],[135.96843,35.73558],[135.96842,35.73557],[135.96842,35.73555],[135.9684,35.73553],[135.96839,35.73551],[135.96838,35.7355],[135.96837,35.73548],[135.96837,35.73547],[135.96837,35.73547],[135.96837,35.73546],[135.96838,35.73545],[135.9684,35.73542],[135.96845,35.73538],[135.9685,35.73533],[135.96854,35.73529],[135.96858,35.73526],[135.96862,35.73524],[135.96863,35.73523],[135.96865,35.73523],[135.96868,35.73522],[135.9687,35.73522],[135.96873,35.73522],[135.96876,35.73522],[135.96883,35.73522],[135.9689,35.73523],[135.96897,35.73524],[135.96902,35.73525],[135.96905,35.73525],[135.96906,35.73526],[135.96908,35.73528],[135.9691,35.7353],[135.96913,35.73536],[135.96914,35.73539],[135.96916,35.73541],[135.96919,35.73543],[135.96921,35.73544],[135.96924,35.73544],[135.96927,35.73542],[135.9693,35.73541],[135.96932,35.73539],[135.96936,35.73535],[135.96939,35.73532],[135.96941,35.7353],[135.96944,35.73529],[135.96947,35.73528],[135.96954,35.73526],[135.96962,35.73524],[135.96969,35.73523],[135.96975,35.73523],[135.96981,35.73522],[135.96987,35.73522],[135.96994,35.73521],[135.97002,35.73521],[135.97005,35.73521],[135.97008,35.73522],[135.97011,35.73523],[135.97013,35.73525],[135.97014,35.73527],[135.97016,35.73532],[135.97018,35.73537],[135.97019,35.7354],[135.9702,35.73543],[135.97022,35.73546],[135.97023,35.73549],[135.97025,35.73551],[135.97027,35.73554],[135.97028,35.73554],[135.97029,35.73555],[135.9703,35.73556],[135.97032,35.73556],[135.97033,35.73556],[135.97034,35.73556],[135.97034,35.73556],[135.97035,35.73555],[135.97036,35.73554],[135.97037,35.73553],[135.97038,35.73551],[135.97039,35.73549],[135.97039,35.73543],[135.97039,35.7354],[135.97037,35.73535],[135.97036,35.73533],[135.97036,35.73532],[135.97037,35.7353],[135.97038,35.73529],[135.97039,35.73529],[135.9704,35.73529],[135.97044,35.73528],[135.97054,35.73528],[135.97065,35.73527],[135.97069,35.73527],[135.97074,35.73527],[135.97083,35.73526],[135.9709,35.73526],[135.97097,35.73525],[135.97101,35.73525],[135.97104,35.73525],[135.97108,35.73523],[135.97111,35.73522],[135.97117,35.73518],[135.97122,35.73514],[135.97127,35.7351],[135.97131,35.73506],[135.97134,35.73502],[135.97136,35.73499],[135.97138,35.73498],[135.9714,35.73496],[135.97143,35.73495],[135.97146,35.73493],[135.97152,35.7349],[135.97157,35.73488],[135.97161,35.73486],[135.97163,35.73485],[135.97166,35.73484],[135.97167,35.73483],[135.97169,35.73482],[135.97171,35.7348],[135.97173,35.73478],[135.97176,35.73474],[135.9718,35.73469],[135.97183,35.73466],[135.97184,35.73465],[135.97186,35.73463],[135.97188,35.73463],[135.97192,35.73461],[135.97198,35.73459],[135.97203,35.73458],[135.97208,35.73457],[135.97212,35.73457],[135.97214,35.73457],[135.97215,35.73458],[135.97217,35.73459],[135.9722,35.73462],[135.97222,35.73466],[135.97224,35.73468],[135.97226,35.73469],[135.97226,35.73469],[135.97227,35.73469],[135.97232,35.73468],[135.97235,35.73467],[135.97238,35.73467],[135.97242,35.73467],[135.97246,35.73468],[135.97253,35.73471],[135.97261,35.73475],[135.97265,35.73476],[135.97272,35.73479],[135.9728,35.73481],[135.9729,35.73484],[135.973,35.73488],[135.97309,35.73491],[135.97316,35.73495],[135.97324,35.73498],[135.97332,35.73502],[135.97341,35.73505],[135.97345,35.73507],[135.97348,35.73509],[135.9735,35.73512],[135.97354,35.73516],[135.97356,35.73521],[135.9736,35.73526],[135.97364,35.73532],[135.9737,35.73537],[135.97377,35.73542],[135.97382,35.73546],[135.97387,35.7355]]]}},{"type":"Feature","properties":{"name":"白木二丁目","setai":0,"jinko":0,"key":"18202054002","units":1,"m":0,"f":0,"gk":0,"a0":0,"a1":0,"a2":0,"a75":0,"ag":[0,0,0,0,0,0,0,0,0,0,0,0,0,0,0,0,0,0,0,0,0]},"geometry":{"type":"Polygon","coordinates":[[[135.99404,35.74847],[135.9942,35.7482],[135.99445,35.74799],[135.99464,35.74785],[135.99483,35.7477],[135.995,35.74741],[135.99513,35.74714],[135.99539,35.74695],[135.99573,35.74667],[135.99594,35.74654],[135.99622,35.74634],[135.99643,35.74621],[135.99669,35.74612],[135.99699,35.74611],[135.99744,35.74608],[135.99789,35.74605],[135.99821,35.74594],[135.99896,35.74553],[136.00025,35.74492],[136.00011,35.74373],[135.99992,35.74275],[135.99992,35.74184],[135.99991,35.74173],[135.99989,35.74158],[135.99987,35.74119],[135.99999,35.74081],[136.00025,35.74021],[136.00042,35.73947],[136.00061,35.73875],[136.00081,35.73833],[136.00085,35.73793],[136.00085,35.73777],[136.00084,35.73758],[136.00087,35.73708],[136.00102,35.73669],[136.00132,35.7363],[136.00152,35.73602],[136.0016,35.73585],[136.00168,35.73574],[136.00181,35.73565],[136.0021,35.73555],[136.00231,35.7354],[136.00253,35.73513],[136.00269,35.73492],[136.00288,35.73466],[136.00332,35.73417],[136.00414,35.73324],[136.00436,35.73285],[136.00458,35.73255],[136.00486,35.7324],[136.00512,35.73212],[136.00532,35.73179],[136.00536,35.73173],[136.00569,35.73123],[136.00589,35.73098],[136.00607,35.73067],[136.0064,35.73034],[136.00656,35.73019],[136.00672,35.73005],[136.00665,35.72995],[136.00603,35.72971],[136.00542,35.72999],[136.0046,35.73004],[136.0039,35.72943],[136.00362,35.72903],[136.00317,35.72876],[136.00251,35.72852],[136.00076,35.72815],[136.00037,35.72801],[135.99976,35.7279],[135.99905,35.72786],[135.99851,35.72775],[135.99823,35.72764],[135.99812,35.7274],[135.99796,35.72719],[135.99748,35.72705],[135.99713,35.72692],[135.99687,35.72675],[135.99646,35.72657],[135.99578,35.72621],[135.9954,35.72605],[135.99505,35.72605],[135.99463,35.72635],[135.99411,35.72669],[135.99346,35.72695],[135.9932,35.72703],[135.99178,35.7268],[135.99128,35.72678],[135.9909,35.72667],[135.99057,35.72629],[135.99037,35.72613],[135.99016,35.72604],[135.98951,35.7262],[135.98992,35.72778],[135.99,35.72859],[135.98981,35.72923],[135.98943,35.72981],[135.98893,35.73047],[135.98844,35.731],[135.98777,35.73139],[135.9873,35.73183],[135.98704,35.7323],[135.98682,35.73303],[135.98658,35.73355],[135.98629,35.73385],[135.98597,35.73418],[135.98573,35.73457],[135.98562,35.73475],[135.9855,35.7348],[135.9854,35.73481],[135.98459,35.7346],[135.98413,35.73444],[135.98362,35.73421],[135.98327,35.73411],[135.98301,35.73409],[135.98287,35.73411],[135.98272,35.7342],[135.98246,35.73433],[135.98245,35.73439],[135.98244,35.73441],[135.98243,35.73444],[135.98243,35.73445],[135.98243,35.73446],[135.98244,35.73447],[135.98246,35.73449],[135.98248,35.7345],[135.98253,35.73453],[135.98258,35.73455],[135.98264,35.73458],[135.98267,35.7346],[135.98274,35.73465],[135.9828,35.73472],[135.98285,35.73477],[135.98289,35.73483],[135.98292,35.73488],[135.98295,35.73493],[135.983,35.73499],[135.98306,35.73503],[135.98312,35.73508],[135.98319,35.73513],[135.98326,35.73519],[135.98332,35.73525],[135.98338,35.73531],[135.98343,35.73535],[135.98349,35.7354],[135.98356,35.73544],[135.98363,35.73549],[135.98365,35.73551],[135.98368,35.73553],[135.98371,35.73559],[135.98375,35.73565],[135.98381,35.73573],[135.98388,35.73582],[135.98395,35.7359],[135.98402,35.73597],[135.98409,35.73602],[135.98408,35.73605],[135.98423,35.73611],[135.98438,35.73616],[135.98479,35.73631],[135.9848,35.73631],[135.9848,35.73632],[135.9848,35.73633],[135.9848,35.73634],[135.98479,35.73634],[135.98479,35.73634],[135.98479,35.73635],[135.98478,35.73636],[135.98477,35.73636],[135.98477,35.73636],[135.98476,35.73636],[135.98435,35.73622],[135.9842,35.73617],[135.98403,35.7361],[135.98376,35.73658],[135.98309,35.73679],[135.98315,35.7369],[135.98344,35.73681],[135.98368,35.73722],[135.9848,35.73908],[135.98398,35.73927],[135.98112,35.73756],[135.98102,35.73769],[135.98146,35.73794],[135.98153,35.73793],[135.98388,35.73933],[135.98422,35.73954],[135.98453,35.73973],[135.98466,35.73981],[135.98476,35.73989],[135.98559,35.74052],[135.98719,35.74173],[135.98733,35.74184],[135.98755,35.74199],[135.98801,35.74209],[135.988,35.74215],[135.988,35.7422],[135.98799,35.74225],[135.98796,35.74234],[135.98797,35.74238],[135.98799,35.74243],[135.98803,35.7425],[135.98808,35.74257],[135.98812,35.74263],[135.98816,35.74267],[135.98818,35.74268],[135.98821,35.74269],[135.98819,35.74271],[135.98819,35.74272],[135.98819,35.74274],[135.98822,35.74277],[135.98826,35.74281],[135.98831,35.74284],[135.98833,35.74286],[135.98838,35.74287],[135.98842,35.74288],[135.98847,35.7429],[135.98853,35.74292],[135.98859,35.74294],[135.98864,35.74296],[135.9887,35.74299],[135.98874,35.74303],[135.98878,35.74308],[135.98883,35.74312],[135.98884,35.74313],[135.9889,35.74318],[135.98897,35.74323],[135.98902,35.74327],[135.98906,35.7433],[135.98909,35.74333],[135.98911,35.74335],[135.98911,35.74338],[135.9891,35.74342],[135.98909,35.74346],[135.98909,35.74351],[135.9891,35.74353],[135.9891,35.74355],[135.98912,35.74357],[135.98913,35.74358],[135.98915,35.74359],[135.9892,35.7436],[135.98925,35.74361],[135.9893,35.74363],[135.98932,35.74364],[135.98934,35.74366],[135.98936,35.74367],[135.98939,35.74372],[135.98942,35.74378],[135.98944,35.7438],[135.98947,35.74383],[135.98952,35.74387],[135.98957,35.74392],[135.98959,35.74394],[135.98963,35.744],[135.98968,35.74407],[135.98973,35.74413],[135.98979,35.74419],[135.98981,35.74421],[135.98984,35.74423],[135.98987,35.74424],[135.9899,35.74426],[135.98992,35.74428],[135.98996,35.74432],[135.98999,35.74436],[135.99006,35.74447],[135.99012,35.74456],[135.99014,35.74458],[135.99016,35.74459],[135.99018,35.7446],[135.99022,35.74459],[135.99025,35.7446],[135.99029,35.74461],[135.99038,35.74464],[135.99046,35.74467],[135.99053,35.74469],[135.99059,35.74472],[135.99066,35.74475],[135.99073,35.74477],[135.99078,35.74481],[135.99082,35.74484],[135.99085,35.74485],[135.99087,35.74487],[135.99094,35.7449],[135.99103,35.74492],[135.99111,35.74493],[135.99119,35.74495],[135.99123,35.74496],[135.99126,35.74497],[135.99129,35.74499],[135.99131,35.74501],[135.99133,35.74503],[135.99137,35.74508],[135.9914,35.74515],[135.99142,35.74521],[135.99143,35.74525],[135.99143,35.74527],[135.99142,35.74532],[135.99141,35.74536],[135.99141,35.74538],[135.99141,35.7454],[135.99142,35.74545],[135.99145,35.74549],[135.99148,35.74554],[135.99152,35.74559],[135.99156,35.74565],[135.99159,35.7457],[135.99163,35.74575],[135.99166,35.74579],[135.99169,35.74583],[135.99171,35.74588],[135.99172,35.74592],[135.99173,35.74596],[135.99173,35.746],[135.99173,35.74602],[135.99172,35.74604],[135.9917,35.74607],[135.99168,35.7461],[135.99167,35.74612],[135.99167,35.74614],[135.99168,35.74616],[135.99169,35.74618],[135.9917,35.74619],[135.99172,35.7462],[135.99173,35.74621],[135.99175,35.74621],[135.99178,35.74621],[135.99181,35.74619],[135.99182,35.74618],[135.99183,35.74618],[135.99185,35.74619],[135.99188,35.7462],[135.99191,35.74622],[135.99194,35.74623],[135.99196,35.74623],[135.99197,35.74623],[135.992,35.74623],[135.99202,35.74623],[135.99203,35.74623],[135.99204,35.74623],[135.99205,35.74623],[135.99207,35.74625],[135.9921,35.74627],[135.99215,35.74632],[135.99218,35.74634],[135.99227,35.7464],[135.99233,35.74644],[135.99246,35.7465],[135.9926,35.74655],[135.99272,35.7466],[135.99279,35.74664],[135.99284,35.74667],[135.99288,35.7467],[135.99291,35.74672],[135.99293,35.74676],[135.99294,35.7468],[135.99295,35.74684],[135.99294,35.74687],[135.99294,35.74691],[135.99296,35.74695],[135.99299,35.74699],[135.99301,35.74703],[135.99301,35.74705],[135.99302,35.74709],[135.99302,35.74713],[135.99303,35.74715],[135.99304,35.74717],[135.99306,35.7472],[135.99308,35.74722],[135.99311,35.74724],[135.99314,35.74726],[135.99321,35.7473],[135.99329,35.74734],[135.99338,35.74737],[135.99345,35.74741],[135.99347,35.74743],[135.99349,35.74745],[135.99349,35.74747],[135.9935,35.7475],[135.99351,35.74754],[135.99353,35.74757],[135.99355,35.74762],[135.99356,35.74767],[135.99356,35.74772],[135.99356,35.74775],[135.99355,35.74781],[135.99353,35.74786],[135.99351,35.74792],[135.9935,35.74796],[135.9935,35.74802],[135.99351,35.74807],[135.99352,35.74812],[135.99354,35.74818],[135.99354,35.74823],[135.99353,35.74828],[135.99352,35.7483],[135.9935,35.74834],[135.99347,35.74838],[135.99344,35.74842],[135.99343,35.74844],[135.99343,35.74847],[135.99343,35.7485],[135.99344,35.74853],[135.99345,35.74856],[135.99347,35.74858],[135.99349,35.74861],[135.99352,35.74863],[135.99356,35.74866],[135.9936,35.74868],[135.99363,35.7487],[135.99366,35.74874],[135.99368,35.74875],[135.99369,35.74876],[135.9937,35.74876],[135.99372,35.74875],[135.99374,35.74874],[135.99377,35.74872],[135.9938,35.74872],[135.99382,35.74874],[135.99385,35.74876],[135.99386,35.74879],[135.99387,35.74882],[135.99387,35.74887],[135.99387,35.74893],[135.99387,35.74899],[135.99389,35.74905],[135.9939,35.74907],[135.99391,35.74908],[135.99392,35.74909],[135.99394,35.74909],[135.99397,35.74907],[135.99399,35.74906],[135.99401,35.74902],[135.99403,35.74896],[135.99404,35.74893],[135.99404,35.74887],[135.99404,35.7488],[135.99404,35.74874],[135.99404,35.74868],[135.99403,35.74862],[135.99403,35.74856],[135.99402,35.7485],[135.99403,35.74849],[135.99404,35.74847]]]}},{"type":"Feature","properties":{"name":"鞠山","setai":72,"jinko":111,"key":"182020550","units":1,"m":85,"f":26,"gk":0,"a0":11,"a1":78,"a2":22,"a75":5,"ag":[6,3,2,0,3,12,13,13,6,13,7,8,3,8,9,1,1,1,0,2,0]},"geometry":{"type":"Polygon","coordinates":[[[136.08133,35.68114],[136.08255,35.6799],[136.08259,35.67978],[136.0829,35.67939],[136.08306,35.67921],[136.08327,35.67912],[136.08345,35.67911],[136.08353,35.67911],[136.08347,35.67821],[136.08568,35.67808],[136.08616,35.67807],[136.08687,35.67648],[136.08703,35.67608],[136.08705,35.67585],[136.0869,35.6759],[136.0867,35.67593],[136.08649,35.67599],[136.08628,35.67599],[136.08479,35.6761],[136.08283,35.67623],[136.07821,35.67654],[136.07817,35.67688],[136.07809,35.67724],[136.07797,35.67763],[136.07784,35.67789],[136.07769,35.67811],[136.07731,35.67845],[136.07715,35.67855],[136.07681,35.67867],[136.07662,35.67872],[136.07623,35.67882],[136.07593,35.67891],[136.0758,35.679],[136.07567,35.67911],[136.07556,35.67919],[136.07552,35.67927],[136.07552,35.67937],[136.07554,35.67937],[136.07557,35.6794],[136.07558,35.6794],[136.07559,35.67941],[136.0756,35.67942],[136.07562,35.67945],[136.07563,35.67947],[136.07564,35.67948],[136.07564,35.67949],[136.07564,35.6795],[136.07563,35.67951],[136.07562,35.67952],[136.0756,35.67953],[136.07558,35.67956],[136.07556,35.67958],[136.07555,35.67961],[136.07555,35.67963],[136.07556,35.67966],[136.07557,35.67967],[136.07559,35.67969],[136.07562,35.6797],[136.07566,35.67971],[136.0757,35.67972],[136.07573,35.67972],[136.07574,35.67973],[136.07575,35.67973],[136.07575,35.67975],[136.07574,35.67976],[136.07572,35.67979],[136.07569,35.67981],[136.07567,35.67984],[136.07565,35.67986],[136.07564,35.67987],[136.07564,35.67989],[136.07564,35.67989],[136.07565,35.67991],[136.07567,35.67992],[136.07569,35.67992],[136.07571,35.67992],[136.07573,35.67992],[136.07576,35.6799],[136.07579,35.67988],[136.07583,35.67985],[136.07585,35.67982],[136.07587,35.6798],[136.07589,35.67979],[136.07592,35.67978],[136.07595,35.67978],[136.07599,35.67978],[136.07602,35.67979],[136.07605,35.6798],[136.0761,35.67982],[136.07616,35.67985],[136.07622,35.67987],[136.07629,35.67989],[136.07634,35.6799],[136.07639,35.67991],[136.07642,35.67992],[136.07646,35.67992],[136.07649,35.67992],[136.07652,35.67992],[136.07653,35.67992],[136.07654,35.67993],[136.07655,35.67995],[136.07655,35.67997],[136.07656,35.68],[136.07656,35.68002],[136.07656,35.68004],[136.07656,35.68005],[136.07656,35.68006],[136.07657,35.68006],[136.07659,35.68006],[136.07661,35.68004],[136.07663,35.68002],[136.07664,35.68],[136.07665,35.67997],[136.07666,35.67989],[136.07668,35.67985],[136.07668,35.67985],[136.07669,35.67984],[136.07669,35.67984],[136.07673,35.67983],[136.07679,35.6798],[136.07685,35.67978],[136.07691,35.67976],[136.07696,35.67973],[136.077,35.67971],[136.07705,35.67969],[136.0771,35.67968],[136.07715,35.67968],[136.0772,35.67968],[136.07726,35.67969],[136.07732,35.6797],[136.07737,35.67971],[136.0774,35.67972],[136.07743,35.67973],[136.07744,35.67975],[136.07745,35.67978],[136.07746,35.6798],[136.07747,35.67984],[136.07747,35.67987],[136.07746,35.67992],[136.07745,35.67997],[136.07745,35.68003],[136.07745,35.68009],[136.07745,35.68015],[136.07745,35.68019],[136.07745,35.68023],[136.07746,35.68027],[136.07748,35.6803],[136.07751,35.68033],[136.07753,35.68035],[136.07756,35.68037],[136.07758,35.68038],[136.07763,35.68039],[136.07769,35.6804],[136.07776,35.6804],[136.07783,35.68041],[136.0779,35.68041],[136.07797,35.68041],[136.07803,35.6804],[136.07803,35.6804],[136.07804,35.6804],[136.07806,35.6804],[136.07807,35.6804],[136.07808,35.68041],[136.07809,35.68042],[136.07812,35.68045],[136.07814,35.68047],[136.07816,35.6805],[136.07818,35.68051],[136.0782,35.68053],[136.07822,35.68054],[136.07823,35.68054],[136.07825,35.68053],[136.07827,35.68052],[136.07828,35.68051],[136.07829,35.6805],[136.07844,35.68041],[136.07845,35.6804],[136.07846,35.68039],[136.07847,35.68038],[136.07848,35.68038],[136.07848,35.68037],[136.07849,35.68036],[136.07849,35.68035],[136.0785,35.68034],[136.0785,35.68033],[136.0785,35.68031],[136.0785,35.68031],[136.07852,35.67988],[136.07853,35.6798],[136.07854,35.67978],[136.07854,35.67976],[136.07856,35.67974],[136.07858,35.67971],[136.07861,35.67968],[136.07893,35.67939],[136.07896,35.67941],[136.07891,35.67946],[136.07864,35.67971],[136.07862,35.67974],[136.0786,35.67976],[136.07859,35.67977],[136.07858,35.67979],[136.07858,35.6798],[136.07857,35.67988],[136.07855,35.68031],[136.07855,35.68032],[136.07855,35.68034],[136.07854,35.68035],[136.07853,35.68037],[136.07853,35.68038],[136.07852,35.6804],[136.07851,35.6804],[136.07849,35.68043],[136.07848,35.68043],[136.07846,35.68044],[136.07841,35.68047],[136.07893,35.6812],[136.07946,35.68138],[136.07948,35.68133],[136.07898,35.68116],[136.07862,35.68065],[136.07865,35.68064],[136.07859,35.68052],[136.07866,35.68049],[136.07864,35.68045],[136.07868,35.68043],[136.07869,35.68038],[136.07875,35.68038],[136.07879,35.68077],[136.07881,35.68077],[136.07877,35.6802],[136.07874,35.6802],[136.07875,35.68033],[136.07868,35.68033],[136.07867,35.68013],[136.07906,35.68012],[136.07907,35.6804],[136.0796,35.68087],[136.07962,35.68085],[136.07924,35.68051],[136.07932,35.68048],[136.07939,35.68044],[136.07946,35.68042],[136.07953,35.6804],[136.07961,35.68038],[136.07969,35.68037],[136.07978,35.68036],[136.07986,35.68036],[136.07999,35.68036],[136.08007,35.68037],[136.08017,35.68038],[136.08025,35.68039],[136.08032,35.68041],[136.08038,35.68043],[136.08044,35.68044],[136.08047,35.68046],[136.08055,35.68049],[136.08066,35.68056],[136.08078,35.68064],[136.0809,35.68072],[136.08101,35.68079],[136.08109,35.68085],[136.08114,35.68089],[136.08118,35.68093],[136.08123,35.68097],[136.08134,35.68105],[136.08093,35.68156],[136.08097,35.68158],[136.08133,35.68114]]]}},{"type":"Feature","properties":{"name":"田結","setai":85,"jinko":200,"key":"182020560","units":1,"m":96,"f":104,"gk":2,"a0":29,"a1":90,"a2":81,"a75":32,"ag":[6,11,12,7,0,2,9,13,15,9,12,9,14,26,23,13,6,9,4,0,0]},"geometry":{"type":"Polygon","coordinates":[[[136.08378,35.68257],[136.08409,35.68238],[136.08455,35.68201],[136.08523,35.68165],[136.08601,35.68138],[136.08632,35.68133],[136.08652,35.68135],[136.08663,35.68134],[136.08675,35.68128],[136.08684,35.68116],[136.08688,35.68106],[136.08693,35.68034],[136.08687,35.68027],[136.08677,35.68019],[136.08658,35.68014],[136.0859,35.68],[136.08562,35.67986],[136.08587,35.67988],[136.08613,35.67984],[136.08641,35.67981],[136.08652,35.67978],[136.08665,35.67967],[136.08672,35.67952],[136.0868,35.67934],[136.08699,35.6792],[136.08727,35.67913],[136.08749,35.67917],[136.08765,35.67923],[136.08789,35.6793],[136.08805,35.67931],[136.08822,35.6793],[136.0884,35.6792],[136.08856,35.67905],[136.08876,35.67896],[136.0889,35.67892],[136.08913,35.67892],[136.08934,35.679],[136.08952,35.67911],[136.08962,35.67916],[136.08972,35.67924],[136.08989,35.67925],[136.08995,35.67919],[136.09008,35.67907],[136.09017,35.679],[136.09025,35.67901],[136.09043,35.67912],[136.09067,35.67918],[136.09085,35.67927],[136.09119,35.67948],[136.0913,35.67923],[136.09137,35.6791],[136.09156,35.67896],[136.09185,35.67887],[136.09218,35.6789],[136.09242,35.67894],[136.0926,35.67902],[136.09269,35.67919],[136.0927,35.6793],[136.09274,35.67942],[136.09281,35.67949],[136.09282,35.67949],[136.09295,35.67953],[136.09313,35.67947],[136.09336,35.67936],[136.09354,35.67926],[136.0938,35.67921],[136.09426,35.67927],[136.09493,35.67944],[136.09525,35.67953],[136.09551,35.67962],[136.09575,35.67973],[136.0961,35.67979],[136.09659,35.67969],[136.09683,35.6795],[136.09705,35.67932],[136.09774,35.67914],[136.09753,35.67901],[136.09733,35.67888],[136.09706,35.67884],[136.09672,35.67883],[136.09647,35.67884],[136.09632,35.67876],[136.09614,35.6786],[136.09605,35.67846],[136.09587,35.67833],[136.09577,35.67826],[136.09553,35.67819],[136.09531,35.67819],[136.09509,35.67815],[136.09491,35.67809],[136.09479,35.67799],[136.09473,35.67794],[136.09464,35.67762],[136.09467,35.67712],[136.0947,35.67694],[136.09471,35.67682],[136.09472,35.67673],[136.09464,35.67657],[136.09431,35.67651],[136.0941,35.67645],[136.09391,35.67639],[136.09373,35.67629],[136.09361,35.6761],[136.09352,35.67559],[136.09333,35.67571],[136.09307,35.67585],[136.09284,35.6759],[136.09251,35.67587],[136.09233,35.67578],[136.09204,35.67565],[136.09184,35.67549],[136.09171,35.67537],[136.09159,35.67527],[136.09143,35.67521],[136.09126,35.67524],[136.0911,35.67539],[136.091,35.67552],[136.09093,35.67567],[136.09092,35.67576],[136.09093,35.6759],[136.09083,35.67603],[136.09061,35.67601],[136.09037,35.67592],[136.0902,35.67577],[136.09011,35.67558],[136.09005,35.67542],[136.08995,35.67532],[136.08989,35.6753],[136.08966,35.67522],[136.08935,35.67522],[136.08911,35.67541],[136.08891,35.67566],[136.08883,35.67584],[136.08879,35.67597],[136.0886,35.67616],[136.08844,35.67626],[136.08818,35.67638],[136.088,35.67648],[136.0879,35.67661],[136.08786,35.67672],[136.08778,35.67687],[136.08772,35.67696],[136.08747,35.67698],[136.08731,35.67688],[136.08687,35.67648],[136.08616,35.67807],[136.08568,35.67808],[136.08347,35.67821],[136.08353,35.67911],[136.08345,35.67911],[136.08327,35.67912],[136.08306,35.67921],[136.0829,35.67939],[136.08259,35.67978],[136.08255,35.6799],[136.08133,35.68114],[136.08136,35.68115],[136.08139,35.68116],[136.08143,35.68118],[136.08149,35.6812],[136.08149,35.6812],[136.08154,35.68123],[136.08159,35.68125],[136.08163,35.68126],[136.08167,35.68127],[136.08171,35.68127],[136.08176,35.68126],[136.08181,35.68126],[136.08188,35.68126],[136.08196,35.68127],[136.08205,35.68128],[136.08213,35.6813],[136.0822,35.68132],[136.08226,35.68133],[136.08234,35.68136],[136.08242,35.68138],[136.0825,35.68142],[136.08254,35.68144],[136.08261,35.68148],[136.08268,35.68153],[136.08276,35.68159],[136.08283,35.68164],[136.08289,35.68169],[136.08295,35.68174],[136.08301,35.6818],[136.08307,35.68185],[136.08312,35.68191],[136.08317,35.68197],[136.0832,35.68201],[136.08323,35.68206],[136.08325,35.6821],[136.08328,35.68215],[136.08331,35.68219],[136.08333,35.68223],[136.08336,35.68227],[136.0834,35.68231],[136.08345,35.68236],[136.08364,35.68251],[136.08371,35.68247],[136.08378,35.68257]]]}},{"type":"Feature","properties":{"name":"赤崎","setai":49,"jinko":111,"key":"182020570","units":1,"m":55,"f":56,"gk":0,"a0":11,"a1":39,"a2":61,"a75":34,"ag":[1,3,7,2,1,1,1,2,9,4,5,8,6,9,18,17,8,6,3,0,0]},"geometry":{"type":"Polygon","coordinates":[[[136.10251,35.69631],[136.10254,35.69588],[136.10253,35.69547],[136.10257,35.69499],[136.10266,35.69425],[136.10265,35.69349],[136.10269,35.69293],[136.10266,35.69254],[136.10263,35.69215],[136.10255,35.69189],[136.1025,35.69161],[136.10252,35.69123],[136.10259,35.69096],[136.10257,35.69064],[136.10255,35.6905],[136.10253,35.69032],[136.1025,35.68993],[136.10254,35.68961],[136.10278,35.68858],[136.10293,35.68761],[136.10308,35.68692],[136.10329,35.68614],[136.10354,35.6855],[136.10374,35.68501],[136.10393,35.68455],[136.1041,35.68395],[136.10435,35.68349],[136.10435,35.68349],[136.10457,35.68305],[136.10478,35.68268],[136.10496,35.68238],[136.1051,35.68214],[136.1052,35.68181],[136.10527,35.68145],[136.10526,35.68115],[136.10515,35.68066],[136.10476,35.67988],[136.1045,35.67926],[136.10407,35.67852],[136.10376,35.67793],[136.1035,35.67736],[136.10328,35.67673],[136.10328,35.67673],[136.10288,35.67583],[136.10284,35.67585],[136.10273,35.67587],[136.10265,35.67588],[136.10239,35.67585],[136.10223,35.67582],[136.1018,35.67565],[136.10165,35.67558],[136.10153,35.6755],[136.10141,35.6754],[136.10122,35.6752],[136.10109,35.67511],[136.10096,35.67505],[136.10081,35.67501],[136.10059,35.67498],[136.10042,35.67497],[136.10031,35.67497],[136.10026,35.67498],[136.10019,35.67498],[136.10016,35.67499],[136.09972,35.67515],[136.09962,35.6752],[136.09953,35.67523],[136.09934,35.67526],[136.09915,35.67527],[136.09906,35.67528],[136.09897,35.67527],[136.09877,35.67523],[136.09858,35.6752],[136.09818,35.67512],[136.09798,35.6751],[136.09778,35.67509],[136.09763,35.67511],[136.09746,35.67511],[136.09693,35.67504],[136.09674,35.67499],[136.09658,35.67494],[136.09646,35.67488],[136.09634,35.67479],[136.09626,35.67467],[136.09617,35.67453],[136.09608,35.67435],[136.09603,35.67424],[136.0958,35.67394],[136.09554,35.67361],[136.09541,35.67344],[136.0953,35.67341],[136.0949,35.6732],[136.09451,35.67295],[136.09432,35.67269],[136.09417,35.67257],[136.09407,35.67247],[136.09386,35.6722],[136.09373,35.67206],[136.09361,35.67196],[136.09341,35.67181],[136.09305,35.67185],[136.09285,35.67168],[136.09299,35.67153],[136.0928,35.67142],[136.09265,35.67142],[136.0926,35.67133],[136.09255,35.67131],[136.09243,35.67126],[136.09235,35.67122],[136.09217,35.67106],[136.09212,35.67104],[136.09199,35.67097],[136.09184,35.67093],[136.09175,35.671],[136.09145,35.67095],[136.09126,35.67096],[136.09117,35.67092],[136.09102,35.67091],[136.09086,35.67085],[136.09059,35.67083],[136.09038,35.6706],[136.09021,35.67051],[136.08999,35.67038],[136.08956,35.67019],[136.08922,35.67003],[136.08887,35.66985],[136.08865,35.66975],[136.08853,35.66971],[136.08841,35.66971],[136.08795,35.66973],[136.08781,35.66974],[136.0877,35.66974],[136.0876,35.66973],[136.08745,35.66969],[136.08727,35.66964],[136.08722,35.66962],[136.08711,35.66959],[136.08702,35.66956],[136.08683,35.66948],[136.08664,35.66939],[136.08647,35.6693],[136.0863,35.6692],[136.08615,35.66909],[136.08617,35.66943],[136.08617,35.66952],[136.08616,35.66959],[136.08616,35.66961],[136.08612,35.6697],[136.08606,35.6698],[136.08597,35.6699],[136.08557,35.67028],[136.08557,35.67031],[136.08589,35.67101],[136.08613,35.6715],[136.08635,35.67193],[136.08651,35.67202],[136.08665,35.67202],[136.08678,35.67194],[136.08686,35.67191],[136.08694,35.67191],[136.08698,35.67193],[136.08698,35.67198],[136.08694,35.67206],[136.08691,35.67217],[136.08683,35.67235],[136.08679,35.67246],[136.08679,35.67272],[136.08687,35.67287],[136.08694,35.67293],[136.08708,35.67306],[136.08725,35.67318],[136.08734,35.6732],[136.08751,35.67321],[136.08777,35.67319],[136.08786,35.67321],[136.08791,35.67319],[136.08797,35.67312],[136.08807,35.67308],[136.08819,35.67309],[136.08827,35.67318],[136.08829,35.67325],[136.08829,35.67333],[136.08809,35.67382],[136.08749,35.67501],[136.08705,35.67585],[136.08703,35.67608],[136.08687,35.67648],[136.08731,35.67688],[136.08747,35.67698],[136.08772,35.67696],[136.08778,35.67687],[136.08786,35.67672],[136.0879,35.67661],[136.088,35.67648],[136.08818,35.67638],[136.08844,35.67626],[136.0886,35.67616],[136.08879,35.67597],[136.08883,35.67584],[136.08891,35.67566],[136.08911,35.67541],[136.08935,35.67522],[136.08966,35.67522],[136.08989,35.6753],[136.08995,35.67532],[136.09005,35.67542],[136.09011,35.67558],[136.0902,35.67577],[136.09037,35.67592],[136.09061,35.67601],[136.09083,35.67603],[136.09093,35.6759],[136.09092,35.67576],[136.09093,35.67567],[136.091,35.67552],[136.0911,35.67539],[136.09126,35.67524],[136.09143,35.67521],[136.09159,35.67527],[136.09171,35.67537],[136.09184,35.67549],[136.09204,35.67565],[136.09233,35.67578],[136.09251,35.67587],[136.09284,35.6759],[136.09307,35.67585],[136.09333,35.67571],[136.09352,35.67559],[136.09361,35.6761],[136.09373,35.67629],[136.09391,35.67639],[136.0941,35.67645],[136.09431,35.67651],[136.09464,35.67657],[136.09472,35.67673],[136.09471,35.67682],[136.0947,35.67694],[136.09467,35.67712],[136.09464,35.67762],[136.09473,35.67794],[136.09479,35.67799],[136.09491,35.67809],[136.09509,35.67815],[136.09531,35.67819],[136.09553,35.67819],[136.09577,35.67826],[136.09587,35.67833],[136.09605,35.67846],[136.09614,35.6786],[136.09632,35.67876],[136.09647,35.67884],[136.09672,35.67883],[136.09706,35.67884],[136.09733,35.67888],[136.09753,35.67901],[136.09774,35.67914],[136.09705,35.67932],[136.09683,35.6795],[136.09659,35.67969],[136.0961,35.67979],[136.09575,35.67973],[136.09551,35.67962],[136.09525,35.67953],[136.09493,35.67944],[136.09426,35.67927],[136.0938,35.67921],[136.09354,35.67926],[136.09336,35.67936],[136.09313,35.67947],[136.09295,35.67953],[136.09282,35.67949],[136.09281,35.67949],[136.09274,35.67942],[136.0927,35.6793],[136.09269,35.67919],[136.0926,35.67902],[136.09242,35.67894],[136.09218,35.6789],[136.09185,35.67887],[136.09156,35.67896],[136.09137,35.6791],[136.0913,35.67923],[136.09119,35.67948],[136.09085,35.67927],[136.09067,35.67918],[136.09043,35.67912],[136.09025,35.67901],[136.09017,35.679],[136.09008,35.67907],[136.08995,35.67919],[136.08989,35.67925],[136.08972,35.67924],[136.08962,35.67916],[136.08952,35.67911],[136.08934,35.679],[136.08913,35.67892],[136.0889,35.67892],[136.08876,35.67896],[136.08856,35.67905],[136.0884,35.6792],[136.08822,35.6793],[136.08805,35.67931],[136.08789,35.6793],[136.08765,35.67923],[136.08749,35.67917],[136.08727,35.67913],[136.08699,35.6792],[136.0868,35.67934],[136.08672,35.67952],[136.08665,35.67967],[136.08652,35.67978],[136.08641,35.67981],[136.08613,35.67984],[136.08587,35.67988],[136.08562,35.67986],[136.0859,35.68],[136.08658,35.68014],[136.08677,35.68019],[136.08687,35.68027],[136.08693,35.68034],[136.08688,35.68106],[136.08684,35.68116],[136.08675,35.68128],[136.08663,35.68134],[136.08652,35.68135],[136.08632,35.68133],[136.08601,35.68138],[136.08523,35.68165],[136.08455,35.68201],[136.08409,35.68238],[136.08411,35.6824],[136.08382,35.68259],[136.08386,35.68263],[136.0831,35.68311],[136.08275,35.68333],[136.08279,35.68337],[136.08321,35.68311],[136.08393,35.68266],[136.08392,35.68264],[136.08415,35.6825],[136.08417,35.68252],[136.0844,35.68238],[136.08444,35.68239],[136.08449,35.6824],[136.08454,35.68242],[136.08459,35.68245],[136.08466,35.68249],[136.08473,35.68254],[136.08481,35.6826],[136.08488,35.68266],[136.08495,35.68271],[136.08502,35.68277],[136.08509,35.68283],[136.08516,35.68289],[136.08523,35.68295],[136.08529,35.683],[136.08534,35.68306],[136.08537,35.68309],[136.08538,35.68311],[136.08541,35.68316],[136.08545,35.68323],[136.08549,35.6833],[136.08554,35.68337],[136.08558,35.68345],[136.08563,35.68353],[136.08568,35.68361],[136.08573,35.6837],[136.08579,35.6838],[136.08584,35.68391],[136.08589,35.68402],[136.08593,35.68413],[136.08596,35.68421],[136.08599,35.68429],[136.08602,35.68437],[136.08604,35.68445],[136.08606,35.68452],[136.08608,35.68459],[136.0861,35.68465],[136.08611,35.68472],[136.08613,35.6848],[136.08615,35.68487],[136.08615,35.6849],[136.08615,35.68494],[136.08615,35.68499],[136.08615,35.68506],[136.08616,35.68515],[136.08616,35.68524],[136.08616,35.68532],[136.08615,35.6854],[136.08614,35.68548],[136.08613,35.68555],[136.0861,35.68562],[136.08606,35.68572],[136.08567,35.68568],[136.08567,35.68566],[136.08542,35.68562],[136.08541,35.68567],[136.08566,35.68571],[136.08567,35.6857],[136.08604,35.68575],[136.08604,35.68598],[136.08605,35.68602],[136.08611,35.68601],[136.08611,35.68601],[136.08611,35.68601],[136.08611,35.68602],[136.08611,35.68603],[136.08604,35.68604],[136.08603,35.68606],[136.08601,35.68609],[136.086,35.68611],[136.08599,35.68613],[136.08599,35.68615],[136.08599,35.68617],[136.086,35.6862],[136.086,35.68622],[136.08599,35.68625],[136.08598,35.68629],[136.08597,35.68633],[136.08596,35.68638],[136.08595,35.68642],[136.08593,35.68647],[136.08592,35.68651],[136.0859,35.68655],[136.08589,35.68658],[136.08587,35.68661],[136.08585,35.68662],[136.08583,35.68663],[136.0858,35.68665],[136.08578,35.68667],[136.08576,35.6867],[136.08575,35.68674],[136.08574,35.68677],[136.08574,35.68679],[136.08575,35.68681],[136.08576,35.68682],[136.08582,35.68685],[136.08581,35.68687],[136.08576,35.68684],[136.08574,35.68683],[136.08573,35.68683],[136.08572,35.68683],[136.0857,35.68682],[136.08568,35.68682],[136.08566,35.68683],[136.08565,35.68683],[136.08564,35.68684],[136.08562,35.68686],[136.08561,35.68688],[136.0856,35.68689],[136.08559,35.68691],[136.08535,35.68668],[136.08537,35.68667],[136.08528,35.68658],[136.08524,35.68661],[136.08532,35.6867],[136.08534,35.68669],[136.08557,35.68693],[136.08555,35.68695],[136.08553,35.68696],[136.08549,35.68699],[136.08544,35.68702],[136.08539,35.68706],[136.08533,35.6871],[136.08528,35.68713],[136.08522,35.68716],[136.08517,35.6872],[136.08511,35.68723],[136.08505,35.68727],[136.08499,35.68731],[136.08494,35.68735],[136.08489,35.68737],[136.08484,35.68739],[136.08479,35.68741],[136.08474,35.68742],[136.08471,35.68743],[136.08464,35.68744],[136.08458,35.68744],[136.0845,35.68744],[136.08443,35.68744],[136.08437,35.68744],[136.0843,35.68744],[136.08425,35.68744],[136.08419,35.68743],[136.08413,35.68743],[136.08407,35.68742],[136.08401,35.68742],[136.08395,35.68742],[136.0839,35.68742],[136.08385,35.68743],[136.08381,35.68743],[136.08379,35.68744],[136.08375,35.68746],[136.08372,35.68747],[136.08364,35.68749],[136.08352,35.68736],[136.08353,35.68735],[136.08333,35.68713],[136.08329,35.68716],[136.08348,35.68738],[136.0835,35.68738],[136.08361,35.68751],[136.08359,35.68753],[136.08357,35.68755],[136.08355,35.68758],[136.08353,35.6876],[136.08352,35.68762],[136.08351,35.68764],[136.08347,35.68772],[136.08344,35.68779],[136.08341,35.68786],[136.08338,35.68792],[136.08335,35.68797],[136.08332,35.68802],[136.0833,35.68805],[136.08324,35.68811],[136.08318,35.68817],[136.08312,35.68822],[136.08307,35.68827],[136.08302,35.68831],[136.08297,35.68834],[136.08292,35.68838],[136.08286,35.68842],[136.08281,35.68844],[136.08276,35.68847],[136.08271,35.68848],[136.08251,35.68853],[136.08253,35.68861],[136.08252,35.68861],[136.08244,35.68863],[136.0824,35.68864],[136.08237,35.68865],[136.08233,35.68866],[136.0823,35.68868],[136.08227,35.68869],[136.08224,35.68871],[136.0822,35.68873],[136.08216,35.68875],[136.08212,35.68877],[136.08208,35.6888],[136.08204,35.68882],[136.08201,35.68884],[136.08197,35.68885],[136.08194,35.68887],[136.08191,35.68889],[136.08188,35.6889],[136.08185,35.68892],[136.0818,35.68893],[136.08176,35.68895],[136.08173,35.68897],[136.0817,35.689],[136.08167,35.68903],[136.08164,35.68906],[136.08162,35.68908],[136.0816,35.6891],[136.08158,35.68912],[136.08155,35.68914],[136.08152,35.68916],[136.08148,35.68919],[136.08145,35.68922],[136.08143,35.68924],[136.08142,35.68927],[136.08143,35.6893],[136.08143,35.68933],[136.08144,35.68936],[136.08145,35.68939],[136.08146,35.68943],[136.08147,35.68946],[136.08148,35.68949],[136.08148,35.68952],[136.08149,35.68954],[136.08149,35.68958],[136.08149,35.68961],[136.08149,35.68966],[136.08148,35.6897],[136.08148,35.68974],[136.08148,35.68978],[136.08147,35.68982],[136.08147,35.68986],[136.08147,35.68991],[136.08147,35.68995],[136.08146,35.68998],[136.08146,35.69002],[136.08145,35.69006],[136.08143,35.69011],[136.08141,35.69017],[136.0814,35.69023],[136.08138,35.69028],[136.08137,35.69034],[136.08136,35.6904],[136.08135,35.69046],[136.08133,35.69051],[136.08132,35.69056],[136.08132,35.69061],[136.08131,35.69067],[136.08131,35.69071],[136.08132,35.69074],[136.08132,35.69075],[136.08133,35.69075],[136.08132,35.69076],[136.08131,35.69077],[136.08131,35.69078],[136.0813,35.6908],[136.08129,35.69082],[136.08129,35.69084],[136.08128,35.69086],[136.08127,35.69088],[136.08127,35.6909],[136.08126,35.69094],[136.08127,35.69098],[136.08127,35.69111],[136.08124,35.6911],[136.08121,35.6911],[136.08118,35.6911],[136.08115,35.69111],[136.08115,35.69112],[136.08114,35.69113],[136.08114,35.69117],[136.08115,35.69121],[136.08117,35.69126],[136.08118,35.69131],[136.08119,35.69135],[136.0812,35.69139],[136.0812,35.69142],[136.08121,35.69146],[136.08121,35.69151],[136.08121,35.69155],[136.08122,35.69159],[136.08123,35.69162],[136.08124,35.69167],[136.08125,35.69172],[136.08126,35.69179],[136.08126,35.69185],[136.08125,35.69191],[136.08125,35.69198],[136.08124,35.69204],[136.08122,35.6921],[136.08121,35.69213],[136.0812,35.69215],[136.08117,35.6922],[136.08115,35.69224],[136.08112,35.69229],[136.0811,35.69233],[136.08107,35.69238],[136.08105,35.69243],[136.08104,35.69246],[136.08101,35.6925],[136.08098,35.69254],[136.08094,35.69257],[136.08089,35.6926],[136.08085,35.69263],[136.0808,35.69265],[136.08076,35.69267],[136.08072,35.69269],[136.08069,35.6927],[136.08065,35.69271],[136.08062,35.69271],[136.08059,35.69271],[136.08058,35.69271],[136.08057,35.6927],[136.08057,35.69268],[136.08057,35.69266],[136.08057,35.69263],[136.08056,35.69261],[136.08055,35.6926],[136.08053,35.6926],[136.08051,35.6926],[136.08049,35.69262],[136.08047,35.69264],[136.08046,35.69265],[136.08045,35.69266],[136.08043,35.69267],[136.08042,35.69267],[136.08041,35.69268],[136.0804,35.69267],[136.08038,35.69266],[136.08036,35.69265],[136.08033,35.69264],[136.08032,35.69264],[136.08031,35.69265],[136.0803,35.69265],[136.08029,35.69266],[136.08029,35.69269],[136.08029,35.69271],[136.0803,35.69274],[136.08031,35.69276],[136.08032,35.69277],[136.08033,35.69278],[136.08034,35.69278],[136.08036,35.69278],[136.08039,35.69278],[136.08042,35.69277],[136.08044,35.69276],[136.08046,35.69275],[136.08048,35.69274],[136.0805,35.69274],[136.08053,35.69274],[136.08056,35.69275],[136.0806,35.69276],[136.08064,35.69277],[136.08068,35.69277],[136.08071,35.69278],[136.08073,35.69279],[136.08074,35.69281],[136.08076,35.69283],[136.08077,35.69285],[136.08078,35.69287],[136.08079,35.6929],[136.08082,35.69293],[136.08087,35.69297],[136.08094,35.69301],[136.081,35.69307],[136.08106,35.69313],[136.0811,35.69321],[136.08114,35.69328],[136.08118,35.69337],[136.08121,35.69345],[136.08124,35.69354],[136.08125,35.69363],[136.08126,35.69371],[136.08126,35.69378],[136.08126,35.69384],[136.08126,35.69387],[136.08126,35.6939],[136.08127,35.69394],[136.08127,35.69398],[136.08128,35.69403],[136.08129,35.69409],[136.0813,35.69415],[136.08129,35.6942],[136.08127,35.69424],[136.08126,35.69428],[136.08125,35.69432],[136.08125,35.69436],[136.08124,35.6944],[136.08123,35.69445],[136.08122,35.6945],[136.08121,35.69454],[136.08121,35.69459],[136.08119,35.69464],[136.08117,35.69469],[136.08115,35.69475],[136.08112,35.69479],[136.08109,35.69483],[136.08107,35.69487],[136.08103,35.69491],[136.08099,35.69496],[136.08094,35.69502],[136.0809,35.69507],[136.08086,35.69512],[136.08082,35.69515],[136.08079,35.69519],[136.08076,35.69522],[136.08224,35.6952],[136.08285,35.69522],[136.08339,35.69534],[136.0841,35.69542],[136.08452,35.69538],[136.08494,35.69535],[136.08558,35.69533],[136.08589,35.69536],[136.08621,35.69539],[136.08688,35.69555],[136.08741,35.69573],[136.08789,35.69589],[136.08847,35.69605],[136.08914,35.69624],[136.09008,35.69646],[136.09117,35.69666],[136.09254,35.69675],[136.09389,35.69658],[136.09445,35.6965],[136.09507,35.69641],[136.09663,35.69615],[136.09793,35.69598],[136.09888,35.69608],[136.10009,35.69636],[136.10053,35.69663],[136.10178,35.69725],[136.10234,35.69762],[136.10253,35.69766],[136.10269,35.69767],[136.10248,35.69676],[136.10251,35.69631]]]}},{"type":"Feature","properties":{"name":"江良","setai":10,"jinko":22,"key":"182020580","units":1,"m":11,"f":11,"gk":0,"a0":0,"a1":14,"a2":8,"a75":4,"ag":[0,0,0,0,0,1,2,1,1,0,1,2,6,1,3,2,1,1,0,0,0]},"geometry":{"type":"Polygon","coordinates":[[[136.08503,35.70739],[136.08506,35.70728],[136.08519,35.70718],[136.08536,35.70714],[136.08554,35.70702],[136.08556,35.70689],[136.08557,35.70675],[136.08562,35.7066],[136.08575,35.70647],[136.08582,35.70634],[136.0857,35.70624],[136.08566,35.7061],[136.08565,35.70596],[136.08569,35.70585],[136.08565,35.70573],[136.08538,35.70569],[136.08521,35.70564],[136.08514,35.70562],[136.08493,35.70549],[136.08495,35.70536],[136.08516,35.70524],[136.08531,35.70514],[136.0855,35.70499],[136.08568,35.70482],[136.0859,35.70464],[136.08614,35.70447],[136.08632,35.7044],[136.08649,35.70439],[136.08669,35.70429],[136.08699,35.70413],[136.08759,35.7038],[136.08786,35.70366],[136.08803,35.70356],[136.08819,35.70346],[136.0883,35.70322],[136.08833,35.70301],[136.08834,35.70288],[136.0883,35.70278],[136.08808,35.70276],[136.08775,35.70296],[136.08743,35.7031],[136.08702,35.70322],[136.08674,35.70327],[136.08646,35.70329],[136.08628,35.70326],[136.08627,35.70325],[136.0861,35.70329],[136.08604,35.70337],[136.08591,35.70348],[136.08569,35.7035],[136.08539,35.70346],[136.08501,35.70342],[136.08472,35.70347],[136.08449,35.70352],[136.08429,35.70362],[136.08409,35.70365],[136.08393,35.70361],[136.08379,35.7036],[136.08359,35.70365],[136.08334,35.7037],[136.08312,35.70368],[136.0829,35.70362],[136.08266,35.70357],[136.08243,35.7036],[136.08226,35.70366],[136.08176,35.70368],[136.0814,35.70368],[136.08101,35.70371],[136.0807,35.70376],[136.08052,35.70381],[136.0803,35.70386],[136.07993,35.7039],[136.0796,35.70389],[136.07897,35.70408],[136.07903,35.70413],[136.07905,35.70416],[136.07907,35.70418],[136.07908,35.7042],[136.07909,35.70422],[136.0791,35.70427],[136.07909,35.70433],[136.07906,35.7044],[136.07903,35.70447],[136.07895,35.70462],[136.0789,35.70463],[136.07885,35.70464],[136.07879,35.70467],[136.07874,35.70472],[136.07869,35.70476],[136.07864,35.70481],[136.0786,35.70485],[136.07859,35.70487],[136.07859,35.70489],[136.0786,35.7049],[136.07862,35.70491],[136.07864,35.70491],[136.07866,35.70491],[136.0787,35.7049],[136.07873,35.70489],[136.07881,35.70486],[136.07885,35.70484],[136.07893,35.70479],[136.07901,35.70475],[136.07909,35.70472],[136.07913,35.70471],[136.07921,35.70469],[136.07932,35.70469],[136.07946,35.70469],[136.07962,35.7047],[136.07978,35.70472],[136.08,35.70475],[136.08001,35.70475],[136.08002,35.70477],[136.08004,35.7048],[136.08005,35.70483],[136.08009,35.70485],[136.08011,35.70486],[136.08013,35.70487],[136.08015,35.70487],[136.08018,35.70486],[136.0802,35.70484],[136.0802,35.70483],[136.0802,35.70482],[136.08018,35.7048],[136.08017,35.70478],[136.08015,35.70477],[136.08015,35.70476],[136.08015,35.70474],[136.08015,35.70473],[136.08017,35.70472],[136.08018,35.70471],[136.0802,35.7047],[136.08031,35.70468],[136.08041,35.70466],[136.08047,35.70465],[136.08058,35.70462],[136.08069,35.70458],[136.08076,35.70455],[136.08081,35.70453],[136.08085,35.70451],[136.08088,35.70451],[136.08093,35.7045],[136.08101,35.70449],[136.0811,35.7045],[136.08122,35.7045],[136.08134,35.70452],[136.08146,35.70455],[136.08157,35.70459],[136.08167,35.70462],[136.08176,35.70466],[136.08188,35.7047],[136.08202,35.70475],[136.08209,35.70477],[136.08215,35.7048],[136.08221,35.70483],[136.08231,35.70489],[136.08239,35.70495],[136.08245,35.70499],[136.08248,35.70501],[136.08252,35.70502],[136.08255,35.70504],[136.08264,35.70506],[136.08274,35.70509],[136.08285,35.70513],[136.08297,35.70518],[136.08309,35.70524],[136.08313,35.70527],[136.08321,35.70532],[136.08328,35.70538],[136.08334,35.70544],[136.08339,35.7055],[136.08343,35.70557],[136.08346,35.70564],[136.08349,35.70571],[136.0835,35.70575],[136.08352,35.7058],[136.08353,35.70586],[136.08355,35.70591],[136.08358,35.70596],[136.08361,35.70602],[136.08364,35.70607],[136.08354,35.70606],[136.08354,35.70608],[136.08355,35.7061],[136.08356,35.70613],[136.08358,35.70619],[136.08359,35.70623],[136.0836,35.70627],[136.08362,35.7063],[136.08365,35.70633],[136.08369,35.70634],[136.08375,35.70636],[136.08378,35.70649],[136.08373,35.70656],[136.08372,35.70658],[136.08372,35.70661],[136.08372,35.70663],[136.08373,35.70665],[136.08373,35.70668],[136.08374,35.70672],[136.08376,35.70676],[136.08377,35.70681],[136.0838,35.70686],[136.08383,35.70692],[136.08387,35.70697],[136.0839,35.70703],[136.08394,35.70707],[136.08399,35.70712],[136.08405,35.70716],[136.08411,35.70721],[136.08419,35.70726],[136.08426,35.70731],[136.08433,35.70734],[136.08438,35.70736],[136.08441,35.70737],[136.08447,35.70739],[136.08454,35.7074],[136.08461,35.70741],[136.0847,35.70742],[136.08478,35.70743],[136.08486,35.70742],[136.08489,35.70742],[136.08496,35.7074],[136.08503,35.70739]]]}},{"type":"Feature","properties":{"name":"五幡","setai":43,"jinko":122,"key":"182020590","units":1,"m":61,"f":61,"gk":0,"a0":8,"a1":52,"a2":62,"a75":31,"ag":[2,1,5,5,3,2,5,4,9,8,5,2,9,18,13,17,7,5,2,0,0]},"geometry":{"type":"Polygon","coordinates":[[[136.09332,35.7077],[136.0934,35.70746],[136.09349,35.70704],[136.09356,35.7067],[136.09362,35.70643],[136.09357,35.70615],[136.09351,35.70597],[136.09343,35.70578],[136.09342,35.70564],[136.09341,35.70543],[136.09345,35.70519],[136.09353,35.70496],[136.09353,35.70476],[136.09345,35.7045],[136.09348,35.70425],[136.09348,35.70405],[136.09345,35.70386],[136.09342,35.70363],[136.09342,35.70345],[136.09347,35.7033],[136.09349,35.70316],[136.09339,35.70302],[136.09308,35.70308],[136.09297,35.70332],[136.09276,35.70365],[136.09268,35.70382],[136.09261,35.70393],[136.09235,35.70402],[136.09222,35.70392],[136.09201,35.70388],[136.0918,35.70396],[136.09151,35.70407],[136.09132,35.7041],[136.0913,35.70416],[136.09127,35.70426],[136.09128,35.70442],[136.09128,35.70458],[136.09115,35.70472],[136.09095,35.7048],[136.09078,35.70481],[136.09054,35.70495],[136.09041,35.70507],[136.09022,35.70526],[136.08993,35.70538],[136.08968,35.70538],[136.0894,35.70542],[136.08922,35.70552],[136.08902,35.7056],[136.0888,35.7056],[136.08855,35.70556],[136.08825,35.70558],[136.08812,35.70564],[136.08754,35.70593],[136.08683,35.70622],[136.0866,35.70631],[136.08643,35.70632],[136.0861,35.70634],[136.08582,35.70634],[136.08575,35.70647],[136.08562,35.7066],[136.08557,35.70675],[136.08556,35.70689],[136.08554,35.70702],[136.08536,35.70714],[136.08519,35.70718],[136.08506,35.70728],[136.08503,35.70739],[136.0851,35.70737],[136.08518,35.70735],[136.08526,35.70734],[136.08534,35.70734],[136.08542,35.70734],[136.08549,35.70734],[136.08555,35.70735],[136.08559,35.70735],[136.08561,35.70736],[136.08563,35.70737],[136.08564,35.70738],[136.08566,35.7074],[136.08568,35.70741],[136.08572,35.70743],[136.08574,35.70743],[136.08578,35.70744],[136.08585,35.70744],[136.08592,35.70745],[136.08599,35.70745],[136.08607,35.70745],[136.08613,35.70745],[136.0862,35.70746],[136.08653,35.70765],[136.08658,35.70776],[136.08661,35.70775],[136.08656,35.70763],[136.08633,35.70749],[136.08637,35.70746],[136.08642,35.70743],[136.08644,35.70741],[136.0865,35.70739],[136.08654,35.70738],[136.08662,35.70736],[136.0867,35.70735],[136.08678,35.70735],[136.08685,35.70734],[136.08692,35.70735],[136.08695,35.70736],[136.08703,35.70739],[136.08712,35.70743],[136.08721,35.70748],[136.0873,35.70753],[136.08737,35.70759],[136.08743,35.70763],[136.08749,35.70767],[136.08755,35.70771],[136.08763,35.70776],[136.08771,35.7078],[136.0878,35.70784],[136.08787,35.70787],[136.08794,35.70789],[136.08799,35.70791],[136.08803,35.70793],[136.08804,35.70794],[136.08807,35.70798],[136.08809,35.70802],[136.08811,35.70803],[136.08812,35.70804],[136.08815,35.70805],[136.08817,35.70806],[136.08823,35.70807],[136.0883,35.70808],[136.0883,35.70809],[136.08833,35.7081],[136.08835,35.70811],[136.08841,35.70815],[136.08847,35.70819],[136.08852,35.70824],[136.08859,35.70827],[136.08865,35.7083],[136.08871,35.70833],[136.08875,35.70835],[136.08878,35.70836],[136.08881,35.70838],[136.08883,35.70841],[136.08886,35.70844],[136.08889,35.70847],[136.08892,35.7085],[136.08894,35.70851],[136.08898,35.70853],[136.08903,35.70854],[136.08909,35.70854],[136.08915,35.70855],[136.08922,35.70857],[136.0893,35.70859],[136.08939,35.7086],[136.08948,35.70862],[136.08958,35.70864],[136.08966,35.70867],[136.08974,35.7087],[136.08979,35.70873],[136.08984,35.70876],[136.08988,35.7088],[136.08992,35.70883],[136.08995,35.70887],[136.08999,35.70892],[136.09003,35.70897],[136.09007,35.70904],[136.09012,35.7091],[136.09016,35.70917],[136.09019,35.70922],[136.09022,35.70927],[136.09026,35.70932],[136.09029,35.70936],[136.09034,35.7094],[136.09038,35.70944],[136.09043,35.70948],[136.09049,35.70952],[136.09055,35.70956],[136.09062,35.7096],[136.09071,35.70965],[136.09082,35.7097],[136.09093,35.70976],[136.09103,35.70982],[136.09112,35.70986],[136.09119,35.7099],[136.09125,35.70994],[136.09131,35.70999],[136.09137,35.71003],[136.09143,35.71008],[136.09148,35.71013],[136.09149,35.71015],[136.09152,35.71019],[136.09156,35.71024],[136.09159,35.71029],[136.09162,35.71035],[136.09165,35.7104],[136.09169,35.71045],[136.09219,35.71019],[136.09235,35.71006],[136.09245,35.70994],[136.09249,35.70983],[136.09251,35.70964],[136.09255,35.7094],[136.09256,35.70903],[136.09267,35.70863],[136.09284,35.70837],[136.093,35.70811],[136.09317,35.70791],[136.09332,35.7077]]]}},{"type":"Feature","properties":{"name":"挙野","setai":8,"jinko":16,"key":"182020600","units":1,"m":7,"f":9,"gk":0,"a0":1,"a1":9,"a2":6,"a75":2,"ag":[1,0,0,0,0,0,2,2,0,2,1,1,1,1,3,0,1,0,1,0,0]},"geometry":{"type":"Polygon","coordinates":[[[136.09332,35.7077],[136.09317,35.70791],[136.093,35.70811],[136.09284,35.70837],[136.09267,35.70863],[136.09256,35.70903],[136.09255,35.7094],[136.09251,35.70964],[136.09249,35.70983],[136.09245,35.70994],[136.09235,35.71006],[136.09219,35.71019],[136.09169,35.71045],[136.09172,35.71049],[136.09175,35.71052],[136.0918,35.71054],[136.09184,35.71057],[136.0919,35.7106],[136.09196,35.71063],[136.09202,35.71068],[136.09208,35.71072],[136.09214,35.71076],[136.09219,35.71081],[136.09224,35.71086],[136.0923,35.71092],[136.09235,35.71098],[136.09241,35.71105],[136.09245,35.71111],[136.09248,35.71116],[136.09251,35.71121],[136.09252,35.71124],[136.09253,35.71128],[136.09253,35.71132],[136.09253,35.71136],[136.09252,35.7114],[136.0925,35.71144],[136.09248,35.71149],[136.09245,35.71152],[136.09243,35.71156],[136.09242,35.71159],[136.09241,35.71162],[136.0924,35.71167],[136.09239,35.71172],[136.09238,35.71178],[136.09237,35.71184],[136.09235,35.71191],[136.09233,35.71196],[136.0923,35.71201],[136.09228,35.71206],[136.09227,35.7121],[136.09227,35.71214],[136.09227,35.71218],[136.09227,35.7122],[136.09226,35.71223],[136.09224,35.71226],[136.09222,35.71229],[136.0922,35.7123],[136.09216,35.71233],[136.09249,35.71238],[136.09273,35.71226],[136.09288,35.7122],[136.09301,35.71206],[136.0931,35.71177],[136.09319,35.71152],[136.09324,35.71132],[136.0934,35.71113],[136.09356,35.71098],[136.09382,35.71087],[136.09433,35.7108],[136.09529,35.71092],[136.09542,35.71093],[136.09551,35.71087],[136.09558,35.71078],[136.09549,35.71059],[136.09537,35.71049],[136.09525,35.71037],[136.09521,35.71023],[136.09521,35.71002],[136.09522,35.70993],[136.09513,35.70979],[136.09459,35.70966],[136.09412,35.70962],[136.09386,35.70953],[136.09362,35.70944],[136.09346,35.70936],[136.0934,35.70924],[136.09341,35.70915],[136.09349,35.70895],[136.09356,35.70882],[136.09364,35.70862],[136.09365,35.70859],[136.09366,35.70846],[136.09363,35.70826],[136.09357,35.70809],[136.09332,35.7077]]]}},{"type":"Feature","properties":{"name":"阿曽","setai":65,"jinko":140,"key":"182020610","units":1,"m":64,"f":76,"gk":0,"a0":6,"a1":59,"a2":75,"a75":40,"ag":[0,2,4,2,4,1,3,2,9,9,10,8,11,19,16,12,8,11,6,3,0]},"geometry":{"type":"Polygon","coordinates":[[[136.10138,35.72553],[136.10159,35.72547],[136.10175,35.72551],[136.10194,35.72555],[136.1021,35.72556],[136.10227,35.72551],[136.10236,35.72547],[136.10251,35.72537],[136.10269,35.72524],[136.10285,35.72512],[136.10303,35.72504],[136.10317,35.72499],[136.10329,35.72493],[136.10341,35.72483],[136.10352,35.72463],[136.10358,35.72436],[136.10366,35.72421],[136.10363,35.724],[136.10363,35.72375],[136.10368,35.72339],[136.10374,35.72314],[136.1038,35.72287],[136.10385,35.72274],[136.10386,35.72272],[136.10398,35.72255],[136.10409,35.7224],[136.10425,35.72223],[136.1044,35.72213],[136.1045,35.722],[136.10451,35.72188],[136.10449,35.72165],[136.10438,35.72139],[136.1043,35.72116],[136.10422,35.72095],[136.10409,35.72082],[136.10397,35.72068],[136.10389,35.72049],[136.10383,35.72026],[136.10375,35.72009],[136.1036,35.71992],[136.10342,35.71979],[136.10328,35.71962],[136.10324,35.7193],[136.10327,35.7188],[136.10324,35.71841],[136.10313,35.71809],[136.10284,35.7181],[136.10268,35.71825],[136.1025,35.71837],[136.10226,35.71846],[136.10202,35.71867],[136.10187,35.71896],[136.1017,35.71919],[136.10157,35.71931],[136.10145,35.71942],[136.10121,35.71954],[136.10084,35.71967],[136.10059,35.71965],[136.10009,35.71965],[136.09972,35.71969],[136.09933,35.71977],[136.09886,35.71994],[136.09838,35.72002],[136.09796,35.72005],[136.0974,35.72007],[136.09691,35.72005],[136.09645,35.71995],[136.09616,35.71983],[136.09587,35.7197],[136.09558,35.7196],[136.09528,35.71956],[136.09456,35.71974],[136.09462,35.71979],[136.09466,35.71984],[136.09469,35.71989],[136.09474,35.71996],[136.0948,35.72005],[136.09486,35.72014],[136.09492,35.7202],[136.09495,35.72024],[136.09498,35.72027],[136.095,35.72029],[136.09503,35.7203],[136.09507,35.7203],[136.0951,35.7203],[136.09515,35.72029],[136.09538,35.72062],[136.09536,35.72068],[136.09535,35.72072],[136.09535,35.72076],[136.09535,35.72081],[136.09536,35.72084],[136.09537,35.72087],[136.09538,35.72091],[136.09539,35.72097],[136.0954,35.72103],[136.0954,35.7211],[136.0954,35.72115],[136.0954,35.7212],[136.09539,35.72122],[136.09537,35.72126],[136.09535,35.72131],[136.09534,35.72135],[136.09534,35.72139],[136.09534,35.72143],[136.09534,35.72146],[136.09536,35.7215],[136.0954,35.72156],[136.09546,35.72164],[136.09551,35.72171],[136.09555,35.72177],[136.09559,35.72182],[136.09563,35.72188],[136.09566,35.72195],[136.0957,35.72202],[136.09574,35.72209],[136.09579,35.72216],[136.09583,35.72222],[136.09588,35.72228],[136.09593,35.72235],[136.09599,35.72241],[136.09605,35.72247],[136.09608,35.7225],[136.09608,35.7225],[136.09608,35.7225],[136.09609,35.7225],[136.09609,35.7225],[136.0961,35.7225],[136.0961,35.7225],[136.09611,35.7225],[136.0962,35.72246],[136.09633,35.7224],[136.09646,35.72234],[136.09661,35.72226],[136.09665,35.72224],[136.09667,35.72229],[136.09661,35.72232],[136.09651,35.72237],[136.09645,35.7224],[136.09638,35.72243],[136.09631,35.72248],[136.09627,35.72248],[136.09625,35.72249],[136.09622,35.7225],[136.09619,35.72252],[136.09617,35.72254],[136.09616,35.72255],[136.09616,35.72256],[136.09616,35.72257],[136.09616,35.72258],[136.09616,35.72258],[136.09616,35.72259],[136.09618,35.72261],[136.0962,35.72263],[136.09622,35.72265],[136.09625,35.72267],[136.09628,35.72268],[136.0963,35.72268],[136.09632,35.72268],[136.09635,35.72268],[136.0964,35.72266],[136.09645,35.72264],[136.09653,35.72272],[136.09661,35.72281],[136.097,35.72321],[136.0972,35.72339],[136.09735,35.72353],[136.09733,35.72357],[136.09733,35.72361],[136.09734,35.72365],[136.09734,35.72366],[136.0976,35.72404],[136.09764,35.72409],[136.09768,35.72413],[136.09771,35.72416],[136.09774,35.7242],[136.09777,35.72425],[136.09781,35.72433],[136.09785,35.72438],[136.0979,35.72444],[136.09802,35.72458],[136.09815,35.72475],[136.09828,35.72492],[136.09839,35.72509],[136.09849,35.72523],[136.09857,35.72534],[136.09863,35.72542],[136.09868,35.72549],[136.09873,35.72555],[136.09877,35.72561],[136.09881,35.72567],[136.09885,35.72572],[136.09887,35.72578],[136.09888,35.72582],[136.09888,35.72586],[136.09887,35.7259],[136.09886,35.72593],[136.09885,35.72595],[136.09883,35.72598],[136.09881,35.72602],[136.0988,35.72605],[136.09879,35.72608],[136.09878,35.72612],[136.09877,35.72617],[136.09874,35.72622],[136.09873,35.72624],[136.0987,35.72628],[136.09867,35.72633],[136.09865,35.72638],[136.09863,35.72644],[136.09861,35.7265],[136.09859,35.72655],[136.09858,35.7266],[136.09856,35.72665],[136.09855,35.72668],[136.09854,35.72669],[136.09852,35.72674],[136.09848,35.72679],[136.09845,35.72685],[136.09841,35.7269],[136.09837,35.72694],[136.09834,35.72697],[136.0983,35.72699],[136.0983,35.727],[136.09829,35.727],[136.09829,35.727],[136.09828,35.72701],[136.09827,35.72701],[136.09827,35.72702],[136.09826,35.72703],[136.09881,35.72702],[136.09906,35.72702],[136.0993,35.72688],[136.09958,35.72665],[136.09982,35.72631],[136.10003,35.72617],[136.10036,35.72599],[136.1006,35.72585],[136.1008,35.72573],[136.10098,35.72565],[136.10124,35.72556],[136.10138,35.72553]]]}},{"type":"Feature","properties":{"name":"杉津","setai":71,"jinko":152,"key":"182020620","units":1,"m":71,"f":81,"gk":0,"a0":12,"a1":55,"a2":85,"a75":39,"ag":[2,4,6,4,1,6,5,2,6,4,11,6,10,22,24,13,10,11,4,1,0]},"geometry":{"type":"Polygon","coordinates":[[[136.09559,35.74035],[136.09572,35.73927],[136.09821,35.73944],[136.09958,35.73946],[136.10086,35.73919],[136.10342,35.73868],[136.10339,35.73849],[136.10333,35.73816],[136.10333,35.73789],[136.10337,35.73749],[136.10339,35.73712],[136.10328,35.73655],[136.10305,35.73602],[136.10303,35.7353],[136.10296,35.73497],[136.10296,35.73433],[136.10278,35.73388],[136.10169,35.734],[136.10165,35.73421],[136.10153,35.73453],[136.10132,35.73459],[136.10119,35.73484],[136.10098,35.73499],[136.10063,35.73506],[136.10013,35.73503],[136.09994,35.73511],[136.09988,35.73521],[136.09989,35.73529],[136.10006,35.73533],[136.10021,35.73546],[136.10015,35.73563],[136.10009,35.73586],[136.1,35.73638],[136.09994,35.73646],[136.09979,35.73649],[136.09931,35.73644],[136.09895,35.73644],[136.09886,35.73638],[136.09894,35.73622],[136.0991,35.736],[136.09925,35.73589],[136.09925,35.73569],[136.09903,35.73551],[136.099,35.73539],[136.09906,35.73524],[136.09903,35.73513],[136.09888,35.73495],[136.0988,35.73479],[136.09883,35.73466],[136.09892,35.73441],[136.09901,35.73399],[136.09898,35.7339],[136.09885,35.73396],[136.09861,35.73414],[136.09844,35.73426],[136.09829,35.73433],[136.09813,35.73434],[136.0978,35.73424],[136.0975,35.73407],[136.09748,35.73418],[136.09745,35.73429],[136.09744,35.73432],[136.09742,35.73438],[136.0974,35.73446],[136.09738,35.73454],[136.09736,35.73461],[136.09734,35.73468],[136.09733,35.73473],[136.09731,35.73478],[136.09729,35.73482],[136.09726,35.73487],[136.09722,35.73492],[136.09719,35.73497],[136.09716,35.735],[136.09713,35.73504],[136.0971,35.73507],[136.09708,35.7351],[136.09704,35.73513],[136.097,35.73514],[136.09698,35.73516],[136.09696,35.73517],[136.09694,35.73519],[136.09693,35.73522],[136.09691,35.73527],[136.0969,35.73532],[136.0969,35.73536],[136.0969,35.73541],[136.09688,35.73546],[136.09685,35.73553],[136.09682,35.73559],[136.09679,35.73564],[136.09675,35.7357],[136.09663,35.73585],[136.09647,35.73603],[136.09649,35.73604],[136.09651,35.73606],[136.09663,35.73614],[136.09668,35.73618],[136.09672,35.73622],[136.09682,35.7363],[136.0968,35.73634],[136.09668,35.73625],[136.09663,35.7362],[136.09655,35.73614],[136.09652,35.73612],[136.09648,35.7361],[136.0964,35.73608],[136.09639,35.73608],[136.09637,35.7361],[136.09633,35.73613],[136.09627,35.73619],[136.09621,35.73626],[136.09614,35.73633],[136.09607,35.73639],[136.09601,35.73644],[136.09591,35.73652],[136.09595,35.73659],[136.09558,35.73682],[136.09552,35.7368],[136.09548,35.73678],[136.09544,35.73678],[136.09541,35.73678],[136.09538,35.7368],[136.09534,35.73681],[136.09528,35.73682],[136.09522,35.73683],[136.09516,35.73684],[136.09509,35.73685],[136.09494,35.7365],[136.0949,35.73651],[136.09504,35.73686],[136.09496,35.73686],[136.09491,35.73687],[136.09487,35.73689],[136.09484,35.73691],[136.09481,35.73693],[136.09479,35.73695],[136.09477,35.73697],[136.09472,35.73691],[136.09471,35.73689],[136.0947,35.73687],[136.09454,35.73687],[136.09446,35.73687],[136.09437,35.73687],[136.0943,35.73687],[136.09423,35.73688],[136.09415,35.73688],[136.09407,35.73689],[136.09399,35.73689],[136.09393,35.7369],[136.09387,35.73689],[136.09384,35.73689],[136.09379,35.73687],[136.09374,35.73686],[136.09367,35.73679],[136.09364,35.73676],[136.0936,35.73674],[136.09353,35.73672],[136.09344,35.73671],[136.09337,35.73669],[136.09331,35.73667],[136.09326,35.73666],[136.09318,35.7365],[136.09322,35.73648],[136.09307,35.73616],[136.09356,35.73599],[136.09352,35.7359],[136.09292,35.7361],[136.09309,35.73645],[136.09305,35.73647],[136.09312,35.73664],[136.093,35.73664],[136.09292,35.73665],[136.09283,35.73666],[136.09275,35.73668],[136.09272,35.73669],[136.09268,35.7367],[136.09263,35.73674],[136.09258,35.73677],[136.09254,35.73679],[136.0925,35.73681],[136.09249,35.73682],[136.09248,35.73684],[136.09248,35.73686],[136.09248,35.73688],[136.09248,35.73691],[136.09249,35.73694],[136.0925,35.73697],[136.0925,35.73701],[136.0925,35.73706],[136.0925,35.73708],[136.0925,35.7371],[136.09248,35.73711],[136.09247,35.73711],[136.09244,35.73711],[136.09241,35.7371],[136.09239,35.73709],[136.09237,35.73709],[136.09233,35.73709],[136.0923,35.7371],[136.09227,35.73711],[136.09224,35.73713],[136.09222,35.73715],[136.09219,35.73718],[136.09219,35.73718],[136.09216,35.73722],[136.09216,35.73724],[136.09215,35.73728],[136.09215,35.73732],[136.09214,35.73733],[136.09213,35.73734],[136.09211,35.73736],[136.09207,35.73737],[136.092,35.7374],[136.09194,35.73741],[136.09186,35.73741],[136.09179,35.73741],[136.09176,35.7374],[136.09174,35.73739],[136.09172,35.73737],[136.0917,35.73735],[136.09168,35.73734],[136.09164,35.73732],[136.09158,35.73732],[136.09153,35.73732],[136.09147,35.73732],[136.0914,35.73733],[136.09134,35.73733],[136.09127,35.73733],[136.09123,35.73732],[136.09116,35.73731],[136.09109,35.73729],[136.09101,35.73727],[136.09094,35.73726],[136.09087,35.73726],[136.0908,35.73727],[136.09073,35.73729],[136.09067,35.73731],[136.0906,35.73733],[136.09054,35.73735],[136.09048,35.73739],[136.09045,35.73741],[136.09042,35.73743],[136.0904,35.73745],[136.09038,35.73751],[136.09035,35.73756],[136.09033,35.73761],[136.09031,35.73763],[136.09029,35.73765],[136.09028,35.73766],[136.09025,35.73766],[136.09023,35.73767],[136.09021,35.73767],[136.09015,35.73767],[136.0901,35.73767],[136.09005,35.73767],[136.09002,35.73767],[136.09,35.73766],[136.08996,35.73764],[136.08994,35.73763],[136.08992,35.73763],[136.08991,35.73762],[136.08991,35.73762],[136.0899,35.73763],[136.08989,35.73763],[136.08988,35.73764],[136.08987,35.73765],[136.08986,35.73767],[136.08984,35.7377],[136.08983,35.73771],[136.08982,35.73772],[136.0898,35.73773],[136.08979,35.73773],[136.08977,35.73773],[136.08975,35.73773],[136.08973,35.73773],[136.08972,35.73772],[136.0897,35.73772],[136.08968,35.7377],[136.08967,35.7377],[136.08965,35.7377],[136.08964,35.7377],[136.08962,35.7377],[136.08961,35.73771],[136.08958,35.73773],[136.08955,35.73775],[136.08953,35.73776],[136.08951,35.73776],[136.08949,35.73776],[136.08947,35.73776],[136.08943,35.73775],[136.08938,35.73774],[136.08933,35.73772],[136.08928,35.73771],[136.08923,35.73769],[136.08921,35.73769],[136.08919,35.73768],[136.08917,35.73768],[136.08915,35.73769],[136.08913,35.73769],[136.08911,35.7377],[136.0891,35.73771],[136.08909,35.73773],[136.08908,35.73774],[136.08908,35.73776],[136.08907,35.7378],[136.08906,35.73785],[136.08904,35.73789],[136.08901,35.73794],[136.08899,35.73798],[136.08896,35.73803],[136.08894,35.73808],[136.08892,35.73814],[136.08892,35.73817],[136.08891,35.73823],[136.08892,35.73828],[136.08892,35.73831],[136.08891,35.73832],[136.0889,35.73834],[136.08887,35.73836],[136.08884,35.73837],[136.08881,35.73838],[136.08879,35.73839],[136.08878,35.7384],[136.08876,35.73842],[136.08873,35.73846],[136.08871,35.73849],[136.08868,35.73853],[136.08865,35.73855],[136.08863,35.73857],[136.08861,35.73857],[136.08858,35.73858],[136.08856,35.73859],[136.08854,35.73859],[136.08852,35.73858],[136.0885,35.73858],[136.08847,35.73856],[136.08845,35.73856],[136.08843,35.73855],[136.08842,35.73855],[136.0884,35.73856],[136.08839,35.73856],[136.08837,35.73857],[136.08834,35.73859],[136.08831,35.7386],[136.08829,35.7386],[136.08825,35.7386],[136.08819,35.73858],[136.08813,35.73857],[136.08808,35.73855],[136.08802,35.73853],[136.08796,35.73853],[136.08789,35.73853],[136.08782,35.73853],[136.08775,35.73852],[136.08769,35.73851],[136.08764,35.73849],[136.08758,35.73847],[136.08753,35.73845],[136.08746,35.73843],[136.08741,35.73841],[136.08739,35.7384],[136.08738,35.73839],[136.08737,35.73837],[136.08736,35.73836],[136.08737,35.73835],[136.08737,35.73832],[136.08738,35.7383],[136.08738,35.73829],[136.08738,35.73828],[136.08738,35.73828],[136.08737,35.73827],[136.08736,35.73827],[136.08735,35.73827],[136.08733,35.73826],[136.08728,35.73826],[136.08723,35.73826],[136.08718,35.73825],[136.08714,35.73823],[136.08709,35.73821],[136.08703,35.7382],[136.08696,35.73818],[136.08689,35.73817],[136.08686,35.73818],[136.08683,35.73818],[136.08681,35.73819],[136.08679,35.73819],[136.08678,35.73821],[136.08675,35.73824],[136.08674,35.73826],[136.08672,35.73829],[136.08671,35.7383],[136.08671,35.73832],[136.08671,35.73833],[136.08671,35.73835],[136.08672,35.73836],[136.08673,35.73837],[136.08675,35.73839],[136.08677,35.7384],[136.08677,35.73841],[136.08676,35.73842],[136.08672,35.73842],[136.08667,35.73843],[136.08662,35.73844],[136.08658,35.73844],[136.08654,35.73846],[136.0865,35.73848],[136.08645,35.7385],[136.08641,35.73853],[136.08637,35.73856],[136.08635,35.73859],[136.08634,35.73861],[136.08634,35.73862],[136.08635,35.73864],[136.08636,35.73865],[136.08637,35.73867],[136.08639,35.73868],[136.08641,35.73869],[136.08643,35.73869],[136.08649,35.73871],[136.08655,35.73871],[136.08662,35.73872],[136.08668,35.73872],[136.08673,35.73873],[136.08675,35.73874],[136.08676,35.73875],[136.08677,35.73876],[136.08677,35.7388],[136.08676,35.73884],[136.08676,35.73888],[136.08675,35.73891],[136.08675,35.73892],[136.08674,35.73893],[136.08671,35.73894],[136.08668,35.73894],[136.08664,35.73894],[136.0866,35.73894],[136.08654,35.73894],[136.08648,35.73895],[136.08643,35.73895],[136.08638,35.73896],[136.08636,35.73896],[136.08636,35.73897],[136.08635,35.73897],[136.08634,35.73898],[136.08634,35.73898],[136.08633,35.73899],[136.08633,35.73899],[136.08633,35.739],[136.08633,35.73901],[136.08633,35.73902],[136.08633,35.73902],[136.08634,35.73903],[136.08635,35.73905],[136.08637,35.73906],[136.08641,35.73908],[136.08647,35.73909],[136.08653,35.73911],[136.08657,35.73912],[136.08657,35.73913],[136.08657,35.73913],[136.08655,35.73914],[136.08649,35.73915],[136.08643,35.73916],[136.08638,35.73916],[136.08634,35.73917],[136.08632,35.73917],[136.0863,35.73918],[136.08629,35.73919],[136.08628,35.7392],[136.08627,35.73921],[136.08625,35.73922],[136.08623,35.73925],[136.08622,35.73926],[136.08621,35.73927],[136.08619,35.73928],[136.08618,35.73928],[136.08616,35.73929],[136.08614,35.73929],[136.08609,35.73928],[136.08604,35.73928],[136.08601,35.73928],[136.08595,35.73929],[136.08592,35.73929],[136.0859,35.7393],[136.08589,35.73931],[136.08589,35.73931],[136.08588,35.73932],[136.08588,35.73933],[136.08588,35.73933],[136.08588,35.73934],[136.08589,35.73935],[136.08589,35.73935],[136.08591,35.73936],[136.08593,35.73937],[136.08595,35.73938],[136.08597,35.73938],[136.08599,35.73938],[136.08602,35.73937],[136.08607,35.73937],[136.08613,35.73938],[136.0862,35.73939],[136.08628,35.7394],[136.08634,35.73941],[136.08638,35.73942],[136.08641,35.73943],[136.08643,35.73943],[136.08649,35.73943],[136.08655,35.73943],[136.08658,35.73944],[136.08661,35.73945],[136.08663,35.73946],[136.08665,35.73948],[136.08668,35.73951],[136.0867,35.73952],[136.08671,35.73952],[136.08673,35.73952],[136.08674,35.73951],[136.08677,35.7395],[136.08679,35.7395],[136.08683,35.7395],[136.08687,35.73952],[136.08692,35.73954],[136.08696,35.73955],[136.08701,35.73956],[136.08705,35.73957],[136.0871,35.73957],[136.08715,35.73957],[136.08721,35.73956],[136.08727,35.73955],[136.08733,35.73955],[136.0874,35.73955],[136.08744,35.73955],[136.08746,35.73955],[136.08749,35.73956],[136.08751,35.73957],[136.08752,35.73959],[136.08753,35.73963],[136.08754,35.73965],[136.08754,35.73969],[136.08754,35.73974],[136.08755,35.73976],[136.08756,35.73978],[136.08758,35.7398],[136.0876,35.73981],[136.08764,35.73984],[136.08768,35.73986],[136.08773,35.73988],[136.0878,35.7399],[136.08789,35.73992],[136.08797,35.73994],[136.08803,35.73995],[136.08808,35.73995],[136.08814,35.73994],[136.08822,35.73994],[136.08825,35.73994],[136.08827,35.73995],[136.08828,35.73996],[136.09131,35.74003],[136.09559,35.74035]]]}},{"type":"Feature","properties":{"name":"横浜","setai":68,"jinko":165,"key":"182020630","units":1,"m":78,"f":87,"gk":0,"a0":6,"a1":67,"a2":92,"a75":43,"ag":[1,1,4,7,4,2,3,6,13,6,8,6,12,20,29,19,10,9,2,3,0]},"geometry":{"type":"Polygon","coordinates":[[[136.10419,35.74205],[136.10459,35.74168],[136.10488,35.74153],[136.1058,35.74119],[136.10604,35.74111],[136.10621,35.74103],[136.10598,35.74099],[136.10583,35.74092],[136.1055,35.74072],[136.1053,35.74059],[136.10502,35.74039],[136.10468,35.74005],[136.10456,35.73993],[136.10449,35.73985],[136.10447,35.73977],[136.10443,35.73967],[136.10437,35.73963],[136.10413,35.73955],[136.10398,35.7395],[136.10391,35.73944],[136.1038,35.73934],[136.1037,35.73931],[136.10362,35.73928],[136.10359,35.73923],[136.10352,35.73903],[136.10342,35.73868],[136.10086,35.73919],[136.09958,35.73946],[136.09821,35.73944],[136.09572,35.73927],[136.09559,35.74035],[136.09131,35.74003],[136.08828,35.73996],[136.08827,35.73997],[136.08826,35.73998],[136.08823,35.74],[136.08821,35.74002],[136.08818,35.74003],[136.08815,35.74005],[136.08813,35.74008],[136.08812,35.7401],[136.08811,35.74011],[136.08811,35.74012],[136.08812,35.74012],[136.08814,35.74015],[136.08815,35.74016],[136.08815,35.74017],[136.08813,35.74018],[136.0881,35.74019],[136.08808,35.74019],[136.08806,35.74019],[136.08803,35.7402],[136.08799,35.74021],[136.08794,35.74022],[136.08787,35.74023],[136.0878,35.74024],[136.08773,35.74026],[136.08768,35.74029],[136.08766,35.74031],[136.08765,35.74032],[136.08764,35.74033],[136.08764,35.74036],[136.08764,35.74037],[136.08766,35.74039],[136.08768,35.74041],[136.0877,35.74044],[136.08773,35.74046],[136.08776,35.74048],[136.08777,35.74049],[136.08777,35.7405],[136.08775,35.74052],[136.08772,35.74053],[136.08769,35.74056],[136.08767,35.74058],[136.08767,35.74061],[136.08769,35.74063],[136.08772,35.74066],[136.08776,35.74068],[136.0878,35.7407],[136.08785,35.74072],[136.0879,35.74074],[136.08794,35.74077],[136.08798,35.7408],[136.08802,35.74084],[136.08806,35.74088],[136.08811,35.74093],[136.08812,35.74095],[136.08814,35.74098],[136.08814,35.741],[136.08814,35.74103],[136.08814,35.74108],[136.08813,35.74114],[136.08814,35.74119],[136.08815,35.74122],[136.08817,35.74127],[136.08818,35.74129],[136.08822,35.74133],[136.08824,35.74134],[136.08829,35.74137],[136.08834,35.7414],[136.0884,35.74143],[136.08844,35.74145],[136.08848,35.74147],[136.08852,35.74147],[136.08853,35.74146],[136.08856,35.74145],[136.08857,35.74142],[136.08859,35.74139],[136.0886,35.74138],[136.08861,35.74138],[136.08864,35.74138],[136.08866,35.7414],[136.08868,35.74141],[136.08869,35.74142],[136.0887,35.74144],[136.0887,35.74146],[136.08872,35.74147],[136.08873,35.74148],[136.08875,35.74148],[136.08878,35.74147],[136.0888,35.74146],[136.08883,35.74144],[136.08884,35.74144],[136.08885,35.74144],[136.08886,35.74145],[136.08888,35.74146],[136.08892,35.74146],[136.08895,35.74147],[136.08897,35.74147],[136.08898,35.74146],[136.08899,35.74146],[136.089,35.74144],[136.08901,35.74142],[136.08902,35.74139],[136.08902,35.74136],[136.08903,35.74134],[136.08904,35.74134],[136.08905,35.74133],[136.08908,35.74133],[136.08912,35.74133],[136.08916,35.74133],[136.08921,35.74132],[136.08927,35.74132],[136.08935,35.7413],[136.08944,35.74129],[136.08954,35.74128],[136.08964,35.74128],[136.08974,35.74127],[136.08983,35.74128],[136.08991,35.74128],[136.08998,35.74128],[136.09005,35.74129],[136.09012,35.74131],[136.09018,35.74132],[136.09021,35.74132],[136.09024,35.74132],[136.09029,35.74131],[136.09033,35.7413],[136.09037,35.7413],[136.09041,35.74131],[136.09045,35.74132],[136.09049,35.74134],[136.09054,35.74136],[136.0906,35.74139],[136.09065,35.74142],[136.0907,35.74145],[136.09075,35.74148],[136.09078,35.74151],[136.09081,35.74154],[136.09087,35.74162],[136.0909,35.74167],[136.09091,35.74169],[136.09092,35.74172],[136.09093,35.74176],[136.09094,35.74183],[136.09095,35.7419],[136.09097,35.74196],[136.09099,35.742],[136.09101,35.74205],[136.09105,35.74208],[136.09107,35.7421],[136.09111,35.74213],[136.09116,35.74215],[136.09121,35.74216],[136.09126,35.74217],[136.09131,35.74217],[136.09135,35.74216],[136.09138,35.74215],[136.0914,35.74214],[136.09142,35.74213],[136.09144,35.74211],[136.09147,35.7421],[136.09149,35.74209],[136.09152,35.74209],[136.09156,35.7421],[136.0916,35.74212],[136.09164,35.74214],[136.09166,35.74214],[136.0917,35.74214],[136.09172,35.74214],[136.09176,35.74212],[136.09177,35.74211],[136.09179,35.74208],[136.09181,35.74204],[136.09182,35.742],[136.09182,35.74197],[136.09182,35.74194],[136.09182,35.74191],[136.09181,35.74189],[136.0918,35.74187],[136.0918,35.74185],[136.09181,35.74184],[136.09181,35.74183],[136.09184,35.74183],[136.09187,35.74184],[136.09191,35.74185],[136.09195,35.74186],[136.09198,35.74186],[136.09202,35.74186],[136.09204,35.74185],[136.09206,35.74184],[136.09207,35.74183],[136.09208,35.74181],[136.09209,35.74178],[136.09213,35.74169],[136.09226,35.74143],[136.09251,35.74169],[136.09317,35.74237],[136.09322,35.74234],[136.09275,35.74185],[136.0928,35.74183],[136.09285,35.7418],[136.09291,35.74178],[136.09298,35.74175],[136.09309,35.74172],[136.09319,35.74169],[136.0933,35.74166],[136.09338,35.74164],[136.09345,35.74163],[136.09352,35.74162],[136.09361,35.74162],[136.09371,35.74163],[136.09382,35.74163],[136.09393,35.74164],[136.09398,35.74164],[136.09402,35.74165],[136.09413,35.74169],[136.09426,35.74173],[136.09429,35.74175],[136.09437,35.74176],[136.09446,35.74176],[136.09454,35.74176],[136.09461,35.74176],[136.09468,35.74176],[136.09475,35.74176],[136.09484,35.74177],[136.09494,35.74177],[136.09504,35.74178],[136.09509,35.74179],[136.09514,35.7418],[136.09519,35.74181],[136.09523,35.74183],[136.09526,35.74184],[136.09532,35.74189],[136.09536,35.74192],[136.09539,35.74195],[136.09542,35.74197],[136.09546,35.74198],[136.09575,35.74222],[136.09599,35.74243],[136.09623,35.74264],[136.09648,35.74285],[136.09663,35.74299],[136.09664,35.743],[136.09664,35.743],[136.09668,35.74314],[136.0967,35.74319],[136.09673,35.74324],[136.09678,35.74331],[136.09681,35.74336],[136.09685,35.74342],[136.09688,35.74348],[136.0969,35.74354],[136.09694,35.7436],[136.09698,35.74366],[136.09702,35.74372],[136.09708,35.74378],[136.09715,35.74384],[136.09721,35.74391],[136.09727,35.74398],[136.09733,35.74405],[136.09737,35.7441],[136.09739,35.74411],[136.09741,35.74412],[136.09743,35.74412],[136.09744,35.74412],[136.09745,35.74411],[136.09752,35.74405],[136.09755,35.74403],[136.09759,35.74401],[136.09762,35.74399],[136.09764,35.74398],[136.09766,35.74397],[136.09767,35.74395],[136.09788,35.74389],[136.09969,35.74346],[136.10279,35.74316],[136.10303,35.74279],[136.10328,35.74259],[136.10373,35.74237],[136.10389,35.74229],[136.10419,35.74205]]]}},{"type":"Feature","properties":{"name":"大比田","setai":81,"jinko":208,"key":"182020640","units":1,"m":97,"f":111,"gk":1,"a0":8,"a1":84,"a2":116,"a75":60,"ag":[0,2,6,5,2,4,7,8,11,8,9,10,20,32,24,25,12,11,11,0,1]},"geometry":{"type":"Polygon","coordinates":[[[136.10396,35.75264],[136.10468,35.7526],[136.10537,35.75261],[136.10609,35.75271],[136.10691,35.75275],[136.10742,35.75273],[136.10761,35.75256],[136.10766,35.75231],[136.10776,35.75191],[136.10781,35.75143],[136.10793,35.75099],[136.10808,35.75063],[136.10828,35.75028],[136.1083,35.74985],[136.1083,35.74955],[136.10806,35.74947],[136.10775,35.74954],[136.10753,35.74953],[136.10738,35.7494],[136.10746,35.74918],[136.10757,35.74889],[136.1077,35.7487],[136.10777,35.74852],[136.10783,35.74827],[136.10784,35.74795],[136.10796,35.74764],[136.10804,35.74749],[136.10804,35.74742],[136.10808,35.74734],[136.10799,35.74724],[136.1078,35.7472],[136.10755,35.74716],[136.10737,35.74707],[136.1073,35.74693],[136.10741,35.74678],[136.10752,35.74658],[136.10753,35.74645],[136.10747,35.74628],[136.1074,35.74616],[136.10739,35.74603],[136.1074,35.74594],[136.10759,35.74577],[136.10775,35.74564],[136.10791,35.74543],[136.10789,35.74515],[136.10763,35.74481],[136.10731,35.74454],[136.10721,35.74442],[136.10709,35.74431],[136.10705,35.7442],[136.10706,35.74411],[136.10719,35.74396],[136.10729,35.74381],[136.10737,35.74338],[136.1074,35.74313],[136.10746,35.74295],[136.10745,35.74279],[136.10728,35.7426],[136.10696,35.74253],[136.10694,35.74252],[136.10666,35.74243],[136.10646,35.7423],[136.1063,35.74206],[136.1062,35.74176],[136.1062,35.74168],[136.10621,35.74103],[136.10604,35.74111],[136.1058,35.74119],[136.10488,35.74153],[136.10459,35.74168],[136.10419,35.74205],[136.10389,35.74229],[136.10373,35.74237],[136.10328,35.74259],[136.10303,35.74279],[136.10279,35.74316],[136.09969,35.74346],[136.09788,35.74389],[136.09767,35.74395],[136.0977,35.74397],[136.09769,35.74398],[136.09768,35.744],[136.09766,35.74402],[136.09763,35.74404],[136.09759,35.74406],[136.09752,35.74411],[136.09751,35.74412],[136.0975,35.74414],[136.0975,35.74416],[136.09749,35.74416],[136.0975,35.74419],[136.0975,35.74422],[136.09752,35.74426],[136.09754,35.74429],[136.09758,35.74434],[136.09762,35.74438],[136.09768,35.74442],[136.09774,35.74446],[136.09781,35.74451],[136.09788,35.74455],[136.09796,35.7446],[136.09804,35.74466],[136.09812,35.74472],[136.0982,35.74478],[136.09824,35.74481],[136.09827,35.74484],[136.09831,35.74491],[136.09835,35.74497],[136.09839,35.74503],[136.09841,35.74506],[136.09847,35.7451],[136.09853,35.74514],[136.0986,35.74518],[136.09867,35.74522],[136.09873,35.74527],[136.09878,35.74531],[136.09883,35.74537],[136.09888,35.74542],[136.09893,35.74548],[136.09898,35.74554],[136.09903,35.7456],[136.09908,35.74566],[136.09912,35.74572],[136.09916,35.74577],[136.0992,35.74582],[136.09923,35.74586],[136.09927,35.74589],[136.09931,35.74593],[136.09935,35.74596],[136.09938,35.74597],[136.09942,35.74599],[136.09945,35.746],[136.09946,35.746],[136.09947,35.746],[136.09949,35.74599],[136.09954,35.74598],[136.0996,35.74594],[136.09964,35.74599],[136.09963,35.74601],[136.09961,35.74603],[136.0996,35.74605],[136.09958,35.74606],[136.09957,35.74608],[136.09957,35.74609],[136.09957,35.74609],[136.09956,35.7461],[136.09957,35.74611],[136.09957,35.74613],[136.0996,35.74616],[136.09963,35.74619],[136.09964,35.74621],[136.09969,35.74626],[136.09975,35.74631],[136.0998,35.74636],[136.09986,35.74642],[136.0999,35.74648],[136.09994,35.74654],[136.09997,35.74661],[136.1,35.74667],[136.10003,35.74673],[136.10006,35.74678],[136.10009,35.74684],[136.10011,35.74691],[136.10012,35.74698],[136.10013,35.74707],[136.10013,35.74714],[136.10013,35.74719],[136.10013,35.74723],[136.10012,35.74727],[136.10007,35.74734],[136.09999,35.7473],[136.09992,35.74739],[136.09964,35.74727],[136.09962,35.74731],[136.0999,35.74742],[136.09979,35.74759],[136.09986,35.74762],[136.09985,35.74765],[136.0998,35.74775],[136.09978,35.7478],[136.09975,35.74789],[136.09974,35.74798],[136.09975,35.74809],[136.09975,35.7482],[136.09977,35.74832],[136.09979,35.74845],[136.09982,35.74858],[136.09985,35.74873],[136.09988,35.74887],[136.09992,35.74903],[136.09994,35.74911],[136.09995,35.74919],[136.09999,35.74935],[136.10003,35.74951],[136.10007,35.74967],[136.1001,35.74984],[136.10014,35.75001],[136.10018,35.7502],[136.10023,35.7504],[136.10028,35.7506],[136.1003,35.7507],[136.10032,35.75078],[136.10034,35.75086],[136.10036,35.75093],[136.10038,35.751],[136.1004,35.75107],[136.10043,35.75113],[136.10046,35.75119],[136.10049,35.75126],[136.10052,35.75133],[136.10056,35.7514],[136.1006,35.75147],[136.10065,35.75156],[136.10071,35.75164],[136.10077,35.75173],[136.10083,35.75182],[136.1009,35.75191],[136.10096,35.75199],[136.10101,35.75208],[136.10107,35.75217],[136.10113,35.75226],[136.1012,35.75236],[136.10127,35.75246],[136.10129,35.75249],[136.10134,35.75257],[136.10141,35.75267],[136.10195,35.7527],[136.10224,35.75275],[136.10245,35.75281],[136.10281,35.75281],[136.10334,35.75275],[136.10396,35.75264]]]}},{"type":"Feature","properties":{"name":"元比田","setai":16,"jinko":26,"key":"182020650","units":1,"m":11,"f":16,"gk":0,"a0":0,"a1":11,"a2":16,"a75":7,"ag":[0,0,0,0,1,0,0,0,1,1,1,4,3,4,5,1,2,4,0,0,0],"tt":27,"gs":1},"geometry":{"type":"Polygon","coordinates":[[[136.11282,35.76543],[136.11325,35.76478],[136.11333,35.76466],[136.11385,35.76433],[136.1144,35.76368],[136.11519,35.76224],[136.1152,35.76222],[136.11551,35.76115],[136.11564,35.7607],[136.11562,35.7598],[136.11579,35.75913],[136.11682,35.75854],[136.11749,35.75801],[136.11752,35.75764],[136.11742,35.75643],[136.11774,35.75589],[136.11839,35.75544],[136.1186,35.75515],[136.11842,35.75449],[136.11845,35.75407],[136.11882,35.7538],[136.11889,35.75364],[136.1189,35.75314],[136.11898,35.75314],[136.11907,35.75289],[136.11903,35.75257],[136.11864,35.75201],[136.11855,35.75179],[136.11869,35.75156],[136.11922,35.75147],[136.1196,35.75135],[136.11984,35.75117],[136.12025,35.7507],[136.12032,35.75065],[136.12089,35.75054],[136.12114,35.75033],[136.12122,35.75022],[136.12163,35.74997],[136.12208,35.7499],[136.12212,35.74975],[136.12212,35.74978],[136.12217,35.74974],[136.12235,35.74888],[136.12255,35.74868],[136.12313,35.74859],[136.12323,35.74859],[136.12353,35.74853],[136.12387,35.74801],[136.12402,35.74745],[136.12435,35.74682],[136.12448,35.74652],[136.12475,35.74632],[136.12542,35.7461],[136.12554,35.74597],[136.12542,35.74527],[136.12548,35.7449],[136.12575,35.74445],[136.12638,35.74399],[136.12647,35.74365],[136.12652,35.7432],[136.12662,35.74293],[136.12703,35.74239],[136.12785,35.74183],[136.12827,35.74166],[136.12859,35.74152],[136.12942,35.74135],[136.13004,35.74128],[136.13047,35.74111],[136.13085,35.74071],[136.13103,35.74027],[136.13103,35.7401],[136.13129,35.73912],[136.13163,35.73854],[136.13247,35.73746],[136.13262,35.73724],[136.13274,35.73688],[136.1328,35.73636],[136.13263,35.73539],[136.13309,35.73462],[136.13332,35.73397],[136.13335,35.73348],[136.1333,35.73327],[136.13295,35.73268],[136.13272,35.73216],[136.13248,35.73042],[136.1325,35.72995],[136.13269,35.7291],[136.13282,35.72894],[136.13349,35.72886],[136.13368,35.72863],[136.13375,35.72841],[136.13365,35.728],[136.13348,35.72747],[136.13347,35.72701],[136.13352,35.72692],[136.13352,35.72657],[136.13339,35.72626],[136.13305,35.72576],[136.1331,35.72565],[136.1334,35.72531],[136.13345,35.72511],[136.1334,35.72488],[136.13324,35.7247],[136.13299,35.7245],[136.13274,35.724],[136.13244,35.72372],[136.13209,35.7235],[136.13189,35.72329],[136.13188,35.723],[136.1323,35.72252],[136.13288,35.72226],[136.13404,35.72142],[136.13465,35.72107],[136.1348,35.72097],[136.1353,35.72013],[136.13572,35.71977],[136.13627,35.71942],[136.13712,35.71916],[136.13763,35.71902],[136.13808,35.71887],[136.13855,35.71851],[136.13887,35.7182],[136.13907,35.71788],[136.13944,35.71743],[136.13982,35.71719],[136.14053,35.71693],[136.14088,35.71681],[136.1405,35.7164],[136.14032,35.71625],[136.13995,35.71607],[136.13949,35.716],[136.13907,35.71604],[136.13778,35.71625],[136.13639,35.71628],[136.13556,35.71631],[136.1346,35.71638],[136.13392,35.7163],[136.13289,35.71633],[136.13232,35.71635],[136.132,35.71635],[136.13122,35.7164],[136.13078,35.71641],[136.13025,35.71644],[136.12972,35.71649],[136.12927,35.71652],[136.12885,35.71651],[136.12839,35.71645],[136.12791,35.71632],[136.12749,35.71617],[136.12715,35.71596],[136.12678,35.71561],[136.12645,35.71499],[136.12625,35.71456],[136.12603,35.71413],[136.12575,35.71375],[136.12561,35.71341],[136.1256,35.71339],[136.12544,35.71315],[136.12519,35.71288],[136.12486,35.71267],[136.12425,35.71249],[136.12311,35.71251],[136.12203,35.71251],[136.12118,35.71242],[136.12068,35.71242],[136.12021,35.71243],[136.11985,35.7124],[136.1195,35.71235],[136.11923,35.7123],[136.11875,35.71233],[136.11819,35.7124],[136.11741,35.71248],[136.11729,35.71247],[136.11683,35.71247],[136.11603,35.71245],[136.11545,35.71243],[136.11482,35.71238],[136.11427,35.71231],[136.11381,35.71223],[136.11341,35.71215],[136.11317,35.71209],[136.11298,35.71205],[136.11253,35.71185],[136.11212,35.71163],[136.11155,35.71127],[136.11118,35.71094],[136.11094,35.71067],[136.1107,35.71033],[136.11051,35.71011],[136.11029,35.70989],[136.11001,35.70966],[136.1099,35.70948],[136.10988,35.70945],[136.10975,35.70914],[136.10955,35.70878],[136.10926,35.70844],[136.10902,35.70814],[136.10879,35.70776],[136.10854,35.70733],[136.10836,35.70684],[136.10819,35.70644],[136.10787,35.70589],[136.10769,35.70563],[136.10754,35.7054],[136.10715,35.70482],[136.10683,35.7043],[136.10657,35.70389],[136.10634,35.70357],[136.10604,35.70307],[136.10602,35.70303],[136.10587,35.70269],[136.10564,35.70235],[136.10531,35.70187],[136.10485,35.70133],[136.10433,35.70067],[136.10373,35.69974],[136.1033,35.69899],[136.10301,35.69847],[136.10269,35.69767],[136.10253,35.69766],[136.10234,35.69762],[136.10178,35.69725],[136.10053,35.69663],[136.10009,35.69636],[136.09888,35.69608],[136.09793,35.69598],[136.09663,35.69615],[136.09507,35.69641],[136.09445,35.6965],[136.09389,35.69658],[136.09254,35.69675],[136.09117,35.69666],[136.09008,35.69646],[136.08914,35.69624],[136.08847,35.69605],[136.08789,35.69589],[136.08741,35.69573],[136.08688,35.69555],[136.08621,35.69539],[136.08589,35.69536],[136.08558,35.69533],[136.08494,35.69535],[136.08452,35.69538],[136.0841,35.69542],[136.08339,35.69534],[136.08285,35.69522],[136.08224,35.6952],[136.08076,35.69522],[136.08073,35.69527],[136.08069,35.69532],[136.08064,35.69537],[136.0806,35.69543],[136.08056,35.69548],[136.08052,35.69552],[136.08049,35.69555],[136.08047,35.69558],[136.08045,35.69562],[136.08043,35.69567],[136.08042,35.69569],[136.08041,35.69574],[136.08041,35.69579],[136.08042,35.69583],[136.08044,35.69587],[136.08045,35.69591],[136.08047,35.69596],[136.08049,35.69601],[136.08051,35.69607],[136.08052,35.69613],[136.08053,35.69619],[136.08054,35.69624],[136.08056,35.69629],[136.08057,35.69634],[136.08057,35.69638],[136.08057,35.69642],[136.08056,35.69651],[136.08055,35.69657],[136.08053,35.69663],[136.08039,35.69698],[136.08033,35.69698],[136.08028,35.69698],[136.08022,35.69698],[136.08017,35.69698],[136.08014,35.69699],[136.08011,35.69701],[136.0801,35.69702],[136.0801,35.69705],[136.0801,35.69706],[136.0801,35.69708],[136.08011,35.69709],[136.08014,35.69712],[136.08015,35.69713],[136.08015,35.69714],[136.08015,35.69715],[136.08013,35.69717],[136.08012,35.69718],[136.08011,35.69719],[136.08011,35.6972],[136.08011,35.69721],[136.08013,35.69722],[136.08018,35.69724],[136.08021,35.69725],[136.08022,35.69725],[136.08019,35.69725],[136.08015,35.69724],[136.0801,35.69723],[136.08005,35.69723],[136.08003,35.69723],[136.08002,35.69724],[136.08001,35.69725],[136.08001,35.69726],[136.08,35.69727],[136.08,35.69727],[136.08,35.69728],[136.08,35.6973],[136.08001,35.6973],[136.08001,35.69731],[136.08003,35.69733],[136.08005,35.69734],[136.08008,35.69735],[136.08011,35.69736],[136.08014,35.69737],[136.0802,35.69737],[136.0803,35.69735],[136.08033,35.69738],[136.08037,35.69743],[136.0804,35.69748],[136.08045,35.69754],[136.08048,35.69757],[136.08052,35.6976],[136.08056,35.69763],[136.08065,35.69768],[136.08075,35.69772],[136.08082,35.69776],[136.08089,35.6978],[136.08094,35.69785],[136.08097,35.69788],[136.08101,35.69795],[136.08106,35.69803],[136.08111,35.69814],[136.08116,35.69825],[136.08121,35.69837],[136.08126,35.69849],[136.08131,35.6986],[136.08135,35.69872],[136.08139,35.69884],[136.08143,35.69894],[136.08148,35.69904],[136.08151,35.69913],[136.08153,35.6992],[136.08155,35.69927],[136.08156,35.69934],[136.08157,35.69941],[136.08156,35.69948],[136.08155,35.69956],[136.08154,35.69964],[136.08152,35.69972],[136.08151,35.69978],[136.0815,35.6998],[136.08149,35.69982],[136.08146,35.69984],[136.08142,35.69986],[136.08136,35.69988],[136.08129,35.6999],[136.08124,35.69991],[136.08117,35.69992],[136.08111,35.69993],[136.08107,35.69994],[136.08101,35.69996],[136.08095,35.7],[136.08088,35.70004],[136.08081,35.7001],[136.08074,35.70016],[136.08068,35.70023],[136.08063,35.7003],[136.08057,35.70038],[136.08052,35.70046],[136.08048,35.70054],[136.08045,35.70061],[136.08042,35.70069],[136.0804,35.70077],[136.08037,35.70085],[136.08035,35.70092],[136.08033,35.70098],[136.0803,35.70104],[136.08026,35.7011],[136.08024,35.70113],[136.08023,35.70114],[136.08013,35.70123],[136.08001,35.70134],[136.0799,35.70144],[136.07982,35.70151],[136.07973,35.70159],[136.07964,35.70167],[136.07956,35.70173],[136.07949,35.70178],[136.07942,35.70182],[136.07936,35.70186],[136.07931,35.70191],[136.07926,35.70195],[136.07922,35.70198],[136.0792,35.702],[136.07917,35.70201],[136.07912,35.70203],[136.07906,35.70204],[136.07901,35.70205],[136.07896,35.70207],[136.0789,35.70209],[136.07888,35.70211],[136.07882,35.70215],[136.0788,35.70218],[136.07878,35.70221],[136.07874,35.70228],[136.07872,35.70236],[136.0787,35.70243],[136.07869,35.70249],[136.07869,35.70254],[136.07869,35.70257],[136.0787,35.70259],[136.07832,35.70321],[136.07833,35.70318],[136.07833,35.70317],[136.07832,35.70316],[136.07831,35.70316],[136.07829,35.70315],[136.07825,35.70316],[136.07822,35.70317],[136.07821,35.70318],[136.07819,35.70319],[136.07818,35.70321],[136.07818,35.70322],[136.07818,35.70323],[136.07819,35.70325],[136.07821,35.70327],[136.07822,35.70329],[136.07823,35.70329],[136.0782,35.7033],[136.07817,35.70331],[136.07816,35.70331],[136.07816,35.70332],[136.07816,35.70334],[136.07818,35.70336],[136.07819,35.70337],[136.0782,35.70338],[136.07821,35.70339],[136.07821,35.70341],[136.07821,35.70342],[136.0782,35.70343],[136.07819,35.70344],[136.07816,35.70345],[136.0781,35.70346],[136.07804,35.70347],[136.07803,35.70348],[136.07802,35.70349],[136.07803,35.7035],[136.07803,35.7035],[136.07805,35.70351],[136.07808,35.70352],[136.07811,35.70352],[136.07812,35.70352],[136.07813,35.70353],[136.07813,35.70355],[136.07813,35.70356],[136.07812,35.70357],[136.0781,35.70357],[136.07808,35.70357],[136.07807,35.70359],[136.07807,35.7036],[136.07808,35.70361],[136.07808,35.70362],[136.0781,35.70363],[136.07812,35.70363],[136.07816,35.70363],[136.07819,35.70362],[136.0782,35.70363],[136.07821,35.70363],[136.07821,35.70364],[136.07821,35.70365],[136.07819,35.70366],[136.07816,35.70368],[136.07813,35.70368],[136.07811,35.70369],[136.0781,35.70371],[136.0781,35.70372],[136.0781,35.70374],[136.07811,35.70375],[136.07812,35.70376],[136.07814,35.70377],[136.07816,35.70378],[136.07818,35.70378],[136.07823,35.70377],[136.07828,35.70376],[136.07832,35.70375],[136.07833,35.70375],[136.07834,35.70376],[136.07833,35.70377],[136.07832,35.70379],[136.07832,35.7038],[136.07832,35.70381],[136.07833,35.70381],[136.07835,35.70382],[136.07838,35.70382],[136.0784,35.70382],[136.07844,35.7038],[136.07847,35.70379],[136.07849,35.70377],[136.07851,35.70373],[136.07857,35.70377],[136.07864,35.70381],[136.07872,35.70387],[136.07881,35.70395],[136.07889,35.70402],[136.07897,35.70408],[136.0796,35.70389],[136.07993,35.7039],[136.0803,35.70386],[136.08052,35.70381],[136.0807,35.70376],[136.08101,35.70371],[136.0814,35.70368],[136.08176,35.70368],[136.08226,35.70366],[136.08243,35.7036],[136.08266,35.70357],[136.0829,35.70362],[136.08312,35.70368],[136.08334,35.7037],[136.08359,35.70365],[136.08379,35.7036],[136.08393,35.70361],[136.08409,35.70365],[136.08429,35.70362],[136.08449,35.70352],[136.08472,35.70347],[136.08501,35.70342],[136.08539,35.70346],[136.08569,35.7035],[136.08591,35.70348],[136.08604,35.70337],[136.0861,35.70329],[136.08627,35.70325],[136.08628,35.70326],[136.08646,35.70329],[136.08674,35.70327],[136.08702,35.70322],[136.08743,35.7031],[136.08775,35.70296],[136.08808,35.70276],[136.0883,35.70278],[136.08834,35.70288],[136.08833,35.70301],[136.0883,35.70322],[136.08819,35.70346],[136.08803,35.70356],[136.08786,35.70366],[136.08759,35.7038],[136.08699,35.70413],[136.08669,35.70429],[136.08649,35.70439],[136.08632,35.7044],[136.08614,35.70447],[136.0859,35.70464],[136.08568,35.70482],[136.0855,35.70499],[136.08531,35.70514],[136.08516,35.70524],[136.08495,35.70536],[136.08493,35.70549],[136.08514,35.70562],[136.08521,35.70564],[136.08538,35.70569],[136.08565,35.70573],[136.08569,35.70585],[136.08565,35.70596],[136.08566,35.7061],[136.0857,35.70624],[136.08582,35.70634],[136.0861,35.70634],[136.08643,35.70632],[136.0866,35.70631],[136.08683,35.70622],[136.08754,35.70593],[136.08812,35.70564],[136.08825,35.70558],[136.08855,35.70556],[136.0888,35.7056],[136.08902,35.7056],[136.08922,35.70552],[136.0894,35.70542],[136.08968,35.70538],[136.08993,35.70538],[136.09022,35.70526],[136.09041,35.70507],[136.09054,35.70495],[136.09078,35.70481],[136.09095,35.7048],[136.09115,35.70472],[136.09128,35.70458],[136.09128,35.70442],[136.09127,35.70426],[136.0913,35.70416],[136.09132,35.7041],[136.09151,35.70407],[136.0918,35.70396],[136.09201,35.70388],[136.09222,35.70392],[136.09235,35.70402],[136.09261,35.70393],[136.09268,35.70382],[136.09276,35.70365],[136.09297,35.70332],[136.09308,35.70308],[136.09339,35.70302],[136.09349,35.70316],[136.09347,35.7033],[136.09342,35.70345],[136.09342,35.70363],[136.09345,35.70386],[136.09348,35.70405],[136.09348,35.70425],[136.09345,35.7045],[136.09353,35.70476],[136.09353,35.70496],[136.09345,35.70519],[136.09341,35.70543],[136.09342,35.70564],[136.09343,35.70578],[136.09351,35.70597],[136.09357,35.70615],[136.09362,35.70643],[136.09356,35.7067],[136.09349,35.70704],[136.0934,35.70746],[136.09332,35.7077],[136.09357,35.70809],[136.09363,35.70826],[136.09366,35.70846],[136.09365,35.70859],[136.09364,35.70862],[136.09356,35.70882],[136.09349,35.70895],[136.09341,35.70915],[136.0934,35.70924],[136.09346,35.70936],[136.09362,35.70944],[136.09386,35.70953],[136.09412,35.70962],[136.09459,35.70966],[136.09513,35.70979],[136.09522,35.70993],[136.09521,35.71002],[136.09521,35.71023],[136.09525,35.71037],[136.09537,35.71049],[136.09549,35.71059],[136.09558,35.71078],[136.09551,35.71087],[136.09542,35.71093],[136.09529,35.71092],[136.09433,35.7108],[136.09382,35.71087],[136.09356,35.71098],[136.0934,35.71113],[136.09324,35.71132],[136.09319,35.71152],[136.0931,35.71177],[136.09301,35.71206],[136.09288,35.7122],[136.09273,35.71226],[136.09249,35.71238],[136.09216,35.71233],[136.09212,35.71235],[136.09207,35.71238],[136.09204,35.7124],[136.09201,35.71242],[136.09199,35.71244],[136.09197,35.71245],[136.09194,35.71247],[136.09191,35.71248],[136.0919,35.71249],[136.0919,35.7125],[136.09191,35.71251],[136.09192,35.71252],[136.09193,35.71253],[136.09193,35.71253],[136.09191,35.71254],[136.09188,35.71255],[136.09184,35.71257],[136.09182,35.71258],[136.0918,35.71259],[136.0918,35.71259],[136.0918,35.7126],[136.09181,35.71261],[136.09182,35.71262],[136.09182,35.71264],[136.09183,35.71266],[136.09182,35.71268],[136.09181,35.71271],[136.09179,35.71274],[136.09177,35.71278],[136.09174,35.71282],[136.09172,35.71286],[136.09169,35.7129],[136.09165,35.71294],[136.09162,35.71297],[136.09159,35.713],[136.09156,35.71304],[136.09153,35.71308],[136.0915,35.71312],[136.09147,35.71315],[136.09144,35.71318],[136.09142,35.7132],[136.0914,35.71321],[136.09138,35.71323],[136.09135,35.71325],[136.09133,35.71327],[136.0913,35.71328],[136.09126,35.71328],[136.09121,35.71328],[136.09117,35.71328],[136.09113,35.71329],[136.09111,35.71331],[136.09109,35.71333],[136.09108,35.71334],[136.09108,35.71337],[136.09109,35.7134],[136.0911,35.71342],[136.09111,35.71345],[136.09113,35.71347],[136.09114,35.71349],[136.09116,35.7135],[136.09117,35.7135],[136.09119,35.71349],[136.09122,35.71347],[136.09125,35.71345],[136.09126,35.71344],[136.09127,35.71344],[136.09128,35.71344],[136.09129,35.71345],[136.0913,35.71347],[136.09132,35.7135],[136.09132,35.71353],[136.09132,35.71357],[136.09132,35.71362],[136.09132,35.71368],[136.09133,35.71375],[136.09133,35.71381],[136.09134,35.71386],[136.09134,35.7139],[136.09136,35.71392],[136.09137,35.71395],[136.09137,35.71399],[136.09137,35.71405],[136.09136,35.71412],[136.09134,35.71418],[136.09131,35.71424],[136.09128,35.7143],[136.09126,35.71435],[136.09125,35.71437],[136.09125,35.71439],[136.09126,35.71443],[136.09128,35.71447],[136.0913,35.71451],[136.09132,35.71456],[136.09132,35.7146],[136.09132,35.71465],[136.09132,35.71475],[136.09131,35.71479],[136.09131,35.71484],[136.0913,35.71489],[136.09128,35.71494],[136.09126,35.71499],[136.09125,35.71501],[136.09122,35.71505],[136.09121,35.71508],[136.09119,35.71512],[136.09118,35.71514],[136.09118,35.71517],[136.09119,35.71519],[136.09121,35.71522],[136.09123,35.71524],[136.09125,35.71525],[136.09128,35.71525],[136.09132,35.71525],[136.09136,35.71525],[136.0914,35.71523],[136.09143,35.71521],[136.09146,35.7152],[136.0915,35.71518],[136.09152,35.71517],[136.09155,35.71517],[136.09158,35.71518],[136.09162,35.71519],[136.09167,35.71521],[136.09174,35.7154],[136.09178,35.71552],[136.09182,35.71566],[136.09187,35.71582],[136.09171,35.71584],[136.09166,35.71594],[136.09147,35.71595],[136.09142,35.71595],[136.09136,35.71596],[136.09133,35.71597],[136.0913,35.71598],[136.09128,35.71599],[136.09126,35.716],[136.09124,35.71602],[136.09123,35.71604],[136.09121,35.71608],[136.0912,35.71612],[136.0912,35.71615],[136.0912,35.71619],[136.0912,35.71623],[136.0912,35.71627],[136.09119,35.71631],[136.09118,35.71636],[136.09117,35.7164],[136.09116,35.71643],[136.09114,35.71646],[136.09113,35.71648],[136.09111,35.7165],[136.0911,35.7165],[136.09108,35.71651],[136.09106,35.71652],[136.09103,35.71652],[136.09101,35.71654],[136.09099,35.71656],[136.09097,35.7166],[136.09097,35.71663],[136.09096,35.71667],[136.09096,35.71671],[136.09098,35.71675],[136.091,35.71681],[136.09104,35.71686],[136.09108,35.7169],[136.09112,35.71693],[136.09116,35.71696],[136.09121,35.71699],[136.09126,35.71701],[136.0913,35.71702],[136.09134,35.71702],[136.09138,35.71702],[136.09141,35.71702],[136.09143,35.71702],[136.09143,35.71701],[136.09144,35.717],[136.09144,35.71698],[136.09144,35.71697],[136.09144,35.71696],[136.09144,35.71694],[136.09144,35.71693],[136.09145,35.71691],[136.09146,35.71691],[136.09147,35.7169],[136.09149,35.7169],[136.09151,35.7169],[136.09155,35.71689],[136.0916,35.7169],[136.09167,35.7169],[136.09172,35.71691],[136.09176,35.71691],[136.0918,35.71693],[136.09187,35.71695],[136.09194,35.71699],[136.09202,35.71702],[136.09209,35.71704],[136.09217,35.71707],[136.09245,35.71741],[136.09256,35.71755],[136.09268,35.7177],[136.09269,35.71777],[136.0927,35.7178],[136.09271,35.71782],[136.09273,35.71784],[136.09275,35.71786],[136.09277,35.71787],[136.09314,35.71823],[136.09322,35.7183],[136.09339,35.71847],[136.09356,35.71864],[136.09376,35.71883],[136.09398,35.71905],[136.0941,35.71916],[136.09423,35.71928],[136.09425,35.71935],[136.09427,35.7194],[136.0943,35.71944],[136.09434,35.7195],[136.09439,35.71956],[136.09445,35.71962],[136.09451,35.71968],[136.09456,35.71974],[136.09528,35.71956],[136.09558,35.7196],[136.09587,35.7197],[136.09616,35.71983],[136.09645,35.71995],[136.09691,35.72005],[136.0974,35.72007],[136.09796,35.72005],[136.09838,35.72002],[136.09886,35.71994],[136.09933,35.71977],[136.09972,35.71969],[136.10009,35.71965],[136.10059,35.71965],[136.10084,35.71967],[136.10121,35.71954],[136.10145,35.71942],[136.10157,35.71931],[136.1017,35.71919],[136.10187,35.71896],[136.10202,35.71867],[136.10226,35.71846],[136.1025,35.71837],[136.10268,35.71825],[136.10284,35.7181],[136.10313,35.71809],[136.10324,35.71841],[136.10327,35.7188],[136.10324,35.7193],[136.10328,35.71962],[136.10342,35.71979],[136.1036,35.71992],[136.10375,35.72009],[136.10383,35.72026],[136.10389,35.72049],[136.10397,35.72068],[136.10409,35.72082],[136.10422,35.72095],[136.1043,35.72116],[136.10438,35.72139],[136.10449,35.72165],[136.10451,35.72188],[136.1045,35.722],[136.1044,35.72213],[136.10425,35.72223],[136.10409,35.7224],[136.10398,35.72255],[136.10386,35.72272],[136.10385,35.72274],[136.1038,35.72287],[136.10374,35.72314],[136.10368,35.72339],[136.10363,35.72375],[136.10363,35.724],[136.10366,35.72421],[136.10358,35.72436],[136.10352,35.72463],[136.10341,35.72483],[136.10329,35.72493],[136.10317,35.72499],[136.10303,35.72504],[136.10285,35.72512],[136.10269,35.72524],[136.10251,35.72537],[136.10236,35.72547],[136.10227,35.72551],[136.1021,35.72556],[136.10194,35.72555],[136.10175,35.72551],[136.10159,35.72547],[136.10138,35.72553],[136.10124,35.72556],[136.10098,35.72565],[136.1008,35.72573],[136.1006,35.72585],[136.10036,35.72599],[136.10003,35.72617],[136.09982,35.72631],[136.09958,35.72665],[136.0993,35.72688],[136.09906,35.72702],[136.09881,35.72702],[136.09826,35.72703],[136.09826,35.72703],[136.09819,35.72722],[136.09817,35.72729],[136.09815,35.72735],[136.09814,35.7274],[136.09813,35.72743],[136.09812,35.72746],[136.09809,35.72749],[136.09805,35.72752],[136.09801,35.72756],[136.09797,35.72761],[136.09792,35.72765],[136.09787,35.72771],[136.09783,35.72776],[136.09778,35.72782],[136.09774,35.72788],[136.0977,35.72794],[136.09767,35.72801],[136.09764,35.72807],[136.09762,35.72814],[136.09761,35.72817],[136.09761,35.72819],[136.09759,35.72825],[136.09758,35.72829],[136.09757,35.72833],[136.09755,35.72836],[136.09753,35.72838],[136.09751,35.7284],[136.09748,35.72841],[136.09745,35.72843],[136.09741,35.72845],[136.0974,35.72847],[136.09736,35.72852],[136.09733,35.72858],[136.09728,35.72865],[136.09723,35.7287],[136.09717,35.72874],[136.09712,35.72878],[136.09705,35.72883],[136.09697,35.7289],[136.09691,35.72896],[136.09685,35.729],[136.09681,35.72903],[136.09679,35.72905],[136.09677,35.72907],[136.09675,35.72908],[136.09674,35.72908],[136.09672,35.72908],[136.0967,35.72907],[136.09668,35.72908],[136.09666,35.72908],[136.09665,35.72909],[136.09665,35.72911],[136.09665,35.72913],[136.09664,35.72916],[136.09663,35.72917],[136.09663,35.72918],[136.09662,35.72918],[136.09661,35.72918],[136.09659,35.72918],[136.09656,35.72917],[136.09654,35.72916],[136.09653,35.72916],[136.09652,35.72916],[136.09651,35.72916],[136.09651,35.72917],[136.0965,35.72917],[136.09649,35.72917],[136.09649,35.72918],[136.09648,35.72921],[136.09647,35.72924],[136.09647,35.72925],[136.09645,35.72928],[136.09644,35.7293],[136.09643,35.72931],[136.09643,35.72931],[136.09644,35.72932],[136.09644,35.72932],[136.09645,35.72934],[136.09646,35.72935],[136.09649,35.72937],[136.09641,35.72942],[136.09636,35.72946],[136.09632,35.72949],[136.09629,35.72953],[136.09627,35.72957],[136.09625,35.72961],[136.09623,35.72965],[136.0962,35.72966],[136.09619,35.72966],[136.09619,35.72967],[136.09618,35.72968],[136.09617,35.7297],[136.09616,35.72975],[136.09615,35.72979],[136.09615,35.72982],[136.09614,35.72986],[136.09614,35.72988],[136.09614,35.72989],[136.09616,35.72993],[136.09616,35.72995],[136.09616,35.72997],[136.09616,35.72998],[136.09615,35.72999],[136.09613,35.73002],[136.09613,35.73003],[136.09613,35.73003],[136.09613,35.73004],[136.09613,35.73005],[136.09615,35.73009],[136.09618,35.73013],[136.09621,35.73016],[136.09623,35.7302],[136.09624,35.73021],[136.09625,35.73021],[136.09626,35.73022],[136.09627,35.73022],[136.09629,35.73022],[136.09638,35.73035],[136.0964,35.73038],[136.09637,35.73039],[136.09637,35.73039],[136.09637,35.7304],[136.09637,35.73041],[136.09637,35.73042],[136.09638,35.73046],[136.09639,35.73047],[136.09641,35.73049],[136.09642,35.7305],[136.09644,35.7305],[136.09646,35.73051],[136.09649,35.73051],[136.09662,35.73067],[136.09668,35.73073],[136.0967,35.73076],[136.09672,35.73079],[136.09674,35.73083],[136.09676,35.73091],[136.09679,35.731],[136.09684,35.73111],[136.09689,35.73122],[136.09694,35.73131],[136.09699,35.7314],[136.09703,35.7315],[136.09707,35.73161],[136.09711,35.73174],[136.09715,35.73188],[136.09718,35.73201],[136.09721,35.73214],[136.09725,35.73227],[136.09728,35.73238],[136.09731,35.73249],[136.09738,35.73267],[136.0974,35.73275],[136.09742,35.73286],[136.09743,35.73291],[136.09744,35.73303],[136.09746,35.73315],[136.09747,35.73327],[136.09749,35.73339],[136.0975,35.73351],[136.09751,35.73362],[136.09752,35.73374],[136.09752,35.73385],[136.09751,35.73396],[136.0975,35.73407],[136.0978,35.73424],[136.09813,35.73434],[136.09829,35.73433],[136.09844,35.73426],[136.09861,35.73414],[136.09885,35.73396],[136.09898,35.7339],[136.09901,35.73399],[136.09892,35.73441],[136.09883,35.73466],[136.0988,35.73479],[136.09888,35.73495],[136.09903,35.73513],[136.09906,35.73524],[136.099,35.73539],[136.09903,35.73551],[136.09925,35.73569],[136.09925,35.73589],[136.0991,35.736],[136.09894,35.73622],[136.09886,35.73638],[136.09895,35.73644],[136.09931,35.73644],[136.09979,35.73649],[136.09994,35.73646],[136.1,35.73638],[136.10009,35.73586],[136.10015,35.73563],[136.10021,35.73546],[136.10006,35.73533],[136.09989,35.73529],[136.09988,35.73521],[136.09994,35.73511],[136.10013,35.73503],[136.10063,35.73506],[136.10098,35.73499],[136.10119,35.73484],[136.10132,35.73459],[136.10153,35.73453],[136.10165,35.73421],[136.10169,35.734],[136.10278,35.73388],[136.10296,35.73433],[136.10296,35.73497],[136.10303,35.7353],[136.10305,35.73602],[136.10328,35.73655],[136.10339,35.73712],[136.10337,35.73749],[136.10333,35.73789],[136.10333,35.73816],[136.10339,35.73849],[136.10342,35.73868],[136.10352,35.73903],[136.10359,35.73923],[136.10362,35.73928],[136.1037,35.73931],[136.1038,35.73934],[136.10391,35.73944],[136.10398,35.7395],[136.10413,35.73955],[136.10437,35.73963],[136.10443,35.73967],[136.10447,35.73977],[136.10449,35.73985],[136.10456,35.73993],[136.10468,35.74005],[136.10502,35.74039],[136.1053,35.74059],[136.1055,35.74072],[136.10583,35.74092],[136.10598,35.74099],[136.10621,35.74103],[136.1062,35.74168],[136.1062,35.74176],[136.1063,35.74206],[136.10646,35.7423],[136.10666,35.74243],[136.10694,35.74252],[136.10696,35.74253],[136.10728,35.7426],[136.10745,35.74279],[136.10746,35.74295],[136.1074,35.74313],[136.10737,35.74338],[136.10729,35.74381],[136.10719,35.74396],[136.10706,35.74411],[136.10705,35.7442],[136.10709,35.74431],[136.10721,35.74442],[136.10731,35.74454],[136.10763,35.74481],[136.10789,35.74515],[136.10791,35.74543],[136.10775,35.74564],[136.10759,35.74577],[136.1074,35.74594],[136.10739,35.74603],[136.1074,35.74616],[136.10747,35.74628],[136.10753,35.74645],[136.10752,35.74658],[136.10741,35.74678],[136.1073,35.74693],[136.10737,35.74707],[136.10755,35.74716],[136.1078,35.7472],[136.10799,35.74724],[136.10808,35.74734],[136.10804,35.74742],[136.10804,35.74749],[136.10796,35.74764],[136.10784,35.74795],[136.10783,35.74827],[136.10777,35.74852],[136.1077,35.7487],[136.10757,35.74889],[136.10746,35.74918],[136.10738,35.7494],[136.10753,35.74953],[136.10775,35.74954],[136.10806,35.74947],[136.1083,35.74955],[136.1083,35.74985],[136.10828,35.75028],[136.10808,35.75063],[136.10793,35.75099],[136.10781,35.75143],[136.10776,35.75191],[136.10766,35.75231],[136.10761,35.75256],[136.10742,35.75273],[136.10691,35.75275],[136.10609,35.75271],[136.10537,35.75261],[136.10468,35.7526],[136.10396,35.75264],[136.10334,35.75275],[136.10281,35.75281],[136.10245,35.75281],[136.10224,35.75275],[136.10195,35.7527],[136.10141,35.75267],[136.10147,35.75278],[136.10152,35.7529],[136.10156,35.75298],[136.10157,35.75301],[136.10161,35.75313],[136.10162,35.75315],[136.10165,35.75324],[136.10168,35.75335],[136.1017,35.75346],[136.10172,35.75357],[136.10174,35.75367],[136.10176,35.75378],[136.10177,35.75389],[136.10177,35.75402],[136.10178,35.75415],[136.10178,35.7543],[136.10178,35.75446],[136.10179,35.75462],[136.10179,35.75478],[136.1018,35.75494],[136.1018,35.7551],[136.1018,35.7552],[136.10179,35.75578],[136.10177,35.75617],[136.10176,35.75635],[136.10172,35.75671],[136.10167,35.75704],[136.10167,35.75709],[136.10165,35.75718],[136.10163,35.75733],[136.10161,35.75742],[136.1016,35.7575],[136.10156,35.75767],[136.10152,35.75783],[136.10148,35.75799],[136.10143,35.75815],[136.10137,35.75832],[136.10131,35.75849],[136.10123,35.75865],[136.10116,35.75882],[136.10107,35.75898],[136.10099,35.75913],[136.10083,35.75939],[136.10077,35.75948],[136.10067,35.75963],[136.1006,35.75971],[136.1005,35.75983],[136.10045,35.75989],[136.10039,35.75996],[136.10031,35.76005],[136.10018,35.76021],[136.10004,35.76038],[136.09991,35.76053],[136.0998,35.76065],[136.0997,35.76077],[136.09958,35.7609],[136.09947,35.76104],[136.09942,35.76111],[136.09937,35.76117],[136.09934,35.76124],[136.09932,35.76131],[136.0993,35.76137],[136.09929,35.76143],[136.09928,35.76148],[136.09928,35.76153],[136.09929,35.76159],[136.09931,35.76171],[136.09933,35.76185],[136.09935,35.762],[136.09938,35.76214],[136.0994,35.76229],[136.09942,35.76244],[136.09943,35.76253],[136.09942,35.76271],[136.09942,35.76279],[136.09941,35.76287],[136.09939,35.76294],[136.09938,35.763],[136.09935,35.76305],[136.09933,35.76311],[136.09926,35.76323],[136.09918,35.76336],[136.0991,35.76351],[136.09901,35.76365],[136.09892,35.76379],[136.09882,35.76394],[136.09873,35.76408],[136.09865,35.76422],[136.09861,35.7643],[136.09857,35.76439],[136.09853,35.76449],[136.09849,35.76459],[136.09847,35.76469],[136.09846,35.76474],[136.09845,35.76484],[136.09843,35.76496],[136.09843,35.76499],[136.09842,35.7651],[136.0984,35.76525],[136.09839,35.76534],[136.09889,35.76523],[136.10013,35.76543],[136.10127,35.76568],[136.10193,35.7657],[136.10439,35.76551],[136.10734,35.76523],[136.10826,35.76526],[136.10911,35.76552],[136.11077,35.76593],[136.1111,35.76593],[136.11207,35.76583],[136.11257,35.76558],[136.11282,35.76543]]]}},{"type":"Feature","properties":{"name":"河原町","setai":10,"jinko":18,"key":"182020660","units":1,"m":7,"f":11,"gk":0,"a0":1,"a1":10,"a2":7,"a75":4,"ag":[1,0,0,0,0,0,4,0,0,0,1,3,2,1,2,0,3,0,1,0,0]},"geometry":{"type":"Polygon","coordinates":[[[136.09037,35.65093],[136.09017,35.65083],[136.08996,35.65069],[136.08947,35.65035],[136.08921,35.65015],[136.08897,35.64996],[136.08873,35.64979],[136.08848,35.64961],[136.08828,35.64945],[136.08795,35.64922],[136.08763,35.64904],[136.08737,35.64886],[136.08709,35.64869],[136.08681,35.64853],[136.08655,35.64842],[136.08632,35.64834],[136.08607,35.64825],[136.08576,35.64817],[136.08551,35.6481],[136.08534,35.64806],[136.08534,35.64812],[136.08527,35.64821],[136.08521,35.64834],[136.08515,35.64848],[136.08504,35.64867],[136.08487,35.64894],[136.08472,35.64927],[136.08446,35.64955],[136.08467,35.64955],[136.08477,35.64955],[136.08491,35.6496],[136.08506,35.64965],[136.08527,35.64972],[136.08551,35.64985],[136.08574,35.64995],[136.08594,35.65002],[136.0861,35.65008],[136.08631,35.65018],[136.08654,35.65029],[136.08678,35.65042],[136.08708,35.65055],[136.08734,35.65071],[136.0876,35.6508],[136.08784,35.6509],[136.08806,35.65099],[136.08838,35.65107],[136.08878,35.65118],[136.08914,35.65128],[136.08949,35.65134],[136.08989,35.65139],[136.09023,35.65144],[136.09048,35.65147],[136.09065,35.65149],[136.09077,35.6515],[136.09079,35.65148],[136.0908,35.65143],[136.09074,35.65141],[136.09061,35.65139],[136.09049,35.65139],[136.09039,35.65138],[136.09032,35.65137],[136.09027,35.65132],[136.09027,35.65125],[136.09029,35.65117],[136.09033,35.65104],[136.09037,35.65093]]]}},{"type":"Feature","properties":{"name":"藤ケ丘町","setai":218,"jinko":501,"key":"182020670","units":1,"m":260,"f":241,"gk":21,"a0":65,"a1":272,"a2":163,"a75":70,"ag":[28,16,21,8,13,18,32,40,30,24,22,28,57,59,34,27,17,15,9,1,1],"nf":1},"geometry":{"type":"Polygon","coordinates":[[[136.0882,35.65672],[136.08831,35.6566],[136.08839,35.6565],[136.08846,35.65641],[136.08855,35.65629],[136.08865,35.65618],[136.08876,35.65603],[136.08882,35.6559],[136.08886,35.65578],[136.08886,35.6557],[136.08883,35.6556],[136.08877,35.6555],[136.08867,35.6554],[136.08851,35.65525],[136.08843,35.65516],[136.08736,35.65509],[136.08729,35.65507],[136.08715,35.65489],[136.08685,35.65449],[136.08682,35.65439],[136.08677,35.65423],[136.08666,35.654],[136.08648,35.65373],[136.08624,35.65337],[136.08615,35.65325],[136.08595,35.65294],[136.08579,35.65269],[136.08528,35.65275],[136.08501,35.65279],[136.08484,35.65279],[136.08467,35.65282],[136.08442,35.65288],[136.08426,35.65292],[136.08415,35.6529],[136.08405,35.65286],[136.0839,35.65281],[136.08383,35.65279],[136.0838,35.65282],[136.08376,35.65289],[136.08375,35.65303],[136.08374,35.65313],[136.08375,35.65324],[136.08373,35.65334],[136.08374,35.65348],[136.08375,35.65366],[136.0838,35.6538],[136.08394,35.65398],[136.08403,35.65411],[136.08408,35.65423],[136.08413,35.65434],[136.0842,35.65441],[136.08446,35.65473],[136.08452,35.65484],[136.08454,35.65492],[136.08452,35.655],[136.0845,35.65506],[136.08447,35.6551],[136.08436,35.65542],[136.0843,35.65578],[136.08429,35.65587],[136.08429,35.65596],[136.08436,35.65607],[136.08444,35.65615],[136.08456,35.65622],[136.08473,35.65624],[136.08489,35.65625],[136.0851,35.65625],[136.0852,35.65627],[136.08526,35.6563],[136.08531,35.65634],[136.08533,35.65638],[136.08537,35.65643],[136.08542,35.65647],[136.08551,35.65652],[136.08557,35.65656],[136.08563,35.6566],[136.0857,35.65663],[136.08578,35.65668],[136.08586,35.65669],[136.08601,35.65668],[136.08611,35.65668],[136.08617,35.65669],[136.08622,35.65673],[136.08627,35.65675],[136.08632,35.65677],[136.0864,35.65679],[136.08646,35.65682],[136.08655,35.65704],[136.08662,35.65715],[136.0867,35.65722],[136.08679,35.65727],[136.08688,35.65728],[136.087,35.6573],[136.08716,35.65734],[136.08723,35.65735],[136.08727,35.65735],[136.08733,35.65731],[136.08738,35.65724],[136.08744,35.65716],[136.0875,35.65709],[136.08757,35.65702],[136.08767,35.65697],[136.08788,35.6569],[136.08802,35.65683],[136.08814,35.65677],[136.0882,35.65672]]]}},{"type":"Feature","properties":{"name":"余座","setai":143,"jinko":236,"key":"182020680","units":1,"m":163,"f":73,"gk":7,"a0":10,"a1":112,"a2":55,"a75":29,"ag":[4,2,4,7,17,9,10,4,11,19,9,10,16,19,7,9,7,6,6,1,0],"nf":59},"geometry":{"type":"Polygon","coordinates":[[[136.104,35.67505],[136.1039,35.67483],[136.10381,35.67465],[136.10375,35.67457],[136.10374,35.67454],[136.1037,35.67451],[136.1037,35.67451],[136.10369,35.67444],[136.1037,35.67434],[136.10369,35.67425],[136.1037,35.67417],[136.10372,35.67412],[136.10374,35.6741],[136.10379,35.67393],[136.10381,35.67381],[136.10383,35.67358],[136.10385,35.67288],[136.10385,35.67287],[136.10384,35.67274],[136.10383,35.67258],[136.10384,35.67247],[136.10389,35.67232],[136.10391,35.67226],[136.10393,35.67218],[136.10409,35.67171],[136.10413,35.67162],[136.10424,35.67133],[136.10428,35.67117],[136.10431,35.67104],[136.10431,35.67099],[136.10431,35.67092],[136.10427,35.67085],[136.10424,35.67082],[136.10421,35.67079],[136.10404,35.67057],[136.10401,35.67053],[136.10399,35.67048],[136.104,35.6704],[136.104,35.67036],[136.10398,35.67029],[136.10395,35.67023],[136.10393,35.67016],[136.1039,35.67009],[136.1039,35.67003],[136.10389,35.66996],[136.1039,35.6699],[136.10389,35.66984],[136.10389,35.66976],[136.10387,35.66971],[136.10386,35.66966],[136.10384,35.66957],[136.10381,35.66943],[136.1038,35.66937],[136.1038,35.66932],[136.10382,35.66922],[136.10382,35.66921],[136.10386,35.6691],[136.10396,35.66896],[136.10406,35.66883],[136.10428,35.66866],[136.10366,35.6687],[136.1036,35.66869],[136.10354,35.66868],[136.10349,35.66865],[136.10343,35.66861],[136.10339,35.66857],[136.10335,35.66851],[136.10334,35.66846],[136.10332,35.66832],[136.10329,35.66824],[136.10324,35.66814],[136.10318,35.66804],[136.10312,35.66793],[136.10308,35.66784],[136.10302,35.66779],[136.10289,35.66764],[136.10277,35.6675],[136.10271,35.66744],[136.10263,35.6674],[136.10256,35.66737],[136.10252,35.66736],[136.10245,35.66732],[136.10239,35.66729],[136.10228,35.6672],[136.10222,35.66714],[136.10217,35.66707],[136.10208,35.66691],[136.102,35.66669],[136.10199,35.66665],[136.10197,35.66662],[136.1019,35.66653],[136.10178,35.66637],[136.10176,35.66633],[136.10174,35.6663],[136.10173,35.66624],[136.10173,35.66613],[136.10173,35.66605],[136.10172,35.66601],[136.1017,35.66598],[136.10167,35.66592],[136.10161,35.66584],[136.10155,35.66577],[136.10143,35.66566],[136.1014,35.66561],[136.10133,35.66561],[136.1012,35.66553],[136.10104,35.66544],[136.10098,35.6654],[136.10094,35.66537],[136.10086,35.66528],[136.1008,35.66522],[136.10073,35.66515],[136.10066,35.66511],[136.10058,35.66507],[136.10048,35.66505],[136.10033,35.66505],[136.09996,35.66509],[136.09983,35.66507],[136.09975,35.66505],[136.09973,35.66505],[136.09966,35.66501],[136.09958,35.66499],[136.09931,35.66487],[136.09926,35.66485],[136.09915,35.66483],[136.09908,35.66481],[136.09897,35.6648],[136.09891,35.6648],[136.09882,35.66481],[136.09878,35.66482],[136.09875,35.66485],[136.0987,35.66489],[136.09866,35.66494],[136.09862,35.66499],[136.09862,35.66501],[136.09859,35.66506],[136.09858,35.66513],[136.09857,35.6652],[136.09856,35.66529],[136.09858,35.66545],[136.09863,35.66565],[136.09865,35.66573],[136.09868,35.66583],[136.09869,35.66593],[136.0987,35.66598],[136.09872,35.66605],[136.09875,35.6661],[136.09877,35.66618],[136.09878,35.66625],[136.09876,35.66632],[136.09873,35.6664],[136.0987,35.66646],[136.09868,35.66653],[136.09869,35.66662],[136.09874,35.66678],[136.09877,35.66692],[136.0988,35.66707],[136.09883,35.66727],[136.09883,35.6673],[136.09881,35.66743],[136.09878,35.66749],[136.09875,35.66749],[136.09873,35.66748],[136.09872,35.66747],[136.09869,35.66739],[136.09853,35.66695],[136.09844,35.66674],[136.09841,35.66667],[136.09831,35.66642],[136.09827,35.66634],[136.09823,35.66624],[136.09818,35.66617],[136.09812,35.66611],[136.09809,35.66608],[136.09803,35.66601],[136.09797,35.66596],[136.09785,35.6658],[136.09772,35.66561],[136.0977,35.66556],[136.09766,35.6655],[136.09761,35.66534],[136.09755,35.66511],[136.09757,35.66491],[136.09746,35.66471],[136.09741,35.66444],[136.09739,35.66429],[136.09738,35.66416],[136.09738,35.66397],[136.09737,35.66387],[136.09738,35.66377],[136.09738,35.66375],[136.09737,35.66367],[136.09735,35.66361],[136.0973,35.66355],[136.09719,35.66343],[136.09705,35.66329],[136.097,35.6632],[136.09697,35.66314],[136.0969,35.66307],[136.09674,35.66292],[136.09666,35.66281],[136.09653,35.66262],[136.09644,35.6625],[136.09625,35.66248],[136.09615,35.66252],[136.09607,35.6626],[136.09592,35.66275],[136.09528,35.6634],[136.09507,35.66361],[136.09481,35.66377],[136.09448,35.66392],[136.09414,35.66406],[136.09361,35.66422],[136.09336,35.66433],[136.09292,35.66473],[136.09252,35.66521],[136.09245,35.66525],[136.09237,35.66534],[136.09227,35.66561],[136.09214,35.66577],[136.09213,35.66585],[136.09208,35.66612],[136.09199,35.66646],[136.09186,35.66676],[136.09177,35.66691],[136.09172,35.66713],[136.09165,35.66726],[136.09152,35.66734],[136.09145,35.66735],[136.09136,35.66735],[136.09124,35.66728],[136.09112,35.66719],[136.09097,35.66707],[136.09075,35.66695],[136.09049,35.66685],[136.09022,35.66677],[136.08994,35.66673],[136.08977,35.66667],[136.08966,35.66658],[136.08947,35.66638],[136.08933,35.6662],[136.08922,35.66596],[136.08905,35.66536],[136.08891,35.66499],[136.08873,35.66467],[136.08824,35.66396],[136.08798,35.66365],[136.08766,35.66332],[136.08705,35.66274],[136.08654,35.66225],[136.08631,35.66197],[136.08608,35.66161],[136.0855,35.66056],[136.08515,35.66005],[136.08506,35.65992],[136.08488,35.65968],[136.08483,35.65959],[136.0848,35.6595],[136.08479,35.65942],[136.08482,35.65933],[136.08496,35.65926],[136.08511,35.65925],[136.08646,35.65929],[136.08658,35.65927],[136.08671,35.65923],[136.08685,35.65914],[136.08705,35.65903],[136.08726,35.65899],[136.0874,35.65898],[136.08755,35.65899],[136.08766,35.65891],[136.08784,35.65872],[136.08797,35.6587],[136.08808,35.65874],[136.0882,35.65881],[136.08854,35.65903],[136.08876,35.65907],[136.08883,35.65898],[136.08882,35.65887],[136.08878,35.65871],[136.08876,35.65855],[136.08875,35.65843],[136.08866,35.65833],[136.08855,35.65828],[136.0885,35.65817],[136.0885,35.65806],[136.08839,35.65791],[136.08835,35.65778],[136.08834,35.6577],[136.08822,35.65759],[136.08811,35.65751],[136.08813,35.65727],[136.08818,35.6572],[136.08841,35.6571],[136.08864,35.65704],[136.08886,35.65696],[136.08888,35.65691],[136.08889,35.65684],[136.08897,35.65668],[136.08885,35.65658],[136.08874,35.65655],[136.08861,35.65653],[136.08852,35.65656],[136.08814,35.65677],[136.08802,35.65683],[136.08788,35.6569],[136.08767,35.65697],[136.08757,35.65702],[136.0875,35.65709],[136.08744,35.65716],[136.08738,35.65724],[136.08733,35.65731],[136.08727,35.65735],[136.08723,35.65735],[136.08716,35.65734],[136.087,35.6573],[136.08688,35.65728],[136.08679,35.65727],[136.0867,35.65722],[136.08662,35.65715],[136.08655,35.65704],[136.08646,35.65682],[136.0864,35.65679],[136.08632,35.65677],[136.08627,35.65675],[136.08622,35.65673],[136.08617,35.65669],[136.08611,35.65668],[136.08601,35.65668],[136.08586,35.65669],[136.08578,35.65668],[136.0857,35.65663],[136.08563,35.6566],[136.08557,35.65656],[136.08551,35.65652],[136.08542,35.65647],[136.08537,35.65643],[136.08533,35.65638],[136.08531,35.65634],[136.08526,35.6563],[136.0852,35.65627],[136.0851,35.65625],[136.08489,35.65625],[136.08473,35.65624],[136.08456,35.65622],[136.08444,35.65615],[136.08436,35.65607],[136.08429,35.65596],[136.08429,35.65587],[136.0843,35.65578],[136.08436,35.65542],[136.08447,35.6551],[136.0845,35.65506],[136.08452,35.655],[136.08454,35.65492],[136.08452,35.65484],[136.08446,35.65473],[136.0842,35.65441],[136.08413,35.65434],[136.08408,35.65423],[136.08403,35.65411],[136.08394,35.65398],[136.0838,35.6538],[136.08375,35.65366],[136.08374,35.65348],[136.08373,35.65334],[136.08375,35.65324],[136.08374,35.65313],[136.08375,35.65303],[136.08376,35.65289],[136.0838,35.65282],[136.08383,35.65279],[136.0839,35.65281],[136.08405,35.65286],[136.08415,35.6529],[136.08426,35.65292],[136.08442,35.65288],[136.08467,35.65282],[136.08484,35.65279],[136.08501,35.65279],[136.08528,35.65275],[136.08579,35.65269],[136.08595,35.65294],[136.08615,35.65325],[136.08624,35.65337],[136.08648,35.65373],[136.08666,35.654],[136.08677,35.65423],[136.08682,35.65439],[136.08685,35.65449],[136.08715,35.65489],[136.08729,35.65507],[136.08736,35.65509],[136.08843,35.65516],[136.08833,35.65501],[136.08828,35.65482],[136.08834,35.65469],[136.08839,35.6546],[136.08846,35.65454],[136.08853,35.65452],[136.08859,35.65451],[136.08865,35.65452],[136.08872,35.65456],[136.08882,35.65463],[136.08891,35.65474],[136.08896,35.65482],[136.08901,35.65488],[136.08908,35.6549],[136.08917,35.65494],[136.08927,35.65496],[136.08937,35.65501],[136.08944,35.65507],[136.08949,35.65511],[136.08955,35.65512],[136.08962,35.65513],[136.08957,35.65449],[136.08966,35.65449],[136.09004,35.65449],[136.09009,35.65293],[136.09033,35.65292],[136.09036,35.65265],[136.09047,35.65266],[136.09063,35.65267],[136.09063,35.65246],[136.09065,35.65149],[136.09048,35.65147],[136.09023,35.65144],[136.08989,35.65139],[136.08949,35.65134],[136.08914,35.65128],[136.08878,35.65118],[136.08838,35.65107],[136.08806,35.65099],[136.08784,35.6509],[136.0876,35.6508],[136.08734,35.65071],[136.08708,35.65055],[136.08678,35.65042],[136.08654,35.65029],[136.08631,35.65018],[136.0861,35.65008],[136.08594,35.65002],[136.08574,35.64995],[136.08551,35.64985],[136.08527,35.64972],[136.08506,35.64965],[136.08491,35.6496],[136.08477,35.64955],[136.08467,35.64955],[136.08446,35.64955],[136.08442,35.6496],[136.08427,35.64975],[136.08416,35.64976],[136.08402,35.64975],[136.08389,35.64975],[136.08375,35.64978],[136.08371,35.64985],[136.08365,35.64989],[136.08355,35.64992],[136.08349,35.64993],[136.08339,35.64997],[136.08315,35.65001],[136.08305,35.65004],[136.083,35.65009],[136.0829,35.6502],[136.08289,35.65023],[136.08292,35.65027],[136.08302,35.65043],[136.08302,35.65048],[136.083,35.65051],[136.08295,35.65055],[136.08293,35.65055],[136.08286,35.65054],[136.08272,35.65054],[136.08258,35.65053],[136.08248,35.65052],[136.08238,35.65048],[136.0823,35.65045],[136.08224,35.6504],[136.08216,35.65039],[136.0821,35.65041],[136.08202,35.65047],[136.08196,35.65054],[136.08185,35.65078],[136.08172,35.65095],[136.08165,35.65111],[136.08158,35.65134],[136.08142,35.65179],[136.08141,35.65193],[136.08147,35.65209],[136.08149,35.65215],[136.08151,35.65219],[136.08153,35.6523],[136.08157,35.6524],[136.08158,35.65245],[136.08157,35.65252],[136.08152,35.65263],[136.0815,35.65265],[136.08146,35.6527],[136.08143,35.65275],[136.08141,35.65278],[136.08139,35.65281],[136.08136,35.65285],[136.08133,35.65287],[136.0813,35.65289],[136.08126,35.65291],[136.08117,35.65293],[136.08107,35.65297],[136.08103,35.653],[136.08099,35.65303],[136.08079,35.65318],[136.08078,35.65318],[136.08066,35.65322],[136.0806,35.65323],[136.08058,35.65323],[136.08064,35.65326],[136.08068,35.65331],[136.08079,35.65341],[136.08115,35.6536],[136.08142,35.6538],[136.08164,35.65396],[136.08167,35.65398],[136.08189,35.65415],[136.08215,35.65438],[136.08235,35.65456],[136.08256,35.65479],[136.08276,35.65502],[136.08293,35.65524],[136.08309,35.65546],[136.08322,35.65571],[136.08332,35.65595],[136.08337,35.65615],[136.08346,35.65638],[136.0835,35.65661],[136.08349,35.65685],[136.08347,35.65709],[136.08342,35.65734],[136.08334,35.65758],[136.0832,35.65786],[136.08303,35.6581],[136.08285,35.65834],[136.08255,35.65858],[136.08226,35.65881],[136.08201,35.65899],[136.08169,35.65921],[136.0813,35.65943],[136.08095,35.65965],[136.08069,35.65977],[136.08053,35.65984],[136.08081,35.66001],[136.08096,35.66023],[136.08117,35.66074],[136.08128,35.66087],[136.08141,35.66106],[136.08156,35.6614],[136.08165,35.6615],[136.08192,35.66203],[136.08234,35.66249],[136.08376,35.66352],[136.08461,35.66413],[136.0853,35.66461],[136.08566,35.66491],[136.08605,35.66528],[136.08616,35.66545],[136.0861,35.66565],[136.08567,35.66618],[136.08549,35.66647],[136.08516,35.66764],[136.0851,35.66793],[136.0851,35.66801],[136.08515,35.66807],[136.08524,35.66821],[136.08538,35.66838],[136.08567,35.66866],[136.08615,35.66909],[136.0863,35.6692],[136.08647,35.6693],[136.08664,35.66939],[136.08683,35.66948],[136.08702,35.66956],[136.08711,35.66959],[136.08722,35.66962],[136.08727,35.66964],[136.08745,35.66969],[136.0876,35.66973],[136.0877,35.66974],[136.08781,35.66974],[136.08795,35.66973],[136.08841,35.66971],[136.08853,35.66971],[136.08865,35.66975],[136.08887,35.66985],[136.08922,35.67003],[136.08956,35.67019],[136.08999,35.67038],[136.09021,35.67051],[136.09038,35.6706],[136.09059,35.67083],[136.09086,35.67085],[136.09102,35.67091],[136.09117,35.67092],[136.09126,35.67096],[136.09145,35.67095],[136.09175,35.671],[136.09184,35.67093],[136.09199,35.67097],[136.09212,35.67104],[136.09217,35.67106],[136.09235,35.67122],[136.09243,35.67126],[136.09255,35.67131],[136.0926,35.67133],[136.09265,35.67142],[136.0928,35.67142],[136.09299,35.67153],[136.09285,35.67168],[136.09305,35.67185],[136.09341,35.67181],[136.09361,35.67196],[136.09373,35.67206],[136.09386,35.6722],[136.09407,35.67247],[136.09417,35.67257],[136.09432,35.67269],[136.09451,35.67295],[136.0949,35.6732],[136.0953,35.67341],[136.09541,35.67344],[136.09554,35.67361],[136.0958,35.67394],[136.09603,35.67424],[136.09608,35.67435],[136.09617,35.67453],[136.09626,35.67467],[136.09634,35.67479],[136.09646,35.67488],[136.09658,35.67494],[136.09674,35.67499],[136.09693,35.67504],[136.09746,35.67511],[136.09763,35.67511],[136.09778,35.67509],[136.09798,35.6751],[136.09818,35.67512],[136.09858,35.6752],[136.09877,35.67523],[136.09897,35.67527],[136.09906,35.67528],[136.09915,35.67527],[136.09934,35.67526],[136.09953,35.67523],[136.09962,35.6752],[136.09972,35.67515],[136.10016,35.67499],[136.10019,35.67498],[136.10026,35.67498],[136.10031,35.67497],[136.10042,35.67497],[136.10059,35.67498],[136.10081,35.67501],[136.10096,35.67505],[136.10109,35.67511],[136.10122,35.6752],[136.10141,35.6754],[136.10153,35.6755],[136.10165,35.67558],[136.1018,35.67565],[136.10223,35.67582],[136.10239,35.67585],[136.10265,35.67588],[136.10273,35.67587],[136.10284,35.67585],[136.10288,35.67583],[136.10295,35.67579],[136.10323,35.67555],[136.10324,35.67554],[136.10328,35.67552],[136.1034,35.67551],[136.10366,35.6755],[136.10376,35.67549],[136.10381,35.67546],[136.10387,35.67541],[136.104,35.67516],[136.10401,35.67511],[136.104,35.67505]]]}},{"type":"Feature","properties":{"name":"大蔵","setai":27,"jinko":66,"key":"182020690","units":1,"m":33,"f":33,"gk":0,"a0":5,"a1":34,"a2":27,"a75":9,"ag":[1,3,1,1,6,4,1,2,1,5,4,3,7,9,9,7,1,1,0,0,0]},"geometry":{"type":"Polygon","coordinates":[[[136.09615,35.66252],[136.09625,35.66248],[136.09644,35.6625],[136.09651,35.6625],[136.09656,35.66246],[136.09656,35.6624],[136.09655,35.66233],[136.09659,35.66224],[136.09663,35.66215],[136.09671,35.66207],[136.09685,35.66195],[136.09701,35.66176],[136.09712,35.66156],[136.09717,35.66146],[136.09719,35.66134],[136.09721,35.66129],[136.09724,35.66125],[136.09728,35.66121],[136.09738,35.66115],[136.09753,35.66109],[136.09785,35.66111],[136.09795,35.66111],[136.09797,35.66106],[136.09803,35.66096],[136.09808,35.66084],[136.09818,35.66068],[136.09824,35.66053],[136.09836,35.66034],[136.09845,35.66016],[136.09847,35.66006],[136.09854,35.65989],[136.09862,35.65967],[136.0987,35.65932],[136.09874,35.65912],[136.09878,35.65885],[136.0988,35.65857],[136.09877,35.65823],[136.09872,35.65792],[136.09869,35.65774],[136.09861,35.65753],[136.09842,35.65709],[136.09839,35.65697],[136.09831,35.65679],[136.09821,35.65665],[136.09812,35.65649],[136.09799,35.65632],[136.09785,35.65611],[136.09774,35.65593],[136.09753,35.65568],[136.09726,35.65532],[136.09684,35.65475],[136.0966,35.6544],[136.09638,35.65409],[136.09621,35.6538],[136.09608,35.65359],[136.09593,35.6533],[136.0958,35.65304],[136.09572,35.65281],[136.0956,35.65249],[136.09551,35.65222],[136.09548,35.6521],[136.0954,35.65175],[136.09538,35.6515],[136.09513,35.65136],[136.09494,35.6513],[136.09467,35.65122],[136.09442,35.65114],[136.09415,35.65107],[136.0939,35.65105],[136.09365,35.65103],[136.09344,35.65104],[136.09318,35.65106],[136.09296,35.65109],[136.09266,35.65113],[136.09238,35.65118],[136.09214,35.65119],[136.09186,35.65119],[136.09166,35.65118],[136.0914,35.65115],[136.09112,35.65115],[136.09086,35.65108],[136.09064,35.65102],[136.09037,35.65093],[136.09033,35.65104],[136.09029,35.65117],[136.09027,35.65125],[136.09027,35.65132],[136.09032,35.65137],[136.09039,35.65138],[136.09049,35.65139],[136.09061,35.65139],[136.09074,35.65141],[136.0908,35.65143],[136.09079,35.65148],[136.09077,35.6515],[136.09065,35.65149],[136.09063,35.65246],[136.09063,35.65267],[136.09047,35.65266],[136.09036,35.65265],[136.09033,35.65292],[136.09009,35.65293],[136.09004,35.65449],[136.08966,35.65449],[136.08957,35.65449],[136.08962,35.65513],[136.08955,35.65512],[136.08949,35.65511],[136.08944,35.65507],[136.08937,35.65501],[136.08927,35.65496],[136.08917,35.65494],[136.08908,35.6549],[136.08901,35.65488],[136.08896,35.65482],[136.08891,35.65474],[136.08882,35.65463],[136.08872,35.65456],[136.08865,35.65452],[136.08859,35.65451],[136.08853,35.65452],[136.08846,35.65454],[136.08839,35.6546],[136.08834,35.65469],[136.08828,35.65482],[136.08833,35.65501],[136.08843,35.65516],[136.08851,35.65525],[136.08867,35.6554],[136.08877,35.6555],[136.08883,35.6556],[136.08886,35.6557],[136.08886,35.65578],[136.08882,35.6559],[136.08876,35.65603],[136.08865,35.65618],[136.08855,35.65629],[136.08846,35.65641],[136.08839,35.6565],[136.08831,35.6566],[136.0882,35.65672],[136.08814,35.65677],[136.08852,35.65656],[136.08861,35.65653],[136.08874,35.65655],[136.08885,35.65658],[136.08897,35.65668],[136.08889,35.65684],[136.08888,35.65691],[136.08886,35.65696],[136.08864,35.65704],[136.08841,35.6571],[136.08818,35.6572],[136.08813,35.65727],[136.08811,35.65751],[136.08822,35.65759],[136.08834,35.6577],[136.08835,35.65778],[136.08839,35.65791],[136.0885,35.65806],[136.0885,35.65817],[136.08855,35.65828],[136.08866,35.65833],[136.08875,35.65843],[136.08876,35.65855],[136.08878,35.65871],[136.08882,35.65887],[136.08883,35.65898],[136.08876,35.65907],[136.08854,35.65903],[136.0882,35.65881],[136.08808,35.65874],[136.08797,35.6587],[136.08784,35.65872],[136.08766,35.65891],[136.08755,35.65899],[136.0874,35.65898],[136.08726,35.65899],[136.08705,35.65903],[136.08685,35.65914],[136.08671,35.65923],[136.08658,35.65927],[136.08646,35.65929],[136.08511,35.65925],[136.08496,35.65926],[136.08482,35.65933],[136.08479,35.65942],[136.0848,35.6595],[136.08483,35.65959],[136.08488,35.65968],[136.08506,35.65992],[136.08515,35.66005],[136.0855,35.66056],[136.08608,35.66161],[136.08631,35.66197],[136.08654,35.66225],[136.08705,35.66274],[136.08766,35.66332],[136.08798,35.66365],[136.08824,35.66396],[136.08873,35.66467],[136.08891,35.66499],[136.08905,35.66536],[136.08922,35.66596],[136.08933,35.6662],[136.08947,35.66638],[136.08966,35.66658],[136.08977,35.66667],[136.08994,35.66673],[136.09022,35.66677],[136.09049,35.66685],[136.09075,35.66695],[136.09097,35.66707],[136.09112,35.66719],[136.09124,35.66728],[136.09136,35.66735],[136.09145,35.66735],[136.09152,35.66734],[136.09165,35.66726],[136.09172,35.66713],[136.09177,35.66691],[136.09186,35.66676],[136.09199,35.66646],[136.09208,35.66612],[136.09213,35.66585],[136.09214,35.66577],[136.09227,35.66561],[136.09237,35.66534],[136.09245,35.66525],[136.09252,35.66521],[136.09292,35.66473],[136.09336,35.66433],[136.09361,35.66422],[136.09414,35.66406],[136.09448,35.66392],[136.09481,35.66377],[136.09507,35.66361],[136.09528,35.6634],[136.09592,35.66275],[136.09607,35.6626],[136.09615,35.66252]]]}},{"type":"Feature","properties":{"name":"中","setai":111,"jinko":269,"key":"182020700","units":1,"m":129,"f":140,"gk":3,"a0":31,"a1":148,"a2":90,"a75":40,"ag":[11,11,9,9,10,3,18,12,15,18,18,17,28,27,23,17,9,10,3,0,1]},"geometry":{"type":"Polygon","coordinates":[[[136.08596,35.64046],[136.08592,35.64033],[136.08593,35.64021],[136.086,35.64009],[136.08608,35.63996],[136.0861,35.63987],[136.0861,35.63968],[136.08607,35.63959],[136.08599,35.6395],[136.08592,35.63948],[136.08591,35.63948],[136.08572,35.63949],[136.08561,35.63955],[136.08543,35.63966],[136.08532,35.63982],[136.0853,35.63985],[136.0853,35.63988],[136.08529,35.63991],[136.08533,35.64012],[136.08468,35.64039],[136.0846,35.6404],[136.08457,35.64039],[136.08453,35.64037],[136.08448,35.64033],[136.08444,35.64022],[136.08407,35.6394],[136.08357,35.6383],[136.08352,35.63818],[136.08349,35.6382],[136.08344,35.63829],[136.08336,35.63849],[136.08326,35.6387],[136.08318,35.63886],[136.08308,35.63903],[136.08296,35.63924],[136.08282,35.63937],[136.08168,35.64042],[136.08156,35.64053],[136.08405,35.64236],[136.08417,35.64245],[136.08428,35.64252],[136.08411,35.64277],[136.0841,35.64282],[136.08411,35.64292],[136.08404,35.64303],[136.08394,35.64322],[136.08385,35.64333],[136.08323,35.6439],[136.08308,35.64408],[136.08302,35.64417],[136.08302,35.64424],[136.08302,35.64431],[136.08304,35.64439],[136.08312,35.64446],[136.08318,35.6445],[136.08324,35.64454],[136.08332,35.6446],[136.08336,35.64466],[136.08339,35.64471],[136.08341,35.64476],[136.08342,35.64476],[136.08366,35.64477],[136.08382,35.6448],[136.08395,35.64484],[136.08405,35.6449],[136.08414,35.64497],[136.08418,35.64506],[136.08419,35.64518],[136.08414,35.64687],[136.08417,35.647],[136.08421,35.64707],[136.08431,35.64711],[136.08444,35.64714],[136.08458,35.64722],[136.08462,35.64729],[136.08464,35.64736],[136.08464,35.64743],[136.08463,35.64763],[136.08464,35.64769],[136.08466,35.64771],[136.08473,35.64773],[136.0851,35.64781],[136.08532,35.64787],[136.08537,35.64792],[136.08539,35.64798],[136.08534,35.64806],[136.08551,35.6481],[136.08576,35.64817],[136.08607,35.64825],[136.08632,35.64834],[136.08655,35.64842],[136.08681,35.64853],[136.08681,35.64824],[136.08679,35.64803],[136.0868,35.64783],[136.08683,35.64765],[136.08691,35.64748],[136.08699,35.64738],[136.0871,35.64727],[136.08729,35.64718],[136.08749,35.64715],[136.09091,35.64674],[136.09098,35.64669],[136.09099,35.64663],[136.09096,35.64652],[136.09094,35.64642],[136.09098,35.64632],[136.09109,35.64622],[136.09124,35.6461],[136.09145,35.64593],[136.0913,35.64587],[136.0912,35.64582],[136.091,35.64575],[136.09078,35.64571],[136.09065,35.64569],[136.09048,35.64565],[136.09034,35.64564],[136.09015,35.6456],[136.08998,35.64554],[136.08988,35.64545],[136.08978,35.64533],[136.0897,35.64523],[136.08963,35.64515],[136.0895,35.64508],[136.08932,35.64501],[136.08916,35.64494],[136.08902,35.64487],[136.08887,35.64477],[136.08878,35.64462],[136.08872,35.64445],[136.08867,35.64435],[136.08862,35.6443],[136.08848,35.64422],[136.08833,35.64416],[136.08823,35.64404],[136.08817,35.64393],[136.08812,35.64381],[136.08806,35.64372],[136.0879,35.64353],[136.08772,35.64326],[136.08765,35.64314],[136.0876,35.64302],[136.08755,35.64289],[136.08747,35.64278],[136.08736,35.6427],[136.08727,35.64257],[136.0872,35.64247],[136.08713,35.64231],[136.08704,35.64203],[136.08697,35.6419],[136.08678,35.64171],[136.0865,35.64144],[136.08618,35.64113],[136.08609,35.641],[136.08602,35.64084],[136.08601,35.64073],[136.08603,35.64061],[136.08596,35.64046]]]}},{"type":"Feature","properties":{"name":"井川","setai":48,"jinko":127,"key":"182020710","units":1,"m":66,"f":61,"gk":5,"a0":15,"a1":70,"a2":41,"a75":26,"ag":[4,6,5,4,6,3,6,5,7,10,14,3,12,9,6,9,8,3,4,2,0],"nf":1},"geometry":{"type":"Polygon","coordinates":[[[136.09658,35.64964],[136.09657,35.64933],[136.09643,35.64886],[136.09633,35.64868],[136.09626,35.64839],[136.09626,35.64811],[136.09625,35.64796],[136.09626,35.64787],[136.09627,35.64779],[136.09628,35.64775],[136.09629,35.6477],[136.09628,35.64766],[136.09628,35.6476],[136.09631,35.64751],[136.0964,35.6474],[136.09643,35.64734],[136.09648,35.64717],[136.09651,35.64713],[136.09662,35.647],[136.09689,35.64686],[136.0972,35.64657],[136.09723,35.64649],[136.09724,35.6464],[136.09724,35.64628],[136.09725,35.64623],[136.09728,35.64618],[136.0973,35.64617],[136.09753,35.64617],[136.09771,35.64617],[136.0984,35.64619],[136.09858,35.64617],[136.09875,35.64613],[136.09881,35.64608],[136.09881,35.64605],[136.09872,35.64597],[136.09857,35.64586],[136.09848,35.64579],[136.09838,35.64573],[136.09827,35.6457],[136.0982,35.64567],[136.09809,35.6455],[136.09798,35.64547],[136.09774,35.64546],[136.09661,35.6454],[136.09627,35.64538],[136.09602,35.64535],[136.09554,35.64529],[136.09528,35.64526],[136.09514,35.64525],[136.09495,35.64524],[136.09481,35.64527],[136.09462,35.64532],[136.09433,35.64542],[136.0941,35.64547],[136.0939,35.64547],[136.09372,35.64548],[136.0935,35.64548],[136.09325,35.64546],[136.09297,35.64544],[136.09264,35.64548],[136.09253,35.64551],[136.09203,35.64565],[136.09177,35.64578],[136.09162,35.64585],[136.09145,35.64593],[136.09124,35.6461],[136.09109,35.64622],[136.09098,35.64632],[136.09094,35.64642],[136.09096,35.64652],[136.09099,35.64663],[136.09098,35.64669],[136.09091,35.64674],[136.08749,35.64715],[136.08729,35.64718],[136.0871,35.64727],[136.08699,35.64738],[136.08691,35.64748],[136.08683,35.64765],[136.0868,35.64783],[136.08679,35.64803],[136.08681,35.64824],[136.08681,35.64853],[136.08709,35.64869],[136.08737,35.64886],[136.08763,35.64904],[136.08795,35.64922],[136.08828,35.64945],[136.08848,35.64961],[136.08873,35.64979],[136.08897,35.64996],[136.08921,35.65015],[136.08947,35.65035],[136.08996,35.65069],[136.09017,35.65083],[136.09037,35.65093],[136.09064,35.65102],[136.09086,35.65108],[136.09112,35.65115],[136.0914,35.65115],[136.09166,35.65118],[136.09186,35.65119],[136.09214,35.65119],[136.09238,35.65118],[136.09266,35.65113],[136.09296,35.65109],[136.09318,35.65106],[136.09344,35.65104],[136.09365,35.65103],[136.0939,35.65105],[136.09415,35.65107],[136.09442,35.65114],[136.09467,35.65122],[136.09494,35.6513],[136.09513,35.65136],[136.09538,35.6515],[136.09533,35.65117],[136.09531,35.65094],[136.09528,35.65068],[136.09527,35.65038],[136.09528,35.65029],[136.09534,35.6502],[136.0955,35.65009],[136.09564,35.64999],[136.09575,35.64994],[136.09605,35.64986],[136.09629,35.64979],[136.09643,35.64976],[136.09652,35.64973],[136.09656,35.64969],[136.09658,35.64964]]]}},{"type":"Feature","properties":{"name":"高野","setai":43,"jinko":135,"key":"182020720","units":1,"m":68,"f":67,"gk":1,"a0":17,"a1":55,"a2":63,"a75":33,"ag":[3,6,8,4,2,3,6,8,6,13,5,3,5,12,18,4,8,8,9,4,0]},"geometry":{"type":"Polygon","coordinates":[[[136.10069,35.64527],[136.10077,35.64521],[136.10093,35.64512],[136.10125,35.64492],[136.1014,35.6448],[136.10152,35.64467],[136.10162,35.6445],[136.10166,35.64435],[136.10171,35.64426],[136.10183,35.64414],[136.10199,35.64395],[136.10208,35.64374],[136.10211,35.64365],[136.10215,35.64358],[136.1022,35.64353],[136.10227,35.64348],[136.10249,35.64337],[136.10238,35.64331],[136.10209,35.64339],[136.10202,35.6434],[136.102,35.64339],[136.10195,35.64338],[136.10191,35.64336],[136.10189,35.64332],[136.10186,35.64328],[136.10183,35.64327],[136.10181,35.64328],[136.1018,35.6433],[136.10181,35.64335],[136.10183,35.64348],[136.10181,35.64356],[136.10177,35.64365],[136.10172,35.64372],[136.10139,35.64401],[136.10109,35.64422],[136.10102,35.64424],[136.10095,35.64424],[136.1007,35.64418],[136.10062,35.64416],[136.10059,35.64416],[136.10057,35.64417],[136.10056,35.64419],[136.10057,35.64422],[136.1006,35.6443],[136.1006,35.64438],[136.10057,35.64447],[136.10048,35.64459],[136.10021,35.64477],[136.10012,35.64484],[136.09979,35.64499],[136.09971,35.64501],[136.09959,35.64501],[136.09946,35.645],[136.09934,35.64499],[136.09924,35.64499],[136.09911,35.64503],[136.09894,35.64507],[136.09879,35.64508],[136.09867,35.64507],[136.09851,35.64505],[136.09846,35.64504],[136.09839,35.64503],[136.09829,35.64502],[136.09815,35.64501],[136.09807,35.64497],[136.09805,35.64492],[136.09804,35.6448],[136.0981,35.64453],[136.09815,35.64431],[136.09831,35.64405],[136.09835,35.64401],[136.09836,35.64397],[136.09834,35.64388],[136.09831,35.64383],[136.09826,35.6438],[136.0982,35.64378],[136.09802,35.64376],[136.09771,35.64373],[136.09761,35.64374],[136.09746,35.64377],[136.09726,35.64381],[136.09721,35.64381],[136.09715,35.64378],[136.09711,35.64374],[136.09708,35.64371],[136.09706,35.64366],[136.09705,35.6436],[136.09703,35.64354],[136.09703,35.64347],[136.0971,35.64328],[136.09711,35.64322],[136.09709,35.64318],[136.09706,35.64314],[136.09701,35.64309],[136.09692,35.64303],[136.09686,35.64299],[136.09683,35.64293],[136.09682,35.64288],[136.09682,35.64277],[136.09681,35.64264],[136.0968,35.64258],[136.09678,35.64252],[136.09674,35.64239],[136.09673,35.64235],[136.09673,35.64225],[136.09673,35.6422],[136.09672,35.64217],[136.09667,35.64213],[136.09662,35.64207],[136.09656,35.64201],[136.09652,35.64194],[136.09648,35.64183],[136.09647,35.64179],[136.09645,35.64172],[136.09641,35.64169],[136.09633,35.64163],[136.09629,35.64157],[136.09627,35.64154],[136.09625,35.64149],[136.0962,35.64145],[136.09612,35.6414],[136.09601,35.64134],[136.09584,35.64122],[136.09571,35.64113],[136.09553,35.64098],[136.09549,35.64089],[136.09548,35.6409],[136.09546,35.64081],[136.09545,35.64078],[136.09543,35.64068],[136.09549,35.64024],[136.09551,35.64016],[136.0955,35.64007],[136.09546,35.63999],[136.09542,35.63997],[136.09537,35.63998],[136.09526,35.64001],[136.09519,35.64001],[136.09512,35.63999],[136.09503,35.63994],[136.09493,35.63986],[136.0947,35.63963],[136.09466,35.63958],[136.09464,35.63951],[136.09461,35.63942],[136.09461,35.63934],[136.09457,35.63929],[136.09453,35.63924],[136.09445,35.63903],[136.09444,35.63901],[136.09444,35.63888],[136.09444,35.63882],[136.09443,35.63876],[136.0944,35.6387],[136.09421,35.63837],[136.094,35.63803],[136.09396,35.63795],[136.09395,35.63789],[136.09394,35.63777],[136.09397,35.63758],[136.09398,35.63755],[136.09398,35.63751],[136.09397,35.63747],[136.09395,35.63745],[136.09394,35.63745],[136.09384,35.6374],[136.09375,35.63734],[136.0935,35.63712],[136.09344,35.63705],[136.09342,35.63702],[136.09338,35.637],[136.09327,35.63688],[136.09325,35.63687],[136.09324,35.63684],[136.09322,35.63679],[136.09321,35.6367],[136.09322,35.63661],[136.09322,35.63653],[136.09321,35.6365],[136.0932,35.63645],[136.09319,35.63639],[136.0932,35.63631],[136.09323,35.63618],[136.09325,35.63615],[136.09331,35.63612],[136.09337,35.63609],[136.0934,35.63608],[136.09342,35.63605],[136.09342,35.63598],[136.09339,35.63587],[136.09346,35.63561],[136.09346,35.63552],[136.09346,35.63547],[136.09346,35.63543],[136.09345,35.63538],[136.09342,35.63534],[136.09338,35.63532],[136.09336,35.63531],[136.09335,35.63532],[136.09331,35.63534],[136.09327,35.63537],[136.09325,35.63539],[136.09309,35.63554],[136.09306,35.63557],[136.09301,35.63558],[136.09297,35.63558],[136.09282,35.6355],[136.09264,35.63539],[136.09239,35.63528],[136.09221,35.6352],[136.09203,35.63515],[136.09186,35.63514],[136.09179,35.63514],[136.09175,35.63514],[136.09164,35.63514],[136.09158,35.63516],[136.09147,35.63523],[136.09144,35.63524],[136.09139,35.63527],[136.0913,35.63527],[136.09122,35.63525],[136.09116,35.63522],[136.09112,35.63519],[136.09107,35.63507],[136.09104,35.63503],[136.09099,35.63502],[136.09094,35.63503],[136.09083,35.63503],[136.09075,35.63504],[136.09064,35.63506],[136.0905,35.63506],[136.09036,35.63505],[136.0902,35.63504],[136.09007,35.63502],[136.09001,35.63497],[136.09,35.63495],[136.08998,35.63492],[136.09002,35.63485],[136.09004,35.63483],[136.09012,35.6347],[136.09018,35.63464],[136.09023,35.63456],[136.09026,35.6345],[136.09029,35.63442],[136.09031,35.63435],[136.09026,35.63435],[136.08948,35.63423],[136.08938,35.6342],[136.08935,35.63433],[136.08923,35.63459],[136.08909,35.6349],[136.08903,35.63502],[136.08882,35.63515],[136.08846,35.63533],[136.08837,35.63541],[136.0882,35.63545],[136.08806,35.63544],[136.08791,35.63542],[136.08782,35.63564],[136.08772,35.63567],[136.08694,35.63566],[136.08694,35.63573],[136.08694,35.63625],[136.08777,35.63627],[136.08792,35.63628],[136.08801,35.63632],[136.0881,35.63639],[136.08815,35.6365],[136.08819,35.6366],[136.08832,35.6367],[136.08852,35.63675],[136.08873,35.63679],[136.08883,35.63681],[136.08898,35.63683],[136.0891,35.63688],[136.08923,35.63697],[136.08941,35.63713],[136.08962,35.63734],[136.08991,35.63759],[136.09004,35.63775],[136.09009,35.63785],[136.09013,35.63796],[136.0902,35.63809],[136.09031,35.63822],[136.09041,35.63834],[136.09048,35.63846],[136.09056,35.6387],[136.09061,35.63893],[136.09058,35.63913],[136.0906,35.63927],[136.09065,35.63939],[136.09072,35.63949],[136.09076,35.63963],[136.09073,35.63975],[136.09063,35.63991],[136.09055,35.64006],[136.09055,35.64017],[136.09059,35.64028],[136.0907,35.64047],[136.09082,35.64067],[136.09097,35.64085],[136.09114,35.64097],[136.09119,35.64109],[136.0912,35.64124],[136.09124,35.64139],[136.0913,35.64147],[136.09143,35.64159],[136.09157,35.64166],[136.09166,35.64175],[136.09172,35.64183],[136.09178,35.64189],[136.09185,35.64193],[136.09191,35.642],[136.09202,35.64215],[136.09213,35.64236],[136.09222,35.64256],[136.09227,35.64272],[136.0923,35.64279],[136.09245,35.64288],[136.09253,35.6429],[136.09259,35.6429],[136.09263,35.64286],[136.09273,35.64274],[136.09276,35.64268],[136.09284,35.64263],[136.0929,35.64263],[136.09298,35.64262],[136.09308,35.64267],[136.09318,35.64272],[136.0933,35.64276],[136.09331,35.64279],[136.09317,35.64283],[136.09299,35.64288],[136.0929,35.64294],[136.09287,35.64303],[136.09286,35.64321],[136.09281,35.64332],[136.09279,35.64335],[136.09277,35.64338],[136.09275,35.64342],[136.09275,35.6435],[136.09281,35.64368],[136.09286,35.6438],[136.09288,35.64382],[136.09292,35.64384],[136.093,35.64384],[136.09369,35.6438],[136.09371,35.64382],[136.09372,35.64385],[136.0937,35.64395],[136.09369,35.64411],[136.0937,35.64431],[136.09366,35.64449],[136.09362,35.64458],[136.09356,35.64466],[136.09344,35.64477],[136.09322,35.64487],[136.093,35.64496],[136.09258,35.64521],[136.09246,35.64529],[136.09253,35.64551],[136.09264,35.64548],[136.09297,35.64544],[136.09325,35.64546],[136.0935,35.64548],[136.09372,35.64548],[136.0939,35.64547],[136.0941,35.64547],[136.09433,35.64542],[136.09462,35.64532],[136.09481,35.64527],[136.09495,35.64524],[136.09514,35.64525],[136.09528,35.64526],[136.09554,35.64529],[136.09602,35.64535],[136.09627,35.64538],[136.09661,35.6454],[136.09774,35.64546],[136.09798,35.64547],[136.09809,35.6455],[136.0982,35.64567],[136.09827,35.6457],[136.09838,35.64573],[136.09848,35.64579],[136.09857,35.64586],[136.09872,35.64597],[136.09881,35.64605],[136.09881,35.64608],[136.09891,35.64612],[136.09898,35.64614],[136.09899,35.64614],[136.09907,35.64615],[136.09922,35.64616],[136.0994,35.64614],[136.0995,35.6461],[136.09966,35.646],[136.10009,35.64573],[136.10022,35.64567],[136.10033,35.64562],[136.10039,35.64559],[136.10047,35.64553],[136.10052,35.64547],[136.10064,35.64533],[136.10069,35.64527]]]}},{"type":"Feature","properties":{"name":"谷","setai":5,"jinko":15,"key":"182020730","units":1,"m":8,"f":7,"gk":0,"a0":4,"a1":7,"a2":4,"a75":1,"ag":[1,1,2,0,0,2,1,1,1,1,0,1,0,1,2,0,1,0,0,0,0]},"geometry":{"type":"Polygon","coordinates":[[[136.12438,35.6499],[136.12448,35.64904],[136.12453,35.6485],[136.12467,35.64779],[136.12481,35.64701],[136.125,35.64616],[136.12526,35.64553],[136.12569,35.64476],[136.12593,35.64434],[136.12628,35.64397],[136.12648,35.64379],[136.12658,35.64371],[136.12689,35.64354],[136.12736,35.64326],[136.12789,35.64296],[136.12859,35.64252],[136.12932,35.64206],[136.13027,35.64157],[136.13124,35.641],[136.13196,35.64059],[136.13275,35.64007],[136.13365,35.63959],[136.13317,35.63951],[136.13271,35.63941],[136.13223,35.63932],[136.13166,35.63925],[136.13099,35.63922],[136.13044,35.63918],[136.12986,35.63913],[136.12883,35.63898],[136.12727,35.63883],[136.12492,35.63854],[136.11841,35.63776],[136.11736,35.63769],[136.11621,35.63746],[136.11444,35.63662],[136.11379,35.63642],[136.11309,35.63615],[136.11307,35.63614],[136.11271,35.63586],[136.11238,35.63558],[136.11212,35.63538],[136.11173,35.63514],[136.11104,35.63485],[136.11052,35.63444],[136.10976,35.63408],[136.10945,35.63351],[136.10931,35.63326],[136.10666,35.62847],[136.10635,35.62858],[136.10596,35.62857],[136.10547,35.62854],[136.10481,35.62848],[136.10427,35.62837],[136.10366,35.6281],[136.10316,35.62795],[136.1028,35.62785],[136.10226,35.62774],[136.10164,35.62764],[136.10093,35.62744],[136.10048,35.62719],[136.10004,35.6268],[136.09981,35.62644],[136.09952,35.62618],[136.09946,35.62614],[136.09922,35.62584],[136.09891,35.62561],[136.09851,35.62541],[136.09817,35.62529],[136.09778,35.62518],[136.09732,35.62511],[136.09696,35.62508],[136.09678,35.62514],[136.09648,35.62533],[136.09542,35.62604],[136.09518,35.62623],[136.09502,35.62632],[136.09472,35.62639],[136.09437,35.62659],[136.09403,35.62684],[136.09364,35.6271],[136.09331,35.62728],[136.09291,35.62744],[136.09253,35.62764],[136.09223,35.62779],[136.09223,35.62776],[136.09223,35.62768],[136.09219,35.62764],[136.09216,35.6276],[136.09211,35.62758],[136.09207,35.62756],[136.09202,35.62758],[136.09193,35.62765],[136.09185,35.62774],[136.09177,35.62781],[136.09169,35.62784],[136.09161,35.62787],[136.09156,35.6279],[136.09152,35.62797],[136.09141,35.62812],[136.0913,35.62828],[136.09115,35.62861],[136.09111,35.6287],[136.09111,35.62882],[136.09113,35.62895],[136.0912,35.62916],[136.09124,35.62928],[136.09125,35.6293],[136.09131,35.62948],[136.09134,35.62961],[136.09134,35.62973],[136.09132,35.62986],[136.09125,35.63001],[136.09096,35.63048],[136.09087,35.6306],[136.09081,35.63076],[136.09074,35.63088],[136.0907,35.63101],[136.0907,35.63109],[136.09071,35.63119],[136.09073,35.63133],[136.09073,35.6314],[136.0907,35.63147],[136.09064,35.63157],[136.09059,35.63165],[136.09056,35.6318],[136.09051,35.63195],[136.09043,35.6321],[136.09035,35.6322],[136.09028,35.63228],[136.09021,35.63237],[136.09012,35.63244],[136.09004,35.63251],[136.08996,35.63256],[136.08991,35.63264],[136.08988,35.6327],[136.08988,35.63278],[136.08991,35.63285],[136.08993,35.63291],[136.08993,35.63294],[136.0899,35.63299],[136.08988,35.63303],[136.08983,35.63307],[136.08977,35.63311],[136.08973,35.63321],[136.08971,35.63328],[136.08967,35.63337],[136.08961,35.63349],[136.08958,35.63353],[136.08952,35.63363],[136.08947,35.63373],[136.08945,35.6338],[136.08942,35.63389],[136.08943,35.63396],[136.08941,35.63398],[136.0894,35.63409],[136.08938,35.6342],[136.08948,35.63423],[136.09026,35.63435],[136.09031,35.63435],[136.09029,35.63442],[136.09026,35.6345],[136.09023,35.63456],[136.09018,35.63464],[136.09012,35.6347],[136.09004,35.63483],[136.09002,35.63485],[136.08998,35.63492],[136.09,35.63495],[136.09001,35.63497],[136.09007,35.63502],[136.0902,35.63504],[136.09036,35.63505],[136.0905,35.63506],[136.09064,35.63506],[136.09075,35.63504],[136.09083,35.63503],[136.09094,35.63503],[136.09099,35.63502],[136.09104,35.63503],[136.09107,35.63507],[136.09112,35.63519],[136.09116,35.63522],[136.09122,35.63525],[136.0913,35.63527],[136.09139,35.63527],[136.09144,35.63524],[136.09147,35.63523],[136.09158,35.63516],[136.09164,35.63514],[136.09175,35.63514],[136.09179,35.63514],[136.09186,35.63514],[136.09203,35.63515],[136.09221,35.6352],[136.09239,35.63528],[136.09264,35.63539],[136.09282,35.6355],[136.09297,35.63558],[136.09301,35.63558],[136.09306,35.63557],[136.09309,35.63554],[136.09325,35.63539],[136.09327,35.63537],[136.09331,35.63534],[136.09335,35.63532],[136.09336,35.63531],[136.09338,35.63532],[136.09342,35.63534],[136.09345,35.63538],[136.09346,35.63543],[136.09346,35.63547],[136.09346,35.63552],[136.09346,35.63561],[136.09339,35.63587],[136.09342,35.63598],[136.09342,35.63605],[136.0934,35.63608],[136.09337,35.63609],[136.09331,35.63612],[136.09325,35.63615],[136.09323,35.63618],[136.0932,35.63631],[136.09319,35.63639],[136.0932,35.63645],[136.09321,35.6365],[136.09322,35.63653],[136.09322,35.63661],[136.09321,35.6367],[136.09322,35.63679],[136.09324,35.63684],[136.09325,35.63687],[136.09327,35.63688],[136.09338,35.637],[136.09342,35.63702],[136.09344,35.63705],[136.0935,35.63712],[136.09375,35.63734],[136.09384,35.6374],[136.09394,35.63745],[136.09395,35.63745],[136.09397,35.63747],[136.09398,35.63751],[136.09398,35.63755],[136.09397,35.63758],[136.09394,35.63777],[136.09395,35.63789],[136.09396,35.63795],[136.094,35.63803],[136.09421,35.63837],[136.0944,35.6387],[136.09443,35.63876],[136.09444,35.63882],[136.09444,35.63888],[136.09444,35.63901],[136.09445,35.63903],[136.09453,35.63924],[136.09457,35.63929],[136.09461,35.63934],[136.09461,35.63942],[136.09464,35.63951],[136.09466,35.63958],[136.0947,35.63963],[136.09493,35.63986],[136.09503,35.63994],[136.09512,35.63999],[136.09519,35.64001],[136.09526,35.64001],[136.09537,35.63998],[136.09542,35.63997],[136.09546,35.63999],[136.0955,35.64007],[136.09551,35.64016],[136.09549,35.64024],[136.09543,35.64068],[136.09545,35.64078],[136.09546,35.64081],[136.09548,35.6409],[136.09549,35.64089],[136.09553,35.64098],[136.09571,35.64113],[136.09584,35.64122],[136.09601,35.64134],[136.09612,35.6414],[136.0962,35.64145],[136.09625,35.64149],[136.09627,35.64154],[136.09629,35.64157],[136.09633,35.64163],[136.09641,35.64169],[136.09645,35.64172],[136.09647,35.64179],[136.09648,35.64183],[136.09652,35.64194],[136.09656,35.64201],[136.09662,35.64207],[136.09667,35.64213],[136.09672,35.64217],[136.09673,35.6422],[136.09673,35.64225],[136.09673,35.64235],[136.09674,35.64239],[136.09678,35.64252],[136.0968,35.64258],[136.09681,35.64264],[136.09682,35.64277],[136.09682,35.64288],[136.09683,35.64293],[136.09686,35.64299],[136.09692,35.64303],[136.09701,35.64309],[136.09706,35.64314],[136.09709,35.64318],[136.09711,35.64322],[136.0971,35.64328],[136.09703,35.64347],[136.09703,35.64354],[136.09705,35.6436],[136.09706,35.64366],[136.09708,35.64371],[136.09711,35.64374],[136.09715,35.64378],[136.09721,35.64381],[136.09726,35.64381],[136.09746,35.64377],[136.09761,35.64374],[136.09771,35.64373],[136.09802,35.64376],[136.0982,35.64378],[136.09826,35.6438],[136.09831,35.64383],[136.09834,35.64388],[136.09836,35.64397],[136.09835,35.64401],[136.09831,35.64405],[136.09815,35.64431],[136.0981,35.64453],[136.09804,35.6448],[136.09805,35.64492],[136.09807,35.64497],[136.09815,35.64501],[136.09829,35.64502],[136.09839,35.64503],[136.09846,35.64504],[136.09851,35.64505],[136.09867,35.64507],[136.09879,35.64508],[136.09894,35.64507],[136.09911,35.64503],[136.09924,35.64499],[136.09934,35.64499],[136.09946,35.645],[136.09959,35.64501],[136.09971,35.64501],[136.09979,35.64499],[136.10012,35.64484],[136.10021,35.64477],[136.10048,35.64459],[136.10057,35.64447],[136.1006,35.64438],[136.1006,35.6443],[136.10057,35.64422],[136.10056,35.64419],[136.10057,35.64417],[136.10059,35.64416],[136.10062,35.64416],[136.1007,35.64418],[136.10095,35.64424],[136.10102,35.64424],[136.10109,35.64422],[136.10139,35.64401],[136.10172,35.64372],[136.10177,35.64365],[136.10181,35.64356],[136.10183,35.64348],[136.10181,35.64335],[136.1018,35.6433],[136.10181,35.64328],[136.10183,35.64327],[136.10186,35.64328],[136.10189,35.64332],[136.10191,35.64336],[136.10195,35.64338],[136.102,35.64339],[136.10202,35.6434],[136.10209,35.64339],[136.10238,35.64331],[136.10249,35.64337],[136.10227,35.64348],[136.1022,35.64353],[136.10215,35.64358],[136.10211,35.64365],[136.10208,35.64374],[136.10199,35.64395],[136.10183,35.64414],[136.10171,35.64426],[136.10166,35.64435],[136.10162,35.6445],[136.10152,35.64467],[136.1014,35.6448],[136.10125,35.64492],[136.10093,35.64512],[136.10077,35.64521],[136.10069,35.64527],[136.10064,35.64533],[136.10052,35.64547],[136.10047,35.64553],[136.10039,35.64559],[136.10033,35.64562],[136.10022,35.64567],[136.10009,35.64573],[136.09966,35.646],[136.0995,35.6461],[136.0994,35.64614],[136.09922,35.64616],[136.09907,35.64615],[136.09899,35.64614],[136.09898,35.64614],[136.09891,35.64612],[136.09881,35.64608],[136.09875,35.64613],[136.09858,35.64617],[136.0984,35.64619],[136.09771,35.64617],[136.09753,35.64617],[136.0973,35.64617],[136.09728,35.64618],[136.09725,35.64623],[136.09724,35.64628],[136.09724,35.6464],[136.09723,35.64649],[136.0972,35.64657],[136.09689,35.64686],[136.09662,35.647],[136.09651,35.64713],[136.09648,35.64717],[136.09643,35.64734],[136.0964,35.6474],[136.09631,35.64751],[136.09628,35.6476],[136.09628,35.64766],[136.09629,35.6477],[136.09628,35.64775],[136.09627,35.64779],[136.09626,35.64787],[136.09625,35.64796],[136.09626,35.64811],[136.09626,35.64839],[136.09633,35.64868],[136.09643,35.64886],[136.09657,35.64933],[136.09658,35.64964],[136.09658,35.64973],[136.09651,35.64976],[136.09629,35.64984],[136.09608,35.64992],[136.09597,35.64998],[136.09598,35.65004],[136.09605,35.65009],[136.09628,35.65008],[136.09657,35.65006],[136.09672,35.65006],[136.09683,35.65014],[136.09693,35.65024],[136.09701,35.65031],[136.09708,35.65035],[136.09721,35.6504],[136.09749,35.65046],[136.09753,35.65046],[136.09758,35.65048],[136.09761,35.6505],[136.09765,35.65053],[136.09767,35.65055],[136.09767,35.65057],[136.09774,35.65073],[136.09786,35.65094],[136.09796,35.65105],[136.09805,35.65109],[136.09813,35.65115],[136.09818,35.65118],[136.0982,35.6512],[136.09821,35.65121],[136.09823,35.65127],[136.09828,35.65132],[136.0984,35.6514],[136.09855,35.65147],[136.0988,35.65153],[136.0989,35.65156],[136.09898,35.65158],[136.09914,35.65162],[136.0993,35.65163],[136.0994,35.65163],[136.09979,35.65148],[136.09993,35.65139],[136.1,35.65138],[136.10014,35.65137],[136.10023,35.65134],[136.10039,35.65134],[136.10044,35.65133],[136.10056,35.65134],[136.10075,35.65137],[136.1009,35.65147],[136.101,35.65156],[136.10106,35.65172],[136.10118,35.65187],[136.10151,35.65198],[136.10218,35.65206],[136.10227,35.65209],[136.10257,35.65214],[136.10299,35.65219],[136.10389,35.65213],[136.10482,35.65198],[136.10538,35.65188],[136.10651,35.65193],[136.10756,35.65181],[136.10831,35.6519],[136.10905,35.65188],[136.10982,35.6518],[136.11061,35.65164],[136.11113,35.65157],[136.11172,35.65135],[136.11201,35.65107],[136.11246,35.6507],[136.11254,35.6504],[136.1126,35.65013],[136.11272,35.65002],[136.11311,35.64994],[136.11349,35.64991],[136.11367,35.65003],[136.11381,35.65014],[136.11388,35.65026],[136.11403,35.65029],[136.11428,35.65029],[136.11458,35.6502],[136.11531,35.64993],[136.11547,35.64992],[136.11549,35.64992],[136.11568,35.64991],[136.11585,35.6499],[136.11613,35.6499],[136.1163,35.64985],[136.11659,35.6498],[136.11699,35.64968],[136.11742,35.64953],[136.11777,35.64944],[136.11833,35.6494],[136.11872,35.64934],[136.11916,35.64937],[136.11963,35.64941],[136.11993,35.64944],[136.11999,35.64943],[136.12008,35.64946],[136.12022,35.64948],[136.12036,35.64955],[136.12051,35.64962],[136.12057,35.64961],[136.12066,35.64972],[136.12084,35.6499],[136.12098,35.65007],[136.12115,35.65022],[136.12137,35.65049],[136.12161,35.6508],[136.12182,35.6511],[136.12203,35.65134],[136.12229,35.65154],[136.12256,35.65182],[136.12277,35.65208],[136.12308,35.65245],[136.12348,35.6528],[136.12382,35.65302],[136.12447,35.65331],[136.12446,35.65192],[136.12438,35.65132],[136.12438,35.65065],[136.12438,35.65063],[136.12438,35.6499]]]}},{"type":"Feature","properties":{"name":"谷口","setai":22,"jinko":56,"key":"182020740","units":1,"m":26,"f":30,"gk":0,"a0":5,"a1":25,"a2":26,"a75":10,"ag":[0,1,4,4,0,1,3,1,3,8,2,2,1,7,9,2,4,3,1,0,0]},"geometry":{"type":"Polygon","coordinates":[[[136.09954,35.65162],[136.09952,35.65162],[136.0994,35.65163],[136.0993,35.65163],[136.09914,35.65162],[136.09898,35.65158],[136.0989,35.65156],[136.0988,35.65153],[136.09855,35.65147],[136.0984,35.6514],[136.09828,35.65132],[136.09823,35.65127],[136.09821,35.65121],[136.0982,35.6512],[136.09818,35.65118],[136.09813,35.65115],[136.09805,35.65109],[136.09796,35.65105],[136.09786,35.65094],[136.09774,35.65073],[136.09767,35.65057],[136.09767,35.65055],[136.09765,35.65053],[136.09761,35.6505],[136.09758,35.65048],[136.09753,35.65046],[136.09749,35.65046],[136.09721,35.6504],[136.09708,35.65035],[136.09701,35.65031],[136.09693,35.65024],[136.09683,35.65014],[136.09672,35.65006],[136.09657,35.65006],[136.09628,35.65008],[136.09605,35.65009],[136.09598,35.65004],[136.09597,35.64998],[136.09608,35.64992],[136.09629,35.64984],[136.09651,35.64976],[136.09658,35.64973],[136.09658,35.64964],[136.09656,35.64969],[136.09652,35.64973],[136.09643,35.64976],[136.09629,35.64979],[136.09605,35.64986],[136.09575,35.64994],[136.09564,35.64999],[136.0955,35.65009],[136.09534,35.6502],[136.09528,35.65029],[136.09527,35.65038],[136.09528,35.65068],[136.09531,35.65094],[136.09533,35.65117],[136.09538,35.6515],[136.09546,35.65153],[136.09564,35.65171],[136.09579,35.65188],[136.09589,35.652],[136.09595,35.65209],[136.09602,35.65216],[136.09611,35.65221],[136.09627,35.65224],[136.09647,35.65227],[136.09659,35.65228],[136.09673,35.65227],[136.09728,35.65211],[136.09775,35.65199],[136.09811,35.65192],[136.09836,35.65188],[136.09853,35.65188],[136.09862,35.6519],[136.09876,35.6519],[136.09894,35.65186],[136.09924,35.65176],[136.09939,35.65169],[136.09954,35.65162]]]}},{"type":"Feature","properties":{"name":"川北","setai":9,"jinko":24,"key":"182020750","units":1,"m":11,"f":13,"gk":0,"a0":1,"a1":13,"a2":10,"a75":5,"ag":[1,0,0,1,0,1,1,2,0,2,0,2,4,3,2,3,1,0,1,0,0]},"geometry":{"type":"Polygon","coordinates":[[[136.09775,35.65282],[136.0979,35.65264],[136.09805,35.65252],[136.09815,35.65247],[136.09823,35.65244],[136.09841,35.65237],[136.09855,35.65234],[136.09908,35.65229],[136.09938,35.65225],[136.09948,35.65221],[136.09958,35.65216],[136.09967,35.6521],[136.09995,35.65191],[136.10005,35.65186],[136.10009,35.65181],[136.10011,35.65174],[136.1001,35.6517],[136.10009,35.65166],[136.10005,35.65161],[136.1,35.6516],[136.09992,35.65158],[136.09979,35.65158],[136.09954,35.65162],[136.09939,35.65169],[136.09924,35.65176],[136.09894,35.65186],[136.09876,35.6519],[136.09862,35.6519],[136.09853,35.65188],[136.09836,35.65188],[136.09811,35.65192],[136.09775,35.65199],[136.09728,35.65211],[136.09673,35.65227],[136.09659,35.65228],[136.09647,35.65227],[136.09627,35.65224],[136.09611,35.65221],[136.09602,35.65216],[136.09595,35.65209],[136.09589,35.652],[136.09579,35.65188],[136.09564,35.65171],[136.09546,35.65153],[136.09538,35.6515],[136.0954,35.65175],[136.09548,35.6521],[136.09626,35.65233],[136.0964,35.65238],[136.09649,35.6524],[136.09775,35.65282]]]}},{"type":"Feature","properties":{"name":"深山寺","setai":23,"jinko":59,"key":"182020760","units":1,"m":25,"f":34,"gk":1,"a0":2,"a1":28,"a2":29,"a75":19,"ag":[0,2,0,2,1,1,2,3,3,3,8,2,3,5,5,10,4,5,0,0,0]},"geometry":{"type":"Polygon","coordinates":[[[136.10058,35.65679],[136.10063,35.65677],[136.10067,35.65674],[136.10077,35.65666],[136.10081,35.65662],[136.10083,35.65657],[136.10082,35.65654],[136.10069,35.65639],[136.10063,35.65632],[136.1006,35.65625],[136.10059,35.65616],[136.10065,35.65571],[136.10066,35.65567],[136.10065,35.65565],[136.10062,35.65563],[136.10057,35.6556],[136.10053,35.65556],[136.10051,35.65551],[136.1005,35.65549],[136.10045,35.65547],[136.10041,35.65545],[136.10036,35.65541],[136.10035,35.65535],[136.10034,35.65529],[136.10038,35.65519],[136.10043,35.65506],[136.10045,35.655],[136.10046,35.65491],[136.10044,35.65482],[136.10035,35.65462],[136.10027,35.65454],[136.10023,35.65451],[136.1001,35.65446],[136.1,35.65443],[136.09994,35.6544],[136.09988,35.65432],[136.09975,35.65419],[136.09962,35.65407],[136.09948,35.65397],[136.09915,35.65378],[136.09904,35.65373],[136.09872,35.65364],[136.09863,35.65362],[136.09854,35.65362],[136.09844,35.65363],[136.09834,35.65366],[136.09827,35.65369],[136.09822,35.65373],[136.09815,35.6538],[136.0981,35.65382],[136.098,35.65381],[136.0979,35.65377],[136.09784,35.65366],[136.09777,35.65355],[136.09776,35.65354],[136.09776,35.65353],[136.09767,35.65335],[136.09764,35.65327],[136.09763,35.65317],[136.09764,35.65306],[136.09765,35.65299],[136.09775,35.65282],[136.09649,35.6524],[136.0964,35.65238],[136.09626,35.65233],[136.09548,35.6521],[136.09551,35.65222],[136.0956,35.65249],[136.09572,35.65281],[136.0958,35.65304],[136.09593,35.6533],[136.09608,35.65359],[136.09621,35.6538],[136.09638,35.65409],[136.0966,35.6544],[136.09684,35.65475],[136.09726,35.65532],[136.09753,35.65568],[136.09774,35.65593],[136.09785,35.65611],[136.09799,35.65632],[136.09812,35.65649],[136.09821,35.65665],[136.09831,35.65679],[136.09839,35.65697],[136.09842,35.65709],[136.09929,35.65697],[136.09984,35.65691],[136.10019,35.65686],[136.10058,35.65679]]]}},{"type":"Feature","properties":{"name":"樫曲","setai":52,"jinko":137,"key":"182020770","units":1,"m":65,"f":77,"gk":0,"a0":15,"a1":67,"a2":60,"a75":34,"ag":[4,5,6,8,1,2,5,10,4,5,12,11,9,13,13,10,9,12,2,1,0],"tt":142,"gs":1},"geometry":{"type":"Polygon","coordinates":[[[136.09882,35.66481],[136.09891,35.6648],[136.09897,35.6648],[136.09908,35.66481],[136.09915,35.66483],[136.09926,35.66485],[136.09931,35.66487],[136.09958,35.66499],[136.09966,35.66501],[136.09973,35.66505],[136.09975,35.66505],[136.09983,35.66507],[136.09996,35.66509],[136.10033,35.66505],[136.10048,35.66505],[136.10058,35.66507],[136.10066,35.66511],[136.10073,35.66515],[136.1008,35.66522],[136.10086,35.66528],[136.10094,35.66537],[136.10098,35.6654],[136.10104,35.66544],[136.1012,35.66553],[136.10133,35.66561],[136.1014,35.66561],[136.10143,35.66566],[136.10155,35.66577],[136.10161,35.66584],[136.10167,35.66592],[136.1017,35.66598],[136.10172,35.66601],[136.10277,35.66604],[136.10309,35.66611],[136.10329,35.66611],[136.10364,35.66618],[136.10393,35.66625],[136.10398,35.66623],[136.10417,35.66615],[136.10421,35.66606],[136.10414,35.66586],[136.10399,35.66557],[136.10404,35.66539],[136.10414,35.66529],[136.10428,35.66523],[136.10463,35.66512],[136.1048,35.66507],[136.10487,35.66491],[136.10503,35.66481],[136.10529,35.6647],[136.1055,35.6646],[136.10565,35.6645],[136.10564,35.66438],[136.10559,35.66431],[136.1055,35.66419],[136.10541,35.664],[136.10542,35.6637],[136.10547,35.6635],[136.10574,35.66341],[136.1062,35.66338],[136.10704,35.66331],[136.10869,35.66317],[136.10923,35.66315],[136.10974,35.66317],[136.11036,35.66326],[136.11162,35.6635],[136.11196,35.66367],[136.11221,35.66383],[136.11254,35.66408],[136.1129,35.66429],[136.11311,35.66446],[136.11325,35.66457],[136.11366,35.66486],[136.11403,35.66518],[136.11437,35.6656],[136.11477,35.66613],[136.11518,35.6666],[136.11541,35.66683],[136.11559,35.66694],[136.1159,35.66703],[136.11623,35.66703],[136.11688,35.66608],[136.1171,35.66589],[136.11712,35.66587],[136.11734,35.6657],[136.1175,35.66553],[136.11761,35.66534],[136.11778,35.66487],[136.11795,35.66461],[136.11814,35.66445],[136.11833,35.66423],[136.11845,35.66399],[136.1185,35.66377],[136.11863,35.66346],[136.11876,35.66327],[136.11892,35.6631],[136.11909,35.66284],[136.11926,35.66262],[136.11945,35.66241],[136.11971,35.66216],[136.11992,35.66181],[136.12012,35.66153],[136.12038,35.66123],[136.12069,35.66099],[136.12108,35.66074],[136.12144,35.6605],[136.122,35.66002],[136.122,35.66002],[136.12236,35.65962],[136.12264,35.65932],[136.12286,35.65916],[136.12324,35.65896],[136.12347,35.65875],[136.12367,35.65845],[136.12394,35.65811],[136.12409,35.65775],[136.12411,35.65737],[136.12413,35.65698],[136.12409,35.65646],[136.12413,35.65585],[136.12414,35.65522],[136.12413,35.65471],[136.12419,35.65415],[136.1243,35.65373],[136.12447,35.65331],[136.12382,35.65302],[136.12348,35.6528],[136.12308,35.65245],[136.12277,35.65208],[136.12256,35.65182],[136.12229,35.65154],[136.12203,35.65134],[136.12182,35.6511],[136.12161,35.6508],[136.12137,35.65049],[136.12115,35.65022],[136.12098,35.65007],[136.12084,35.6499],[136.12066,35.64972],[136.12057,35.64961],[136.12051,35.64962],[136.12036,35.64955],[136.12022,35.64948],[136.12008,35.64946],[136.11999,35.64943],[136.11993,35.64944],[136.11963,35.64941],[136.11916,35.64937],[136.11872,35.64934],[136.11833,35.6494],[136.11777,35.64944],[136.11742,35.64953],[136.11699,35.64968],[136.11659,35.6498],[136.1163,35.64985],[136.11613,35.6499],[136.11585,35.6499],[136.11568,35.64991],[136.11549,35.64992],[136.11547,35.64992],[136.11531,35.64993],[136.11458,35.6502],[136.11428,35.65029],[136.11403,35.65029],[136.11388,35.65026],[136.11381,35.65014],[136.11367,35.65003],[136.11349,35.64991],[136.11311,35.64994],[136.11272,35.65002],[136.1126,35.65013],[136.11254,35.6504],[136.11246,35.6507],[136.11201,35.65107],[136.11172,35.65135],[136.11113,35.65157],[136.11061,35.65164],[136.10982,35.6518],[136.10905,35.65188],[136.10831,35.6519],[136.10756,35.65181],[136.10651,35.65193],[136.10538,35.65188],[136.10482,35.65198],[136.10389,35.65213],[136.10299,35.65219],[136.10257,35.65214],[136.10227,35.65209],[136.10218,35.65206],[136.10151,35.65198],[136.10118,35.65187],[136.10106,35.65172],[136.101,35.65156],[136.1009,35.65147],[136.10075,35.65137],[136.10056,35.65134],[136.10044,35.65133],[136.10039,35.65134],[136.10023,35.65134],[136.10014,35.65137],[136.1,35.65138],[136.09993,35.65139],[136.09979,35.65148],[136.0994,35.65163],[136.09952,35.65162],[136.09954,35.65162],[136.09979,35.65158],[136.09992,35.65158],[136.1,35.6516],[136.10005,35.65161],[136.10009,35.65166],[136.1001,35.6517],[136.10011,35.65174],[136.10009,35.65181],[136.10005,35.65186],[136.09995,35.65191],[136.09967,35.6521],[136.09958,35.65216],[136.09948,35.65221],[136.09938,35.65225],[136.09908,35.65229],[136.09855,35.65234],[136.09841,35.65237],[136.09823,35.65244],[136.09815,35.65247],[136.09805,35.65252],[136.0979,35.65264],[136.09775,35.65282],[136.09765,35.65299],[136.09764,35.65306],[136.09763,35.65317],[136.09764,35.65327],[136.09767,35.65335],[136.09776,35.65353],[136.09776,35.65354],[136.09777,35.65355],[136.09784,35.65366],[136.0979,35.65377],[136.098,35.65381],[136.0981,35.65382],[136.09815,35.6538],[136.09822,35.65373],[136.09827,35.65369],[136.09834,35.65366],[136.09844,35.65363],[136.09854,35.65362],[136.09863,35.65362],[136.09872,35.65364],[136.09904,35.65373],[136.09915,35.65378],[136.09948,35.65397],[136.09962,35.65407],[136.09975,35.65419],[136.09988,35.65432],[136.09994,35.6544],[136.1,35.65443],[136.1001,35.65446],[136.10023,35.65451],[136.10027,35.65454],[136.10035,35.65462],[136.10044,35.65482],[136.10046,35.65491],[136.10045,35.655],[136.10043,35.65506],[136.10038,35.65519],[136.10034,35.65529],[136.10035,35.65535],[136.10036,35.65541],[136.10041,35.65545],[136.10045,35.65547],[136.1005,35.65549],[136.10051,35.65551],[136.10053,35.65556],[136.10057,35.6556],[136.10062,35.65563],[136.10065,35.65565],[136.10066,35.65567],[136.10065,35.65571],[136.10059,35.65616],[136.1006,35.65625],[136.10063,35.65632],[136.10069,35.65639],[136.10082,35.65654],[136.10083,35.65657],[136.10081,35.65662],[136.10077,35.65666],[136.10067,35.65674],[136.10063,35.65677],[136.10058,35.65679],[136.10019,35.65686],[136.09984,35.65691],[136.09929,35.65697],[136.09842,35.65709],[136.09861,35.65753],[136.09869,35.65774],[136.09872,35.65792],[136.09877,35.65823],[136.0988,35.65857],[136.09878,35.65885],[136.09874,35.65912],[136.0987,35.65932],[136.09862,35.65967],[136.09854,35.65989],[136.09847,35.66006],[136.09845,35.66016],[136.09836,35.66034],[136.09824,35.66053],[136.09818,35.66068],[136.09808,35.66084],[136.09803,35.66096],[136.09797,35.66106],[136.09795,35.66111],[136.09785,35.66111],[136.09753,35.66109],[136.09738,35.66115],[136.09728,35.66121],[136.09724,35.66125],[136.09721,35.66129],[136.09719,35.66134],[136.09717,35.66146],[136.09712,35.66156],[136.09701,35.66176],[136.09685,35.66195],[136.09671,35.66207],[136.09663,35.66215],[136.09659,35.66224],[136.09655,35.66233],[136.09656,35.6624],[136.09656,35.66246],[136.09651,35.6625],[136.09644,35.6625],[136.09653,35.66262],[136.09666,35.66281],[136.09674,35.66292],[136.0969,35.66307],[136.09697,35.66314],[136.097,35.6632],[136.09705,35.66329],[136.09719,35.66343],[136.0973,35.66355],[136.09735,35.66361],[136.09737,35.66367],[136.09738,35.66375],[136.09738,35.66377],[136.09737,35.66387],[136.09738,35.66397],[136.09738,35.66416],[136.09739,35.66429],[136.09741,35.66444],[136.09746,35.66471],[136.09757,35.66491],[136.09755,35.66511],[136.09761,35.66534],[136.09766,35.6655],[136.0977,35.66556],[136.09772,35.66561],[136.09785,35.6658],[136.09797,35.66596],[136.09803,35.66601],[136.09809,35.66608],[136.09812,35.66611],[136.09818,35.66617],[136.09823,35.66624],[136.09827,35.66634],[136.09831,35.66642],[136.09841,35.66667],[136.09844,35.66674],[136.09853,35.66695],[136.09869,35.66739],[136.09872,35.66747],[136.09873,35.66748],[136.09875,35.66749],[136.09878,35.66749],[136.09881,35.66743],[136.09883,35.6673],[136.09883,35.66727],[136.0988,35.66707],[136.09877,35.66692],[136.09874,35.66678],[136.09869,35.66662],[136.09868,35.66653],[136.0987,35.66646],[136.09873,35.6664],[136.09876,35.66632],[136.09878,35.66625],[136.09877,35.66618],[136.09875,35.6661],[136.09872,35.66605],[136.0987,35.66598],[136.09869,35.66593],[136.09868,35.66583],[136.09865,35.66573],[136.09863,35.66565],[136.09858,35.66545],[136.09856,35.66529],[136.09857,35.6652],[136.09858,35.66513],[136.09859,35.66506],[136.09862,35.66501],[136.09862,35.66499],[136.09866,35.66494],[136.0987,35.66489],[136.09875,35.66485],[136.09878,35.66482],[136.09882,35.66481]]]}},{"type":"Feature","properties":{"name":"池河内","setai":3,"jinko":5,"key":"182020780","units":1,"hi":1},"geometry":{"type":"Polygon","coordinates":[[[136.13744,35.66515],[136.13817,35.66503],[136.13886,35.66504],[136.13926,35.66502],[136.13942,35.66475],[136.13992,35.66426],[136.14039,35.66397],[136.14059,35.66392],[136.14264,35.66397],[136.14318,35.66391],[136.14402,35.66374],[136.14483,35.66339],[136.14578,35.66305],[136.1475,35.66267],[136.14803,35.66247],[136.14844,35.66212],[136.14878,35.66164],[136.14912,35.66103],[136.14915,35.66044],[136.14944,35.66002],[136.14997,35.65958],[136.15045,35.65867],[136.15054,35.65784],[136.15085,35.65643],[136.1512,35.65553],[136.15035,35.6551],[136.15007,35.6549],[136.15,35.65475],[136.15019,35.65423],[136.15065,35.6534],[136.15105,35.65331],[136.15117,35.653],[136.15107,35.65238],[136.1509,35.65176],[136.15113,35.65118],[136.15249,35.65077],[136.1525,35.65069],[136.152,35.65032],[136.15125,35.64959],[136.15119,35.64942],[136.15132,35.64872],[136.15174,35.64798],[136.15225,35.64733],[136.15304,35.64624],[136.15357,35.64627],[136.15378,35.64633],[136.15417,35.64631],[136.15427,35.64608],[136.15398,35.64422],[136.15407,35.6438],[136.15412,35.64368],[136.1544,35.64338],[136.15463,35.64323],[136.15469,35.64313],[136.15467,35.64312],[136.15478,35.64259],[136.15484,35.64249],[136.15453,35.64215],[136.15427,35.6418],[136.15397,35.64146],[136.15379,35.6411],[136.1537,35.64084],[136.15365,35.64067],[136.15348,35.64023],[136.15322,35.63997],[136.15311,35.63969],[136.15305,35.63929],[136.15272,35.63893],[136.15242,35.6385],[136.15242,35.6382],[136.15222,35.63777],[136.152,35.63717],[136.15176,35.63654],[136.15163,35.63619],[136.15151,35.63578],[136.15124,35.63515],[136.15095,35.63477],[136.15074,35.63445],[136.15053,35.63424],[136.15008,35.63414],[136.14974,35.63404],[136.14935,35.63398],[136.14933,35.63411],[136.14881,35.63418],[136.14785,35.63443],[136.14687,35.63474],[136.14585,35.63514],[136.1451,35.63543],[136.14409,35.63576],[136.14296,35.63615],[136.142,35.63651],[136.14128,35.63678],[136.14086,35.63693],[136.13962,35.6373],[136.13869,35.63767],[136.13768,35.63802],[136.13664,35.63837],[136.13574,35.63869],[136.13485,35.63901],[136.13424,35.63928],[136.13365,35.63959],[136.13275,35.64007],[136.13196,35.64059],[136.13124,35.641],[136.13027,35.64157],[136.12932,35.64206],[136.12859,35.64252],[136.12789,35.64296],[136.12736,35.64326],[136.12689,35.64354],[136.12658,35.64371],[136.12648,35.64379],[136.12628,35.64397],[136.12593,35.64434],[136.12569,35.64476],[136.12526,35.64553],[136.125,35.64616],[136.12481,35.64701],[136.12467,35.64779],[136.12453,35.6485],[136.12448,35.64904],[136.12438,35.6499],[136.12438,35.65063],[136.12438,35.65065],[136.12438,35.65132],[136.12446,35.65192],[136.12447,35.65331],[136.12506,35.65352],[136.12544,35.65375],[136.12581,35.6541],[136.1261,35.65451],[136.12615,35.6546],[136.12626,35.65476],[136.12634,35.65497],[136.12649,35.65531],[136.12663,35.65568],[136.12677,35.65616],[136.12698,35.65662],[136.12725,35.65705],[136.12731,35.65712],[136.12754,35.6574],[136.12786,35.65772],[136.12801,35.65787],[136.1282,35.65807],[136.12838,35.65819],[136.12861,35.65833],[136.12887,35.65846],[136.12904,35.65864],[136.12921,35.65883],[136.12942,35.65896],[136.1297,35.65914],[136.13001,35.65928],[136.1303,35.65938],[136.13073,35.65955],[136.13091,35.65965],[136.13105,35.65982],[136.13133,35.66015],[136.13133,35.66026],[136.13142,35.66061],[136.13153,35.66084],[136.13161,35.66106],[136.13175,35.66125],[136.13193,35.66156],[136.13209,35.66182],[136.13238,35.66217],[136.13264,35.6624],[136.13267,35.66249],[136.13272,35.66252],[136.13297,35.66274],[136.13322,35.66296],[136.13355,35.66322],[136.13376,35.66353],[136.13387,35.6637],[136.13396,35.66387],[136.13412,35.66397],[136.13433,35.66406],[136.13454,35.66414],[136.13474,35.66425],[136.13492,35.66438],[136.13509,35.66455],[136.13533,35.66466],[136.13562,35.66473],[136.13587,35.66478],[136.13605,35.66484],[136.1361,35.66489],[136.13626,35.66492],[136.13744,35.66515]]]}},{"type":"Feature","properties":{"name":"獺河内","setai":19,"jinko":43,"key":"182020790","units":1,"m":17,"f":26,"gk":0,"a0":4,"a1":19,"a2":20,"a75":5,"ag":[0,1,3,2,0,0,1,2,2,4,2,0,6,8,7,2,1,2,0,0,0]},"geometry":{"type":"Polygon","coordinates":[[[136.11759,35.67266],[136.11769,35.66939],[136.11692,35.66941],[136.1169,35.66956],[136.11686,35.66993],[136.11677,35.67042],[136.1165,35.67165],[136.11658,35.67189],[136.11625,35.67204],[136.11608,35.67235],[136.11607,35.67274],[136.11602,35.67321],[136.11599,35.67351],[136.11587,35.67413],[136.11568,35.67435],[136.1155,35.67443],[136.11538,35.67458],[136.11537,35.67469],[136.11537,35.6749],[136.11538,35.67515],[136.11533,35.67536],[136.11519,35.67558],[136.11503,35.67577],[136.11481,35.67596],[136.11474,35.67611],[136.11462,35.67638],[136.11459,35.6766],[136.11455,35.67689],[136.11458,35.6771],[136.11459,35.67742],[136.11461,35.6777],[136.11475,35.67796],[136.11489,35.67818],[136.1151,35.67842],[136.11542,35.67872],[136.11559,35.67892],[136.11562,35.67912],[136.11559,35.67935],[136.11556,35.6796],[136.11564,35.67981],[136.11577,35.67991],[136.1159,35.67999],[136.11606,35.68],[136.1163,35.67986],[136.11676,35.67929],[136.11732,35.67844],[136.11766,35.6777],[136.11775,35.67718],[136.11778,35.67654],[136.11777,35.67597],[136.11767,35.67544],[136.11758,35.67511],[136.11752,35.67468],[136.11754,35.67429],[136.11745,35.67376],[136.11743,35.67361],[136.11736,35.67309],[136.11733,35.67299],[136.11759,35.67266]]]}},{"type":"Feature","properties":{"name":"越坂","setai":9,"jinko":28,"key":"182020800","units":1,"m":14,"f":14,"gk":0,"a0":3,"a1":12,"a2":13,"a75":8,"ag":[0,1,2,0,1,2,1,0,1,2,0,4,1,2,3,2,2,1,2,1,0]},"geometry":{"type":"Polygon","coordinates":[[[136.10382,35.69733],[136.10407,35.69728],[136.10415,35.69729],[136.10436,35.69721],[136.10445,35.69713],[136.10455,35.69702],[136.10478,35.69693],[136.10509,35.69688],[136.10529,35.69686],[136.10549,35.69678],[136.10563,35.69659],[136.10574,35.69639],[136.10579,35.69619],[136.10595,35.69602],[136.10624,35.69591],[136.10649,35.69591],[136.10677,35.69591],[136.10703,35.69586],[136.10713,35.69568],[136.10727,35.6954],[136.10741,35.69486],[136.1077,35.6944],[136.10766,35.69413],[136.10759,35.69378],[136.10757,35.69353],[136.10762,35.69338],[136.10763,35.69326],[136.10763,35.6931],[136.10761,35.69299],[136.10755,35.69287],[136.10737,35.69272],[136.1074,35.69251],[136.10759,35.69228],[136.1077,35.69208],[136.10773,35.6919],[136.10772,35.69174],[136.10771,35.69158],[136.10785,35.69134],[136.10795,35.69124],[136.10808,35.69107],[136.10828,35.69104],[136.10843,35.69094],[136.10854,35.69074],[136.1087,35.69057],[136.1089,35.69034],[136.10897,35.69018],[136.10909,35.68992],[136.10913,35.6896],[136.10919,35.68892],[136.10927,35.68873],[136.10929,35.68852],[136.10939,35.68839],[136.10959,35.68834],[136.10979,35.68831],[136.10993,35.68828],[136.11008,35.68821],[136.11011,35.6882],[136.11011,35.68797],[136.11005,35.68781],[136.11004,35.68765],[136.11003,35.68756],[136.11004,35.68744],[136.11022,35.68739],[136.11049,35.68743],[136.11076,35.68743],[136.111,35.68734],[136.11122,35.68713],[136.11133,35.68693],[136.11143,35.68678],[136.11162,35.68657],[136.11181,35.68638],[136.11191,35.68627],[136.11196,35.68607],[136.11193,35.68568],[136.11238,35.68563],[136.11272,35.68559],[136.11292,35.68549],[136.11313,35.68539],[136.11314,35.68539],[136.11328,35.68527],[136.11333,35.68509],[136.11342,35.68487],[136.11352,35.68474],[136.11379,35.68454],[136.11391,35.68445],[136.11408,35.68422],[136.11425,35.68396],[136.11439,35.68368],[136.11487,35.68358],[136.11492,35.68328],[136.11489,35.68292],[136.11486,35.68248],[136.11486,35.68207],[136.11484,35.6818],[136.1149,35.6813],[136.11501,35.68087],[136.11517,35.68046],[136.11536,35.68011],[136.11564,35.67981],[136.11556,35.6796],[136.11559,35.67935],[136.11562,35.67912],[136.11559,35.67892],[136.11542,35.67872],[136.1151,35.67842],[136.11489,35.67818],[136.11475,35.67796],[136.11461,35.6777],[136.11459,35.67742],[136.11458,35.6771],[136.11455,35.67689],[136.11459,35.6766],[136.11462,35.67638],[136.11474,35.67611],[136.11481,35.67596],[136.11503,35.67577],[136.11519,35.67558],[136.11533,35.67536],[136.11538,35.67515],[136.11537,35.6749],[136.11537,35.67469],[136.11538,35.67458],[136.1155,35.67443],[136.11568,35.67435],[136.11587,35.67413],[136.11599,35.67351],[136.11602,35.67321],[136.11607,35.67274],[136.11608,35.67235],[136.11625,35.67204],[136.11658,35.67189],[136.1165,35.67165],[136.11677,35.67042],[136.11686,35.66993],[136.1169,35.66956],[136.11692,35.66941],[136.11694,35.66929],[136.11685,35.66865],[136.11674,35.66803],[136.11623,35.66703],[136.1159,35.66703],[136.11559,35.66694],[136.11541,35.66683],[136.11518,35.6666],[136.11477,35.66613],[136.11437,35.6656],[136.11403,35.66518],[136.11366,35.66486],[136.11325,35.66457],[136.11311,35.66446],[136.1129,35.66429],[136.11254,35.66408],[136.11221,35.66383],[136.11196,35.66367],[136.11162,35.6635],[136.11036,35.66326],[136.10974,35.66317],[136.10923,35.66315],[136.10869,35.66317],[136.10704,35.66331],[136.1062,35.66338],[136.10574,35.66341],[136.10547,35.6635],[136.10542,35.6637],[136.10541,35.664],[136.1055,35.66419],[136.10559,35.66431],[136.10564,35.66438],[136.10565,35.6645],[136.1055,35.6646],[136.10529,35.6647],[136.10503,35.66481],[136.10487,35.66491],[136.1048,35.66507],[136.10463,35.66512],[136.10428,35.66523],[136.10414,35.66529],[136.10404,35.66539],[136.10399,35.66557],[136.10414,35.66586],[136.10421,35.66606],[136.10417,35.66615],[136.10398,35.66623],[136.10393,35.66625],[136.10364,35.66618],[136.10329,35.66611],[136.10309,35.66611],[136.10277,35.66604],[136.10172,35.66601],[136.10173,35.66605],[136.10173,35.66613],[136.10173,35.66624],[136.10174,35.6663],[136.10176,35.66633],[136.10178,35.66637],[136.1019,35.66653],[136.10197,35.66662],[136.10199,35.66665],[136.102,35.66669],[136.10208,35.66691],[136.10217,35.66707],[136.10222,35.66714],[136.10228,35.6672],[136.10239,35.66729],[136.10245,35.66732],[136.10252,35.66736],[136.10256,35.66737],[136.10263,35.6674],[136.10271,35.66744],[136.10277,35.6675],[136.10289,35.66764],[136.10302,35.66779],[136.10308,35.66784],[136.10312,35.66793],[136.10318,35.66804],[136.10324,35.66814],[136.10329,35.66824],[136.10332,35.66832],[136.10334,35.66846],[136.10335,35.66851],[136.10339,35.66857],[136.10343,35.66861],[136.10349,35.66865],[136.10354,35.66868],[136.1036,35.66869],[136.10366,35.6687],[136.10428,35.66866],[136.10406,35.66883],[136.10396,35.66896],[136.10386,35.6691],[136.10382,35.66921],[136.10382,35.66922],[136.1038,35.66932],[136.1038,35.66937],[136.10381,35.66943],[136.10384,35.66957],[136.10386,35.66966],[136.10387,35.66971],[136.10389,35.66976],[136.10389,35.66984],[136.1039,35.6699],[136.10389,35.66996],[136.1039,35.67003],[136.1039,35.67009],[136.10393,35.67016],[136.10395,35.67023],[136.10398,35.67029],[136.104,35.67036],[136.104,35.6704],[136.10399,35.67048],[136.10401,35.67053],[136.10404,35.67057],[136.10421,35.67079],[136.10424,35.67082],[136.10427,35.67085],[136.10431,35.67092],[136.10431,35.67099],[136.10431,35.67104],[136.10428,35.67117],[136.10424,35.67133],[136.10413,35.67162],[136.10409,35.67171],[136.10393,35.67218],[136.10391,35.67226],[136.10389,35.67232],[136.10384,35.67247],[136.10383,35.67258],[136.10384,35.67274],[136.10385,35.67287],[136.10385,35.67288],[136.10383,35.67358],[136.10381,35.67381],[136.10379,35.67393],[136.10374,35.6741],[136.10372,35.67412],[136.1037,35.67417],[136.10369,35.67425],[136.1037,35.67434],[136.10369,35.67444],[136.1037,35.67451],[136.1037,35.67451],[136.10374,35.67454],[136.10375,35.67457],[136.10381,35.67465],[136.1039,35.67483],[136.104,35.67505],[136.10401,35.67511],[136.104,35.67516],[136.10387,35.67541],[136.10381,35.67546],[136.10376,35.67549],[136.10366,35.6755],[136.1034,35.67551],[136.10328,35.67552],[136.10324,35.67554],[136.10323,35.67555],[136.10295,35.67579],[136.10288,35.67583],[136.10328,35.67673],[136.10328,35.67673],[136.1035,35.67736],[136.10376,35.67793],[136.10407,35.67852],[136.1045,35.67926],[136.10476,35.67988],[136.10515,35.68066],[136.10526,35.68115],[136.10527,35.68145],[136.1052,35.68181],[136.1051,35.68214],[136.10496,35.68238],[136.10478,35.68268],[136.10457,35.68305],[136.10435,35.68349],[136.10435,35.68349],[136.1041,35.68395],[136.10393,35.68455],[136.10374,35.68501],[136.10354,35.6855],[136.10329,35.68614],[136.10308,35.68692],[136.10293,35.68761],[136.10278,35.68858],[136.10254,35.68961],[136.1025,35.68993],[136.10253,35.69032],[136.10255,35.6905],[136.10257,35.69064],[136.10259,35.69096],[136.10252,35.69123],[136.1025,35.69161],[136.10255,35.69189],[136.10263,35.69215],[136.10266,35.69254],[136.10269,35.69293],[136.10265,35.69349],[136.10266,35.69425],[136.10257,35.69499],[136.10253,35.69547],[136.10254,35.69588],[136.10251,35.69631],[136.10248,35.69676],[136.10269,35.69767],[136.10319,35.69746],[136.10336,35.69743],[136.10356,35.69737],[136.10382,35.69733]]]}},{"type":"Feature","properties":{"name":"田尻","setai":17,"jinko":29,"key":"182020810","units":1,"m":18,"f":11,"gk":0,"a0":0,"a1":14,"a2":15,"a75":12,"ag":[0,0,0,0,0,1,1,0,1,1,1,3,6,0,3,4,4,2,2,0,0]},"geometry":{"type":"Polygon","coordinates":[[[136.11495,35.68588],[136.11481,35.68526],[136.11475,35.68486],[136.11471,35.68452],[136.11469,35.68427],[136.11487,35.68358],[136.11439,35.68368],[136.11425,35.68396],[136.11408,35.68422],[136.11391,35.68445],[136.11379,35.68454],[136.11352,35.68474],[136.11342,35.68487],[136.11333,35.68509],[136.11328,35.68527],[136.11314,35.68539],[136.11313,35.68539],[136.11292,35.68549],[136.11272,35.68559],[136.11238,35.68563],[136.11193,35.68568],[136.11196,35.68607],[136.11191,35.68627],[136.11181,35.68638],[136.11162,35.68657],[136.11143,35.68678],[136.11133,35.68693],[136.11122,35.68713],[136.111,35.68734],[136.11076,35.68743],[136.11049,35.68743],[136.11022,35.68739],[136.11004,35.68744],[136.11003,35.68756],[136.11004,35.68765],[136.11005,35.68781],[136.11011,35.68797],[136.11011,35.6882],[136.11008,35.68821],[136.10993,35.68828],[136.10979,35.68831],[136.10959,35.68834],[136.10939,35.68839],[136.10929,35.68852],[136.10927,35.68873],[136.10919,35.68892],[136.10913,35.6896],[136.10909,35.68992],[136.10897,35.69018],[136.1089,35.69034],[136.1087,35.69057],[136.10854,35.69074],[136.10843,35.69094],[136.10828,35.69104],[136.10808,35.69107],[136.10795,35.69124],[136.10785,35.69134],[136.10771,35.69158],[136.10772,35.69174],[136.10773,35.6919],[136.1077,35.69208],[136.10759,35.69228],[136.1074,35.69251],[136.10737,35.69272],[136.10755,35.69287],[136.10761,35.69299],[136.10763,35.6931],[136.10763,35.69326],[136.10762,35.69338],[136.10757,35.69353],[136.10759,35.69378],[136.10766,35.69413],[136.1077,35.6944],[136.1081,35.69456],[136.1083,35.69455],[136.10842,35.69444],[136.10851,35.69418],[136.10857,35.69377],[136.10869,35.69365],[136.10882,35.69352],[136.10886,35.69343],[136.10885,35.69325],[136.10891,35.69305],[136.10906,35.69292],[136.1093,35.69283],[136.10949,35.69264],[136.10956,35.69246],[136.10965,35.69224],[136.10971,35.69197],[136.10981,35.6918],[136.10992,35.69163],[136.11008,35.69148],[136.11035,35.69127],[136.11051,35.69111],[136.11067,35.69096],[136.11068,35.69095],[136.11086,35.69081],[136.11109,35.6908],[136.11132,35.6907],[136.11139,35.6905],[136.11162,35.69042],[136.11181,35.69043],[136.11196,35.69035],[136.11222,35.69021],[136.11242,35.68995],[136.11248,35.68978],[136.11254,35.68954],[136.11262,35.68914],[136.11266,35.6888],[136.11261,35.68859],[136.1125,35.68835],[136.11244,35.68814],[136.11254,35.68801],[136.11275,35.68771],[136.11273,35.68762],[136.11267,35.68743],[136.11275,35.68725],[136.11289,35.68706],[136.11308,35.68687],[136.11314,35.6868],[136.11334,35.68655],[136.11365,35.68612],[136.11389,35.68591],[136.11414,35.68591],[136.11447,35.68591],[136.1147,35.68591],[136.11495,35.68588]]]}},{"type":"Feature","properties":{"name":"葉原","setai":45,"jinko":106,"key":"182020820","units":1,"m":49,"f":57,"gk":0,"a0":4,"a1":45,"a2":57,"a75":28,"ag":[0,2,2,3,0,2,3,4,7,3,2,10,11,15,14,4,7,9,7,1,0]},"geometry":{"type":"Polygon","coordinates":[[[136.12643,35.69416],[136.12704,35.69352],[136.12693,35.69329],[136.12671,35.69306],[136.12662,35.6929],[136.12651,35.69268],[136.12639,35.69256],[136.12629,35.69244],[136.1262,35.69232],[136.12613,35.6922],[136.12603,35.6921],[136.12593,35.69198],[136.12587,35.69183],[136.12583,35.69174],[136.12562,35.69161],[136.12543,35.69162],[136.12524,35.69158],[136.12508,35.69152],[136.12498,35.69142],[136.12488,35.69134],[136.12475,35.69129],[136.12458,35.6913],[136.12437,35.69126],[136.12426,35.6912],[136.12411,35.69112],[136.12395,35.69104],[136.12376,35.69098],[136.12355,35.69089],[136.12346,35.69079],[136.12344,35.69068],[136.12343,35.69059],[136.12333,35.69046],[136.12319,35.69045],[136.123,35.69046],[136.12284,35.6904],[136.12271,35.69032],[136.12249,35.69031],[136.12222,35.69028],[136.12195,35.69026],[136.12174,35.69015],[136.12151,35.69],[136.12134,35.6898],[136.12133,35.68964],[136.12138,35.68951],[136.1214,35.68937],[136.12139,35.68923],[136.1214,35.6891],[136.1214,35.6891],[136.12153,35.68897],[136.12187,35.68889],[136.12221,35.68887],[136.1224,35.68888],[136.12266,35.68897],[136.1229,35.68906],[136.12312,35.6891],[136.12334,35.6891],[136.12353,35.68914],[136.12385,35.68925],[136.12406,35.68929],[136.12456,35.68929],[136.12472,35.68932],[136.12487,35.68929],[136.12505,35.68919],[136.1252,35.68907],[136.12538,35.68894],[136.12562,35.68885],[136.12599,35.68872],[136.12622,35.68867],[136.12648,35.6886],[136.12657,35.68854],[136.12675,35.68844],[136.12685,35.68827],[136.12691,35.68804],[136.12696,35.68787],[136.12712,35.6877],[136.12721,35.68761],[136.12724,35.68741],[136.12716,35.68718],[136.12708,35.68694],[136.12717,35.68667],[136.12732,35.68657],[136.12739,35.68644],[136.12741,35.68633],[136.12733,35.68621],[136.12731,35.68619],[136.12703,35.68621],[136.12654,35.68642],[136.12624,35.68658],[136.12603,35.68667],[136.1258,35.68695],[136.12548,35.68729],[136.12495,35.68757],[136.12465,35.68772],[136.12422,35.68783],[136.12375,35.68781],[136.12347,35.68767],[136.12329,35.68754],[136.12303,35.68741],[136.1226,35.68733],[136.12195,35.68743],[136.12158,35.68752],[136.12131,35.68747],[136.12097,35.68747],[136.12083,35.68753],[136.12059,35.68764],[136.12042,35.6877],[136.12013,35.68777],[136.11991,35.68777],[136.11976,35.68769],[136.11955,35.68762],[136.11949,35.6876],[136.11913,35.68757],[136.11886,35.68755],[136.11855,35.68741],[136.11805,35.68698],[136.11768,35.68659],[136.11747,35.68627],[136.11731,35.68603],[136.11728,35.68585],[136.11727,35.68566],[136.11718,35.68552],[136.11701,35.68532],[136.11676,35.68512],[136.11658,35.68479],[136.11642,35.68436],[136.11631,35.68415],[136.11625,35.68394],[136.11621,35.6838],[136.11607,35.68358],[136.11595,35.68346],[136.11574,35.68337],[136.11553,35.68337],[136.11545,35.68362],[136.11543,35.6838],[136.11533,35.68393],[136.1152,35.68387],[136.11507,35.6838],[136.11494,35.68367],[136.11487,35.68358],[136.11469,35.68427],[136.11471,35.68452],[136.11475,35.68486],[136.11481,35.68526],[136.11495,35.68588],[136.11537,35.68735],[136.11551,35.688],[136.11552,35.68813],[136.11555,35.68855],[136.11542,35.68891],[136.11526,35.68905],[136.11505,35.68917],[136.11498,35.68933],[136.11491,35.68944],[136.11479,35.68947],[136.11459,35.68955],[136.11447,35.68963],[136.11428,35.68979],[136.1141,35.68992],[136.11419,35.69004],[136.11436,35.69007],[136.1146,35.69009],[136.115,35.69004],[136.11523,35.68996],[136.11546,35.68987],[136.11563,35.68986],[136.1157,35.68996],[136.11569,35.69005],[136.11577,35.69024],[136.1159,35.69036],[136.11609,35.69056],[136.1162,35.69077],[136.11629,35.69098],[136.11626,35.69121],[136.11622,35.69132],[136.1161,35.69158],[136.11602,35.69176],[136.11608,35.69195],[136.11618,35.69207],[136.11621,35.69225],[136.11619,35.69241],[136.11614,35.69254],[136.11615,35.69268],[136.11624,35.69285],[136.11644,35.693],[136.11655,35.69301],[136.11666,35.69302],[136.11684,35.69297],[136.11707,35.69287],[136.11723,35.69295],[136.11729,35.69307],[136.11739,35.69322],[136.11751,35.69329],[136.11766,35.69326],[136.11772,35.69318],[136.11796,35.69308],[136.11811,35.69321],[136.11811,35.69337],[136.11799,35.69347],[136.11784,35.69357],[136.11772,35.69363],[136.1175,35.69366],[136.11724,35.69368],[136.11705,35.69367],[136.11677,35.69367],[136.1165,35.69365],[136.11627,35.69372],[136.11604,35.69381],[136.11617,35.69385],[136.11649,35.69396],[136.11677,35.6941],[136.11695,35.69427],[136.11696,35.69441],[136.11694,35.69452],[136.11687,35.69466],[136.11671,35.6948],[136.11651,35.6949],[136.11631,35.69488],[136.11612,35.69478],[136.11578,35.69465],[136.11542,35.69465],[136.11565,35.69507],[136.1156,35.69525],[136.11548,35.69533],[136.11534,35.69539],[136.11529,35.69539],[136.11517,35.69538],[136.11498,35.69534],[136.11482,35.69529],[136.11445,35.69516],[136.11414,35.69521],[136.11426,35.69535],[136.11442,35.69541],[136.11468,35.69557],[136.11471,35.69573],[136.11464,35.69582],[136.11449,35.69592],[136.11431,35.69602],[136.11408,35.69614],[136.114,35.69629],[136.11407,35.69643],[136.11405,35.69654],[136.11401,35.69666],[136.11389,35.69676],[136.11376,35.69684],[136.11354,35.69687],[136.11341,35.69681],[136.11323,35.69673],[136.11315,35.6967],[136.11304,35.69667],[136.11287,35.6967],[136.11278,35.69674],[136.11263,35.69684],[136.11247,35.69696],[136.11217,35.69714],[136.11194,35.69722],[136.11175,35.69741],[136.11173,35.69759],[136.11176,35.69775],[136.11185,35.69798],[136.11193,35.69815],[136.11199,35.69834],[136.11211,35.69855],[136.11226,35.69884],[136.11238,35.69919],[136.11243,35.69935],[136.1125,35.69956],[136.11259,35.69996],[136.11267,35.70038],[136.11273,35.70077],[136.11275,35.70129],[136.11282,35.7018],[136.11305,35.70239],[136.11316,35.70264],[136.11331,35.70298],[136.11387,35.70426],[136.11421,35.70547],[136.11424,35.70562],[136.11427,35.70582],[136.1143,35.70627],[136.11428,35.70636],[136.11422,35.7067],[136.11418,35.70745],[136.11426,35.70784],[136.11448,35.70791],[136.1147,35.70786],[136.11483,35.70771],[136.11491,35.70755],[136.11497,35.70726],[136.11505,35.70645],[136.11507,35.70562],[136.11508,35.7047],[136.11516,35.70258],[136.11516,35.70258],[136.11536,35.70084],[136.1156,35.69998],[136.11587,35.69943],[136.11638,35.69892],[136.11698,35.69836],[136.11743,35.69787],[136.11782,35.6974],[136.11833,35.69705],[136.11868,35.69669],[136.11906,35.69642],[136.11942,35.69616],[136.11969,35.696],[136.11996,35.696],[136.12003,35.69612],[136.12004,35.69626],[136.12002,35.69639],[136.12001,35.69653],[136.12002,35.69667],[136.12002,35.69685],[136.11995,35.697],[136.11984,35.69718],[136.11976,35.69737],[136.1198,35.69751],[136.11991,35.69768],[136.12009,35.69786],[136.1202,35.69805],[136.12023,35.69823],[136.12026,35.69842],[136.12023,35.69867],[136.12034,35.69888],[136.12044,35.69898],[136.1205,35.69912],[136.12051,35.69933],[136.12049,35.7001],[136.12058,35.7005],[136.12062,35.70102],[136.12043,35.70146],[136.12036,35.70173],[136.12044,35.70178],[136.12056,35.70175],[136.1207,35.70165],[136.12071,35.70165],[136.12081,35.70149],[136.12091,35.70134],[136.12113,35.70116],[136.12132,35.70097],[136.12137,35.70079],[136.12136,35.70063],[136.12142,35.70043],[136.12164,35.70024],[136.12168,35.70008],[136.12176,35.69993],[136.1217,35.69977],[136.12177,35.69961],[136.12195,35.69954],[136.12209,35.6995],[136.12216,35.69942],[136.12212,35.69928],[136.12205,35.69913],[136.12204,35.699],[136.12217,35.69892],[136.12235,35.69879],[136.12236,35.69868],[136.1223,35.69854],[136.12228,35.69826],[136.12215,35.69816],[136.12197,35.69806],[136.12193,35.69792],[136.12195,35.69778],[136.12201,35.69756],[136.12201,35.69733],[136.12192,35.69716],[136.12202,35.69699],[136.1221,35.69686],[136.12211,35.69672],[136.12204,35.69663],[136.12194,35.69639],[136.12174,35.69615],[136.12163,35.69596],[136.12154,35.69561],[136.12146,35.69535],[136.12144,35.69528],[136.12134,35.69502],[136.12133,35.69465],[136.12137,35.69432],[136.1213,35.69399],[136.12134,35.69365],[136.12151,35.69323],[136.12177,35.69296],[136.12219,35.6929],[136.12252,35.69291],[136.12303,35.69286],[136.12335,35.69268],[136.12357,35.69251],[136.12385,35.69249],[136.1242,35.69254],[136.12447,35.69261],[136.12476,35.69268],[136.12511,35.69282],[136.12523,35.69297],[136.12531,35.69316],[136.1254,35.69334],[136.12553,35.69358],[136.1257,35.69378],[136.12596,35.69396],[136.12643,35.69416]]]}},{"type":"Feature","properties":{"name":"新保","setai":26,"jinko":60,"key":"182020830","units":1,"m":27,"f":33,"gk":0,"a0":1,"a1":26,"a2":33,"a75":21,"ag":[1,0,0,1,3,1,3,3,2,2,2,0,9,3,9,6,5,7,2,1,0]},"geometry":{"type":"Polygon","coordinates":[[[136.14262,35.7161],[136.14299,35.71568],[136.14315,35.71525],[136.14353,35.71446],[136.14389,35.71408],[136.14439,35.7139],[136.14549,35.71362],[136.14586,35.71347],[136.14643,35.71273],[136.14678,35.71248],[136.14729,35.71221],[136.14794,35.71172],[136.14834,35.71133],[136.1487,35.71091],[136.14875,35.71071],[136.14879,35.70997],[136.14876,35.70974],[136.14839,35.70886],[136.14843,35.70833],[136.14858,35.7078],[136.14911,35.70694],[136.14921,35.70658],[136.14903,35.70588],[136.14901,35.70558],[136.149,35.70552],[136.14905,35.70491],[136.14904,35.70464],[136.14857,35.70425],[136.14842,35.70389],[136.14829,35.70349],[136.14819,35.70339],[136.1478,35.70321],[136.14764,35.70319],[136.14673,35.70287],[136.14634,35.70289],[136.14602,35.70302],[136.14562,35.70309],[136.14552,35.70304],[136.14537,35.70288],[136.1453,35.70261],[136.14543,35.70227],[136.14555,35.70204],[136.14565,35.7018],[136.14617,35.70088],[136.14687,35.70039],[136.14695,35.70025],[136.14698,35.69969],[136.14715,35.6993],[136.14725,35.69919],[136.14762,35.69906],[136.14817,35.6992],[136.14859,35.6992],[136.14887,35.69909],[136.14974,35.69854],[136.15035,35.69777],[136.15054,35.69707],[136.15042,35.69671],[136.14968,35.69531],[136.14963,35.69508],[136.1497,35.69477],[136.15014,35.69414],[136.15022,35.69382],[136.15012,35.69328],[136.15,35.69296],[136.15,35.69254],[136.15027,35.69161],[136.15024,35.69125],[136.14992,35.69089],[136.14908,35.69005],[136.149,35.68991],[136.14883,35.68924],[136.14897,35.68876],[136.14882,35.68833],[136.14827,35.68754],[136.14799,35.68735],[136.14729,35.68726],[136.14664,35.68719],[136.14624,35.68703],[136.14603,35.68673],[136.14575,35.68625],[136.14519,35.68467],[136.14454,35.6843],[136.14447,35.68404],[136.14442,35.68392],[136.14405,35.68367],[136.1435,35.68315],[136.14343,35.68245],[136.14327,35.68159],[136.14307,35.68118],[136.1429,35.68062],[136.14295,35.68028],[136.14283,35.67994],[136.14259,35.67942],[136.14232,35.67911],[136.14179,35.67899],[136.14162,35.67898],[136.14059,35.6786],[136.13999,35.6783],[136.13967,35.67796],[136.13959,35.67766],[136.13975,35.67735],[136.13978,35.67699],[136.13914,35.6759],[136.13879,35.67558],[136.13834,35.67535],[136.13797,35.67494],[136.13791,35.67384],[136.13783,35.67338],[136.13769,35.67305],[136.13729,35.6728],[136.13662,35.67266],[136.13634,35.67247],[136.13619,35.67225],[136.13608,35.67147],[136.13553,35.67102],[136.13506,35.67039],[136.13448,35.66986],[136.13449,35.66982],[136.13448,35.66954],[136.13447,35.66938],[136.13453,35.66921],[136.13471,35.66792],[136.13493,35.66755],[136.13541,35.66736],[136.13572,35.66662],[136.13612,35.66595],[136.13673,35.66548],[136.13738,35.66517],[136.13744,35.66515],[136.13626,35.66492],[136.1361,35.66489],[136.13605,35.66484],[136.13587,35.66478],[136.13562,35.66473],[136.13533,35.66466],[136.13509,35.66455],[136.13492,35.66438],[136.13474,35.66425],[136.13454,35.66414],[136.13433,35.66406],[136.13412,35.66397],[136.13396,35.66387],[136.13387,35.6637],[136.13376,35.66353],[136.13355,35.66322],[136.13322,35.66296],[136.13297,35.66274],[136.13272,35.66252],[136.13267,35.66249],[136.13264,35.6624],[136.13238,35.66217],[136.13209,35.66182],[136.13193,35.66156],[136.13175,35.66125],[136.13161,35.66106],[136.13153,35.66084],[136.13142,35.66061],[136.13133,35.66026],[136.13133,35.66015],[136.13105,35.65982],[136.13091,35.65965],[136.13073,35.65955],[136.1303,35.65938],[136.13001,35.65928],[136.1297,35.65914],[136.12942,35.65896],[136.12921,35.65883],[136.12904,35.65864],[136.12887,35.65846],[136.12861,35.65833],[136.12838,35.65819],[136.1282,35.65807],[136.12801,35.65787],[136.12786,35.65772],[136.12754,35.6574],[136.12731,35.65712],[136.12725,35.65705],[136.12698,35.65662],[136.12677,35.65616],[136.12663,35.65568],[136.12649,35.65531],[136.12634,35.65497],[136.12626,35.65476],[136.12615,35.6546],[136.1261,35.65451],[136.12581,35.6541],[136.12544,35.65375],[136.12506,35.65352],[136.12447,35.65331],[136.1243,35.65373],[136.12419,35.65415],[136.12413,35.65471],[136.12414,35.65522],[136.12413,35.65585],[136.12409,35.65646],[136.12413,35.65698],[136.12411,35.65737],[136.12409,35.65775],[136.12394,35.65811],[136.12367,35.65845],[136.12347,35.65875],[136.12324,35.65896],[136.12286,35.65916],[136.12264,35.65932],[136.12236,35.65962],[136.122,35.66002],[136.122,35.66002],[136.12144,35.6605],[136.12108,35.66074],[136.12069,35.66099],[136.12038,35.66123],[136.12012,35.66153],[136.11992,35.66181],[136.11971,35.66216],[136.11945,35.66241],[136.11926,35.66262],[136.11909,35.66284],[136.11892,35.6631],[136.11876,35.66327],[136.11863,35.66346],[136.1185,35.66377],[136.11845,35.66399],[136.11833,35.66423],[136.11814,35.66445],[136.11795,35.66461],[136.11778,35.66487],[136.11761,35.66534],[136.1175,35.66553],[136.11734,35.6657],[136.11712,35.66587],[136.1171,35.66589],[136.11688,35.66608],[136.11623,35.66703],[136.11674,35.66803],[136.11685,35.66865],[136.11694,35.66929],[136.11692,35.66941],[136.11769,35.66939],[136.11759,35.67266],[136.11733,35.67299],[136.11736,35.67309],[136.11743,35.67361],[136.11745,35.67376],[136.11754,35.67429],[136.11752,35.67468],[136.11758,35.67511],[136.11767,35.67544],[136.11777,35.67597],[136.11778,35.67654],[136.11775,35.67718],[136.11766,35.6777],[136.11732,35.67844],[136.11676,35.67929],[136.1163,35.67986],[136.11606,35.68],[136.1159,35.67999],[136.11577,35.67991],[136.11564,35.67981],[136.11536,35.68011],[136.11517,35.68046],[136.11501,35.68087],[136.1149,35.6813],[136.11484,35.6818],[136.11486,35.68207],[136.11486,35.68248],[136.11489,35.68292],[136.11492,35.68328],[136.11487,35.68358],[136.11494,35.68367],[136.11507,35.6838],[136.1152,35.68387],[136.11533,35.68393],[136.11543,35.6838],[136.11545,35.68362],[136.11553,35.68337],[136.11574,35.68337],[136.11595,35.68346],[136.11607,35.68358],[136.11621,35.6838],[136.11625,35.68394],[136.11631,35.68415],[136.11642,35.68436],[136.11658,35.68479],[136.11676,35.68512],[136.11701,35.68532],[136.11718,35.68552],[136.11727,35.68566],[136.11728,35.68585],[136.11731,35.68603],[136.11747,35.68627],[136.11768,35.68659],[136.11805,35.68698],[136.11855,35.68741],[136.11886,35.68755],[136.11913,35.68757],[136.11949,35.6876],[136.11955,35.68762],[136.11976,35.68769],[136.11991,35.68777],[136.12013,35.68777],[136.12042,35.6877],[136.12059,35.68764],[136.12083,35.68753],[136.12097,35.68747],[136.12131,35.68747],[136.12158,35.68752],[136.12195,35.68743],[136.1226,35.68733],[136.12303,35.68741],[136.12329,35.68754],[136.12347,35.68767],[136.12375,35.68781],[136.12422,35.68783],[136.12465,35.68772],[136.12495,35.68757],[136.12548,35.68729],[136.1258,35.68695],[136.12603,35.68667],[136.12624,35.68658],[136.12654,35.68642],[136.12703,35.68621],[136.12731,35.68619],[136.12733,35.68621],[136.12741,35.68633],[136.12739,35.68644],[136.12732,35.68657],[136.12717,35.68667],[136.12708,35.68694],[136.12716,35.68718],[136.12724,35.68741],[136.12721,35.68761],[136.12712,35.6877],[136.12696,35.68787],[136.12691,35.68804],[136.12685,35.68827],[136.12675,35.68844],[136.12657,35.68854],[136.12648,35.6886],[136.12622,35.68867],[136.12599,35.68872],[136.12562,35.68885],[136.12538,35.68894],[136.1252,35.68907],[136.12505,35.68919],[136.12487,35.68929],[136.12472,35.68932],[136.12456,35.68929],[136.12406,35.68929],[136.12385,35.68925],[136.12353,35.68914],[136.12334,35.6891],[136.12312,35.6891],[136.1229,35.68906],[136.12266,35.68897],[136.1224,35.68888],[136.12221,35.68887],[136.12187,35.68889],[136.12153,35.68897],[136.1214,35.6891],[136.1214,35.6891],[136.12139,35.68923],[136.1214,35.68937],[136.12138,35.68951],[136.12133,35.68964],[136.12134,35.6898],[136.12151,35.69],[136.12174,35.69015],[136.12195,35.69026],[136.12222,35.69028],[136.12249,35.69031],[136.12271,35.69032],[136.12284,35.6904],[136.123,35.69046],[136.12319,35.69045],[136.12333,35.69046],[136.12343,35.69059],[136.12344,35.69068],[136.12346,35.69079],[136.12355,35.69089],[136.12376,35.69098],[136.12395,35.69104],[136.12411,35.69112],[136.12426,35.6912],[136.12437,35.69126],[136.12458,35.6913],[136.12475,35.69129],[136.12488,35.69134],[136.12498,35.69142],[136.12508,35.69152],[136.12524,35.69158],[136.12543,35.69162],[136.12562,35.69161],[136.12583,35.69174],[136.12587,35.69183],[136.12593,35.69198],[136.12603,35.6921],[136.12613,35.6922],[136.1262,35.69232],[136.12629,35.69244],[136.12639,35.69256],[136.12651,35.69268],[136.12662,35.6929],[136.12671,35.69306],[136.12693,35.69329],[136.12704,35.69352],[136.12643,35.69416],[136.12596,35.69396],[136.1257,35.69378],[136.12553,35.69358],[136.1254,35.69334],[136.12531,35.69316],[136.12523,35.69297],[136.12511,35.69282],[136.12476,35.69268],[136.12447,35.69261],[136.1242,35.69254],[136.12385,35.69249],[136.12357,35.69251],[136.12335,35.69268],[136.12303,35.69286],[136.12252,35.69291],[136.12219,35.6929],[136.12177,35.69296],[136.12151,35.69323],[136.12134,35.69365],[136.1213,35.69399],[136.12137,35.69432],[136.12133,35.69465],[136.12134,35.69502],[136.12144,35.69528],[136.12146,35.69535],[136.12154,35.69561],[136.12163,35.69596],[136.12174,35.69615],[136.12194,35.69639],[136.12204,35.69663],[136.12211,35.69672],[136.1221,35.69686],[136.12202,35.69699],[136.12192,35.69716],[136.12201,35.69733],[136.12201,35.69756],[136.12195,35.69778],[136.12193,35.69792],[136.12197,35.69806],[136.12215,35.69816],[136.12228,35.69826],[136.1223,35.69854],[136.12236,35.69868],[136.12235,35.69879],[136.12217,35.69892],[136.12204,35.699],[136.12205,35.69913],[136.12212,35.69928],[136.12216,35.69942],[136.12209,35.6995],[136.12195,35.69954],[136.12177,35.69961],[136.1217,35.69977],[136.12176,35.69993],[136.12168,35.70008],[136.12164,35.70024],[136.12142,35.70043],[136.12136,35.70063],[136.12137,35.70079],[136.12132,35.70097],[136.12113,35.70116],[136.12091,35.70134],[136.12081,35.70149],[136.12071,35.70165],[136.1207,35.70165],[136.12056,35.70175],[136.12044,35.70178],[136.12036,35.70173],[136.12043,35.70146],[136.12062,35.70102],[136.12058,35.7005],[136.12049,35.7001],[136.12051,35.69933],[136.1205,35.69912],[136.12044,35.69898],[136.12034,35.69888],[136.12023,35.69867],[136.12026,35.69842],[136.12023,35.69823],[136.1202,35.69805],[136.12009,35.69786],[136.11991,35.69768],[136.1198,35.69751],[136.11976,35.69737],[136.11984,35.69718],[136.11995,35.697],[136.12002,35.69685],[136.12002,35.69667],[136.12001,35.69653],[136.12002,35.69639],[136.12004,35.69626],[136.12003,35.69612],[136.11996,35.696],[136.11969,35.696],[136.11942,35.69616],[136.11906,35.69642],[136.11868,35.69669],[136.11833,35.69705],[136.11782,35.6974],[136.11743,35.69787],[136.11698,35.69836],[136.11638,35.69892],[136.11587,35.69943],[136.1156,35.69998],[136.11536,35.70084],[136.11516,35.70258],[136.11516,35.70258],[136.11508,35.7047],[136.11507,35.70562],[136.11505,35.70645],[136.11497,35.70726],[136.11491,35.70755],[136.11483,35.70771],[136.1147,35.70786],[136.11448,35.70791],[136.11426,35.70784],[136.11418,35.70745],[136.11422,35.7067],[136.11428,35.70636],[136.1143,35.70627],[136.11427,35.70582],[136.11424,35.70562],[136.11421,35.70547],[136.11387,35.70426],[136.11331,35.70298],[136.11316,35.70264],[136.11305,35.70239],[136.11282,35.7018],[136.11275,35.70129],[136.11273,35.70077],[136.11267,35.70038],[136.11259,35.69996],[136.1125,35.69956],[136.11243,35.69935],[136.11238,35.69919],[136.11226,35.69884],[136.11211,35.69855],[136.11199,35.69834],[136.11193,35.69815],[136.11185,35.69798],[136.11176,35.69775],[136.11173,35.69759],[136.11175,35.69741],[136.11194,35.69722],[136.11217,35.69714],[136.11247,35.69696],[136.11263,35.69684],[136.11278,35.69674],[136.11287,35.6967],[136.11304,35.69667],[136.11315,35.6967],[136.11323,35.69673],[136.11341,35.69681],[136.11354,35.69687],[136.11376,35.69684],[136.11389,35.69676],[136.11401,35.69666],[136.11405,35.69654],[136.11407,35.69643],[136.114,35.69629],[136.11408,35.69614],[136.11431,35.69602],[136.11449,35.69592],[136.11464,35.69582],[136.11471,35.69573],[136.11468,35.69557],[136.11442,35.69541],[136.11426,35.69535],[136.11414,35.69521],[136.11445,35.69516],[136.11482,35.69529],[136.11498,35.69534],[136.11517,35.69538],[136.11529,35.69539],[136.11534,35.69539],[136.11548,35.69533],[136.1156,35.69525],[136.11565,35.69507],[136.11542,35.69465],[136.11578,35.69465],[136.11612,35.69478],[136.11631,35.69488],[136.11651,35.6949],[136.11671,35.6948],[136.11687,35.69466],[136.11694,35.69452],[136.11696,35.69441],[136.11695,35.69427],[136.11677,35.6941],[136.11649,35.69396],[136.11617,35.69385],[136.11604,35.69381],[136.11627,35.69372],[136.1165,35.69365],[136.11677,35.69367],[136.11705,35.69367],[136.11724,35.69368],[136.1175,35.69366],[136.11772,35.69363],[136.11784,35.69357],[136.11799,35.69347],[136.11811,35.69337],[136.11811,35.69321],[136.11796,35.69308],[136.11772,35.69318],[136.11766,35.69326],[136.11751,35.69329],[136.11739,35.69322],[136.11729,35.69307],[136.11723,35.69295],[136.11707,35.69287],[136.11684,35.69297],[136.11666,35.69302],[136.11655,35.69301],[136.11644,35.693],[136.11624,35.69285],[136.11615,35.69268],[136.11614,35.69254],[136.11619,35.69241],[136.11621,35.69225],[136.11618,35.69207],[136.11608,35.69195],[136.11602,35.69176],[136.1161,35.69158],[136.11622,35.69132],[136.11626,35.69121],[136.11629,35.69098],[136.1162,35.69077],[136.11609,35.69056],[136.1159,35.69036],[136.11577,35.69024],[136.11569,35.69005],[136.1157,35.68996],[136.11563,35.68986],[136.11546,35.68987],[136.11523,35.68996],[136.115,35.69004],[136.1146,35.69009],[136.11436,35.69007],[136.11419,35.69004],[136.1141,35.68992],[136.11428,35.68979],[136.11447,35.68963],[136.11459,35.68955],[136.11479,35.68947],[136.11491,35.68944],[136.11498,35.68933],[136.11505,35.68917],[136.11526,35.68905],[136.11542,35.68891],[136.11555,35.68855],[136.11552,35.68813],[136.11551,35.688],[136.11537,35.68735],[136.11495,35.68588],[136.1147,35.68591],[136.11447,35.68591],[136.11414,35.68591],[136.11389,35.68591],[136.11365,35.68612],[136.11334,35.68655],[136.11314,35.6868],[136.11308,35.68687],[136.11289,35.68706],[136.11275,35.68725],[136.11267,35.68743],[136.11273,35.68762],[136.11275,35.68771],[136.11254,35.68801],[136.11244,35.68814],[136.1125,35.68835],[136.11261,35.68859],[136.11266,35.6888],[136.11262,35.68914],[136.11254,35.68954],[136.11248,35.68978],[136.11242,35.68995],[136.11222,35.69021],[136.11196,35.69035],[136.11181,35.69043],[136.11162,35.69042],[136.11139,35.6905],[136.11132,35.6907],[136.11109,35.6908],[136.11086,35.69081],[136.11068,35.69095],[136.11067,35.69096],[136.11051,35.69111],[136.11035,35.69127],[136.11008,35.69148],[136.10992,35.69163],[136.10981,35.6918],[136.10971,35.69197],[136.10965,35.69224],[136.10956,35.69246],[136.10949,35.69264],[136.1093,35.69283],[136.10906,35.69292],[136.10891,35.69305],[136.10885,35.69325],[136.10886,35.69343],[136.10882,35.69352],[136.10869,35.69365],[136.10857,35.69377],[136.10851,35.69418],[136.10842,35.69444],[136.1083,35.69455],[136.1081,35.69456],[136.1077,35.6944],[136.10741,35.69486],[136.10727,35.6954],[136.10713,35.69568],[136.10703,35.69586],[136.10677,35.69591],[136.10649,35.69591],[136.10624,35.69591],[136.10595,35.69602],[136.10579,35.69619],[136.10574,35.69639],[136.10563,35.69659],[136.10549,35.69678],[136.10529,35.69686],[136.10509,35.69688],[136.10478,35.69693],[136.10455,35.69702],[136.10445,35.69713],[136.10436,35.69721],[136.10415,35.69729],[136.10407,35.69728],[136.10382,35.69733],[136.10356,35.69737],[136.10336,35.69743],[136.10319,35.69746],[136.10269,35.69767],[136.10301,35.69847],[136.1033,35.69899],[136.10373,35.69974],[136.10433,35.70067],[136.10485,35.70133],[136.10531,35.70187],[136.10564,35.70235],[136.10587,35.70269],[136.10602,35.70303],[136.10604,35.70307],[136.10634,35.70357],[136.10657,35.70389],[136.10683,35.7043],[136.10715,35.70482],[136.10754,35.7054],[136.10769,35.70563],[136.10787,35.70589],[136.10819,35.70644],[136.10836,35.70684],[136.10854,35.70733],[136.10879,35.70776],[136.10902,35.70814],[136.10926,35.70844],[136.10955,35.70878],[136.10975,35.70914],[136.10988,35.70945],[136.1099,35.70948],[136.11001,35.70966],[136.11029,35.70989],[136.11051,35.71011],[136.1107,35.71033],[136.11094,35.71067],[136.11118,35.71094],[136.11155,35.71127],[136.11212,35.71163],[136.11253,35.71185],[136.11298,35.71205],[136.11317,35.71209],[136.11341,35.71215],[136.11381,35.71223],[136.11427,35.71231],[136.11482,35.71238],[136.11545,35.71243],[136.11603,35.71245],[136.11683,35.71247],[136.11729,35.71247],[136.11741,35.71248],[136.11819,35.7124],[136.11875,35.71233],[136.11923,35.7123],[136.1195,35.71235],[136.11985,35.7124],[136.12021,35.71243],[136.12068,35.71242],[136.12118,35.71242],[136.12203,35.71251],[136.12311,35.71251],[136.12425,35.71249],[136.12486,35.71267],[136.12519,35.71288],[136.12544,35.71315],[136.1256,35.71339],[136.12561,35.71341],[136.12575,35.71375],[136.12603,35.71413],[136.12625,35.71456],[136.12645,35.71499],[136.12678,35.71561],[136.12715,35.71596],[136.12749,35.71617],[136.12791,35.71632],[136.12839,35.71645],[136.12885,35.71651],[136.12927,35.71652],[136.12972,35.71649],[136.13025,35.71644],[136.13078,35.71641],[136.13122,35.7164],[136.132,35.71635],[136.13232,35.71635],[136.13289,35.71633],[136.13392,35.7163],[136.1346,35.71638],[136.13556,35.71631],[136.13639,35.71628],[136.13778,35.71625],[136.13907,35.71604],[136.13949,35.716],[136.13995,35.71607],[136.14032,35.71625],[136.1405,35.7164],[136.14088,35.71681],[136.14155,35.71657],[136.14262,35.7161]]]}},{"type":"Feature","properties":{"name":"泉ケ丘町","setai":137,"jinko":597,"key":"182020840","units":1,"m":229,"f":368,"gk":5,"a0":31,"a1":170,"a2":396,"a75":314,"ag":[5,8,18,14,10,4,5,12,27,26,27,21,24,35,47,43,61,83,93,23,11]},"geometry":{"type":"Polygon","coordinates":[[[136.09372,35.64385],[136.09371,35.64382],[136.09369,35.6438],[136.093,35.64384],[136.09292,35.64384],[136.09288,35.64382],[136.09286,35.6438],[136.09281,35.64368],[136.09275,35.6435],[136.09275,35.64342],[136.09277,35.64338],[136.09279,35.64335],[136.09281,35.64332],[136.09286,35.64321],[136.09287,35.64303],[136.0929,35.64294],[136.09299,35.64288],[136.09317,35.64283],[136.09331,35.64279],[136.0933,35.64276],[136.09318,35.64272],[136.09308,35.64267],[136.09298,35.64262],[136.0929,35.64263],[136.09284,35.64263],[136.09276,35.64268],[136.09273,35.64274],[136.09263,35.64286],[136.09259,35.6429],[136.09253,35.6429],[136.09245,35.64288],[136.0923,35.64279],[136.09227,35.64272],[136.09222,35.64256],[136.09213,35.64236],[136.09202,35.64215],[136.09191,35.642],[136.09185,35.64193],[136.09178,35.64189],[136.09172,35.64183],[136.09166,35.64175],[136.09157,35.64166],[136.09143,35.64159],[136.0913,35.64147],[136.09124,35.64139],[136.0912,35.64124],[136.09119,35.64109],[136.09114,35.64097],[136.09097,35.64085],[136.09082,35.64067],[136.0907,35.64047],[136.09059,35.64028],[136.09055,35.64017],[136.09055,35.64006],[136.09063,35.63991],[136.09073,35.63975],[136.09076,35.63963],[136.09072,35.63949],[136.09065,35.63939],[136.0906,35.63927],[136.09058,35.63913],[136.09061,35.63893],[136.09056,35.6387],[136.09048,35.63846],[136.09041,35.63834],[136.09031,35.63822],[136.0902,35.63809],[136.09013,35.63796],[136.09009,35.63785],[136.09004,35.63775],[136.08991,35.63759],[136.08962,35.63734],[136.08941,35.63713],[136.08923,35.63697],[136.0891,35.63688],[136.08898,35.63683],[136.08883,35.63681],[136.08873,35.63679],[136.08852,35.63675],[136.08832,35.6367],[136.08819,35.6366],[136.08815,35.6365],[136.0881,35.63639],[136.08801,35.63632],[136.08792,35.63628],[136.08777,35.63627],[136.08694,35.63625],[136.08694,35.63573],[136.08694,35.63566],[136.08645,35.63563],[136.08639,35.63563],[136.08635,35.63565],[136.0863,35.63571],[136.08627,35.63577],[136.0862,35.63593],[136.08616,35.6361],[136.08615,35.63623],[136.08616,35.63632],[136.08613,35.63639],[136.08608,35.63643],[136.08605,35.63644],[136.08595,35.63645],[136.08584,35.63646],[136.08579,35.63648],[136.08577,35.63653],[136.08578,35.63663],[136.08582,35.63696],[136.08583,35.63707],[136.08587,35.63713],[136.08593,35.63719],[136.08607,35.63727],[136.08612,35.63733],[136.08613,35.63737],[136.08612,35.63743],[136.08609,35.63749],[136.08602,35.63754],[136.08595,35.63758],[136.0858,35.63764],[136.08566,35.63772],[136.08559,35.63777],[136.0855,35.63788],[136.08542,35.638],[136.08537,35.6381],[136.08532,35.6383],[136.08538,35.63852],[136.08545,35.6387],[136.0856,35.63896],[136.08573,35.63925],[136.08577,35.63941],[136.08572,35.63949],[136.08591,35.63948],[136.08592,35.63948],[136.08599,35.6395],[136.08607,35.63959],[136.0861,35.63968],[136.0861,35.63987],[136.08608,35.63996],[136.086,35.64009],[136.08593,35.64021],[136.08592,35.64033],[136.08596,35.64046],[136.08603,35.64061],[136.08601,35.64073],[136.08602,35.64084],[136.08609,35.641],[136.08618,35.64113],[136.0865,35.64144],[136.08678,35.64171],[136.08697,35.6419],[136.08704,35.64203],[136.08713,35.64231],[136.0872,35.64247],[136.08727,35.64257],[136.08736,35.6427],[136.08747,35.64278],[136.08755,35.64289],[136.0876,35.64302],[136.08765,35.64314],[136.08772,35.64326],[136.0879,35.64353],[136.08806,35.64372],[136.08812,35.64381],[136.08817,35.64393],[136.08823,35.64404],[136.08833,35.64416],[136.08848,35.64422],[136.08862,35.6443],[136.08867,35.64435],[136.08872,35.64445],[136.08878,35.64462],[136.08887,35.64477],[136.08902,35.64487],[136.08916,35.64494],[136.08932,35.64501],[136.0895,35.64508],[136.08963,35.64515],[136.0897,35.64523],[136.08978,35.64533],[136.08988,35.64545],[136.08998,35.64554],[136.09015,35.6456],[136.09034,35.64564],[136.09048,35.64565],[136.09065,35.64569],[136.09078,35.64571],[136.091,35.64575],[136.0912,35.64582],[136.0913,35.64587],[136.09145,35.64593],[136.09162,35.64585],[136.09177,35.64578],[136.09203,35.64565],[136.09253,35.64551],[136.09246,35.64529],[136.09258,35.64521],[136.093,35.64496],[136.09322,35.64487],[136.09344,35.64477],[136.09356,35.64466],[136.09362,35.64458],[136.09366,35.64449],[136.0937,35.64431],[136.09369,35.64411],[136.0937,35.64395],[136.09372,35.64385]]]}},{"type":"Feature","properties":{"name":"長沢","setai":539,"jinko":1069,"key":"182020850","units":1,"m":546,"f":523,"gk":16,"a0":99,"a1":638,"a2":283,"a75":140,"ag":[23,43,33,45,50,63,61,58,55,85,82,77,62,68,75,52,49,28,10,1,0],"nf":49},"geometry":{"type":"Polygon","coordinates":[[[136.06829,35.6378],[136.0705,35.63754],[136.0705,35.63756],[136.07082,35.63754],[136.07102,35.63757],[136.07116,35.6376],[136.07124,35.63761],[136.07121,35.63755],[136.07113,35.63684],[136.07301,35.63681],[136.07312,35.63682],[136.07319,35.63641],[136.07328,35.63588],[136.07332,35.63556],[136.07346,35.6348],[136.07353,35.63447],[136.07363,35.63413],[136.07381,35.63365],[136.07393,35.63335],[136.0741,35.63294],[136.07383,35.63294],[136.0737,35.63293],[136.07366,35.63288],[136.07356,35.6324],[136.07305,35.63239],[136.0729,35.63238],[136.07238,35.6323],[136.072,35.63224],[136.07168,35.63227],[136.07156,35.63228],[136.07117,35.63229],[136.07081,35.63227],[136.07065,35.63247],[136.07031,35.63299],[136.06996,35.63281],[136.06997,35.63262],[136.06977,35.63262],[136.06949,35.63261],[136.0694,35.6326],[136.06933,35.63259],[136.06927,35.6326],[136.0692,35.63261],[136.0691,35.63265],[136.06904,35.63264],[136.06896,35.63261],[136.0688,35.6326],[136.06858,35.6326],[136.06838,35.63262],[136.06819,35.63266],[136.06809,35.63269],[136.06803,35.63271],[136.06794,35.63273],[136.06785,35.63276],[136.06777,35.63285],[136.06773,35.63291],[136.06771,35.63297],[136.06765,35.63304],[136.06759,35.63314],[136.06757,35.63322],[136.06757,35.63331],[136.06749,35.63335],[136.06739,35.63346],[136.06733,35.63354],[136.06732,35.63356],[136.06732,35.63358],[136.06731,35.63369],[136.06709,35.63369],[136.06707,35.63333],[136.06703,35.63333],[136.06684,35.63328],[136.06681,35.63328],[136.06668,35.63342],[136.06611,35.63359],[136.06607,35.63354],[136.06593,35.63357],[136.06596,35.63369],[136.06598,35.63381],[136.06542,35.63429],[136.06534,35.63426],[136.0646,35.63443],[136.06449,35.6344],[136.06404,35.63431],[136.06368,35.63445],[136.06339,35.63432],[136.06289,35.63438],[136.06126,35.63459],[136.0613,35.6347],[136.06149,35.63525],[136.06626,35.63469],[136.06648,35.63467],[136.06705,35.63795],[136.06829,35.6378]]]}},{"type":"Feature","properties":{"name":"岡山町一丁目","setai":54,"jinko":114,"key":"18202086001","units":1,"m":60,"f":54,"gk":0,"a0":13,"a1":62,"a2":39,"a75":16,"ag":[7,5,1,2,3,4,11,7,5,10,5,8,7,8,15,7,2,5,2,0,0]},"geometry":{"type":"Polygon","coordinates":[[[136.07031,35.63299],[136.07065,35.63247],[136.07081,35.63227],[136.07117,35.63229],[136.07156,35.63228],[136.07168,35.63227],[136.072,35.63224],[136.07238,35.6323],[136.0729,35.63238],[136.07305,35.63239],[136.07356,35.6324],[136.07366,35.63288],[136.0737,35.63293],[136.07383,35.63294],[136.0741,35.63294],[136.07434,35.63234],[136.07449,35.63197],[136.07458,35.63176],[136.07419,35.63175],[136.0726,35.63183],[136.07155,35.63195],[136.07101,35.63198],[136.07103,35.63195],[136.07125,35.63165],[136.07133,35.63154],[136.07137,35.63149],[136.07156,35.63124],[136.0719,35.63077],[136.07202,35.63059],[136.07214,35.63044],[136.07226,35.63026],[136.07212,35.6302],[136.07204,35.63014],[136.07197,35.63004],[136.07187,35.62996],[136.07167,35.62987],[136.0715,35.6298],[136.0714,35.62979],[136.07119,35.6298],[136.07097,35.62983],[136.0709,35.62985],[136.07079,35.62992],[136.07072,35.62997],[136.0707,35.62998],[136.07066,35.62996],[136.07057,35.6299],[136.07051,35.62985],[136.07045,35.62982],[136.07037,35.62982],[136.07031,35.62983],[136.07025,35.62986],[136.07022,35.62987],[136.07021,35.6299],[136.07021,35.62993],[136.07021,35.62997],[136.07024,35.63003],[136.07028,35.63009],[136.07031,35.63013],[136.07033,35.63016],[136.07032,35.63017],[136.07022,35.63023],[136.07011,35.63032],[136.07006,35.63036],[136.06995,35.6305],[136.06986,35.63063],[136.06979,35.63071],[136.06973,35.6308],[136.06971,35.63086],[136.06971,35.63091],[136.06971,35.63096],[136.06973,35.631],[136.06947,35.63102],[136.069,35.63102],[136.06906,35.63116],[136.06913,35.63136],[136.06894,35.63139],[136.06892,35.6318],[136.06892,35.63216],[136.06901,35.63216],[136.06904,35.63264],[136.0691,35.63265],[136.0692,35.63261],[136.06927,35.6326],[136.06933,35.63259],[136.0694,35.6326],[136.06949,35.63261],[136.06977,35.63262],[136.06997,35.63262],[136.06996,35.63281],[136.07031,35.63299]]]}},{"type":"Feature","properties":{"name":"岡山町二丁目","setai":326,"jinko":703,"key":"18202086002","units":1,"m":364,"f":339,"gk":6,"a0":94,"a1":406,"a2":187,"a75":97,"ag":[37,28,29,31,25,47,38,45,42,63,47,39,29,45,45,30,20,23,22,2,0],"nf":16},"geometry":{"type":"Polygon","coordinates":[[[136.07258,35.62983],[136.07275,35.62952],[136.07293,35.62914],[136.07321,35.62852],[136.07367,35.62757],[136.07388,35.62725],[136.07406,35.62696],[136.07368,35.62621],[136.07334,35.62547],[136.07267,35.62418],[136.07213,35.62435],[136.0716,35.62453],[136.07074,35.62483],[136.07102,35.62552],[136.07115,35.62584],[136.07121,35.62607],[136.07032,35.62629],[136.07024,35.6263],[136.07019,35.62632],[136.07016,35.62633],[136.07014,35.62638],[136.07017,35.62651],[136.07022,35.62668],[136.06978,35.62683],[136.06982,35.62718],[136.0699,35.62764],[136.07016,35.62836],[136.07033,35.62884],[136.07051,35.62928],[136.07056,35.6294],[136.07058,35.62945],[136.07069,35.62952],[136.07066,35.62955],[136.07061,35.62952],[136.07052,35.62949],[136.07036,35.62946],[136.07006,35.62942],[136.07025,35.62986],[136.07031,35.62983],[136.07037,35.62982],[136.07045,35.62982],[136.07051,35.62985],[136.07057,35.6299],[136.07066,35.62996],[136.0707,35.62998],[136.07072,35.62997],[136.07079,35.62992],[136.0709,35.62985],[136.07097,35.62983],[136.07119,35.6298],[136.0714,35.62979],[136.0715,35.6298],[136.07167,35.62987],[136.07187,35.62996],[136.07197,35.63004],[136.07204,35.63014],[136.07212,35.6302],[136.07226,35.63026],[136.07235,35.63015],[136.07249,35.62997],[136.07258,35.62983]]]}},{"type":"Feature","properties":{"name":"古田刈","setai":890,"jinko":2146,"key":"182020870","units":1,"m":1084,"f":1062,"gk":19,"a0":352,"a1":1422,"a2":341,"a75":148,"ag":[119,127,106,104,96,131,162,165,144,179,151,145,145,92,101,72,31,29,15,1,0],"nf":31},"geometry":{"type":"Polygon","coordinates":[[[136.06289,35.63438],[136.06339,35.63432],[136.06368,35.63445],[136.06404,35.63431],[136.06449,35.6344],[136.0646,35.63443],[136.06534,35.63426],[136.06542,35.63429],[136.06598,35.63381],[136.06596,35.63369],[136.06593,35.63357],[136.06607,35.63354],[136.06611,35.63359],[136.06668,35.63342],[136.06681,35.63328],[136.06684,35.63328],[136.06703,35.63333],[136.06707,35.63333],[136.06709,35.63369],[136.06731,35.63369],[136.06732,35.63358],[136.06732,35.63356],[136.06733,35.63354],[136.06739,35.63346],[136.06749,35.63335],[136.06757,35.63331],[136.06757,35.63322],[136.06759,35.63314],[136.06765,35.63304],[136.06771,35.63297],[136.06773,35.63291],[136.06777,35.63285],[136.06785,35.63276],[136.06794,35.63273],[136.06803,35.63271],[136.06809,35.63269],[136.06819,35.63266],[136.06838,35.63262],[136.06858,35.6326],[136.0688,35.6326],[136.06896,35.63261],[136.06904,35.63264],[136.06901,35.63216],[136.06892,35.63216],[136.06892,35.6318],[136.06894,35.63139],[136.06913,35.63136],[136.06906,35.63116],[136.069,35.63102],[136.06947,35.63102],[136.06973,35.631],[136.06971,35.63096],[136.06971,35.63091],[136.06971,35.63086],[136.06973,35.6308],[136.06979,35.63071],[136.06986,35.63063],[136.06995,35.6305],[136.07006,35.63036],[136.07011,35.63032],[136.07022,35.63023],[136.07032,35.63017],[136.07033,35.63016],[136.07031,35.63013],[136.07028,35.63009],[136.07024,35.63003],[136.07021,35.62997],[136.07021,35.62993],[136.07021,35.6299],[136.07022,35.62987],[136.07025,35.62986],[136.07006,35.62942],[136.07036,35.62946],[136.07052,35.62949],[136.07061,35.62952],[136.07066,35.62955],[136.07069,35.62952],[136.07058,35.62945],[136.07056,35.6294],[136.07051,35.62928],[136.07033,35.62884],[136.07016,35.62836],[136.0699,35.62764],[136.06982,35.62718],[136.06908,35.62726],[136.06903,35.62727],[136.06821,35.62736],[136.06769,35.62743],[136.06719,35.62566],[136.06636,35.62596],[136.06605,35.62609],[136.06571,35.62623],[136.06529,35.62642],[136.06482,35.62663],[136.0647,35.62668],[136.06441,35.62683],[136.0634,35.62734],[136.06338,35.62735],[136.06301,35.62753],[136.06253,35.62778],[136.06229,35.62789],[136.06202,35.62801],[136.06187,35.62816],[136.06158,35.62847],[136.06127,35.62886],[136.06109,35.62912],[136.06078,35.62962],[136.06061,35.62992],[136.06051,35.63014],[136.06044,35.63041],[136.06037,35.63105],[136.0604,35.63156],[136.06044,35.63193],[136.06052,35.63232],[136.06067,35.63289],[136.06081,35.63331],[136.06089,35.63355],[136.06099,35.63382],[136.06126,35.63459],[136.06289,35.63438]]]}},{"type":"Feature","properties":{"name":"堂","setai":239,"jinko":578,"key":"182020880","units":1,"m":272,"f":306,"gk":22,"a0":96,"a1":364,"a2":118,"a75":54,"ag":[36,29,31,33,24,34,43,42,42,58,34,35,19,27,37,22,16,10,4,2,0]},"geometry":{"type":"Polygon","coordinates":[[[136.07354,35.62396],[136.07437,35.62392],[136.07541,35.62395],[136.07591,35.62394],[136.07662,35.62375],[136.07694,35.62364],[136.07732,35.6233],[136.07773,35.6231],[136.07831,35.6227],[136.07893,35.62234],[136.07882,35.62208],[136.07829,35.62225],[136.0776,35.62233],[136.07679,35.6224],[136.07652,35.62236],[136.07633,35.62233],[136.07616,35.62233],[136.07601,35.62232],[136.07561,35.62229],[136.07543,35.62225],[136.07525,35.62224],[136.07501,35.62219],[136.07489,35.62215],[136.07478,35.62214],[136.07456,35.62211],[136.0745,35.62209],[136.07438,35.62203],[136.07424,35.62202],[136.0741,35.62201],[136.07409,35.62201],[136.07405,35.622],[136.07396,35.622],[136.07383,35.62195],[136.07364,35.62187],[136.0736,35.62177],[136.07358,35.62162],[136.0736,35.62155],[136.07357,35.6215],[136.07355,35.62146],[136.07353,35.62146],[136.07342,35.62145],[136.07314,35.62138],[136.07258,35.62121],[136.07234,35.62111],[136.07206,35.62098],[136.07163,35.62075],[136.07148,35.62063],[136.07124,35.62043],[136.07111,35.62032],[136.07096,35.62021],[136.07064,35.61977],[136.07058,35.61956],[136.07045,35.61941],[136.0704,35.61941],[136.07037,35.61941],[136.0703,35.61938],[136.07023,35.61933],[136.07005,35.61922],[136.07,35.61922],[136.06994,35.61922],[136.06975,35.61934],[136.06961,35.61941],[136.06955,35.61941],[136.0695,35.6194],[136.06938,35.6193],[136.06929,35.61925],[136.06917,35.6192],[136.06909,35.61916],[136.06904,35.61914],[136.06898,35.61915],[136.06886,35.61918],[136.06842,35.61934],[136.06834,35.61938],[136.0687,35.61972],[136.06884,35.61986],[136.06894,35.61993],[136.06919,35.62006],[136.06939,35.62019],[136.0696,35.62037],[136.06978,35.62057],[136.06974,35.62071],[136.06968,35.62087],[136.06952,35.62109],[136.06934,35.62126],[136.06909,35.62142],[136.06831,35.62202],[136.06792,35.62237],[136.06786,35.62242],[136.06746,35.62274],[136.06795,35.62282],[136.06765,35.62313],[136.06758,35.62343],[136.06768,35.62395],[136.0667,35.62407],[136.06699,35.62495],[136.06719,35.62566],[136.06769,35.62743],[136.06821,35.62736],[136.06903,35.62727],[136.06908,35.62726],[136.06982,35.62718],[136.06978,35.62683],[136.07022,35.62668],[136.07017,35.62651],[136.07014,35.62638],[136.07016,35.62633],[136.07019,35.62632],[136.07024,35.6263],[136.07032,35.62629],[136.07121,35.62607],[136.07115,35.62584],[136.07102,35.62552],[136.07074,35.62483],[136.0716,35.62453],[136.07213,35.62435],[136.07267,35.62418],[136.07354,35.62396]]]}},{"type":"Feature","properties":{"name":"山泉","setai":677,"jinko":1756,"key":"182020890","units":1,"m":892,"f":864,"gk":10,"a0":245,"a1":1096,"a2":405,"a75":157,"ag":[65,76,104,90,65,90,93,118,129,156,119,130,106,111,137,76,37,31,10,3,0],"nf":10},"geometry":{"type":"Polygon","coordinates":[[[136.06699,35.62495],[136.0667,35.62407],[136.06768,35.62395],[136.06758,35.62343],[136.06765,35.62313],[136.06795,35.62282],[136.06746,35.62274],[136.06786,35.62242],[136.06792,35.62237],[136.06831,35.62202],[136.06909,35.62142],[136.06934,35.62126],[136.06952,35.62109],[136.06968,35.62087],[136.06974,35.62071],[136.06978,35.62057],[136.0696,35.62037],[136.06939,35.62019],[136.06919,35.62006],[136.06894,35.61993],[136.06884,35.61986],[136.0687,35.61972],[136.06834,35.61938],[136.06842,35.61934],[136.06886,35.61918],[136.06898,35.61915],[136.06904,35.61914],[136.06909,35.61916],[136.06917,35.6192],[136.06929,35.61925],[136.06938,35.6193],[136.0695,35.6194],[136.06955,35.61941],[136.06961,35.61941],[136.06975,35.61934],[136.06994,35.61922],[136.07,35.61922],[136.07005,35.61922],[136.07023,35.61933],[136.0703,35.61938],[136.07037,35.61941],[136.0704,35.61941],[136.07045,35.61941],[136.07037,35.61931],[136.07019,35.61904],[136.07015,35.61899],[136.07012,35.61893],[136.07006,35.61887],[136.06995,35.61882],[136.06988,35.61878],[136.06986,35.61876],[136.06982,35.61873],[136.06973,35.61868],[136.06962,35.61858],[136.0695,35.61849],[136.06943,35.61842],[136.06926,35.61827],[136.06903,35.61794],[136.06888,35.61774],[136.06866,35.61752],[136.06855,35.61747],[136.06843,35.61745],[136.06832,35.61748],[136.06795,35.61769],[136.06787,35.61773],[136.06776,35.61775],[136.06758,35.61775],[136.0673,35.6177],[136.06696,35.61735],[136.06671,35.61711],[136.06659,35.61699],[136.0665,35.61691],[136.06601,35.61645],[136.06564,35.61615],[136.06539,35.61595],[136.06469,35.61551],[136.06435,35.6153],[136.06353,35.6149],[136.06264,35.61458],[136.06237,35.6145],[136.061,35.6142],[136.05961,35.61393],[136.05936,35.61388],[136.05849,35.61371],[136.0581,35.61363],[136.05807,35.61387],[136.05804,35.61399],[136.05803,35.61417],[136.05804,35.61458],[136.05809,35.6148],[136.0582,35.61507],[136.05833,35.61528],[136.05874,35.61592],[136.05896,35.61626],[136.05906,35.6166],[136.05907,35.61695],[136.05903,35.61733],[136.059,35.61754],[136.05897,35.6179],[136.05904,35.61814],[136.0591,35.61826],[136.05917,35.61841],[136.0594,35.61867],[136.05968,35.61896],[136.06002,35.61921],[136.06027,35.61943],[136.06038,35.61958],[136.06045,35.61977],[136.06047,35.62001],[136.06052,35.62053],[136.06052,35.62094],[136.0606,35.62122],[136.06064,35.62143],[136.06068,35.62166],[136.06075,35.62192],[136.06104,35.62253],[136.06125,35.62307],[136.06131,35.62321],[136.0615,35.62382],[136.06158,35.6238],[136.06153,35.62357],[136.0615,35.62341],[136.06178,35.62342],[136.06177,35.62374],[136.06198,35.62369],[136.0622,35.62431],[136.06256,35.62426],[136.06271,35.62493],[136.06279,35.62554],[136.06286,35.62577],[136.06299,35.62611],[136.06318,35.62642],[136.06322,35.62649],[136.06319,35.62652],[136.06297,35.62686],[136.06276,35.62722],[136.06263,35.62741],[136.06252,35.62751],[136.06233,35.62769],[136.06202,35.62801],[136.06229,35.62789],[136.06253,35.62778],[136.06301,35.62753],[136.06338,35.62735],[136.0634,35.62734],[136.06441,35.62683],[136.0647,35.62668],[136.06482,35.62663],[136.06529,35.62642],[136.06571,35.62623],[136.06605,35.62609],[136.06636,35.62596],[136.06719,35.62566],[136.06699,35.62495]]]}},{"type":"Feature","properties":{"name":"道口","setai":56,"jinko":134,"key":"182020900","units":1,"m":75,"f":59,"gk":0,"a0":19,"a1":59,"a2":52,"a75":27,"ag":[6,8,5,4,4,4,2,10,8,10,6,6,5,9,16,10,8,5,4,0,0],"nf":4},"geometry":{"type":"Polygon","coordinates":[[[136.07512,35.6323],[136.07521,35.63168],[136.07539,35.63083],[136.07558,35.62985],[136.07583,35.629],[136.07609,35.62821],[136.07624,35.62778],[136.07648,35.62815],[136.07675,35.62835],[136.0769,35.62847],[136.07694,35.62846],[136.07727,35.62815],[136.07762,35.62788],[136.07771,35.62785],[136.07766,35.62777],[136.0776,35.6277],[136.07752,35.62758],[136.07749,35.62746],[136.07749,35.62738],[136.07749,35.62731],[136.07751,35.62716],[136.0775,35.62711],[136.07749,35.62706],[136.07744,35.62697],[136.07741,35.62691],[136.07738,35.6268],[136.07738,35.62661],[136.07739,35.62654],[136.07737,35.62645],[136.07734,35.6263],[136.07729,35.62619],[136.07724,35.62605],[136.07722,35.62591],[136.07722,35.62576],[136.07734,35.62568],[136.07745,35.62564],[136.07759,35.62559],[136.07774,35.62558],[136.07785,35.62561],[136.07799,35.62564],[136.07804,35.62562],[136.07813,35.62563],[136.07824,35.62561],[136.07834,35.62561],[136.0785,35.62564],[136.07851,35.62564],[136.07861,35.62562],[136.07869,35.62554],[136.07875,35.62537],[136.07882,35.62513],[136.0788,35.62504],[136.07879,35.62498],[136.07878,35.62492],[136.07868,35.6248],[136.07866,35.62476],[136.07858,35.62472],[136.07845,35.62462],[136.07844,35.62451],[136.07848,35.62433],[136.07857,35.6241],[136.07891,35.62385],[136.07919,35.62359],[136.07946,35.62342],[136.07975,35.6232],[136.08011,35.62287],[136.08028,35.6228],[136.08049,35.62257],[136.08067,35.62243],[136.08067,35.62243],[136.08081,35.62233],[136.08088,35.62228],[136.08095,35.62221],[136.08098,35.62213],[136.08091,35.62199],[136.08078,35.62191],[136.08054,35.62181],[136.08027,35.62173],[136.08013,35.62175],[136.07988,35.62179],[136.07951,35.6219],[136.07932,35.62198],[136.07893,35.62234],[136.07831,35.6227],[136.07773,35.6231],[136.07732,35.6233],[136.07694,35.62364],[136.07662,35.62375],[136.07591,35.62394],[136.07541,35.62395],[136.07437,35.62392],[136.07354,35.62396],[136.07267,35.62418],[136.07334,35.62547],[136.07368,35.62621],[136.07406,35.62696],[136.07423,35.62722],[136.07469,35.62824],[136.07481,35.62856],[136.07492,35.62906],[136.07499,35.6296],[136.075,35.63],[136.07492,35.63041],[136.07486,35.63082],[136.07479,35.63115],[136.07467,35.63149],[136.07458,35.63176],[136.07449,35.63197],[136.07434,35.63234],[136.07512,35.6323]]]}},{"type":"Feature","properties":{"name":"坂下","setai":41,"jinko":112,"key":"182020910","units":1,"m":57,"f":55,"gk":0,"a0":5,"a1":58,"a2":49,"a75":24,"ag":[2,0,3,6,5,0,6,0,6,10,11,9,5,11,14,9,12,1,1,1,0]},"geometry":{"type":"Polygon","coordinates":[[[136.07771,35.62785],[136.07762,35.62788],[136.07727,35.62815],[136.07694,35.62846],[136.0769,35.62847],[136.07675,35.62835],[136.07648,35.62815],[136.07624,35.62778],[136.07609,35.62821],[136.07583,35.629],[136.07558,35.62985],[136.07539,35.63083],[136.07521,35.63168],[136.07512,35.6323],[136.07502,35.6328],[136.07488,35.63354],[136.07486,35.63365],[136.07492,35.63373],[136.07496,35.63382],[136.07498,35.63398],[136.07499,35.63417],[136.07497,35.63453],[136.07496,35.63459],[136.07502,35.63462],[136.07565,35.63462],[136.07853,35.63466],[136.08084,35.63467],[136.08085,35.63459],[136.08089,35.63453],[136.08095,35.63447],[136.08106,35.63432],[136.08116,35.63411],[136.08124,35.63385],[136.08125,35.63381],[136.08131,35.63361],[136.08132,35.63354],[136.08133,35.63333],[136.08124,35.63314],[136.08114,35.63304],[136.08098,35.63281],[136.08091,35.63274],[136.08085,35.63268],[136.08078,35.63265],[136.08065,35.6325],[136.08056,35.63233],[136.08051,35.63222],[136.08048,35.63213],[136.08038,35.63198],[136.08028,35.63187],[136.08025,35.63179],[136.08017,35.63169],[136.08008,35.63162],[136.08002,35.63142],[136.08002,35.63136],[136.07997,35.63125],[136.07997,35.63114],[136.07995,35.63109],[136.07994,35.63109],[136.0799,35.63107],[136.0798,35.63101],[136.07967,35.63096],[136.07956,35.6309],[136.07952,35.6309],[136.07949,35.63091],[136.07939,35.63091],[136.07926,35.63087],[136.07907,35.63077],[136.07899,35.63071],[136.07893,35.63065],[136.07882,35.63053],[136.07876,35.63044],[136.07872,35.63038],[136.07864,35.63028],[136.0786,35.63011],[136.07858,35.63004],[136.07858,35.62994],[136.07853,35.62973],[136.07853,35.6297],[136.07846,35.62965],[136.07839,35.62963],[136.07831,35.62964],[136.07819,35.6296],[136.07811,35.62952],[136.07803,35.62935],[136.07798,35.62912],[136.07796,35.62901],[136.078,35.62883],[136.078,35.62873],[136.07799,35.62865],[136.07796,35.6286],[136.07794,35.62855],[136.0779,35.62844],[136.07788,35.62837],[136.07788,35.62832],[136.07787,35.62818],[136.07778,35.62802],[136.07771,35.62785]]]}},{"type":"Feature","properties":{"name":"吉河","setai":87,"jinko":243,"key":"182020920","units":1,"m":124,"f":119,"gk":3,"a0":12,"a1":83,"a2":126,"a75":99,"ag":[0,5,7,3,9,6,6,8,6,8,13,13,11,14,13,16,19,34,25,5,0],"nf":22},"geometry":{"type":"Polygon","coordinates":[[[136.08318,35.63886],[136.08326,35.6387],[136.08336,35.63849],[136.08344,35.63829],[136.08349,35.6382],[136.08352,35.63818],[136.08357,35.6383],[136.08407,35.6394],[136.08444,35.64022],[136.08448,35.64033],[136.08453,35.64037],[136.08457,35.64039],[136.0846,35.6404],[136.08468,35.64039],[136.08533,35.64012],[136.08529,35.63991],[136.0853,35.63988],[136.0853,35.63985],[136.08532,35.63982],[136.08543,35.63966],[136.08561,35.63955],[136.08572,35.63949],[136.08577,35.63941],[136.08573,35.63925],[136.0856,35.63896],[136.08545,35.6387],[136.08538,35.63852],[136.08532,35.6383],[136.08537,35.6381],[136.08542,35.638],[136.0855,35.63788],[136.08559,35.63777],[136.08566,35.63772],[136.0858,35.63764],[136.08595,35.63758],[136.08602,35.63754],[136.08609,35.63749],[136.08612,35.63743],[136.08613,35.63737],[136.08612,35.63733],[136.08607,35.63727],[136.08593,35.63719],[136.08587,35.63713],[136.08583,35.63707],[136.08582,35.63696],[136.08578,35.63663],[136.08577,35.63653],[136.08579,35.63648],[136.08584,35.63646],[136.08595,35.63645],[136.08605,35.63644],[136.08608,35.63643],[136.08613,35.63639],[136.08616,35.63632],[136.08615,35.63623],[136.08616,35.6361],[136.0862,35.63593],[136.08627,35.63577],[136.0863,35.63571],[136.08635,35.63565],[136.08639,35.63563],[136.08645,35.63563],[136.08694,35.63566],[136.08772,35.63567],[136.08782,35.63564],[136.08791,35.63542],[136.08793,35.63534],[136.08793,35.63525],[136.08789,35.63515],[136.08786,35.63508],[136.08777,35.63501],[136.08774,35.63492],[136.08773,35.63485],[136.08769,35.63466],[136.08766,35.6346],[136.08762,35.63456],[136.08757,35.63454],[136.08749,35.63454],[136.08744,35.63455],[136.08737,35.6346],[136.08731,35.63468],[136.08724,35.63481],[136.08717,35.63487],[136.0871,35.63491],[136.08702,35.63494],[136.08694,35.63496],[136.08686,35.63495],[136.08637,35.63478],[136.08621,35.63474],[136.08606,35.63472],[136.08587,35.63472],[136.0856,35.63473],[136.08549,35.63472],[136.08542,35.63471],[136.08534,35.63467],[136.08525,35.63463],[136.0852,35.63458],[136.08516,35.63454],[136.08513,35.63452],[136.0851,35.63452],[136.08506,35.63452],[136.08503,35.63453],[136.085,35.63456],[136.08499,35.63462],[136.08497,35.63471],[136.08493,35.63477],[136.08491,35.6348],[136.08483,35.63488],[136.08474,35.63493],[136.08463,35.63497],[136.08452,35.635],[136.08434,35.63503],[136.08424,35.63506],[136.08418,35.63511],[136.08411,35.63523],[136.08399,35.63548],[136.08384,35.63591],[136.08379,35.63601],[136.08376,35.63606],[136.08371,35.63611],[136.08348,35.63621],[136.08323,35.63624],[136.08302,35.63617],[136.08284,35.63608],[136.08276,35.63595],[136.0827,35.63584],[136.0826,35.63568],[136.0825,35.6355],[136.08248,35.63546],[136.08234,35.63522],[136.08208,35.63513],[136.08187,35.63494],[136.08177,35.63483],[136.08163,35.63469],[136.08155,35.63466],[136.08146,35.63464],[136.08138,35.63465],[136.08128,35.63467],[136.08113,35.63467],[136.08101,35.63467],[136.08084,35.63467],[136.07853,35.63466],[136.07565,35.63462],[136.07502,35.63462],[136.07496,35.63459],[136.07497,35.63453],[136.07499,35.63417],[136.07498,35.63398],[136.07496,35.63382],[136.07492,35.63373],[136.07486,35.63365],[136.0747,35.63455],[136.07449,35.63552],[136.07424,35.63661],[136.07416,35.6372],[136.07428,35.63723],[136.07441,35.63728],[136.07441,35.63741],[136.07443,35.63758],[136.07445,35.63855],[136.07446,35.63988],[136.07448,35.6403],[136.07454,35.64034],[136.07521,35.63969],[136.07558,35.63933],[136.07564,35.63927],[136.07617,35.63925],[136.07618,35.63948],[136.07736,35.63946],[136.07737,35.6396],[136.07808,35.63958],[136.07811,35.63953],[136.07837,35.63929],[136.07899,35.63873],[136.08009,35.63951],[136.08125,35.64031],[136.08156,35.64053],[136.08168,35.64042],[136.08282,35.63937],[136.08296,35.63924],[136.08308,35.63903],[136.08318,35.63886]]]}},{"type":"Feature","properties":{"name":"鳩原","setai":15,"jinko":37,"key":"182020930","units":1,"m":18,"f":19,"gk":0,"a0":3,"a1":12,"a2":22,"a75":8,"ag":[1,1,1,0,1,0,0,2,2,2,1,2,2,5,9,4,1,1,1,0,1]},"geometry":{"type":"Polygon","coordinates":[[[136.08497,35.63471],[136.08499,35.63462],[136.085,35.63456],[136.08503,35.63453],[136.08506,35.63452],[136.0851,35.63452],[136.08513,35.63452],[136.08516,35.63454],[136.0852,35.63458],[136.08525,35.63463],[136.08534,35.63467],[136.08542,35.63471],[136.08549,35.63472],[136.0856,35.63473],[136.08587,35.63472],[136.08606,35.63472],[136.08621,35.63474],[136.08637,35.63478],[136.08686,35.63495],[136.08694,35.63496],[136.08702,35.63494],[136.0871,35.63491],[136.08717,35.63487],[136.08724,35.63481],[136.08731,35.63468],[136.08737,35.6346],[136.08744,35.63455],[136.08749,35.63454],[136.08757,35.63454],[136.08762,35.63456],[136.08766,35.6346],[136.08769,35.63466],[136.08773,35.63485],[136.08774,35.63492],[136.08777,35.63501],[136.08786,35.63508],[136.08789,35.63515],[136.08793,35.63525],[136.08793,35.63534],[136.08791,35.63542],[136.08806,35.63544],[136.0882,35.63545],[136.08837,35.63541],[136.08846,35.63533],[136.08882,35.63515],[136.08903,35.63502],[136.08909,35.6349],[136.08923,35.63459],[136.08935,35.63433],[136.08938,35.6342],[136.0894,35.63409],[136.08941,35.63398],[136.08943,35.63396],[136.08942,35.63389],[136.08945,35.6338],[136.08947,35.63373],[136.08952,35.63363],[136.08958,35.63353],[136.08961,35.63349],[136.08967,35.63337],[136.08971,35.63328],[136.08973,35.63321],[136.08977,35.63311],[136.08983,35.63307],[136.08988,35.63303],[136.0899,35.63299],[136.08993,35.63294],[136.08993,35.63291],[136.08991,35.63285],[136.08988,35.63278],[136.08988,35.6327],[136.08991,35.63264],[136.08996,35.63256],[136.09004,35.63251],[136.09012,35.63244],[136.09021,35.63237],[136.09028,35.63228],[136.09035,35.6322],[136.09043,35.6321],[136.09051,35.63195],[136.09056,35.6318],[136.09059,35.63165],[136.09064,35.63157],[136.0907,35.63147],[136.09073,35.6314],[136.09073,35.63133],[136.09071,35.63119],[136.0907,35.63109],[136.0907,35.63101],[136.09074,35.63088],[136.09081,35.63076],[136.09087,35.6306],[136.09096,35.63048],[136.09125,35.63001],[136.09132,35.62986],[136.09134,35.62973],[136.09134,35.62961],[136.09131,35.62948],[136.09125,35.6293],[136.09124,35.62928],[136.0912,35.62916],[136.09113,35.62895],[136.09111,35.62882],[136.09111,35.6287],[136.09115,35.62861],[136.0913,35.62828],[136.09141,35.62812],[136.09152,35.62797],[136.09156,35.6279],[136.09161,35.62787],[136.09169,35.62784],[136.09177,35.62781],[136.09185,35.62774],[136.09193,35.62765],[136.09202,35.62758],[136.09207,35.62756],[136.09211,35.62758],[136.09216,35.6276],[136.09219,35.62764],[136.09223,35.62768],[136.09223,35.62776],[136.09223,35.62779],[136.09253,35.62764],[136.09291,35.62744],[136.09331,35.62728],[136.09364,35.6271],[136.09403,35.62684],[136.09437,35.62659],[136.09472,35.62639],[136.09502,35.62632],[136.09518,35.62623],[136.09542,35.62604],[136.09648,35.62533],[136.09678,35.62514],[136.09696,35.62508],[136.09732,35.62511],[136.09778,35.62518],[136.09817,35.62529],[136.09851,35.62541],[136.09891,35.62561],[136.09922,35.62584],[136.09946,35.62614],[136.09952,35.62618],[136.09981,35.62644],[136.10004,35.6268],[136.10048,35.62719],[136.10093,35.62744],[136.10164,35.62764],[136.10226,35.62774],[136.1028,35.62785],[136.10316,35.62795],[136.10366,35.6281],[136.10427,35.62837],[136.10481,35.62848],[136.10547,35.62854],[136.10596,35.62857],[136.10635,35.62858],[136.10666,35.62847],[136.10345,35.62247],[136.10323,35.62209],[136.10316,35.62185],[136.10311,35.62166],[136.10282,35.62157],[136.10265,35.62147],[136.10252,35.62129],[136.10252,35.62116],[136.10241,35.62102],[136.10221,35.62092],[136.10205,35.6209],[136.10191,35.6209],[136.10167,35.62084],[136.10128,35.62073],[136.1009,35.62068],[136.1007,35.62069],[136.10046,35.62077],[136.10028,35.62079],[136.10015,35.62074],[136.09994,35.6208],[136.09938,35.62095],[136.09896,35.62107],[136.09862,35.62106],[136.09837,35.62095],[136.09828,35.62082],[136.09804,35.62079],[136.09769,35.62073],[136.0975,35.62059],[136.09736,35.62047],[136.09691,35.62022],[136.09674,35.62012],[136.09647,35.62006],[136.09624,35.61996],[136.09604,35.61986],[136.09591,35.61972],[136.09571,35.6196],[136.0956,35.61958],[136.0955,35.61955],[136.09531,35.61949],[136.09521,35.61936],[136.09498,35.61925],[136.09479,35.6192],[136.09451,35.6192],[136.09417,35.61934],[136.09398,35.61944],[136.09383,35.61949],[136.09359,35.61957],[136.09346,35.61962],[136.09344,35.6195],[136.09344,35.61936],[136.09338,35.61926],[136.09333,35.61911],[136.09337,35.61894],[136.09338,35.61875],[136.09324,35.61855],[136.09306,35.61834],[136.09277,35.61802],[136.09252,35.61775],[136.09228,35.61746],[136.09211,35.61725],[136.09204,35.61707],[136.09189,35.61687],[136.09157,35.61666],[136.09102,35.61648],[136.09044,35.61632],[136.08971,35.61621],[136.0892,35.61615],[136.08883,35.61616],[136.08849,35.61616],[136.08808,35.61623],[136.08772,35.61624],[136.08734,35.61619],[136.08705,35.61609],[136.08676,35.61591],[136.08647,35.61571],[136.0863,35.61559],[136.0861,35.61547],[136.08586,35.61531],[136.0857,35.61527],[136.08534,35.61523],[136.08457,35.61507],[136.08423,35.6152],[136.08395,35.61534],[136.0837,35.61542],[136.08351,35.61541],[136.08322,35.61534],[136.08302,35.61533],[136.08284,35.61542],[136.08262,35.61552],[136.08235,35.61557],[136.0821,35.61556],[136.08197,35.61554],[136.08179,35.61556],[136.08165,35.6157],[136.08141,35.61577],[136.08125,35.61575],[136.08112,35.61575],[136.08072,35.61617],[136.08034,35.6168],[136.08007,35.61733],[136.08003,35.61786],[136.07998,35.61819],[136.0794,35.61861],[136.07958,35.61882],[136.07975,35.61905],[136.07993,35.61971],[136.08003,35.61997],[136.08015,35.62019],[136.08019,35.6203],[136.08022,35.62045],[136.08019,35.62084],[136.08013,35.62103],[136.08004,35.62111],[136.07986,35.62129],[136.07972,35.62155],[136.07932,35.62198],[136.07951,35.6219],[136.07988,35.62179],[136.08013,35.62175],[136.08027,35.62173],[136.08054,35.62181],[136.08078,35.62191],[136.08091,35.62199],[136.08098,35.62213],[136.08095,35.62221],[136.08088,35.62228],[136.08081,35.62233],[136.08067,35.62243],[136.08067,35.62243],[136.08049,35.62257],[136.08028,35.6228],[136.08011,35.62287],[136.07975,35.6232],[136.07946,35.62342],[136.07919,35.62359],[136.07891,35.62385],[136.07857,35.6241],[136.07848,35.62433],[136.07844,35.62451],[136.07845,35.62462],[136.07858,35.62472],[136.07866,35.62476],[136.07868,35.6248],[136.07878,35.62492],[136.07879,35.62498],[136.0788,35.62504],[136.07882,35.62513],[136.07875,35.62537],[136.07869,35.62554],[136.07861,35.62562],[136.07851,35.62564],[136.0785,35.62564],[136.07834,35.62561],[136.07824,35.62561],[136.07813,35.62563],[136.07804,35.62562],[136.07799,35.62564],[136.07785,35.62561],[136.07774,35.62558],[136.07759,35.62559],[136.07745,35.62564],[136.07734,35.62568],[136.07722,35.62576],[136.07722,35.62591],[136.07724,35.62605],[136.07729,35.62619],[136.07734,35.6263],[136.07737,35.62645],[136.07739,35.62654],[136.07738,35.62661],[136.07738,35.6268],[136.07741,35.62691],[136.07744,35.62697],[136.07749,35.62706],[136.0775,35.62711],[136.07751,35.62716],[136.07749,35.62731],[136.07749,35.62738],[136.07749,35.62746],[136.07752,35.62758],[136.0776,35.6277],[136.07766,35.62777],[136.07771,35.62785],[136.07778,35.62802],[136.07787,35.62818],[136.07788,35.62832],[136.07788,35.62837],[136.0779,35.62844],[136.07794,35.62855],[136.07796,35.6286],[136.07799,35.62865],[136.078,35.62873],[136.078,35.62883],[136.07796,35.62901],[136.07798,35.62912],[136.07803,35.62935],[136.07811,35.62952],[136.07819,35.6296],[136.07831,35.62964],[136.07839,35.62963],[136.07846,35.62965],[136.07853,35.6297],[136.07853,35.62973],[136.07858,35.62994],[136.07858,35.63004],[136.0786,35.63011],[136.07864,35.63028],[136.07872,35.63038],[136.07876,35.63044],[136.07882,35.63053],[136.07893,35.63065],[136.07899,35.63071],[136.07907,35.63077],[136.07926,35.63087],[136.07939,35.63091],[136.07949,35.63091],[136.07952,35.6309],[136.07956,35.6309],[136.07967,35.63096],[136.0798,35.63101],[136.0799,35.63107],[136.07994,35.63109],[136.07995,35.63109],[136.07997,35.63114],[136.07997,35.63125],[136.08002,35.63136],[136.08002,35.63142],[136.08008,35.63162],[136.08017,35.63169],[136.08025,35.63179],[136.08028,35.63187],[136.08038,35.63198],[136.08048,35.63213],[136.08051,35.63222],[136.08056,35.63233],[136.08065,35.6325],[136.08078,35.63265],[136.08085,35.63268],[136.08091,35.63274],[136.08098,35.63281],[136.08114,35.63304],[136.08124,35.63314],[136.08133,35.63333],[136.08132,35.63354],[136.08131,35.63361],[136.08125,35.63381],[136.08124,35.63385],[136.08116,35.63411],[136.08106,35.63432],[136.08095,35.63447],[136.08089,35.63453],[136.08085,35.63459],[136.08084,35.63467],[136.08101,35.63467],[136.08113,35.63467],[136.08128,35.63467],[136.08138,35.63465],[136.08146,35.63464],[136.08155,35.63466],[136.08163,35.63469],[136.08177,35.63483],[136.08187,35.63494],[136.08208,35.63513],[136.08234,35.63522],[136.08248,35.63546],[136.0825,35.6355],[136.0826,35.63568],[136.0827,35.63584],[136.08276,35.63595],[136.08284,35.63608],[136.08302,35.63617],[136.08323,35.63624],[136.08348,35.63621],[136.08371,35.63611],[136.08376,35.63606],[136.08379,35.63601],[136.08384,35.63591],[136.08399,35.63548],[136.08411,35.63523],[136.08418,35.63511],[136.08424,35.63506],[136.08434,35.63503],[136.08452,35.635],[136.08463,35.63497],[136.08474,35.63493],[136.08483,35.63488],[136.08491,35.6348],[136.08493,35.63477],[136.08497,35.63471]]]}},{"type":"Feature","properties":{"name":"小河口","setai":26,"jinko":71,"key":"182020940","units":1,"m":36,"f":35,"gk":0,"a0":7,"a1":30,"a2":34,"a75":16,"ag":[2,4,1,2,1,4,1,5,0,4,7,2,4,11,7,7,5,1,3,0,0]},"geometry":{"type":"Polygon","coordinates":[[[136.08351,35.61541],[136.0837,35.61542],[136.08395,35.61534],[136.08423,35.6152],[136.08457,35.61507],[136.08513,35.61481],[136.08553,35.61457],[136.086,35.61435],[136.08636,35.61412],[136.08665,35.61385],[136.0868,35.61366],[136.08686,35.61353],[136.08688,35.61329],[136.08683,35.61303],[136.08678,35.61273],[136.08676,35.61238],[136.08681,35.6121],[136.08678,35.61186],[136.0868,35.61162],[136.08679,35.61132],[136.08681,35.61097],[136.08692,35.6106],[136.08715,35.61022],[136.08734,35.60988],[136.08755,35.60957],[136.08772,35.60934],[136.08786,35.60932],[136.08748,35.60915],[136.0872,35.60892],[136.08696,35.60877],[136.08671,35.60855],[136.0866,35.60864],[136.08527,35.60949],[136.08507,35.60967],[136.08408,35.61057],[136.08369,35.61076],[136.08362,35.61107],[136.08337,35.61142],[136.08335,35.61174],[136.08344,35.6122],[136.08329,35.61268],[136.08323,35.61297],[136.08303,35.61331],[136.08287,35.61374],[136.08265,35.61408],[136.0825,35.61437],[136.08239,35.61468],[136.08211,35.61493],[136.08113,35.61575],[136.08112,35.61575],[136.08125,35.61575],[136.08141,35.61577],[136.08165,35.6157],[136.08179,35.61556],[136.08197,35.61554],[136.0821,35.61556],[136.08235,35.61557],[136.08262,35.61552],[136.08284,35.61542],[136.08302,35.61533],[136.08322,35.61534],[136.08351,35.61541]]]}},{"type":"Feature","properties":{"name":"小河","setai":27,"jinko":59,"key":"182020950","units":1,"m":28,"f":31,"gk":2,"a0":2,"a1":25,"a2":32,"a75":17,"ag":[2,0,0,2,4,1,3,1,2,2,2,6,2,6,9,10,1,4,2,0,0]},"geometry":{"type":"Polygon","coordinates":[[[136.11863,35.62095],[136.11833,35.62079],[136.1182,35.62061],[136.11805,35.62043],[136.11778,35.62027],[136.11724,35.62003],[136.11671,35.61978],[136.1162,35.61959],[136.11578,35.61932],[136.11541,35.61901],[136.11504,35.61867],[136.11461,35.61822],[136.1143,35.61799],[136.11403,35.61783],[136.1137,35.61766],[136.11317,35.61751],[136.11304,35.61747],[136.1127,35.61737],[136.11224,35.61721],[136.11194,35.61705],[136.11181,35.61697],[136.11162,35.61686],[136.11136,35.61663],[136.11106,35.6165],[136.11077,35.61638],[136.11039,35.61621],[136.10992,35.61609],[136.10945,35.61604],[136.10889,35.61591],[136.10845,35.61577],[136.10807,35.6156],[136.10766,35.61542],[136.10721,35.61519],[136.10676,35.61498],[136.10634,35.61485],[136.10593,35.61469],[136.10538,35.61463],[136.10479,35.61454],[136.10373,35.6143],[136.10348,35.61424],[136.10271,35.61417],[136.10206,35.61407],[136.10162,35.61393],[136.10134,35.6138],[136.10109,35.61367],[136.10089,35.61359],[136.10049,35.61348],[136.10001,35.61336],[136.09962,35.61325],[136.09921,35.6131],[136.09866,35.6129],[136.09822,35.61276],[136.09774,35.61253],[136.09728,35.61234],[136.09693,35.61217],[136.09667,35.61206],[136.09637,35.61202],[136.09597,35.61195],[136.09569,35.61193],[136.09551,35.61188],[136.09541,35.61184],[136.09506,35.61175],[136.09483,35.61155],[136.09463,35.61143],[136.0944,35.61134],[136.09408,35.61129],[136.09387,35.61122],[136.0935,35.61111],[136.09327,35.61092],[136.09295,35.61084],[136.09267,35.61085],[136.09242,35.61081],[136.09227,35.61074],[136.09212,35.61067],[136.09188,35.61049],[136.0916,35.61038],[136.09134,35.61041],[136.09103,35.61043],[136.09077,35.61046],[136.09046,35.61044],[136.09021,35.6103],[136.09002,35.61018],[136.08985,35.61004],[136.08958,35.60989],[136.08927,35.60977],[136.08891,35.60967],[136.08849,35.60953],[136.08786,35.60932],[136.08772,35.60934],[136.08755,35.60957],[136.08734,35.60988],[136.08715,35.61022],[136.08692,35.6106],[136.08681,35.61097],[136.08679,35.61132],[136.0868,35.61162],[136.08678,35.61186],[136.08681,35.6121],[136.08676,35.61238],[136.08678,35.61273],[136.08683,35.61303],[136.08688,35.61329],[136.08686,35.61353],[136.0868,35.61366],[136.08665,35.61385],[136.08636,35.61412],[136.086,35.61435],[136.08553,35.61457],[136.08513,35.61481],[136.08457,35.61507],[136.08534,35.61523],[136.0857,35.61527],[136.08586,35.61531],[136.0861,35.61547],[136.0863,35.61559],[136.08647,35.61571],[136.08676,35.61591],[136.08705,35.61609],[136.08734,35.61619],[136.08772,35.61624],[136.08808,35.61623],[136.08849,35.61616],[136.08883,35.61616],[136.0892,35.61615],[136.08971,35.61621],[136.09044,35.61632],[136.09102,35.61648],[136.09157,35.61666],[136.09189,35.61687],[136.09204,35.61707],[136.09211,35.61725],[136.09228,35.61746],[136.09252,35.61775],[136.09277,35.61802],[136.09306,35.61834],[136.09324,35.61855],[136.09338,35.61875],[136.09337,35.61894],[136.09333,35.61911],[136.09338,35.61926],[136.09344,35.61936],[136.09344,35.6195],[136.09346,35.61962],[136.09359,35.61957],[136.09383,35.61949],[136.09398,35.61944],[136.09417,35.61934],[136.09451,35.6192],[136.09479,35.6192],[136.09498,35.61925],[136.09521,35.61936],[136.09531,35.61949],[136.0955,35.61955],[136.0956,35.61958],[136.09571,35.6196],[136.09591,35.61972],[136.09604,35.61986],[136.09624,35.61996],[136.09647,35.62006],[136.09674,35.62012],[136.09691,35.62022],[136.09736,35.62047],[136.0975,35.62059],[136.09769,35.62073],[136.09804,35.62079],[136.09828,35.62082],[136.09837,35.62095],[136.09862,35.62106],[136.09896,35.62107],[136.09938,35.62095],[136.09994,35.6208],[136.10015,35.62074],[136.10028,35.62079],[136.10046,35.62077],[136.1007,35.62069],[136.1009,35.62068],[136.10128,35.62073],[136.10167,35.62084],[136.10191,35.6209],[136.10205,35.6209],[136.10221,35.62092],[136.10241,35.62102],[136.10252,35.62116],[136.10252,35.62129],[136.10265,35.62147],[136.10282,35.62157],[136.10311,35.62166],[136.10316,35.62185],[136.10323,35.62209],[136.10345,35.62247],[136.10666,35.62847],[136.10931,35.63326],[136.10945,35.63351],[136.10976,35.63408],[136.11052,35.63444],[136.11104,35.63485],[136.11173,35.63514],[136.11212,35.63538],[136.11238,35.63558],[136.11271,35.63586],[136.11307,35.63614],[136.11309,35.63615],[136.11379,35.63642],[136.11444,35.63662],[136.11621,35.63746],[136.11634,35.63689],[136.11638,35.63646],[136.11655,35.636],[136.11677,35.63562],[136.11708,35.63525],[136.11733,35.63492],[136.11763,35.63458],[136.1179,35.63425],[136.11814,35.63394],[136.1184,35.63366],[136.11865,35.63351],[136.1187,35.63348],[136.11892,35.63335],[136.11901,35.63313],[136.11912,35.63265],[136.11915,35.6322],[136.11918,35.63183],[136.11936,35.6316],[136.12004,35.63143],[136.1203,35.63137],[136.12048,35.63133],[136.12091,35.63122],[136.12134,35.63102],[136.12178,35.6306],[136.12188,35.63025],[136.12185,35.62979],[136.12178,35.62943],[136.12171,35.62918],[136.1216,35.6288],[136.12148,35.62839],[136.12153,35.62803],[136.12159,35.62767],[136.12148,35.62728],[136.12113,35.62684],[136.12093,35.62639],[136.12071,35.62611],[136.12044,35.6257],[136.12022,35.62517],[136.12008,35.62484],[136.1199,35.62453],[136.1198,35.62436],[136.11984,35.62408],[136.11989,35.62386],[136.11977,35.62364],[136.11966,35.62341],[136.11952,35.62316],[136.11954,35.62282],[136.11948,35.62258],[136.11939,35.62236],[136.11939,35.62215],[136.11946,35.62196],[136.11948,35.62164],[136.11925,35.6213],[136.11912,35.62112],[136.11889,35.62102],[136.11863,35.62095]]]}},{"type":"Feature","properties":{"name":"衣掛町","setai":93,"jinko":245,"key":"182020960","units":1,"m":115,"f":130,"gk":4,"a0":25,"a1":144,"a2":76,"a75":36,"ag":[4,9,12,9,10,2,17,12,8,21,15,21,29,19,21,13,7,9,6,1,0]},"geometry":{"type":"Polygon","coordinates":[[[136.0726,35.63183],[136.07419,35.63175],[136.07458,35.63176],[136.07467,35.63149],[136.07479,35.63115],[136.07486,35.63082],[136.07492,35.63041],[136.075,35.63],[136.07499,35.6296],[136.07492,35.62906],[136.07481,35.62856],[136.07469,35.62824],[136.07423,35.62722],[136.07406,35.62696],[136.07388,35.62725],[136.07367,35.62757],[136.07321,35.62852],[136.07293,35.62914],[136.07275,35.62952],[136.07258,35.62983],[136.07249,35.62997],[136.07235,35.63015],[136.07226,35.63026],[136.07214,35.63044],[136.07202,35.63059],[136.0719,35.63077],[136.07156,35.63124],[136.07137,35.63149],[136.07133,35.63154],[136.07125,35.63165],[136.07103,35.63195],[136.07101,35.63198],[136.07155,35.63195],[136.0726,35.63183]]]}},{"type":"Feature","properties":{"name":"市橋","setai":19,"jinko":42,"key":"182020970","units":1,"m":17,"f":25,"gk":0,"a0":7,"a1":16,"a2":19,"a75":9,"ag":[0,5,2,0,0,0,0,4,5,2,2,2,1,6,4,0,3,3,3,0,0]},"geometry":{"type":"Polygon","coordinates":[[[136.1193,35.61418],[136.11928,35.61396],[136.11928,35.6139],[136.11903,35.61352],[136.11876,35.61322],[136.11861,35.61302],[136.11844,35.61292],[136.11835,35.61284],[136.11821,35.61282],[136.11809,35.61284],[136.11805,35.61293],[136.11776,35.61298],[136.11756,35.61299],[136.11756,35.61322],[136.11771,35.61331],[136.11786,35.61348],[136.11802,35.61378],[136.11801,35.61394],[136.11793,35.61404],[136.11769,35.614],[136.1175,35.61383],[136.11723,35.61368],[136.11696,35.61363],[136.11665,35.61366],[136.11644,35.61372],[136.11624,35.61373],[136.11609,35.61375],[136.11593,35.61371],[136.11581,35.61353],[136.11583,35.61332],[136.11598,35.61314],[136.11617,35.61294],[136.11621,35.61276],[136.11625,35.61247],[136.11618,35.61216],[136.1159,35.61179],[136.11581,35.61175],[136.11557,35.61163],[136.11531,35.61154],[136.11507,35.61153],[136.11478,35.61155],[136.11437,35.61162],[136.11428,35.61143],[136.11429,35.61122],[136.11423,35.61101],[136.11399,35.61074],[136.11372,35.61033],[136.1135,35.61004],[136.11339,35.60979],[136.11334,35.60956],[136.11336,35.60933],[136.11339,35.60908],[136.1134,35.60878],[136.11332,35.60854],[136.11318,35.60831],[136.11303,35.6082],[136.11303,35.60819],[136.11289,35.60811],[136.11273,35.60794],[136.11276,35.60781],[136.11275,35.60762],[136.11263,35.60751],[136.11245,35.60735],[136.11239,35.60709],[136.11235,35.60692],[136.11215,35.60668],[136.11191,35.60653],[136.11152,35.6064],[136.11106,35.60631],[136.11049,35.60622],[136.11003,35.60615],[136.10972,35.60617],[136.10937,35.60623],[136.10902,35.60643],[136.10886,35.60663],[136.10884,35.60695],[136.10899,35.60727],[136.10923,35.60754],[136.10914,35.60771],[136.1091,35.60789],[136.10914,35.60808],[136.10917,35.6082],[136.10923,35.60828],[136.10921,35.60839],[136.10919,35.60846],[136.10908,35.60858],[136.10899,35.60872],[136.10892,35.60892],[136.10895,35.60913],[136.10902,35.60921],[136.10904,35.60933],[136.10895,35.6095],[136.10885,35.60958],[136.10887,35.60972],[136.1089,35.60981],[136.10882,35.60994],[136.10872,35.60999],[136.10866,35.61003],[136.10856,35.61011],[136.10852,35.61018],[136.10851,35.61019],[136.10848,35.6103],[136.10831,35.61044],[136.10812,35.61052],[136.10808,35.61072],[136.10807,35.61111],[136.10806,35.61139],[136.10817,35.61168],[136.10828,35.61192],[136.10835,35.6121],[136.10832,35.61221],[136.10821,35.61221],[136.10807,35.61208],[136.10795,35.6119],[136.1078,35.61181],[136.10763,35.61182],[136.10744,35.61189],[136.1073,35.61203],[136.1071,35.61216],[136.10686,35.61224],[136.10664,35.61234],[136.10644,35.61247],[136.10612,35.61265],[136.10584,35.61275],[136.10566,35.61269],[136.10564,35.61253],[136.10575,35.6122],[136.10576,35.6119],[136.10578,35.61168],[136.1059,35.61156],[136.10601,35.61144],[136.10609,35.61116],[136.10608,35.61095],[136.10613,35.6108],[136.10611,35.61064],[136.106,35.6106],[136.10593,35.61064],[136.10578,35.61073],[136.10561,35.61089],[136.10545,35.61101],[136.10522,35.61111],[136.10491,35.61111],[136.10475,35.6112],[136.1046,35.61133],[136.10442,35.6114],[136.10419,35.61141],[136.10414,35.61138],[136.10402,35.61118],[136.10428,35.61089],[136.10442,35.61078],[136.10457,35.61064],[136.10466,35.61047],[136.1047,35.61031],[136.10466,35.61022],[136.10465,35.61015],[136.10467,35.61008],[136.10481,35.60996],[136.10485,35.60976],[136.10471,35.60965],[136.1045,35.60959],[136.10426,35.60953],[136.10406,35.60946],[136.10391,35.60936],[136.1037,35.60919],[136.10367,35.60917],[136.10346,35.60913],[136.10327,35.6091],[136.10296,35.6091],[136.10293,35.6091],[136.10274,35.60907],[136.1026,35.60895],[136.10262,35.60887],[136.10291,35.60873],[136.1031,35.60864],[136.10324,35.60852],[136.10329,35.60842],[136.10325,35.60832],[136.10311,35.60821],[136.10293,35.60813],[136.10272,35.60808],[136.10264,35.60804],[136.1026,35.60801],[136.10255,35.60787],[136.10268,35.60779],[136.10284,35.6077],[136.10297,35.60763],[136.10306,35.60758],[136.10294,35.60737],[136.10293,35.60719],[136.10296,35.60703],[136.10315,35.60649],[136.10326,35.60625],[136.10341,35.60607],[136.10367,35.60581],[136.10384,35.60567],[136.10403,35.60556],[136.10428,35.60546],[136.10442,35.60533],[136.10448,35.6052],[136.10447,35.60501],[136.10439,35.60463],[136.10421,35.6043],[136.10417,35.60414],[136.10421,35.60384],[136.10405,35.60354],[136.1038,35.60332],[136.1035,35.60316],[136.10318,35.60297],[136.10296,35.6028],[136.10284,35.60273],[136.10265,35.60271],[136.10255,35.60276],[136.10241,35.60278],[136.10233,35.60275],[136.10213,35.60267],[136.1017,35.60247],[136.10148,35.60243],[136.10123,35.60255],[136.10093,35.60285],[136.10059,35.60315],[136.10041,35.6033],[136.10014,35.60363],[136.09984,35.60393],[136.09954,35.60416],[136.09934,35.60429],[136.09901,35.6044],[136.09876,35.60463],[136.09851,35.60485],[136.09821,35.60508],[136.09789,35.60535],[136.09742,35.60555],[136.09703,35.60579],[136.09658,35.60593],[136.09628,35.60602],[136.09567,35.60609],[136.09553,35.60572],[136.0954,35.60547],[136.09527,35.60531],[136.09514,35.60525],[136.09492,35.60524],[136.09443,35.6053],[136.09388,35.60537],[136.09352,35.60546],[136.09319,35.60554],[136.09291,35.60566],[136.09262,35.60585],[136.092,35.60615],[136.09136,35.60642],[136.09124,35.6064],[136.09121,35.60632],[136.09124,35.60613],[136.09135,35.60607],[136.09176,35.60594],[136.09204,35.60579],[136.09229,35.60545],[136.09241,35.60519],[136.09253,35.60491],[136.09256,35.60476],[136.09247,35.60397],[136.09241,35.60389],[136.09203,35.60366],[136.09183,35.60358],[136.0914,35.60364],[136.09074,35.6039],[136.08932,35.6049],[136.08914,35.60517],[136.08919,35.60545],[136.08906,35.60576],[136.08876,35.60605],[136.08813,35.60704],[136.0876,35.60787],[136.08708,35.60825],[136.08671,35.60855],[136.08696,35.60877],[136.0872,35.60892],[136.08748,35.60915],[136.08786,35.60932],[136.08849,35.60953],[136.08891,35.60967],[136.08927,35.60977],[136.08958,35.60989],[136.08985,35.61004],[136.09002,35.61018],[136.09021,35.6103],[136.09046,35.61044],[136.09077,35.61046],[136.09103,35.61043],[136.09134,35.61041],[136.0916,35.61038],[136.09188,35.61049],[136.09212,35.61067],[136.09227,35.61074],[136.09242,35.61081],[136.09267,35.61085],[136.09295,35.61084],[136.09327,35.61092],[136.0935,35.61111],[136.09387,35.61122],[136.09408,35.61129],[136.0944,35.61134],[136.09463,35.61143],[136.09483,35.61155],[136.09506,35.61175],[136.09541,35.61184],[136.09551,35.61188],[136.09569,35.61193],[136.09597,35.61195],[136.09637,35.61202],[136.09667,35.61206],[136.09693,35.61217],[136.09728,35.61234],[136.09774,35.61253],[136.09822,35.61276],[136.09866,35.6129],[136.09921,35.6131],[136.09962,35.61325],[136.10001,35.61336],[136.10049,35.61348],[136.10089,35.61359],[136.10109,35.61367],[136.10134,35.6138],[136.10162,35.61393],[136.10206,35.61407],[136.10271,35.61417],[136.10348,35.61424],[136.10373,35.6143],[136.10479,35.61454],[136.10538,35.61463],[136.10593,35.61469],[136.10634,35.61485],[136.10676,35.61498],[136.10721,35.61519],[136.10766,35.61542],[136.10807,35.6156],[136.10845,35.61577],[136.10889,35.61591],[136.10945,35.61604],[136.10992,35.61609],[136.11039,35.61621],[136.11077,35.61638],[136.11106,35.6165],[136.11136,35.61663],[136.11162,35.61686],[136.11181,35.61697],[136.11194,35.61705],[136.11224,35.61721],[136.1127,35.61737],[136.11304,35.61747],[136.11317,35.61751],[136.1137,35.61766],[136.11403,35.61783],[136.1143,35.61799],[136.11461,35.61822],[136.11504,35.61867],[136.11541,35.61901],[136.11578,35.61932],[136.1162,35.61959],[136.11671,35.61978],[136.11724,35.62003],[136.11778,35.62027],[136.11805,35.62043],[136.1182,35.62061],[136.11833,35.62079],[136.11863,35.62095],[136.11889,35.62102],[136.11877,35.62082],[136.11871,35.62046],[136.11873,35.62],[136.11866,35.6196],[136.11873,35.61929],[136.11886,35.61897],[136.119,35.61862],[136.11915,35.61832],[136.11931,35.61802],[136.11935,35.61771],[136.11934,35.61738],[136.11932,35.61699],[136.11931,35.61669],[136.11943,35.61639],[136.11939,35.61608],[136.11938,35.61566],[136.11935,35.61527],[136.11929,35.61482],[136.11926,35.61445],[136.1193,35.61418]]]}},{"type":"Feature","properties":{"name":"疋田","setai":114,"jinko":238,"key":"182020980","units":1,"m":118,"f":120,"gk":0,"a0":16,"a1":104,"a2":117,"a75":58,"ag":[2,4,10,4,0,5,3,12,16,11,9,20,24,28,31,25,15,12,6,0,0],"nf":1},"geometry":{"type":"Polygon","coordinates":[[[136.09443,35.6053],[136.09492,35.60524],[136.09514,35.60525],[136.09527,35.60531],[136.0954,35.60547],[136.09553,35.60572],[136.09567,35.60609],[136.09628,35.60602],[136.09658,35.60593],[136.09703,35.60579],[136.09742,35.60555],[136.09789,35.60535],[136.09821,35.60508],[136.09851,35.60485],[136.09876,35.60463],[136.09901,35.6044],[136.09934,35.60429],[136.09954,35.60416],[136.09984,35.60393],[136.10014,35.60363],[136.10041,35.6033],[136.10059,35.60315],[136.10093,35.60285],[136.10123,35.60255],[136.10148,35.60243],[136.1017,35.60247],[136.10213,35.60267],[136.10233,35.60275],[136.10236,35.60213],[136.10224,35.60156],[136.10232,35.60088],[136.10234,35.60054],[136.10251,35.60029],[136.10272,35.60021],[136.103,35.60011],[136.10276,35.59994],[136.10247,35.5996],[136.10227,35.59938],[136.10207,35.59903],[136.10193,35.59878],[136.10175,35.59849],[136.10152,35.59816],[136.10117,35.59783],[136.10095,35.59759],[136.10093,35.59747],[136.10089,35.59726],[136.10085,35.59693],[136.10078,35.59674],[136.10089,35.5965],[136.10089,35.59627],[136.10094,35.59605],[136.10089,35.5959],[136.10071,35.59594],[136.10051,35.59586],[136.10002,35.59553],[136.09937,35.5952],[136.09971,35.59429],[136.09896,35.59425],[136.09764,35.59422],[136.0973,35.59673],[136.09737,35.59719],[136.09744,35.59768],[136.0975,35.59818],[136.09769,35.59888],[136.09785,35.59931],[136.09795,35.59965],[136.09831,35.60026],[136.09864,35.60062],[136.09855,35.60088],[136.09819,35.60118],[136.09787,35.60143],[136.09739,35.60174],[136.09725,35.60181],[136.09718,35.60184],[136.09712,35.6019],[136.09707,35.60189],[136.09674,35.60209],[136.09661,35.60218],[136.09654,35.6022],[136.0964,35.60229],[136.09617,35.60241],[136.09605,35.60257],[136.09586,35.60289],[136.09551,35.60352],[136.09497,35.60399],[136.09434,35.60429],[136.0936,35.60456],[136.09333,35.60459],[136.09309,35.60458],[136.09285,35.6045],[136.09247,35.60397],[136.09256,35.60476],[136.09253,35.60491],[136.09241,35.60519],[136.09229,35.60545],[136.09204,35.60579],[136.09176,35.60594],[136.09135,35.60607],[136.09124,35.60613],[136.09121,35.60632],[136.09124,35.6064],[136.09136,35.60642],[136.092,35.60615],[136.09262,35.60585],[136.09291,35.60566],[136.09319,35.60554],[136.09352,35.60546],[136.09388,35.60537],[136.09443,35.6053]]]}},{"type":"Feature","properties":{"name":"追分","setai":19,"jinko":44,"key":"182020990","units":1,"m":21,"f":23,"gk":2,"a0":0,"a1":17,"a2":27,"a75":12,"ag":[0,0,0,1,0,1,1,1,2,3,2,4,2,3,12,6,1,3,1,1,0]},"geometry":{"type":"Polygon","coordinates":[[[136.10089,35.5959],[136.101,35.59557],[136.1012,35.59528],[136.10147,35.59512],[136.10176,35.59495],[136.10214,35.59474],[136.10235,35.59456],[136.10248,35.59438],[136.10256,35.59414],[136.10262,35.59389],[136.10262,35.59364],[136.10274,35.59336],[136.10298,35.59307],[136.10336,35.59274],[136.10383,35.5924],[136.1042,35.59216],[136.10436,35.59195],[136.10448,35.59176],[136.1045,35.59158],[136.10458,35.59136],[136.10479,35.59117],[136.10484,35.59106],[136.10487,35.59081],[136.10477,35.59064],[136.09922,35.58951],[136.0992,35.58956],[136.09892,35.58986],[136.09878,35.59018],[136.09868,35.59046],[136.0986,35.59077],[136.09868,35.59113],[136.09875,35.59161],[136.09878,35.59203],[136.09869,35.5925],[136.09876,35.59297],[136.09886,35.59338],[136.09892,35.59378],[136.09897,35.59414],[136.09896,35.59425],[136.09971,35.59429],[136.09937,35.5952],[136.10002,35.59553],[136.10051,35.59586],[136.10071,35.59594],[136.10089,35.5959]]]}},{"type":"Feature","properties":{"name":"深坂","setai":0,"jinko":0,"key":"182021000","units":1,"m":0,"f":0,"gk":0,"a0":0,"a1":0,"a2":0,"a75":0,"ag":[0,0,0,0,0,0,0,0,0,0,0,0,0,0,0,0,0,0,0,0,0]},"geometry":{"type":"Polygon","coordinates":[[[136.10426,35.58257],[136.10396,35.58253],[136.1038,35.58239],[136.10363,35.58227],[136.10348,35.5822],[136.10331,35.5822],[136.10313,35.58224],[136.10303,35.5823],[136.10321,35.58247],[136.10354,35.58273],[136.10362,35.58295],[136.10353,35.58319],[136.10335,35.58337],[136.10325,35.58341],[136.10325,35.58343],[136.1031,35.58346],[136.10291,35.58352],[136.10281,35.5836],[136.10275,35.5837],[136.10273,35.5837],[136.10272,35.5837],[136.10271,35.58388],[136.10271,35.58418],[136.10264,35.58459],[136.10255,35.58492],[136.10241,35.58515],[136.10215,35.58538],[136.10176,35.58566],[136.10148,35.58587],[136.10123,35.5861],[136.1009,35.58637],[136.10076,35.58648],[136.10064,35.58662],[136.10049,35.58699],[136.10034,35.58745],[136.10021,35.58793],[136.10006,35.5883],[136.09993,35.5886],[136.09971,35.58889],[136.09948,35.58912],[136.09929,35.58932],[136.09922,35.58951],[136.10477,35.59064],[136.10459,35.59047],[136.10431,35.59031],[136.10415,35.59006],[136.10399,35.58978],[136.10397,35.5895],[136.10398,35.58932],[136.10408,35.58915],[136.10434,35.589],[136.10459,35.58888],[136.10473,35.58874],[136.10479,35.58861],[136.10465,35.5885],[136.10444,35.58845],[136.10418,35.58834],[136.10408,35.58807],[136.10416,35.58771],[136.10428,35.58745],[136.10441,35.58711],[136.10449,35.58677],[136.10472,35.58639],[136.1049,35.58596],[136.10515,35.58561],[136.10536,35.58532],[136.10551,35.58502],[136.10554,35.58471],[136.10554,35.58466],[136.10556,35.58432],[136.10534,35.58405],[136.10492,35.58348],[136.10479,35.58328],[136.10426,35.58257]]]}},{"type":"Feature","properties":{"name":"駄口","setai":5,"jinko":7,"key":"182021010","units":1,"hi":1},"geometry":{"type":"Polygon","coordinates":[[[136.09932,35.56851],[136.09868,35.5685],[136.09856,35.56884],[136.09841,35.56913],[136.0984,35.56917],[136.0983,35.56953],[136.09822,35.56974],[136.09793,35.56987],[136.09774,35.56996],[136.09752,35.57005],[136.0973,35.57007],[136.09723,35.57006],[136.09721,35.57007],[136.09697,35.57019],[136.09692,35.57022],[136.09661,35.57037],[136.09661,35.57037],[136.09655,35.5704],[136.09608,35.57047],[136.09582,35.57053],[136.09559,35.57042],[136.09557,35.57052],[136.09543,35.57166],[136.09557,35.57201],[136.09592,35.57216],[136.09632,35.57216],[136.09661,35.57212],[136.09678,35.57213],[136.0969,35.57219],[136.09689,35.57238],[136.09662,35.57268],[136.09657,35.57275],[136.09653,35.57281],[136.09637,35.57305],[136.09634,35.57318],[136.09635,35.57325],[136.09642,35.57331],[136.09658,35.57332],[136.09682,35.57338],[136.09703,35.57346],[136.09715,35.57362],[136.09724,35.57384],[136.09726,35.57399],[136.0973,35.57404],[136.09744,35.57406],[136.0976,35.57395],[136.0977,35.5739],[136.09781,35.57392],[136.09796,35.57401],[136.09832,35.57435],[136.09866,35.57469],[136.09871,35.57479],[136.09874,35.57491],[136.09867,35.57508],[136.09855,35.57522],[136.0985,35.57531],[136.09848,35.57537],[136.09861,35.57553],[136.0987,35.57571],[136.0988,35.57589],[136.09882,35.57613],[136.09887,35.57627],[136.09903,35.57639],[136.09911,35.57652],[136.09912,35.57661],[136.09902,35.57676],[136.09897,35.57687],[136.0992,35.57707],[136.09952,35.57735],[136.09967,35.57763],[136.09995,35.57787],[136.1001,35.57805],[136.10007,35.57828],[136.09999,35.5785],[136.09995,35.57861],[136.1,35.57887],[136.10025,35.5791],[136.1004,35.57926],[136.10052,35.57937],[136.10054,35.57951],[136.1005,35.57965],[136.10051,35.57974],[136.10061,35.57978],[136.1008,35.57979],[136.10103,35.57978],[136.10122,35.57982],[136.1015,35.58003],[136.10178,35.58028],[136.10205,35.58063],[136.10228,35.58097],[136.10252,35.58143],[136.10273,35.58183],[136.1028,35.582],[136.10287,35.58216],[136.10303,35.5823],[136.10313,35.58224],[136.10331,35.5822],[136.10348,35.5822],[136.10363,35.58227],[136.1038,35.58239],[136.10396,35.58253],[136.10426,35.58257],[136.10427,35.58228],[136.10429,35.58196],[136.1043,35.58166],[136.10426,35.58149],[136.10418,35.58134],[136.10394,35.58117],[136.10373,35.58088],[136.10355,35.58056],[136.10345,35.58024],[136.10329,35.57996],[136.10313,35.5798],[136.10289,35.57965],[136.10269,35.57955],[136.10258,35.57953],[136.10249,35.57945],[136.10255,35.57932],[136.10266,35.57918],[136.10279,35.57901],[136.1029,35.57878],[136.1029,35.57852],[136.10282,35.57828],[136.10268,35.57789],[136.10251,35.57752],[136.10237,35.57706],[136.10237,35.57672],[136.10242,35.57649],[136.10238,35.57628],[136.10223,35.57612],[136.10218,35.57607],[136.10205,35.57589],[136.10201,35.57569],[136.10197,35.5755],[136.10196,35.57534],[136.10179,35.57509],[136.10167,35.57486],[136.10145,35.57448],[136.10135,35.57433],[136.10108,35.57415],[136.10081,35.57399],[136.10063,35.5738],[136.1005,35.57353],[136.1005,35.5733],[136.1005,35.57305],[136.10052,35.57282],[136.10038,35.57245],[136.10027,35.57221],[136.10022,35.57194],[136.10012,35.57165],[136.09994,35.57135],[136.09976,35.57116],[136.09957,35.57076],[136.09944,35.57047],[136.09943,35.57017],[136.09951,35.56995],[136.09961,35.56976],[136.09965,35.56957],[136.09966,35.56951],[136.0996,35.56932],[136.09948,35.56909],[136.09942,35.56874],[136.09932,35.56851]]]}},{"type":"Feature","properties":{"name":"山中","setai":0,"jinko":0,"key":"182021020","units":1,"m":0,"f":0,"gk":0,"a0":0,"a1":0,"a2":0,"a75":0,"ag":[0,0,0,0,0,0,0,0,0,0,0,0,0,0,0,0,0,0,0,0,0]},"geometry":{"type":"Polygon","coordinates":[[[136.09559,35.57042],[136.09582,35.57053],[136.09608,35.57047],[136.09655,35.5704],[136.09661,35.57037],[136.09661,35.57037],[136.09692,35.57022],[136.09697,35.57019],[136.09721,35.57007],[136.09723,35.57006],[136.0973,35.57007],[136.09752,35.57005],[136.09774,35.56996],[136.09793,35.56987],[136.09822,35.56974],[136.0983,35.56953],[136.0984,35.56917],[136.09841,35.56913],[136.09856,35.56884],[136.09868,35.5685],[136.09932,35.56851],[136.10664,35.56861],[136.10749,35.56862],[136.10808,35.56863],[136.10801,35.56858],[136.1079,35.5684],[136.10799,35.56818],[136.10831,35.56777],[136.10872,35.56738],[136.10897,35.56703],[136.10962,35.56569],[136.10974,35.56524],[136.10996,35.5647],[136.11075,35.56335],[136.11064,35.56313],[136.1105,35.56265],[136.11045,35.5614],[136.11045,35.56132],[136.11031,35.56103],[136.11036,35.56051],[136.11052,35.56006],[136.11039,35.55974],[136.11011,35.55939],[136.10992,35.55932],[136.10942,35.55929],[136.10885,35.55919],[136.10869,35.55894],[136.10869,35.55853],[136.10879,35.55801],[136.10869,35.55779],[136.108,35.55765],[136.1075,35.55748],[136.10736,35.55729],[136.10672,35.55695],[136.1064,35.55657],[136.10615,35.55621],[136.10582,35.55594],[136.10557,35.55579],[136.10535,35.55552],[136.10587,35.55473],[136.1061,35.55416],[136.10622,35.55371],[136.10645,35.55339],[136.10691,35.55313],[136.10732,35.55256],[136.10787,35.55164],[136.10824,35.55119],[136.1084,35.55074],[136.10847,35.55017],[136.10867,35.54999],[136.10879,35.54997],[136.10902,35.54984],[136.10889,35.54936],[136.1085,35.54859],[136.1082,35.54826],[136.10806,35.54789],[136.10792,35.54729],[136.10792,35.54686],[136.10809,35.5465],[136.109,35.54583],[136.1093,35.54545],[136.10941,35.5449],[136.10921,35.5443],[136.1093,35.54395],[136.1093,35.54369],[136.10896,35.54312],[136.1091,35.54263],[136.10907,35.54251],[136.10887,35.54222],[136.10864,35.542],[136.10819,35.54112],[136.10791,35.54008],[136.10701,35.53927],[136.10654,35.53898],[136.10601,35.53857],[136.10587,35.53812],[136.10607,35.53783],[136.1061,35.5375],[136.10599,35.53706],[136.10612,35.5367],[136.10659,35.53598],[136.10675,35.53551],[136.10672,35.53465],[136.1064,35.53422],[136.10626,35.53382],[136.10615,35.53337],[136.10609,35.53281],[136.10639,35.53209],[136.10647,35.53204],[136.10666,35.53181],[136.10719,35.53065],[136.1071,35.53035],[136.10652,35.52925],[136.10627,35.52896],[136.1057,35.52889],[136.10542,35.52877],[136.10531,35.52873],[136.10515,35.52877],[136.10435,35.52975],[136.10397,35.53031],[136.10354,35.53053],[136.10295,35.53074],[136.10182,35.53139],[136.10114,35.53193],[136.10079,35.53207],[136.10042,35.53211],[136.10019,35.53254],[136.09999,35.53336],[136.09985,35.53365],[136.09946,35.53398],[136.09914,35.5341],[136.09859,35.534],[136.09796,35.53383],[136.09749,35.5339],[136.0962,35.53477],[136.09499,35.53554],[136.0945,35.53604],[136.09381,35.53707],[136.09329,35.5375],[136.09271,35.53757],[136.09211,35.53746],[136.09145,35.5374],[136.09079,35.53748],[136.09008,35.53775],[136.08944,35.53811],[136.08893,35.53864],[136.08854,35.53895],[136.08744,35.53904],[136.0868,35.53918],[136.08556,35.5397],[136.08434,35.54004],[136.08345,35.5404],[136.08274,35.54055],[136.08216,35.54037],[136.08178,35.54013],[136.08161,35.53988],[136.08145,35.53936],[136.08128,35.5392],[136.08065,35.53905],[136.08031,35.53817],[136.07996,35.537],[136.07988,35.53643],[136.07969,35.53585],[136.07933,35.53551],[136.07811,35.53524],[136.07763,35.53506],[136.07713,35.53472],[136.07683,35.5344],[136.0771,35.53378],[136.07724,35.53263],[136.07743,35.53222],[136.07759,35.53175],[136.07757,35.5316],[136.07526,35.53398],[136.07339,35.53641],[136.07236,35.53799],[136.0721,35.53839],[136.07108,35.54044],[136.07032,35.54235],[136.06985,35.54444],[136.06977,35.54485],[136.06935,35.54701],[136.06862,35.54936],[136.06788,35.55164],[136.06783,35.55187],[136.06753,35.55359],[136.06739,35.55606],[136.06741,35.55906],[136.06741,35.55926],[136.06765,35.56144],[136.06765,35.56145],[136.06784,35.56267],[136.0682,35.56414],[136.06846,35.56526],[136.06881,35.56616],[136.06881,35.56617],[136.06915,35.56747],[136.06934,35.56913],[136.0695,35.57121],[136.06915,35.57327],[136.06914,35.57331],[136.06891,35.57464],[136.06876,35.57575],[136.06874,35.57713],[136.0689,35.57904],[136.06923,35.58047],[136.06929,35.58072],[136.07009,35.58349],[136.0716,35.58274],[136.07314,35.58169],[136.07486,35.58051],[136.07676,35.57939],[136.07715,35.57918],[136.07767,35.57891],[136.07927,35.57775],[136.08138,35.57645],[136.08281,35.57555],[136.08374,35.57519],[136.08424,35.57492],[136.08451,35.57478],[136.08514,35.57417],[136.08588,35.57352],[136.08866,35.57177],[136.08944,35.5716],[136.09145,35.57106],[136.09262,35.57074],[136.09406,35.57041],[136.09479,35.57035],[136.09559,35.57042]]]}},{"type":"Feature","properties":{"name":"奥野","setai":14,"jinko":28,"key":"182021030","units":1,"m":10,"f":18,"gk":0,"a0":0,"a1":9,"a2":19,"a75":13,"ag":[0,0,0,0,0,0,0,0,1,0,1,3,4,2,4,8,1,3,1,0,0]},"geometry":{"type":"Polygon","coordinates":[[[136.11235,35.60692],[136.1128,35.6068],[136.11303,35.60673],[136.11313,35.60669],[136.11353,35.60655],[136.11407,35.60624],[136.11398,35.60604],[136.11389,35.60594],[136.11353,35.60581],[136.11314,35.60568],[136.11302,35.60563],[136.11294,35.60558],[136.11261,35.60533],[136.11115,35.60434],[136.11085,35.60409],[136.11049,35.6038],[136.1101,35.60342],[136.10961,35.60279],[136.10936,35.60241],[136.10923,35.60211],[136.10922,35.60181],[136.10919,35.60155],[136.10928,35.60131],[136.10945,35.60093],[136.1093,35.60094],[136.10916,35.60095],[136.10902,35.60107],[136.10875,35.60128],[136.10848,35.60147],[136.10824,35.60168],[136.10802,35.60179],[136.10778,35.60184],[136.10745,35.60193],[136.10719,35.60196],[136.1069,35.60191],[136.10658,35.60184],[136.10595,35.60163],[136.10549,35.60156],[136.10528,35.60141],[136.10504,35.60121],[136.10458,35.6008],[136.10442,35.60061],[136.10409,35.60049],[136.10381,35.60035],[136.1035,35.60026],[136.103,35.60011],[136.10272,35.60021],[136.10251,35.60029],[136.10234,35.60054],[136.10232,35.60088],[136.10224,35.60156],[136.10236,35.60213],[136.10233,35.60275],[136.10241,35.60278],[136.10255,35.60276],[136.10265,35.60271],[136.10284,35.60273],[136.10296,35.6028],[136.10318,35.60297],[136.1035,35.60316],[136.1038,35.60332],[136.10405,35.60354],[136.10421,35.60384],[136.10417,35.60414],[136.10421,35.6043],[136.10439,35.60463],[136.10447,35.60501],[136.10448,35.6052],[136.10442,35.60533],[136.10428,35.60546],[136.10403,35.60556],[136.10384,35.60567],[136.10367,35.60581],[136.10341,35.60607],[136.10326,35.60625],[136.10315,35.60649],[136.10296,35.60703],[136.10293,35.60719],[136.10294,35.60737],[136.10306,35.60758],[136.10297,35.60763],[136.10284,35.6077],[136.10268,35.60779],[136.10255,35.60787],[136.1026,35.60801],[136.10264,35.60804],[136.10272,35.60808],[136.10293,35.60813],[136.10311,35.60821],[136.10325,35.60832],[136.10329,35.60842],[136.10324,35.60852],[136.1031,35.60864],[136.10291,35.60873],[136.10262,35.60887],[136.1026,35.60895],[136.10274,35.60907],[136.10293,35.6091],[136.10296,35.6091],[136.10327,35.6091],[136.10346,35.60913],[136.10367,35.60917],[136.1037,35.60919],[136.10391,35.60936],[136.10406,35.60946],[136.10426,35.60953],[136.1045,35.60959],[136.10471,35.60965],[136.10485,35.60976],[136.10481,35.60996],[136.10467,35.61008],[136.10465,35.61015],[136.10466,35.61022],[136.1047,35.61031],[136.10466,35.61047],[136.10457,35.61064],[136.10442,35.61078],[136.10428,35.61089],[136.10402,35.61118],[136.10414,35.61138],[136.10419,35.61141],[136.10442,35.6114],[136.1046,35.61133],[136.10475,35.6112],[136.10491,35.61111],[136.10522,35.61111],[136.10545,35.61101],[136.10561,35.61089],[136.10578,35.61073],[136.10593,35.61064],[136.106,35.6106],[136.10611,35.61064],[136.10613,35.6108],[136.10608,35.61095],[136.10609,35.61116],[136.10601,35.61144],[136.1059,35.61156],[136.10578,35.61168],[136.10576,35.6119],[136.10575,35.6122],[136.10564,35.61253],[136.10566,35.61269],[136.10584,35.61275],[136.10612,35.61265],[136.10644,35.61247],[136.10664,35.61234],[136.10686,35.61224],[136.1071,35.61216],[136.1073,35.61203],[136.10744,35.61189],[136.10763,35.61182],[136.1078,35.61181],[136.10795,35.6119],[136.10807,35.61208],[136.10821,35.61221],[136.10832,35.61221],[136.10835,35.6121],[136.10828,35.61192],[136.10817,35.61168],[136.10806,35.61139],[136.10807,35.61111],[136.10808,35.61072],[136.10812,35.61052],[136.10831,35.61044],[136.10848,35.6103],[136.10851,35.61019],[136.10852,35.61018],[136.10856,35.61011],[136.10866,35.61003],[136.10872,35.60999],[136.10882,35.60994],[136.1089,35.60981],[136.10887,35.60972],[136.10885,35.60958],[136.10895,35.6095],[136.10904,35.60933],[136.10902,35.60921],[136.10895,35.60913],[136.10892,35.60892],[136.10899,35.60872],[136.10908,35.60858],[136.10919,35.60846],[136.10921,35.60839],[136.10923,35.60828],[136.10917,35.6082],[136.10914,35.60808],[136.1091,35.60789],[136.10914,35.60771],[136.10923,35.60754],[136.10899,35.60727],[136.10884,35.60695],[136.10886,35.60663],[136.10902,35.60643],[136.10937,35.60623],[136.10972,35.60617],[136.11003,35.60615],[136.11049,35.60622],[136.11106,35.60631],[136.11152,35.6064],[136.11191,35.60653],[136.11215,35.60668],[136.11235,35.60692]]]}},{"type":"Feature","properties":{"name":"曽々木","setai":23,"jinko":52,"key":"182021040","units":1,"m":28,"f":33,"gk":0,"a0":1,"a1":21,"a2":39,"a75":18,"ag":[0,0,1,1,0,1,2,1,1,2,5,3,5,8,13,4,3,5,5,1,0],"tt":61,"gs":1},"geometry":{"type":"Polygon","coordinates":[[[136.11928,35.6139],[136.11932,35.61338],[136.11933,35.61308],[136.11947,35.61296],[136.11957,35.613],[136.11972,35.61296],[136.11976,35.6128],[136.11971,35.61263],[136.1196,35.61241],[136.11957,35.61236],[136.1195,35.61221],[136.11958,35.61201],[136.11976,35.61184],[136.12046,35.61121],[136.12057,35.61106],[136.12068,35.61094],[136.12072,35.61086],[136.12097,35.61075],[136.12111,35.61058],[136.12116,35.61048],[136.12136,35.61041],[136.12157,35.6105],[136.12174,35.61064],[136.12175,35.61035],[136.12173,35.61009],[136.12176,35.60985],[136.12177,35.60966],[136.12171,35.60945],[136.12162,35.60923],[136.1217,35.60901],[136.12189,35.60878],[136.12201,35.6085],[136.12209,35.60815],[136.12215,35.60756],[136.1221,35.60728],[136.12201,35.60719],[136.12124,35.607],[136.12085,35.60713],[136.12062,35.60725],[136.12042,35.60729],[136.12021,35.60735],[136.12004,35.60746],[136.1199,35.60758],[136.11967,35.60773],[136.11953,35.60773],[136.11921,35.60779],[136.11889,35.60793],[136.11866,35.60799],[136.11845,35.60816],[136.11838,35.60836],[136.11823,35.60852],[136.11804,35.60858],[136.11781,35.60864],[136.11763,35.60866],[136.11748,35.60872],[136.11724,35.6088],[136.11683,35.60897],[136.11653,35.60895],[136.11631,35.60893],[136.11612,35.60888],[136.1159,35.60878],[136.1158,35.60872],[136.1155,35.60867],[136.11531,35.60866],[136.11513,35.60857],[136.11494,35.60842],[136.11482,35.60824],[136.11463,35.60794],[136.11445,35.60738],[136.11441,35.60725],[136.11429,35.60687],[136.11407,35.60624],[136.11353,35.60655],[136.11313,35.60669],[136.11303,35.60673],[136.1128,35.6068],[136.11235,35.60692],[136.11239,35.60709],[136.11245,35.60735],[136.11263,35.60751],[136.11275,35.60762],[136.11276,35.60781],[136.11273,35.60794],[136.11289,35.60811],[136.11303,35.60819],[136.11303,35.6082],[136.11318,35.60831],[136.11332,35.60854],[136.1134,35.60878],[136.11339,35.60908],[136.11336,35.60933],[136.11334,35.60956],[136.11339,35.60979],[136.1135,35.61004],[136.11372,35.61033],[136.11399,35.61074],[136.11423,35.61101],[136.11429,35.61122],[136.11428,35.61143],[136.11437,35.61162],[136.11478,35.61155],[136.11507,35.61153],[136.11531,35.61154],[136.11557,35.61163],[136.11581,35.61175],[136.1159,35.61179],[136.11618,35.61216],[136.11625,35.61247],[136.11621,35.61276],[136.11617,35.61294],[136.11598,35.61314],[136.11583,35.61332],[136.11581,35.61353],[136.11593,35.61371],[136.11609,35.61375],[136.11624,35.61373],[136.11644,35.61372],[136.11665,35.61366],[136.11696,35.61363],[136.11723,35.61368],[136.1175,35.61383],[136.11769,35.614],[136.11793,35.61404],[136.11801,35.61394],[136.11802,35.61378],[136.11786,35.61348],[136.11771,35.61331],[136.11756,35.61322],[136.11756,35.61299],[136.11776,35.61298],[136.11805,35.61293],[136.11809,35.61284],[136.11821,35.61282],[136.11835,35.61284],[136.11844,35.61292],[136.11861,35.61302],[136.11876,35.61322],[136.11903,35.61352],[136.11928,35.6139]]]}},{"type":"Feature","properties":{"name":"麻生口","setai":5,"jinko":9,"key":"182021050","units":1,"hi":1},"geometry":{"type":"Polygon","coordinates":[[[136.12563,35.60536],[136.12402,35.60529],[136.12378,35.60521],[136.12343,35.60509],[136.12326,35.60482],[136.12308,35.60448],[136.12301,35.6041],[136.12299,35.60376],[136.12288,35.60344],[136.12277,35.60317],[136.12277,35.6028],[136.12277,35.60243],[136.12284,35.60212],[136.12288,35.60174],[136.1229,35.60126],[136.12287,35.60091],[136.12288,35.60052],[136.12306,35.59984],[136.12307,35.59983],[136.12317,35.59951],[136.12326,35.59924],[136.12329,35.59888],[136.12332,35.59863],[136.12343,35.5984],[136.12363,35.59822],[136.12373,35.59771],[136.12358,35.5975],[136.12344,35.59745],[136.1233,35.59739],[136.12314,35.59734],[136.12292,35.59733],[136.12247,35.59733],[136.12223,35.5974],[136.12214,35.59745],[136.12197,35.59753],[136.12184,35.59776],[136.1217,35.59799],[136.12166,35.59826],[136.12166,35.59863],[136.12171,35.59891],[136.12179,35.59906],[136.12178,35.59931],[136.12166,35.5996],[136.12155,35.59972],[136.12146,35.59986],[136.12147,35.60005],[136.12142,35.60027],[136.12137,35.6004],[136.12136,35.60056],[136.12136,35.60079],[136.12131,35.601],[136.12131,35.60101],[136.1212,35.60134],[136.12126,35.6016],[136.12127,35.60179],[136.12121,35.60203],[136.12103,35.60221],[136.12085,35.60228],[136.12063,35.60226],[136.12051,35.60229],[136.12048,35.6024],[136.12049,35.6025],[136.1204,35.60262],[136.12029,35.60274],[136.12029,35.60288],[136.1205,35.6033],[136.1206,35.60348],[136.12058,35.60366],[136.12048,35.60387],[136.1204,35.60398],[136.1203,35.60415],[136.12028,35.60426],[136.12036,35.60436],[136.1205,35.60441],[136.12067,35.60448],[136.12083,35.60455],[136.12098,35.60471],[136.12105,35.60491],[136.12111,35.60512],[136.12106,35.60534],[136.12107,35.60555],[136.12109,35.60583],[136.12101,35.60607],[136.12085,35.60625],[136.12079,35.60638],[136.12074,35.60661],[136.12078,35.6068],[136.12092,35.60691],[136.12124,35.607],[136.12178,35.60684],[136.12206,35.60674],[136.12232,35.60669],[136.12253,35.60663],[136.12278,35.60662],[136.12311,35.60656],[136.12343,35.60649],[136.12374,35.60636],[136.12401,35.60617],[136.12434,35.60608],[136.1247,35.60598],[136.12501,35.60584],[136.12525,35.60567],[136.12543,35.60549],[136.12563,35.60536]]]}},{"type":"Feature","properties":{"name":"奥麻生","setai":6,"jinko":10,"key":"182021060","units":1,"m":5,"f":5,"gk":0,"a0":0,"a1":1,"a2":9,"a75":3,"ag":[0,0,0,0,0,0,0,0,0,0,0,0,1,5,1,0,1,2,0,0,0]},"geometry":{"type":"Polygon","coordinates":[[[136.13506,35.60454],[136.13499,35.60423],[136.13487,35.60389],[136.1349,35.60366],[136.13493,35.60353],[136.13507,35.60339],[136.13529,35.60331],[136.13554,35.6033],[136.13583,35.60339],[136.13603,35.60351],[136.13614,35.60365],[136.13622,35.60377],[136.13633,35.60388],[136.13657,35.60397],[136.13687,35.60397],[136.13704,35.60397],[136.13733,35.60395],[136.13763,35.60395],[136.13785,35.60387],[136.13795,35.60381],[136.13808,35.60372],[136.1382,35.60357],[136.13831,35.60345],[136.13843,35.60331],[136.13861,35.60325],[136.13882,35.60319],[136.13899,35.60319],[136.13921,35.60329],[136.13938,35.60343],[136.13953,35.60362],[136.13955,35.60328],[136.13948,35.60301],[136.13934,35.60274],[136.1391,35.60245],[136.13894,35.60219],[136.1388,35.60192],[136.13879,35.6015],[136.1388,35.60121],[136.13893,35.60088],[136.13909,35.60042],[136.13923,35.60008],[136.13937,35.59984],[136.13951,35.59959],[136.13961,35.59926],[136.13965,35.59876],[136.13962,35.59827],[136.13969,35.59798],[136.13982,35.59766],[136.13982,35.59743],[136.13983,35.59725],[136.13983,35.59686],[136.13989,35.5967],[136.13993,35.59655],[136.14015,35.59624],[136.1404,35.59598],[136.1408,35.5956],[136.14102,35.59536],[136.14134,35.59484],[136.14154,35.59434],[136.14173,35.594],[136.14207,35.59348],[136.14234,35.59315],[136.14275,35.59285],[136.14312,35.59256],[136.14341,35.5923],[136.1435,35.59204],[136.14337,35.59172],[136.14307,35.59122],[136.14297,35.59069],[136.14292,35.59051],[136.14269,35.58971],[136.14262,35.58915],[136.14261,35.58861],[136.14247,35.58825],[136.14245,35.58783],[136.14238,35.58752],[136.14231,35.58723],[136.14208,35.58676],[136.14192,35.58639],[136.14169,35.58606],[136.14144,35.58579],[136.14128,35.58563],[136.141,35.58551],[136.14085,35.58519],[136.14057,35.58469],[136.14031,35.58437],[136.1401,35.58418],[136.13992,35.58399],[136.13976,35.58374],[136.13966,35.58333],[136.13948,35.583],[136.13901,35.58224],[136.13873,35.58174],[136.13848,35.5814],[136.13819,35.58108],[136.13781,35.58065],[136.13765,35.58026],[136.13741,35.57985],[136.13715,35.57949],[136.13684,35.57923],[136.13683,35.57921],[136.13666,35.57896],[136.13646,35.5786],[136.13648,35.57828],[136.13642,35.57793],[136.13626,35.57768],[136.13617,35.57743],[136.13611,35.5771],[136.136,35.57674],[136.136,35.57637],[136.13597,35.57611],[136.13586,35.57584],[136.13577,35.57584],[136.13536,35.57566],[136.13502,35.57543],[136.13433,35.57508],[136.13372,35.57483],[136.13278,35.5746],[136.13235,35.57463],[136.1321,35.57472],[136.13143,35.5748],[136.12983,35.57534],[136.12912,35.57541],[136.12892,35.57545],[136.12846,35.57568],[136.12785,35.57583],[136.12718,35.57563],[136.1265,35.57552],[136.12631,35.57554],[136.12558,35.57588],[136.12492,35.57608],[136.12437,35.57613],[136.12416,35.57613],[136.12423,35.57639],[136.12433,35.57655],[136.12444,35.57668],[136.12468,35.57674],[136.12481,35.57678],[136.125,35.57683],[136.12517,35.57693],[136.12521,35.5771],[136.12511,35.57729],[136.12503,35.57741],[136.12501,35.57762],[136.12496,35.57784],[136.12482,35.57798],[136.1245,35.578],[136.12429,35.57806],[136.12424,35.5783],[136.12418,35.57852],[136.1243,35.57877],[136.12447,35.57912],[136.12452,35.57936],[136.12456,35.57955],[136.12477,35.57974],[136.12486,35.57999],[136.12483,35.58035],[136.12475,35.58054],[136.12483,35.58072],[136.12502,35.58084],[136.1251,35.58099],[136.1252,35.58153],[136.12521,35.58172],[136.12528,35.58178],[136.12546,35.58173],[136.12561,35.58167],[136.1257,35.58168],[136.12573,35.58178],[136.12567,35.58193],[136.12557,35.5821],[136.12542,35.58226],[136.1254,35.58248],[136.12544,35.58255],[136.1255,35.58266],[136.12577,35.58282],[136.12609,35.58289],[136.12653,35.58293],[136.12679,35.58288],[136.12656,35.58315],[136.12648,35.58325],[136.12647,35.58343],[136.12657,35.58359],[136.12664,35.58376],[136.12662,35.58396],[136.12639,35.58402],[136.12631,35.5841],[136.12618,35.58431],[136.12624,35.58443],[136.12636,35.5845],[136.12661,35.58449],[136.12684,35.5845],[136.12705,35.58442],[136.12724,35.58433],[136.12736,35.58428],[136.12751,35.58435],[136.12774,35.58436],[136.12783,35.58431],[136.128,35.58431],[136.1282,35.58427],[136.12833,35.58432],[136.1284,35.58442],[136.12835,35.5846],[136.12817,35.5848],[136.128,35.58493],[136.12803,35.58503],[136.12796,35.58523],[136.12788,35.58531],[136.12768,35.58534],[136.1274,35.58544],[136.12722,35.5855],[136.1271,35.58576],[136.12707,35.58592],[136.12698,35.58601],[136.12696,35.58604],[136.12686,35.58621],[136.12705,35.58626],[136.12727,35.58625],[136.12742,35.58632],[136.12747,35.58648],[136.12722,35.5867],[136.12703,35.58683],[136.1268,35.58707],[136.12678,35.58728],[136.12679,35.58771],[136.12682,35.58806],[136.12696,35.58834],[136.12707,35.58868],[136.12711,35.58887],[136.12699,35.58892],[136.12678,35.589],[136.12656,35.58894],[136.12645,35.58883],[136.12633,35.58877],[136.12611,35.58874],[136.12581,35.5888],[136.12553,35.58894],[136.12532,35.5891],[136.12523,35.58938],[136.12518,35.58958],[136.12526,35.58975],[136.12536,35.58993],[136.12527,35.59008],[136.12524,35.59033],[136.12534,35.5905],[136.12532,35.59071],[136.12521,35.59094],[136.12516,35.591],[136.12456,35.59181],[136.12449,35.59198],[136.12448,35.59214],[136.12457,35.59225],[136.12468,35.59226],[136.12474,35.59234],[136.12468,35.59247],[136.12457,35.59259],[136.12448,35.59276],[136.1244,35.59298],[136.12434,35.59336],[136.12423,35.59371],[136.12413,35.59413],[136.12404,35.59453],[136.12394,35.59509],[136.12395,35.59553],[136.12397,35.5957],[136.12389,35.5958],[136.12374,35.59594],[136.12369,35.59604],[136.12369,35.59627],[136.1236,35.59656],[136.12345,35.59672],[136.12327,35.5969],[136.12285,35.59713],[136.12247,35.59733],[136.12292,35.59733],[136.12314,35.59734],[136.1233,35.59739],[136.12344,35.59745],[136.12358,35.5975],[136.12373,35.59771],[136.12363,35.59822],[136.12343,35.5984],[136.12332,35.59863],[136.12329,35.59888],[136.12326,35.59924],[136.12317,35.59951],[136.12307,35.59983],[136.12306,35.59984],[136.12288,35.60052],[136.12287,35.60091],[136.1229,35.60126],[136.12288,35.60174],[136.12284,35.60212],[136.12277,35.60243],[136.12277,35.6028],[136.12277,35.60317],[136.12288,35.60344],[136.12299,35.60376],[136.12301,35.6041],[136.12308,35.60448],[136.12326,35.60482],[136.12343,35.60509],[136.12378,35.60521],[136.12402,35.60529],[136.12563,35.60536],[136.12604,35.60523],[136.12648,35.60507],[136.12687,35.60492],[136.12715,35.60479],[136.1273,35.60477],[136.12773,35.60465],[136.12816,35.60456],[136.12878,35.60444],[136.12922,35.60435],[136.12978,35.60435],[136.13016,35.6044],[136.1304,35.60446],[136.13048,35.60461],[136.1305,35.60475],[136.13041,35.60502],[136.13018,35.60519],[136.13011,35.60534],[136.1302,35.60547],[136.13027,35.60559],[136.13044,35.60574],[136.13059,35.6058],[136.13084,35.6059],[136.13122,35.60595],[136.13166,35.60593],[136.1322,35.60592],[136.13257,35.60588],[136.133,35.60581],[136.13357,35.60576],[136.13403,35.60574],[136.13417,35.6057],[136.13436,35.60565],[136.13466,35.60556],[136.13486,35.60543],[136.135,35.60527],[136.13508,35.60505],[136.13511,35.6048],[136.13506,35.60454]]]}},{"type":"Feature","properties":{"name":"新道","setai":14,"jinko":28,"key":"182021070","units":1,"m":16,"f":19,"gk":0,"a0":1,"a1":11,"a2":23,"a75":12,"ag":[1,0,0,0,0,1,2,1,0,1,0,1,5,6,5,3,4,5,0,0,0],"tt":35,"gs":1},"geometry":{"type":"Polygon","coordinates":[[[136.12051,35.60229],[136.12063,35.60226],[136.12085,35.60228],[136.12103,35.60221],[136.12121,35.60203],[136.12127,35.60179],[136.12126,35.6016],[136.1212,35.60134],[136.12131,35.60101],[136.12131,35.601],[136.12136,35.60079],[136.12136,35.60056],[136.12137,35.6004],[136.12142,35.60027],[136.12147,35.60005],[136.12146,35.59986],[136.12155,35.59972],[136.12166,35.5996],[136.12178,35.59931],[136.12179,35.59906],[136.12171,35.59891],[136.12166,35.59863],[136.12166,35.59826],[136.1217,35.59799],[136.12184,35.59776],[136.12197,35.59753],[136.12214,35.59745],[136.12223,35.5974],[136.12247,35.59733],[136.12285,35.59713],[136.12327,35.5969],[136.12345,35.59672],[136.1236,35.59656],[136.12369,35.59627],[136.12369,35.59604],[136.12374,35.59594],[136.12389,35.5958],[136.12397,35.5957],[136.12395,35.59553],[136.12394,35.59509],[136.12404,35.59453],[136.12413,35.59413],[136.12423,35.59371],[136.12434,35.59336],[136.1244,35.59298],[136.12448,35.59276],[136.12457,35.59259],[136.12468,35.59247],[136.12474,35.59234],[136.12468,35.59226],[136.12457,35.59225],[136.12448,35.59214],[136.12449,35.59198],[136.12456,35.59181],[136.12516,35.591],[136.12521,35.59094],[136.12532,35.59071],[136.12534,35.5905],[136.12524,35.59033],[136.12527,35.59008],[136.12536,35.58993],[136.12526,35.58975],[136.12518,35.58958],[136.12523,35.58938],[136.12532,35.5891],[136.12553,35.58894],[136.12581,35.5888],[136.12611,35.58874],[136.12633,35.58877],[136.12645,35.58883],[136.12656,35.58894],[136.12678,35.589],[136.12699,35.58892],[136.12711,35.58887],[136.12707,35.58868],[136.12696,35.58834],[136.12682,35.58806],[136.12679,35.58771],[136.12678,35.58728],[136.1268,35.58707],[136.12703,35.58683],[136.12722,35.5867],[136.12747,35.58648],[136.12742,35.58632],[136.12727,35.58625],[136.12705,35.58626],[136.12686,35.58621],[136.12696,35.58604],[136.12698,35.58601],[136.12707,35.58592],[136.1271,35.58576],[136.12722,35.5855],[136.1274,35.58544],[136.12768,35.58534],[136.12788,35.58531],[136.12796,35.58523],[136.12803,35.58503],[136.128,35.58493],[136.12817,35.5848],[136.12835,35.5846],[136.1284,35.58442],[136.12833,35.58432],[136.1282,35.58427],[136.128,35.58431],[136.12783,35.58431],[136.12774,35.58436],[136.12751,35.58435],[136.12736,35.58428],[136.12724,35.58433],[136.12705,35.58442],[136.12684,35.5845],[136.12661,35.58449],[136.12636,35.5845],[136.12624,35.58443],[136.12618,35.58431],[136.12631,35.5841],[136.12639,35.58402],[136.12662,35.58396],[136.12664,35.58376],[136.12657,35.58359],[136.12647,35.58343],[136.12648,35.58325],[136.12656,35.58315],[136.12679,35.58288],[136.12653,35.58293],[136.12609,35.58289],[136.12577,35.58282],[136.1255,35.58266],[136.12544,35.58255],[136.1254,35.58248],[136.12542,35.58226],[136.12557,35.5821],[136.12567,35.58193],[136.12573,35.58178],[136.1257,35.58168],[136.12561,35.58167],[136.12546,35.58173],[136.12528,35.58178],[136.12521,35.58172],[136.1252,35.58153],[136.1251,35.58099],[136.12502,35.58084],[136.12483,35.58072],[136.12475,35.58054],[136.12483,35.58035],[136.12486,35.57999],[136.12477,35.57974],[136.12456,35.57955],[136.12452,35.57936],[136.12447,35.57912],[136.1243,35.57877],[136.12418,35.57852],[136.12424,35.5783],[136.12429,35.57806],[136.1245,35.578],[136.12482,35.57798],[136.12496,35.57784],[136.12501,35.57762],[136.12503,35.57741],[136.12511,35.57729],[136.12521,35.5771],[136.12517,35.57693],[136.125,35.57683],[136.12481,35.57678],[136.12468,35.57674],[136.12444,35.57668],[136.12433,35.57655],[136.12423,35.57639],[136.12416,35.57613],[136.12396,35.57613],[136.12343,35.57628],[136.12302,35.57628],[136.12212,35.57618],[136.12188,35.57625],[136.12185,35.57623],[136.12171,35.57625],[136.12125,35.57623],[136.12121,35.57623],[136.12095,35.57629],[136.12058,35.57648],[136.12026,35.57674],[136.11996,35.57686],[136.11941,35.57686],[136.1191,35.5769],[136.11808,35.57747],[136.11715,35.5783],[136.11657,35.57909],[136.11661,35.57945],[136.11688,35.57987],[136.11721,35.58026],[136.11732,35.58067],[136.11721,35.58109],[136.117,35.58157],[136.1167,35.58202],[136.1154,35.58299],[136.11457,35.58306],[136.11408,35.58302],[136.11359,35.58281],[136.11336,35.58261],[136.11304,35.58216],[136.11299,35.58203],[136.11265,35.58107],[136.11219,35.58027],[136.11215,35.58011],[136.11226,35.57966],[136.1124,35.57932],[136.11212,35.57857],[136.11217,35.57779],[136.1121,35.57732],[136.11209,35.57684],[136.11234,35.57565],[136.11264,35.57551],[136.1128,35.57522],[136.11272,35.57483],[136.11272,35.57443],[136.11291,35.57409],[136.11277,35.5738],[136.11259,35.57355],[136.11227,35.57333],[136.11172,35.57324],[136.11115,35.57299],[136.11145,35.57204],[136.11099,35.57097],[136.11069,35.57056],[136.11044,35.57031],[136.11019,35.56966],[136.10999,35.5693],[136.10966,35.56916],[136.10895,35.56912],[136.10837,35.56887],[136.10808,35.56863],[136.10749,35.56862],[136.10664,35.56861],[136.09932,35.56851],[136.09942,35.56874],[136.09948,35.56909],[136.0996,35.56932],[136.09966,35.56951],[136.09965,35.56957],[136.09961,35.56976],[136.09951,35.56995],[136.09943,35.57017],[136.09944,35.57047],[136.09957,35.57076],[136.09976,35.57116],[136.09994,35.57135],[136.10012,35.57165],[136.10022,35.57194],[136.10027,35.57221],[136.10038,35.57245],[136.10052,35.57282],[136.1005,35.57305],[136.1005,35.5733],[136.1005,35.57353],[136.10063,35.5738],[136.10081,35.57399],[136.10108,35.57415],[136.10135,35.57433],[136.10145,35.57448],[136.10167,35.57486],[136.10179,35.57509],[136.10196,35.57534],[136.10197,35.5755],[136.10201,35.57569],[136.10205,35.57589],[136.10218,35.57607],[136.10223,35.57612],[136.10238,35.57628],[136.10242,35.57649],[136.10237,35.57672],[136.10237,35.57706],[136.10251,35.57752],[136.10268,35.57789],[136.10282,35.57828],[136.1029,35.57852],[136.1029,35.57878],[136.10279,35.57901],[136.10266,35.57918],[136.10255,35.57932],[136.10249,35.57945],[136.10258,35.57953],[136.10269,35.57955],[136.10289,35.57965],[136.10313,35.5798],[136.10329,35.57996],[136.10345,35.58024],[136.10355,35.58056],[136.10373,35.58088],[136.10394,35.58117],[136.10418,35.58134],[136.10426,35.58149],[136.1043,35.58166],[136.10429,35.58196],[136.10427,35.58228],[136.10426,35.58257],[136.10479,35.58328],[136.10492,35.58348],[136.10534,35.58405],[136.10556,35.58432],[136.10554,35.58466],[136.10554,35.58471],[136.10551,35.58502],[136.10536,35.58532],[136.10515,35.58561],[136.1049,35.58596],[136.10472,35.58639],[136.10449,35.58677],[136.10441,35.58711],[136.10428,35.58745],[136.10416,35.58771],[136.10408,35.58807],[136.10418,35.58834],[136.10444,35.58845],[136.10465,35.5885],[136.10479,35.58861],[136.10473,35.58874],[136.10459,35.58888],[136.10434,35.589],[136.10408,35.58915],[136.10398,35.58932],[136.10397,35.5895],[136.10399,35.58978],[136.10415,35.59006],[136.10431,35.59031],[136.10459,35.59047],[136.10477,35.59064],[136.10487,35.59081],[136.10484,35.59106],[136.10479,35.59117],[136.10458,35.59136],[136.1045,35.59158],[136.10448,35.59176],[136.10436,35.59195],[136.1042,35.59216],[136.10383,35.5924],[136.10336,35.59274],[136.10298,35.59307],[136.10274,35.59336],[136.10262,35.59364],[136.10262,35.59389],[136.10256,35.59414],[136.10248,35.59438],[136.10235,35.59456],[136.10214,35.59474],[136.10176,35.59495],[136.10147,35.59512],[136.1012,35.59528],[136.101,35.59557],[136.10089,35.5959],[136.10094,35.59605],[136.10089,35.59627],[136.10089,35.5965],[136.10078,35.59674],[136.10085,35.59693],[136.10089,35.59726],[136.10093,35.59747],[136.10095,35.59759],[136.10117,35.59783],[136.10152,35.59816],[136.10175,35.59849],[136.10193,35.59878],[136.10207,35.59903],[136.10227,35.59938],[136.10247,35.5996],[136.10276,35.59994],[136.103,35.60011],[136.1035,35.60026],[136.10381,35.60035],[136.10409,35.60049],[136.10442,35.60061],[136.10458,35.6008],[136.10504,35.60121],[136.10528,35.60141],[136.10549,35.60156],[136.10595,35.60163],[136.10658,35.60184],[136.1069,35.60191],[136.10719,35.60196],[136.10745,35.60193],[136.10778,35.60184],[136.10802,35.60179],[136.10824,35.60168],[136.10848,35.60147],[136.10875,35.60128],[136.10902,35.60107],[136.10916,35.60095],[136.1093,35.60094],[136.10945,35.60093],[136.10928,35.60131],[136.10919,35.60155],[136.10922,35.60181],[136.10923,35.60211],[136.10936,35.60241],[136.10961,35.60279],[136.1101,35.60342],[136.11049,35.6038],[136.11085,35.60409],[136.11115,35.60434],[136.11261,35.60533],[136.11294,35.60558],[136.11302,35.60563],[136.11314,35.60568],[136.11353,35.60581],[136.11389,35.60594],[136.11398,35.60604],[136.11407,35.60624],[136.11429,35.60687],[136.11441,35.60725],[136.11445,35.60738],[136.11463,35.60794],[136.11482,35.60824],[136.11494,35.60842],[136.11513,35.60857],[136.11531,35.60866],[136.1155,35.60867],[136.1158,35.60872],[136.1159,35.60878],[136.11612,35.60888],[136.11631,35.60893],[136.11653,35.60895],[136.11683,35.60897],[136.11724,35.6088],[136.11748,35.60872],[136.11763,35.60866],[136.11781,35.60864],[136.11804,35.60858],[136.11823,35.60852],[136.11838,35.60836],[136.11845,35.60816],[136.11866,35.60799],[136.11889,35.60793],[136.11921,35.60779],[136.11953,35.60773],[136.11967,35.60773],[136.1199,35.60758],[136.12004,35.60746],[136.12021,35.60735],[136.12042,35.60729],[136.12062,35.60725],[136.12085,35.60713],[136.12124,35.607],[136.12092,35.60691],[136.12078,35.6068],[136.12074,35.60661],[136.12079,35.60638],[136.12085,35.60625],[136.12101,35.60607],[136.12109,35.60583],[136.12107,35.60555],[136.12106,35.60534],[136.12111,35.60512],[136.12105,35.60491],[136.12098,35.60471],[136.12083,35.60455],[136.12067,35.60448],[136.1205,35.60441],[136.12036,35.60436],[136.12028,35.60426],[136.1203,35.60415],[136.1204,35.60398],[136.12048,35.60387],[136.12058,35.60366],[136.1206,35.60348],[136.1205,35.6033],[136.12029,35.60288],[136.12029,35.60274],[136.1204,35.60262],[136.12049,35.6025],[136.12048,35.6024],[136.12051,35.60229]]]}},{"type":"Feature","properties":{"name":"刀根","setai":34,"jinko":61,"key":"182021080","units":1,"m":29,"f":32,"gk":0,"a0":3,"a1":17,"a2":40,"a75":19,"ag":[0,1,2,1,1,0,1,1,4,1,3,4,1,11,10,4,8,3,4,0,0],"nf":1},"geometry":{"type":"Polygon","coordinates":[[[136.14533,35.60721],[136.14533,35.60678],[136.14548,35.60645],[136.14557,35.60626],[136.14579,35.60615],[136.14625,35.60602],[136.14687,35.60599],[136.1476,35.60599],[136.14808,35.60591],[136.14853,35.60576],[136.14886,35.60578],[136.149,35.6057],[136.14905,35.60567],[136.14907,35.6054],[136.14912,35.60515],[136.14937,35.60486],[136.14988,35.60467],[136.1505,35.60448],[136.15099,35.6045],[136.15129,35.60472],[136.15152,35.60475],[136.15174,35.60468],[136.15196,35.60437],[136.15234,35.60416],[136.1528,35.6042],[136.15335,35.60427],[136.15392,35.60434],[136.1544,35.60431],[136.15479,35.60442],[136.15506,35.6046],[136.15564,35.60465],[136.15623,35.60487],[136.15626,35.60488],[136.15678,35.60509],[136.15707,35.60528],[136.15726,35.60519],[136.15735,35.60502],[136.15758,35.6048],[136.15803,35.60463],[136.15836,35.60467],[136.15859,35.60461],[136.15876,35.60447],[136.15919,35.60438],[136.15972,35.60438],[136.16031,35.60434],[136.16058,35.60426],[136.16091,35.60426],[136.16141,35.60443],[136.16212,35.60466],[136.16272,35.60496],[136.16316,35.60502],[136.16334,35.60479],[136.16347,35.60453],[136.16354,35.6042],[136.16384,35.60426],[136.16401,35.60436],[136.16429,35.60449],[136.16457,35.60461],[136.1649,35.60475],[136.16507,35.6048],[136.16532,35.60488],[136.1659,35.60504],[136.16662,35.6052],[136.16716,35.6053],[136.16761,35.6054],[136.16798,35.60538],[136.16869,35.60533],[136.16939,35.60533],[136.16993,35.60529],[136.17061,35.60515],[136.17135,35.60498],[136.17202,35.60476],[136.17275,35.60451],[136.17344,35.60425],[136.17397,35.60382],[136.17429,35.6036],[136.17447,35.60329],[136.17448,35.60246],[136.17475,35.60161],[136.17513,35.60076],[136.17584,35.59935],[136.17622,35.59887],[136.17667,35.59847],[136.17682,35.59817],[136.17683,35.59738],[136.17684,35.5971],[136.17674,35.5966],[136.17699,35.59607],[136.1773,35.5957],[136.17749,35.59539],[136.17749,35.59507],[136.17723,35.59468],[136.17663,35.59434],[136.17602,35.59393],[136.17584,35.59373],[136.17568,35.59324],[136.17558,35.59267],[136.17529,35.59225],[136.17482,35.59184],[136.17374,35.59108],[136.17313,35.59074],[136.17292,35.59055],[136.17265,35.59022],[136.17257,35.58977],[136.17255,35.58877],[136.17235,35.5884],[136.1717,35.58756],[136.17065,35.5865],[136.17043,35.58637],[136.16982,35.58588],[136.16908,35.58545],[136.16817,35.58475],[136.16784,35.58423],[136.16712,35.58343],[136.16663,35.58279],[136.1664,35.58237],[136.16674,35.58144],[136.16695,35.58118],[136.16743,35.58086],[136.1677,35.58048],[136.16777,35.58003],[136.16768,35.57944],[136.16779,35.57877],[136.16793,35.57856],[136.1684,35.57764],[136.16852,35.5775],[136.16904,35.57728],[136.16959,35.5769],[136.17019,35.57638],[136.17048,35.57604],[136.17064,35.57575],[136.17064,35.57564],[136.16984,35.5746],[136.16952,35.57433],[136.16948,35.57427],[136.1697,35.57238],[136.16995,35.57165],[136.17032,35.57133],[136.17027,35.57104],[136.16947,35.56989],[136.16938,35.56965],[136.16969,35.5687],[136.16958,35.56837],[136.16949,35.56823],[136.16919,35.56805],[136.16917,35.56794],[136.16933,35.56742],[136.16961,35.56699],[136.16981,35.56677],[136.16988,35.56661],[136.16994,35.56623],[136.16981,35.56594],[136.16944,35.56569],[136.16881,35.56542],[136.16839,35.56549],[136.16809,35.5655],[136.16776,35.56541],[136.16768,35.56534],[136.16724,35.5653],[136.16688,35.56537],[136.16679,35.56544],[136.16661,35.56573],[136.16638,35.5662],[136.16574,35.56694],[136.16444,35.56883],[136.16389,35.56951],[136.16353,35.57063],[136.16331,35.57106],[136.16248,35.57147],[136.16118,35.57158],[136.16024,35.57184],[136.15942,35.57187],[136.15873,35.57168],[136.15804,35.57139],[136.15752,35.57125],[136.15711,35.57128],[136.15661,35.57148],[136.15572,35.57157],[136.15537,35.57148],[136.15484,35.57154],[136.15439,35.57174],[136.15421,35.57204],[136.15412,35.57231],[136.15387,35.57244],[136.15274,35.5726],[136.15092,35.57289],[136.15028,35.57291],[136.15007,35.5728],[136.14982,35.57235],[136.14971,35.57172],[136.14948,35.57138],[136.14911,35.57138],[136.14854,35.57165],[136.14799,35.57203],[136.14753,35.57212],[136.14722,35.57201],[136.14708,35.57188],[136.14648,35.5709],[136.14609,35.57066],[136.14554,35.57054],[136.14504,35.57054],[136.14466,35.57063],[136.14436,35.57083],[136.14386,35.57102],[136.14342,35.57113],[136.14303,35.57148],[136.14287,35.57187],[136.14256,35.57225],[136.14239,35.57303],[136.14194,35.57378],[136.14052,35.57461],[136.13986,35.57495],[136.13947,35.57533],[136.13911,35.5756],[136.13858,35.57567],[136.13833,35.57563],[136.13739,35.57531],[136.13626,35.57583],[136.13586,35.57584],[136.13597,35.57611],[136.136,35.57637],[136.136,35.57674],[136.13611,35.5771],[136.13617,35.57743],[136.13626,35.57768],[136.13642,35.57793],[136.13648,35.57828],[136.13646,35.5786],[136.13666,35.57896],[136.13683,35.57921],[136.13684,35.57923],[136.13715,35.57949],[136.13741,35.57985],[136.13765,35.58026],[136.13781,35.58065],[136.13819,35.58108],[136.13848,35.5814],[136.13873,35.58174],[136.13901,35.58224],[136.13948,35.583],[136.13966,35.58333],[136.13976,35.58374],[136.13992,35.58399],[136.1401,35.58418],[136.14031,35.58437],[136.14057,35.58469],[136.14085,35.58519],[136.141,35.58551],[136.14128,35.58563],[136.14144,35.58579],[136.14169,35.58606],[136.14192,35.58639],[136.14208,35.58676],[136.14231,35.58723],[136.14238,35.58752],[136.14245,35.58783],[136.14247,35.58825],[136.14261,35.58861],[136.14262,35.58915],[136.14269,35.58971],[136.14292,35.59051],[136.14297,35.59069],[136.14307,35.59122],[136.14337,35.59172],[136.1435,35.59204],[136.14341,35.5923],[136.14312,35.59256],[136.14275,35.59285],[136.14234,35.59315],[136.14207,35.59348],[136.14173,35.594],[136.14154,35.59434],[136.14134,35.59484],[136.14102,35.59536],[136.1408,35.5956],[136.1404,35.59598],[136.14015,35.59624],[136.13993,35.59655],[136.13989,35.5967],[136.13983,35.59686],[136.13983,35.59725],[136.13982,35.59743],[136.13982,35.59766],[136.13969,35.59798],[136.13962,35.59827],[136.13965,35.59876],[136.13961,35.59926],[136.13951,35.59959],[136.13937,35.59984],[136.13923,35.60008],[136.13909,35.60042],[136.13893,35.60088],[136.1388,35.60121],[136.13879,35.6015],[136.1388,35.60192],[136.13894,35.60219],[136.1391,35.60245],[136.13934,35.60274],[136.13948,35.60301],[136.13955,35.60328],[136.13953,35.60362],[136.13982,35.60392],[136.13983,35.60392],[136.13996,35.60396],[136.1402,35.604],[136.14049,35.60407],[136.14079,35.60423],[136.1413,35.60447],[136.14173,35.60476],[136.14238,35.60525],[136.14304,35.6059],[136.14367,35.60655],[136.14454,35.60725],[136.14461,35.60706],[136.14472,35.60713],[136.14482,35.60726],[136.14498,35.60745],[136.14548,35.60808],[136.14533,35.60753],[136.14533,35.60721]]]}},{"type":"Feature","properties":{"name":"杉箸","setai":33,"jinko":70,"key":"182021090","units":1,"m":30,"f":40,"gk":0,"a0":3,"a1":14,"a2":53,"a75":25,"ag":[0,2,1,1,0,0,1,3,0,1,0,1,7,10,18,1,4,13,5,2,0]},"geometry":{"type":"Polygon","coordinates":[[[136.15959,35.6341],[136.15962,35.63346],[136.15967,35.63235],[136.15962,35.63171],[136.15943,35.63106],[136.15908,35.63055],[136.15864,35.63014],[136.15849,35.62988],[136.15863,35.62962],[136.15917,35.62944],[136.15945,35.62911],[136.1599,35.62796],[136.16017,35.62739],[136.16024,35.62678],[136.16007,35.62634],[136.15977,35.62584],[136.15977,35.62524],[136.16003,35.6251],[136.16039,35.62501],[136.16083,35.62497],[136.16128,35.62468],[136.16164,35.62423],[136.16207,35.62408],[136.16244,35.62401],[136.16263,35.62368],[136.16288,35.62291],[136.16309,35.62253],[136.16379,35.62194],[136.16408,35.62143],[136.16425,35.62099],[136.16425,35.62031],[136.16435,35.61995],[136.16495,35.61915],[136.16527,35.61889],[136.16567,35.6188],[136.16624,35.61877],[136.16679,35.61865],[136.16687,35.6186],[136.16717,35.61803],[136.16765,35.61626],[136.16835,35.61452],[136.16869,35.6141],[136.16915,35.61376],[136.16964,35.61334],[136.17022,35.61257],[136.1704,35.61206],[136.17073,35.61035],[136.17082,35.60888],[136.1709,35.60846],[136.1713,35.60803],[136.1716,35.60725],[136.17233,35.60668],[136.17287,35.60586],[136.17312,35.60531],[136.17318,35.60465],[136.17344,35.60426],[136.17344,35.60425],[136.17275,35.60451],[136.17202,35.60476],[136.17135,35.60498],[136.17061,35.60515],[136.16993,35.60529],[136.16939,35.60533],[136.16869,35.60533],[136.16798,35.60538],[136.16761,35.6054],[136.16716,35.6053],[136.16662,35.6052],[136.1659,35.60504],[136.16532,35.60488],[136.16507,35.6048],[136.1649,35.60475],[136.16457,35.60461],[136.16429,35.60449],[136.16401,35.60436],[136.16384,35.60426],[136.16354,35.6042],[136.16347,35.60453],[136.16334,35.60479],[136.16316,35.60502],[136.16272,35.60496],[136.16212,35.60466],[136.16141,35.60443],[136.16091,35.60426],[136.16058,35.60426],[136.16031,35.60434],[136.15972,35.60438],[136.15919,35.60438],[136.15876,35.60447],[136.15859,35.60461],[136.15836,35.60467],[136.15803,35.60463],[136.15758,35.6048],[136.15735,35.60502],[136.15726,35.60519],[136.15707,35.60528],[136.15678,35.60509],[136.15626,35.60488],[136.15623,35.60487],[136.15564,35.60465],[136.15506,35.6046],[136.15479,35.60442],[136.1544,35.60431],[136.15392,35.60434],[136.15335,35.60427],[136.1528,35.6042],[136.15234,35.60416],[136.15196,35.60437],[136.15174,35.60468],[136.15152,35.60475],[136.15129,35.60472],[136.15099,35.6045],[136.1505,35.60448],[136.14988,35.60467],[136.14937,35.60486],[136.14912,35.60515],[136.14907,35.6054],[136.14905,35.60567],[136.149,35.6057],[136.14886,35.60578],[136.14853,35.60576],[136.14808,35.60591],[136.1476,35.60599],[136.14687,35.60599],[136.14625,35.60602],[136.14579,35.60615],[136.14557,35.60626],[136.14548,35.60645],[136.14533,35.60678],[136.14533,35.60721],[136.14533,35.60753],[136.14548,35.60808],[136.14498,35.60745],[136.14482,35.60726],[136.14472,35.60713],[136.14461,35.60706],[136.14454,35.60725],[136.14367,35.60655],[136.14304,35.6059],[136.14238,35.60525],[136.14173,35.60476],[136.1413,35.60447],[136.14079,35.60423],[136.14049,35.60407],[136.1402,35.604],[136.13996,35.60396],[136.13983,35.60392],[136.13982,35.60392],[136.13953,35.60362],[136.13938,35.60343],[136.13921,35.60329],[136.13899,35.60319],[136.13882,35.60319],[136.13861,35.60325],[136.13843,35.60331],[136.13831,35.60345],[136.1382,35.60357],[136.13808,35.60372],[136.13795,35.60381],[136.13785,35.60387],[136.13763,35.60395],[136.13733,35.60395],[136.13704,35.60397],[136.13687,35.60397],[136.13657,35.60397],[136.13633,35.60388],[136.13622,35.60377],[136.13614,35.60365],[136.13603,35.60351],[136.13583,35.60339],[136.13554,35.6033],[136.13529,35.60331],[136.13507,35.60339],[136.13493,35.60353],[136.1349,35.60366],[136.13487,35.60389],[136.13499,35.60423],[136.13506,35.60454],[136.13511,35.6048],[136.13508,35.60505],[136.135,35.60527],[136.13486,35.60543],[136.13466,35.60556],[136.13436,35.60565],[136.13417,35.6057],[136.13403,35.60574],[136.13357,35.60576],[136.133,35.60581],[136.13257,35.60588],[136.1322,35.60592],[136.13166,35.60593],[136.13122,35.60595],[136.13084,35.6059],[136.13059,35.6058],[136.13044,35.60574],[136.13027,35.60559],[136.1302,35.60547],[136.13011,35.60534],[136.13018,35.60519],[136.13041,35.60502],[136.1305,35.60475],[136.13048,35.60461],[136.1304,35.60446],[136.13016,35.6044],[136.12978,35.60435],[136.12922,35.60435],[136.12878,35.60444],[136.12816,35.60456],[136.12773,35.60465],[136.1273,35.60477],[136.12715,35.60479],[136.12687,35.60492],[136.12648,35.60507],[136.12604,35.60523],[136.12563,35.60536],[136.12543,35.60549],[136.12525,35.60567],[136.12501,35.60584],[136.1247,35.60598],[136.12434,35.60608],[136.12401,35.60617],[136.12374,35.60636],[136.12343,35.60649],[136.12311,35.60656],[136.12278,35.60662],[136.12253,35.60663],[136.12232,35.60669],[136.12206,35.60674],[136.12178,35.60684],[136.12124,35.607],[136.12201,35.60719],[136.1221,35.60728],[136.12215,35.60756],[136.12209,35.60815],[136.12201,35.6085],[136.12189,35.60878],[136.1217,35.60901],[136.12162,35.60923],[136.12171,35.60945],[136.12177,35.60966],[136.12176,35.60985],[136.12173,35.61009],[136.12175,35.61035],[136.12174,35.61064],[136.12157,35.6105],[136.12136,35.61041],[136.12116,35.61048],[136.12111,35.61058],[136.12097,35.61075],[136.12072,35.61086],[136.12068,35.61094],[136.12057,35.61106],[136.12046,35.61121],[136.11976,35.61184],[136.11958,35.61201],[136.1195,35.61221],[136.11957,35.61236],[136.1196,35.61241],[136.11971,35.61263],[136.11976,35.6128],[136.11972,35.61296],[136.11957,35.613],[136.11947,35.61296],[136.11933,35.61308],[136.11932,35.61338],[136.11928,35.6139],[136.11928,35.61396],[136.1193,35.61418],[136.11926,35.61445],[136.11929,35.61482],[136.11935,35.61527],[136.11938,35.61566],[136.11939,35.61608],[136.11943,35.61639],[136.11931,35.61669],[136.11932,35.61699],[136.11934,35.61738],[136.11935,35.61771],[136.11931,35.61802],[136.11915,35.61832],[136.119,35.61862],[136.11886,35.61897],[136.11873,35.61929],[136.11866,35.6196],[136.11873,35.62],[136.11871,35.62046],[136.11877,35.62082],[136.11889,35.62102],[136.11912,35.62112],[136.11925,35.6213],[136.11948,35.62164],[136.11946,35.62196],[136.11939,35.62215],[136.11939,35.62236],[136.11948,35.62258],[136.11954,35.62282],[136.11952,35.62316],[136.11966,35.62341],[136.11977,35.62364],[136.11989,35.62386],[136.11984,35.62408],[136.1198,35.62436],[136.1199,35.62453],[136.12008,35.62484],[136.12022,35.62517],[136.12044,35.6257],[136.12071,35.62611],[136.12093,35.62639],[136.12113,35.62684],[136.12148,35.62728],[136.12159,35.62767],[136.12153,35.62803],[136.12148,35.62839],[136.1216,35.6288],[136.12171,35.62918],[136.12178,35.62943],[136.12185,35.62979],[136.12188,35.63025],[136.12178,35.6306],[136.12134,35.63102],[136.12091,35.63122],[136.12048,35.63133],[136.1203,35.63137],[136.12004,35.63143],[136.11936,35.6316],[136.11918,35.63183],[136.11915,35.6322],[136.11912,35.63265],[136.11901,35.63313],[136.11892,35.63335],[136.1187,35.63348],[136.11865,35.63351],[136.1184,35.63366],[136.11814,35.63394],[136.1179,35.63425],[136.11763,35.63458],[136.11733,35.63492],[136.11708,35.63525],[136.11677,35.63562],[136.11655,35.636],[136.11638,35.63646],[136.11634,35.63689],[136.11621,35.63746],[136.11736,35.63769],[136.11841,35.63776],[136.12492,35.63854],[136.12727,35.63883],[136.12883,35.63898],[136.12986,35.63913],[136.13044,35.63918],[136.13099,35.63922],[136.13166,35.63925],[136.13223,35.63932],[136.13271,35.63941],[136.13317,35.63951],[136.13365,35.63959],[136.13424,35.63928],[136.13485,35.63901],[136.13574,35.63869],[136.13664,35.63837],[136.13768,35.63802],[136.13869,35.63767],[136.13962,35.6373],[136.14086,35.63693],[136.14128,35.63678],[136.142,35.63651],[136.14296,35.63615],[136.14409,35.63576],[136.1451,35.63543],[136.14585,35.63514],[136.14687,35.63474],[136.14785,35.63443],[136.14881,35.63418],[136.14933,35.63411],[136.14935,35.63398],[136.14974,35.63404],[136.15008,35.63414],[136.15053,35.63424],[136.15074,35.63445],[136.15095,35.63477],[136.15124,35.63515],[136.15151,35.63578],[136.15163,35.63619],[136.15176,35.63654],[136.152,35.63717],[136.15222,35.63777],[136.15242,35.6382],[136.15242,35.6385],[136.15272,35.63893],[136.15305,35.63929],[136.15311,35.63969],[136.15322,35.63997],[136.15348,35.64023],[136.15365,35.64067],[136.1537,35.64084],[136.15379,35.6411],[136.15397,35.64146],[136.15427,35.6418],[136.15453,35.64215],[136.15484,35.64249],[136.15504,35.64218],[136.1555,35.64181],[136.15612,35.64168],[136.15695,35.64139],[136.15728,35.64123],[136.15734,35.64117],[136.15735,35.64045],[136.15782,35.63993],[136.1584,35.63865],[136.15853,35.63822],[136.15859,35.63761],[136.15853,35.63699],[136.15835,35.63643],[136.15824,35.63587],[136.15833,35.63563],[136.15867,35.63536],[136.1598,35.63485],[136.15983,35.63456],[136.15959,35.6341]]]}},{"type":"Feature","properties":{"name":"野神","setai":856,"jinko":1914,"key":"182021100","units":1,"m":977,"f":937,"gk":25,"a0":344,"a1":1133,"a2":324,"a75":123,"ag":[117,121,106,60,53,101,138,163,130,136,116,103,133,110,91,45,39,26,8,5,0],"nf":113},"geometry":{"type":"Polygon","coordinates":[[[136.05222,35.63687],[136.05223,35.63676],[136.05498,35.63695],[136.05531,35.63698],[136.05762,35.63711],[136.05788,35.63796],[136.058,35.63833],[136.05878,35.63815],[136.05923,35.63807],[136.05967,35.63851],[136.0601,35.63821],[136.06025,35.63831],[136.06065,35.638],[136.06091,35.6377],[136.06066,35.63756],[136.06065,35.63753],[136.06047,35.63743],[136.06022,35.63726],[136.06018,35.63662],[136.06084,35.63639],[136.06181,35.63612],[136.06156,35.63546],[136.06149,35.63525],[136.0613,35.6347],[136.06126,35.63459],[136.06099,35.63382],[136.06089,35.63355],[136.06081,35.63331],[136.06067,35.63289],[136.06061,35.6329],[136.06001,35.63295],[136.05975,35.63297],[136.05904,35.63303],[136.05821,35.63309],[136.0577,35.63313],[136.05745,35.63315],[136.0569,35.6332],[136.05692,35.63345],[136.05693,35.63355],[136.05697,35.63382],[136.057,35.63406],[136.057,35.63408],[136.0569,35.63403],[136.05666,35.63387],[136.05634,35.63359],[136.05627,35.63353],[136.05616,35.63338],[136.05611,35.63313],[136.05605,35.63281],[136.05605,35.63278],[136.05604,35.63274],[136.05603,35.63269],[136.056,35.6326],[136.05592,35.63242],[136.05592,35.63251],[136.05591,35.63265],[136.05556,35.6329],[136.05526,35.63307],[136.05548,35.63332],[136.05539,35.63333],[136.055,35.63338],[136.05438,35.63344],[136.0543,35.63351],[136.05362,35.6341],[136.05338,35.6343],[136.05322,35.63445],[136.05307,35.63456],[136.05273,35.63518],[136.0526,35.63542],[136.05247,35.63568],[136.05214,35.63558],[136.05195,35.63557],[136.05161,35.63556],[136.05114,35.63554],[136.0511,35.63595],[136.05086,35.63594],[136.05059,35.63593],[136.05023,35.63592],[136.05009,35.63591],[136.05006,35.63624],[136.05002,35.63676],[136.04998,35.63725],[136.04998,35.63733],[136.04982,35.6392],[136.05202,35.63929],[136.05222,35.63687]]]}},{"type":"Feature","properties":{"name":"新和町一丁目","setai":289,"jinko":493,"key":"18202111001","units":1,"m":231,"f":262,"gk":5,"a0":46,"a1":272,"a2":164,"a75":73,"ag":[20,18,8,12,18,34,29,25,21,41,22,40,30,40,51,34,24,14,1,0,0],"nf":11},"geometry":{"type":"Polygon","coordinates":[[[136.05656,35.62981],[136.05648,35.62911],[136.05646,35.6288],[136.05622,35.62883],[136.05593,35.62885],[136.05527,35.6289],[136.0552,35.62891],[136.05487,35.62893],[136.05447,35.62896],[136.05445,35.62896],[136.05433,35.62897],[136.05422,35.62899],[136.05412,35.62902],[136.05404,35.62906],[136.05384,35.62917],[136.05371,35.62902],[136.05347,35.62869],[136.05331,35.62873],[136.05321,35.62879],[136.05301,35.6289],[136.05317,35.62911],[136.05336,35.62935],[136.05356,35.6296],[136.05367,35.62972],[136.05381,35.62986],[136.05395,35.63002],[136.05402,35.6301],[136.05405,35.63015],[136.05408,35.63026],[136.05413,35.63041],[136.05419,35.6306],[136.05428,35.63088],[136.05434,35.63106],[136.05439,35.63124],[136.05441,35.6313],[136.05442,35.63134],[136.05446,35.63142],[136.05453,35.63149],[136.05461,35.63158],[136.05471,35.63165],[136.0548,35.6317],[136.05494,35.63177],[136.05511,35.63183],[136.05542,35.63196],[136.05555,35.63202],[136.05564,35.63209],[136.05571,35.63214],[136.05579,35.63223],[136.05585,35.63232],[136.05592,35.63242],[136.056,35.6326],[136.05603,35.63269],[136.05604,35.63274],[136.05605,35.63278],[136.05605,35.63281],[136.05611,35.63313],[136.05616,35.63338],[136.05627,35.63353],[136.05634,35.63359],[136.05666,35.63387],[136.0569,35.63403],[136.057,35.63408],[136.057,35.63406],[136.05697,35.63382],[136.05693,35.63355],[136.05692,35.63345],[136.0569,35.6332],[136.05689,35.63306],[136.05685,35.63269],[136.05681,35.63218],[136.05673,35.63167],[136.05671,35.63139],[136.05669,35.63118],[136.05662,35.63043],[136.05656,35.62981]]]}},{"type":"Feature","properties":{"name":"新和町二丁目","setai":271,"jinko":673,"key":"18202111002","units":1,"m":299,"f":374,"gk":5,"a0":90,"a1":320,"a2":252,"a75":152,"ag":[28,32,30,19,22,11,37,43,38,47,35,36,32,34,66,62,54,22,12,2,0],"nf":11},"geometry":{"type":"Polygon","coordinates":[[[136.05646,35.6288],[136.05646,35.62868],[136.05643,35.62848],[136.05641,35.62825],[136.0563,35.6272],[136.05629,35.62704],[136.05626,35.62675],[136.05586,35.62676],[136.05572,35.62675],[136.05569,35.62655],[136.05584,35.62655],[136.05582,35.62637],[136.05578,35.62595],[136.05586,35.62594],[136.05585,35.62576],[136.05583,35.62558],[136.0556,35.62559],[136.05528,35.62563],[136.05504,35.62566],[136.05488,35.6257],[136.05467,35.62572],[136.05461,35.62572],[136.05447,35.62574],[136.05405,35.62582],[136.05301,35.62599],[136.05265,35.62606],[136.0524,35.62611],[136.05242,35.62631],[136.05244,35.62645],[136.05246,35.62655],[136.05247,35.62665],[136.05229,35.6267],[136.05216,35.62674],[136.05202,35.62679],[136.05181,35.62686],[136.05167,35.62691],[136.05174,35.62707],[136.05191,35.62737],[136.05207,35.62764],[136.0523,35.62801],[136.05251,35.62829],[136.05268,35.6285],[136.05297,35.62886],[136.05301,35.6289],[136.05321,35.62879],[136.05331,35.62873],[136.05347,35.62869],[136.05371,35.62902],[136.05384,35.62917],[136.05404,35.62906],[136.05412,35.62902],[136.05422,35.62899],[136.05433,35.62897],[136.05445,35.62896],[136.05447,35.62896],[136.05487,35.62893],[136.0552,35.62891],[136.05527,35.6289],[136.05593,35.62885],[136.05622,35.62883],[136.05646,35.6288]]]}},{"type":"Feature","properties":{"name":"和久野","setai":756,"jinko":1622,"key":"182021120","units":1,"m":844,"f":778,"gk":11,"a0":221,"a1":1022,"a2":316,"a75":136,"ag":[73,76,72,71,63,116,116,114,99,131,113,112,87,92,88,54,48,26,6,2,0],"nf":63},"geometry":{"type":"Polygon","coordinates":[[[136.06297,35.62686],[136.06319,35.62652],[136.06322,35.62649],[136.06318,35.62642],[136.06299,35.62611],[136.06286,35.62577],[136.06279,35.62554],[136.06271,35.62493],[136.06256,35.62426],[136.0622,35.62431],[136.06198,35.62369],[136.06177,35.62374],[136.06178,35.62342],[136.0615,35.62341],[136.06153,35.62357],[136.06158,35.6238],[136.0615,35.62382],[136.06128,35.62387],[136.06098,35.62393],[136.06082,35.62398],[136.06065,35.62407],[136.06033,35.62425],[136.05995,35.62445],[136.05962,35.62465],[136.05901,35.62499],[136.05889,35.62504],[136.05873,35.6251],[136.05852,35.62518],[136.05836,35.62524],[136.05826,35.62528],[136.05797,35.62537],[136.05761,35.62547],[136.05746,35.6255],[136.05745,35.6255],[136.05733,35.62553],[136.05713,35.62555],[136.05672,35.62556],[136.05613,35.62556],[136.05604,35.62488],[136.05592,35.62394],[136.05582,35.6231],[136.05473,35.62319],[136.05485,35.62412],[136.0549,35.62464],[136.05493,35.6248],[136.05454,35.62484],[136.05441,35.62484],[136.05448,35.62511],[136.05456,35.62545],[136.05461,35.62572],[136.05467,35.62572],[136.05488,35.6257],[136.05504,35.62566],[136.05528,35.62563],[136.0556,35.62559],[136.05583,35.62558],[136.05585,35.62576],[136.05586,35.62594],[136.05578,35.62595],[136.05582,35.62637],[136.05584,35.62655],[136.05569,35.62655],[136.05572,35.62675],[136.05586,35.62676],[136.05626,35.62675],[136.05629,35.62704],[136.0563,35.6272],[136.05641,35.62825],[136.05643,35.62848],[136.05646,35.62868],[136.05646,35.6288],[136.05648,35.62911],[136.05656,35.62981],[136.05662,35.63043],[136.05669,35.63118],[136.05671,35.63139],[136.05673,35.63167],[136.05681,35.63218],[136.05685,35.63269],[136.05689,35.63306],[136.0569,35.6332],[136.05745,35.63315],[136.0577,35.63313],[136.05821,35.63309],[136.05904,35.63303],[136.05975,35.63297],[136.06001,35.63295],[136.06061,35.6329],[136.06067,35.63289],[136.06052,35.63232],[136.06044,35.63193],[136.0604,35.63156],[136.06037,35.63105],[136.06044,35.63041],[136.06051,35.63014],[136.06061,35.62992],[136.06078,35.62962],[136.06109,35.62912],[136.06127,35.62886],[136.06158,35.62847],[136.06187,35.62816],[136.06202,35.62801],[136.06233,35.62769],[136.06252,35.62751],[136.06263,35.62741],[136.06276,35.62722],[136.06297,35.62686]]]}},{"type":"Feature","properties":{"name":"市野々町一丁目","setai":166,"jinko":399,"key":"18202113001","units":1,"m":196,"f":203,"gk":1,"a0":62,"a1":218,"a2":113,"a75":51,"ag":[15,27,20,15,11,13,21,31,27,26,18,23,33,36,26,28,9,7,5,2,0],"nf":6},"geometry":{"type":"Polygon","coordinates":[[[136.05317,35.62911],[136.05301,35.6289],[136.05297,35.62886],[136.05268,35.6285],[136.05251,35.62829],[136.0523,35.62801],[136.05207,35.62764],[136.05191,35.62737],[136.05174,35.62707],[136.05167,35.62691],[136.05158,35.62676],[136.05155,35.62669],[136.05151,35.62652],[136.05144,35.62627],[136.0514,35.62629],[136.05134,35.62628],[136.05091,35.62625],[136.05052,35.62622],[136.05034,35.62622],[136.05026,35.62623],[136.04997,35.62632],[136.04961,35.62644],[136.04954,35.62645],[136.04932,35.62646],[136.04904,35.62646],[136.04851,35.62647],[136.048,35.62649],[136.04764,35.62651],[136.04739,35.62656],[136.04741,35.62673],[136.04743,35.62691],[136.04735,35.62692],[136.04721,35.62692],[136.0471,35.62692],[136.04706,35.6269],[136.04706,35.62699],[136.04703,35.62706],[136.04701,35.6271],[136.04747,35.62722],[136.04748,35.62728],[136.0475,35.62734],[136.04749,35.62738],[136.04749,35.62744],[136.04748,35.6276],[136.04748,35.6277],[136.04748,35.62773],[136.04748,35.62781],[136.04747,35.62786],[136.04747,35.6279],[136.04747,35.62799],[136.04747,35.62803],[136.04747,35.62809],[136.04747,35.6282],[136.04746,35.62837],[136.04744,35.62883],[136.04743,35.6293],[136.0484,35.62936],[136.04847,35.62935],[136.04869,35.62931],[136.04869,35.62931],[136.04869,35.62914],[136.04869,35.62914],[136.04869,35.62911],[136.04918,35.62905],[136.04915,35.62887],[136.04912,35.62872],[136.04909,35.62856],[136.04907,35.62847],[136.04936,35.62845],[136.04944,35.6285],[136.04972,35.62856],[136.04972,35.62861],[136.04967,35.62863],[136.04961,35.62865],[136.04948,35.62869],[136.0495,35.62872],[136.04996,35.62955],[136.0501,35.62949],[136.05046,35.62934],[136.05089,35.62918],[136.05121,35.62906],[136.0523,35.63012],[136.05287,35.63068],[136.05369,35.63148],[136.05407,35.63185],[136.05526,35.63307],[136.05556,35.6329],[136.05591,35.63265],[136.05592,35.63251],[136.05592,35.63242],[136.05585,35.63232],[136.05579,35.63223],[136.05571,35.63214],[136.05564,35.63209],[136.05555,35.63202],[136.05542,35.63196],[136.05511,35.63183],[136.05494,35.63177],[136.0548,35.6317],[136.05471,35.63165],[136.05461,35.63158],[136.05453,35.63149],[136.05446,35.63142],[136.05442,35.63134],[136.05441,35.6313],[136.05439,35.63124],[136.05434,35.63106],[136.05428,35.63088],[136.05419,35.6306],[136.05413,35.63041],[136.05408,35.63026],[136.05405,35.63015],[136.05402,35.6301],[136.05395,35.63002],[136.05381,35.62986],[136.05367,35.62972],[136.05356,35.6296],[136.05336,35.62935],[136.05317,35.62911]]]}},{"type":"Feature","properties":{"name":"市野々町二丁目","setai":446,"jinko":1183,"key":"18202113002","units":1,"m":551,"f":632,"gk":1,"a0":184,"a1":632,"a2":361,"a75":137,"ag":[49,56,79,69,35,24,54,64,89,98,75,60,64,110,114,61,39,24,11,2,0],"nf":6},"geometry":{"type":"Polygon","coordinates":[[[136.05448,35.62511],[136.05441,35.62484],[136.05454,35.62484],[136.05493,35.6248],[136.0549,35.62464],[136.05485,35.62412],[136.05473,35.62319],[136.0537,35.62327],[136.05366,35.623],[136.05343,35.62273],[136.05325,35.62274],[136.05324,35.62272],[136.05313,35.62241],[136.05313,35.62231],[136.05312,35.62216],[136.05312,35.62212],[136.05312,35.62209],[136.05306,35.62175],[136.05298,35.62134],[136.05298,35.62129],[136.05299,35.62124],[136.05301,35.62109],[136.05304,35.62077],[136.05285,35.62079],[136.05286,35.62094],[136.05274,35.62096],[136.05211,35.62093],[136.05213,35.6213],[136.05167,35.62134],[136.05058,35.62133],[136.05019,35.62125],[136.05006,35.62164],[136.04983,35.6221],[136.04942,35.62289],[136.04948,35.62297],[136.0496,35.6231],[136.04974,35.62326],[136.04983,35.62339],[136.04997,35.62359],[136.05018,35.62389],[136.05036,35.6242],[136.05042,35.62432],[136.05049,35.62445],[136.05067,35.62474],[136.05089,35.62513],[136.05104,35.62544],[136.05124,35.62584],[136.0514,35.62619],[136.05144,35.62627],[136.05151,35.62652],[136.05155,35.62669],[136.05158,35.62676],[136.05167,35.62691],[136.05181,35.62686],[136.05202,35.62679],[136.05216,35.62674],[136.05229,35.6267],[136.05247,35.62665],[136.05246,35.62655],[136.05244,35.62645],[136.05242,35.62631],[136.0524,35.62611],[136.05265,35.62606],[136.05301,35.62599],[136.05405,35.62582],[136.05447,35.62574],[136.05461,35.62572],[136.05456,35.62545],[136.05448,35.62511]]]}},{"type":"Feature","properties":{"name":"若葉町一丁目","setai":176,"jinko":479,"key":"18202114001","units":1,"m":228,"f":251,"gk":5,"a0":71,"a1":257,"a2":142,"a75":61,"ag":[19,28,24,22,12,15,17,27,37,31,32,22,42,36,45,30,21,7,3,0,0],"nf":9},"geometry":{"type":"Polygon","coordinates":[[[136.0511,35.63595],[136.05114,35.63554],[136.05161,35.63556],[136.05195,35.63557],[136.05214,35.63558],[136.05247,35.63568],[136.0526,35.63542],[136.05273,35.63518],[136.05307,35.63456],[136.05322,35.63445],[136.05338,35.6343],[136.05362,35.6341],[136.0543,35.63351],[136.05438,35.63344],[136.05421,35.63344],[136.05346,35.63348],[136.05222,35.63352],[136.05199,35.63352],[136.05185,35.63352],[136.05174,35.63351],[136.05136,35.63351],[136.05091,35.6335],[136.05009,35.63349],[136.04899,35.63348],[136.04728,35.63347],[136.04726,35.63366],[136.04722,35.63529],[136.04831,35.63534],[136.04891,35.63537],[136.05027,35.63543],[136.05023,35.63592],[136.05059,35.63593],[136.05086,35.63594],[136.0511,35.63595]]]}},{"type":"Feature","properties":{"name":"若葉町二丁目","setai":228,"jinko":530,"key":"18202114002","units":1,"m":261,"f":269,"gk":2,"a0":55,"a1":274,"a2":200,"a75":93,"ag":[21,14,20,21,12,20,25,29,30,45,30,21,41,41,66,26,33,23,9,2,0],"nf":1},"geometry":{"type":"Polygon","coordinates":[[[136.05369,35.63148],[136.05287,35.63068],[136.05227,35.63114],[136.05227,35.63121],[136.05149,35.6312],[136.05109,35.63119],[136.05107,35.63119],[136.05065,35.63118],[136.05059,35.63118],[136.05019,35.63117],[136.05007,35.63117],[136.04975,35.63116],[136.04961,35.63116],[136.04929,35.63115],[136.04913,35.63114],[136.04784,35.63111],[136.04736,35.6311],[136.04734,35.63127],[136.04733,35.63161],[136.04733,35.63175],[136.04729,35.63255],[136.04728,35.63347],[136.04899,35.63348],[136.05009,35.63349],[136.05091,35.6335],[136.05136,35.63351],[136.05174,35.63351],[136.05185,35.63352],[136.05199,35.63352],[136.05222,35.63352],[136.05346,35.63348],[136.05421,35.63344],[136.05438,35.63344],[136.055,35.63338],[136.05539,35.63333],[136.05548,35.63332],[136.05526,35.63307],[136.05407,35.63185],[136.05369,35.63148]]]}},{"type":"Feature","properties":{"name":"若葉町三丁目","setai":191,"jinko":466,"key":"18202114003","units":1,"m":231,"f":235,"gk":5,"a0":60,"a1":235,"a2":169,"a75":82,"ag":[15,26,19,16,18,12,24,28,23,34,31,20,29,40,47,39,22,10,8,1,2],"nf":2},"geometry":{"type":"Polygon","coordinates":[[[136.0523,35.63012],[136.05121,35.62906],[136.05089,35.62918],[136.05046,35.62934],[136.0501,35.62949],[136.04996,35.62955],[136.0495,35.62872],[136.04948,35.62869],[136.04961,35.62865],[136.04967,35.62863],[136.04972,35.62861],[136.04972,35.62856],[136.04944,35.6285],[136.04936,35.62845],[136.04907,35.62847],[136.04909,35.62856],[136.04912,35.62872],[136.04915,35.62887],[136.04918,35.62905],[136.04869,35.62911],[136.04869,35.62914],[136.04869,35.62914],[136.04869,35.62931],[136.04869,35.62931],[136.04847,35.62935],[136.0484,35.62936],[136.04743,35.6293],[136.04742,35.62943],[136.04741,35.62985],[136.04741,35.62997],[136.04738,35.63052],[136.04736,35.6311],[136.04784,35.63111],[136.04913,35.63114],[136.04929,35.63115],[136.04961,35.63116],[136.04975,35.63116],[136.05007,35.63117],[136.05019,35.63117],[136.05059,35.63118],[136.05065,35.63118],[136.05107,35.63119],[136.05109,35.63119],[136.05149,35.6312],[136.05227,35.63121],[136.05227,35.63114],[136.05287,35.63068],[136.0523,35.63012]]]}},{"type":"Feature","properties":{"name":"櫛林","setai":461,"jinko":1197,"key":"182021150","units":1,"m":591,"f":606,"gk":5,"a0":172,"a1":661,"a2":353,"a75":137,"ag":[50,70,52,36,32,57,45,82,85,65,79,87,93,112,104,58,43,26,7,3,0],"nf":11},"geometry":{"type":"Polygon","coordinates":[[[136.04997,35.62632],[136.05026,35.62623],[136.05034,35.62622],[136.05052,35.62622],[136.05091,35.62625],[136.05134,35.62628],[136.0514,35.62629],[136.05144,35.62627],[136.0514,35.62619],[136.05124,35.62584],[136.05104,35.62544],[136.05089,35.62513],[136.05067,35.62474],[136.05049,35.62445],[136.05042,35.62432],[136.05036,35.6242],[136.05018,35.62389],[136.04997,35.62359],[136.04983,35.62339],[136.04974,35.62326],[136.0496,35.6231],[136.04948,35.62297],[136.04942,35.62289],[136.04935,35.62281],[136.0493,35.62274],[136.04925,35.62264],[136.04922,35.62253],[136.04918,35.62233],[136.0491,35.62197],[136.04906,35.62181],[136.04901,35.62164],[136.04897,35.62144],[136.04894,35.62128],[136.04803,35.62141],[136.04801,35.62128],[136.04732,35.62127],[136.0473,35.62155],[136.04726,35.62165],[136.04724,35.62189],[136.04717,35.62211],[136.04715,35.62215],[136.04711,35.62222],[136.04712,35.62225],[136.04713,35.62229],[136.04718,35.62235],[136.04721,35.6224],[136.04723,35.62245],[136.04725,35.62251],[136.04726,35.62255],[136.04727,35.6226],[136.04726,35.62264],[136.04722,35.62268],[136.04711,35.62277],[136.04705,35.62281],[136.04698,35.62291],[136.04695,35.62298],[136.04694,35.62303],[136.04694,35.6231],[136.04579,35.62309],[136.04573,35.62309],[136.04573,35.62313],[136.04573,35.62317],[136.04574,35.62326],[136.04575,35.62354],[136.04575,35.62391],[136.04573,35.62413],[136.04484,35.62412],[136.04436,35.62412],[136.04399,35.6241],[136.04329,35.62411],[136.04323,35.62411],[136.04246,35.62412],[136.04219,35.62412],[136.04082,35.6241],[136.04085,35.62424],[136.04085,35.62435],[136.04085,35.62459],[136.04087,35.62467],[136.04092,35.62471],[136.04107,35.62486],[136.04118,35.62494],[136.0413,35.62503],[136.04147,35.62512],[136.04192,35.62532],[136.04216,35.62539],[136.04216,35.62539],[136.04244,35.62551],[136.04255,35.62556],[136.04258,35.62559],[136.0426,35.62562],[136.04262,35.62567],[136.04266,35.62574],[136.04271,35.62585],[136.04275,35.62596],[136.04277,35.62602],[136.04281,35.62603],[136.043,35.6261],[136.04329,35.6262],[136.04364,35.62631],[136.04391,35.62639],[136.04423,35.62649],[136.04439,35.62642],[136.04455,35.62638],[136.04516,35.62631],[136.0457,35.62628],[136.04589,35.62629],[136.04588,35.62646],[136.04601,35.62647],[136.046,35.62663],[136.04681,35.62678],[136.04682,35.62686],[136.04705,35.62687],[136.04706,35.6269],[136.0471,35.62692],[136.04721,35.62692],[136.04735,35.62692],[136.04743,35.62691],[136.04741,35.62673],[136.04739,35.62656],[136.04764,35.62651],[136.048,35.62649],[136.04851,35.62647],[136.04904,35.62646],[136.04932,35.62646],[136.04954,35.62645],[136.04961,35.62644],[136.04997,35.62632]]]}},{"type":"Feature","properties":{"name":"莇生野","setai":381,"jinko":1085,"key":"182021160","units":1,"m":494,"f":591,"gk":9,"a0":154,"a1":563,"a2":351,"a75":178,"ag":[48,50,56,36,35,43,52,64,82,72,60,59,60,91,82,52,37,41,29,18,1],"nf":17},"geometry":{"type":"MultiPolygon","coordinates":[[[[136.0424,35.63701],[136.04229,35.63694],[136.04216,35.63685],[136.04207,35.63677],[136.04197,35.63667],[136.04187,35.63657],[136.0418,35.63646],[136.04174,35.63634],[136.04167,35.6362],[136.04163,35.63608],[136.04162,35.63594],[136.04162,35.63583],[136.04163,35.63576],[136.04166,35.63564],[136.04169,35.63554],[136.04169,35.63552],[136.0417,35.63544],[136.04173,35.63539],[136.04176,35.63529],[136.0418,35.63517],[136.04184,35.63508],[136.04188,35.63498],[136.04191,35.63488],[136.04192,35.6348],[136.04195,35.6347],[136.04198,35.63462],[136.04198,35.63462],[136.04199,35.63454],[136.04199,35.63444],[136.04199,35.63441],[136.04198,35.63423],[136.04198,35.63398],[136.04197,35.63373],[136.04196,35.63366],[136.04195,35.63356],[136.04194,35.63348],[136.04195,35.63324],[136.04196,35.63305],[136.04194,35.63287],[136.04194,35.63261],[136.04195,35.63253],[136.04195,35.63248],[136.04196,35.6324],[136.04197,35.63234],[136.04199,35.63217],[136.04199,35.63213],[136.042,35.63207],[136.04204,35.63188],[136.04205,35.6319],[136.04207,35.63185],[136.04209,35.63179],[136.04212,35.63172],[136.04218,35.63162],[136.04222,35.63156],[136.04225,35.63151],[136.04228,35.63147],[136.04229,35.63144],[136.04232,35.6314],[136.04246,35.63121],[136.04251,35.63111],[136.04251,35.63111],[136.04257,35.631],[136.04262,35.63088],[136.04263,35.63084],[136.04263,35.63079],[136.04264,35.63075],[136.04264,35.63069],[136.04263,35.63069],[136.04262,35.63066],[136.04261,35.63052],[136.04263,35.63042],[136.0426,35.63037],[136.04259,35.63023],[136.04257,35.63006],[136.04259,35.62998],[136.04256,35.62981],[136.04254,35.62956],[136.04269,35.62954],[136.04277,35.62954],[136.04301,35.6295],[136.04297,35.62937],[136.04296,35.62932],[136.04296,35.62928],[136.04296,35.62924],[136.04296,35.6292],[136.04297,35.62916],[136.04299,35.62912],[136.04299,35.6291],[136.043,35.62905],[136.043,35.629],[136.04299,35.62894],[136.043,35.62889],[136.04301,35.62886],[136.04304,35.62882],[136.04316,35.6287],[136.04352,35.62838],[136.04362,35.62827],[136.04369,35.62819],[136.04374,35.62813],[136.04382,35.62799],[136.04384,35.62793],[136.04387,35.62781],[136.04391,35.62772],[136.04394,35.62766],[136.04397,35.62761],[136.04404,35.62753],[136.04409,35.62747],[136.04414,35.62742],[136.04418,35.62736],[136.04418,35.62746],[136.04418,35.62748],[136.04442,35.62747],[136.04447,35.6271],[136.04473,35.62704],[136.04474,35.62704],[136.04495,35.62702],[136.0451,35.62705],[136.04505,35.62722],[136.04536,35.62728],[136.04569,35.62705],[136.04545,35.62699],[136.04552,35.62682],[136.0458,35.62688],[136.04577,35.62699],[136.0459,35.62691],[136.04575,35.6273],[136.04634,35.62729],[136.04634,35.62718],[136.04699,35.6271],[136.04701,35.6271],[136.04703,35.62706],[136.04706,35.62699],[136.04706,35.6269],[136.04705,35.62687],[136.04682,35.62686],[136.04681,35.62678],[136.046,35.62663],[136.04601,35.62647],[136.04588,35.62646],[136.04589,35.62629],[136.0457,35.62628],[136.04516,35.62631],[136.04455,35.62638],[136.04439,35.62642],[136.04423,35.62649],[136.04391,35.62639],[136.04364,35.62631],[136.04329,35.6262],[136.043,35.6261],[136.04281,35.62603],[136.04277,35.62602],[136.04281,35.62612],[136.04286,35.62616],[136.04299,35.62627],[136.0431,35.62637],[136.04318,35.62648],[136.04322,35.6266],[136.04324,35.6267],[136.04323,35.62678],[136.0432,35.62689],[136.04314,35.62699],[136.04303,35.62709],[136.0427,35.62731],[136.04251,35.62744],[136.04245,35.62751],[136.0424,35.62758],[136.04236,35.62766],[136.04233,35.62775],[136.04231,35.62779],[136.04219,35.62786],[136.04213,35.62771],[136.04213,35.62765],[136.04214,35.62759],[136.04218,35.6275],[136.04219,35.62746],[136.04224,35.62737],[136.04226,35.62723],[136.04225,35.62711],[136.04223,35.62701],[136.04218,35.62692],[136.04207,35.62686],[136.04189,35.6268],[136.04165,35.62673],[136.04156,35.62671],[136.04147,35.62664],[136.04134,35.62652],[136.04113,35.62635],[136.04098,35.62627],[136.04082,35.62622],[136.04052,35.62619],[136.04017,35.62619],[136.03992,35.6262],[136.03953,35.62622],[136.03931,35.62623],[136.03918,35.62623],[136.03908,35.62623],[136.03899,35.62621],[136.03887,35.62615],[136.03849,35.626],[136.03824,35.6259],[136.03807,35.62583],[136.03772,35.62572],[136.03748,35.62564],[136.03704,35.62553],[136.03683,35.62606],[136.03657,35.62605],[136.03658,35.62608],[136.03658,35.62624],[136.03642,35.62624],[136.03635,35.62629],[136.03627,35.62626],[136.03622,35.62624],[136.03619,35.62622],[136.03611,35.62617],[136.03603,35.62611],[136.03598,35.62607],[136.03593,35.62603],[136.03587,35.62597],[136.03572,35.62598],[136.03558,35.62599],[136.03559,35.62619],[136.03572,35.62619],[136.03576,35.62782],[136.03577,35.62802],[136.0357,35.62803],[136.03564,35.62804],[136.03555,35.62805],[136.03549,35.62807],[136.0354,35.62809],[136.03539,35.62817],[136.03534,35.62821],[136.03529,35.62826],[136.03528,35.6283],[136.03531,35.62835],[136.03529,35.62839],[136.03526,35.62842],[136.03521,35.62846],[136.03505,35.62857],[136.035,35.62861],[136.03499,35.62866],[136.03499,35.62871],[136.035,35.62874],[136.03502,35.62882],[136.03505,35.6289],[136.03505,35.62899],[136.03504,35.62904],[136.03503,35.62905],[136.03499,35.62907],[136.03495,35.62906],[136.03473,35.62902],[136.03468,35.62906],[136.03463,35.6291],[136.03459,35.62913],[136.03447,35.6291],[136.03435,35.62908],[136.03427,35.62907],[136.03419,35.62907],[136.03408,35.62908],[136.03398,35.62912],[136.0339,35.62917],[136.03358,35.62943],[136.03348,35.62948],[136.03341,35.62951],[136.0333,35.62954],[136.0332,35.62953],[136.03248,35.62949],[136.03235,35.6295],[136.03229,35.62951],[136.03218,35.62956],[136.03192,35.62968],[136.03178,35.62975],[136.03174,35.62977],[136.03169,35.62981],[136.03159,35.62995],[136.03142,35.63023],[136.03132,35.63037],[136.03127,35.63045],[136.03121,35.63048],[136.0311,35.63053],[136.03103,35.63053],[136.0309,35.63051],[136.03079,35.63048],[136.03075,35.63045],[136.03069,35.63031],[136.03068,35.63016],[136.0307,35.63007],[136.03061,35.63012],[136.03037,35.63023],[136.03015,35.63031],[136.03001,35.63037],[136.02977,35.63042],[136.02903,35.63058],[136.02871,35.63068],[136.02856,35.63076],[136.02838,35.63089],[136.02829,35.63097],[136.0282,35.63104],[136.02818,35.63108],[136.02818,35.63114],[136.02826,35.63122],[136.02856,35.63158],[136.0284,35.63167],[136.02819,35.63183],[136.02799,35.63199],[136.02796,35.63204],[136.02797,35.63266],[136.02799,35.63332],[136.03089,35.63337],[136.03111,35.63356],[136.03163,35.63402],[136.03453,35.63655],[136.03496,35.63694],[136.03517,35.63713],[136.03533,35.63722],[136.03545,35.63727],[136.03558,35.6373],[136.03582,35.6373],[136.03622,35.6373],[136.0366,35.63729],[136.03677,35.6373],[136.03687,35.6373],[136.03701,35.63728],[136.03724,35.63723],[136.03747,35.63717],[136.03767,35.63712],[136.03787,35.63707],[136.03806,35.63704],[136.0382,35.63703],[136.03843,35.63694],[136.03863,35.63685],[136.03884,35.63677],[136.03897,35.6367],[136.03906,35.63665],[136.03912,35.63665],[136.03923,35.63666],[136.03954,35.63671],[136.03987,35.63679],[136.04057,35.63694],[136.04097,35.63703],[136.04097,35.63699],[136.04137,35.63706],[136.04197,35.63725],[136.04258,35.63746],[136.04265,35.63749],[136.04272,35.63752],[136.04284,35.63751],[136.04293,35.63751],[136.04294,35.63737],[136.04294,35.6373],[136.04294,35.63721],[136.04272,35.63715],[136.04263,35.63712],[136.04253,35.63707],[136.0424,35.63701]]],[[[136.04319,35.62659],[136.04295,35.62632],[136.04254,35.62663],[136.04218,35.62684],[136.04249,35.62717],[136.04308,35.62683],[136.04319,35.62659]]]]}},{"type":"Feature","properties":{"name":"沢","setai":245,"jinko":562,"key":"182021170","units":1,"m":280,"f":282,"gk":3,"a0":72,"a1":298,"a2":169,"a75":88,"ag":[15,23,34,24,33,27,17,29,33,49,32,31,23,34,47,30,34,15,7,2,0],"nf":23},"geometry":{"type":"Polygon","coordinates":[[[136.0427,35.62731],[136.04303,35.62709],[136.04314,35.62699],[136.0432,35.62689],[136.04323,35.62678],[136.04324,35.6267],[136.04322,35.6266],[136.04318,35.62648],[136.0431,35.62637],[136.04299,35.62627],[136.04286,35.62616],[136.04281,35.62612],[136.04277,35.62602],[136.04275,35.62596],[136.04271,35.62585],[136.04266,35.62574],[136.04262,35.62567],[136.0426,35.62562],[136.04258,35.62559],[136.04255,35.62556],[136.04244,35.62551],[136.04216,35.62539],[136.04216,35.62539],[136.04192,35.62532],[136.04147,35.62512],[136.0413,35.62503],[136.04118,35.62494],[136.04107,35.62486],[136.04092,35.62471],[136.04087,35.62467],[136.04085,35.62459],[136.04085,35.62435],[136.04085,35.62424],[136.04082,35.6241],[136.04083,35.62407],[136.04078,35.62389],[136.04074,35.62365],[136.04072,35.62355],[136.04075,35.62337],[136.04076,35.62324],[136.04013,35.62314],[136.04015,35.62308],[136.04016,35.62304],[136.0395,35.62289],[136.03887,35.62274],[136.03878,35.62304],[136.03869,35.6233],[136.0386,35.62357],[136.03851,35.62385],[136.03849,35.62392],[136.0384,35.62429],[136.03831,35.62453],[136.0382,35.62489],[136.03815,35.62504],[136.03809,35.62524],[136.03776,35.62516],[136.03742,35.62508],[136.03642,35.62485],[136.03618,35.62479],[136.03584,35.62473],[136.03574,35.62473],[136.03559,35.62473],[136.0355,35.62473],[136.03531,35.62476],[136.03508,35.62478],[136.03514,35.62482],[136.03524,35.62488],[136.03573,35.62509],[136.03605,35.62521],[136.03636,35.62532],[136.03676,35.62545],[136.03699,35.62552],[136.03704,35.62553],[136.03748,35.62564],[136.03772,35.62572],[136.03807,35.62583],[136.03824,35.6259],[136.03849,35.626],[136.03887,35.62615],[136.03899,35.62621],[136.03908,35.62623],[136.03918,35.62623],[136.03931,35.62623],[136.03953,35.62622],[136.03992,35.6262],[136.04017,35.62619],[136.04052,35.62619],[136.04082,35.62622],[136.04098,35.62627],[136.04113,35.62635],[136.04134,35.62652],[136.04147,35.62664],[136.04156,35.62671],[136.04165,35.62673],[136.04189,35.6268],[136.04207,35.62686],[136.04218,35.62692],[136.04223,35.62701],[136.04225,35.62711],[136.04226,35.62723],[136.04224,35.62737],[136.04219,35.62746],[136.04218,35.6275],[136.04214,35.62759],[136.04213,35.62765],[136.04213,35.62771],[136.04219,35.62786],[136.04231,35.62779],[136.04233,35.62775],[136.04236,35.62766],[136.0424,35.62758],[136.04245,35.62751],[136.04251,35.62744],[136.0427,35.62731]],[[136.04254,35.62663],[136.04295,35.62632],[136.04319,35.62659],[136.04308,35.62683],[136.04249,35.62717],[136.04218,35.62684],[136.04254,35.62663]]]}},{"type":"Feature","properties":{"name":"桜ケ丘町","setai":278,"jinko":482,"key":"182021180","units":1,"m":262,"f":220,"gk":1,"a0":63,"a1":285,"a2":129,"a75":66,"ag":[24,20,19,9,19,24,17,28,39,44,37,43,25,33,30,23,20,19,3,1,0],"nf":5},"geometry":{"type":"Polygon","coordinates":[[[136.0382,35.62489],[136.03831,35.62453],[136.0384,35.62429],[136.03849,35.62392],[136.03851,35.62385],[136.0386,35.62357],[136.03869,35.6233],[136.03878,35.62304],[136.03887,35.62274],[136.03757,35.62242],[136.03729,35.62234],[136.03647,35.62212],[136.03557,35.62188],[136.03449,35.62163],[136.03427,35.62218],[136.03419,35.62232],[136.03372,35.62353],[136.0338,35.62365],[136.03404,35.62398],[136.03416,35.62416],[136.03427,35.62426],[136.03436,35.62433],[136.03441,35.62436],[136.03462,35.62446],[136.03474,35.62452],[136.03483,35.62456],[136.03492,35.62462],[136.03497,35.62467],[136.03508,35.62478],[136.03531,35.62476],[136.0355,35.62473],[136.03559,35.62473],[136.03574,35.62473],[136.03584,35.62473],[136.03618,35.62479],[136.03642,35.62485],[136.03742,35.62508],[136.03776,35.62516],[136.03809,35.62524],[136.03815,35.62504],[136.0382,35.62489]]]}},{"type":"Feature","properties":{"name":"金山","setai":427,"jinko":1104,"key":"182021190","units":1,"m":519,"f":585,"gk":9,"a0":148,"a1":584,"a2":358,"a75":217,"ag":[47,50,51,51,54,39,57,54,64,84,59,64,58,66,75,61,66,41,33,13,3],"nf":14},"geometry":{"type":"Polygon","coordinates":[[[136.02269,35.63388],[136.02276,35.63386],[136.02281,35.63386],[136.02285,35.63386],[136.02296,35.63385],[136.02317,35.63387],[136.02343,35.63392],[136.0238,35.63403],[136.02389,35.63404],[136.02398,35.63404],[136.02407,35.63402],[136.02413,35.63398],[136.02424,35.63392],[136.02431,35.63389],[136.02437,35.63387],[136.02445,35.63386],[136.02456,35.63389],[136.02464,35.6339],[136.02488,35.63397],[136.02506,35.634],[136.02531,35.63404],[136.02543,35.63407],[136.0255,35.63406],[136.02557,35.63402],[136.02567,35.63394],[136.02572,35.63382],[136.0258,35.63356],[136.02583,35.63348],[136.02588,35.63334],[136.0259,35.63331],[136.02598,35.63329],[136.02799,35.63332],[136.02797,35.63266],[136.02796,35.63204],[136.02799,35.63199],[136.02819,35.63183],[136.0284,35.63167],[136.02856,35.63158],[136.02826,35.63122],[136.02818,35.63114],[136.02818,35.63108],[136.0282,35.63104],[136.02829,35.63097],[136.02838,35.63089],[136.02856,35.63076],[136.02871,35.63068],[136.02903,35.63058],[136.02977,35.63042],[136.03001,35.63037],[136.03015,35.63031],[136.03037,35.63023],[136.03061,35.63012],[136.0307,35.63007],[136.03068,35.63016],[136.03069,35.63031],[136.03075,35.63045],[136.03079,35.63048],[136.0309,35.63051],[136.03103,35.63053],[136.0311,35.63053],[136.03121,35.63048],[136.03127,35.63045],[136.03132,35.63037],[136.03142,35.63023],[136.03159,35.62995],[136.03169,35.62981],[136.03174,35.62977],[136.03178,35.62975],[136.03192,35.62968],[136.03218,35.62956],[136.03229,35.62951],[136.03235,35.6295],[136.03248,35.62949],[136.0332,35.62953],[136.0333,35.62954],[136.03341,35.62951],[136.03348,35.62948],[136.03358,35.62943],[136.0339,35.62917],[136.03398,35.62912],[136.03408,35.62908],[136.03419,35.62907],[136.03427,35.62907],[136.03435,35.62908],[136.03447,35.6291],[136.03459,35.62913],[136.03463,35.6291],[136.03468,35.62906],[136.03473,35.62902],[136.03495,35.62906],[136.03499,35.62907],[136.03503,35.62905],[136.03504,35.62904],[136.03505,35.62899],[136.03505,35.6289],[136.03502,35.62882],[136.035,35.62874],[136.03499,35.62871],[136.03499,35.62866],[136.035,35.62861],[136.03505,35.62857],[136.03521,35.62846],[136.03526,35.62842],[136.03529,35.62839],[136.03531,35.62835],[136.03528,35.6283],[136.03529,35.62826],[136.03534,35.62821],[136.03539,35.62817],[136.0354,35.62809],[136.03549,35.62807],[136.03555,35.62805],[136.03564,35.62804],[136.0357,35.62803],[136.03577,35.62802],[136.03576,35.62782],[136.03572,35.62619],[136.03559,35.62619],[136.03558,35.62599],[136.03572,35.62598],[136.03587,35.62597],[136.03593,35.62603],[136.03598,35.62607],[136.03603,35.62611],[136.03611,35.62617],[136.03619,35.62622],[136.03622,35.62624],[136.03627,35.62626],[136.03635,35.62629],[136.03642,35.62624],[136.03658,35.62624],[136.03658,35.62608],[136.03657,35.62605],[136.03683,35.62606],[136.03704,35.62553],[136.03699,35.62552],[136.03676,35.62545],[136.03636,35.62532],[136.03605,35.62521],[136.03573,35.62509],[136.03524,35.62488],[136.03514,35.62482],[136.03508,35.62478],[136.03497,35.62467],[136.03492,35.62462],[136.03483,35.62456],[136.03474,35.62452],[136.03462,35.62446],[136.03441,35.62436],[136.03436,35.62433],[136.03427,35.62426],[136.03416,35.62416],[136.03404,35.62398],[136.0338,35.62365],[136.03372,35.62353],[136.03367,35.62346],[136.03362,35.62342],[136.0335,35.62333],[136.03341,35.62331],[136.03328,35.6233],[136.03314,35.6233],[136.03297,35.62329],[136.03276,35.62327],[136.03256,35.62323],[136.03264,35.62303],[136.03271,35.62285],[136.03273,35.62282],[136.0326,35.62278],[136.03262,35.62273],[136.03277,35.62244],[136.03277,35.62234],[136.03277,35.6222],[136.0328,35.62207],[136.03286,35.62186],[136.0329,35.62172],[136.03297,35.6216],[136.03305,35.6215],[136.03295,35.62144],[136.03286,35.62138],[136.03279,35.62135],[136.03271,35.62131],[136.03259,35.62128],[136.03238,35.62123],[136.03217,35.62119],[136.032,35.62117],[136.0319,35.62115],[136.03177,35.62113],[136.03156,35.62112],[136.03141,35.62111],[136.03128,35.6211],[136.03115,35.6211],[136.03115,35.62116],[136.03115,35.62122],[136.03116,35.62129],[136.03122,35.62144],[136.03123,35.62149],[136.03119,35.62152],[136.03112,35.62158],[136.03108,35.62162],[136.031,35.62157],[136.0309,35.6215],[136.03075,35.6214],[136.03037,35.62118],[136.0301,35.62101],[136.02977,35.62083],[136.0295,35.62066],[136.02919,35.62049],[136.02885,35.62032],[136.02845,35.62013],[136.02797,35.61994],[136.02766,35.61981],[136.02758,35.61987],[136.02745,35.62006],[136.02731,35.62026],[136.02716,35.62044],[136.02706,35.62056],[136.02699,35.62067],[136.02695,35.62073],[136.02692,35.62077],[136.02688,35.62081],[136.02685,35.62084],[136.02685,35.62089],[136.02689,35.62096],[136.02694,35.62108],[136.02697,35.62126],[136.0271,35.62143],[136.02723,35.62162],[136.02736,35.62181],[136.02741,35.6219],[136.02749,35.62201],[136.02755,35.62211],[136.02756,35.62214],[136.02753,35.62217],[136.02748,35.62218],[136.02744,35.62218],[136.02737,35.62219],[136.02725,35.6222],[136.02702,35.62221],[136.02685,35.62223],[136.02671,35.62223],[136.02667,35.62227],[136.02663,35.62229],[136.02657,35.6223],[136.02649,35.6223],[136.02636,35.62231],[136.02621,35.62232],[136.02607,35.62232],[136.02614,35.6224],[136.02625,35.62249],[136.0264,35.6226],[136.02648,35.62266],[136.02653,35.62271],[136.02659,35.62277],[136.02663,35.62283],[136.02664,35.6229],[136.02663,35.62297],[136.02661,35.62301],[136.02658,35.62308],[136.02634,35.62303],[136.02585,35.62295],[136.02588,35.62302],[136.02591,35.6231],[136.02593,35.62322],[136.02592,35.62333],[136.02588,35.62341],[136.02579,35.62352],[136.02566,35.62363],[136.02552,35.62373],[136.02545,35.62381],[136.02536,35.6239],[136.02526,35.62404],[136.02516,35.62416],[136.02507,35.62424],[136.02496,35.62432],[136.02485,35.6244],[136.02476,35.62446],[136.02467,35.6245],[136.02459,35.62459],[136.02451,35.62469],[136.02437,35.62488],[136.02428,35.62501],[136.02423,35.62509],[136.02413,35.62517],[136.02405,35.62528],[136.02401,35.62537],[136.02394,35.62545],[136.02392,35.62551],[136.02391,35.62559],[136.0238,35.6257],[136.0237,35.62579],[136.02359,35.62591],[136.02346,35.62601],[136.02335,35.62606],[136.0233,35.62608],[136.02324,35.62609],[136.0232,35.62612],[136.02315,35.62618],[136.02306,35.62626],[136.02296,35.6263],[136.02284,35.62634],[136.02271,35.62638],[136.02259,35.62641],[136.02253,35.62644],[136.0225,35.62647],[136.02247,35.62652],[136.02245,35.6266],[136.02241,35.62678],[136.02235,35.62699],[136.02232,35.62718],[136.02226,35.62738],[136.02222,35.62759],[136.02212,35.62782],[136.02201,35.628],[136.02187,35.62823],[136.0217,35.62843],[136.02156,35.62858],[136.02145,35.62867],[136.02139,35.62872],[136.02137,35.62874],[136.02131,35.62883],[136.02121,35.62893],[136.0211,35.62903],[136.02098,35.62914],[136.02085,35.62929],[136.02073,35.62941],[136.02062,35.62955],[136.02053,35.62968],[136.02048,35.62978],[136.02045,35.62989],[136.02044,35.63],[136.02043,35.63004],[136.02042,35.6301],[136.02039,35.6302],[136.0205,35.63031],[136.02066,35.63045],[136.02081,35.63059],[136.02087,35.63072],[136.02091,35.63081],[136.02093,35.63087],[136.02103,35.63098],[136.02112,35.63106],[136.02119,35.63121],[136.02123,35.63144],[136.02122,35.63169],[136.02121,35.6318],[136.02109,35.63177],[136.0209,35.63168],[136.02072,35.63158],[136.02033,35.63133],[136.02028,35.63131],[136.02021,35.63129],[136.02018,35.63129],[136.02015,35.63129],[136.02,35.63146],[136.01982,35.63169],[136.01982,35.63175],[136.01984,35.63182],[136.01998,35.63191],[136.02003,35.63196],[136.02005,35.63201],[136.02005,35.63205],[136.02003,35.63211],[136.02,35.63216],[136.01995,35.63222],[136.01987,35.63227],[136.01986,35.6323],[136.01986,35.63233],[136.0199,35.63235],[136.02001,35.63236],[136.02009,35.63237],[136.02015,35.63241],[136.02023,35.63247],[136.02031,35.63259],[136.02034,35.63266],[136.02034,35.63276],[136.02033,35.63285],[136.02032,35.63291],[136.02029,35.63296],[136.02022,35.63304],[136.02021,35.63305],[136.01989,35.63341],[136.01985,35.63349],[136.01985,35.63355],[136.01989,35.63364],[136.0201,35.63382],[136.02041,35.63402],[136.02045,35.63408],[136.02047,35.63412],[136.02051,35.63419],[136.02055,35.63422],[136.02063,35.63427],[136.02067,35.63433],[136.02071,35.63443],[136.02075,35.63454],[136.02076,35.63459],[136.02078,35.63464],[136.02082,35.63471],[136.02088,35.63476],[136.02094,35.63478],[136.02105,35.63478],[136.02114,35.63475],[136.02124,35.6347],[136.0213,35.63465],[136.02137,35.63461],[136.02144,35.63456],[136.02151,35.63448],[136.02156,35.6344],[136.02158,35.63437],[136.02161,35.63435],[136.02168,35.63432],[136.02174,35.63428],[136.02178,35.63426],[136.02184,35.63421],[136.0219,35.63411],[136.02195,35.63404],[136.02203,35.634],[136.02205,35.634],[136.02223,35.63399],[136.0223,35.63399],[136.02236,35.63397],[136.02241,35.63393],[136.02246,35.6339],[136.02253,35.63389],[136.02258,35.63388],[136.02264,35.63388],[136.02269,35.63388]]]}},{"type":"Feature","properties":{"name":"関","setai":80,"jinko":200,"key":"182021200","units":1,"m":98,"f":102,"gk":0,"a0":15,"a1":97,"a2":88,"a75":41,"ag":[2,7,6,8,7,5,8,9,11,12,14,10,13,27,20,11,15,7,7,1,0]},"geometry":{"type":"Polygon","coordinates":[[[136.01696,35.6367],[136.01703,35.6367],[136.0171,35.6367],[136.01716,35.63674],[136.01724,35.63678],[136.01736,35.63686],[136.01745,35.63691],[136.01754,35.63692],[136.01757,35.63688],[136.01759,35.63682],[136.01758,35.63674],[136.01754,35.63664],[136.01753,35.63657],[136.01752,35.63649],[136.01752,35.63638],[136.01756,35.63629],[136.01758,35.63623],[136.0176,35.63618],[136.01762,35.6361],[136.01758,35.63605],[136.01756,35.63602],[136.01756,35.63599],[136.01757,35.63596],[136.01759,35.63593],[136.01761,35.6359],[136.01762,35.63586],[136.01763,35.6358],[136.01766,35.63576],[136.0177,35.63574],[136.01779,35.63573],[136.01787,35.63574],[136.01795,35.63581],[136.01803,35.63591],[136.01811,35.63599],[136.01821,35.63608],[136.01829,35.63613],[136.01838,35.63617],[136.01854,35.63623],[136.01862,35.63622],[136.01868,35.63621],[136.01881,35.63615],[136.01893,35.63607],[136.01908,35.63603],[136.01917,35.63596],[136.01927,35.63594],[136.01946,35.6359],[136.01958,35.6359],[136.01969,35.6359],[136.0198,35.63591],[136.02002,35.63593],[136.02008,35.63595],[136.0201,35.63596],[136.02013,35.636],[136.02014,35.63604],[136.02016,35.63615],[136.02024,35.63645],[136.02042,35.63687],[136.02046,35.63694],[136.02048,35.63695],[136.02055,35.63693],[136.02059,35.63692],[136.02065,35.63692],[136.02069,35.63693],[136.02072,35.63695],[136.02087,35.63705],[136.02094,35.63708],[136.02097,35.63708],[136.02099,35.63707],[136.021,35.63705],[136.021,35.63701],[136.02098,35.63694],[136.02088,35.63668],[136.02083,35.63652],[136.02081,35.63646],[136.02081,35.63639],[136.02083,35.63634],[136.02087,35.63631],[136.02095,35.63628],[136.02102,35.63627],[136.02105,35.63627],[136.02111,35.6363],[136.02118,35.63636],[136.02129,35.6365],[136.02142,35.63664],[136.02149,35.63667],[136.02156,35.63668],[136.0216,35.63668],[136.02165,35.63666],[136.0217,35.63664],[136.02175,35.63658],[136.02178,35.63653],[136.02181,35.63647],[136.02183,35.63637],[136.02185,35.6363],[136.02188,35.63626],[136.02193,35.63622],[136.02197,35.63619],[136.02202,35.63617],[136.02209,35.63615],[136.02215,35.63615],[136.02219,35.63616],[136.02225,35.63618],[136.02228,35.63622],[136.02236,35.63629],[136.02242,35.63633],[136.02252,35.63636],[136.02266,35.63631],[136.02277,35.63616],[136.02281,35.63603],[136.02284,35.63599],[136.02288,35.63597],[136.02293,35.63596],[136.02299,35.63596],[136.0231,35.63597],[136.02318,35.63597],[136.02325,35.636],[136.0233,35.63601],[136.02338,35.63602],[136.02348,35.636],[136.02355,35.63596],[136.02364,35.63585],[136.02369,35.63574],[136.02372,35.63564],[136.02375,35.63558],[136.02378,35.63555],[136.02383,35.63552],[136.02389,35.6355],[136.02396,35.63546],[136.02403,35.63542],[136.02406,35.63538],[136.02411,35.63529],[136.02415,35.6352],[136.02414,35.63517],[136.0241,35.63509],[136.02405,35.63499],[136.02401,35.63488],[136.02402,35.63482],[136.02406,35.63473],[136.0241,35.63463],[136.0241,35.63453],[136.02404,35.63445],[136.02398,35.6344],[136.02393,35.63436],[136.0238,35.63427],[136.02373,35.6342],[136.0237,35.63418],[136.02364,35.63414],[136.02345,35.63405],[136.02339,35.63404],[136.02332,35.63402],[136.02323,35.63401],[136.02317,35.63399],[136.02309,35.63396],[136.02302,35.63395],[136.02297,35.63391],[136.02291,35.63389],[136.02285,35.63386],[136.02281,35.63386],[136.02276,35.63386],[136.02269,35.63388],[136.02264,35.63388],[136.02258,35.63388],[136.02253,35.63389],[136.02246,35.6339],[136.02241,35.63393],[136.02236,35.63397],[136.0223,35.63399],[136.02223,35.63399],[136.02205,35.634],[136.02203,35.634],[136.02195,35.63404],[136.0219,35.63411],[136.02184,35.63421],[136.02178,35.63426],[136.02174,35.63428],[136.02168,35.63432],[136.02161,35.63435],[136.02158,35.63437],[136.02156,35.6344],[136.02151,35.63448],[136.02144,35.63456],[136.02137,35.63461],[136.0213,35.63465],[136.02124,35.6347],[136.02114,35.63475],[136.02105,35.63478],[136.02094,35.63478],[136.02088,35.63476],[136.02082,35.63471],[136.02078,35.63464],[136.02076,35.63459],[136.02075,35.63454],[136.02071,35.63443],[136.02067,35.63433],[136.02063,35.63427],[136.02055,35.63422],[136.02051,35.63419],[136.02047,35.63412],[136.02045,35.63408],[136.02041,35.63402],[136.0201,35.63382],[136.01989,35.63364],[136.01985,35.63355],[136.01985,35.63349],[136.01989,35.63341],[136.02021,35.63305],[136.02022,35.63304],[136.02029,35.63296],[136.02032,35.63291],[136.02033,35.63285],[136.02034,35.63276],[136.02034,35.63266],[136.02031,35.63259],[136.02023,35.63247],[136.02015,35.63241],[136.02009,35.63237],[136.02001,35.63236],[136.0199,35.63235],[136.01986,35.63233],[136.01986,35.6323],[136.01987,35.63227],[136.01995,35.63222],[136.02,35.63216],[136.02003,35.63211],[136.02005,35.63205],[136.02005,35.63201],[136.02003,35.63196],[136.01998,35.63191],[136.01984,35.63182],[136.01982,35.63175],[136.01982,35.63169],[136.02,35.63146],[136.02015,35.63129],[136.02018,35.63129],[136.02021,35.63129],[136.02028,35.63131],[136.02033,35.63133],[136.02072,35.63158],[136.0209,35.63168],[136.02109,35.63177],[136.02121,35.6318],[136.02122,35.63169],[136.02123,35.63144],[136.02119,35.63121],[136.02112,35.63106],[136.02103,35.63098],[136.02093,35.63087],[136.02091,35.63081],[136.02087,35.63072],[136.02081,35.63059],[136.02066,35.63045],[136.0205,35.63031],[136.02039,35.6302],[136.02042,35.6301],[136.02043,35.63004],[136.02044,35.63],[136.02045,35.62989],[136.02048,35.62978],[136.02053,35.62968],[136.02062,35.62955],[136.02073,35.62941],[136.02085,35.62929],[136.02098,35.62914],[136.0211,35.62903],[136.02121,35.62893],[136.02131,35.62883],[136.02137,35.62874],[136.02139,35.62872],[136.02145,35.62867],[136.02156,35.62858],[136.0217,35.62843],[136.02187,35.62823],[136.02201,35.628],[136.02212,35.62782],[136.02222,35.62759],[136.02226,35.62738],[136.02232,35.62718],[136.02235,35.62699],[136.02241,35.62678],[136.02245,35.6266],[136.02247,35.62652],[136.0225,35.62647],[136.02253,35.62644],[136.02259,35.62641],[136.02271,35.62638],[136.02284,35.62634],[136.02296,35.6263],[136.02306,35.62626],[136.02315,35.62618],[136.0232,35.62612],[136.02324,35.62609],[136.0233,35.62608],[136.02335,35.62606],[136.02346,35.62601],[136.02359,35.62591],[136.0237,35.62579],[136.0238,35.6257],[136.02391,35.62559],[136.02392,35.62551],[136.02394,35.62545],[136.02401,35.62537],[136.02405,35.62528],[136.02413,35.62517],[136.02423,35.62509],[136.02428,35.62501],[136.02437,35.62488],[136.02451,35.62469],[136.02459,35.62459],[136.02467,35.6245],[136.02476,35.62446],[136.02485,35.6244],[136.02496,35.62432],[136.02507,35.62424],[136.02516,35.62416],[136.02526,35.62404],[136.02536,35.6239],[136.02545,35.62381],[136.02552,35.62373],[136.02566,35.62363],[136.02579,35.62352],[136.02588,35.62341],[136.02592,35.62333],[136.02593,35.62322],[136.02591,35.6231],[136.02588,35.62302],[136.02585,35.62295],[136.02634,35.62303],[136.02658,35.62308],[136.02661,35.62301],[136.02663,35.62297],[136.02664,35.6229],[136.02663,35.62283],[136.02659,35.62277],[136.02653,35.62271],[136.02648,35.62266],[136.0264,35.6226],[136.02625,35.62249],[136.02614,35.6224],[136.02607,35.62232],[136.02601,35.62229],[136.02597,35.62224],[136.0259,35.62212],[136.02581,35.62198],[136.02574,35.62185],[136.02567,35.62176],[136.02561,35.62166],[136.02553,35.62161],[136.0255,35.62157],[136.0254,35.62152],[136.02527,35.62139],[136.02515,35.62124],[136.02501,35.62108],[136.02489,35.62091],[136.02484,35.62074],[136.02479,35.62057],[136.02477,35.62041],[136.02478,35.62024],[136.02475,35.62006],[136.0247,35.61994],[136.02463,35.61982],[136.02451,35.61966],[136.02435,35.61944],[136.02419,35.61924],[136.02406,35.61907],[136.02392,35.61892],[136.0238,35.61878],[136.02385,35.61873],[136.02391,35.61863],[136.02395,35.61852],[136.02396,35.6184],[136.02394,35.6183],[136.02388,35.61818],[136.02381,35.61806],[136.02374,35.61797],[136.02367,35.61789],[136.02365,35.61781],[136.02363,35.61772],[136.02361,35.61762],[136.02355,35.6175],[136.02347,35.61743],[136.02337,35.61738],[136.02328,35.61736],[136.02317,35.61734],[136.02312,35.6173],[136.02304,35.61727],[136.02299,35.61722],[136.02289,35.61717],[136.02278,35.61711],[136.02277,35.6171],[136.02266,35.61704],[136.0226,35.61696],[136.02257,35.61692],[136.02253,35.61686],[136.02251,35.61681],[136.02253,35.61675],[136.0226,35.61671],[136.02267,35.61668],[136.02283,35.61665],[136.02303,35.61662],[136.02321,35.61657],[136.02347,35.61657],[136.02375,35.6166],[136.02403,35.61666],[136.02422,35.61672],[136.02452,35.6168],[136.0253,35.61689],[136.02562,35.61691],[136.02575,35.6169],[136.02594,35.61691],[136.0263,35.61689],[136.02659,35.61689],[136.02709,35.61658],[136.02806,35.61602],[136.02827,35.61587],[136.0286,35.61521],[136.02877,35.6151],[136.03083,35.61417],[136.03111,35.61403],[136.03134,35.61388],[136.03151,35.61352],[136.03154,35.61324],[136.03148,35.61294],[136.0315,35.61287],[136.03174,35.61263],[136.03188,35.61246],[136.032,35.61236],[136.03227,35.6122],[136.03232,35.6122],[136.03242,35.61226],[136.0325,35.61227],[136.03258,35.61227],[136.03268,35.6122],[136.03294,35.61196],[136.03298,35.61189],[136.03299,35.61179],[136.03286,35.61157],[136.03285,35.61148],[136.03287,35.61137],[136.03286,35.61121],[136.03287,35.61116],[136.03304,35.61122],[136.03368,35.6114],[136.03376,35.61139],[136.03399,35.61114],[136.03414,35.61098],[136.03417,35.61085],[136.03415,35.61066],[136.03416,35.61048],[136.03419,35.61032],[136.03429,35.61025],[136.03447,35.6103],[136.0348,35.61022],[136.03505,35.61025],[136.03526,35.61017],[136.03533,35.61],[136.0351,35.60966],[136.03512,35.60948],[136.03499,35.60932],[136.03529,35.6091],[136.03577,35.60887],[136.03591,35.60876],[136.03604,35.60843],[136.03638,35.60846],[136.03662,35.60838],[136.03697,35.60775],[136.0372,35.60785],[136.03732,35.60769],[136.0373,35.60757],[136.03727,35.60733],[136.03734,35.60723],[136.03756,35.60721],[136.03771,35.60729],[136.03783,35.60741],[136.03793,35.60751],[136.038,35.60765],[136.03807,35.60775],[136.03817,35.60784],[136.0383,35.60788],[136.03837,35.60787],[136.03842,35.60784],[136.03844,35.60773],[136.03841,35.60751],[136.03838,35.60736],[136.03838,35.60729],[136.03845,35.6071],[136.03849,35.607],[136.03853,35.60697],[136.0386,35.60694],[136.03866,35.60694],[136.03873,35.60697],[136.03888,35.60706],[136.03895,35.60712],[136.03899,35.60714],[136.03905,35.60712],[136.03909,35.60709],[136.03911,35.60693],[136.03913,35.60664],[136.03915,35.60655],[136.03919,35.60647],[136.03927,35.60635],[136.03942,35.60618],[136.03949,35.60613],[136.03957,35.60611],[136.03963,35.60615],[136.0397,35.60616],[136.03977,35.60615],[136.03982,35.60613],[136.0399,35.60607],[136.03992,35.60602],[136.03995,35.60598],[136.04002,35.60604],[136.04008,35.60604],[136.04007,35.60599],[136.04013,35.60603],[136.04017,35.606],[136.04019,35.60595],[136.04015,35.60588],[136.03981,35.60552],[136.03951,35.60502],[136.03921,35.60449],[136.03807,35.60384],[136.03769,35.60344],[136.03736,35.60339],[136.03723,35.6033],[136.03717,35.60326],[136.03726,35.603],[136.03729,35.60264],[136.03682,35.60222],[136.03663,35.60186],[136.03633,35.60135],[136.03619,35.60087],[136.03603,35.60059],[136.03592,35.59975],[136.03601,35.59958],[136.03619,35.59954],[136.03645,35.59956],[136.03665,35.59969],[136.03688,35.59983],[136.03714,35.59985],[136.03727,35.59975],[136.03745,35.59948],[136.03755,35.59914],[136.02455,35.58965],[136.02506,35.58736],[136.02457,35.58691],[136.02426,35.58663],[136.02417,35.5865],[136.02408,35.58646],[136.02402,35.5864],[136.02375,35.58624],[136.0229,35.58621],[136.02232,35.5864],[136.02141,35.5864],[136.02076,35.58638],[136.02026,35.58645],[136.02023,35.58649],[136.02011,35.5865],[136.02006,35.58661],[136.0199,35.58675],[136.01912,35.58706],[136.01895,35.58709],[136.01746,35.58668],[136.0173,35.58659],[136.01721,35.5865],[136.01696,35.58631],[136.01662,35.58618],[136.01632,35.58616],[136.01517,35.5863],[136.01419,35.58598],[136.01385,35.58596],[136.01352,35.5858],[136.01322,35.58537],[136.01289,35.58521],[136.01234,35.58503],[136.01185,35.58492],[136.01171,35.58506],[136.0116,35.58556],[136.01124,35.58582],[136.01121,35.58581],[136.01052,35.58571],[136.00984,35.58582],[136.00937,35.58583],[136.00929,35.58596],[136.00926,35.5865],[136.0081,35.58883],[136.0078,35.58935],[136.00711,35.59016],[136.00686,35.59086],[136.00686,35.5914],[136.0068,35.59195],[136.00666,35.59241],[136.00622,35.59302],[136.00537,35.5936],[136.00529,35.59419],[136.00515,35.5947],[136.00474,35.59511],[136.00449,35.59554],[136.00449,35.59567],[136.00451,35.5962],[136.00504,35.59665],[136.00526,35.59675],[136.0059,35.59696],[136.00672,35.59734],[136.00685,35.59751],[136.007,35.5977],[136.00706,35.59786],[136.00722,35.59915],[136.00754,35.59986],[136.0075,35.60025],[136.00779,35.60079],[136.0077,35.60189],[136.00772,35.60304],[136.00781,35.6039],[136.00781,35.60435],[136.0079,35.60486],[136.0079,35.60589],[136.00806,35.60639],[136.00815,35.60653],[136.0082,35.60709],[136.0084,35.60785],[136.00876,35.60838],[136.00917,35.6088],[136.00939,35.6092],[136.00942,35.60974],[136.00931,35.61006],[136.00922,35.61015],[136.00895,35.61029],[136.00851,35.61044],[136.0084,35.61058],[136.0079,35.6115],[136.00751,35.61187],[136.00724,35.61204],[136.00719,35.6122],[136.00714,35.61293],[136.00685,35.61331],[136.00634,35.61358],[136.00616,35.61383],[136.00611,35.6143],[136.00611,35.61473],[136.00589,35.6161],[136.00592,35.61617],[136.00606,35.61634],[136.00636,35.61644],[136.00672,35.6165],[136.007,35.61678],[136.0073,35.61774],[136.00725,35.61806],[136.00675,35.61889],[136.00675,35.61914],[136.00695,35.61964],[136.0073,35.62022],[136.0073,35.62035],[136.0072,35.62081],[136.00697,35.62126],[136.00661,35.62168],[136.00656,35.6224],[136.00645,35.62297],[136.00651,35.62339],[136.007,35.62412],[136.00731,35.62474],[136.00754,35.62531],[136.00764,35.62578],[136.00747,35.62637],[136.00756,35.62675],[136.00756,35.62709],[136.00734,35.62747],[136.0069,35.62765],[136.00704,35.62819],[136.00734,35.62898],[136.00767,35.62952],[136.00801,35.62988],[136.0082,35.63038],[136.00845,35.63085],[136.00859,35.63103],[136.00902,35.63141],[136.0091,35.6316],[136.00934,35.63172],[136.0097,35.63199],[136.01008,35.63226],[136.01053,35.63257],[136.01068,35.63276],[136.01095,35.63302],[136.01127,35.63323],[136.01146,35.63336],[136.01181,35.63356],[136.0119,35.63362],[136.01251,35.63398],[136.01261,35.63403],[136.01266,35.63401],[136.01285,35.63402],[136.01302,35.63402],[136.01326,35.63399],[136.01337,35.63403],[136.01346,35.63411],[136.01373,35.63435],[136.01403,35.63468],[136.01425,35.6349],[136.0143,35.63499],[136.01431,35.63507],[136.01432,35.63544],[136.01438,35.63564],[136.01449,35.6359],[136.01458,35.63602],[136.01468,35.63614],[136.01483,35.63629],[136.01498,35.63644],[136.01508,35.63658],[136.01518,35.6367],[136.01521,35.63677],[136.01527,35.63687],[136.01531,35.63696],[136.01546,35.63708],[136.01551,35.63713],[136.01563,35.63723],[136.01572,35.63732],[136.01577,35.63739],[136.01583,35.63745],[136.0159,35.63749],[136.01597,35.63753],[136.01608,35.63754],[136.01623,35.63756],[136.01628,35.63757],[136.01632,35.6376],[136.01635,35.63766],[136.01644,35.6377],[136.01655,35.63774],[136.01665,35.63776],[136.01671,35.63774],[136.01674,35.63772],[136.01676,35.63765],[136.01677,35.63756],[136.01674,35.63748],[136.01673,35.63742],[136.01669,35.63713],[136.01672,35.63705],[136.01675,35.637],[136.0168,35.63697],[136.01684,35.63693],[136.01685,35.63687],[136.01685,35.63683],[136.01687,35.63675],[136.01689,35.63673],[136.01692,35.63672],[136.01696,35.6367]]]}},{"type":"Feature","properties":{"name":"野坂","setai":534,"jinko":1341,"key":"182021210","units":1,"m":666,"f":675,"gk":4,"a0":174,"a1":739,"a2":427,"a75":179,"ag":[31,77,66,67,44,51,55,73,105,108,71,89,76,109,139,62,58,37,18,3,1],"nf":1},"geometry":{"type":"Polygon","coordinates":[[[136.03427,35.62218],[136.03449,35.62163],[136.03557,35.62188],[136.03647,35.62212],[136.03729,35.62234],[136.03757,35.62242],[136.03887,35.62274],[136.0395,35.62289],[136.04016,35.62304],[136.04015,35.62308],[136.04013,35.62314],[136.04076,35.62324],[136.04079,35.62306],[136.04086,35.62284],[136.04088,35.62273],[136.04091,35.62253],[136.04098,35.62223],[136.041,35.62209],[136.041,35.62196],[136.04098,35.62183],[136.04099,35.62171],[136.04101,35.62151],[136.04102,35.62135],[136.04101,35.62127],[136.04102,35.62121],[136.04101,35.62117],[136.04101,35.62113],[136.04099,35.62108],[136.04098,35.62103],[136.04097,35.621],[136.04094,35.62095],[136.0409,35.62088],[136.04086,35.62083],[136.04082,35.62077],[136.04079,35.62074],[136.04076,35.62067],[136.04073,35.62056],[136.04073,35.62034],[136.04073,35.62011],[136.04073,35.61999],[136.04073,35.61988],[136.0407,35.6198],[136.04069,35.61973],[136.04069,35.61966],[136.04069,35.61956],[136.04069,35.61942],[136.04068,35.61932],[136.04067,35.61921],[136.04065,35.61912],[136.04061,35.61903],[136.04059,35.61901],[136.04057,35.61898],[136.04048,35.61893],[136.04038,35.6189],[136.04017,35.61887],[136.04004,35.61885],[136.03997,35.61884],[136.03987,35.6188],[136.03975,35.61867],[136.0397,35.61863],[136.03966,35.6186],[136.03964,35.61859],[136.03954,35.61853],[136.03934,35.61843],[136.03935,35.61841],[136.03934,35.61838],[136.03928,35.61807],[136.03905,35.61721],[136.03884,35.61635],[136.03865,35.61569],[136.03846,35.61507],[136.03815,35.61418],[136.03811,35.61407],[136.0381,35.61396],[136.03805,35.61383],[136.03797,35.61371],[136.03786,35.61346],[136.03783,35.61337],[136.03778,35.61333],[136.03761,35.61324],[136.03747,35.61317],[136.03742,35.61311],[136.03726,35.61282],[136.03718,35.61271],[136.03709,35.61261],[136.03697,35.61258],[136.03681,35.61256],[136.03637,35.61255],[136.03609,35.61254],[136.03601,35.6125],[136.03575,35.61234],[136.03561,35.61226],[136.03493,35.61281],[136.03448,35.6132],[136.03372,35.6138],[136.03336,35.61411],[136.03272,35.61463],[136.0321,35.61513],[136.03192,35.61527],[136.0316,35.61548],[136.0312,35.6157],[136.03064,35.61594],[136.03007,35.61616],[136.02966,35.61632],[136.02944,35.61642],[136.02936,35.61646],[136.02891,35.61645],[136.02789,35.61665],[136.02738,35.61679],[136.02716,35.61682],[136.02692,35.61686],[136.02659,35.61689],[136.0263,35.61689],[136.02594,35.61691],[136.02575,35.6169],[136.02562,35.61691],[136.0253,35.61689],[136.02452,35.6168],[136.02422,35.61672],[136.02403,35.61666],[136.02375,35.6166],[136.02347,35.61657],[136.02321,35.61657],[136.02303,35.61662],[136.02283,35.61665],[136.02267,35.61668],[136.0226,35.61671],[136.02253,35.61675],[136.02251,35.61681],[136.02253,35.61686],[136.02257,35.61692],[136.0226,35.61696],[136.02266,35.61704],[136.02277,35.6171],[136.02278,35.61711],[136.02289,35.61717],[136.02299,35.61722],[136.02304,35.61727],[136.02312,35.6173],[136.02317,35.61734],[136.02328,35.61736],[136.02337,35.61738],[136.02347,35.61743],[136.02355,35.6175],[136.02361,35.61762],[136.02363,35.61772],[136.02365,35.61781],[136.02367,35.61789],[136.02374,35.61797],[136.02381,35.61806],[136.02388,35.61818],[136.02394,35.6183],[136.02396,35.6184],[136.02395,35.61852],[136.02391,35.61863],[136.02385,35.61873],[136.0238,35.61878],[136.02392,35.61892],[136.02406,35.61907],[136.02419,35.61924],[136.02435,35.61944],[136.02451,35.61966],[136.02463,35.61982],[136.0247,35.61994],[136.02475,35.62006],[136.02478,35.62024],[136.02477,35.62041],[136.02479,35.62057],[136.02484,35.62074],[136.02489,35.62091],[136.02501,35.62108],[136.02515,35.62124],[136.02527,35.62139],[136.0254,35.62152],[136.0255,35.62157],[136.02553,35.62161],[136.02561,35.62166],[136.02567,35.62176],[136.02574,35.62185],[136.02581,35.62198],[136.0259,35.62212],[136.02597,35.62224],[136.02601,35.62229],[136.02607,35.62232],[136.02621,35.62232],[136.02636,35.62231],[136.02649,35.6223],[136.02657,35.6223],[136.02663,35.62229],[136.02667,35.62227],[136.02671,35.62223],[136.02685,35.62223],[136.02702,35.62221],[136.02725,35.6222],[136.02737,35.62219],[136.02744,35.62218],[136.02748,35.62218],[136.02753,35.62217],[136.02756,35.62214],[136.02755,35.62211],[136.02749,35.62201],[136.02741,35.6219],[136.02736,35.62181],[136.02723,35.62162],[136.0271,35.62143],[136.02697,35.62126],[136.02694,35.62108],[136.02689,35.62096],[136.02685,35.62089],[136.02685,35.62084],[136.02688,35.62081],[136.02692,35.62077],[136.02695,35.62073],[136.02699,35.62067],[136.02706,35.62056],[136.02716,35.62044],[136.02731,35.62026],[136.02745,35.62006],[136.02758,35.61987],[136.02766,35.61981],[136.02797,35.61994],[136.02845,35.62013],[136.02885,35.62032],[136.02919,35.62049],[136.0295,35.62066],[136.02977,35.62083],[136.0301,35.62101],[136.03037,35.62118],[136.03075,35.6214],[136.0309,35.6215],[136.031,35.62157],[136.03108,35.62162],[136.03112,35.62158],[136.03119,35.62152],[136.03123,35.62149],[136.03122,35.62144],[136.03116,35.62129],[136.03115,35.62122],[136.03115,35.62116],[136.03115,35.6211],[136.03128,35.6211],[136.03141,35.62111],[136.03156,35.62112],[136.03177,35.62113],[136.0319,35.62115],[136.032,35.62117],[136.03217,35.62119],[136.03238,35.62123],[136.03259,35.62128],[136.03271,35.62131],[136.03279,35.62135],[136.03286,35.62138],[136.03295,35.62144],[136.03305,35.6215],[136.03297,35.6216],[136.0329,35.62172],[136.03286,35.62186],[136.0328,35.62207],[136.03277,35.6222],[136.03277,35.62234],[136.03277,35.62244],[136.03262,35.62273],[136.0326,35.62278],[136.03273,35.62282],[136.03271,35.62285],[136.03264,35.62303],[136.03256,35.62323],[136.03276,35.62327],[136.03297,35.62329],[136.03314,35.6233],[136.03328,35.6233],[136.03341,35.62331],[136.0335,35.62333],[136.03362,35.62342],[136.03367,35.62346],[136.03372,35.62353],[136.03419,35.62232],[136.03427,35.62218]]]}},{"type":"Feature","properties":{"name":"ひばりケ丘町","setai":648,"jinko":1665,"key":"182021220","units":1,"m":824,"f":841,"gk":14,"a0":210,"a1":936,"a2":483,"a75":264,"ag":[58,69,83,83,59,70,55,90,133,131,103,98,114,122,97,83,55,45,62,15,4],"nf":36},"geometry":{"type":"Polygon","coordinates":[[[136.04573,35.62413],[136.04575,35.62391],[136.04575,35.62354],[136.04574,35.62326],[136.04573,35.62317],[136.04573,35.62313],[136.04573,35.62309],[136.04572,35.62289],[136.04573,35.62243],[136.04572,35.62191],[136.04571,35.62113],[136.0457,35.62067],[136.04571,35.62033],[136.0457,35.61997],[136.04569,35.6197],[136.04569,35.61942],[136.04569,35.61899],[136.04569,35.61859],[136.04568,35.6183],[136.04567,35.61802],[136.04567,35.61769],[136.04529,35.6177],[136.04478,35.61771],[136.0446,35.61771],[136.04437,35.61776],[136.04385,35.61782],[136.04341,35.61787],[136.04279,35.61795],[136.04248,35.61798],[136.04242,35.61799],[136.04233,35.61802],[136.04229,35.61803],[136.04226,35.61803],[136.04214,35.61804],[136.04207,35.61804],[136.04191,35.61804],[136.04184,35.61806],[136.04179,35.61807],[136.04173,35.61809],[136.04166,35.61811],[136.04159,35.61813],[136.04155,35.61814],[136.04148,35.61814],[136.04138,35.61815],[136.04126,35.61819],[136.04111,35.61823],[136.04097,35.61827],[136.04091,35.61828],[136.04085,35.61827],[136.04078,35.61826],[136.04072,35.61825],[136.04068,35.61824],[136.04062,35.61826],[136.04046,35.6183],[136.04025,35.61837],[136.0401,35.61843],[136.04,35.61849],[136.03992,35.61852],[136.03986,35.61855],[136.03978,35.61856],[136.03972,35.61858],[136.03964,35.61859],[136.03966,35.6186],[136.0397,35.61863],[136.03975,35.61867],[136.03987,35.6188],[136.03997,35.61884],[136.04004,35.61885],[136.04017,35.61887],[136.04038,35.6189],[136.04048,35.61893],[136.04057,35.61898],[136.04059,35.61901],[136.04061,35.61903],[136.04065,35.61912],[136.04067,35.61921],[136.04068,35.61932],[136.04069,35.61942],[136.04069,35.61956],[136.04069,35.61966],[136.04069,35.61973],[136.0407,35.6198],[136.04073,35.61988],[136.04073,35.61999],[136.04073,35.62011],[136.04073,35.62034],[136.04073,35.62056],[136.04076,35.62067],[136.04079,35.62074],[136.04082,35.62077],[136.04086,35.62083],[136.0409,35.62088],[136.04094,35.62095],[136.04097,35.621],[136.04098,35.62103],[136.04099,35.62108],[136.04101,35.62113],[136.04101,35.62117],[136.04102,35.62121],[136.04101,35.62127],[136.04102,35.62135],[136.04101,35.62151],[136.04099,35.62171],[136.04098,35.62183],[136.041,35.62196],[136.041,35.62209],[136.04098,35.62223],[136.04091,35.62253],[136.04088,35.62273],[136.04086,35.62284],[136.04079,35.62306],[136.04076,35.62324],[136.04075,35.62337],[136.04072,35.62355],[136.04074,35.62365],[136.04078,35.62389],[136.04083,35.62407],[136.04082,35.6241],[136.04219,35.62412],[136.04246,35.62412],[136.04323,35.62411],[136.04329,35.62411],[136.04399,35.6241],[136.04436,35.62412],[136.04484,35.62412],[136.04573,35.62413]]]}},{"type":"Feature","properties":{"name":"萩野町","setai":686,"jinko":1578,"key":"182021230","units":1,"m":770,"f":808,"gk":11,"a0":236,"a1":865,"a2":412,"a75":177,"ag":[83,82,71,62,54,65,107,103,108,122,70,76,98,113,122,85,37,34,16,4,1],"nf":65},"geometry":{"type":"Polygon","coordinates":[[[136.04673,35.63746],[136.04661,35.63695],[136.04661,35.63689],[136.04657,35.63678],[136.04656,35.63673],[136.04657,35.63643],[136.04658,35.63631],[136.04659,35.63604],[136.04661,35.63587],[136.04661,35.63578],[136.04662,35.6357],[136.04664,35.63564],[136.04675,35.63536],[136.04698,35.63539],[136.04721,35.63543],[136.04722,35.63529],[136.04726,35.63366],[136.04728,35.63347],[136.04729,35.63255],[136.04733,35.63175],[136.04733,35.63161],[136.04734,35.63127],[136.04736,35.6311],[136.04738,35.63052],[136.04741,35.62997],[136.04741,35.62985],[136.04742,35.62943],[136.04743,35.6293],[136.04744,35.62883],[136.04746,35.62837],[136.04747,35.6282],[136.04747,35.62809],[136.04747,35.62803],[136.04747,35.62799],[136.04747,35.6279],[136.04747,35.62786],[136.04748,35.62781],[136.04748,35.62773],[136.04748,35.6277],[136.04748,35.6276],[136.04749,35.62744],[136.04749,35.62738],[136.0475,35.62734],[136.04748,35.62728],[136.04747,35.62722],[136.04701,35.6271],[136.04699,35.6271],[136.04634,35.62718],[136.04634,35.62729],[136.04575,35.6273],[136.0459,35.62691],[136.04577,35.62699],[136.0458,35.62688],[136.04552,35.62682],[136.04545,35.62699],[136.04569,35.62705],[136.04536,35.62728],[136.04505,35.62722],[136.0451,35.62705],[136.04495,35.62702],[136.04474,35.62704],[136.04473,35.62704],[136.04447,35.6271],[136.04442,35.62747],[136.04418,35.62748],[136.04418,35.62746],[136.04418,35.62736],[136.04414,35.62742],[136.04409,35.62747],[136.04404,35.62753],[136.04397,35.62761],[136.04394,35.62766],[136.04391,35.62772],[136.04387,35.62781],[136.04384,35.62793],[136.04382,35.62799],[136.04374,35.62813],[136.04369,35.62819],[136.04362,35.62827],[136.04352,35.62838],[136.04316,35.6287],[136.04304,35.62882],[136.04301,35.62886],[136.043,35.62889],[136.04299,35.62894],[136.043,35.629],[136.043,35.62905],[136.04299,35.6291],[136.04299,35.62912],[136.04297,35.62916],[136.04296,35.6292],[136.04296,35.62924],[136.04296,35.62928],[136.04296,35.62932],[136.04297,35.62937],[136.04301,35.6295],[136.04277,35.62954],[136.04269,35.62954],[136.04254,35.62956],[136.04256,35.62981],[136.04259,35.62998],[136.04257,35.63006],[136.04259,35.63023],[136.0426,35.63037],[136.04263,35.63042],[136.04261,35.63052],[136.04262,35.63066],[136.04263,35.63069],[136.04264,35.63069],[136.04264,35.63075],[136.04263,35.63079],[136.04263,35.63084],[136.04262,35.63088],[136.04257,35.631],[136.04251,35.63111],[136.04251,35.63111],[136.04246,35.63121],[136.04232,35.6314],[136.04229,35.63144],[136.04228,35.63147],[136.04225,35.63151],[136.04222,35.63156],[136.04218,35.63162],[136.04212,35.63172],[136.04209,35.63179],[136.04207,35.63185],[136.04205,35.6319],[136.04204,35.63188],[136.042,35.63207],[136.04199,35.63213],[136.04199,35.63217],[136.04197,35.63234],[136.04196,35.6324],[136.04195,35.63248],[136.04195,35.63253],[136.04194,35.63261],[136.04194,35.63287],[136.04196,35.63305],[136.04195,35.63324],[136.04194,35.63348],[136.04195,35.63356],[136.04196,35.63366],[136.04197,35.63373],[136.04198,35.63398],[136.04198,35.63423],[136.04199,35.63441],[136.04199,35.63444],[136.04199,35.63454],[136.04198,35.63462],[136.04198,35.63462],[136.04195,35.6347],[136.04192,35.6348],[136.04191,35.63488],[136.04188,35.63498],[136.04184,35.63508],[136.0418,35.63517],[136.04176,35.63529],[136.04173,35.63539],[136.0417,35.63544],[136.04169,35.63552],[136.04169,35.63554],[136.04166,35.63564],[136.04163,35.63576],[136.04162,35.63583],[136.04162,35.63594],[136.04163,35.63608],[136.04167,35.6362],[136.04174,35.63634],[136.0418,35.63646],[136.04187,35.63657],[136.04197,35.63667],[136.04207,35.63677],[136.04216,35.63685],[136.04229,35.63694],[136.0424,35.63701],[136.04253,35.63707],[136.04263,35.63712],[136.04272,35.63715],[136.04294,35.63721],[136.04294,35.6373],[136.04294,35.63737],[136.04293,35.63751],[136.04304,35.6375],[136.04331,35.63749],[136.0438,35.63748],[136.04421,35.63746],[136.04459,35.63744],[136.04481,35.63744],[136.04515,35.63743],[136.04538,35.63744],[136.04557,35.63747],[136.0457,35.63751],[136.0462,35.63784],[136.04666,35.63775],[136.04679,35.63773],[136.0468,35.63763],[136.04667,35.63755],[136.04673,35.63746]]]}},{"type":"Feature","properties":{"name":"長谷","setai":163,"jinko":466,"key":"182021240","units":1,"m":232,"f":234,"gk":3,"a0":71,"a1":259,"a2":127,"a75":48,"ag":[19,26,26,17,13,14,17,30,38,32,29,33,36,45,34,23,11,7,5,2,0],"nf":9},"geometry":{"type":"Polygon","coordinates":[[[136.04062,35.61826],[136.04068,35.61824],[136.04072,35.61825],[136.04078,35.61826],[136.04085,35.61827],[136.04091,35.61828],[136.04097,35.61827],[136.04111,35.61823],[136.04126,35.61819],[136.04138,35.61815],[136.04148,35.61814],[136.04155,35.61814],[136.04159,35.61813],[136.04166,35.61811],[136.04173,35.61809],[136.04179,35.61807],[136.04184,35.61806],[136.04191,35.61804],[136.04207,35.61804],[136.04214,35.61804],[136.04226,35.61803],[136.04229,35.61803],[136.04233,35.61802],[136.04242,35.61799],[136.04248,35.61798],[136.04279,35.61795],[136.04341,35.61787],[136.04385,35.61782],[136.04437,35.61776],[136.0446,35.61771],[136.04478,35.61771],[136.04476,35.61739],[136.04475,35.61698],[136.04474,35.61571],[136.04531,35.61522],[136.04531,35.61514],[136.04537,35.61511],[136.04546,35.6151],[136.04556,35.6151],[136.04563,35.61512],[136.0457,35.61512],[136.04584,35.6151],[136.04618,35.61508],[136.04636,35.61508],[136.04655,35.61508],[136.04665,35.61506],[136.04676,35.61502],[136.04683,35.61499],[136.047,35.61495],[136.04713,35.61493],[136.04725,35.61486],[136.04736,35.61475],[136.04748,35.61463],[136.04759,35.61456],[136.04768,35.61454],[136.04782,35.61449],[136.04777,35.61434],[136.0477,35.61423],[136.04726,35.61374],[136.0471,35.61356],[136.04695,35.61346],[136.04678,35.61337],[136.0466,35.61331],[136.04641,35.61328],[136.04625,35.61326],[136.04611,35.61328],[136.04588,35.61332],[136.04582,35.61332],[136.04577,35.6133],[136.04575,35.61326],[136.04559,35.61286],[136.0454,35.61247],[136.04528,35.61233],[136.04521,35.61219],[136.0452,35.61198],[136.04522,35.6119],[136.04529,35.61176],[136.04529,35.61171],[136.04523,35.61158],[136.0452,35.61147],[136.04521,35.61138],[136.04529,35.61117],[136.04536,35.61106],[136.04541,35.61094],[136.04529,35.61093],[136.04492,35.61086],[136.04462,35.6108],[136.04451,35.61075],[136.0444,35.61067],[136.04419,35.61042],[136.04469,35.61011],[136.04486,35.61028],[136.04554,35.60984],[136.04566,35.60975],[136.04572,35.60966],[136.04565,35.60952],[136.04547,35.60923],[136.04605,35.60901],[136.04664,35.6088],[136.04713,35.60865],[136.04729,35.6086],[136.0478,35.60851],[136.04841,35.60847],[136.0489,35.60849],[136.04872,35.60767],[136.04828,35.60769],[136.04722,35.60793],[136.0468,35.60801],[136.04671,35.60802],[136.0466,35.60695],[136.0468,35.60662],[136.04709,35.60614],[136.04785,35.60491],[136.04772,35.60429],[136.04747,35.6039],[136.04706,35.60372],[136.0468,35.60368],[136.04652,35.60364],[136.0462,35.60333],[136.04587,35.6028],[136.04567,35.60212],[136.04577,35.60133],[136.04512,35.60142],[136.04414,35.60156],[136.04289,35.60188],[136.04242,35.60197],[136.04217,35.60186],[136.04173,35.60104],[136.04155,35.60082],[136.04147,35.60073],[136.04136,35.60067],[136.04129,35.60067],[136.04122,35.60068],[136.04098,35.60071],[136.04059,35.60072],[136.04043,35.60071],[136.04028,35.60068],[136.04021,35.60066],[136.04015,35.6006],[136.04008,35.60052],[136.04002,35.60043],[136.04,35.60034],[136.04,35.60022],[136.03997,35.60015],[136.03992,35.6001],[136.03986,35.60008],[136.0398,35.60008],[136.03975,35.60008],[136.03969,35.60009],[136.03962,35.60012],[136.03953,35.60011],[136.0394,35.60005],[136.03929,35.59999],[136.03917,35.59994],[136.03908,35.59991],[136.03901,35.59987],[136.03894,35.59983],[136.0389,35.59983],[136.03886,35.59986],[136.03875,35.59997],[136.03868,35.60004],[136.03863,35.60005],[136.03858,35.60005],[136.03853,35.60002],[136.03848,35.59997],[136.03822,35.59962],[136.03803,35.59937],[136.03789,35.59915],[136.0377,35.59902],[136.03755,35.59914],[136.03745,35.59948],[136.03727,35.59975],[136.03714,35.59985],[136.03688,35.59983],[136.03665,35.59969],[136.03645,35.59956],[136.03619,35.59954],[136.03601,35.59958],[136.03592,35.59975],[136.03603,35.60059],[136.03619,35.60087],[136.03633,35.60135],[136.03663,35.60186],[136.03682,35.60222],[136.03729,35.60264],[136.03726,35.603],[136.03717,35.60326],[136.03723,35.6033],[136.03736,35.60339],[136.03769,35.60344],[136.03807,35.60384],[136.03921,35.60449],[136.03951,35.60502],[136.03981,35.60552],[136.04015,35.60588],[136.04019,35.60595],[136.04017,35.606],[136.04013,35.60603],[136.04007,35.60599],[136.04008,35.60604],[136.04002,35.60604],[136.03995,35.60598],[136.03992,35.60602],[136.0399,35.60607],[136.03982,35.60613],[136.03977,35.60615],[136.0397,35.60616],[136.03963,35.60615],[136.03957,35.60611],[136.03949,35.60613],[136.03942,35.60618],[136.03927,35.60635],[136.03919,35.60647],[136.03915,35.60655],[136.03913,35.60664],[136.03911,35.60693],[136.03909,35.60709],[136.03905,35.60712],[136.03899,35.60714],[136.03895,35.60712],[136.03888,35.60706],[136.03873,35.60697],[136.03866,35.60694],[136.0386,35.60694],[136.03853,35.60697],[136.03849,35.607],[136.03845,35.6071],[136.03838,35.60729],[136.03838,35.60736],[136.03841,35.60751],[136.03844,35.60773],[136.03842,35.60784],[136.03837,35.60787],[136.0383,35.60788],[136.03817,35.60784],[136.03807,35.60775],[136.038,35.60765],[136.03793,35.60751],[136.03783,35.60741],[136.03771,35.60729],[136.03756,35.60721],[136.03734,35.60723],[136.03727,35.60733],[136.0373,35.60757],[136.03732,35.60769],[136.0372,35.60785],[136.03697,35.60775],[136.03662,35.60838],[136.03638,35.60846],[136.03604,35.60843],[136.03591,35.60876],[136.03577,35.60887],[136.03529,35.6091],[136.03499,35.60932],[136.03512,35.60948],[136.0351,35.60966],[136.03533,35.61],[136.03526,35.61017],[136.03505,35.61025],[136.0348,35.61022],[136.03447,35.6103],[136.03429,35.61025],[136.03419,35.61032],[136.03416,35.61048],[136.03415,35.61066],[136.03417,35.61085],[136.03414,35.61098],[136.03399,35.61114],[136.03376,35.61139],[136.03368,35.6114],[136.03304,35.61122],[136.03287,35.61116],[136.03286,35.61121],[136.03287,35.61137],[136.03285,35.61148],[136.03286,35.61157],[136.03299,35.61179],[136.03298,35.61189],[136.03294,35.61196],[136.03268,35.6122],[136.03258,35.61227],[136.0325,35.61227],[136.03242,35.61226],[136.03232,35.6122],[136.03227,35.6122],[136.032,35.61236],[136.03188,35.61246],[136.03174,35.61263],[136.0315,35.61287],[136.03148,35.61294],[136.03154,35.61324],[136.03151,35.61352],[136.03134,35.61388],[136.03111,35.61403],[136.03083,35.61417],[136.02877,35.6151],[136.0286,35.61521],[136.02827,35.61587],[136.02806,35.61602],[136.02709,35.61658],[136.02659,35.61689],[136.02692,35.61686],[136.02716,35.61682],[136.02738,35.61679],[136.02789,35.61665],[136.02891,35.61645],[136.02936,35.61646],[136.02944,35.61642],[136.02966,35.61632],[136.03007,35.61616],[136.03064,35.61594],[136.0312,35.6157],[136.0316,35.61548],[136.03192,35.61527],[136.0321,35.61513],[136.03272,35.61463],[136.03336,35.61411],[136.03372,35.6138],[136.03448,35.6132],[136.03493,35.61281],[136.03561,35.61226],[136.03575,35.61234],[136.03601,35.6125],[136.03609,35.61254],[136.03637,35.61255],[136.03681,35.61256],[136.03697,35.61258],[136.03709,35.61261],[136.03718,35.61271],[136.03726,35.61282],[136.03742,35.61311],[136.03747,35.61317],[136.03761,35.61324],[136.03778,35.61333],[136.03783,35.61337],[136.03786,35.61346],[136.03797,35.61371],[136.03805,35.61383],[136.0381,35.61396],[136.03811,35.61407],[136.03815,35.61418],[136.03846,35.61507],[136.03865,35.61569],[136.03884,35.61635],[136.03905,35.61721],[136.03928,35.61807],[136.03934,35.61838],[136.03935,35.61841],[136.03934,35.61843],[136.03954,35.61853],[136.03964,35.61859],[136.03972,35.61858],[136.03978,35.61856],[136.03986,35.61855],[136.03992,35.61852],[136.04,35.61849],[136.0401,35.61843],[136.04025,35.61837],[136.04046,35.6183],[136.04062,35.61826]]]}},{"type":"Feature","properties":{"name":"砂流","setai":163,"jinko":439,"key":"182021250","units":1,"m":225,"f":214,"gk":2,"a0":74,"a1":278,"a2":64,"a75":26,"ag":[24,23,27,32,19,23,18,26,34,43,23,33,27,15,23,7,9,7,2,1,0],"nf":23},"geometry":{"type":"Polygon","coordinates":[[[136.0473,35.62155],[136.04732,35.62127],[136.04801,35.62128],[136.04803,35.62141],[136.04894,35.62128],[136.04895,35.62125],[136.04895,35.62116],[136.04895,35.62109],[136.04897,35.62101],[136.04902,35.62089],[136.04907,35.62079],[136.04917,35.62062],[136.04926,35.62045],[136.04931,35.62032],[136.04932,35.62027],[136.04934,35.62018],[136.04932,35.62008],[136.04928,35.61988],[136.04923,35.61969],[136.04917,35.61948],[136.04916,35.61941],[136.04915,35.61937],[136.04914,35.61927],[136.04915,35.61904],[136.04914,35.61897],[136.04908,35.61888],[136.04881,35.61851],[136.04872,35.61835],[136.0487,35.61828],[136.0487,35.61821],[136.04873,35.6181],[136.04882,35.61786],[136.0489,35.61764],[136.04891,35.61761],[136.049,35.6173],[136.04903,35.6172],[136.04913,35.61699],[136.04917,35.61689],[136.04918,35.61681],[136.04917,35.61673],[136.04909,35.61656],[136.04897,35.61634],[136.04891,35.61621],[136.0489,35.6161],[136.04888,35.61597],[136.04885,35.61588],[136.04876,35.61579],[136.04842,35.61556],[136.04836,35.6155],[136.04825,35.61542],[136.04816,35.61532],[136.0481,35.61522],[136.04796,35.6149],[136.04788,35.6147],[136.04782,35.61449],[136.04768,35.61454],[136.04759,35.61456],[136.04748,35.61463],[136.04736,35.61475],[136.04725,35.61486],[136.04713,35.61493],[136.047,35.61495],[136.04683,35.61499],[136.04676,35.61502],[136.04665,35.61506],[136.04655,35.61508],[136.04636,35.61508],[136.04618,35.61508],[136.04584,35.6151],[136.0457,35.61512],[136.04563,35.61512],[136.04556,35.6151],[136.04546,35.6151],[136.04537,35.61511],[136.04531,35.61514],[136.04531,35.61522],[136.04474,35.61571],[136.04475,35.61698],[136.04476,35.61739],[136.04478,35.61771],[136.04529,35.6177],[136.04567,35.61769],[136.04567,35.61802],[136.04568,35.6183],[136.04569,35.61859],[136.04569,35.61899],[136.04569,35.61942],[136.04569,35.6197],[136.0457,35.61997],[136.04571,35.62033],[136.0457,35.62067],[136.04571,35.62113],[136.04572,35.62191],[136.04573,35.62243],[136.04572,35.62289],[136.04573,35.62309],[136.04579,35.62309],[136.04694,35.6231],[136.04694,35.62303],[136.04695,35.62298],[136.04698,35.62291],[136.04705,35.62281],[136.04711,35.62277],[136.04722,35.62268],[136.04726,35.62264],[136.04727,35.6226],[136.04726,35.62255],[136.04725,35.62251],[136.04723,35.62245],[136.04721,35.6224],[136.04718,35.62235],[136.04713,35.62229],[136.04712,35.62225],[136.04711,35.62222],[136.04715,35.62215],[136.04717,35.62211],[136.04724,35.62189],[136.04726,35.62165],[136.0473,35.62155]]]}},{"type":"Feature","properties":{"name":"御名","setai":214,"jinko":601,"key":"182021260","units":1,"m":309,"f":292,"gk":3,"a0":120,"a1":357,"a2":112,"a75":49,"ag":[27,49,44,32,20,25,33,42,64,51,42,29,19,34,29,23,13,5,5,3,0],"nf":12},"geometry":{"type":"Polygon","coordinates":[[[136.05038,35.6207],[136.05034,35.61941],[136.05034,35.61941],[136.05033,35.61941],[136.05023,35.61761],[136.05012,35.61559],[136.05015,35.61559],[136.05029,35.61558],[136.05064,35.61557],[136.05071,35.61556],[136.05053,35.61387],[136.05187,35.61374],[136.05159,35.61322],[136.05152,35.61223],[136.05138,35.60933],[136.05088,35.60902],[136.05092,35.60896],[136.05097,35.60891],[136.05105,35.60887],[136.05116,35.60885],[136.05146,35.60875],[136.05182,35.60823],[136.05212,35.60809],[136.0528,35.60791],[136.05251,35.60726],[136.05172,35.60695],[136.05082,35.60648],[136.04997,35.60628],[136.04962,35.60654],[136.04853,35.60668],[136.04872,35.60767],[136.0489,35.60849],[136.04841,35.60847],[136.0478,35.60851],[136.04729,35.6086],[136.04713,35.60865],[136.04664,35.6088],[136.04605,35.60901],[136.04547,35.60923],[136.04565,35.60952],[136.04572,35.60966],[136.04566,35.60975],[136.04554,35.60984],[136.04486,35.61028],[136.04469,35.61011],[136.04419,35.61042],[136.0444,35.61067],[136.04451,35.61075],[136.04462,35.6108],[136.04492,35.61086],[136.04529,35.61093],[136.04541,35.61094],[136.04536,35.61106],[136.04529,35.61117],[136.04521,35.61138],[136.0452,35.61147],[136.04523,35.61158],[136.04529,35.61171],[136.04529,35.61176],[136.04522,35.6119],[136.0452,35.61198],[136.04521,35.61219],[136.04528,35.61233],[136.0454,35.61247],[136.04559,35.61286],[136.04575,35.61326],[136.04577,35.6133],[136.04582,35.61332],[136.04588,35.61332],[136.04611,35.61328],[136.04625,35.61326],[136.04641,35.61328],[136.0466,35.61331],[136.04678,35.61337],[136.04695,35.61346],[136.0471,35.61356],[136.04726,35.61374],[136.0477,35.61423],[136.04777,35.61434],[136.04782,35.61449],[136.04788,35.6147],[136.04796,35.6149],[136.0481,35.61522],[136.04816,35.61532],[136.04825,35.61542],[136.04836,35.6155],[136.04842,35.61556],[136.04876,35.61579],[136.04885,35.61588],[136.04888,35.61597],[136.0489,35.6161],[136.04891,35.61621],[136.04897,35.61634],[136.04909,35.61656],[136.04917,35.61673],[136.04918,35.61681],[136.04917,35.61689],[136.04913,35.61699],[136.04903,35.6172],[136.049,35.6173],[136.04891,35.61761],[136.0489,35.61764],[136.04882,35.61786],[136.04873,35.6181],[136.0487,35.61821],[136.0487,35.61828],[136.04872,35.61835],[136.04881,35.61851],[136.04908,35.61888],[136.04914,35.61897],[136.04915,35.61904],[136.04914,35.61927],[136.04915,35.61937],[136.04916,35.61941],[136.04917,35.61948],[136.04923,35.61969],[136.04928,35.61988],[136.04932,35.62008],[136.04934,35.62018],[136.04932,35.62027],[136.04931,35.62032],[136.04926,35.62045],[136.04917,35.62062],[136.04907,35.62079],[136.04902,35.62089],[136.04897,35.62101],[136.04895,35.62109],[136.04895,35.62116],[136.04895,35.62125],[136.04894,35.62128],[136.04897,35.62144],[136.04901,35.62164],[136.04906,35.62181],[136.0491,35.62197],[136.04918,35.62233],[136.04922,35.62253],[136.04925,35.62264],[136.0493,35.62274],[136.04935,35.62281],[136.04942,35.62289],[136.04983,35.6221],[136.05006,35.62164],[136.05019,35.62125],[136.05038,35.6207]]]}},{"type":"Feature","properties":{"name":"公文名","setai":1272,"jinko":3413,"key":"182021270","units":1,"m":1693,"f":1720,"gk":10,"a0":605,"a1":2251,"a2":522,"a75":202,"ag":[165,203,237,217,150,159,203,233,309,337,253,223,167,149,171,85,59,30,20,6,2],"nf":35},"geometry":{"type":"Polygon","coordinates":[[[136.06131,35.62321],[136.06125,35.62307],[136.06104,35.62253],[136.06075,35.62192],[136.06068,35.62166],[136.06064,35.62143],[136.0606,35.62122],[136.06052,35.62094],[136.06052,35.62053],[136.06047,35.62001],[136.06045,35.61977],[136.06038,35.61958],[136.06027,35.61943],[136.06002,35.61921],[136.05968,35.61896],[136.0594,35.61867],[136.05917,35.61841],[136.0591,35.61826],[136.05904,35.61814],[136.05897,35.6179],[136.059,35.61754],[136.05903,35.61733],[136.05907,35.61695],[136.05906,35.6166],[136.05896,35.61626],[136.05874,35.61592],[136.05833,35.61528],[136.0582,35.61507],[136.05809,35.6148],[136.05804,35.61458],[136.05803,35.61417],[136.05804,35.61399],[136.05807,35.61387],[136.0581,35.61363],[136.05751,35.61352],[136.0568,35.61337],[136.0565,35.61329],[136.05623,35.61318],[136.05582,35.613],[136.05533,35.61269],[136.05494,35.61238],[136.0544,35.61193],[136.05385,35.61145],[136.05274,35.61046],[136.05163,35.60952],[136.05138,35.60933],[136.05152,35.61223],[136.05159,35.61322],[136.05187,35.61374],[136.05053,35.61387],[136.05071,35.61556],[136.05064,35.61557],[136.05029,35.61558],[136.05015,35.61559],[136.05012,35.61559],[136.05023,35.61761],[136.05033,35.61941],[136.05034,35.61941],[136.05034,35.61941],[136.05038,35.6207],[136.05019,35.62125],[136.05058,35.62133],[136.05167,35.62134],[136.05213,35.6213],[136.05211,35.62093],[136.05274,35.62096],[136.05286,35.62094],[136.05285,35.62079],[136.05304,35.62077],[136.05301,35.62109],[136.05299,35.62124],[136.05298,35.62129],[136.05298,35.62134],[136.05306,35.62175],[136.05312,35.62209],[136.05312,35.62212],[136.05312,35.62216],[136.05313,35.62231],[136.05313,35.62241],[136.05324,35.62272],[136.05325,35.62274],[136.05343,35.62273],[136.05366,35.623],[136.0537,35.62327],[136.05473,35.62319],[136.05582,35.6231],[136.05592,35.62394],[136.05604,35.62488],[136.05613,35.62556],[136.05672,35.62556],[136.05713,35.62555],[136.05733,35.62553],[136.05745,35.6255],[136.05746,35.6255],[136.05761,35.62547],[136.05797,35.62537],[136.05826,35.62528],[136.05836,35.62524],[136.05852,35.62518],[136.05873,35.6251],[136.05889,35.62504],[136.05901,35.62499],[136.05962,35.62465],[136.05995,35.62445],[136.06033,35.62425],[136.06065,35.62407],[136.06082,35.62398],[136.06098,35.62393],[136.06128,35.62387],[136.0615,35.62382],[136.06131,35.62321]]]}},{"type":"Feature","properties":{"name":"山","setai":137,"jinko":434,"key":"182021280","units":1,"m":226,"f":208,"gk":1,"a0":67,"a1":236,"a2":131,"a75":70,"ag":[24,26,17,11,7,24,20,28,30,18,26,45,27,31,30,13,20,20,16,1,0]},"geometry":{"type":"Polygon","coordinates":[[[136.07829,35.62225],[136.07882,35.62208],[136.07893,35.62234],[136.07932,35.62198],[136.07972,35.62155],[136.07986,35.62129],[136.08004,35.62111],[136.08013,35.62103],[136.08019,35.62084],[136.08022,35.62045],[136.08019,35.6203],[136.08015,35.62019],[136.08003,35.61997],[136.07993,35.61971],[136.07975,35.61905],[136.07958,35.61882],[136.0794,35.61861],[136.07998,35.61819],[136.08003,35.61786],[136.08007,35.61733],[136.08034,35.6168],[136.08072,35.61617],[136.08112,35.61575],[136.08113,35.61575],[136.08211,35.61493],[136.08239,35.61468],[136.0825,35.61437],[136.08265,35.61408],[136.08287,35.61374],[136.08303,35.61331],[136.08323,35.61297],[136.08329,35.61268],[136.08344,35.6122],[136.08335,35.61174],[136.08337,35.61142],[136.08362,35.61107],[136.08369,35.61076],[136.08408,35.61057],[136.08507,35.60967],[136.08527,35.60949],[136.0866,35.60864],[136.08671,35.60855],[136.08708,35.60825],[136.0876,35.60787],[136.08813,35.60704],[136.08876,35.60605],[136.08906,35.60576],[136.08919,35.60545],[136.08914,35.60517],[136.08932,35.6049],[136.09074,35.6039],[136.0914,35.60364],[136.09183,35.60358],[136.09203,35.60366],[136.09241,35.60389],[136.09247,35.60397],[136.09285,35.6045],[136.09309,35.60458],[136.09333,35.60459],[136.0936,35.60456],[136.09434,35.60429],[136.09497,35.60399],[136.09551,35.60352],[136.09586,35.60289],[136.09605,35.60257],[136.09617,35.60241],[136.0964,35.60229],[136.09654,35.6022],[136.09661,35.60218],[136.09674,35.60209],[136.09707,35.60189],[136.09712,35.6019],[136.09718,35.60184],[136.09725,35.60181],[136.09739,35.60174],[136.09787,35.60143],[136.09819,35.60118],[136.09855,35.60088],[136.09864,35.60062],[136.09831,35.60026],[136.09795,35.59965],[136.09785,35.59931],[136.09769,35.59888],[136.0975,35.59818],[136.09744,35.59768],[136.09737,35.59719],[136.0973,35.59673],[136.09764,35.59422],[136.09896,35.59425],[136.09897,35.59414],[136.09892,35.59378],[136.09886,35.59338],[136.09876,35.59297],[136.09869,35.5925],[136.09878,35.59203],[136.09875,35.59161],[136.09868,35.59113],[136.0986,35.59077],[136.09868,35.59046],[136.09878,35.59018],[136.09892,35.58986],[136.0992,35.58956],[136.09922,35.58951],[136.09929,35.58932],[136.09948,35.58912],[136.09971,35.58889],[136.09993,35.5886],[136.10006,35.5883],[136.10021,35.58793],[136.10034,35.58745],[136.10049,35.58699],[136.10064,35.58662],[136.10076,35.58648],[136.1009,35.58637],[136.10123,35.5861],[136.10148,35.58587],[136.10176,35.58566],[136.10215,35.58538],[136.10241,35.58515],[136.10255,35.58492],[136.10264,35.58459],[136.10271,35.58418],[136.10271,35.58388],[136.10272,35.5837],[136.10273,35.5837],[136.10275,35.5837],[136.10281,35.5836],[136.10291,35.58352],[136.1031,35.58346],[136.10325,35.58343],[136.10325,35.58341],[136.10335,35.58337],[136.10353,35.58319],[136.10362,35.58295],[136.10354,35.58273],[136.10321,35.58247],[136.10303,35.5823],[136.10287,35.58216],[136.1028,35.582],[136.10273,35.58183],[136.10252,35.58143],[136.10228,35.58097],[136.10205,35.58063],[136.10178,35.58028],[136.1015,35.58003],[136.10122,35.57982],[136.10103,35.57978],[136.1008,35.57979],[136.10061,35.57978],[136.10051,35.57974],[136.1005,35.57965],[136.10054,35.57951],[136.10052,35.57937],[136.1004,35.57926],[136.10025,35.5791],[136.1,35.57887],[136.09995,35.57861],[136.09999,35.5785],[136.10007,35.57828],[136.1001,35.57805],[136.09995,35.57787],[136.09967,35.57763],[136.09952,35.57735],[136.0992,35.57707],[136.09897,35.57687],[136.09902,35.57676],[136.09912,35.57661],[136.09911,35.57652],[136.09903,35.57639],[136.09887,35.57627],[136.09882,35.57613],[136.0988,35.57589],[136.0987,35.57571],[136.09861,35.57553],[136.09848,35.57537],[136.0985,35.57531],[136.09855,35.57522],[136.09867,35.57508],[136.09874,35.57491],[136.09871,35.57479],[136.09866,35.57469],[136.09832,35.57435],[136.09796,35.57401],[136.09781,35.57392],[136.0977,35.5739],[136.0976,35.57395],[136.09744,35.57406],[136.0973,35.57404],[136.09726,35.57399],[136.09724,35.57384],[136.09715,35.57362],[136.09703,35.57346],[136.09682,35.57338],[136.09658,35.57332],[136.09642,35.57331],[136.09635,35.57325],[136.09634,35.57318],[136.09637,35.57305],[136.09653,35.57281],[136.09657,35.57275],[136.09662,35.57268],[136.09689,35.57238],[136.0969,35.57219],[136.09678,35.57213],[136.09661,35.57212],[136.09632,35.57216],[136.09592,35.57216],[136.09557,35.57201],[136.09543,35.57166],[136.09557,35.57052],[136.09559,35.57042],[136.09479,35.57035],[136.09406,35.57041],[136.09262,35.57074],[136.09145,35.57106],[136.08944,35.5716],[136.08866,35.57177],[136.08588,35.57352],[136.08514,35.57417],[136.08451,35.57478],[136.08424,35.57492],[136.08374,35.57519],[136.08281,35.57555],[136.08138,35.57645],[136.07927,35.57775],[136.07767,35.57891],[136.07715,35.57918],[136.07676,35.57939],[136.07486,35.58051],[136.07314,35.58169],[136.0716,35.58274],[136.07009,35.58349],[136.06929,35.58072],[136.06923,35.58047],[136.0689,35.57904],[136.06874,35.57713],[136.06876,35.57575],[136.06891,35.57464],[136.06914,35.57331],[136.06915,35.57327],[136.0695,35.57121],[136.06934,35.56913],[136.06915,35.56747],[136.06881,35.56617],[136.06881,35.56616],[136.06846,35.56526],[136.0682,35.56414],[136.06784,35.56267],[136.06765,35.56145],[136.06765,35.56144],[136.06741,35.55926],[136.06741,35.55906],[136.06739,35.55606],[136.06753,35.55359],[136.06783,35.55187],[136.06788,35.55164],[136.06862,35.54936],[136.06935,35.54701],[136.06977,35.54485],[136.06985,35.54444],[136.07032,35.54235],[136.07108,35.54044],[136.0721,35.53839],[136.07236,35.53799],[136.07339,35.53641],[136.07526,35.53398],[136.07757,35.5316],[136.07754,35.5313],[136.07709,35.53065],[136.07682,35.53051],[136.0761,35.53029],[136.07534,35.52991],[136.07493,35.52981],[136.07452,35.52986],[136.07408,35.52975],[136.07284,35.52903],[136.07234,35.5284],[136.07218,35.52797],[136.07193,35.52766],[136.07129,35.52718],[136.07025,35.52657],[136.06957,35.52632],[136.06852,35.52637],[136.06794,35.52653],[136.06764,35.52664],[136.06704,35.5268],[136.06657,35.52701],[136.06608,35.52739],[136.06547,35.52802],[136.06528,35.52836],[136.065,35.52818],[136.06468,35.52806],[136.06377,35.52818],[136.06317,35.52821],[136.06292,35.52816],[136.06237,35.52822],[136.06207,35.52843],[136.06195,35.52854],[136.06173,35.52904],[136.06143,35.53023],[136.06135,35.53041],[136.06119,35.53102],[136.06097,35.53151],[136.06069,35.53185],[136.06017,35.53205],[136.05957,35.53224],[136.05909,35.5322],[136.05872,35.53205],[136.05814,35.53205],[136.05756,35.53224],[136.05742,35.53249],[136.05707,35.53274],[136.05649,35.53291],[136.05613,35.53325],[136.05592,35.53364],[136.05539,35.5337],[136.05489,35.53373],[136.05443,35.53357],[136.05393,35.53332],[136.05344,35.53332],[136.05311,35.53348],[136.05278,35.53373],[136.05221,35.53398],[136.05146,35.53439],[136.05088,35.53448],[136.05014,35.5345],[136.04941,35.53457],[136.04882,35.53475],[136.04833,35.53477],[136.04806,35.53457],[136.04751,35.53374],[136.04721,35.53308],[136.04682,35.53247],[136.04676,35.53236],[136.04662,35.53209],[136.04664,35.5315],[136.04654,35.53092],[136.04634,35.53033],[136.04627,35.5302],[136.04621,35.53022],[136.04586,35.53055],[136.04538,35.53076],[136.04489,35.53076],[136.04426,35.53092],[136.04272,35.5309],[136.04217,35.53097],[136.04187,35.5311],[136.04168,35.53151],[136.04118,35.53236],[136.04088,35.53245],[136.04049,35.53232],[136.03989,35.532],[136.03928,35.53162],[136.03821,35.53146],[136.03763,35.5312],[136.03719,35.5309],[136.03662,35.53072],[136.03348,35.53016],[136.03272,35.53012],[136.03085,35.52978],[136.0308,35.5298],[136.03025,35.52962],[136.02983,35.5294],[136.02928,35.52933],[136.02791,35.52909],[136.02645,35.52958],[136.02642,35.52981],[136.02653,35.53065],[136.02667,35.53247],[136.02717,35.53321],[136.02728,35.53355],[136.02736,35.5345],[136.02747,35.53497],[136.02742,35.53537],[136.0272,35.53571],[136.02683,35.53619],[136.02662,35.53693],[136.02673,35.53817],[136.02687,35.53866],[136.02731,35.53972],[136.02715,35.54079],[136.02731,35.54132],[136.02753,35.54182],[136.02767,35.54234],[136.02753,35.54254],[136.02695,35.54285],[136.02541,35.54335],[136.02495,35.54354],[136.02472,35.5438],[136.02445,35.54473],[136.02417,35.54524],[136.02387,35.54561],[136.0238,35.54615],[136.02382,35.54629],[136.0241,35.54655],[136.02428,35.54687],[136.02437,35.54725],[136.02442,35.54849],[136.02478,35.54944],[136.02495,35.55009],[136.02506,35.55077],[136.02506,35.55115],[136.02495,35.5516],[136.0246,35.55224],[136.02428,35.55333],[136.0235,35.55469],[136.023,35.5557],[136.02297,35.55616],[136.02311,35.55697],[136.02308,35.55746],[136.02286,35.55783],[136.02278,35.55816],[136.02286,35.55879],[136.02322,35.5601],[136.0233,35.56068],[136.0235,35.56116],[136.02374,35.56145],[136.02432,35.56215],[136.02443,35.56264],[136.02473,35.56332],[136.02487,35.56348],[136.02522,35.56375],[136.02602,35.56408],[136.02698,35.56483],[136.02716,35.56543],[136.02737,35.56564],[136.02781,35.56593],[136.02822,35.56627],[136.02828,35.56663],[136.02826,35.56708],[136.02833,35.56757],[136.02853,35.56805],[136.02872,35.56834],[136.02918,35.5685],[136.02955,35.56891],[136.02957,35.56933],[136.02946,35.56949],[136.02932,35.56985],[136.02925,35.57032],[136.02932,35.57082],[136.02916,35.57116],[136.02916,35.57161],[136.02925,35.57179],[136.02968,35.57231],[136.02971,35.57289],[136.02968,35.57323],[136.02927,35.57445],[136.02947,35.57492],[136.02952,35.57614],[136.02943,35.5765],[136.02938,35.57695],[136.02911,35.57801],[136.02895,35.57837],[136.02881,35.5788],[136.02856,35.57929],[136.02812,35.57975],[136.0279,35.58011],[136.02752,35.58042],[136.02693,35.58069],[136.02622,35.58091],[136.02633,35.58099],[136.02666,35.58136],[136.02702,35.58238],[136.02702,35.58283],[136.02688,35.58317],[136.02656,35.58371],[136.02633,35.58459],[136.02633,35.58473],[136.02622,35.58572],[136.02628,35.5861],[136.02612,35.58648],[136.02605,35.5865],[136.02566,35.58697],[136.02506,35.58736],[136.02455,35.58965],[136.03755,35.59914],[136.0377,35.59902],[136.03789,35.59915],[136.03803,35.59937],[136.03822,35.59962],[136.03848,35.59997],[136.03853,35.60002],[136.03858,35.60005],[136.03863,35.60005],[136.03868,35.60004],[136.03875,35.59997],[136.03886,35.59986],[136.0389,35.59983],[136.03894,35.59983],[136.03901,35.59987],[136.03908,35.59991],[136.03917,35.59994],[136.03929,35.59999],[136.0394,35.60005],[136.03953,35.60011],[136.03962,35.60012],[136.03969,35.60009],[136.03975,35.60008],[136.0398,35.60008],[136.03986,35.60008],[136.03992,35.6001],[136.03997,35.60015],[136.04,35.60022],[136.04,35.60034],[136.04002,35.60043],[136.04008,35.60052],[136.04015,35.6006],[136.04021,35.60066],[136.04028,35.60068],[136.04043,35.60071],[136.04059,35.60072],[136.04098,35.60071],[136.04122,35.60068],[136.04129,35.60067],[136.04136,35.60067],[136.04147,35.60073],[136.04155,35.60082],[136.04173,35.60104],[136.04217,35.60186],[136.04242,35.60197],[136.04289,35.60188],[136.04414,35.60156],[136.04512,35.60142],[136.04577,35.60133],[136.04567,35.60212],[136.04587,35.6028],[136.0462,35.60333],[136.04652,35.60364],[136.0468,35.60368],[136.04706,35.60372],[136.04747,35.6039],[136.04772,35.60429],[136.04785,35.60491],[136.04709,35.60614],[136.0468,35.60662],[136.0466,35.60695],[136.04671,35.60802],[136.0468,35.60801],[136.04722,35.60793],[136.04828,35.60769],[136.04872,35.60767],[136.04853,35.60668],[136.04962,35.60654],[136.04997,35.60628],[136.05018,35.60608],[136.05039,35.60597],[136.05104,35.60575],[136.05122,35.60566],[136.05136,35.6056],[136.05161,35.60557],[136.05189,35.60556],[136.05233,35.60565],[136.05246,35.6057],[136.0526,35.60582],[136.05271,35.60584],[136.05296,35.60588],[136.05403,35.606],[136.05443,35.60605],[136.05471,35.60604],[136.05496,35.60604],[136.0557,35.60593],[136.05603,35.60557],[136.05668,35.60544],[136.05677,35.60541],[136.05687,35.60532],[136.05713,35.60498],[136.05719,35.60481],[136.05726,35.60465],[136.05732,35.60459],[136.05737,35.60449],[136.05743,35.60435],[136.05748,35.60424],[136.05756,35.60416],[136.05768,35.60404],[136.05773,35.60396],[136.05788,35.60398],[136.05822,35.60401],[136.05849,35.60398],[136.05869,35.60389],[136.05881,35.60379],[136.05904,35.6034],[136.05953,35.60392],[136.05963,35.604],[136.05973,35.60416],[136.05984,35.60426],[136.05995,35.60431],[136.0601,35.60448],[136.06016,35.60461],[136.06031,35.60483],[136.06046,35.60494],[136.06052,35.60496],[136.06079,35.60521],[136.06089,35.60531],[136.06109,35.60549],[136.06134,35.60564],[136.06142,35.60567],[136.0615,35.60577],[136.0616,35.6059],[136.06177,35.60615],[136.06217,35.60662],[136.06228,35.60672],[136.06243,35.6068],[136.06261,35.60684],[136.06265,35.60688],[136.06265,35.60692],[136.06261,35.60695],[136.06261,35.60701],[136.06276,35.6071],[136.063,35.60717],[136.06309,35.60716],[136.06314,35.60722],[136.06311,35.60731],[136.0631,35.60741],[136.06308,35.60749],[136.06312,35.60752],[136.06327,35.60759],[136.06336,35.60769],[136.06341,35.60768],[136.06346,35.6076],[136.06357,35.60748],[136.0637,35.6074],[136.06382,35.60739],[136.06389,35.6074],[136.06387,35.60745],[136.0638,35.60761],[136.06373,35.60779],[136.06364,35.60791],[136.06358,35.60795],[136.06358,35.60809],[136.06362,35.60816],[136.06376,35.60828],[136.06444,35.60872],[136.06469,35.60883],[136.065,35.60891],[136.06524,35.60912],[136.06567,35.60966],[136.06589,35.60981],[136.06606,35.60993],[136.06616,35.60993],[136.06622,35.60998],[136.06627,35.61017],[136.06627,35.61031],[136.06639,35.61042],[136.06648,35.61045],[136.06654,35.6105],[136.06655,35.61063],[136.06661,35.61075],[136.06667,35.61082],[136.06689,35.6109],[136.06685,35.61114],[136.0668,35.61139],[136.06674,35.61186],[136.0667,35.61211],[136.06672,35.6123],[136.06685,35.61253],[136.06698,35.61273],[136.06712,35.61283],[136.06725,35.61287],[136.06748,35.61289],[136.0676,35.61291],[136.06769,35.613],[136.06769,35.6132],[136.06761,35.6134],[136.06752,35.61362],[136.06747,35.61385],[136.06754,35.61434],[136.06785,35.61492],[136.06793,35.61507],[136.06816,35.6155],[136.06864,35.61633],[136.06871,35.61669],[136.06867,35.61708],[136.06847,35.61735],[136.06832,35.61748],[136.06843,35.61745],[136.06855,35.61747],[136.06866,35.61752],[136.06888,35.61774],[136.06903,35.61794],[136.06926,35.61827],[136.06943,35.61842],[136.0695,35.61849],[136.06962,35.61858],[136.06973,35.61868],[136.06982,35.61873],[136.06986,35.61876],[136.06988,35.61878],[136.06995,35.61882],[136.07006,35.61887],[136.07012,35.61893],[136.07015,35.61899],[136.07019,35.61904],[136.07037,35.61931],[136.07045,35.61941],[136.07058,35.61956],[136.07064,35.61977],[136.07096,35.62021],[136.07111,35.62032],[136.07124,35.62043],[136.07148,35.62063],[136.07163,35.62075],[136.07206,35.62098],[136.07234,35.62111],[136.07258,35.62121],[136.07314,35.62138],[136.07342,35.62145],[136.07353,35.62146],[136.07355,35.62146],[136.07357,35.6215],[136.0736,35.62155],[136.07358,35.62162],[136.0736,35.62177],[136.07364,35.62187],[136.07383,35.62195],[136.07396,35.622],[136.07405,35.622],[136.07409,35.62201],[136.0741,35.62201],[136.07424,35.62202],[136.07438,35.62203],[136.0745,35.62209],[136.07456,35.62211],[136.07478,35.62214],[136.07489,35.62215],[136.07501,35.62219],[136.07525,35.62224],[136.07543,35.62225],[136.07561,35.62229],[136.07601,35.62232],[136.07616,35.62233],[136.07633,35.62233],[136.07652,35.62236],[136.07679,35.6224],[136.0776,35.62233],[136.07829,35.62225]]]}},{"type":"Feature","properties":{"name":"みどりケ丘町","setai":100,"jinko":221,"key":"182021290","units":1,"m":125,"f":96,"gk":8,"a0":31,"a1":131,"a2":56,"a75":22,"ag":[8,10,13,12,11,9,6,15,20,21,16,7,14,20,14,12,9,1,0,0,0],"nf":3},"geometry":{"type":"Polygon","coordinates":[[[136.06832,35.61748],[136.06847,35.61735],[136.06867,35.61708],[136.06871,35.61669],[136.06864,35.61633],[136.06816,35.6155],[136.06793,35.61507],[136.06785,35.61492],[136.06754,35.61434],[136.06747,35.61385],[136.06752,35.61362],[136.06761,35.6134],[136.06769,35.6132],[136.06769,35.613],[136.0676,35.61291],[136.06748,35.61289],[136.06725,35.61287],[136.06712,35.61283],[136.06698,35.61273],[136.06685,35.61253],[136.06672,35.6123],[136.0667,35.61211],[136.06674,35.61186],[136.0668,35.61139],[136.06685,35.61114],[136.06689,35.6109],[136.06667,35.61082],[136.06661,35.61075],[136.06655,35.61063],[136.06654,35.6105],[136.06648,35.61045],[136.06639,35.61042],[136.06627,35.61031],[136.06627,35.61017],[136.06622,35.60998],[136.06616,35.60993],[136.06606,35.60993],[136.06589,35.60981],[136.06567,35.60966],[136.06524,35.60912],[136.065,35.60891],[136.06469,35.60883],[136.06444,35.60872],[136.06376,35.60828],[136.06362,35.60816],[136.06358,35.60809],[136.06358,35.60795],[136.06364,35.60791],[136.06373,35.60779],[136.0638,35.60761],[136.06387,35.60745],[136.06389,35.6074],[136.06382,35.60739],[136.0637,35.6074],[136.06357,35.60748],[136.06346,35.6076],[136.06341,35.60768],[136.06336,35.60769],[136.06327,35.60759],[136.06312,35.60752],[136.06308,35.60749],[136.0631,35.60741],[136.06311,35.60731],[136.06314,35.60722],[136.06309,35.60716],[136.063,35.60717],[136.06276,35.6071],[136.06261,35.60701],[136.06261,35.60695],[136.06265,35.60692],[136.06265,35.60688],[136.06261,35.60684],[136.06243,35.6068],[136.06228,35.60672],[136.06217,35.60662],[136.06177,35.60615],[136.0616,35.6059],[136.0615,35.60577],[136.06142,35.60567],[136.06134,35.60564],[136.06109,35.60549],[136.06089,35.60531],[136.06079,35.60521],[136.06052,35.60496],[136.06046,35.60494],[136.06031,35.60483],[136.06016,35.60461],[136.0601,35.60448],[136.05995,35.60431],[136.05984,35.60426],[136.05973,35.60416],[136.05963,35.604],[136.05953,35.60392],[136.05904,35.6034],[136.05881,35.60379],[136.05869,35.60389],[136.05849,35.60398],[136.05822,35.60401],[136.05788,35.60398],[136.05773,35.60396],[136.05768,35.60404],[136.05756,35.60416],[136.05748,35.60424],[136.05743,35.60435],[136.05737,35.60449],[136.05732,35.60459],[136.05726,35.60465],[136.05719,35.60481],[136.05713,35.60498],[136.05687,35.60532],[136.05677,35.60541],[136.05668,35.60544],[136.05603,35.60557],[136.0557,35.60593],[136.05496,35.60604],[136.05471,35.60604],[136.05443,35.60605],[136.05403,35.606],[136.05296,35.60588],[136.05271,35.60584],[136.0526,35.60582],[136.05246,35.6057],[136.05233,35.60565],[136.05189,35.60556],[136.05161,35.60557],[136.05136,35.6056],[136.05122,35.60566],[136.05104,35.60575],[136.05039,35.60597],[136.05018,35.60608],[136.04997,35.60628],[136.05082,35.60648],[136.05172,35.60695],[136.05251,35.60726],[136.0528,35.60791],[136.05212,35.60809],[136.05182,35.60823],[136.05146,35.60875],[136.05116,35.60885],[136.05105,35.60887],[136.05097,35.60891],[136.05092,35.60896],[136.05088,35.60902],[136.05138,35.60933],[136.05163,35.60952],[136.05274,35.61046],[136.05385,35.61145],[136.0544,35.61193],[136.05494,35.61238],[136.05533,35.61269],[136.05582,35.613],[136.05623,35.61318],[136.0565,35.61329],[136.0568,35.61337],[136.05751,35.61352],[136.0581,35.61363],[136.05849,35.61371],[136.05936,35.61388],[136.05961,35.61393],[136.061,35.6142],[136.06237,35.6145],[136.06264,35.61458],[136.06353,35.6149],[136.06435,35.6153],[136.06469,35.61551],[136.06539,35.61595],[136.06564,35.61615],[136.06601,35.61645],[136.0665,35.61691],[136.06659,35.61699],[136.06671,35.61711],[136.06696,35.61735],[136.0673,35.6177],[136.06758,35.61775],[136.06776,35.61775],[136.06787,35.61773],[136.06795,35.61769],[136.06832,35.61748]]]}},{"type":"Feature","properties":{"name":"泉","setai":0,"jinko":0,"key":"182021300","units":1,"m":0,"f":0,"gk":0,"a0":0,"a1":0,"a2":0,"a75":0,"ag":[0,0,0,0,0,0,0,0,0,0,0,0,0,0,0,0,0,0,0,0,0]},"geometry":{"type":"Polygon","coordinates":[[[136.07552,35.67943],[136.07552,35.67937],[136.07552,35.67927],[136.07556,35.67919],[136.07567,35.67911],[136.0758,35.679],[136.07593,35.67891],[136.07623,35.67882],[136.07662,35.67872],[136.07681,35.67867],[136.07715,35.67855],[136.07731,35.67845],[136.07769,35.67811],[136.07784,35.67789],[136.07797,35.67763],[136.07809,35.67724],[136.07817,35.67688],[136.07821,35.67654],[136.08283,35.67623],[136.08479,35.6761],[136.08628,35.67599],[136.08649,35.67599],[136.0867,35.67593],[136.0869,35.6759],[136.08705,35.67585],[136.08749,35.67501],[136.08809,35.67382],[136.08829,35.67333],[136.08829,35.67325],[136.08827,35.67318],[136.08819,35.67309],[136.08807,35.67308],[136.08797,35.67312],[136.08791,35.67319],[136.08786,35.67321],[136.08777,35.67319],[136.08751,35.67321],[136.08734,35.6732],[136.08725,35.67318],[136.08708,35.67306],[136.08694,35.67293],[136.08687,35.67287],[136.08679,35.67272],[136.08679,35.67246],[136.08683,35.67235],[136.08691,35.67217],[136.08694,35.67206],[136.08698,35.67198],[136.08698,35.67193],[136.08694,35.67191],[136.08686,35.67191],[136.08678,35.67194],[136.08665,35.67202],[136.08651,35.67202],[136.08635,35.67193],[136.08613,35.6715],[136.08589,35.67101],[136.08557,35.67031],[136.08557,35.67028],[136.08597,35.6699],[136.08606,35.6698],[136.08612,35.6697],[136.08616,35.66961],[136.08616,35.66959],[136.08617,35.66952],[136.08617,35.66943],[136.08615,35.66909],[136.08567,35.66866],[136.08538,35.66838],[136.08524,35.66821],[136.08515,35.66807],[136.0851,35.66801],[136.0851,35.66793],[136.08516,35.66764],[136.08549,35.66647],[136.08567,35.66618],[136.0861,35.66565],[136.08616,35.66545],[136.08605,35.66528],[136.08566,35.66491],[136.0853,35.66461],[136.08461,35.66413],[136.08376,35.66352],[136.08234,35.66249],[136.08192,35.66203],[136.08165,35.6615],[136.08156,35.6614],[136.08141,35.66106],[136.08128,35.66087],[136.08117,35.66074],[136.08096,35.66023],[136.08081,35.66001],[136.08053,35.65984],[136.08042,35.6599],[136.08014,35.65999],[136.07984,35.66007],[136.07957,35.66012],[136.07927,35.66017],[136.07893,35.66018],[136.07862,35.66019],[136.07832,35.66019],[136.07801,35.66018],[136.07772,35.66004],[136.07773,35.66018],[136.07777,35.66031],[136.07794,35.66045],[136.07811,35.66049],[136.07824,35.66052],[136.07831,35.66063],[136.07833,35.66067],[136.07839,35.66073],[136.07854,35.66078],[136.07883,35.66084],[136.07919,35.66086],[136.07927,35.66088],[136.07927,35.66092],[136.0792,35.66108],[136.07921,35.66122],[136.07927,35.66138],[136.07931,35.66145],[136.07931,35.6615],[136.07931,35.66154],[136.07929,35.66159],[136.07932,35.66164],[136.07935,35.66166],[136.0794,35.66167],[136.07946,35.66167],[136.07951,35.66169],[136.07952,35.66171],[136.07953,35.66175],[136.07954,35.66178],[136.07953,35.6618],[136.0795,35.66184],[136.07946,35.66189],[136.07943,35.66196],[136.07942,35.66204],[136.07941,35.66205],[136.07939,35.66206],[136.07935,35.66205],[136.07912,35.66196],[136.07904,35.66195],[136.07895,35.66194],[136.07882,35.66194],[136.07871,35.66198],[136.07864,35.66201],[136.07858,35.66204],[136.07855,35.66207],[136.07853,35.66212],[136.07856,35.66213],[136.07857,35.66214],[136.07859,35.66218],[136.07857,35.66224],[136.07854,35.66228],[136.07851,35.66231],[136.07848,35.66231],[136.07844,35.6623],[136.07844,35.66236],[136.07845,35.66243],[136.07849,35.66249],[136.07859,35.6626],[136.07867,35.66264],[136.07869,35.66265],[136.0787,35.66268],[136.0787,35.66271],[136.07876,35.66281],[136.07875,35.66288],[136.07882,35.66303],[136.07882,35.66311],[136.07877,35.66317],[136.07872,35.66323],[136.07869,35.66325],[136.07862,35.66324],[136.07851,35.66331],[136.07848,35.66332],[136.07831,35.66327],[136.07828,35.66328],[136.07822,35.66328],[136.07808,35.66329],[136.07804,35.66329],[136.07792,35.66324],[136.07776,35.66326],[136.07766,35.66325],[136.07764,35.66326],[136.07758,35.66329],[136.07756,35.66328],[136.07753,35.66315],[136.07749,35.66312],[136.07746,35.66314],[136.07739,35.66337],[136.07727,35.66343],[136.07712,35.66349],[136.07659,35.6636],[136.07631,35.66364],[136.07606,35.66375],[136.07596,35.66374],[136.07573,35.66379],[136.07567,35.66383],[136.07558,35.66392],[136.0753,35.66428],[136.0753,35.66431],[136.07518,35.66428],[136.07508,35.66434],[136.07507,35.66438],[136.07503,35.66446],[136.07494,35.6645],[136.07474,35.66463],[136.07457,35.66471],[136.07445,35.66481],[136.07429,35.66486],[136.07412,35.66485],[136.074,35.66482],[136.0739,35.66464],[136.0739,35.66449],[136.07386,35.66436],[136.07376,35.66429],[136.07362,35.66428],[136.0733,35.66435],[136.07311,35.66445],[136.07273,35.66477],[136.07253,35.66489],[136.07237,35.66489],[136.07224,35.66483],[136.07217,35.66478],[136.07208,35.66471],[136.07206,35.66458],[136.07204,35.66445],[136.07208,35.66437],[136.07223,35.66426],[136.07222,35.66424],[136.07213,35.66426],[136.07195,35.66432],[136.07139,35.66446],[136.07106,35.66453],[136.07126,35.6647],[136.07157,35.66497],[136.07169,35.66506],[136.07172,35.66509],[136.07181,35.66516],[136.07204,35.66535],[136.07227,35.66554],[136.07249,35.66572],[136.07286,35.66602],[136.07286,35.66613],[136.07286,35.66617],[136.07287,35.6662],[136.07289,35.66624],[136.0729,35.66628],[136.07291,35.66633],[136.07293,35.66637],[136.07295,35.66642],[136.07297,35.66647],[136.07298,35.66652],[136.07298,35.66654],[136.07297,35.66658],[136.07295,35.66661],[136.07295,35.66666],[136.07296,35.6667],[136.07296,35.66674],[136.07296,35.66677],[136.07295,35.6668],[136.07295,35.66682],[136.07296,35.66685],[136.07298,35.66688],[136.07299,35.66691],[136.073,35.66694],[136.073,35.66697],[136.073,35.66699],[136.073,35.66701],[136.073,35.66704],[136.07299,35.66705],[136.07299,35.66706],[136.07298,35.66709],[136.07297,35.66712],[136.07296,35.66715],[136.07295,35.66717],[136.07295,35.66719],[136.07296,35.66721],[136.07296,35.66724],[136.07297,35.66726],[136.07298,35.66728],[136.07299,35.6673],[136.07299,35.66732],[136.07299,35.66733],[136.07298,35.66734],[136.07297,35.66735],[136.07296,35.66737],[136.07295,35.66739],[136.07296,35.6674],[136.07296,35.66742],[136.07297,35.66744],[136.07297,35.66745],[136.07297,35.66746],[136.07297,35.66746],[136.07295,35.66746],[136.07293,35.66746],[136.07292,35.66746],[136.07291,35.66747],[136.07291,35.66748],[136.07291,35.66749],[136.07291,35.66751],[136.07291,35.66753],[136.07291,35.66757],[136.07291,35.6676],[136.07291,35.66764],[136.07292,35.66767],[136.07293,35.66769],[136.07294,35.6677],[136.07297,35.66771],[136.073,35.66772],[136.07303,35.66773],[136.07307,35.66772],[136.0731,35.66772],[136.07314,35.66771],[136.07317,35.66771],[136.07321,35.6677],[136.07324,35.66769],[136.07327,35.66767],[136.07329,35.66765],[136.07329,35.66763],[136.0733,35.66761],[136.0733,35.66759],[136.07331,35.66758],[136.07331,35.66758],[136.07333,35.66758],[136.07336,35.66759],[136.07339,35.6676],[136.07341,35.66759],[136.07343,35.66758],[136.07345,35.66757],[136.07348,35.66756],[136.07351,35.66756],[136.07355,35.66756],[136.07359,35.66755],[136.07363,35.66754],[136.07367,35.66753],[136.07372,35.66752],[136.07379,35.66751],[136.07385,35.6675],[136.0739,35.66749],[136.07392,35.66748],[136.07394,35.66747],[136.07397,35.66746],[136.07401,35.66744],[136.07405,35.66743],[136.07409,35.66743],[136.07413,35.66743],[136.07418,35.66743],[136.07422,35.66743],[136.07425,35.66742],[136.07427,35.66741],[136.07428,35.6674],[136.07428,35.66804],[136.07429,35.66858],[136.07428,35.66913],[136.07428,35.6696],[136.07428,35.66983],[136.07428,35.67071],[136.07428,35.67101],[136.07428,35.67122],[136.07429,35.6735],[136.07429,35.6741],[136.07429,35.67474],[136.07429,35.67597],[136.07429,35.67806],[136.07364,35.67807],[136.07357,35.67842],[136.0717,35.67816],[136.07088,35.67805],[136.07076,35.67811],[136.07073,35.67829],[136.07069,35.67831],[136.07069,35.67852],[136.07059,35.67852],[136.07059,35.67852],[136.07059,35.67851],[136.07058,35.67851],[136.07058,35.67851],[136.07058,35.6785],[136.07057,35.6785],[136.07056,35.6785],[136.07055,35.6785],[136.07054,35.6785],[136.07053,35.6785],[136.07052,35.6785],[136.07051,35.6785],[136.07051,35.67851],[136.0705,35.67851],[136.0705,35.67851],[136.0705,35.67852],[136.07049,35.67853],[136.07049,35.67854],[136.07049,35.67854],[136.07049,35.67855],[136.0705,35.67856],[136.0705,35.67857],[136.0705,35.67857],[136.07051,35.67857],[136.07051,35.67858],[136.07052,35.67858],[136.07053,35.67858],[136.07054,35.67858],[136.07055,35.67858],[136.07056,35.67858],[136.07057,35.67858],[136.07058,35.67858],[136.07058,35.67857],[136.07058,35.67857],[136.07059,35.67857],[136.07059,35.67856],[136.07069,35.67856],[136.07069,35.67861],[136.07069,35.67896],[136.0706,35.67896],[136.07059,35.67895],[136.07059,35.67895],[136.07058,35.67894],[136.07058,35.67894],[136.07057,35.67893],[136.07056,35.67893],[136.07055,35.67893],[136.07054,35.67893],[136.07053,35.67893],[136.07052,35.67893],[136.07051,35.67894],[136.0705,35.67894],[136.0705,35.67895],[136.07049,35.67895],[136.07049,35.67896],[136.07049,35.67897],[136.07049,35.67898],[136.07049,35.67899],[136.07049,35.67899],[136.0705,35.679],[136.07051,35.67901],[136.07051,35.67901],[136.07052,35.67901],[136.07053,35.67902],[136.07054,35.67902],[136.07055,35.67902],[136.07056,35.67902],[136.07057,35.67901],[136.07058,35.67901],[136.07059,35.679],[136.07069,35.679],[136.0707,35.67939],[136.06981,35.67938],[136.0698,35.67942],[136.06339,35.67942],[136.06177,35.67942],[136.06177,35.67951],[136.06339,35.67951],[136.0717,35.67952],[136.07397,35.67951],[136.07396,35.67944],[136.07552,35.67943]]]}},{"type":"Feature","properties":{"name":"新松島町","setai":299,"jinko":659,"key":"182021320","units":1,"m":357,"f":302,"gk":7,"a0":82,"a1":363,"a2":208,"a75":109,"ag":[24,34,24,17,25,30,43,40,31,44,47,34,52,41,58,42,33,19,13,1,1],"nf":6},"geometry":{"type":"Polygon","coordinates":[[[136.05346,35.64868],[136.05395,35.64862],[136.05438,35.64863],[136.0549,35.64865],[136.0564,35.64871],[136.0564,35.64848],[136.05639,35.64823],[136.05638,35.64782],[136.05638,35.64776],[136.05637,35.6475],[136.05638,35.64729],[136.05636,35.64688],[136.05636,35.64657],[136.05635,35.64611],[136.05635,35.646],[136.05548,35.64596],[136.05472,35.64589],[136.05459,35.6459],[136.05309,35.64581],[136.05296,35.64581],[136.05162,35.64574],[136.05157,35.64574],[136.05155,35.64594],[136.05154,35.64605],[136.05152,35.64624],[136.05151,35.6463],[136.05149,35.64646],[136.05148,35.64663],[136.05146,35.64671],[136.05146,35.64678],[136.05145,35.64687],[136.05143,35.64703],[136.05142,35.64714],[136.0514,35.64726],[136.05139,35.64738],[136.05138,35.64749],[136.05132,35.64766],[136.0513,35.64778],[136.05125,35.64794],[136.05113,35.64833],[136.05112,35.64837],[136.05104,35.64864],[136.05103,35.6487],[136.051,35.64881],[136.05101,35.64891],[136.051,35.64899],[136.05144,35.64892],[136.0522,35.64883],[136.0529,35.64874],[136.05346,35.64868]]]}}]}