{"type":"FeatureCollection","features":[{"type":"Feature","properties":{"name":"伊集院町下谷口","setai":1512,"jinko":3740,"key":"462160010","units":1},"geometry":{"type":"Polygon","coordinates":[[[130.39974,31.62869],[130.39992,31.62868],[130.40006,31.62868],[130.40022,31.62869],[130.40034,31.62873],[130.40065,31.62882],[130.40085,31.62886],[130.40096,31.62884],[130.40109,31.62879],[130.40131,31.62863],[130.40139,31.62848],[130.40141,31.62844],[130.40142,31.62839],[130.40144,31.62804],[130.40068,31.62792],[130.40081,31.62767],[130.40094,31.62737],[130.40102,31.6272],[130.40112,31.62686],[130.40119,31.6265],[130.40135,31.62567],[130.40139,31.62548],[130.40153,31.6248],[130.40218,31.62449],[130.40251,31.62439],[130.40299,31.62433],[130.40325,31.62428],[130.40355,31.62414],[130.4037,31.62405],[130.404,31.62389],[130.40415,31.62382],[130.4046,31.6236],[130.40507,31.62347],[130.40559,31.62328],[130.40605,31.62313],[130.40657,31.62301],[130.40676,31.623],[130.407,31.62304],[130.40739,31.62318],[130.40786,31.62338],[130.408,31.62317],[130.40815,31.62297],[130.40821,31.62283],[130.40826,31.62258],[130.4083,31.62246],[130.4084,31.62238],[130.40852,31.62234],[130.40872,31.62232],[130.4089,31.62227],[130.409,31.6222],[130.40906,31.62199],[130.40912,31.62188],[130.4092,31.62177],[130.40932,31.62168],[130.40962,31.62146],[130.40998,31.62128],[130.41037,31.62102],[130.41054,31.6209],[130.41066,31.62078],[130.41075,31.62067],[130.41109,31.62056],[130.41121,31.6205],[130.4113,31.62035],[130.41148,31.62013],[130.41166,31.61997],[130.4119,31.61986],[130.41235,31.61975],[130.41267,31.61969],[130.41288,31.61964],[130.41306,31.61946],[130.41311,31.61901],[130.41316,31.6188],[130.41322,31.61869],[130.41337,31.61862],[130.41374,31.61849],[130.41429,31.61831],[130.41462,31.61817],[130.41516,31.6179],[130.4156,31.61767],[130.41607,31.6175],[130.41655,31.61737],[130.41684,31.61727],[130.41727,31.61696],[130.41755,31.61678],[130.41775,31.61667],[130.41796,31.6166],[130.41849,31.61652],[130.41866,31.61643],[130.41893,31.61623],[130.41917,31.61609],[130.41943,31.61602],[130.41962,31.61603],[130.41981,31.6161],[130.42001,31.61621],[130.42022,31.61626],[130.42038,31.61626],[130.42056,31.61627],[130.42078,31.61629],[130.42094,31.61631],[130.42105,31.6163],[130.42118,31.61623],[130.42136,31.61612],[130.42153,31.61603],[130.42177,31.61596],[130.42197,31.61583],[130.42225,31.61576],[130.42239,31.61552],[130.42252,31.61547],[130.4229,31.61533],[130.42325,31.61521],[130.42342,31.61509],[130.42354,31.61493],[130.42369,31.61493],[130.42407,31.61504],[130.42424,31.61506],[130.42442,31.61506],[130.42454,31.61501],[130.4248,31.61492],[130.42492,31.61487],[130.42509,31.61469],[130.4252,31.61457],[130.42531,31.61451],[130.42557,31.61439],[130.42597,31.61421],[130.42613,31.61411],[130.42623,31.61398],[130.4263,31.61359],[130.42635,31.61317],[130.42648,31.6129],[130.4265,31.61274],[130.42645,31.61255],[130.42636,31.61243],[130.42629,31.61218],[130.42631,31.61188],[130.42627,31.6117],[130.42617,31.61148],[130.42612,31.61141],[130.42612,31.61133],[130.42617,31.6112],[130.42629,31.61105],[130.4265,31.61087],[130.42676,31.61074],[130.42711,31.61072],[130.42724,31.61069],[130.4276,31.61047],[130.42765,31.61036],[130.42758,31.61027],[130.42757,31.6101],[130.42763,31.60996],[130.42777,31.60987],[130.42806,31.60986],[130.4285,31.60992],[130.42871,31.60992],[130.42899,31.6098],[130.42929,31.60969],[130.42978,31.60943],[130.43012,31.60936],[130.43028,31.60932],[130.43038,31.60924],[130.43046,31.60911],[130.43049,31.60906],[130.43062,31.60883],[130.43067,31.60874],[130.43092,31.60843],[130.43094,31.60832],[130.43095,31.60815],[130.43106,31.60806],[130.43109,31.60802],[130.43106,31.60797],[130.43077,31.60788],[130.43076,31.60785],[130.43073,31.60776],[130.43032,31.60766],[130.43031,31.60752],[130.42997,31.60725],[130.42968,31.60712],[130.42954,31.60712],[130.42805,31.60789],[130.42791,31.60798],[130.42768,31.60839],[130.42752,31.60863],[130.42748,31.60864],[130.42739,31.60866],[130.42734,31.60867],[130.42734,31.60867],[130.42732,31.60867],[130.42731,31.60867],[130.42731,31.60867],[130.42731,31.60866],[130.42729,31.60866],[130.42728,31.60866],[130.42727,31.60866],[130.42725,31.60864],[130.42722,31.60861],[130.42719,31.60858],[130.42719,31.60858],[130.42717,31.60856],[130.42714,31.60853],[130.42705,31.60846],[130.42705,31.60846],[130.42702,31.60844],[130.427,31.60842],[130.42699,31.60841],[130.42699,31.60841],[130.42686,31.60832],[130.42687,31.60832],[130.42686,31.60832],[130.42686,31.60832],[130.42686,31.60831],[130.42686,31.60831],[130.42685,31.60831],[130.42685,31.6083],[130.42684,31.6083],[130.42683,31.60829],[130.42683,31.60829],[130.42683,31.60829],[130.42681,31.60827],[130.42679,31.60825],[130.42678,31.60824],[130.42678,31.60823],[130.42676,31.60818],[130.42676,31.60814],[130.42676,31.60811],[130.42676,31.6081],[130.42676,31.6081],[130.42678,31.60809],[130.42683,31.60804],[130.42701,31.60784],[130.4271,31.60768],[130.42715,31.60755],[130.42714,31.60744],[130.42711,31.60732],[130.42701,31.60723],[130.42697,31.60721],[130.42693,31.60724],[130.42689,31.60725],[130.42681,31.60728],[130.42668,31.60733],[130.42663,31.60733],[130.42659,31.60732],[130.42656,31.6073],[130.4265,31.60751],[130.42642,31.60756],[130.42635,31.6077],[130.42628,31.60787],[130.42623,31.60792],[130.42632,31.60804],[130.42623,31.60804],[130.42619,31.60797],[130.42617,31.60794],[130.42615,31.60792],[130.42602,31.60788],[130.42592,31.6078],[130.42584,31.60763],[130.4258,31.60741],[130.42581,31.60731],[130.42584,31.60725],[130.42611,31.60713],[130.42629,31.60703],[130.42642,31.60689],[130.4266,31.60682],[130.42682,31.60671],[130.42704,31.60666],[130.42712,31.60666],[130.42714,31.60664],[130.42718,31.60662],[130.4272,31.6066],[130.42722,31.60658],[130.42725,31.60657],[130.42727,31.60656],[130.42731,31.60657],[130.42733,31.60659],[130.42738,31.60666],[130.4274,31.60668],[130.42741,31.60671],[130.42743,31.60673],[130.42745,31.60675],[130.42746,31.60676],[130.42748,31.60677],[130.42748,31.60677],[130.42748,31.60677],[130.42748,31.60677],[130.4275,31.60677],[130.42751,31.60677],[130.42752,31.60677],[130.42752,31.60677],[130.42761,31.60674],[130.42765,31.6067],[130.42774,31.60649],[130.42781,31.60621],[130.42777,31.60584],[130.42776,31.60563],[130.42786,31.60533],[130.42806,31.60516],[130.4284,31.60496],[130.4284,31.60489],[130.42833,31.60474],[130.42831,31.60452],[130.42817,31.60444],[130.42801,31.60439],[130.42775,31.60445],[130.42763,31.60433],[130.42755,31.60433],[130.427,31.60473],[130.42687,31.60485],[130.42658,31.60489],[130.42631,31.60492],[130.42606,31.60494],[130.42594,31.60495],[130.42573,31.60479],[130.42551,31.60499],[130.42535,31.60536],[130.42515,31.60551],[130.42504,31.60562],[130.42481,31.60588],[130.42472,31.60602],[130.42472,31.60602],[130.42468,31.6061],[130.42463,31.60618],[130.42462,31.6062],[130.42461,31.60622],[130.4246,31.60623],[130.42459,31.60626],[130.42458,31.60627],[130.42458,31.60627],[130.42457,31.60631],[130.42456,31.60633],[130.42456,31.60634],[130.42456,31.60635],[130.42456,31.60638],[130.42456,31.60639],[130.42456,31.60641],[130.42457,31.60643],[130.42458,31.60646],[130.42459,31.60647],[130.4246,31.60649],[130.4246,31.60649],[130.42462,31.6065],[130.42463,31.60652],[130.42465,31.60654],[130.42469,31.60657],[130.42471,31.6066],[130.42473,31.60662],[130.42475,31.60664],[130.42477,31.60669],[130.42477,31.6067],[130.42474,31.60671],[130.4247,31.60671],[130.42466,31.6067],[130.42462,31.60669],[130.42458,31.60668],[130.42457,31.60668],[130.42455,31.60667],[130.42453,31.60666],[130.42451,31.60665],[130.42449,31.60664],[130.42449,31.60664],[130.42448,31.60663],[130.42447,31.60663],[130.42447,31.60663],[130.42446,31.60662],[130.42445,31.60662],[130.42444,31.60662],[130.42443,31.60661],[130.42443,31.60661],[130.42443,31.60661],[130.42442,31.60661],[130.42441,31.6066],[130.42441,31.6066],[130.4244,31.6066],[130.4244,31.6066],[130.42439,31.6066],[130.42438,31.60659],[130.42434,31.60658],[130.42434,31.60658],[130.42434,31.60657],[130.42433,31.60657],[130.42432,31.60657],[130.4243,31.60656],[130.42429,31.60655],[130.42427,31.60654],[130.42425,31.60653],[130.42425,31.60653],[130.42425,31.60652],[130.42425,31.60652],[130.42425,31.60652],[130.42425,31.60652],[130.42424,31.60652],[130.42424,31.60651],[130.42423,31.6065],[130.42422,31.60648],[130.42421,31.60645],[130.42421,31.60642],[130.42422,31.60636],[130.42422,31.60635],[130.42422,31.60635],[130.42422,31.60633],[130.42422,31.60632],[130.42422,31.60632],[130.42422,31.60632],[130.42422,31.60631],[130.42422,31.6063],[130.42422,31.60629],[130.42422,31.60628],[130.42422,31.60628],[130.42423,31.60627],[130.42423,31.60627],[130.42423,31.60626],[130.42423,31.60625],[130.42423,31.60624],[130.42423,31.6062],[130.42423,31.6062],[130.42423,31.60619],[130.42423,31.60616],[130.42424,31.60612],[130.42426,31.60607],[130.42426,31.60605],[130.42427,31.60603],[130.42428,31.60602],[130.42429,31.60598],[130.42429,31.60598],[130.42431,31.60594],[130.42431,31.60594],[130.42433,31.60591],[130.42434,31.60589],[130.42435,31.60587],[130.42437,31.60583],[130.42444,31.60573],[130.42463,31.6055],[130.42492,31.60532],[130.42501,31.60517],[130.42503,31.60508],[130.42499,31.60499],[130.42495,31.60472],[130.42493,31.60452],[130.4249,31.60443],[130.4248,31.60432],[130.42471,31.6042],[130.42468,31.60409],[130.42479,31.60368],[130.42488,31.60321],[130.42493,31.60282],[130.42501,31.60261],[130.42501,31.60255],[130.42499,31.60251],[130.42494,31.60246],[130.42478,31.60236],[130.42452,31.60226],[130.42426,31.60216],[130.42403,31.60209],[130.42387,31.60206],[130.42271,31.60194],[130.42242,31.60194],[130.42232,31.60194],[130.42223,31.60187],[130.42241,31.60165],[130.42223,31.60154],[130.42162,31.6014],[130.42144,31.60142],[130.42133,31.60162],[130.4213,31.60196],[130.42123,31.60204],[130.42091,31.60218],[130.42073,31.60229],[130.42062,31.60239],[130.42051,31.60251],[130.42049,31.60263],[130.42055,31.60285],[130.42058,31.60297],[130.42055,31.60306],[130.42041,31.60309],[130.42001,31.60309],[130.4196,31.60304],[130.4193,31.60293],[130.41909,31.60271],[130.41896,31.60273],[130.41885,31.60292],[130.41874,31.60307],[130.41869,31.6031],[130.41862,31.60312],[130.41859,31.60313],[130.41857,31.60312],[130.41857,31.60309],[130.41858,31.60304],[130.41862,31.60293],[130.41867,31.6028],[130.41871,31.60267],[130.41871,31.60259],[130.41871,31.60253],[130.41868,31.60245],[130.41865,31.60239],[130.41855,31.6023],[130.41844,31.6022],[130.41829,31.6021],[130.41815,31.60203],[130.41798,31.60195],[130.41789,31.60189],[130.41783,31.60183],[130.41781,31.60179],[130.41781,31.60174],[130.41782,31.60167],[130.41791,31.60153],[130.41795,31.60141],[130.41795,31.60133],[130.41794,31.60123],[130.41792,31.6011],[130.41789,31.60102],[130.41779,31.60086],[130.41773,31.60077],[130.4177,31.60071],[130.4177,31.60065],[130.41776,31.60059],[130.4178,31.6005],[130.4178,31.60042],[130.41777,31.60035],[130.41769,31.60023],[130.41755,31.60011],[130.41746,31.60007],[130.41739,31.60006],[130.41727,31.60007],[130.41699,31.60008],[130.41681,31.60007],[130.41668,31.60005],[130.41658,31.59999],[130.41642,31.5999],[130.41636,31.59988],[130.41628,31.59988],[130.416,31.59989],[130.41577,31.59985],[130.41544,31.5997],[130.41491,31.5997],[130.41493,31.59994],[130.41529,31.60137],[130.41531,31.60194],[130.41507,31.60319],[130.41491,31.60373],[130.41455,31.60454],[130.41439,31.60494],[130.41406,31.60575],[130.41382,31.60608],[130.41323,31.6074],[130.41306,31.60788],[130.41297,31.60852],[130.41299,31.60895],[130.41299,31.60914],[130.41282,31.60978],[130.41284,31.61067],[130.41269,31.61092],[130.41255,31.61103],[130.41227,31.61114],[130.41137,31.61134],[130.41056,31.61163],[130.41027,31.61172],[130.41005,31.61174],[130.40973,31.61173],[130.4085,31.61166],[130.4067,31.61179],[130.40476,31.61212],[130.40428,31.61228],[130.40236,31.61307],[130.40203,31.61319],[130.40178,31.61319],[130.40153,31.6131],[130.40114,31.61279],[130.401,31.61253],[130.40095,31.61241],[130.401,31.61225],[130.40127,31.61209],[130.40152,31.61186],[130.40165,31.61165],[130.40164,31.61143],[130.40149,31.61104],[130.40142,31.61083],[130.40116,31.61031],[130.40109,31.60805],[130.40085,31.60766],[130.39981,31.6063],[130.39959,31.60592],[130.39942,31.60489],[130.39943,31.60464],[130.40005,31.60303],[130.40007,31.60296],[130.39998,31.60296],[130.39989,31.60296],[130.39981,31.60297],[130.3997,31.60299],[130.3996,31.60303],[130.39923,31.60329],[130.39882,31.60347],[130.39853,31.60355],[130.39819,31.60361],[130.39768,31.60363],[130.39728,31.60361],[130.39696,31.60374],[130.39617,31.60421],[130.39577,31.6046],[130.39546,31.605],[130.39498,31.6057],[130.39476,31.60621],[130.39468,31.60651],[130.3946,31.60679],[130.39461,31.60738],[130.39459,31.60771],[130.39451,31.60785],[130.3943,31.60813],[130.394,31.60837],[130.39366,31.60864],[130.39343,31.60903],[130.39343,31.60938],[130.39354,31.60965],[130.39364,31.61014],[130.39363,31.61048],[130.39343,31.61102],[130.39329,31.61139],[130.39303,31.61193],[130.39254,31.61268],[130.3923,31.61294],[130.39163,31.61328],[130.39129,31.61356],[130.39114,31.61375],[130.39098,31.61395],[130.39066,31.61477],[130.39067,31.61501],[130.39079,31.61541],[130.39097,31.61588],[130.39109,31.61594],[130.39116,31.61594],[130.3914,31.61579],[130.39157,31.6155],[130.39186,31.61495],[130.3926,31.61463],[130.39264,31.61466],[130.39252,31.61503],[130.39237,31.61528],[130.3921,31.61561],[130.39145,31.61622],[130.39082,31.61669],[130.39067,31.61696],[130.39069,31.61716],[130.3908,31.61736],[130.39095,31.61755],[130.39113,31.61791],[130.39119,31.61801],[130.39123,31.61806],[130.39126,31.61808],[130.39131,31.61807],[130.39142,31.61799],[130.39155,31.61789],[130.39172,31.61784],[130.39188,31.61786],[130.39188,31.61794],[130.39167,31.61841],[130.39132,31.6188],[130.39089,31.61976],[130.3907,31.62046],[130.39069,31.62061],[130.39065,31.62059],[130.39062,31.62059],[130.39054,31.62064],[130.39041,31.6207],[130.39005,31.62084],[130.38995,31.62087],[130.38992,31.62084],[130.38994,31.62079],[130.38998,31.62073],[130.38998,31.62068],[130.38989,31.62058],[130.38976,31.62047],[130.38962,31.62037],[130.3895,31.62032],[130.38939,31.62021],[130.38932,31.62004],[130.38923,31.62],[130.38908,31.62002],[130.38876,31.62011],[130.38839,31.62035],[130.38784,31.62068],[130.38734,31.62122],[130.38696,31.62172],[130.38686,31.62197],[130.38684,31.6224],[130.38691,31.62296],[130.38696,31.62312],[130.38731,31.62317],[130.38754,31.62322],[130.38784,31.62339],[130.38832,31.62381],[130.38899,31.62454],[130.38962,31.62515],[130.38984,31.62543],[130.38988,31.62554],[130.39001,31.62558],[130.39014,31.62567],[130.39035,31.62585],[130.39076,31.6261],[130.39096,31.62618],[130.39125,31.62622],[130.3918,31.62625],[130.39208,31.62629],[130.39221,31.62635],[130.39235,31.62647],[130.39317,31.62732],[130.39346,31.62765],[130.39361,31.62785],[130.39371,31.62811],[130.39381,31.62833],[130.39449,31.62803],[130.39529,31.62768],[130.39677,31.62701],[130.39682,31.62699],[130.39703,31.6276],[130.39749,31.62751],[130.39775,31.6274],[130.39848,31.62707],[130.39885,31.62774],[130.39867,31.62798],[130.39847,31.62812],[130.39809,31.62835],[130.39776,31.62844],[130.39743,31.62849],[130.39697,31.62851],[130.3965,31.62851],[130.39668,31.62858],[130.39687,31.62873],[130.39712,31.62893],[130.39725,31.62899],[130.39751,31.62906],[130.39766,31.6291],[130.39807,31.62909],[130.39861,31.62902],[130.3993,31.62883],[130.39953,31.62875],[130.39965,31.62871],[130.39974,31.62869]]]}},{"type":"Feature","properties":{"name":"伊集院町大田","setai":243,"jinko":506,"key":"462160020","units":1},"geometry":{"type":"Polygon","coordinates":[[[130.38238,31.63144],[130.38311,31.6313],[130.38404,31.63124],[130.38428,31.63122],[130.38438,31.63116],[130.38437,31.63103],[130.3841,31.63049],[130.38408,31.63034],[130.38417,31.63026],[130.38434,31.63019],[130.38461,31.63022],[130.3848,31.63033],[130.38513,31.63056],[130.38565,31.63095],[130.3863,31.63152],[130.38669,31.63189],[130.38702,31.63205],[130.38751,31.63234],[130.38773,31.63256],[130.38775,31.63258],[130.38798,31.63298],[130.38816,31.63319],[130.38833,31.63331],[130.38852,31.63337],[130.38867,31.63337],[130.38883,31.63334],[130.38909,31.6333],[130.38943,31.63329],[130.38967,31.63322],[130.3899,31.63309],[130.39004,31.63297],[130.39025,31.63267],[130.39069,31.6318],[130.39054,31.63173],[130.39046,31.63168],[130.39039,31.63148],[130.39039,31.63132],[130.39043,31.63107],[130.39057,31.63054],[130.39065,31.63036],[130.39098,31.62985],[130.39127,31.62957],[130.39146,31.62952],[130.39182,31.62948],[130.39229,31.62948],[130.39259,31.62943],[130.39339,31.62911],[130.39377,31.62897],[130.39405,31.62882],[130.39391,31.62855],[130.39381,31.62833],[130.39371,31.62811],[130.39361,31.62785],[130.39346,31.62765],[130.39317,31.62732],[130.39235,31.62647],[130.39221,31.62635],[130.39208,31.62629],[130.3918,31.62625],[130.39125,31.62622],[130.39096,31.62618],[130.39076,31.6261],[130.39035,31.62585],[130.39014,31.62567],[130.39001,31.62558],[130.38988,31.62554],[130.38984,31.62543],[130.38962,31.62515],[130.38899,31.62454],[130.38832,31.62381],[130.38784,31.62339],[130.38754,31.62322],[130.38731,31.62317],[130.38696,31.62312],[130.38683,31.62312],[130.38672,31.62316],[130.38656,31.62331],[130.38645,31.62348],[130.38638,31.62369],[130.38636,31.62389],[130.38637,31.6241],[130.38629,31.62439],[130.38614,31.62459],[130.38585,31.62471],[130.38564,31.62478],[130.38531,31.62474],[130.38499,31.62462],[130.38483,31.6245],[130.38458,31.62432],[130.38435,31.62405],[130.38393,31.62363],[130.38386,31.62339],[130.38376,31.62309],[130.38362,31.62297],[130.38344,31.62282],[130.38343,31.62262],[130.38352,31.62247],[130.38355,31.62234],[130.38356,31.62216],[130.38349,31.62195],[130.38348,31.62173],[130.38326,31.62108],[130.3826,31.62005],[130.38235,31.61981],[130.38166,31.61951],[130.38086,31.61921],[130.37978,31.61881],[130.37949,31.61878],[130.37931,31.61876],[130.37808,31.61877],[130.37749,31.61857],[130.37618,31.61803],[130.37487,31.6173],[130.37443,31.61695],[130.37429,31.61691],[130.37414,31.61687],[130.374,31.61689],[130.37388,31.61696],[130.37387,31.61704],[130.3739,31.61722],[130.37389,31.61728],[130.37387,31.61735],[130.37379,31.61743],[130.37366,31.61756],[130.3735,31.61777],[130.37341,31.61783],[130.37327,31.61782],[130.37303,31.6178],[130.37291,31.61784],[130.37266,31.61806],[130.37232,31.61831],[130.37114,31.61914],[130.37096,31.61923],[130.37079,31.61925],[130.37063,31.61922],[130.37052,31.61923],[130.3704,31.6193],[130.3704,31.6194],[130.37036,31.61952],[130.3703,31.6196],[130.37017,31.61968],[130.37006,31.61987],[130.36986,31.62002],[130.36986,31.62002],[130.36977,31.62011],[130.36964,31.62026],[130.3695,31.62033],[130.36936,31.62037],[130.36907,31.62044],[130.36889,31.62051],[130.36866,31.6207],[130.36851,31.62078],[130.36794,31.62103],[130.36774,31.62109],[130.36769,31.62114],[130.36759,31.6212],[130.36736,31.62127],[130.36714,31.62132],[130.36706,31.6214],[130.36699,31.62153],[130.3669,31.62165],[130.36676,31.62174],[130.36663,31.62177],[130.36655,31.62177],[130.36643,31.62175],[130.36623,31.62171],[130.36608,31.6217],[130.36594,31.6217],[130.36584,31.62171],[130.3658,31.62172],[130.36578,31.62175],[130.36576,31.62184],[130.36573,31.622],[130.36572,31.6223],[130.36569,31.6224],[130.36563,31.62249],[130.36546,31.62264],[130.36532,31.62281],[130.36508,31.62309],[130.36497,31.62313],[130.3647,31.62331],[130.36451,31.62346],[130.36422,31.62373],[130.36399,31.62395],[130.36387,31.62403],[130.36375,31.62408],[130.36354,31.62413],[130.36343,31.62417],[130.36335,31.62423],[130.36326,31.62432],[130.36309,31.62455],[130.363,31.62461],[130.36291,31.62464],[130.3627,31.62468],[130.36237,31.62476],[130.36184,31.62487],[130.36169,31.62492],[130.36158,31.62496],[130.36142,31.62508],[130.36139,31.6251],[130.36133,31.62517],[130.36124,31.62526],[130.36118,31.6253],[130.36112,31.62532],[130.36106,31.62532],[130.36092,31.6253],[130.36077,31.62529],[130.3606,31.62532],[130.36035,31.62538],[130.36027,31.62537],[130.36018,31.62534],[130.3601,31.62527],[130.36,31.62522],[130.35987,31.62517],[130.35976,31.62514],[130.35965,31.62513],[130.3595,31.62515],[130.35942,31.62519],[130.35935,31.62525],[130.35926,31.62539],[130.35916,31.62553],[130.35904,31.62564],[130.35893,31.62571],[130.35884,31.62574],[130.35875,31.62575],[130.35853,31.62573],[130.35842,31.62574],[130.35779,31.62561],[130.35764,31.62562],[130.35739,31.62563],[130.35723,31.62565],[130.35716,31.62568],[130.35709,31.62574],[130.35703,31.62581],[130.35697,31.6259],[130.3569,31.62622],[130.35684,31.62662],[130.35646,31.62681],[130.35629,31.62695],[130.3561,31.62706],[130.35579,31.62733],[130.35542,31.62755],[130.35506,31.6278],[130.35473,31.62798],[130.35445,31.62818],[130.35404,31.62853],[130.35351,31.62892],[130.35296,31.62924],[130.35272,31.62968],[130.35297,31.62977],[130.35342,31.6298],[130.35466,31.62976],[130.35539,31.62981],[130.3559,31.62993],[130.35628,31.63021],[130.35638,31.6305],[130.35629,31.63107],[130.35631,31.63123],[130.35643,31.63129],[130.35659,31.63133],[130.3568,31.63132],[130.35723,31.63113],[130.3574,31.63112],[130.35761,31.63124],[130.35783,31.63133],[130.35794,31.63136],[130.35812,31.63132],[130.35825,31.63117],[130.3583,31.63089],[130.35828,31.63002],[130.35839,31.6299],[130.35849,31.62988],[130.35869,31.62989],[130.35932,31.63006],[130.3597,31.63019],[130.35987,31.63032],[130.36,31.63045],[130.36,31.63065],[130.35984,31.63113],[130.35985,31.63129],[130.36,31.63153],[130.36023,31.63168],[130.36083,31.63194],[130.36136,31.63205],[130.36158,31.63204],[130.36181,31.63189],[130.36188,31.63158],[130.36195,31.63148],[130.3621,31.63148],[130.36267,31.63166],[130.36324,31.63184],[130.364,31.6319],[130.36439,31.63197],[130.36465,31.6322],[130.36513,31.63255],[130.3655,31.63267],[130.36603,31.63272],[130.36713,31.63264],[130.36754,31.63275],[130.36784,31.6329],[130.36792,31.63312],[130.36791,31.63333],[130.36772,31.63358],[130.36765,31.63387],[130.36763,31.634],[130.36768,31.63438],[130.36789,31.63454],[130.36807,31.63457],[130.36823,31.63457],[130.36849,31.63445],[130.36866,31.63431],[130.3688,31.6341],[130.36893,31.63394],[130.3691,31.63389],[130.36939,31.63385],[130.36982,31.63377],[130.37009,31.63367],[130.37028,31.63358],[130.37048,31.63341],[130.37072,31.63309],[130.37091,31.63276],[130.37095,31.63255],[130.37095,31.63239],[130.37089,31.63216],[130.37074,31.63193],[130.37057,31.63167],[130.37054,31.63153],[130.37055,31.63145],[130.37063,31.63135],[130.37074,31.63128],[130.37083,31.63125],[130.37099,31.63125],[130.37127,31.63128],[130.37157,31.63134],[130.37191,31.63146],[130.37231,31.63172],[130.3724,31.63178],[130.37257,31.6319],[130.37283,31.63212],[130.3729,31.63215],[130.37295,31.63215],[130.37301,31.63215],[130.37317,31.63224],[130.37336,31.63233],[130.37375,31.63251],[130.37389,31.63259],[130.374,31.63264],[130.37403,31.63266],[130.37425,31.6328],[130.37449,31.63295],[130.3747,31.63311],[130.37477,31.63324],[130.37482,31.63341],[130.3749,31.63369],[130.37499,31.63401],[130.37509,31.6342],[130.37539,31.63447],[130.37554,31.63461],[130.37569,31.6348],[130.37578,31.63492],[130.37592,31.63507],[130.37602,31.63517],[130.37617,31.63526],[130.37631,31.63533],[130.37651,31.6354],[130.37666,31.63543],[130.37679,31.63544],[130.37705,31.63544],[130.37735,31.63541],[130.3777,31.63534],[130.37821,31.63521],[130.37856,31.6351],[130.37882,31.63498],[130.379,31.63486],[130.37931,31.63466],[130.37954,31.63452],[130.37961,31.63448],[130.37983,31.63432],[130.38023,31.63397],[130.38043,31.63354],[130.38068,31.63303],[130.38093,31.63246],[130.38116,31.6321],[130.38142,31.63187],[130.38151,31.63179],[130.38173,31.63165],[130.38203,31.63156],[130.38238,31.63144]]]}},{"type":"Feature","properties":{"name":"伊集院町飯牟礼","setai":257,"jinko":668,"key":"462160030","units":1},"geometry":{"type":"Polygon","coordinates":[[[130.38908,31.62002],[130.38923,31.62],[130.38932,31.62004],[130.38939,31.62021],[130.3895,31.62032],[130.38962,31.62037],[130.38976,31.62047],[130.38989,31.62058],[130.38998,31.62068],[130.38998,31.62073],[130.38994,31.62079],[130.38992,31.62084],[130.38995,31.62087],[130.39005,31.62084],[130.39041,31.6207],[130.39054,31.62064],[130.39062,31.62059],[130.39065,31.62059],[130.39069,31.62061],[130.3907,31.62046],[130.39089,31.61976],[130.39132,31.6188],[130.39167,31.61841],[130.39188,31.61794],[130.39188,31.61786],[130.39172,31.61784],[130.39155,31.61789],[130.39142,31.61799],[130.39131,31.61807],[130.39126,31.61808],[130.39123,31.61806],[130.39119,31.61801],[130.39113,31.61791],[130.39095,31.61755],[130.3908,31.61736],[130.39069,31.61716],[130.39067,31.61696],[130.39082,31.61669],[130.39145,31.61622],[130.3921,31.61561],[130.39237,31.61528],[130.39252,31.61503],[130.39264,31.61466],[130.3926,31.61463],[130.39186,31.61495],[130.39157,31.6155],[130.3914,31.61579],[130.39116,31.61594],[130.39109,31.61594],[130.39097,31.61588],[130.39079,31.61541],[130.39067,31.61501],[130.39066,31.61477],[130.39098,31.61395],[130.39114,31.61375],[130.39129,31.61356],[130.39163,31.61328],[130.3923,31.61294],[130.39254,31.61268],[130.39303,31.61193],[130.39329,31.61139],[130.39343,31.61102],[130.39363,31.61048],[130.39364,31.61014],[130.39354,31.60965],[130.39343,31.60938],[130.39343,31.60903],[130.39366,31.60864],[130.394,31.60837],[130.3943,31.60813],[130.39451,31.60785],[130.39459,31.60771],[130.39461,31.60738],[130.3946,31.60679],[130.39468,31.60651],[130.39476,31.60621],[130.39498,31.6057],[130.3949,31.60565],[130.39464,31.60537],[130.3944,31.60496],[130.39405,31.60422],[130.39375,31.60327],[130.3935,31.60239],[130.39347,31.60169],[130.39346,31.60152],[130.39356,31.60126],[130.39336,31.60141],[130.39306,31.60159],[130.39269,31.60172],[130.39254,31.60173],[130.39205,31.60174],[130.39207,31.6017],[130.39213,31.60166],[130.39221,31.60161],[130.3923,31.60156],[130.39243,31.60137],[130.39233,31.60133],[130.39206,31.60118],[130.3919,31.60105],[130.3917,31.6006],[130.39137,31.59986],[130.39112,31.59886],[130.39112,31.59854],[130.39118,31.59818],[130.39122,31.59782],[130.39121,31.59761],[130.39114,31.59751],[130.39099,31.59737],[130.39036,31.59726],[130.38974,31.59705],[130.38937,31.59683],[130.38932,31.5968],[130.3887,31.59674],[130.3884,31.59672],[130.38781,31.59679],[130.38756,31.59678],[130.38626,31.59679],[130.38558,31.59676],[130.38518,31.59666],[130.38497,31.59659],[130.38491,31.59677],[130.38477,31.5971],[130.38466,31.59734],[130.38454,31.59748],[130.38439,31.59755],[130.3842,31.59764],[130.3838,31.59775],[130.3834,31.59785],[130.38304,31.59797],[130.38275,31.59812],[130.38246,31.59836],[130.38204,31.59871],[130.38182,31.5989],[130.38173,31.59914],[130.38154,31.59977],[130.38147,31.59999],[130.38128,31.60025],[130.3811,31.60048],[130.38089,31.60072],[130.38078,31.60086],[130.38074,31.60094],[130.38073,31.60101],[130.38081,31.60112],[130.38091,31.60126],[130.38091,31.60133],[130.38091,31.60138],[130.38086,31.60152],[130.38078,31.60167],[130.38072,31.60178],[130.38065,31.60183],[130.38056,31.60187],[130.38045,31.60193],[130.3803,31.60204],[130.38021,31.60214],[130.38011,31.60232],[130.38006,31.60243],[130.38005,31.60253],[130.38005,31.60264],[130.38008,31.60274],[130.38013,31.60283],[130.3802,31.60292],[130.38028,31.60301],[130.38041,31.60313],[130.38053,31.60323],[130.38065,31.60333],[130.38073,31.60341],[130.38076,31.60347],[130.38078,31.60352],[130.38077,31.60357],[130.38074,31.60363],[130.38064,31.60374],[130.38053,31.60385],[130.38042,31.60397],[130.38025,31.60406],[130.38015,31.60414],[130.37988,31.60447],[130.37973,31.60459],[130.37961,31.60465],[130.37951,31.6047],[130.37943,31.60474],[130.37925,31.6049],[130.37915,31.605],[130.37897,31.60513],[130.37886,31.60521],[130.37883,31.60524],[130.37877,31.60531],[130.37872,31.60544],[130.37866,31.60563],[130.37859,31.60576],[130.37843,31.60597],[130.37836,31.60608],[130.37833,31.60617],[130.3783,31.6065],[130.37826,31.60666],[130.37821,31.60679],[130.37816,31.6069],[130.37803,31.60702],[130.37791,31.60711],[130.37764,31.60723],[130.37749,31.6073],[130.37737,31.6074],[130.37705,31.60769],[130.37678,31.60781],[130.37669,31.6079],[130.37667,31.60803],[130.37672,31.6082],[130.37669,31.60834],[130.37659,31.6086],[130.37649,31.60879],[130.37637,31.60894],[130.37627,31.60903],[130.37609,31.60913],[130.37588,31.60919],[130.37559,31.60923],[130.37547,31.60928],[130.37536,31.60938],[130.37518,31.60965],[130.37502,31.61002],[130.37496,31.61026],[130.37492,31.61041],[130.37492,31.61054],[130.37493,31.61076],[130.37505,31.61119],[130.3752,31.61159],[130.37531,31.61187],[130.37537,31.61211],[130.37538,31.61245],[130.37537,31.61283],[130.37538,31.61327],[130.37543,31.61359],[130.37534,31.6137],[130.37518,31.61389],[130.37506,31.6141],[130.375,31.61425],[130.37499,31.61437],[130.37501,31.61455],[130.37503,31.61473],[130.37503,31.61484],[130.37501,31.61493],[130.37498,31.61498],[130.37492,31.61503],[130.3747,31.61516],[130.3745,31.61531],[130.37445,31.61534],[130.3744,31.61538],[130.37439,31.61541],[130.37438,31.61544],[130.37438,31.61547],[130.37445,31.6156],[130.3745,31.61568],[130.37454,31.61576],[130.37455,31.61582],[130.37456,31.6159],[130.37454,31.61601],[130.37454,31.61609],[130.37462,31.61611],[130.37477,31.61614],[130.37488,31.61616],[130.37493,31.61618],[130.37496,31.61622],[130.37496,31.61624],[130.37496,31.61627],[130.37494,31.61631],[130.37489,31.61635],[130.37481,31.61638],[130.37473,31.61641],[130.3747,31.61644],[130.37467,31.61653],[130.37462,31.6166],[130.37458,31.61666],[130.37448,31.61673],[130.3744,31.61678],[130.37438,31.61683],[130.37438,31.61687],[130.37439,31.61691],[130.37443,31.61695],[130.37487,31.6173],[130.37618,31.61803],[130.37749,31.61857],[130.37808,31.61877],[130.37931,31.61876],[130.37949,31.61878],[130.37978,31.61881],[130.38086,31.61921],[130.38166,31.61951],[130.38235,31.61981],[130.3826,31.62005],[130.38326,31.62108],[130.38348,31.62173],[130.38349,31.62195],[130.38356,31.62216],[130.38355,31.62234],[130.38352,31.62247],[130.38343,31.62262],[130.38344,31.62282],[130.38362,31.62297],[130.38376,31.62309],[130.38386,31.62339],[130.38393,31.62363],[130.38435,31.62405],[130.38458,31.62432],[130.38483,31.6245],[130.38499,31.62462],[130.38531,31.62474],[130.38564,31.62478],[130.38585,31.62471],[130.38614,31.62459],[130.38629,31.62439],[130.38637,31.6241],[130.38636,31.62389],[130.38638,31.62369],[130.38645,31.62348],[130.38656,31.62331],[130.38672,31.62316],[130.38683,31.62312],[130.38696,31.62312],[130.38691,31.62296],[130.38684,31.6224],[130.38686,31.62197],[130.38696,31.62172],[130.38734,31.62122],[130.38784,31.62068],[130.38839,31.62035],[130.38876,31.62011],[130.38908,31.62002]]]}},{"type":"Feature","properties":{"name":"伊集院町古城","setai":79,"jinko":204,"key":"462160040","units":1},"geometry":{"type":"Polygon","coordinates":[[[130.39696,31.60374],[130.39728,31.60361],[130.39768,31.60363],[130.39819,31.60361],[130.39853,31.60355],[130.39882,31.60347],[130.39923,31.60329],[130.3996,31.60303],[130.3997,31.60299],[130.39981,31.60297],[130.39989,31.60296],[130.39998,31.60296],[130.40007,31.60296],[130.40028,31.60238],[130.40064,31.60111],[130.4007,31.60077],[130.40076,31.60016],[130.40082,31.6],[130.40082,31.59983],[130.40084,31.59952],[130.40088,31.59925],[130.40102,31.59877],[130.40239,31.59664],[130.40246,31.59655],[130.40242,31.59654],[130.40233,31.59647],[130.40219,31.59634],[130.40204,31.59615],[130.40188,31.59591],[130.40171,31.59551],[130.40165,31.59536],[130.40161,31.59531],[130.40155,31.5953],[130.40148,31.59532],[130.4014,31.5954],[130.40132,31.59545],[130.40126,31.59547],[130.4012,31.59547],[130.40115,31.59545],[130.40113,31.59541],[130.40113,31.59536],[130.40118,31.59523],[130.40125,31.59515],[130.40129,31.59511],[130.40129,31.59506],[130.40128,31.59504],[130.40121,31.59496],[130.40114,31.5949],[130.40112,31.59481],[130.40115,31.5947],[130.40121,31.59453],[130.40124,31.59439],[130.40122,31.59431],[130.40114,31.59417],[130.40101,31.59393],[130.4009,31.59376],[130.40082,31.59369],[130.40064,31.59363],[130.40047,31.59357],[130.40037,31.59351],[130.40032,31.59344],[130.40031,31.59339],[130.40035,31.59332],[130.40041,31.59322],[130.40045,31.59311],[130.40044,31.59302],[130.40041,31.59294],[130.40037,31.59286],[130.4003,31.5928],[130.40024,31.59279],[130.4002,31.59278],[130.40014,31.59282],[130.40001,31.59294],[130.3999,31.593],[130.39982,31.59303],[130.39963,31.59304],[130.39942,31.59306],[130.3993,31.59311],[130.39922,31.59309],[130.39897,31.59301],[130.39866,31.59292],[130.39849,31.59281],[130.39829,31.59268],[130.39821,31.59264],[130.39816,31.59261],[130.39811,31.5926],[130.39807,31.59261],[130.39803,31.59263],[130.398,31.59266],[130.39797,31.59273],[130.39796,31.59278],[130.39798,31.59284],[130.39803,31.59293],[130.39824,31.59325],[130.39823,31.59329],[130.39822,31.5933],[130.39821,31.59331],[130.39819,31.59331],[130.39809,31.59328],[130.39799,31.59324],[130.3979,31.59325],[130.3979,31.59336],[130.39791,31.59343],[130.39796,31.59355],[130.39783,31.59355],[130.39771,31.59356],[130.3976,31.59358],[130.39747,31.59361],[130.39736,31.59367],[130.3973,31.59371],[130.39726,31.59375],[130.39723,31.59385],[130.39726,31.59396],[130.39731,31.59416],[130.3973,31.59423],[130.39726,31.59428],[130.39718,31.59432],[130.39704,31.59436],[130.39678,31.59435],[130.3966,31.59429],[130.39639,31.59417],[130.39611,31.59398],[130.39595,31.59387],[130.39541,31.59362],[130.39507,31.59338],[130.39478,31.5931],[130.39448,31.59274],[130.39424,31.59253],[130.39412,31.59241],[130.39405,31.5923],[130.39402,31.59218],[130.39404,31.59195],[130.39406,31.59164],[130.39405,31.59156],[130.39398,31.59143],[130.39371,31.59114],[130.39349,31.59081],[130.3934,31.59061],[130.39335,31.59043],[130.39328,31.59019],[130.3932,31.59],[130.3931,31.58986],[130.3929,31.58969],[130.39254,31.58945],[130.39232,31.58931],[130.39204,31.589],[130.39127,31.58821],[130.39112,31.58803],[130.39102,31.58792],[130.39046,31.58728],[130.39059,31.58713],[130.39065,31.58703],[130.39066,31.58695],[130.39064,31.58685],[130.39057,31.58672],[130.39051,31.58661],[130.39051,31.5866],[130.3905,31.5866],[130.3905,31.58659],[130.3905,31.58659],[130.39049,31.58659],[130.39044,31.58652],[130.39039,31.58645],[130.39029,31.58634],[130.39021,31.58625],[130.39018,31.58621],[130.39014,31.58617],[130.39009,31.58612],[130.39007,31.58609],[130.39006,31.58608],[130.39005,31.58607],[130.39004,31.58606],[130.38976,31.5858],[130.3895,31.58559],[130.38947,31.58557],[130.38945,31.58555],[130.38944,31.58554],[130.38944,31.58553],[130.38933,31.58537],[130.38933,31.58537],[130.38933,31.58537],[130.38933,31.58537],[130.38933,31.58537],[130.38933,31.58537],[130.38933,31.58537],[130.38933,31.58537],[130.38933,31.58537],[130.38932,31.58537],[130.38932,31.58536],[130.38932,31.58536],[130.38932,31.58536],[130.38932,31.58536],[130.38932,31.58536],[130.38932,31.58536],[130.38932,31.58536],[130.38932,31.58536],[130.38932,31.58536],[130.38932,31.58535],[130.38932,31.58535],[130.38932,31.58535],[130.38932,31.58535],[130.38932,31.58535],[130.38931,31.58535],[130.38931,31.58535],[130.38931,31.58535],[130.38931,31.58535],[130.38931,31.58535],[130.38931,31.58535],[130.38931,31.58534],[130.38931,31.58534],[130.38931,31.58534],[130.38931,31.58534],[130.38931,31.58534],[130.38931,31.58534],[130.38931,31.58534],[130.38931,31.58534],[130.38931,31.58534],[130.38931,31.58534],[130.38931,31.58534],[130.38931,31.58534],[130.38931,31.58533],[130.3893,31.58533],[130.3893,31.58533],[130.3893,31.58533],[130.3893,31.58533],[130.3893,31.58533],[130.3893,31.58533],[130.3893,31.58533],[130.38928,31.58529],[130.38925,31.58524],[130.38924,31.58524],[130.38924,31.58523],[130.38923,31.58522],[130.38923,31.58521],[130.38922,31.5852],[130.38921,31.58519],[130.38921,31.58519],[130.3892,31.58518],[130.38918,31.58516],[130.38918,31.58514],[130.38917,31.58514],[130.38917,31.58513],[130.38916,31.58512],[130.38916,31.5851],[130.38916,31.58509],[130.38915,31.58508],[130.38915,31.58508],[130.38915,31.58507],[130.38915,31.58506],[130.38914,31.58503],[130.38913,31.58492],[130.38911,31.58485],[130.38907,31.58477],[130.38906,31.58475],[130.38905,31.58472],[130.38903,31.5847],[130.38902,31.58468],[130.38901,31.58466],[130.389,31.58465],[130.38899,31.58463],[130.38898,31.58462],[130.38898,31.58461],[130.3889,31.58451],[130.3888,31.58438],[130.38887,31.5845],[130.38892,31.58458],[130.38902,31.58471],[130.38907,31.58482],[130.38911,31.58494],[130.38912,31.58508],[130.38914,31.58518],[130.38919,31.58536],[130.38916,31.58557],[130.3891,31.58572],[130.38909,31.58573],[130.389,31.58589],[130.38891,31.58605],[130.38887,31.58611],[130.38876,31.58627],[130.38862,31.5865],[130.38851,31.58678],[130.38837,31.58696],[130.38818,31.58713],[130.38811,31.58725],[130.38803,31.58761],[130.38794,31.58777],[130.38791,31.58786],[130.38795,31.58795],[130.38796,31.58804],[130.38789,31.58813],[130.38775,31.58822],[130.3877,31.58824],[130.38764,31.58823],[130.38755,31.58819],[130.38746,31.58815],[130.38738,31.58815],[130.38732,31.58817],[130.38724,31.5882],[130.38719,31.58826],[130.38717,31.58834],[130.38718,31.58844],[130.38721,31.58854],[130.38725,31.5886],[130.38726,31.58865],[130.38725,31.58871],[130.3872,31.58879],[130.38712,31.58892],[130.38698,31.58907],[130.38693,31.58914],[130.38691,31.5892],[130.38692,31.58928],[130.38695,31.58943],[130.38695,31.58967],[130.38692,31.58991],[130.38681,31.59024],[130.3868,31.59044],[130.3868,31.59061],[130.38667,31.59111],[130.3866,31.59141],[130.38655,31.59158],[130.3864,31.59166],[130.38634,31.59173],[130.38585,31.5928],[130.38592,31.59282],[130.38594,31.59286],[130.38594,31.59291],[130.38591,31.59306],[130.38568,31.59375],[130.38595,31.5944],[130.38599,31.59459],[130.38598,31.59476],[130.38585,31.5949],[130.38537,31.59545],[130.38515,31.59571],[130.38503,31.59588],[130.38498,31.59603],[130.38498,31.59625],[130.38497,31.59659],[130.38518,31.59666],[130.38558,31.59676],[130.38626,31.59679],[130.38756,31.59678],[130.38781,31.59679],[130.3884,31.59672],[130.3887,31.59674],[130.38932,31.5968],[130.38937,31.59683],[130.38974,31.59705],[130.39036,31.59726],[130.39099,31.59737],[130.39114,31.59751],[130.39121,31.59761],[130.39122,31.59782],[130.39118,31.59818],[130.39112,31.59854],[130.39112,31.59886],[130.39137,31.59986],[130.3917,31.6006],[130.3919,31.60105],[130.39206,31.60118],[130.39233,31.60133],[130.39243,31.60137],[130.3923,31.60156],[130.39221,31.60161],[130.39213,31.60166],[130.39207,31.6017],[130.39205,31.60174],[130.39254,31.60173],[130.39269,31.60172],[130.39306,31.60159],[130.39336,31.60141],[130.39356,31.60126],[130.39346,31.60152],[130.39347,31.60169],[130.3935,31.60239],[130.39375,31.60327],[130.39405,31.60422],[130.3944,31.60496],[130.39464,31.60537],[130.3949,31.60565],[130.39498,31.6057],[130.39546,31.605],[130.39577,31.6046],[130.39617,31.60421],[130.39696,31.60374]]]}},{"type":"Feature","properties":{"name":"伊集院町恋之原","setai":80,"jinko":177,"key":"462160050","units":1},"geometry":{"type":"Polygon","coordinates":[[[130.4067,31.61179],[130.4085,31.61166],[130.40973,31.61173],[130.41005,31.61174],[130.41027,31.61172],[130.41056,31.61163],[130.41137,31.61134],[130.41227,31.61114],[130.41255,31.61103],[130.41269,31.61092],[130.41284,31.61067],[130.41282,31.60978],[130.41299,31.60914],[130.41299,31.60895],[130.41297,31.60852],[130.41306,31.60788],[130.41323,31.6074],[130.41382,31.60608],[130.41406,31.60575],[130.41439,31.60494],[130.41455,31.60454],[130.41491,31.60373],[130.41507,31.60319],[130.41531,31.60194],[130.41529,31.60137],[130.41493,31.59994],[130.41491,31.5997],[130.41478,31.5996],[130.41471,31.59952],[130.41466,31.59944],[130.41463,31.59937],[130.41466,31.59911],[130.4145,31.59888],[130.41446,31.59876],[130.41448,31.59868],[130.41456,31.59855],[130.41472,31.59837],[130.41487,31.59822],[130.4149,31.59816],[130.4149,31.59808],[130.41489,31.59801],[130.41487,31.59794],[130.4148,31.59787],[130.41465,31.59779],[130.41441,31.5977],[130.4143,31.59765],[130.41421,31.59756],[130.41411,31.59742],[130.41398,31.59721],[130.41385,31.5968],[130.41373,31.59634],[130.41369,31.59617],[130.41367,31.59602],[130.41369,31.59596],[130.41374,31.59593],[130.41384,31.59592],[130.41402,31.5959],[130.41446,31.59592],[130.41457,31.59593],[130.41464,31.59592],[130.41467,31.59589],[130.41467,31.59583],[130.41466,31.5958],[130.41453,31.59572],[130.41443,31.59558],[130.4143,31.59538],[130.41422,31.59525],[130.41405,31.59512],[130.41391,31.59501],[130.41385,31.5949],[130.41378,31.59459],[130.41375,31.59445],[130.41377,31.59429],[130.41381,31.59409],[130.41383,31.59397],[130.41381,31.59387],[130.41372,31.59379],[130.41365,31.59376],[130.41359,31.5939],[130.41355,31.59397],[130.41346,31.59405],[130.41342,31.59407],[130.41336,31.59407],[130.41327,31.59405],[130.41315,31.59403],[130.41308,31.59405],[130.41304,31.5941],[130.41302,31.5942],[130.41302,31.59434],[130.41301,31.59448],[130.413,31.59468],[130.41296,31.59483],[130.41288,31.595],[130.41278,31.59512],[130.41266,31.59525],[130.41251,31.59537],[130.41232,31.59549],[130.41213,31.59555],[130.41208,31.59556],[130.41197,31.59557],[130.41167,31.59558],[130.41143,31.59556],[130.41119,31.59549],[130.41086,31.59532],[130.4106,31.59517],[130.41042,31.59508],[130.41027,31.59506],[130.41017,31.59506],[130.41003,31.5951],[130.40996,31.59515],[130.40988,31.59523],[130.40982,31.59534],[130.40977,31.59544],[130.40969,31.59556],[130.40956,31.59571],[130.4094,31.59587],[130.40936,31.59592],[130.40934,31.59602],[130.40933,31.5962],[130.40931,31.59645],[130.4093,31.59662],[130.40929,31.59674],[130.40927,31.5968],[130.40919,31.59691],[130.40912,31.59698],[130.40908,31.59705],[130.40904,31.59713],[130.40904,31.59713],[130.40893,31.59727],[130.4089,31.59731],[130.40884,31.59734],[130.40879,31.59734],[130.4087,31.59734],[130.40861,31.59732],[130.40848,31.59728],[130.40843,31.59727],[130.4083,31.59728],[130.40819,31.59728],[130.40807,31.59727],[130.40793,31.5972],[130.40782,31.59712],[130.40775,31.59701],[130.40769,31.59685],[130.40766,31.59669],[130.40762,31.59658],[130.40756,31.59651],[130.40747,31.59645],[130.40737,31.59641],[130.40723,31.59638],[130.40713,31.59638],[130.40704,31.59633],[130.40696,31.59632],[130.40685,31.59633],[130.40672,31.59637],[130.40663,31.59624],[130.40651,31.59616],[130.40639,31.59611],[130.40625,31.59609],[130.40608,31.59607],[130.40587,31.59607],[130.40569,31.59609],[130.40548,31.59616],[130.40539,31.59618],[130.4053,31.59618],[130.40518,31.59613],[130.40498,31.59603],[130.40485,31.59596],[130.4047,31.59591],[130.40458,31.5959],[130.40448,31.59594],[130.40433,31.59599],[130.4041,31.59605],[130.40397,31.59607],[130.40382,31.59606],[130.40362,31.59602],[130.40342,31.59599],[130.40328,31.596],[130.40309,31.59604],[130.40293,31.59611],[130.40284,31.59616],[130.40272,31.59631],[130.4026,31.59648],[130.40254,31.59654],[130.40249,31.59655],[130.40246,31.59655],[130.40239,31.59664],[130.40102,31.59877],[130.40088,31.59925],[130.40084,31.59952],[130.40082,31.59983],[130.40082,31.6],[130.40076,31.60016],[130.4007,31.60077],[130.40064,31.60111],[130.40028,31.60238],[130.40007,31.60296],[130.40005,31.60303],[130.39943,31.60464],[130.39942,31.60489],[130.39959,31.60592],[130.39981,31.6063],[130.40085,31.60766],[130.40109,31.60805],[130.40116,31.61031],[130.40142,31.61083],[130.40149,31.61104],[130.40164,31.61143],[130.40165,31.61165],[130.40152,31.61186],[130.40127,31.61209],[130.401,31.61225],[130.40095,31.61241],[130.401,31.61253],[130.40114,31.61279],[130.40153,31.6131],[130.40178,31.61319],[130.40203,31.61319],[130.40236,31.61307],[130.40428,31.61228],[130.40476,31.61212],[130.4067,31.61179]]]}},{"type":"Feature","properties":{"name":"伊集院町徳重","setai":778,"jinko":2139,"key":"462160060","units":1},"geometry":{"type":"Polygon","coordinates":[[[130.3862,31.6395],[130.38635,31.63946],[130.38647,31.63947],[130.3866,31.63953],[130.38679,31.63963],[130.38691,31.63967],[130.38706,31.63966],[130.38733,31.63961],[130.38774,31.6395],[130.38837,31.63939],[130.38848,31.63941],[130.38866,31.63959],[130.38886,31.63951],[130.38901,31.63942],[130.38913,31.63924],[130.38923,31.63897],[130.38931,31.63879],[130.38941,31.63867],[130.38961,31.63856],[130.38973,31.63845],[130.38984,31.63825],[130.38994,31.63811],[130.39003,31.63805],[130.39028,31.63799],[130.39061,31.63788],[130.39067,31.63786],[130.39071,31.63822],[130.3908,31.63831],[130.39117,31.63852],[130.39141,31.63863],[130.39144,31.63867],[130.39148,31.63919],[130.39226,31.63905],[130.39245,31.63917],[130.39268,31.63929],[130.39293,31.63932],[130.39303,31.63931],[130.3932,31.63924],[130.39334,31.63918],[130.39347,31.63915],[130.3937,31.63913],[130.39371,31.63912],[130.39373,31.63913],[130.39396,31.63923],[130.39398,31.63921],[130.39436,31.63921],[130.39447,31.63921],[130.3945,31.63922],[130.39452,31.63924],[130.39454,31.63926],[130.39457,31.63931],[130.39461,31.63936],[130.39462,31.63938],[130.39478,31.6394],[130.3948,31.6394],[130.39513,31.63948],[130.39561,31.63958],[130.39568,31.6396],[130.39572,31.63958],[130.39572,31.63956],[130.39573,31.63942],[130.39573,31.63938],[130.39575,31.63929],[130.39579,31.63918],[130.39589,31.6391],[130.39605,31.639],[130.39624,31.63896],[130.39651,31.63895],[130.39677,31.63896],[130.39689,31.6388],[130.3971,31.6383],[130.39715,31.63817],[130.39718,31.63806],[130.39717,31.63797],[130.39711,31.63775],[130.39709,31.63771],[130.39701,31.63769],[130.39664,31.63774],[130.3963,31.63784],[130.39619,31.63785],[130.39594,31.63737],[130.39575,31.63699],[130.39566,31.63668],[130.39567,31.6366],[130.3957,31.63656],[130.39584,31.63651],[130.39599,31.63648],[130.39603,31.63638],[130.39608,31.63623],[130.39615,31.63602],[130.39624,31.63587],[130.39627,31.6358],[130.39623,31.63563],[130.39619,31.63547],[130.39618,31.63538],[130.39619,31.63533],[130.39621,31.63527],[130.39629,31.63517],[130.39635,31.63506],[130.39641,31.63488],[130.39649,31.63471],[130.39655,31.6346],[130.39663,31.63449],[130.39678,31.63436],[130.39693,31.63424],[130.39703,31.63418],[130.39723,31.63411],[130.39756,31.63398],[130.39765,31.63393],[130.39771,31.63389],[130.39776,31.63385],[130.39785,31.63376],[130.39794,31.63361],[130.39809,31.63381],[130.39825,31.63397],[130.39872,31.63361],[130.39868,31.63352],[130.39849,31.63288],[130.39845,31.63276],[130.39749,31.63297],[130.39698,31.63252],[130.39674,31.63232],[130.39654,31.63219],[130.39605,31.63193],[130.39601,31.63191],[130.39543,31.63151],[130.39526,31.63142],[130.39509,31.63136],[130.39505,31.63136],[130.39502,31.63137],[130.3948,31.63139],[130.39382,31.63151],[130.39376,31.63124],[130.39369,31.63088],[130.39395,31.63083],[130.3943,31.63071],[130.39487,31.6305],[130.39539,31.63031],[130.39637,31.63004],[130.39646,31.63001],[130.39667,31.62996],[130.39813,31.62961],[130.39856,31.62948],[130.39898,31.62935],[130.39921,31.62926],[130.39957,31.62906],[130.39982,31.6289],[130.40006,31.62868],[130.39992,31.62868],[130.39974,31.62869],[130.39965,31.62871],[130.39953,31.62875],[130.3993,31.62883],[130.39861,31.62902],[130.39807,31.62909],[130.39766,31.6291],[130.39751,31.62906],[130.39725,31.62899],[130.39712,31.62893],[130.39687,31.62873],[130.39668,31.62858],[130.3965,31.62851],[130.39697,31.62851],[130.39743,31.62849],[130.39776,31.62844],[130.39809,31.62835],[130.39847,31.62812],[130.39867,31.62798],[130.39885,31.62774],[130.39848,31.62707],[130.39775,31.6274],[130.39749,31.62751],[130.39703,31.6276],[130.39682,31.62699],[130.39677,31.62701],[130.39529,31.62768],[130.39449,31.62803],[130.39381,31.62833],[130.39391,31.62855],[130.39405,31.62882],[130.39377,31.62897],[130.39339,31.62911],[130.39259,31.62943],[130.39229,31.62948],[130.39182,31.62948],[130.39146,31.62952],[130.39127,31.62957],[130.39098,31.62985],[130.39065,31.63036],[130.39057,31.63054],[130.39043,31.63107],[130.39039,31.63132],[130.39039,31.63148],[130.39046,31.63168],[130.39054,31.63173],[130.39069,31.6318],[130.39025,31.63267],[130.39004,31.63297],[130.3899,31.63309],[130.38967,31.63322],[130.38943,31.63329],[130.38909,31.6333],[130.38883,31.63334],[130.38867,31.63337],[130.38852,31.63337],[130.38833,31.63331],[130.38816,31.63319],[130.38798,31.63298],[130.38775,31.63258],[130.38773,31.63256],[130.38751,31.63234],[130.38702,31.63205],[130.38669,31.63189],[130.3863,31.63152],[130.38565,31.63095],[130.38513,31.63056],[130.3848,31.63033],[130.38461,31.63022],[130.38434,31.63019],[130.38417,31.63026],[130.38408,31.63034],[130.3841,31.63049],[130.38437,31.63103],[130.38438,31.63116],[130.38428,31.63122],[130.38404,31.63124],[130.38311,31.6313],[130.38238,31.63144],[130.38203,31.63156],[130.38173,31.63165],[130.38151,31.63179],[130.38142,31.63187],[130.38116,31.6321],[130.38093,31.63246],[130.38068,31.63303],[130.38043,31.63354],[130.38023,31.63397],[130.37983,31.63432],[130.37961,31.63448],[130.38002,31.63495],[130.38063,31.63553],[130.38252,31.6368],[130.38325,31.63773],[130.38352,31.63808],[130.38453,31.63947],[130.38544,31.64064],[130.38571,31.64128],[130.38588,31.64153],[130.38619,31.64187],[130.38634,31.64192],[130.38614,31.6417],[130.38607,31.64155],[130.38599,31.64142],[130.38596,31.64134],[130.38592,31.64117],[130.38587,31.64103],[130.38583,31.64086],[130.38574,31.64046],[130.38573,31.64025],[130.38577,31.64004],[130.38583,31.63982],[130.38587,31.63975],[130.38609,31.63956],[130.3862,31.6395]]]}},{"type":"Feature","properties":{"name":"伊集院町徳重一丁目","setai":204,"jinko":542,"key":"46216006101","units":1},"geometry":{"type":"Polygon","coordinates":[[[130.40494,31.63299],[130.40501,31.63281],[130.40511,31.63269],[130.4052,31.63256],[130.40522,31.63249],[130.4052,31.63242],[130.40516,31.63234],[130.40511,31.63234],[130.40505,31.63236],[130.405,31.63236],[130.40496,31.63234],[130.40489,31.63225],[130.40475,31.63209],[130.40464,31.63196],[130.4046,31.63189],[130.40455,31.63179],[130.40446,31.63157],[130.40444,31.63141],[130.4039,31.63144],[130.40324,31.63148],[130.40324,31.63147],[130.4032,31.63084],[130.4032,31.63059],[130.40128,31.63054],[130.40049,31.63054],[130.40071,31.63225],[130.40082,31.63293],[130.40083,31.63293],[130.40171,31.63293],[130.40233,31.63293],[130.40262,31.63296],[130.40292,31.63302],[130.40329,31.63315],[130.40338,31.6332],[130.40358,31.63331],[130.40371,31.63341],[130.40375,31.63344],[130.40388,31.63354],[130.40409,31.63373],[130.40422,31.63386],[130.40441,31.63422],[130.40474,31.63483],[130.40484,31.635],[130.40499,31.63522],[130.40527,31.63558],[130.40546,31.63544],[130.40566,31.63518],[130.4059,31.63491],[130.40606,31.63473],[130.40562,31.63426],[130.40537,31.634],[130.40526,31.63388],[130.40509,31.63382],[130.40482,31.63376],[130.40481,31.63369],[130.40476,31.63356],[130.40476,31.63343],[130.40487,31.63318],[130.40494,31.63299]]]}},{"type":"Feature","properties":{"name":"伊集院町徳重二丁目","setai":74,"jinko":206,"key":"46216006102","units":1},"geometry":{"type":"Polygon","coordinates":[[[130.40053,31.63049],[130.40131,31.62863],[130.40109,31.62879],[130.40096,31.62884],[130.40085,31.62886],[130.40065,31.62882],[130.40034,31.62873],[130.40022,31.62869],[130.40006,31.62868],[130.39982,31.6289],[130.39957,31.62906],[130.39972,31.62913],[130.39984,31.62929],[130.39986,31.62946],[130.39985,31.62961],[130.39979,31.62984],[130.39959,31.63022],[130.39909,31.63147],[130.39905,31.63176],[130.39897,31.63202],[130.39888,31.63222],[130.3988,31.63232],[130.39878,31.63245],[130.39886,31.63262],[130.39909,31.63273],[130.39965,31.63286],[130.40067,31.63293],[130.40082,31.63293],[130.40071,31.63225],[130.40049,31.63054],[130.40053,31.63049]]]}},{"type":"Feature","properties":{"name":"伊集院町徳重三丁目","setai":140,"jinko":491,"key":"46216006103","units":1},"geometry":{"type":"Polygon","coordinates":[[[130.39749,31.63297],[130.39845,31.63276],[130.39849,31.63288],[130.39886,31.63262],[130.39878,31.63245],[130.3988,31.63232],[130.39888,31.63222],[130.39897,31.63202],[130.39905,31.63176],[130.39909,31.63147],[130.39959,31.63022],[130.39979,31.62984],[130.39985,31.62961],[130.39986,31.62946],[130.39984,31.62929],[130.39972,31.62913],[130.39957,31.62906],[130.39921,31.62926],[130.39898,31.62935],[130.39856,31.62948],[130.39813,31.62961],[130.39667,31.62996],[130.39646,31.63001],[130.39637,31.63004],[130.39539,31.63031],[130.39487,31.6305],[130.3943,31.63071],[130.39395,31.63083],[130.39369,31.63088],[130.39376,31.63124],[130.39382,31.63151],[130.3948,31.63139],[130.39502,31.63137],[130.39505,31.63136],[130.39509,31.63136],[130.39526,31.63142],[130.39543,31.63151],[130.39601,31.63191],[130.39605,31.63193],[130.39654,31.63219],[130.39674,31.63232],[130.39698,31.63252],[130.39749,31.63297]]]}},{"type":"Feature","properties":{"name":"伊集院町猪鹿倉","setai":948,"jinko":2607,"key":"462160070","units":2},"geometry":{"type":"MultiPolygon","coordinates":[[[[130.41239,31.63469],[130.41157,31.63363],[130.41128,31.6332],[130.41111,31.63295],[130.41105,31.6328],[130.4108,31.63182],[130.41119,31.63174],[130.4116,31.63162],[130.41186,31.63153],[130.4121,31.63142],[130.41229,31.63126],[130.41243,31.63108],[130.41249,31.63098],[130.41254,31.63077],[130.41252,31.63063],[130.41239,31.6304],[130.41227,31.63026],[130.41199,31.62997],[130.41177,31.62974],[130.41169,31.62955],[130.41165,31.62933],[130.41165,31.62914],[130.4117,31.62896],[130.41178,31.62882],[130.41195,31.62869],[130.41215,31.62856],[130.41234,31.62846],[130.41269,31.62844],[130.41317,31.62846],[130.41339,31.62705],[130.41418,31.62717],[130.41589,31.62657],[130.41632,31.62636],[130.41616,31.62606],[130.41558,31.626],[130.4155,31.62594],[130.41446,31.62589],[130.41436,31.62589],[130.41425,31.62581],[130.41401,31.62599],[130.41404,31.62608],[130.41372,31.62622],[130.41371,31.62618],[130.41366,31.62611],[130.41346,31.62605],[130.41327,31.62602],[130.41311,31.62592],[130.41296,31.62582],[130.41268,31.62557],[130.41246,31.62535],[130.41237,31.62524],[130.41226,31.62528],[130.41215,31.6253],[130.41203,31.62531],[130.41193,31.6253],[130.41186,31.62529],[130.41172,31.62523],[130.41149,31.62511],[130.41111,31.62493],[130.41057,31.62468],[130.41015,31.62448],[130.40971,31.62427],[130.40939,31.62412],[130.40908,31.62397],[130.40865,31.62376],[130.40844,31.62366],[130.40812,31.62351],[130.40786,31.62338],[130.40739,31.62318],[130.407,31.62304],[130.40676,31.623],[130.40657,31.62301],[130.40605,31.62313],[130.40559,31.62328],[130.40507,31.62347],[130.4046,31.6236],[130.40415,31.62382],[130.404,31.62389],[130.4037,31.62405],[130.40355,31.62414],[130.40325,31.62428],[130.40299,31.62433],[130.40251,31.62439],[130.40218,31.62449],[130.40153,31.6248],[130.40139,31.62548],[130.40135,31.62567],[130.40119,31.6265],[130.40112,31.62686],[130.40102,31.6272],[130.40094,31.62737],[130.40081,31.62767],[130.40068,31.62792],[130.40144,31.62804],[130.40142,31.62839],[130.40141,31.62844],[130.40139,31.62848],[130.40131,31.62863],[130.40169,31.62857],[130.40209,31.62845],[130.40239,31.62839],[130.40281,31.6284],[130.40303,31.62838],[130.40305,31.62855],[130.40319,31.62853],[130.40331,31.62854],[130.40345,31.62863],[130.40358,31.62875],[130.40367,31.62893],[130.40374,31.62904],[130.40383,31.62909],[130.404,31.62908],[130.40427,31.62908],[130.40452,31.62907],[130.40459,31.62908],[130.40465,31.62911],[130.40465,31.62914],[130.40466,31.62924],[130.40468,31.62949],[130.40472,31.62997],[130.40473,31.63027],[130.40474,31.63039],[130.40471,31.63042],[130.40469,31.63043],[130.40462,31.63042],[130.40454,31.63041],[130.4045,31.6304],[130.40439,31.63034],[130.40434,31.63028],[130.40431,31.63041],[130.40434,31.63051],[130.40438,31.63057],[130.4044,31.63068],[130.40439,31.63083],[130.40439,31.63097],[130.40442,31.63131],[130.40444,31.63141],[130.40446,31.63157],[130.40455,31.63179],[130.4046,31.63189],[130.40464,31.63196],[130.40475,31.63209],[130.40489,31.63225],[130.40496,31.63234],[130.405,31.63236],[130.40505,31.63236],[130.40511,31.63234],[130.40516,31.63234],[130.4052,31.63242],[130.40522,31.63249],[130.4052,31.63256],[130.40511,31.63269],[130.40501,31.63281],[130.40494,31.63299],[130.40487,31.63318],[130.40476,31.63343],[130.40476,31.63356],[130.40481,31.63369],[130.40482,31.63376],[130.40509,31.63382],[130.40526,31.63388],[130.40537,31.634],[130.40562,31.63426],[130.40606,31.63473],[130.40624,31.63461],[130.40644,31.63444],[130.40666,31.63427],[130.40681,31.63418],[130.40692,31.63414],[130.40704,31.63399],[130.40713,31.63397],[130.4073,31.63393],[130.40756,31.63394],[130.40776,31.63398],[130.40791,31.63402],[130.40814,31.63407],[130.40837,31.63408],[130.40854,31.63405],[130.40859,31.63401],[130.40861,31.63397],[130.40855,31.63386],[130.40843,31.63374],[130.40845,31.6337],[130.40853,31.63369],[130.4089,31.63373],[130.40924,31.63384],[130.40949,31.63394],[130.4098,31.63407],[130.4101,31.63423],[130.41048,31.63434],[130.41088,31.63447],[130.41136,31.63472],[130.41167,31.63486],[130.41187,31.635],[130.41205,31.63512],[130.41237,31.63527],[130.41262,31.6353],[130.41291,31.63538],[130.4131,31.63541],[130.41271,31.63506],[130.41239,31.63469]]],[[[130.40438,31.63057],[130.40434,31.63051],[130.40431,31.63041],[130.40434,31.63028],[130.40439,31.63034],[130.4045,31.6304],[130.40454,31.63041],[130.40462,31.63042],[130.40469,31.63043],[130.40471,31.63042],[130.40474,31.63039],[130.40473,31.63027],[130.40472,31.62997],[130.40468,31.62949],[130.40466,31.62924],[130.40465,31.62914],[130.40465,31.62911],[130.40459,31.62908],[130.40452,31.62907],[130.40427,31.62908],[130.404,31.62908],[130.40383,31.62909],[130.40374,31.62904],[130.40367,31.62893],[130.40358,31.62875],[130.40345,31.62863],[130.40331,31.62854],[130.40319,31.62853],[130.40305,31.62855],[130.40303,31.62838],[130.40281,31.6284],[130.40239,31.62839],[130.40209,31.62845],[130.40169,31.62857],[130.40131,31.62863],[130.40053,31.63049],[130.40049,31.63054],[130.40128,31.63054],[130.4032,31.63059],[130.4032,31.63084],[130.40324,31.63147],[130.40324,31.63148],[130.4039,31.63144],[130.40444,31.63141],[130.40442,31.63131],[130.40439,31.63097],[130.40439,31.63083],[130.4044,31.63068],[130.40438,31.63057]]]]}},{"type":"Feature","properties":{"name":"伊集院町清藤","setai":182,"jinko":425,"key":"462160080","units":1},"geometry":{"type":"Polygon","coordinates":[[[130.42413,31.6376],[130.4241,31.63752],[130.42403,31.63739],[130.42399,31.63726],[130.42398,31.63704],[130.42412,31.63689],[130.42453,31.63655],[130.42462,31.63642],[130.42461,31.63617],[130.42452,31.63601],[130.42432,31.63592],[130.42402,31.63586],[130.42365,31.63555],[130.42331,31.63513],[130.42307,31.63482],[130.42295,31.63409],[130.42298,31.63372],[130.42324,31.6334],[130.42355,31.63325],[130.42386,31.63314],[130.42407,31.63306],[130.42421,31.63298],[130.42455,31.63304],[130.42461,31.63305],[130.42485,31.63256],[130.42505,31.63207],[130.42563,31.63111],[130.42626,31.63039],[130.42857,31.62854],[130.42881,31.62865],[130.42907,31.62876],[130.42934,31.62885],[130.42951,31.6289],[130.4298,31.62895],[130.42993,31.62897],[130.43009,31.629],[130.4303,31.62906],[130.43053,31.62913],[130.43068,31.62916],[130.43077,31.62917],[130.43092,31.62918],[130.43107,31.62917],[130.43142,31.62914],[130.43156,31.62912],[130.43165,31.62912],[130.43171,31.62913],[130.4318,31.62914],[130.43192,31.62918],[130.43202,31.62923],[130.43229,31.62935],[130.43242,31.6294],[130.43258,31.62943],[130.43274,31.62945],[130.433,31.62947],[130.4333,31.62951],[130.4335,31.62953],[130.43365,31.62955],[130.43379,31.62958],[130.43402,31.62966],[130.43415,31.6297],[130.43428,31.62973],[130.43443,31.62978],[130.43452,31.62981],[130.43458,31.62985],[130.43462,31.62989],[130.4347,31.62997],[130.43476,31.63004],[130.43486,31.63013],[130.43498,31.6302],[130.43512,31.63027],[130.43537,31.63038],[130.4356,31.63049],[130.43578,31.63055],[130.43594,31.63063],[130.43624,31.63075],[130.43637,31.6308],[130.43649,31.63082],[130.43665,31.63083],[130.43689,31.63084],[130.43706,31.63086],[130.43722,31.63086],[130.43741,31.63084],[130.43762,31.6307],[130.43775,31.63065],[130.43775,31.63048],[130.43768,31.63027],[130.43764,31.63009],[130.43761,31.62996],[130.43759,31.62989],[130.4375,31.62981],[130.43742,31.62973],[130.43737,31.62965],[130.43734,31.62957],[130.43738,31.62951],[130.43741,31.62939],[130.43745,31.62925],[130.43734,31.62858],[130.43727,31.6283],[130.43706,31.62815],[130.43704,31.62811],[130.43697,31.62799],[130.43697,31.62777],[130.4369,31.6276],[130.43687,31.62747],[130.43688,31.62735],[130.43681,31.6273],[130.43654,31.62723],[130.43646,31.62718],[130.43645,31.62703],[130.43643,31.6268],[130.43644,31.62648],[130.43658,31.6261],[130.43612,31.6258],[130.43582,31.62561],[130.43544,31.62544],[130.43522,31.62544],[130.43501,31.62543],[130.43488,31.62539],[130.43471,31.62541],[130.43443,31.62555],[130.4343,31.6256],[130.43421,31.62562],[130.43413,31.62555],[130.43394,31.62527],[130.43393,31.62525],[130.43383,31.62518],[130.43347,31.62521],[130.43324,31.62524],[130.43308,31.62529],[130.43291,31.62529],[130.43274,31.62527],[130.43263,31.62534],[130.43247,31.62533],[130.43236,31.62532],[130.43227,31.62528],[130.43212,31.62524],[130.43202,31.62521],[130.43193,31.6252],[130.43186,31.6252],[130.43178,31.62522],[130.43169,31.62526],[130.43157,31.62534],[130.43141,31.62543],[130.43127,31.6255],[130.43112,31.62554],[130.43094,31.62554],[130.43083,31.62556],[130.43062,31.62568],[130.43049,31.62568],[130.43036,31.62564],[130.43016,31.62556],[130.42977,31.62538],[130.42958,31.62542],[130.42943,31.62542],[130.42917,31.62536],[130.42896,31.62531],[130.42876,31.62517],[130.4286,31.62499],[130.42851,31.6248],[130.42833,31.62485],[130.4282,31.6249],[130.4281,31.62502],[130.42796,31.62525],[130.42794,31.62527],[130.42779,31.62528],[130.42768,31.62523],[130.42762,31.62519],[130.4276,31.62508],[130.42766,31.62496],[130.42783,31.62478],[130.42796,31.62454],[130.428,31.62441],[130.42808,31.62437],[130.42823,31.62429],[130.4283,31.62421],[130.42833,31.62378],[130.4284,31.62346],[130.42836,31.6234],[130.42823,31.62334],[130.4281,31.62331],[130.42797,31.62331],[130.42779,31.62331],[130.42761,31.62331],[130.42739,31.62331],[130.42721,31.62329],[130.42707,31.62322],[130.4269,31.62313],[130.42681,31.62307],[130.42674,31.62301],[130.42666,31.623],[130.4265,31.62302],[130.4263,31.62304],[130.42612,31.62302],[130.42602,31.62296],[130.42594,31.62289],[130.4258,31.62263],[130.4257,31.62248],[130.42564,31.62244],[130.42551,31.62239],[130.42539,31.62243],[130.42525,31.62253],[130.42519,31.62264],[130.42516,31.62276],[130.42513,31.6229],[130.42514,31.623],[130.42514,31.62305],[130.4251,31.62312],[130.42503,31.62316],[130.4249,31.62319],[130.42474,31.6232],[130.42461,31.62317],[130.42439,31.62307],[130.42422,31.623],[130.42387,31.62276],[130.42376,31.62265],[130.42367,31.62253],[130.42367,31.62226],[130.42365,31.62222],[130.42336,31.62207],[130.42314,31.6219],[130.42301,31.62179],[130.42291,31.62159],[130.42291,31.62148],[130.4229,31.62114],[130.42291,31.6208],[130.4229,31.62039],[130.42286,31.62025],[130.42268,31.62012],[130.42249,31.62],[130.42232,31.61985],[130.42223,31.61966],[130.4222,31.61959],[130.42185,31.61936],[130.42178,31.61924],[130.42177,31.61897],[130.42189,31.61863],[130.42189,31.61854],[130.4217,31.61834],[130.4216,31.61821],[130.4216,31.61813],[130.42162,31.618],[130.42167,31.61763],[130.42169,31.61752],[130.42161,31.61734],[130.42151,31.61708],[130.42146,31.61698],[130.42152,31.61674],[130.42156,31.6165],[130.42155,31.61625],[130.42153,31.61603],[130.42136,31.61612],[130.42118,31.61623],[130.42105,31.6163],[130.42094,31.61631],[130.42078,31.61629],[130.42056,31.61627],[130.42038,31.61626],[130.42022,31.61626],[130.42001,31.61621],[130.41981,31.6161],[130.41962,31.61603],[130.41943,31.61602],[130.41917,31.61609],[130.41893,31.61623],[130.41866,31.61643],[130.41849,31.61652],[130.41796,31.6166],[130.41775,31.61667],[130.41755,31.61678],[130.41727,31.61696],[130.41684,31.61727],[130.41655,31.61737],[130.41607,31.6175],[130.4156,31.61767],[130.41516,31.6179],[130.41462,31.61817],[130.41429,31.61831],[130.41374,31.61849],[130.41337,31.61862],[130.41322,31.61869],[130.41316,31.6188],[130.41311,31.61901],[130.41306,31.61946],[130.41288,31.61964],[130.41267,31.61969],[130.41235,31.61975],[130.4119,31.61986],[130.41166,31.61997],[130.41148,31.62013],[130.4113,31.62035],[130.41121,31.6205],[130.41109,31.62056],[130.41075,31.62067],[130.41066,31.62078],[130.41054,31.6209],[130.41037,31.62102],[130.40998,31.62128],[130.40962,31.62146],[130.40932,31.62168],[130.4092,31.62177],[130.40912,31.62188],[130.40906,31.62199],[130.409,31.6222],[130.4089,31.62227],[130.40872,31.62232],[130.40852,31.62234],[130.4084,31.62238],[130.4083,31.62246],[130.40826,31.62258],[130.40821,31.62283],[130.40815,31.62297],[130.408,31.62317],[130.40786,31.62338],[130.40812,31.62351],[130.40844,31.62366],[130.40865,31.62376],[130.40908,31.62397],[130.40939,31.62412],[130.40971,31.62427],[130.41015,31.62448],[130.41057,31.62468],[130.41111,31.62493],[130.41149,31.62511],[130.41172,31.62523],[130.41186,31.62529],[130.41193,31.6253],[130.41203,31.62531],[130.41215,31.6253],[130.41226,31.62528],[130.41237,31.62524],[130.41246,31.62535],[130.41268,31.62557],[130.41296,31.62582],[130.41311,31.62592],[130.41327,31.62602],[130.41346,31.62605],[130.41366,31.62611],[130.41371,31.62618],[130.41372,31.62622],[130.41404,31.62608],[130.41401,31.62599],[130.41425,31.62581],[130.41436,31.62589],[130.41446,31.62589],[130.4155,31.62594],[130.41558,31.626],[130.41616,31.62606],[130.41632,31.62636],[130.41589,31.62657],[130.41418,31.62717],[130.41339,31.62705],[130.41317,31.62846],[130.41269,31.62844],[130.41234,31.62846],[130.41215,31.62856],[130.41195,31.62869],[130.41178,31.62882],[130.4117,31.62896],[130.41165,31.62914],[130.41165,31.62933],[130.41169,31.62955],[130.41177,31.62974],[130.41199,31.62997],[130.41227,31.63026],[130.41239,31.6304],[130.41252,31.63063],[130.41254,31.63077],[130.41249,31.63098],[130.41243,31.63108],[130.41229,31.63126],[130.4121,31.63142],[130.41186,31.63153],[130.4116,31.63162],[130.41119,31.63174],[130.4108,31.63182],[130.41105,31.6328],[130.41111,31.63295],[130.41128,31.6332],[130.41157,31.63363],[130.41239,31.63469],[130.41271,31.63506],[130.4131,31.63541],[130.41354,31.63574],[130.41406,31.63612],[130.41445,31.6364],[130.41482,31.63661],[130.41501,31.63672],[130.4153,31.63681],[130.41556,31.6369],[130.4159,31.63709],[130.41621,31.6372],[130.41646,31.63708],[130.41742,31.63641],[130.41864,31.63585],[130.41887,31.6357],[130.41911,31.63565],[130.41923,31.63567],[130.41944,31.63574],[130.41972,31.63587],[130.41993,31.63599],[130.41998,31.63603],[130.4201,31.63609],[130.4202,31.63614],[130.42106,31.63716],[130.4211,31.63727],[130.4211,31.63739],[130.42111,31.63752],[130.4212,31.63758],[130.42143,31.63772],[130.42163,31.6378],[130.42177,31.63781],[130.42187,31.63778],[130.42194,31.63776],[130.4221,31.63775],[130.42234,31.63782],[130.42245,31.63781],[130.42264,31.63769],[130.42275,31.63763],[130.42289,31.63759],[130.423,31.63758],[130.4231,31.6376],[130.42324,31.63769],[130.42335,31.63776],[130.42348,31.63782],[130.42357,31.63786],[130.42365,31.63797],[130.42371,31.63805],[130.42383,31.63814],[130.42392,31.63816],[130.424,31.63816],[130.42411,31.63813],[130.42421,31.63805],[130.42431,31.63797],[130.42432,31.63795],[130.42431,31.6379],[130.42427,31.63782],[130.42421,31.63774],[130.42413,31.6376]]]}},{"type":"Feature","properties":{"name":"伊集院町郡","setai":1096,"jinko":2527,"key":"46216009000","units":1},"geometry":{"type":"Polygon","coordinates":[[[130.41388,31.65017],[130.41411,31.65004],[130.41511,31.64946],[130.41558,31.64935],[130.41587,31.6492],[130.41724,31.6485],[130.41796,31.64802],[130.41839,31.64772],[130.41938,31.64698],[130.4195,31.64671],[130.41951,31.64666],[130.41952,31.6465],[130.41952,31.6462],[130.41947,31.6458],[130.41946,31.64542],[130.41954,31.64497],[130.41968,31.64455],[130.41973,31.64426],[130.41969,31.64383],[130.41952,31.64336],[130.41954,31.64326],[130.41963,31.64311],[130.41993,31.64277],[130.42002,31.64257],[130.42006,31.64194],[130.42009,31.64119],[130.42017,31.64083],[130.42029,31.64053],[130.42037,31.64045],[130.4206,31.6404],[130.42103,31.6404],[130.4211,31.64038],[130.42115,31.64033],[130.42115,31.64021],[130.42106,31.64007],[130.42077,31.63991],[130.42069,31.63981],[130.42069,31.63972],[130.42073,31.63963],[130.42079,31.63949],[130.42082,31.63932],[130.42077,31.63912],[130.42083,31.63877],[130.42094,31.63861],[130.42118,31.63848],[130.42149,31.63841],[130.42179,31.63835],[130.42189,31.6383],[130.42198,31.63816],[130.42199,31.63807],[130.42196,31.63797],[130.42192,31.63789],[130.42187,31.63778],[130.42177,31.63781],[130.42163,31.6378],[130.42143,31.63772],[130.4212,31.63758],[130.42111,31.63752],[130.4211,31.63739],[130.4211,31.63727],[130.42106,31.63716],[130.4202,31.63614],[130.4201,31.63609],[130.41998,31.63603],[130.41993,31.63599],[130.41972,31.63587],[130.41944,31.63574],[130.41923,31.63567],[130.41911,31.63565],[130.41887,31.6357],[130.41864,31.63585],[130.41742,31.63641],[130.41646,31.63708],[130.41621,31.6372],[130.4159,31.63709],[130.41556,31.6369],[130.4153,31.63681],[130.41501,31.63672],[130.41482,31.63661],[130.41445,31.6364],[130.41406,31.63612],[130.41354,31.63574],[130.4131,31.63541],[130.41291,31.63538],[130.41262,31.6353],[130.41237,31.63527],[130.41205,31.63512],[130.41187,31.635],[130.41167,31.63486],[130.41136,31.63472],[130.41088,31.63447],[130.41048,31.63434],[130.4101,31.63423],[130.4098,31.63407],[130.40949,31.63394],[130.40924,31.63384],[130.4089,31.63373],[130.40853,31.63369],[130.40845,31.6337],[130.40843,31.63374],[130.40855,31.63386],[130.40861,31.63397],[130.40859,31.63401],[130.40854,31.63405],[130.40837,31.63408],[130.40814,31.63407],[130.40791,31.63402],[130.40776,31.63398],[130.40756,31.63394],[130.4073,31.63393],[130.40713,31.63397],[130.40704,31.63399],[130.40692,31.63414],[130.40681,31.63418],[130.40666,31.63427],[130.40644,31.63444],[130.40624,31.63461],[130.40606,31.63473],[130.4059,31.63491],[130.40566,31.63518],[130.40546,31.63544],[130.40527,31.63558],[130.40518,31.63567],[130.40514,31.63599],[130.4051,31.63629],[130.40507,31.63647],[130.40501,31.63661],[130.40496,31.63671],[130.4049,31.63678],[130.4048,31.63683],[130.40468,31.63689],[130.40455,31.63691],[130.40445,31.63691],[130.4044,31.63689],[130.40437,31.63686],[130.40436,31.63678],[130.40434,31.63672],[130.40421,31.63667],[130.40403,31.63659],[130.40391,31.63649],[130.40386,31.63641],[130.40379,31.63633],[130.40378,31.63633],[130.40374,31.63631],[130.4037,31.6363],[130.4036,31.63629],[130.40347,31.63628],[130.40333,31.63625],[130.40319,31.63617],[130.4029,31.63601],[130.40267,31.63604],[130.40243,31.63615],[130.40237,31.63616],[130.40217,31.63612],[130.40204,31.63608],[130.40198,31.63604],[130.40179,31.63591],[130.40174,31.63589],[130.40126,31.63592],[130.40127,31.63596],[130.40128,31.63604],[130.40021,31.6353],[130.39953,31.63483],[130.39929,31.63469],[130.39887,31.6345],[130.3987,31.63442],[130.39852,31.63423],[130.39825,31.63397],[130.39809,31.63381],[130.39794,31.63361],[130.39785,31.63376],[130.39776,31.63385],[130.39771,31.63389],[130.39765,31.63393],[130.39756,31.63398],[130.39723,31.63411],[130.39703,31.63418],[130.39693,31.63424],[130.39678,31.63436],[130.39663,31.63449],[130.39655,31.6346],[130.39649,31.63471],[130.39641,31.63488],[130.39635,31.63506],[130.39629,31.63517],[130.39621,31.63527],[130.39619,31.63533],[130.39618,31.63538],[130.39619,31.63547],[130.39623,31.63563],[130.39627,31.6358],[130.39624,31.63587],[130.39615,31.63602],[130.39608,31.63623],[130.39603,31.63638],[130.39599,31.63648],[130.39584,31.63651],[130.3957,31.63656],[130.39567,31.6366],[130.39566,31.63668],[130.39575,31.63699],[130.39594,31.63737],[130.39619,31.63785],[130.3963,31.63784],[130.39664,31.63774],[130.39701,31.63769],[130.39709,31.63771],[130.39711,31.63775],[130.39717,31.63797],[130.39718,31.63806],[130.39715,31.63817],[130.3971,31.6383],[130.39689,31.6388],[130.39677,31.63896],[130.39682,31.63902],[130.39695,31.63912],[130.39705,31.63917],[130.39724,31.6392],[130.39752,31.63923],[130.39748,31.63934],[130.39758,31.63939],[130.39796,31.63922],[130.39832,31.63978],[130.39796,31.63996],[130.39859,31.64092],[130.39861,31.64095],[130.39886,31.64085],[130.39916,31.6409],[130.39958,31.64109],[130.40006,31.64131],[130.40026,31.6414],[130.40046,31.64157],[130.40071,31.64188],[130.40158,31.64291],[130.40168,31.64307],[130.402,31.6433],[130.40223,31.6434],[130.4025,31.64349],[130.40268,31.64354],[130.40289,31.6436],[130.40315,31.64373],[130.40322,31.64379],[130.40341,31.64393],[130.40343,31.64397],[130.40359,31.64419],[130.40367,31.64442],[130.4037,31.64461],[130.40368,31.64483],[130.40358,31.64522],[130.4066,31.64641],[130.40734,31.64685],[130.40768,31.64705],[130.40884,31.64802],[130.40953,31.64863],[130.41065,31.64927],[130.41142,31.64957],[130.4117,31.6497],[130.41207,31.64988],[130.41241,31.65005],[130.41266,31.65016],[130.41274,31.65013],[130.41292,31.65006],[130.41352,31.65019],[130.41388,31.65017]]]}},{"type":"Feature","properties":{"name":"伊集院町郡一丁目","setai":159,"jinko":376,"key":"46216009001","units":1},"geometry":{"type":"Polygon","coordinates":[[[130.4051,31.63629],[130.40514,31.63599],[130.40518,31.63567],[130.40527,31.63558],[130.40499,31.63522],[130.40484,31.635],[130.40474,31.63483],[130.40441,31.63422],[130.40422,31.63386],[130.40409,31.63373],[130.40388,31.63354],[130.40375,31.63344],[130.40371,31.63341],[130.40358,31.63331],[130.40338,31.6332],[130.40329,31.63315],[130.40292,31.63302],[130.40262,31.63296],[130.40233,31.63293],[130.40171,31.63293],[130.40083,31.63293],[130.40113,31.63504],[130.40126,31.63592],[130.40174,31.63589],[130.40179,31.63591],[130.40198,31.63604],[130.40204,31.63608],[130.40217,31.63612],[130.40237,31.63616],[130.40243,31.63615],[130.40267,31.63604],[130.4029,31.63601],[130.40319,31.63617],[130.40333,31.63625],[130.40347,31.63628],[130.4036,31.63629],[130.4037,31.6363],[130.40374,31.63631],[130.40378,31.63633],[130.40379,31.63633],[130.40386,31.63641],[130.40391,31.63649],[130.40403,31.63659],[130.40421,31.63667],[130.40434,31.63672],[130.40436,31.63678],[130.40437,31.63686],[130.4044,31.63689],[130.40445,31.63691],[130.40455,31.63691],[130.40468,31.63689],[130.4048,31.63683],[130.4049,31.63678],[130.40496,31.63671],[130.40501,31.63661],[130.40507,31.63647],[130.4051,31.63629]]]}},{"type":"Feature","properties":{"name":"伊集院町郡二丁目","setai":57,"jinko":151,"key":"46216009002","units":1},"geometry":{"type":"Polygon","coordinates":[[[130.40126,31.63592],[130.40113,31.63504],[130.40083,31.63293],[130.40082,31.63293],[130.40067,31.63293],[130.39965,31.63286],[130.39909,31.63273],[130.39886,31.63262],[130.39849,31.63288],[130.39868,31.63352],[130.39872,31.63361],[130.39825,31.63397],[130.39852,31.63423],[130.3987,31.63442],[130.39887,31.6345],[130.39929,31.63469],[130.39953,31.63483],[130.40021,31.6353],[130.40128,31.63604],[130.40127,31.63596],[130.40126,31.63592]]]}},{"type":"Feature","properties":{"name":"伊集院町土橋","setai":143,"jinko":317,"key":"462160100","units":1},"geometry":{"type":"Polygon","coordinates":[[[130.4496,31.64132],[130.44983,31.64093],[130.44977,31.64089],[130.44973,31.64086],[130.44962,31.64068],[130.44949,31.6405],[130.44944,31.64041],[130.44941,31.64033],[130.44941,31.64017],[130.44942,31.64005],[130.44946,31.63987],[130.44953,31.63962],[130.44959,31.63952],[130.44967,31.63943],[130.44979,31.63933],[130.44993,31.63924],[130.44998,31.63919],[130.45002,31.63914],[130.45005,31.63907],[130.45007,31.63898],[130.4501,31.63879],[130.45013,31.63874],[130.45022,31.63859],[130.45026,31.63851],[130.45027,31.63841],[130.45028,31.63829],[130.45026,31.63808],[130.45021,31.63786],[130.45027,31.63778],[130.45029,31.63768],[130.45029,31.63757],[130.45023,31.63749],[130.45007,31.6372],[130.45,31.6371],[130.44991,31.63701],[130.4498,31.6369],[130.44972,31.63682],[130.44965,31.63676],[130.44961,31.6367],[130.44957,31.63665],[130.44956,31.63655],[130.44956,31.63638],[130.44959,31.6362],[130.44963,31.6361],[130.44968,31.63603],[130.44974,31.636],[130.44981,31.63598],[130.44994,31.63596],[130.45003,31.63595],[130.4501,31.63595],[130.45013,31.63596],[130.45017,31.6359],[130.45031,31.63561],[130.45056,31.63489],[130.45078,31.63445],[130.45086,31.63422],[130.45087,31.63407],[130.45084,31.63389],[130.45076,31.63367],[130.45064,31.63351],[130.45041,31.63336],[130.45017,31.63326],[130.44998,31.63311],[130.44986,31.633],[130.44983,31.62994],[130.44984,31.62944],[130.44951,31.62944],[130.44858,31.62949],[130.44836,31.62951],[130.44825,31.62954],[130.44821,31.62958],[130.44816,31.62964],[130.44793,31.62972],[130.44764,31.62985],[130.44734,31.63003],[130.44699,31.63016],[130.44676,31.63023],[130.44608,31.63038],[130.44541,31.63052],[130.44517,31.63057],[130.44482,31.6306],[130.4444,31.6306],[130.44421,31.63056],[130.44399,31.63043],[130.44393,31.63038],[130.44359,31.63037],[130.44343,31.63037],[130.44331,31.63036],[130.44319,31.63032],[130.44292,31.63022],[130.44249,31.63001],[130.44234,31.62994],[130.44223,31.62989],[130.44217,31.62987],[130.44206,31.62986],[130.44179,31.62983],[130.44164,31.62982],[130.44149,31.62981],[130.44137,31.62981],[130.44128,31.62982],[130.4412,31.62983],[130.4411,31.62985],[130.44097,31.62989],[130.44085,31.62992],[130.44076,31.62993],[130.44062,31.62996],[130.44045,31.62998],[130.44026,31.63001],[130.43996,31.63004],[130.43983,31.63006],[130.43975,31.63007],[130.43966,31.63008],[130.43958,31.6301],[130.43949,31.63013],[130.43933,31.6302],[130.43912,31.6303],[130.43898,31.63036],[130.43887,31.63039],[130.43873,31.63042],[130.43852,31.63046],[130.4383,31.63051],[130.43813,31.63054],[130.43797,31.63058],[130.43786,31.63061],[130.43775,31.63065],[130.43762,31.6307],[130.43741,31.63084],[130.43722,31.63086],[130.43706,31.63086],[130.43689,31.63084],[130.43665,31.63083],[130.43649,31.63082],[130.43637,31.6308],[130.43624,31.63075],[130.43594,31.63063],[130.43578,31.63055],[130.4356,31.63049],[130.43537,31.63038],[130.43512,31.63027],[130.43498,31.6302],[130.43486,31.63013],[130.43476,31.63004],[130.4347,31.62997],[130.43462,31.62989],[130.43458,31.62985],[130.43452,31.62981],[130.43443,31.62978],[130.43428,31.62973],[130.43415,31.6297],[130.43402,31.62966],[130.43379,31.62958],[130.43365,31.62955],[130.4335,31.62953],[130.4333,31.62951],[130.433,31.62947],[130.43274,31.62945],[130.43258,31.62943],[130.43242,31.6294],[130.43229,31.62935],[130.43202,31.62923],[130.43192,31.62918],[130.4318,31.62914],[130.43171,31.62913],[130.43165,31.62912],[130.43156,31.62912],[130.43142,31.62914],[130.43107,31.62917],[130.43092,31.62918],[130.43077,31.62917],[130.43068,31.62916],[130.43053,31.62913],[130.4303,31.62906],[130.43009,31.629],[130.42993,31.62897],[130.4298,31.62895],[130.42951,31.6289],[130.42934,31.62885],[130.42907,31.62876],[130.42881,31.62865],[130.42857,31.62854],[130.42626,31.63039],[130.42563,31.63111],[130.42505,31.63207],[130.42485,31.63256],[130.42461,31.63305],[130.4252,31.63321],[130.42539,31.63333],[130.42567,31.63358],[130.42581,31.63362],[130.42603,31.63364],[130.42621,31.63379],[130.42636,31.63389],[130.42649,31.63391],[130.42664,31.63391],[130.42675,31.63389],[130.42685,31.63389],[130.42696,31.63396],[130.42736,31.63437],[130.42748,31.63456],[130.42761,31.63482],[130.42765,31.63493],[130.42784,31.63521],[130.4279,31.63526],[130.42802,31.6354],[130.42789,31.63545],[130.42778,31.63551],[130.42772,31.63558],[130.42769,31.63567],[130.42769,31.63577],[130.4277,31.63589],[130.42779,31.63587],[130.4279,31.6359],[130.42816,31.63599],[130.4282,31.63605],[130.42825,31.63611],[130.42832,31.63618],[130.42841,31.63625],[130.42859,31.63637],[130.42877,31.63647],[130.42896,31.6366],[130.42908,31.63668],[130.42919,31.63678],[130.42933,31.63693],[130.4294,31.6371],[130.4294,31.63727],[130.42936,31.63746],[130.42929,31.63779],[130.42934,31.63788],[130.42953,31.63809],[130.42977,31.6384],[130.43004,31.63865],[130.43027,31.63882],[130.43044,31.63889],[130.43064,31.6389],[130.431,31.63895],[130.43124,31.63897],[130.43139,31.639],[130.43151,31.63902],[130.43161,31.63906],[130.43175,31.6392],[130.43202,31.63939],[130.43223,31.6395],[130.43248,31.63959],[130.43266,31.63968],[130.4328,31.63981],[130.43286,31.63994],[130.43292,31.64013],[130.433,31.64028],[130.43307,31.64037],[130.43321,31.64045],[130.43337,31.64049],[130.43356,31.64053],[130.43365,31.64057],[130.43381,31.64072],[130.434,31.64089],[130.43414,31.64096],[130.43433,31.64096],[130.43458,31.64092],[130.43476,31.6409],[130.43497,31.64088],[130.43513,31.64088],[130.43529,31.64092],[130.43543,31.64097],[130.4356,31.64117],[130.43567,31.6413],[130.43567,31.64148],[130.43564,31.64172],[130.43566,31.64185],[130.43572,31.64196],[130.43589,31.64207],[130.43617,31.64218],[130.43644,31.64229],[130.43667,31.6424],[130.43676,31.6425],[130.43679,31.64263],[130.43672,31.64285],[130.43662,31.64319],[130.43658,31.64342],[130.4366,31.64354],[130.43669,31.64365],[130.43685,31.64377],[130.43693,31.64389],[130.43694,31.6441],[130.43695,31.64423],[130.437,31.64432],[130.4371,31.6444],[130.43738,31.64451],[130.43764,31.64458],[130.43784,31.6447],[130.43792,31.64475],[130.43796,31.64488],[130.43806,31.64502],[130.43832,31.64522],[130.43863,31.64553],[130.43886,31.64575],[130.43898,31.6459],[130.43904,31.6461],[130.43906,31.64631],[130.43911,31.64648],[130.43957,31.64671],[130.44026,31.64711],[130.44045,31.64725],[130.44064,31.64738],[130.44078,31.64749],[130.44097,31.64765],[130.44125,31.64793],[130.44129,31.64801],[130.44132,31.64805],[130.44136,31.64817],[130.44138,31.64834],[130.44141,31.64839],[130.4415,31.64843],[130.4417,31.64847],[130.4418,31.64849],[130.44185,31.64854],[130.44187,31.64867],[130.44187,31.6487],[130.44193,31.64889],[130.44199,31.64901],[130.44202,31.64907],[130.44211,31.64916],[130.44227,31.64928],[130.44236,31.64934],[130.44239,31.64937],[130.44243,31.64943],[130.44272,31.6495],[130.44288,31.64954],[130.44309,31.64961],[130.44318,31.64964],[130.44322,31.64963],[130.44329,31.64959],[130.44343,31.64904],[130.44354,31.64881],[130.44387,31.64853],[130.44404,31.64842],[130.44418,31.6483],[130.4442,31.64824],[130.44414,31.64794],[130.44398,31.64757],[130.44402,31.64735],[130.44411,31.64709],[130.44415,31.64669],[130.44416,31.64642],[130.44404,31.64621],[130.44395,31.64604],[130.44392,31.64591],[130.44394,31.64581],[130.44404,31.64563],[130.44421,31.64541],[130.44431,31.64525],[130.44433,31.64513],[130.4446,31.64489],[130.44466,31.64484],[130.44491,31.64468],[130.44508,31.6446],[130.44548,31.64434],[130.44579,31.64418],[130.44613,31.64404],[130.44655,31.64384],[130.44705,31.64362],[130.44723,31.64352],[130.44749,31.64341],[130.44767,31.64334],[130.44819,31.64299],[130.44841,31.64283],[130.44849,31.64276],[130.44872,31.64257],[130.44894,31.64233],[130.44914,31.64208],[130.44932,31.64184],[130.44948,31.64158],[130.4496,31.64132]]]}},{"type":"Feature","properties":{"name":"伊集院町中川","setai":131,"jinko":286,"key":"462160110","units":1},"geometry":{"type":"Polygon","coordinates":[[[130.44709,31.65897],[130.44711,31.65885],[130.44706,31.65877],[130.44704,31.65864],[130.4471,31.6585],[130.44725,31.65836],[130.44751,31.65819],[130.44763,31.65808],[130.44776,31.65791],[130.44787,31.65773],[130.44808,31.65749],[130.44844,31.65724],[130.44885,31.657],[130.44937,31.65674],[130.4496,31.65659],[130.44972,31.65644],[130.44983,31.65628],[130.45001,31.65609],[130.45027,31.65598],[130.45047,31.65587],[130.45062,31.65574],[130.45078,31.65558],[130.45098,31.6555],[130.45147,31.65544],[130.45206,31.65529],[130.45235,31.65523],[130.45259,31.65512],[130.45279,31.65502],[130.45297,31.65501],[130.4532,31.65494],[130.45352,31.65484],[130.45367,31.65483],[130.45419,31.65502],[130.45438,31.65501],[130.45449,31.65496],[130.45467,31.65474],[130.45488,31.6545],[130.45513,31.65437],[130.45529,31.6543],[130.45551,31.65427],[130.45571,31.6543],[130.45586,31.65439],[130.45626,31.65456],[130.45652,31.65466],[130.4567,31.65468],[130.4569,31.65472],[130.45715,31.65473],[130.45727,31.65472],[130.45741,31.65468],[130.45752,31.65461],[130.45782,31.65436],[130.45795,31.65431],[130.45805,31.65426],[130.45811,31.65426],[130.45818,31.65427],[130.45828,31.6543],[130.45841,31.65434],[130.45853,31.65433],[130.45863,31.65432],[130.45891,31.65422],[130.4593,31.654],[130.45963,31.65394],[130.45989,31.65387],[130.46011,31.65383],[130.46024,31.65378],[130.46069,31.6537],[130.46078,31.65326],[130.46079,31.65292],[130.46068,31.65222],[130.46065,31.65201],[130.46064,31.65192],[130.46061,31.65177],[130.46058,31.6516],[130.46053,31.65141],[130.4605,31.65132],[130.46047,31.65115],[130.46044,31.65103],[130.4604,31.65088],[130.46031,31.65051],[130.4603,31.65038],[130.46032,31.6503],[130.46036,31.65023],[130.46043,31.65015],[130.46053,31.6501],[130.46064,31.65005],[130.46071,31.65],[130.46078,31.64988],[130.46091,31.6497],[130.46119,31.64924],[130.46128,31.6491],[130.46139,31.6489],[130.46145,31.64887],[130.46151,31.6488],[130.46154,31.64868],[130.46157,31.64856],[130.46165,31.64845],[130.46174,31.64836],[130.46186,31.64825],[130.46194,31.64817],[130.46209,31.64807],[130.46218,31.64799],[130.46227,31.64784],[130.46235,31.64764],[130.46245,31.64731],[130.4625,31.64715],[130.46254,31.64706],[130.46267,31.64684],[130.46282,31.64664],[130.46294,31.6465],[130.463,31.64647],[130.4631,31.64645],[130.46319,31.64644],[130.46336,31.64643],[130.46342,31.6464],[130.46347,31.64637],[130.4635,31.64629],[130.46353,31.64622],[130.46354,31.64614],[130.46357,31.64605],[130.46363,31.64598],[130.4637,31.64593],[130.46379,31.6459],[130.46388,31.64587],[130.46397,31.64585],[130.46406,31.64583],[130.46417,31.64579],[130.46424,31.64558],[130.46426,31.64551],[130.46426,31.64541],[130.46423,31.64503],[130.46422,31.64495],[130.46422,31.64487],[130.46431,31.64465],[130.46438,31.64448],[130.46411,31.64422],[130.46394,31.64417],[130.4637,31.64406],[130.46343,31.64381],[130.46279,31.6434],[130.46247,31.64317],[130.46238,31.64306],[130.46232,31.64297],[130.46203,31.64253],[130.4619,31.64245],[130.46126,31.64221],[130.46099,31.64214],[130.46077,31.64214],[130.46047,31.64225],[130.45999,31.64247],[130.45984,31.64253],[130.45971,31.64255],[130.45956,31.64253],[130.45911,31.64226],[130.45889,31.64217],[130.45754,31.6416],[130.45685,31.64125],[130.45669,31.64117],[130.45623,31.6409],[130.45594,31.64074],[130.45582,31.64071],[130.45571,31.64073],[130.45543,31.64084],[130.45512,31.64089],[130.45465,31.64094],[130.45416,31.64098],[130.45372,31.64098],[130.45323,31.64102],[130.45287,31.64103],[130.45238,31.6409],[130.45215,31.64088],[130.4518,31.6409],[130.45134,31.64099],[130.45092,31.64111],[130.45088,31.64118],[130.45091,31.64124],[130.45096,31.6414],[130.45096,31.64147],[130.45076,31.64138],[130.4506,31.64134],[130.45037,31.64126],[130.45023,31.64119],[130.45014,31.64111],[130.45005,31.64104],[130.44998,31.641],[130.44983,31.64093],[130.4496,31.64132],[130.44948,31.64158],[130.44932,31.64184],[130.44914,31.64208],[130.44894,31.64233],[130.44872,31.64257],[130.44849,31.64276],[130.44841,31.64283],[130.44819,31.64299],[130.44767,31.64334],[130.44749,31.64341],[130.44723,31.64352],[130.44705,31.64362],[130.44655,31.64384],[130.44613,31.64404],[130.44579,31.64418],[130.44548,31.64434],[130.44508,31.6446],[130.44491,31.64468],[130.44466,31.64484],[130.4446,31.64489],[130.44433,31.64513],[130.44431,31.64525],[130.44421,31.64541],[130.44404,31.64563],[130.44394,31.64581],[130.44392,31.64591],[130.44395,31.64604],[130.44404,31.64621],[130.44416,31.64642],[130.44415,31.64669],[130.44411,31.64709],[130.44402,31.64735],[130.44398,31.64757],[130.44414,31.64794],[130.4442,31.64824],[130.44418,31.6483],[130.44404,31.64842],[130.44387,31.64853],[130.44354,31.64881],[130.44343,31.64904],[130.44329,31.64959],[130.44322,31.64963],[130.44318,31.64964],[130.44309,31.64961],[130.44288,31.64954],[130.44272,31.6495],[130.44243,31.64943],[130.44244,31.64946],[130.44244,31.6495],[130.44243,31.64956],[130.44238,31.6497],[130.44234,31.64984],[130.44233,31.64995],[130.44233,31.65006],[130.44232,31.65013],[130.4423,31.65019],[130.44226,31.65032],[130.44222,31.65038],[130.44218,31.65042],[130.44212,31.65045],[130.44206,31.65045],[130.44195,31.65043],[130.44189,31.65042],[130.44185,31.65042],[130.44182,31.65042],[130.44179,31.65044],[130.44176,31.6505],[130.44176,31.65056],[130.4417,31.65073],[130.44165,31.6508],[130.44163,31.6509],[130.44156,31.65105],[130.44151,31.65112],[130.4415,31.6512],[130.44151,31.65131],[130.44153,31.6514],[130.44154,31.65162],[130.44154,31.65178],[130.44155,31.652],[130.44169,31.65203],[130.44184,31.65207],[130.44197,31.65212],[130.44209,31.65221],[130.44219,31.65231],[130.44226,31.65248],[130.44228,31.6526],[130.44227,31.65272],[130.44225,31.65283],[130.44225,31.65287],[130.44224,31.65292],[130.44219,31.653],[130.44217,31.65305],[130.44227,31.65319],[130.44234,31.6533],[130.44239,31.6534],[130.44242,31.65349],[130.44242,31.65355],[130.44239,31.65363],[130.44237,31.65368],[130.44247,31.65385],[130.44252,31.65395],[130.44253,31.65406],[130.44255,31.65409],[130.44263,31.6541],[130.44271,31.65412],[130.44278,31.65416],[130.44282,31.65419],[130.44287,31.65425],[130.44291,31.65434],[130.44255,31.65436],[130.44268,31.65455],[130.44272,31.65462],[130.4428,31.65528],[130.44286,31.65542],[130.44294,31.65538],[130.44296,31.65541],[130.44297,31.65542],[130.44297,31.65542],[130.44297,31.65543],[130.44302,31.65549],[130.44303,31.6555],[130.44303,31.6555],[130.44304,31.65551],[130.44305,31.65552],[130.44305,31.65553],[130.44307,31.65554],[130.44307,31.65554],[130.44307,31.65554],[130.44307,31.65555],[130.44307,31.65555],[130.44307,31.65555],[130.44308,31.65556],[130.44309,31.65556],[130.44309,31.65557],[130.4431,31.65558],[130.44311,31.65558],[130.44312,31.65559],[130.44313,31.6556],[130.44313,31.6556],[130.44314,31.65561],[130.44314,31.65561],[130.44315,31.65562],[130.44318,31.65564],[130.4432,31.65565],[130.44322,31.65566],[130.44323,31.65566],[130.44328,31.65567],[130.44329,31.65568],[130.44332,31.65568],[130.44333,31.65569],[130.44337,31.65569],[130.44374,31.65563],[130.44412,31.65546],[130.44424,31.65536],[130.44436,31.65521],[130.44445,31.65512],[130.44451,31.65511],[130.4446,31.65514],[130.44469,31.65523],[130.44471,31.6553],[130.44472,31.65537],[130.44467,31.65562],[130.44466,31.65571],[130.44468,31.65576],[130.44478,31.6559],[130.44492,31.65617],[130.44502,31.65629],[130.44524,31.65638],[130.44555,31.65649],[130.44584,31.6566],[130.44591,31.65667],[130.44596,31.65672],[130.44603,31.65693],[130.44611,31.65719],[130.44612,31.65745],[130.44608,31.65762],[130.446,31.65781],[130.44601,31.65789],[130.44612,31.65804],[130.44619,31.65818],[130.44619,31.65829],[130.44619,31.65843],[130.44611,31.6586],[130.446,31.65875],[130.44596,31.65885],[130.44598,31.65888],[130.44599,31.6589],[130.44609,31.65895],[130.44635,31.65893],[130.44656,31.65898],[130.44669,31.65904],[130.44681,31.65911],[130.44704,31.65905],[130.44709,31.65897]]]}},{"type":"Feature","properties":{"name":"伊集院町竹之山","setai":102,"jinko":194,"key":"462160120","units":1},"geometry":{"type":"Polygon","coordinates":[[[130.46505,31.64232],[130.46501,31.64214],[130.46498,31.64201],[130.46496,31.64188],[130.46495,31.64171],[130.46494,31.6416],[130.46494,31.64119],[130.46494,31.64109],[130.46489,31.64099],[130.46486,31.64089],[130.46486,31.64079],[130.46487,31.64073],[130.4649,31.64067],[130.46495,31.64057],[130.46499,31.64043],[130.46503,31.64031],[130.46503,31.64021],[130.46504,31.64001],[130.46505,31.63986],[130.46507,31.63982],[130.4651,31.63975],[130.46515,31.63965],[130.4652,31.63957],[130.46526,31.6395],[130.46533,31.63945],[130.46541,31.63944],[130.46558,31.63942],[130.46569,31.63941],[130.46575,31.63939],[130.4658,31.63933],[130.46586,31.63927],[130.46599,31.63921],[130.46617,31.63912],[130.46627,31.63906],[130.46638,31.63898],[130.46651,31.63889],[130.46663,31.63878],[130.46687,31.63859],[130.46706,31.63843],[130.46721,31.63833],[130.46737,31.63826],[130.46745,31.63824],[130.46759,31.63821],[130.46772,31.63818],[130.46782,31.63814],[130.468,31.63804],[130.46868,31.63765],[130.46896,31.63748],[130.46937,31.6372],[130.46953,31.63708],[130.46969,31.63698],[130.46997,31.63682],[130.47011,31.63674],[130.47039,31.63657],[130.4706,31.63643],[130.47074,31.63633],[130.47079,31.63626],[130.47084,31.63617],[130.47082,31.63608],[130.47078,31.63593],[130.47071,31.63577],[130.47059,31.63552],[130.4705,31.63529],[130.47041,31.63507],[130.47034,31.6349],[130.47024,31.63474],[130.47015,31.63462],[130.47001,31.63443],[130.46985,31.63416],[130.46978,31.634],[130.46973,31.63382],[130.46967,31.63363],[130.46962,31.63355],[130.46952,31.63338],[130.4694,31.63324],[130.46924,31.63309],[130.46911,31.63294],[130.46896,31.63276],[130.46885,31.63255],[130.46877,31.63236],[130.46877,31.63224],[130.46879,31.63216],[130.46881,31.63207],[130.46881,31.6319],[130.46882,31.63166],[130.46883,31.63145],[130.46888,31.63113],[130.46898,31.63072],[130.46905,31.63042],[130.46905,31.63033],[130.46902,31.63025],[130.46894,31.63013],[130.4688,31.62997],[130.46873,31.62984],[130.46864,31.62969],[130.46856,31.62957],[130.46833,31.62923],[130.46819,31.62901],[130.46808,31.6288],[130.46796,31.62858],[130.46786,31.62832],[130.46779,31.62816],[130.46781,31.62803],[130.46786,31.62797],[130.4679,31.62791],[130.46802,31.62782],[130.46816,31.62771],[130.46821,31.62759],[130.4682,31.62748],[130.46815,31.62735],[130.46807,31.62712],[130.46796,31.62695],[130.46756,31.62736],[130.46716,31.62779],[130.4668,31.628],[130.46631,31.62832],[130.46589,31.62867],[130.46547,31.62903],[130.46522,31.62923],[130.46489,31.62947],[130.46461,31.62962],[130.46433,31.62972],[130.46399,31.62975],[130.46354,31.6298],[130.46308,31.62985],[130.46259,31.62992],[130.46224,31.62997],[130.46175,31.63007],[130.46127,31.63021],[130.46102,31.63025],[130.46099,31.63026],[130.46088,31.63027],[130.46073,31.63028],[130.46043,31.63026],[130.45994,31.6302],[130.45995,31.63035],[130.45996,31.63049],[130.45995,31.6306],[130.45992,31.63067],[130.45993,31.63072],[130.45965,31.63075],[130.45936,31.63076],[130.45904,31.63074],[130.45883,31.63072],[130.45859,31.6307],[130.45835,31.63067],[130.45819,31.63063],[130.45801,31.63058],[130.45771,31.6305],[130.45754,31.63044],[130.45725,31.63034],[130.45706,31.63029],[130.4569,31.63025],[130.45672,31.63023],[130.45645,31.63025],[130.45623,31.63028],[130.45609,31.63028],[130.45596,31.63025],[130.45587,31.63022],[130.4557,31.63016],[130.45559,31.6301],[130.4555,31.63003],[130.45538,31.62992],[130.45525,31.62982],[130.45514,31.62977],[130.45507,31.62974],[130.45495,31.62971],[130.45475,31.62968],[130.4545,31.62964],[130.45415,31.62965],[130.45388,31.62964],[130.45387,31.62963],[130.45358,31.62954],[130.45318,31.62941],[130.45296,31.62934],[130.45272,31.62928],[130.45242,31.62927],[130.45201,31.62925],[130.45177,31.62926],[130.45135,31.62933],[130.45101,31.62938],[130.45072,31.6294],[130.44984,31.62944],[130.44983,31.62994],[130.44986,31.633],[130.44998,31.63311],[130.45017,31.63326],[130.45041,31.63336],[130.45064,31.63351],[130.45076,31.63367],[130.45084,31.63389],[130.45087,31.63407],[130.45086,31.63422],[130.45078,31.63445],[130.45056,31.63489],[130.45031,31.63561],[130.45017,31.6359],[130.45013,31.63596],[130.4501,31.63595],[130.45003,31.63595],[130.44994,31.63596],[130.44981,31.63598],[130.44974,31.636],[130.44968,31.63603],[130.44963,31.6361],[130.44959,31.6362],[130.44956,31.63638],[130.44956,31.63655],[130.44957,31.63665],[130.44961,31.6367],[130.44965,31.63676],[130.44972,31.63682],[130.4498,31.6369],[130.44991,31.63701],[130.45,31.6371],[130.45007,31.6372],[130.45023,31.63749],[130.45029,31.63757],[130.45029,31.63768],[130.45027,31.63778],[130.45021,31.63786],[130.45026,31.63808],[130.45028,31.63829],[130.45027,31.63841],[130.45026,31.63851],[130.45022,31.63859],[130.45013,31.63874],[130.4501,31.63879],[130.45007,31.63898],[130.45005,31.63907],[130.45002,31.63914],[130.44998,31.63919],[130.44993,31.63924],[130.44979,31.63933],[130.44967,31.63943],[130.44959,31.63952],[130.44953,31.63962],[130.44946,31.63987],[130.44942,31.64005],[130.44941,31.64017],[130.44941,31.64033],[130.44944,31.64041],[130.44949,31.6405],[130.44962,31.64068],[130.44973,31.64086],[130.44977,31.64089],[130.44983,31.64093],[130.44998,31.641],[130.45005,31.64104],[130.45014,31.64111],[130.45023,31.64119],[130.45037,31.64126],[130.4506,31.64134],[130.45076,31.64138],[130.45096,31.64147],[130.45096,31.6414],[130.45091,31.64124],[130.45088,31.64118],[130.45092,31.64111],[130.45134,31.64099],[130.4518,31.6409],[130.45215,31.64088],[130.45238,31.6409],[130.45287,31.64103],[130.45323,31.64102],[130.45372,31.64098],[130.45416,31.64098],[130.45465,31.64094],[130.45512,31.64089],[130.45543,31.64084],[130.45571,31.64073],[130.45582,31.64071],[130.45594,31.64074],[130.45623,31.6409],[130.45669,31.64117],[130.45685,31.64125],[130.45754,31.6416],[130.45889,31.64217],[130.45911,31.64226],[130.45956,31.64253],[130.45971,31.64255],[130.45984,31.64253],[130.45999,31.64247],[130.46047,31.64225],[130.46077,31.64214],[130.46099,31.64214],[130.46126,31.64221],[130.4619,31.64245],[130.46203,31.64253],[130.46232,31.64297],[130.46238,31.64306],[130.46247,31.64317],[130.46279,31.6434],[130.46343,31.64381],[130.4637,31.64406],[130.46394,31.64417],[130.46411,31.64422],[130.46438,31.64448],[130.46439,31.64445],[130.46448,31.64424],[130.46453,31.64409],[130.46455,31.64401],[130.46456,31.64391],[130.46455,31.64384],[130.46452,31.64374],[130.46452,31.6436],[130.46456,31.64351],[130.46473,31.64311],[130.46476,31.64299],[130.46486,31.64278],[130.46503,31.64246],[130.46505,31.64239],[130.46505,31.64232]]]}},{"type":"Feature","properties":{"name":"伊集院町上神殿","setai":115,"jinko":291,"key":"462160130","units":1},"geometry":{"type":"Polygon","coordinates":[[[130.42542,31.69864],[130.42558,31.69861],[130.42575,31.69863],[130.42594,31.69868],[130.42629,31.69887],[130.42696,31.69925],[130.42737,31.69952],[130.42758,31.69961],[130.42773,31.6996],[130.42781,31.69957],[130.42805,31.6994],[130.4283,31.69924],[130.42849,31.69911],[130.42861,31.69908],[130.42876,31.69908],[130.42904,31.69906],[130.42918,31.69903],[130.42928,31.69898],[130.42939,31.69888],[130.42957,31.69867],[130.42963,31.6985],[130.42968,31.6984],[130.42976,31.69835],[130.42986,31.69831],[130.42999,31.6983],[130.4301,31.6983],[130.43023,31.69831],[130.43047,31.69833],[130.43069,31.69831],[130.43125,31.69818],[130.4317,31.69807],[130.43186,31.69803],[130.43199,31.698],[130.43213,31.69792],[130.43228,31.69786],[130.43248,31.69785],[130.43263,31.69783],[130.43277,31.69778],[130.43295,31.69767],[130.43315,31.69757],[130.43344,31.69749],[130.43353,31.69746],[130.4337,31.69741],[130.43378,31.69737],[130.43385,31.69729],[130.43395,31.69711],[130.43404,31.697],[130.43413,31.69696],[130.43422,31.69693],[130.43428,31.69693],[130.43435,31.69693],[130.43446,31.69696],[130.43458,31.69701],[130.43475,31.69705],[130.43484,31.69705],[130.4349,31.69702],[130.43492,31.69695],[130.43493,31.69684],[130.43487,31.69663],[130.43488,31.69657],[130.43496,31.69628],[130.43502,31.69607],[130.43507,31.69595],[130.43514,31.69586],[130.43532,31.69572],[130.43543,31.69563],[130.4355,31.69553],[130.43553,31.6954],[130.43552,31.69523],[130.43553,31.69511],[130.43558,31.69498],[130.43571,31.69476],[130.43581,31.69454],[130.43583,31.69443],[130.43584,31.69427],[130.43588,31.69393],[130.43588,31.6938],[130.43586,31.69369],[130.43572,31.69353],[130.43559,31.69334],[130.43554,31.69314],[130.43547,31.69275],[130.4355,31.69244],[130.4355,31.69213],[130.43548,31.69191],[130.4354,31.69153],[130.43537,31.6913],[130.4354,31.69116],[130.43546,31.69107],[130.43554,31.69098],[130.43568,31.69083],[130.43576,31.69074],[130.43585,31.69056],[130.43598,31.69042],[130.4361,31.69018],[130.43613,31.68999],[130.43615,31.68973],[130.43617,31.68941],[130.43617,31.68887],[130.43619,31.68806],[130.43629,31.68768],[130.43645,31.68738],[130.43665,31.68693],[130.43704,31.68594],[130.43712,31.68565],[130.43715,31.68529],[130.43718,31.68516],[130.4371,31.68499],[130.43706,31.68491],[130.43704,31.68478],[130.43705,31.6847],[130.43708,31.68463],[130.43714,31.68456],[130.43722,31.68448],[130.4373,31.68443],[130.43733,31.68439],[130.43732,31.68435],[130.43732,31.68431],[130.43729,31.68425],[130.43725,31.68419],[130.43712,31.68361],[130.4373,31.68315],[130.43735,31.68274],[130.43728,31.68239],[130.43713,31.68198],[130.4371,31.68161],[130.43708,31.68123],[130.437,31.68082],[130.437,31.6808],[130.437,31.68073],[130.43701,31.68063],[130.43711,31.68058],[130.43733,31.68058],[130.43778,31.68047],[130.43847,31.68058],[130.44068,31.68141],[130.44097,31.68189],[130.44129,31.68236],[130.44136,31.68242],[130.44161,31.68261],[130.44166,31.68265],[130.44212,31.68259],[130.44238,31.68246],[130.44273,31.68247],[130.44296,31.68237],[130.44304,31.68217],[130.44301,31.68194],[130.44291,31.68165],[130.44281,31.68129],[130.44287,31.68098],[130.44308,31.68071],[130.44311,31.68053],[130.44303,31.68026],[130.44267,31.67973],[130.44249,31.67934],[130.44248,31.67874],[130.44249,31.67802],[130.4425,31.67799],[130.44231,31.67739],[130.44202,31.67667],[130.44191,31.67638],[130.4418,31.67613],[130.44167,31.67583],[130.44162,31.67553],[130.44156,31.67517],[130.4416,31.67493],[130.4417,31.67472],[130.4416,31.67442],[130.44132,31.67411],[130.44098,31.67409],[130.44086,31.67407],[130.44061,31.67395],[130.44043,31.67376],[130.44019,31.67361],[130.44013,31.6734],[130.4402,31.67311],[130.44044,31.67288],[130.44055,31.67268],[130.44061,31.6725],[130.44064,31.6723],[130.44065,31.67209],[130.44056,31.67194],[130.44,31.67152],[130.43979,31.6713],[130.43975,31.67124],[130.43974,31.67113],[130.43975,31.67105],[130.43978,31.67096],[130.43984,31.67087],[130.43998,31.6707],[130.44006,31.67057],[130.44008,31.67044],[130.44005,31.67016],[130.44006,31.67005],[130.44007,31.6699],[130.44014,31.66938],[130.44017,31.66918],[130.44012,31.66883],[130.44003,31.6687],[130.43999,31.6686],[130.43982,31.66841],[130.43968,31.66828],[130.43947,31.66809],[130.43919,31.66787],[130.43856,31.66732],[130.43817,31.66696],[130.43745,31.66631],[130.43733,31.66623],[130.43723,31.66613],[130.43714,31.66602],[130.43703,31.66587],[130.4369,31.66573],[130.43674,31.66555],[130.43662,31.66544],[130.43643,31.66528],[130.43618,31.66508],[130.4359,31.6649],[130.43566,31.66471],[130.43544,31.66455],[130.43523,31.66443],[130.43502,31.6644],[130.43488,31.66448],[130.43474,31.66456],[130.43456,31.6646],[130.43445,31.66459],[130.43435,31.6645],[130.4342,31.66429],[130.43415,31.66414],[130.43404,31.66384],[130.43369,31.66344],[130.43317,31.66315],[130.43265,31.66305],[130.43245,31.66301],[130.43215,31.66293],[130.43125,31.6625],[130.43084,31.66236],[130.43052,31.66217],[130.43024,31.66206],[130.42989,31.66192],[130.42904,31.6617],[130.4292,31.66163],[130.43003,31.66088],[130.43071,31.66058],[130.42956,31.66059],[130.4283,31.66064],[130.42782,31.66061],[130.42759,31.66047],[130.42731,31.6604],[130.42694,31.66037],[130.42667,31.6604],[130.42645,31.6604],[130.42569,31.66018],[130.42522,31.66009],[130.42476,31.66009],[130.42423,31.66],[130.42268,31.66019],[130.42054,31.66049],[130.42004,31.66062],[130.41939,31.66079],[130.41918,31.66081],[130.41874,31.66081],[130.41792,31.66082],[130.41749,31.66104],[130.41561,31.66259],[130.41538,31.66281],[130.41518,31.66312],[130.41381,31.66501],[130.41275,31.66742],[130.41277,31.66772],[130.41286,31.66818],[130.41307,31.66852],[130.41334,31.66879],[130.41385,31.66908],[130.41444,31.6693],[130.4154,31.6694],[130.41595,31.66929],[130.41684,31.66897],[130.41725,31.66889],[130.41796,31.66885],[130.41844,31.66898],[130.4197,31.67008],[130.4198,31.67021],[130.41981,31.67043],[130.41987,31.67059],[130.42,31.67068],[130.42017,31.67075],[130.42051,31.6708],[130.42078,31.67095],[130.42154,31.67128],[130.42209,31.6715],[130.4222,31.6717],[130.42282,31.6728],[130.42299,31.67309],[130.42333,31.67369],[130.42341,31.67392],[130.42337,31.67412],[130.42326,31.67434],[130.42305,31.67471],[130.4226,31.67523],[130.4222,31.67568],[130.42193,31.676],[130.42175,31.6761],[130.42159,31.67622],[130.42147,31.67631],[130.42129,31.67642],[130.42116,31.67657],[130.42105,31.67676],[130.42094,31.67729],[130.42097,31.67806],[130.42099,31.67843],[130.42114,31.67885],[130.42125,31.67933],[130.4212,31.67962],[130.42123,31.67994],[130.42144,31.68031],[130.42143,31.68045],[130.42137,31.68055],[130.42133,31.68077],[130.42129,31.68155],[130.42157,31.68221],[130.42151,31.68305],[130.42152,31.68359],[130.42152,31.68359],[130.42153,31.68367],[130.42155,31.68371],[130.4216,31.68375],[130.42165,31.68379],[130.42173,31.68383],[130.42189,31.68393],[130.42201,31.68403],[130.42206,31.68408],[130.42209,31.68414],[130.42211,31.68425],[130.42211,31.6844],[130.4221,31.68447],[130.42207,31.68458],[130.42201,31.68467],[130.42196,31.68472],[130.42187,31.68475],[130.42177,31.68478],[130.42171,31.6848],[130.42165,31.68484],[130.42159,31.68491],[130.42156,31.68495],[130.42142,31.68613],[130.42132,31.687],[130.42139,31.68769],[130.4215,31.68895],[130.42147,31.68991],[130.42186,31.69248],[130.42189,31.69286],[130.42185,31.69333],[130.42156,31.69485],[130.42141,31.69523],[130.42119,31.69545],[130.42094,31.69565],[130.42066,31.6961],[130.42023,31.69735],[130.42016,31.69795],[130.42031,31.69867],[130.42037,31.69922],[130.4208,31.69924],[130.4211,31.6993],[130.42163,31.69937],[130.42188,31.69944],[130.42209,31.69955],[130.4223,31.69968],[130.42249,31.69981],[130.42269,31.69996],[130.4228,31.70006],[130.42287,31.70017],[130.42303,31.70011],[130.42361,31.70001],[130.4244,31.6998],[130.42449,31.69975],[130.42461,31.69964],[130.42477,31.69948],[130.42487,31.69933],[130.42499,31.69908],[130.42511,31.69889],[130.42525,31.69874],[130.42542,31.69864]]]}},{"type":"Feature","properties":{"name":"伊集院町麦生田","setai":824,"jinko":1882,"key":"462160140","units":1},"geometry":{"type":"Polygon","coordinates":[[[130.43893,31.66449],[130.43899,31.66435],[130.43912,31.66424],[130.43931,31.66416],[130.43968,31.66401],[130.43984,31.66392],[130.43992,31.66385],[130.43998,31.66376],[130.43995,31.66371],[130.43983,31.66351],[130.43976,31.66337],[130.4397,31.66316],[130.43967,31.66294],[130.43965,31.66272],[130.43967,31.66258],[130.43973,31.6624],[130.43976,31.66223],[130.43975,31.66207],[130.43968,31.66183],[130.43946,31.66158],[130.43919,31.66139],[130.43896,31.6611],[130.43871,31.66079],[130.4386,31.66058],[130.43855,31.66028],[130.43855,31.65999],[130.43865,31.65977],[130.43879,31.65966],[130.43886,31.65947],[130.43895,31.65933],[130.43908,31.65924],[130.43934,31.65917],[130.43964,31.65908],[130.43986,31.65905],[130.44015,31.65902],[130.44116,31.65836],[130.44123,31.65828],[130.44127,31.65821],[130.44126,31.6581],[130.44125,31.658],[130.44122,31.65774],[130.44126,31.65759],[130.4416,31.65727],[130.44168,31.65699],[130.44187,31.65656],[130.44203,31.65634],[130.44229,31.65611],[130.44232,31.65603],[130.44237,31.65594],[130.44255,31.65567],[130.44253,31.65558],[130.44256,31.65556],[130.44259,31.65554],[130.44263,31.65552],[130.44272,31.65534],[130.4428,31.65528],[130.44272,31.65462],[130.44268,31.65455],[130.44255,31.65436],[130.44291,31.65434],[130.44287,31.65425],[130.44282,31.65419],[130.44278,31.65416],[130.44271,31.65412],[130.44263,31.6541],[130.44255,31.65409],[130.44253,31.65406],[130.44252,31.65395],[130.44247,31.65385],[130.44237,31.65368],[130.44239,31.65363],[130.44242,31.65355],[130.44242,31.65349],[130.44239,31.6534],[130.44234,31.6533],[130.44227,31.65319],[130.44217,31.65305],[130.44219,31.653],[130.44224,31.65292],[130.44225,31.65287],[130.44225,31.65283],[130.44227,31.65272],[130.44228,31.6526],[130.44226,31.65248],[130.44219,31.65231],[130.44209,31.65221],[130.44197,31.65212],[130.44184,31.65207],[130.44169,31.65203],[130.44155,31.652],[130.44154,31.65178],[130.44154,31.65162],[130.44153,31.6514],[130.44151,31.65131],[130.4415,31.6512],[130.44151,31.65112],[130.44156,31.65105],[130.44163,31.6509],[130.44165,31.6508],[130.4417,31.65073],[130.44176,31.65056],[130.44176,31.6505],[130.44179,31.65044],[130.44182,31.65042],[130.44185,31.65042],[130.44189,31.65042],[130.44195,31.65043],[130.44206,31.65045],[130.44212,31.65045],[130.44218,31.65042],[130.44222,31.65038],[130.44226,31.65032],[130.4423,31.65019],[130.44232,31.65013],[130.44233,31.65006],[130.44233,31.64995],[130.44234,31.64984],[130.44238,31.6497],[130.44243,31.64956],[130.44244,31.6495],[130.44244,31.64946],[130.44243,31.64943],[130.44239,31.64937],[130.44236,31.64934],[130.44227,31.64928],[130.44211,31.64916],[130.44202,31.64907],[130.44199,31.64901],[130.44193,31.64889],[130.44187,31.6487],[130.44187,31.64867],[130.44185,31.64854],[130.4418,31.64849],[130.4417,31.64847],[130.4415,31.64843],[130.44141,31.64839],[130.44138,31.64834],[130.44136,31.64817],[130.44132,31.64805],[130.44129,31.64801],[130.44125,31.64793],[130.44097,31.64765],[130.44078,31.64749],[130.44064,31.64738],[130.44045,31.64725],[130.44026,31.64711],[130.43957,31.64671],[130.43911,31.64648],[130.43906,31.64631],[130.43904,31.6461],[130.43898,31.6459],[130.43886,31.64575],[130.43863,31.64553],[130.43832,31.64522],[130.43806,31.64502],[130.43796,31.64488],[130.43792,31.64475],[130.43784,31.6447],[130.43764,31.64458],[130.43738,31.64451],[130.4371,31.6444],[130.437,31.64432],[130.43695,31.64423],[130.43694,31.6441],[130.43693,31.64389],[130.43685,31.64377],[130.43669,31.64365],[130.4366,31.64354],[130.43658,31.64342],[130.43662,31.64319],[130.43672,31.64285],[130.43679,31.64263],[130.43676,31.6425],[130.43667,31.6424],[130.43644,31.64229],[130.43617,31.64218],[130.43589,31.64207],[130.43572,31.64196],[130.43566,31.64185],[130.43564,31.64172],[130.43567,31.64148],[130.43567,31.6413],[130.4356,31.64117],[130.43543,31.64097],[130.43529,31.64092],[130.43513,31.64088],[130.43497,31.64088],[130.43476,31.6409],[130.43458,31.64092],[130.43433,31.64096],[130.43414,31.64096],[130.434,31.64089],[130.43381,31.64072],[130.43365,31.64057],[130.43356,31.64053],[130.43337,31.64049],[130.43321,31.64045],[130.43307,31.64037],[130.433,31.64028],[130.43292,31.64013],[130.43286,31.63994],[130.4328,31.63981],[130.43266,31.63968],[130.43248,31.63959],[130.43223,31.6395],[130.43202,31.63939],[130.43175,31.6392],[130.43161,31.63906],[130.43151,31.63902],[130.43139,31.639],[130.43124,31.63897],[130.431,31.63895],[130.43064,31.6389],[130.43044,31.63889],[130.43027,31.63882],[130.43004,31.63865],[130.42977,31.6384],[130.42953,31.63809],[130.42934,31.63788],[130.42929,31.63779],[130.42936,31.63746],[130.4294,31.63727],[130.4294,31.6371],[130.42933,31.63693],[130.42919,31.63678],[130.42908,31.63668],[130.42896,31.6366],[130.42877,31.63647],[130.42859,31.63637],[130.42841,31.63625],[130.42832,31.63618],[130.42825,31.63611],[130.4282,31.63605],[130.42816,31.63599],[130.4279,31.6359],[130.42779,31.63587],[130.4277,31.63589],[130.42769,31.63577],[130.42769,31.63567],[130.42772,31.63558],[130.42778,31.63551],[130.42789,31.63545],[130.42802,31.6354],[130.4279,31.63526],[130.42784,31.63521],[130.42765,31.63493],[130.42761,31.63482],[130.42748,31.63456],[130.42736,31.63437],[130.42696,31.63396],[130.42685,31.63389],[130.42675,31.63389],[130.42664,31.63391],[130.42649,31.63391],[130.42636,31.63389],[130.42621,31.63379],[130.42603,31.63364],[130.42581,31.63362],[130.42567,31.63358],[130.42539,31.63333],[130.4252,31.63321],[130.42461,31.63305],[130.42455,31.63304],[130.42421,31.63298],[130.42407,31.63306],[130.42386,31.63314],[130.42355,31.63325],[130.42324,31.6334],[130.42298,31.63372],[130.42295,31.63409],[130.42307,31.63482],[130.42331,31.63513],[130.42365,31.63555],[130.42402,31.63586],[130.42432,31.63592],[130.42452,31.63601],[130.42461,31.63617],[130.42462,31.63642],[130.42453,31.63655],[130.42412,31.63689],[130.42398,31.63704],[130.42399,31.63726],[130.42403,31.63739],[130.4241,31.63752],[130.42413,31.6376],[130.42421,31.63774],[130.42427,31.63782],[130.42431,31.6379],[130.42432,31.63795],[130.42431,31.63797],[130.42421,31.63805],[130.42411,31.63813],[130.424,31.63816],[130.42392,31.63816],[130.42383,31.63814],[130.42371,31.63805],[130.42365,31.63797],[130.42357,31.63786],[130.42348,31.63782],[130.42335,31.63776],[130.42324,31.63769],[130.4231,31.6376],[130.423,31.63758],[130.42289,31.63759],[130.42275,31.63763],[130.42264,31.63769],[130.42245,31.63781],[130.42234,31.63782],[130.4221,31.63775],[130.42194,31.63776],[130.42187,31.63778],[130.42192,31.63789],[130.42196,31.63797],[130.42199,31.63807],[130.42198,31.63816],[130.42189,31.6383],[130.42179,31.63835],[130.42149,31.63841],[130.42118,31.63848],[130.42094,31.63861],[130.42083,31.63877],[130.42077,31.63912],[130.42082,31.63932],[130.42079,31.63949],[130.42073,31.63963],[130.42069,31.63972],[130.42069,31.63981],[130.42077,31.63991],[130.42106,31.64007],[130.42115,31.64021],[130.42115,31.64033],[130.4211,31.64038],[130.42103,31.6404],[130.4206,31.6404],[130.42037,31.64045],[130.42029,31.64053],[130.42017,31.64083],[130.42009,31.64119],[130.42006,31.64194],[130.42002,31.64257],[130.41993,31.64277],[130.41963,31.64311],[130.41954,31.64326],[130.41952,31.64336],[130.41969,31.64383],[130.41973,31.64426],[130.41968,31.64455],[130.41954,31.64497],[130.41946,31.64542],[130.41947,31.6458],[130.41952,31.6462],[130.41952,31.6465],[130.41951,31.64666],[130.4195,31.64671],[130.41938,31.64698],[130.41839,31.64772],[130.41796,31.64802],[130.41724,31.6485],[130.41587,31.6492],[130.41558,31.64935],[130.41511,31.64946],[130.41411,31.65004],[130.41388,31.65017],[130.41352,31.65019],[130.41292,31.65006],[130.41274,31.65013],[130.41266,31.65016],[130.41241,31.65005],[130.41242,31.65037],[130.41243,31.65048],[130.41268,31.65056],[130.41303,31.65063],[130.41326,31.65072],[130.41328,31.65074],[130.41339,31.6508],[130.41372,31.65102],[130.41458,31.6513],[130.41509,31.6514],[130.41551,31.65147],[130.41588,31.65152],[130.41621,31.65165],[130.41652,31.65186],[130.41669,31.65223],[130.4169,31.6529],[130.41706,31.65309],[130.41723,31.65319],[130.41737,31.65323],[130.41753,31.65324],[130.41785,31.65328],[130.41804,31.65333],[130.41817,31.65334],[130.41831,31.65332],[130.41845,31.6533],[130.41862,31.6533],[130.41877,31.65335],[130.41888,31.6534],[130.41901,31.65341],[130.41928,31.65339],[130.41943,31.65341],[130.41952,31.65347],[130.41959,31.65355],[130.4197,31.65359],[130.41982,31.65361],[130.42012,31.65359],[130.42046,31.65357],[130.42083,31.65359],[130.42115,31.65358],[130.42146,31.65355],[130.42164,31.6536],[130.42174,31.65369],[130.42188,31.65383],[130.42215,31.65401],[130.42228,31.65405],[130.42239,31.65404],[130.42256,31.65402],[130.42282,31.65399],[130.42296,31.65399],[130.42313,31.65401],[130.42335,31.65405],[130.42363,31.65407],[130.42386,31.65407],[130.42461,31.65403],[130.42489,31.65408],[130.42544,31.65424],[130.42561,31.65439],[130.42568,31.65465],[130.42574,31.65482],[130.4259,31.65536],[130.4264,31.65619],[130.42711,31.65706],[130.42751,31.65774],[130.42803,31.65859],[130.42822,31.65891],[130.42836,31.65902],[130.42846,31.65909],[130.42863,31.65912],[130.42881,31.65912],[130.42915,31.65906],[130.42997,31.6591],[130.4302,31.65917],[130.43026,31.65928],[130.43025,31.65945],[130.43016,31.65965],[130.43014,31.65979],[130.43024,31.65995],[130.43043,31.6601],[130.43055,31.66021],[130.43064,31.66038],[130.43071,31.66058],[130.43003,31.66088],[130.4292,31.66163],[130.42904,31.6617],[130.42989,31.66192],[130.43024,31.66206],[130.43052,31.66217],[130.43084,31.66236],[130.43125,31.6625],[130.43215,31.66293],[130.43245,31.66301],[130.43265,31.66305],[130.43317,31.66315],[130.43369,31.66344],[130.43404,31.66384],[130.43415,31.66414],[130.4342,31.66429],[130.43435,31.6645],[130.43445,31.66459],[130.43456,31.6646],[130.43474,31.66456],[130.43488,31.66448],[130.43502,31.6644],[130.43523,31.66443],[130.43544,31.66455],[130.43566,31.66471],[130.4359,31.6649],[130.43618,31.66508],[130.43643,31.66528],[130.43662,31.66544],[130.43674,31.66555],[130.4369,31.66573],[130.43703,31.66587],[130.43714,31.66602],[130.43723,31.66613],[130.43733,31.66623],[130.43745,31.66631],[130.43817,31.66696],[130.43856,31.66732],[130.43919,31.66787],[130.43947,31.66809],[130.43968,31.66828],[130.43982,31.66841],[130.43999,31.6686],[130.44003,31.6687],[130.44012,31.66883],[130.44016,31.66865],[130.44017,31.66856],[130.44013,31.66846],[130.44007,31.6683],[130.44004,31.66821],[130.43997,31.66795],[130.43996,31.66787],[130.43991,31.66765],[130.43985,31.66749],[130.43984,31.66744],[130.43981,31.6674],[130.43978,31.66735],[130.43974,31.66729],[130.43969,31.66724],[130.43962,31.66718],[130.43954,31.66711],[130.43942,31.66704],[130.43931,31.66698],[130.43921,31.66692],[130.43914,31.66686],[130.43907,31.66678],[130.43903,31.66672],[130.439,31.66665],[130.43897,31.66656],[130.43896,31.6665],[130.43895,31.66634],[130.43893,31.6662],[130.43892,31.66607],[130.4389,31.66596],[130.43887,31.66589],[130.43885,31.66584],[130.43874,31.66574],[130.43862,31.66564],[130.43854,31.66555],[130.43843,31.66536],[130.4384,31.66526],[130.43842,31.66522],[130.43858,31.66505],[130.43872,31.66488],[130.4388,31.66474],[130.43893,31.66449]]]}},{"type":"Feature","properties":{"name":"伊集院町下神殿","setai":283,"jinko":696,"key":"462160150","units":1},"geometry":{"type":"Polygon","coordinates":[[[130.41381,31.66501],[130.41518,31.66312],[130.41538,31.66281],[130.41561,31.66259],[130.41749,31.66104],[130.41792,31.66082],[130.41874,31.66081],[130.41918,31.66081],[130.41939,31.66079],[130.42004,31.66062],[130.42054,31.66049],[130.42268,31.66019],[130.42423,31.66],[130.42476,31.66009],[130.42522,31.66009],[130.42569,31.66018],[130.42645,31.6604],[130.42667,31.6604],[130.42694,31.66037],[130.42731,31.6604],[130.42759,31.66047],[130.42782,31.66061],[130.4283,31.66064],[130.42956,31.66059],[130.43071,31.66058],[130.43064,31.66038],[130.43055,31.66021],[130.43043,31.6601],[130.43024,31.65995],[130.43014,31.65979],[130.43016,31.65965],[130.43025,31.65945],[130.43026,31.65928],[130.4302,31.65917],[130.42997,31.6591],[130.42915,31.65906],[130.42881,31.65912],[130.42863,31.65912],[130.42846,31.65909],[130.42836,31.65902],[130.42822,31.65891],[130.42803,31.65859],[130.42751,31.65774],[130.42711,31.65706],[130.4264,31.65619],[130.4259,31.65536],[130.42574,31.65482],[130.42568,31.65465],[130.42561,31.65439],[130.42544,31.65424],[130.42489,31.65408],[130.42461,31.65403],[130.42386,31.65407],[130.42363,31.65407],[130.42335,31.65405],[130.42313,31.65401],[130.42296,31.65399],[130.42282,31.65399],[130.42256,31.65402],[130.42239,31.65404],[130.42228,31.65405],[130.42215,31.65401],[130.42188,31.65383],[130.42174,31.65369],[130.42164,31.6536],[130.42146,31.65355],[130.42115,31.65358],[130.42083,31.65359],[130.42046,31.65357],[130.42012,31.65359],[130.41982,31.65361],[130.4197,31.65359],[130.41959,31.65355],[130.41952,31.65347],[130.41943,31.65341],[130.41928,31.65339],[130.41901,31.65341],[130.41888,31.6534],[130.41877,31.65335],[130.41862,31.6533],[130.41845,31.6533],[130.41831,31.65332],[130.41817,31.65334],[130.41804,31.65333],[130.41785,31.65328],[130.41753,31.65324],[130.41737,31.65323],[130.41723,31.65319],[130.41706,31.65309],[130.4169,31.6529],[130.41669,31.65223],[130.41652,31.65186],[130.41621,31.65165],[130.41588,31.65152],[130.41551,31.65147],[130.41509,31.6514],[130.41458,31.6513],[130.41372,31.65102],[130.41339,31.6508],[130.41328,31.65074],[130.41326,31.65072],[130.41303,31.65063],[130.41268,31.65056],[130.41243,31.65048],[130.41242,31.65037],[130.41241,31.65005],[130.41207,31.64988],[130.4117,31.6497],[130.41142,31.64957],[130.41065,31.64927],[130.40953,31.64863],[130.40884,31.64802],[130.40768,31.64705],[130.40734,31.64685],[130.4066,31.64641],[130.40358,31.64522],[130.4035,31.64586],[130.40343,31.64591],[130.40337,31.64596],[130.40327,31.64606],[130.40327,31.64614],[130.40329,31.64642],[130.40326,31.64664],[130.40326,31.64675],[130.40325,31.64723],[130.40325,31.64766],[130.40324,31.64792],[130.40314,31.64811],[130.40279,31.6488],[130.40274,31.64889],[130.40267,31.64904],[130.40257,31.64914],[130.40246,31.64925],[130.40237,31.6494],[130.40227,31.64953],[130.40224,31.64969],[130.40227,31.64971],[130.40225,31.64985],[130.40218,31.64993],[130.40207,31.65003],[130.40183,31.64995],[130.40174,31.64995],[130.40165,31.64998],[130.40143,31.64994],[130.40139,31.64994],[130.40117,31.64997],[130.40097,31.65009],[130.40085,31.65008],[130.3998,31.65202],[130.39993,31.65203],[130.40005,31.65208],[130.40018,31.65213],[130.40025,31.65217],[130.40017,31.65258],[130.40004,31.65296],[130.39935,31.65429],[130.39873,31.65543],[130.39869,31.65552],[130.39841,31.65754],[130.39843,31.65765],[130.39847,31.65991],[130.39869,31.66059],[130.39886,31.66134],[130.39942,31.66121],[130.40011,31.6611],[130.40056,31.66109],[130.40072,31.66117],[130.40107,31.66146],[130.40145,31.66167],[130.40169,31.66187],[130.40189,31.66228],[130.4021,31.66283],[130.40231,31.66302],[130.40264,31.6632],[130.40287,31.66328],[130.40322,31.66345],[130.40391,31.66403],[130.40404,31.66405],[130.40429,31.66413],[130.40474,31.66414],[130.40526,31.66412],[130.40589,31.66416],[130.4061,31.66416],[130.4063,31.6641],[130.40658,31.66395],[130.40677,31.66389],[130.40707,31.66372],[130.40755,31.66367],[130.40801,31.66373],[130.40836,31.66394],[130.40875,31.6643],[130.40939,31.66456],[130.40997,31.66473],[130.41034,31.66464],[130.41061,31.66452],[130.4112,31.66449],[130.41169,31.66457],[130.41174,31.66458],[130.41191,31.6647],[130.41208,31.66504],[130.41254,31.66603],[130.41271,31.66651],[130.41273,31.66715],[130.41275,31.66742],[130.41381,31.66501]]]}},{"type":"Feature","properties":{"name":"伊集院町桑畑","setai":57,"jinko":122,"key":"462160160","units":1},"geometry":{"type":"Polygon","coordinates":[[[130.39869,31.66059],[130.39847,31.65991],[130.39843,31.65765],[130.39841,31.65754],[130.39869,31.65552],[130.39873,31.65543],[130.39935,31.65429],[130.40004,31.65296],[130.40017,31.65258],[130.40025,31.65217],[130.40018,31.65213],[130.40005,31.65208],[130.39993,31.65203],[130.3998,31.65202],[130.40085,31.65008],[130.40006,31.65002],[130.39995,31.65023],[130.39984,31.65034],[130.39969,31.65042],[130.39954,31.65047],[130.39953,31.65082],[130.39883,31.65089],[130.39824,31.65043],[130.39761,31.6497],[130.39752,31.6496],[130.39734,31.6494],[130.39698,31.64916],[130.39695,31.64914],[130.39582,31.64895],[130.39495,31.64896],[130.39461,31.64911],[130.39425,31.64925],[130.39331,31.64957],[130.39242,31.65049],[130.39189,31.65144],[130.39129,31.65227],[130.391,31.65273],[130.39088,31.65304],[130.39077,31.65331],[130.39054,31.65456],[130.39013,31.65656],[130.39017,31.65705],[130.39016,31.65808],[130.39012,31.65885],[130.3908,31.659],[130.39214,31.65933],[130.39279,31.65947],[130.3941,31.66011],[130.39442,31.6602],[130.39471,31.66019],[130.39527,31.66007],[130.39567,31.66006],[130.39638,31.66019],[130.39686,31.66052],[130.39719,31.66087],[130.39749,31.66111],[130.39779,31.66123],[130.39826,31.6613],[130.39883,31.66135],[130.39886,31.66134],[130.39869,31.66059]]]}},{"type":"Feature","properties":{"name":"伊集院町野田","setai":95,"jinko":179,"key":"462160170","units":1},"geometry":{"type":"Polygon","coordinates":[[[130.39016,31.65808],[130.39017,31.65705],[130.39013,31.65656],[130.39054,31.65456],[130.39077,31.65331],[130.39088,31.65304],[130.391,31.65273],[130.39129,31.65227],[130.39189,31.65144],[130.39242,31.65049],[130.39331,31.64957],[130.39295,31.6497],[130.3917,31.64975],[130.39105,31.64979],[130.3904,31.64971],[130.3902,31.64965],[130.38985,31.64954],[130.38927,31.64933],[130.38859,31.64899],[130.388,31.64852],[130.38755,31.6481],[130.3873,31.64778],[130.38704,31.64715],[130.38697,31.64689],[130.38699,31.64663],[130.38702,31.64653],[130.38714,31.64643],[130.38734,31.64628],[130.38743,31.64613],[130.38748,31.64598],[130.38744,31.64577],[130.38733,31.64563],[130.38722,31.64554],[130.38712,31.6455],[130.38705,31.64548],[130.38688,31.64547],[130.38674,31.64547],[130.38646,31.64553],[130.38616,31.64558],[130.38598,31.64559],[130.38585,31.64555],[130.38571,31.64549],[130.38557,31.64534],[130.38524,31.64485],[130.38505,31.64461],[130.38472,31.64443],[130.3845,31.64428],[130.38428,31.64409],[130.38414,31.64381],[130.38405,31.64369],[130.38386,31.6435],[130.38375,31.64343],[130.38348,31.64325],[130.38318,31.64312],[130.3824,31.6428],[130.38228,31.64263],[130.38192,31.6406],[130.38137,31.64083],[130.38062,31.64113],[130.37995,31.64132],[130.37943,31.64159],[130.3789,31.64207],[130.37855,31.64228],[130.37845,31.64231],[130.37836,31.64234],[130.37696,31.64282],[130.37661,31.64299],[130.37607,31.64308],[130.37558,31.64306],[130.37451,31.64289],[130.37348,31.64267],[130.37332,31.6429],[130.3732,31.64313],[130.37309,31.64347],[130.37298,31.6437],[130.37277,31.64405],[130.37267,31.64414],[130.37253,31.6442],[130.37231,31.64443],[130.37227,31.64454],[130.37229,31.64462],[130.37242,31.64485],[130.37273,31.64563],[130.37285,31.64588],[130.37326,31.64643],[130.37346,31.64686],[130.37365,31.64776],[130.3737,31.64818],[130.37392,31.64851],[130.37421,31.64872],[130.37466,31.64895],[130.37525,31.64909],[130.37594,31.64935],[130.37645,31.64953],[130.3768,31.64978],[130.37706,31.65],[130.37733,31.6501],[130.37778,31.65018],[130.3782,31.65025],[130.3786,31.65019],[130.3788,31.65018],[130.37893,31.65022],[130.37908,31.65046],[130.37933,31.65072],[130.37963,31.65087],[130.37995,31.651],[130.38037,31.65116],[130.38092,31.65155],[130.3811,31.65191],[130.38149,31.65253],[130.38189,31.65283],[130.38209,31.65293],[130.38246,31.65308],[130.38305,31.65334],[130.38327,31.65352],[130.3834,31.65372],[130.38341,31.65381],[130.3834,31.65386],[130.38338,31.65394],[130.38325,31.65426],[130.38313,31.65499],[130.38306,31.6553],[130.38295,31.65548],[130.38286,31.65559],[130.38285,31.65578],[130.38297,31.65612],[130.38348,31.65675],[130.38382,31.6571],[130.38425,31.65729],[130.38505,31.65755],[130.38533,31.6576],[130.38557,31.6576],[130.38585,31.65753],[130.38603,31.65753],[130.38618,31.6576],[130.38669,31.65784],[130.38765,31.65818],[130.38878,31.65856],[130.39012,31.65885],[130.39016,31.65808]]]}},{"type":"Feature","properties":{"name":"伊集院町寺脇","setai":54,"jinko":90,"key":"462160180","units":1},"geometry":{"type":"Polygon","coordinates":[[[130.38192,31.6406],[130.38202,31.64028],[130.38207,31.63989],[130.38218,31.63965],[130.38235,31.63942],[130.38244,31.63936],[130.38257,31.63934],[130.38267,31.63934],[130.38278,31.63926],[130.3829,31.63918],[130.383,31.63913],[130.38311,31.6391],[130.38321,31.63909],[130.38337,31.63909],[130.3835,31.63911],[130.38364,31.63914],[130.38384,31.63922],[130.38406,31.63931],[130.3842,31.63938],[130.38434,31.63945],[130.38453,31.63947],[130.38352,31.63808],[130.38325,31.63773],[130.38252,31.6368],[130.38063,31.63553],[130.38002,31.63495],[130.37961,31.63448],[130.37954,31.63452],[130.37931,31.63466],[130.379,31.63486],[130.37882,31.63498],[130.37856,31.6351],[130.37821,31.63521],[130.3777,31.63534],[130.37735,31.63541],[130.37705,31.63544],[130.37679,31.63544],[130.37666,31.63543],[130.37651,31.6354],[130.37631,31.63533],[130.37617,31.63526],[130.37602,31.63517],[130.37592,31.63507],[130.37578,31.63492],[130.37569,31.6348],[130.37554,31.63461],[130.37539,31.63447],[130.37509,31.6342],[130.37499,31.63401],[130.3749,31.63369],[130.37482,31.63341],[130.37477,31.63324],[130.3747,31.63311],[130.37449,31.63295],[130.37425,31.6328],[130.37403,31.63266],[130.374,31.63264],[130.37389,31.63259],[130.37375,31.63251],[130.37336,31.63233],[130.37317,31.63224],[130.37301,31.63215],[130.37295,31.63215],[130.3729,31.63215],[130.37283,31.63212],[130.37257,31.6319],[130.3724,31.63178],[130.37231,31.63172],[130.37191,31.63146],[130.37157,31.63134],[130.37127,31.63128],[130.37099,31.63125],[130.37083,31.63125],[130.37074,31.63128],[130.37063,31.63135],[130.37055,31.63145],[130.37054,31.63153],[130.37057,31.63167],[130.37074,31.63193],[130.37089,31.63216],[130.37095,31.63239],[130.37095,31.63255],[130.37091,31.63276],[130.37072,31.63309],[130.37048,31.63341],[130.37028,31.63358],[130.37009,31.63367],[130.36982,31.63377],[130.36939,31.63385],[130.3691,31.63389],[130.36893,31.63394],[130.3688,31.6341],[130.36866,31.63431],[130.36849,31.63445],[130.36823,31.63457],[130.36807,31.63457],[130.36789,31.63454],[130.36768,31.63438],[130.36763,31.634],[130.36758,31.63442],[130.36755,31.63453],[130.36758,31.63459],[130.36759,31.6346],[130.3677,31.6347],[130.36792,31.63486],[130.36819,31.63541],[130.36824,31.63577],[130.36812,31.63617],[130.36774,31.63664],[130.36768,31.63688],[130.36775,31.63703],[130.36807,31.63714],[130.36843,31.63715],[130.36915,31.63698],[130.36962,31.63691],[130.36999,31.63702],[130.37015,31.63713],[130.37023,31.63727],[130.37014,31.63789],[130.36992,31.63926],[130.36973,31.63992],[130.3698,31.64013],[130.36993,31.64026],[130.37026,31.64044],[130.37054,31.6405],[130.37091,31.64043],[130.37119,31.64045],[130.37131,31.64057],[130.37154,31.64086],[130.37183,31.64122],[130.37214,31.64147],[130.37251,31.6416],[130.373,31.64188],[130.37326,31.64204],[130.37343,31.64217],[130.37357,31.64247],[130.37357,31.64256],[130.37348,31.64267],[130.37451,31.64289],[130.37558,31.64306],[130.37607,31.64308],[130.37661,31.64299],[130.37696,31.64282],[130.37836,31.64234],[130.37845,31.64231],[130.37855,31.64228],[130.3789,31.64207],[130.37943,31.64159],[130.37995,31.64132],[130.38062,31.64113],[130.38137,31.64083],[130.38192,31.6406]]]}},{"type":"Feature","properties":{"name":"伊集院町妙円寺一丁目","setai":791,"jinko":1987,"key":"46216019001","units":1},"geometry":{"type":"Polygon","coordinates":[[[130.40071,31.64188],[130.40046,31.64157],[130.40026,31.6414],[130.40006,31.64131],[130.39958,31.64109],[130.39916,31.6409],[130.39886,31.64085],[130.39861,31.64095],[130.39859,31.64092],[130.39796,31.63996],[130.39832,31.63978],[130.39796,31.63922],[130.39758,31.63939],[130.39748,31.63934],[130.39752,31.63923],[130.39724,31.6392],[130.39705,31.63917],[130.39695,31.63912],[130.39682,31.63902],[130.39677,31.63896],[130.39651,31.63895],[130.39624,31.63896],[130.39605,31.639],[130.39589,31.6391],[130.39579,31.63918],[130.39575,31.63929],[130.39573,31.63938],[130.39573,31.63942],[130.39572,31.63956],[130.39572,31.63958],[130.39568,31.6396],[130.39561,31.63958],[130.39513,31.63948],[130.3948,31.6394],[130.39478,31.6394],[130.39462,31.63938],[130.39461,31.63936],[130.39457,31.63931],[130.39454,31.63926],[130.39452,31.63924],[130.3945,31.63922],[130.39447,31.63921],[130.39436,31.63921],[130.39398,31.63921],[130.39396,31.63923],[130.39373,31.63913],[130.39371,31.63912],[130.3937,31.63913],[130.39347,31.63915],[130.39334,31.63918],[130.3932,31.63924],[130.39303,31.63931],[130.39293,31.63932],[130.39268,31.63929],[130.39245,31.63917],[130.39226,31.63905],[130.39148,31.63919],[130.39149,31.63932],[130.39153,31.6401],[130.39157,31.64111],[130.39164,31.64187],[130.39187,31.64186],[130.39298,31.6418],[130.39301,31.64216],[130.39306,31.64292],[130.3931,31.64368],[130.3931,31.64401],[130.39305,31.64433],[130.39296,31.64452],[130.39229,31.64583],[130.39227,31.6459],[130.39222,31.64605],[130.39222,31.64623],[130.39225,31.64646],[130.39239,31.64672],[130.39289,31.64729],[130.39315,31.64759],[130.39378,31.64719],[130.39469,31.64664],[130.39492,31.64652],[130.3951,31.64647],[130.39529,31.64643],[130.3957,31.64641],[130.39577,31.64641],[130.39688,31.64634],[130.39754,31.6463],[130.39897,31.64622],[130.40029,31.64614],[130.40032,31.64614],[130.40121,31.64609],[130.40337,31.64596],[130.40343,31.64591],[130.4035,31.64586],[130.40358,31.64522],[130.40368,31.64483],[130.4037,31.64461],[130.40367,31.64442],[130.40359,31.64419],[130.40343,31.64397],[130.40341,31.64393],[130.40322,31.64379],[130.40315,31.64373],[130.40289,31.6436],[130.40268,31.64354],[130.4025,31.64349],[130.40223,31.6434],[130.402,31.6433],[130.40168,31.64307],[130.40158,31.64291],[130.40071,31.64188]]]}},{"type":"Feature","properties":{"name":"伊集院町妙円寺二丁目","setai":806,"jinko":2108,"key":"46216019002","units":1},"geometry":{"type":"Polygon","coordinates":[[[130.39229,31.64583],[130.39296,31.64452],[130.39305,31.64433],[130.3931,31.64401],[130.3931,31.64368],[130.39306,31.64292],[130.39301,31.64216],[130.39298,31.6418],[130.39187,31.64186],[130.39164,31.64187],[130.39157,31.64111],[130.39153,31.6401],[130.39149,31.63932],[130.39148,31.63919],[130.39144,31.63867],[130.39141,31.63863],[130.39117,31.63852],[130.3908,31.63831],[130.39071,31.63822],[130.39067,31.63786],[130.39061,31.63788],[130.39028,31.63799],[130.39003,31.63805],[130.38994,31.63811],[130.38984,31.63825],[130.38973,31.63845],[130.38961,31.63856],[130.38941,31.63867],[130.38931,31.63879],[130.38923,31.63897],[130.38913,31.63924],[130.38901,31.63942],[130.38886,31.63951],[130.38866,31.63959],[130.38848,31.63941],[130.38837,31.63939],[130.38774,31.6395],[130.38733,31.63961],[130.38706,31.63966],[130.38691,31.63967],[130.38679,31.63963],[130.3866,31.63953],[130.38647,31.63947],[130.38635,31.63946],[130.3862,31.6395],[130.38609,31.63956],[130.38587,31.63975],[130.38583,31.63982],[130.38577,31.64004],[130.38573,31.64025],[130.38574,31.64046],[130.38583,31.64086],[130.38587,31.64103],[130.38592,31.64117],[130.38596,31.64134],[130.38599,31.64142],[130.38607,31.64155],[130.38614,31.6417],[130.38634,31.64192],[130.38619,31.64187],[130.38588,31.64153],[130.38571,31.64128],[130.38544,31.64064],[130.38453,31.63947],[130.38434,31.63945],[130.3842,31.63938],[130.38406,31.63931],[130.38384,31.63922],[130.38364,31.63914],[130.3835,31.63911],[130.38337,31.63909],[130.38321,31.63909],[130.38311,31.6391],[130.383,31.63913],[130.3829,31.63918],[130.38278,31.63926],[130.38267,31.63934],[130.38257,31.63934],[130.38244,31.63936],[130.38235,31.63942],[130.38218,31.63965],[130.38207,31.63989],[130.38202,31.64028],[130.38192,31.6406],[130.38228,31.64263],[130.3824,31.6428],[130.38318,31.64312],[130.38348,31.64325],[130.38375,31.64343],[130.38386,31.6435],[130.38405,31.64369],[130.38414,31.64381],[130.38428,31.64409],[130.3845,31.64428],[130.38472,31.64443],[130.38505,31.64461],[130.38524,31.64485],[130.38557,31.64534],[130.38571,31.64549],[130.38585,31.64555],[130.38598,31.64559],[130.38616,31.64558],[130.38646,31.64553],[130.38674,31.64547],[130.38688,31.64547],[130.38705,31.64548],[130.38712,31.6455],[130.38722,31.64554],[130.38733,31.64563],[130.38744,31.64577],[130.38748,31.64598],[130.38743,31.64613],[130.38734,31.64628],[130.38714,31.64643],[130.38702,31.64653],[130.38699,31.64663],[130.38697,31.64689],[130.38704,31.64715],[130.3873,31.64778],[130.38755,31.6481],[130.388,31.64852],[130.38859,31.64899],[130.38927,31.64933],[130.38985,31.64954],[130.3902,31.64965],[130.3904,31.64971],[130.39105,31.64979],[130.3917,31.64975],[130.39175,31.64965],[130.39189,31.64935],[130.3922,31.64844],[130.39236,31.64812],[130.39255,31.64796],[130.39315,31.64759],[130.39289,31.64729],[130.39239,31.64672],[130.39225,31.64646],[130.39222,31.64623],[130.39222,31.64605],[130.39227,31.6459],[130.39229,31.64583]]]}},{"type":"Feature","properties":{"name":"伊集院町妙円寺三丁目","setai":611,"jinko":1982,"key":"46216019003","units":1},"geometry":{"type":"Polygon","coordinates":[[[130.39995,31.65023],[130.40006,31.65002],[130.40085,31.65008],[130.40097,31.65009],[130.40117,31.64997],[130.40139,31.64994],[130.40143,31.64994],[130.40165,31.64998],[130.40174,31.64995],[130.40183,31.64995],[130.40207,31.65003],[130.40218,31.64993],[130.40225,31.64985],[130.40227,31.64971],[130.40224,31.64969],[130.40227,31.64953],[130.40237,31.6494],[130.40246,31.64925],[130.40257,31.64914],[130.40267,31.64904],[130.40274,31.64889],[130.40279,31.6488],[130.40314,31.64811],[130.40324,31.64792],[130.40325,31.64766],[130.40325,31.64723],[130.40326,31.64675],[130.40326,31.64664],[130.40329,31.64642],[130.40327,31.64614],[130.40327,31.64606],[130.40337,31.64596],[130.40121,31.64609],[130.40032,31.64614],[130.40029,31.64614],[130.39897,31.64622],[130.39754,31.6463],[130.39688,31.64634],[130.39577,31.64641],[130.3957,31.64641],[130.39529,31.64643],[130.3951,31.64647],[130.39492,31.64652],[130.39469,31.64664],[130.39378,31.64719],[130.39315,31.64759],[130.39255,31.64796],[130.39236,31.64812],[130.3922,31.64844],[130.39189,31.64935],[130.39175,31.64965],[130.3917,31.64975],[130.39295,31.6497],[130.39331,31.64957],[130.39425,31.64925],[130.39461,31.64911],[130.39495,31.64896],[130.39582,31.64895],[130.39695,31.64914],[130.39698,31.64916],[130.39734,31.6494],[130.39752,31.6496],[130.39761,31.6497],[130.39824,31.65043],[130.39883,31.65089],[130.39953,31.65082],[130.39954,31.65047],[130.39969,31.65042],[130.39984,31.65034],[130.39995,31.65023]]]}},{"type":"Feature","properties":{"name":"東市来町養母","setai":533,"jinko":1134,"key":"462160200","units":1},"geometry":{"type":"Polygon","coordinates":[[[130.39369,31.73401],[130.39456,31.73399],[130.39545,31.73405],[130.39606,31.73414],[130.39653,31.73416],[130.39683,31.73415],[130.39721,31.73401],[130.39748,31.73377],[130.3977,31.73357],[130.3991,31.7329],[130.39926,31.73285],[130.39952,31.73281],[130.39966,31.73275],[130.39977,31.7326],[130.39979,31.73258],[130.4,31.73229],[130.40017,31.73216],[130.4005,31.73201],[130.40104,31.73193],[130.40161,31.73194],[130.40216,31.73194],[130.40239,31.73192],[130.40254,31.73181],[130.40263,31.73165],[130.4027,31.73134],[130.40284,31.73108],[130.40297,31.73093],[130.40299,31.73091],[130.40329,31.73077],[130.40367,31.73058],[130.40405,31.7302],[130.40461,31.72931],[130.40491,31.72879],[130.40519,31.72796],[130.40533,31.72809],[130.40561,31.72856],[130.40609,31.72961],[130.40625,31.72994],[130.40648,31.73023],[130.40672,31.73047],[130.40674,31.73059],[130.40678,31.7311],[130.40689,31.7313],[130.4072,31.73149],[130.40792,31.73175],[130.40838,31.73184],[130.40852,31.73221],[130.40864,31.73245],[130.40879,31.73257],[130.40908,31.73264],[130.4096,31.73264],[130.40983,31.73261],[130.40996,31.73247],[130.41,31.73242],[130.41014,31.73222],[130.4103,31.73219],[130.41055,31.73218],[130.41093,31.73231],[130.41113,31.73231],[130.41118,31.73224],[130.4111,31.7321],[130.411,31.73176],[130.41104,31.73137],[130.41125,31.73119],[130.41191,31.73104],[130.41215,31.73089],[130.41225,31.73077],[130.41224,31.73064],[130.41216,31.73038],[130.41221,31.73017],[130.41231,31.72997],[130.4124,31.72968],[130.41269,31.72929],[130.41275,31.72911],[130.41256,31.72863],[130.41257,31.72842],[130.4127,31.72822],[130.41298,31.72811],[130.4135,31.72807],[130.41368,31.72795],[130.41384,31.72762],[130.41394,31.72742],[130.41416,31.72725],[130.41439,31.72711],[130.41454,31.72694],[130.41463,31.72661],[130.41457,31.72578],[130.41489,31.72487],[130.41503,31.7244],[130.41498,31.72396],[130.41455,31.72289],[130.41402,31.72161],[130.41392,31.72134],[130.41408,31.72086],[130.414,31.72042],[130.41392,31.72027],[130.41365,31.7201],[130.41349,31.72002],[130.41341,31.71994],[130.41329,31.71975],[130.41308,31.71875],[130.41309,31.71865],[130.41305,31.71807],[130.41291,31.71644],[130.41292,31.71494],[130.41308,31.71473],[130.41326,31.71449],[130.4136,31.71418],[130.41379,31.71387],[130.41375,31.71317],[130.41354,31.7128],[130.41346,31.71248],[130.41369,31.7124],[130.4142,31.71242],[130.41449,31.71243],[130.41496,31.71226],[130.41531,31.7121],[130.4159,31.71204],[130.41607,31.71202],[130.41617,31.71194],[130.41623,31.71179],[130.41639,31.71174],[130.41668,31.71167],[130.41707,31.71152],[130.41728,31.71139],[130.4174,31.71117],[130.41768,31.71067],[130.4178,31.71062],[130.41786,31.71064],[130.41796,31.71077],[130.41822,31.71116],[130.4186,31.71132],[130.41905,31.71148],[130.41928,31.71146],[130.4194,31.7113],[130.41949,31.71108],[130.41982,31.71081],[130.42017,31.71054],[130.42027,31.7104],[130.42035,31.71013],[130.42036,31.70994],[130.42012,31.70955],[130.41993,31.70908],[130.41992,31.70862],[130.42018,31.70804],[130.42025,31.70777],[130.41934,31.70685],[130.41977,31.70538],[130.41963,31.70541],[130.41963,31.70528],[130.41961,31.70499],[130.41948,31.7044],[130.41937,31.70391],[130.4194,31.70372],[130.41981,31.7031],[130.42009,31.70247],[130.42029,31.70084],[130.42038,31.69936],[130.42037,31.69922],[130.42031,31.69867],[130.42016,31.69795],[130.42023,31.69735],[130.42066,31.6961],[130.42094,31.69565],[130.42119,31.69545],[130.42141,31.69523],[130.42156,31.69485],[130.42185,31.69333],[130.42189,31.69286],[130.42186,31.69248],[130.42147,31.68991],[130.4215,31.68895],[130.42139,31.68769],[130.42132,31.687],[130.42142,31.68613],[130.42156,31.68495],[130.42159,31.68491],[130.42165,31.68484],[130.42171,31.6848],[130.42177,31.68478],[130.42187,31.68475],[130.42196,31.68472],[130.42201,31.68467],[130.42207,31.68458],[130.4221,31.68447],[130.42211,31.6844],[130.42211,31.68425],[130.42209,31.68414],[130.42206,31.68408],[130.42201,31.68403],[130.42189,31.68393],[130.42173,31.68383],[130.42165,31.68379],[130.4216,31.68375],[130.42155,31.68371],[130.42153,31.68367],[130.42152,31.68359],[130.42152,31.68359],[130.42151,31.68305],[130.42157,31.68221],[130.42129,31.68155],[130.42133,31.68077],[130.42137,31.68055],[130.42143,31.68045],[130.42144,31.68031],[130.42123,31.67994],[130.4212,31.67962],[130.42125,31.67933],[130.42114,31.67885],[130.42099,31.67843],[130.42097,31.67806],[130.42094,31.67729],[130.42105,31.67676],[130.42116,31.67657],[130.42129,31.67642],[130.42147,31.67631],[130.42159,31.67622],[130.42175,31.6761],[130.42193,31.676],[130.4222,31.67568],[130.4226,31.67523],[130.42305,31.67471],[130.42326,31.67434],[130.42337,31.67412],[130.42341,31.67392],[130.42333,31.67369],[130.42299,31.67309],[130.42282,31.6728],[130.4222,31.6717],[130.42209,31.6715],[130.42154,31.67128],[130.42078,31.67095],[130.42051,31.6708],[130.42017,31.67075],[130.42,31.67068],[130.41987,31.67059],[130.41981,31.67043],[130.4198,31.67021],[130.4197,31.67008],[130.41844,31.66898],[130.41796,31.66885],[130.41725,31.66889],[130.41684,31.66897],[130.41595,31.66929],[130.4154,31.6694],[130.41444,31.6693],[130.41385,31.66908],[130.41334,31.66879],[130.41307,31.66852],[130.41286,31.66818],[130.41277,31.66772],[130.41275,31.66742],[130.41273,31.66715],[130.41271,31.66651],[130.41254,31.66603],[130.41208,31.66504],[130.41191,31.6647],[130.41174,31.66458],[130.41169,31.66457],[130.4112,31.66449],[130.41061,31.66452],[130.41034,31.66464],[130.40997,31.66473],[130.40939,31.66456],[130.40875,31.6643],[130.40836,31.66394],[130.40801,31.66373],[130.40755,31.66367],[130.40707,31.66372],[130.40677,31.66389],[130.40658,31.66395],[130.4063,31.6641],[130.4061,31.66416],[130.40589,31.66416],[130.40526,31.66412],[130.40474,31.66414],[130.40429,31.66413],[130.40404,31.66405],[130.40391,31.66403],[130.40322,31.66345],[130.40287,31.66328],[130.40264,31.6632],[130.40231,31.66302],[130.4021,31.66283],[130.40189,31.66228],[130.40169,31.66187],[130.40145,31.66167],[130.40107,31.66146],[130.40072,31.66117],[130.40056,31.66109],[130.40011,31.6611],[130.39942,31.66121],[130.39886,31.66134],[130.39883,31.66135],[130.39826,31.6613],[130.39779,31.66123],[130.39749,31.66111],[130.39719,31.66087],[130.39686,31.66052],[130.39638,31.66019],[130.39567,31.66006],[130.39527,31.66007],[130.39471,31.66019],[130.39442,31.6602],[130.3941,31.66011],[130.39279,31.65947],[130.39214,31.65933],[130.3908,31.659],[130.39012,31.65885],[130.38878,31.65856],[130.38765,31.65818],[130.38669,31.65784],[130.38618,31.6576],[130.38603,31.65753],[130.38585,31.65753],[130.38557,31.6576],[130.38533,31.6576],[130.38505,31.65755],[130.38425,31.65729],[130.38382,31.6571],[130.38348,31.65675],[130.38297,31.65612],[130.38285,31.65578],[130.38286,31.65559],[130.38295,31.65548],[130.38306,31.6553],[130.38313,31.65499],[130.38325,31.65426],[130.38338,31.65394],[130.3834,31.65386],[130.38341,31.65381],[130.3834,31.65372],[130.38327,31.65352],[130.38305,31.65334],[130.38246,31.65308],[130.38209,31.65293],[130.38189,31.65283],[130.38149,31.65253],[130.3811,31.65191],[130.38092,31.65155],[130.38037,31.65116],[130.37995,31.651],[130.37963,31.65087],[130.37933,31.65072],[130.37908,31.65046],[130.37893,31.65022],[130.3788,31.65018],[130.3786,31.65019],[130.3782,31.65025],[130.37778,31.65018],[130.37733,31.6501],[130.37706,31.65],[130.3768,31.64978],[130.37645,31.64953],[130.37594,31.64935],[130.37525,31.64909],[130.37466,31.64895],[130.37421,31.64872],[130.37392,31.64851],[130.3737,31.64818],[130.37365,31.64776],[130.37346,31.64686],[130.37326,31.64643],[130.37285,31.64588],[130.37258,31.64648],[130.3723,31.64702],[130.37199,31.64772],[130.37193,31.64828],[130.37197,31.64968],[130.37206,31.6503],[130.37209,31.6506],[130.37267,31.65209],[130.37271,31.65271],[130.37267,31.65371],[130.37253,31.65427],[130.37195,31.65549],[130.37161,31.65623],[130.37156,31.65674],[130.37151,31.65702],[130.3715,31.65791],[130.3712,31.65908],[130.37096,31.65947],[130.37093,31.65952],[130.37024,31.66053],[130.36983,31.66135],[130.36966,31.66181],[130.36959,31.66206],[130.36944,31.66282],[130.36941,31.66294],[130.36938,31.66312],[130.36946,31.66353],[130.36965,31.66393],[130.36991,31.66449],[130.37009,31.66496],[130.37016,31.6653],[130.37016,31.66549],[130.37015,31.66588],[130.37019,31.66616],[130.37028,31.66654],[130.3707,31.66757],[130.37098,31.66834],[130.37113,31.66888],[130.37112,31.66965],[130.37099,31.67002],[130.3708,31.67049],[130.37043,31.67121],[130.37027,31.67199],[130.37015,31.67434],[130.36981,31.67662],[130.36981,31.67673],[130.36998,31.67727],[130.37029,31.67996],[130.37058,31.68145],[130.37106,31.6832],[130.37182,31.68584],[130.37198,31.68639],[130.3735,31.69105],[130.37429,31.69164],[130.37534,31.69195],[130.37588,31.69205],[130.37625,31.69225],[130.37589,31.69288],[130.37533,31.69329],[130.37463,31.6935],[130.37396,31.69378],[130.37379,31.69391],[130.37376,31.69395],[130.37305,31.69486],[130.37289,31.69601],[130.37301,31.69665],[130.37359,31.69756],[130.37584,31.69942],[130.37571,31.70176],[130.37606,31.70502],[130.3765,31.70786],[130.37666,31.70913],[130.3771,31.7094],[130.3775,31.70964],[130.37777,31.70981],[130.37809,31.71002],[130.37816,31.71022],[130.37812,31.71035],[130.37796,31.7105],[130.37773,31.71072],[130.37764,31.71092],[130.37762,31.71113],[130.37765,31.71145],[130.37774,31.71179],[130.37784,31.71207],[130.37799,31.71222],[130.37821,31.71236],[130.37847,31.7126],[130.37856,31.71294],[130.3787,31.71336],[130.37866,31.7138],[130.37857,31.71417],[130.37836,31.71448],[130.37833,31.7151],[130.37824,31.71582],[130.37816,31.71631],[130.37781,31.71679],[130.37743,31.71738],[130.37723,31.71782],[130.37711,31.71821],[130.37705,31.71854],[130.37702,31.71882],[130.37698,31.71921],[130.37692,31.71973],[130.37672,31.72108],[130.37656,31.72176],[130.37646,31.72222],[130.37712,31.72287],[130.37727,31.72307],[130.37741,31.72328],[130.37746,31.72346],[130.37751,31.72415],[130.37761,31.72444],[130.37781,31.72485],[130.37809,31.72506],[130.37829,31.72523],[130.3783,31.72534],[130.37832,31.72573],[130.37821,31.72604],[130.37804,31.72639],[130.37788,31.72678],[130.37783,31.72712],[130.37791,31.72745],[130.37807,31.7279],[130.37821,31.72817],[130.37829,31.72845],[130.37827,31.72878],[130.37821,31.72918],[130.37811,31.72997],[130.37803,31.73064],[130.37877,31.73063],[130.37995,31.73064],[130.38052,31.73084],[130.38079,31.73108],[130.38128,31.73174],[130.38187,31.73213],[130.38257,31.73244],[130.38321,31.73265],[130.38415,31.73282],[130.38561,31.73296],[130.3864,31.73298],[130.38659,31.73295],[130.38725,31.73284],[130.38767,31.73285],[130.38858,31.73326],[130.39029,31.73396],[130.39096,31.73414],[130.39161,31.73424],[130.39216,31.73424],[130.39268,31.73415],[130.3932,31.73403],[130.39369,31.73401]]]}},{"type":"Feature","properties":{"name":"東市来町長里","setai":1290,"jinko":3232,"key":"462160210","units":1},"geometry":{"type":"Polygon","coordinates":[[[130.36955,31.67728],[130.3697,31.67727],[130.36998,31.67727],[130.36981,31.67673],[130.36981,31.67662],[130.37015,31.67434],[130.37027,31.67199],[130.37043,31.67121],[130.3708,31.67049],[130.37099,31.67002],[130.37112,31.66965],[130.37113,31.66888],[130.37098,31.66834],[130.3707,31.66757],[130.37028,31.66654],[130.37019,31.66616],[130.37015,31.66588],[130.37016,31.66549],[130.37016,31.6653],[130.37009,31.66496],[130.36991,31.66449],[130.36965,31.66393],[130.36946,31.66353],[130.36938,31.66312],[130.36941,31.66294],[130.36944,31.66282],[130.36959,31.66206],[130.36966,31.66181],[130.36983,31.66135],[130.37024,31.66053],[130.37093,31.65952],[130.37096,31.65947],[130.3712,31.65908],[130.3715,31.65791],[130.37151,31.65702],[130.37156,31.65674],[130.37161,31.65623],[130.37195,31.65549],[130.37253,31.65427],[130.37267,31.65371],[130.37271,31.65271],[130.37267,31.65209],[130.37209,31.6506],[130.37108,31.65081],[130.37035,31.65086],[130.36998,31.65085],[130.36918,31.65061],[130.36779,31.65017],[130.36691,31.64984],[130.36622,31.64972],[130.36554,31.64969],[130.3651,31.64969],[130.36421,31.6498],[130.36319,31.64991],[130.36281,31.64992],[130.36157,31.64996],[130.36027,31.64988],[130.35971,31.64981],[130.35881,31.64961],[130.35824,31.64948],[130.35718,31.6492],[130.35668,31.64916],[130.356,31.64912],[130.35573,31.64916],[130.3551,31.64916],[130.3547,31.64909],[130.35433,31.64899],[130.35398,31.64883],[130.35227,31.64812],[130.35198,31.64803],[130.35141,31.64789],[130.35039,31.64782],[130.34968,31.64797],[130.34953,31.64802],[130.34893,31.64856],[130.34837,31.64924],[130.3482,31.64944],[130.34807,31.6496],[130.34706,31.65092],[130.34652,31.65162],[130.34627,31.65195],[130.34523,31.65267],[130.34469,31.65288],[130.3428,31.65348],[130.34178,31.65391],[130.34137,31.65413],[130.3406,31.65467],[130.34001,31.65522],[130.33969,31.65552],[130.3393,31.65607],[130.33908,31.65609],[130.33883,31.6561],[130.33865,31.65615],[130.33798,31.6561],[130.33759,31.65609],[130.33723,31.65611],[130.33621,31.65645],[130.33564,31.65672],[130.33524,31.6569],[130.33506,31.65701],[130.3346,31.65726],[130.33414,31.65758],[130.33333,31.65827],[130.33302,31.65864],[130.33281,31.6589],[130.33275,31.65893],[130.3327,31.65893],[130.3326,31.6589],[130.33243,31.65867],[130.33223,31.65842],[130.33209,31.65827],[130.33195,31.65817],[130.33179,31.65809],[130.33154,31.65804],[130.33128,31.65803],[130.33101,31.65806],[130.33065,31.65815],[130.33025,31.65827],[130.32969,31.65847],[130.33037,31.65881],[130.33052,31.6589],[130.3315,31.6595],[130.33209,31.65981],[130.33289,31.66017],[130.33317,31.66031],[130.33344,31.6606],[130.33354,31.66084],[130.33347,31.66114],[130.33339,31.66166],[130.33339,31.66185],[130.33343,31.662],[130.33357,31.66215],[130.3337,31.66222],[130.3338,31.66227],[130.33393,31.66233],[130.33395,31.66235],[130.33413,31.66267],[130.3343,31.663],[130.33455,31.6629],[130.33454,31.66294],[130.33451,31.66301],[130.33445,31.66308],[130.33436,31.66316],[130.33434,31.66327],[130.3343,31.66343],[130.33425,31.66352],[130.33419,31.66358],[130.33396,31.66364],[130.33388,31.6637],[130.33381,31.66382],[130.33381,31.66389],[130.33384,31.66407],[130.33385,31.66423],[130.33383,31.66443],[130.33373,31.6646],[130.33372,31.66472],[130.33378,31.66485],[130.33389,31.66508],[130.33394,31.66522],[130.33396,31.66537],[130.33402,31.66551],[130.33411,31.66567],[130.33419,31.66577],[130.33428,31.66592],[130.33415,31.66603],[130.33405,31.66616],[130.33403,31.66623],[130.33403,31.66629],[130.33406,31.66643],[130.33386,31.66656],[130.33435,31.66654],[130.33478,31.66651],[130.33515,31.66651],[130.33553,31.66659],[130.33585,31.66668],[130.33612,31.66679],[130.33631,31.66691],[130.33656,31.66707],[130.33664,31.66712],[130.33686,31.66726],[130.33717,31.66741],[130.33738,31.66755],[130.33753,31.66763],[130.33777,31.66781],[130.33787,31.66793],[130.33806,31.66819],[130.33824,31.66838],[130.33851,31.66859],[130.33926,31.6692],[130.33949,31.66887],[130.33958,31.66873],[130.33982,31.66839],[130.34024,31.66861],[130.34033,31.66867],[130.34038,31.66874],[130.34043,31.66885],[130.34052,31.66898],[130.34061,31.6691],[130.34069,31.6693],[130.34061,31.66933],[130.3409,31.66931],[130.34104,31.66931],[130.34116,31.66938],[130.3412,31.66971],[130.34132,31.66969],[130.34147,31.66967],[130.34147,31.66971],[130.3415,31.66991],[130.34149,31.66993],[130.34138,31.6701],[130.34246,31.67063],[130.34264,31.67091],[130.34316,31.67145],[130.34359,31.6718],[130.34389,31.67201],[130.34408,31.67207],[130.34449,31.67215],[130.34482,31.6722],[130.34506,31.67231],[130.34558,31.67255],[130.34589,31.67264],[130.34615,31.67271],[130.34664,31.67296],[130.3471,31.67307],[130.34763,31.67314],[130.34797,31.67309],[130.34809,31.67303],[130.34834,31.67281],[130.34867,31.67248],[130.34883,31.67242],[130.34895,31.67241],[130.34906,31.67245],[130.34918,31.67257],[130.34932,31.67279],[130.3494,31.67301],[130.34941,31.67311],[130.34941,31.67336],[130.34954,31.67372],[130.34975,31.67408],[130.34996,31.6742],[130.35016,31.67422],[130.35043,31.67423],[130.35058,31.67418],[130.35081,31.67407],[130.35111,31.67398],[130.35151,31.6739],[130.35187,31.67378],[130.35206,31.67375],[130.35218,31.67375],[130.35251,31.67374],[130.35292,31.67372],[130.35337,31.67365],[130.35355,31.67363],[130.35376,31.67365],[130.35405,31.67374],[130.35438,31.67383],[130.35459,31.67394],[130.35471,31.674],[130.35507,31.67389],[130.35535,31.67382],[130.3554,31.6738],[130.35548,31.67375],[130.35568,31.6736],[130.35576,31.67355],[130.35585,31.67352],[130.35615,31.67356],[130.35636,31.67356],[130.35659,31.6735],[130.35678,31.67337],[130.35688,31.67315],[130.35701,31.67276],[130.3571,31.67261],[130.35724,31.67245],[130.35745,31.67186],[130.35769,31.67099],[130.35775,31.67072],[130.35896,31.67075],[130.35908,31.67085],[130.35918,31.67098],[130.35922,31.67108],[130.3592,31.67118],[130.35914,31.67155],[130.35913,31.67175],[130.35924,31.67212],[130.35925,31.67227],[130.35924,31.67234],[130.35919,31.67248],[130.3591,31.67265],[130.35884,31.67326],[130.35894,31.6733],[130.35907,31.6733],[130.35925,31.67323],[130.35948,31.67314],[130.35964,31.67313],[130.3598,31.67317],[130.36004,31.67323],[130.36019,31.67322],[130.36038,31.67319],[130.36056,31.67318],[130.36076,31.67323],[130.36123,31.67336],[130.3617,31.67354],[130.36196,31.6736],[130.36191,31.6739],[130.36188,31.67414],[130.36188,31.67437],[130.36191,31.6745],[130.36198,31.67469],[130.36201,31.67484],[130.362,31.67506],[130.36201,31.67542],[130.36234,31.67538],[130.3626,31.67541],[130.36278,31.67547],[130.36305,31.6756],[130.36297,31.67578],[130.36296,31.67613],[130.36296,31.67649],[130.36311,31.67663],[130.3633,31.67692],[130.36339,31.67698],[130.36353,31.677],[130.36392,31.67699],[130.36523,31.67694],[130.36586,31.67691],[130.36608,31.67698],[130.36629,31.67708],[130.36647,31.67708],[130.36665,31.67703],[130.36682,31.67696],[130.36694,31.67689],[130.36715,31.67688],[130.36764,31.67695],[130.3678,31.67701],[130.36815,31.67727],[130.3684,31.67746],[130.36862,31.67754],[130.36885,31.67756],[130.36901,31.67752],[130.36936,31.67735],[130.36955,31.67728]],[[130.34096,31.66671],[130.341,31.66665],[130.34121,31.66682],[130.34127,31.66689],[130.34128,31.66698],[130.34131,31.66724],[130.34138,31.66724],[130.34145,31.66758],[130.34146,31.66759],[130.34169,31.66757],[130.34169,31.66761],[130.34137,31.66765],[130.34136,31.66765],[130.34135,31.66768],[130.34138,31.66783],[130.34147,31.6682],[130.34126,31.66821],[130.34111,31.66808],[130.34108,31.66808],[130.34073,31.66837],[130.34016,31.6679],[130.34022,31.66781],[130.34064,31.66718],[130.34096,31.66671]]]}},{"type":"Feature","properties":{"name":"東市来町湯田","setai":1861,"jinko":4340,"key":"462160220","units":1},"geometry":{"type":"MultiPolygon","coordinates":[[[[130.3765,31.70786],[130.37606,31.70502],[130.37571,31.70176],[130.37584,31.69942],[130.37359,31.69756],[130.37301,31.69665],[130.37289,31.69601],[130.37305,31.69486],[130.37376,31.69395],[130.37379,31.69391],[130.37396,31.69378],[130.37463,31.6935],[130.37533,31.69329],[130.37589,31.69288],[130.37625,31.69225],[130.37588,31.69205],[130.37534,31.69195],[130.37429,31.69164],[130.3735,31.69105],[130.37198,31.68639],[130.37182,31.68584],[130.37106,31.6832],[130.37058,31.68145],[130.37029,31.67996],[130.36998,31.67727],[130.3697,31.67727],[130.36955,31.67728],[130.36936,31.67735],[130.36901,31.67752],[130.36885,31.67756],[130.36862,31.67754],[130.3684,31.67746],[130.36815,31.67727],[130.3678,31.67701],[130.36764,31.67695],[130.36715,31.67688],[130.36694,31.67689],[130.36682,31.67696],[130.36665,31.67703],[130.36647,31.67708],[130.36629,31.67708],[130.36608,31.67698],[130.36586,31.67691],[130.36523,31.67694],[130.36392,31.67699],[130.36353,31.677],[130.36339,31.67698],[130.3633,31.67692],[130.36311,31.67663],[130.36296,31.67649],[130.36296,31.67613],[130.36297,31.67578],[130.36305,31.6756],[130.36278,31.67547],[130.3626,31.67541],[130.36234,31.67538],[130.36201,31.67542],[130.362,31.67506],[130.36201,31.67484],[130.36198,31.67469],[130.36191,31.6745],[130.36188,31.67437],[130.36188,31.67414],[130.36191,31.6739],[130.36196,31.6736],[130.3617,31.67354],[130.36123,31.67336],[130.36076,31.67323],[130.36056,31.67318],[130.36038,31.67319],[130.36019,31.67322],[130.36004,31.67323],[130.3598,31.67317],[130.35964,31.67313],[130.35948,31.67314],[130.35925,31.67323],[130.35907,31.6733],[130.35894,31.6733],[130.35884,31.67326],[130.3591,31.67265],[130.35919,31.67248],[130.35924,31.67234],[130.35925,31.67227],[130.35924,31.67212],[130.35913,31.67175],[130.35914,31.67155],[130.3592,31.67118],[130.35922,31.67108],[130.35918,31.67098],[130.35908,31.67085],[130.35896,31.67075],[130.35775,31.67072],[130.35769,31.67099],[130.35745,31.67186],[130.35724,31.67245],[130.3571,31.67261],[130.35701,31.67276],[130.35688,31.67315],[130.35678,31.67337],[130.35659,31.6735],[130.35636,31.67356],[130.35615,31.67356],[130.35585,31.67352],[130.35576,31.67355],[130.35568,31.6736],[130.35548,31.67375],[130.3554,31.6738],[130.35535,31.67382],[130.35507,31.67389],[130.35471,31.674],[130.35459,31.67394],[130.35438,31.67383],[130.35405,31.67374],[130.35376,31.67365],[130.35355,31.67363],[130.35337,31.67365],[130.35292,31.67372],[130.35251,31.67374],[130.35218,31.67375],[130.35206,31.67375],[130.35187,31.67378],[130.35151,31.6739],[130.35111,31.67398],[130.35081,31.67407],[130.35058,31.67418],[130.35043,31.67423],[130.35016,31.67422],[130.34996,31.6742],[130.34975,31.67408],[130.34954,31.67372],[130.34941,31.67336],[130.34941,31.67311],[130.3494,31.67301],[130.34932,31.67279],[130.34918,31.67257],[130.34906,31.67245],[130.34895,31.67241],[130.34883,31.67242],[130.34867,31.67248],[130.34834,31.67281],[130.34809,31.67303],[130.34797,31.67309],[130.34763,31.67314],[130.3471,31.67307],[130.34664,31.67296],[130.34615,31.67271],[130.34589,31.67264],[130.34558,31.67255],[130.34506,31.67231],[130.34482,31.6722],[130.34449,31.67215],[130.34408,31.67207],[130.34389,31.67201],[130.34359,31.6718],[130.34316,31.67145],[130.34264,31.67091],[130.34246,31.67063],[130.34138,31.6701],[130.34149,31.66993],[130.3415,31.66991],[130.34147,31.66971],[130.34147,31.66967],[130.34132,31.66969],[130.3412,31.66971],[130.34116,31.66938],[130.34104,31.66931],[130.3409,31.66931],[130.34061,31.66933],[130.34069,31.6693],[130.34061,31.6691],[130.34052,31.66898],[130.34043,31.66885],[130.34038,31.66874],[130.34033,31.66867],[130.34024,31.66861],[130.33982,31.66839],[130.33958,31.66873],[130.33949,31.66887],[130.33926,31.6692],[130.33851,31.66859],[130.33824,31.66838],[130.33806,31.66819],[130.33787,31.66793],[130.33777,31.66781],[130.33753,31.66763],[130.33738,31.66755],[130.33717,31.66741],[130.33686,31.66726],[130.33664,31.66712],[130.33656,31.66707],[130.33631,31.66691],[130.33612,31.66679],[130.33585,31.66668],[130.33553,31.66659],[130.33515,31.66651],[130.33478,31.66651],[130.33435,31.66654],[130.33386,31.66656],[130.33406,31.66643],[130.33403,31.66629],[130.33403,31.66623],[130.33405,31.66616],[130.33415,31.66603],[130.33428,31.66592],[130.33419,31.66577],[130.33411,31.66567],[130.33402,31.66551],[130.33396,31.66537],[130.33394,31.66522],[130.33389,31.66508],[130.33378,31.66485],[130.33372,31.66472],[130.33373,31.6646],[130.33383,31.66443],[130.33385,31.66423],[130.33384,31.66407],[130.33381,31.66389],[130.33381,31.66382],[130.33388,31.6637],[130.33396,31.66364],[130.33419,31.66358],[130.33425,31.66352],[130.3343,31.66343],[130.33434,31.66327],[130.33436,31.66316],[130.33445,31.66308],[130.33451,31.66301],[130.33454,31.66294],[130.33455,31.6629],[130.3343,31.663],[130.33413,31.66267],[130.33395,31.66235],[130.33393,31.66233],[130.3338,31.66227],[130.3337,31.66222],[130.33357,31.66215],[130.33343,31.662],[130.33339,31.66185],[130.33339,31.66166],[130.33347,31.66114],[130.33354,31.66084],[130.33344,31.6606],[130.33317,31.66031],[130.33289,31.66017],[130.33209,31.65981],[130.3315,31.6595],[130.33052,31.6589],[130.33037,31.65881],[130.32969,31.65847],[130.32941,31.65867],[130.32886,31.65886],[130.32772,31.65909],[130.32689,31.65881],[130.32628,31.6585],[130.32563,31.65795],[130.32497,31.6571],[130.32445,31.65684],[130.32404,31.65675],[130.32323,31.65678],[130.32276,31.65674],[130.3224,31.65666],[130.32196,31.65646],[130.32159,31.65633],[130.32108,31.65623],[130.32084,31.65621],[130.32084,31.65617],[130.32062,31.65619],[130.32026,31.6562],[130.32003,31.6562],[130.31947,31.65613],[130.31921,31.65605],[130.31892,31.65585],[130.31872,31.65564],[130.31855,31.65537],[130.31849,31.65505],[130.31848,31.65468],[130.31761,31.65429],[130.31757,31.65428],[130.31738,31.65419],[130.31757,31.65391],[130.31758,31.6539],[130.31757,31.6539],[130.31753,31.65387],[130.31733,31.65417],[130.31728,31.65424],[130.31757,31.65437],[130.31765,31.6544],[130.31757,31.65453],[130.31753,31.6546],[130.3167,31.65589],[130.3167,31.65589],[130.31669,31.6559],[130.31669,31.6559],[130.31668,31.6559],[130.31668,31.6559],[130.31667,31.65591],[130.31666,31.65591],[130.31666,31.6559],[130.31665,31.6559],[130.31617,31.6557],[130.31629,31.65548],[130.31616,31.65543],[130.31604,31.65565],[130.31556,31.65545],[130.31558,31.65542],[130.31602,31.65473],[130.31655,31.65382],[130.31645,31.65323],[130.31638,31.65278],[130.31629,31.6528],[130.31636,31.65323],[130.31646,31.65382],[130.31595,31.6547],[130.31551,31.65539],[130.31496,31.65635],[130.31499,31.65642],[130.31584,31.65679],[130.31682,31.65722],[130.31689,31.65727],[130.31689,31.65728],[130.31675,31.65757],[130.31681,31.65758],[130.31687,31.6576],[130.31692,31.65762],[130.31698,31.65764],[130.31703,31.65765],[130.31708,31.65767],[130.31713,31.65769],[130.31718,31.65771],[130.31722,31.65773],[130.31725,31.65774],[130.31726,31.65775],[130.3173,31.65778],[130.31734,31.6578],[130.31739,31.65784],[130.31743,31.65789],[130.31751,31.65797],[130.31737,31.65786],[130.31731,31.65782],[130.31724,31.65778],[130.31717,31.65774],[130.31716,31.65774],[130.31709,31.65771],[130.31705,31.6577],[130.31696,31.65767],[130.31686,31.65766],[130.31677,31.65764],[130.31667,31.65764],[130.31655,31.6576],[130.31639,31.65752],[130.31629,31.65748],[130.31618,31.65745],[130.31613,31.65743],[130.31609,31.65742],[130.31605,31.65742],[130.31604,31.65742],[130.31602,31.65743],[130.31601,31.65744],[130.31601,31.65745],[130.316,31.65747],[130.316,31.65749],[130.31601,31.65753],[130.31602,31.65757],[130.31603,31.65764],[130.31605,31.6577],[130.31607,31.65774],[130.31607,31.65775],[130.31608,31.6578],[130.31609,31.65785],[130.31609,31.65789],[130.31608,31.65794],[130.31607,31.65798],[130.31605,31.65807],[130.31603,31.65812],[130.316,31.65816],[130.31595,31.65825],[130.31593,31.65827],[130.31592,31.65829],[130.31606,31.65846],[130.31618,31.65855],[130.31631,31.65915],[130.31588,31.65974],[130.31577,31.65985],[130.31564,31.66012],[130.31552,31.66038],[130.31552,31.66038],[130.31552,31.66038],[130.31584,31.66062],[130.31587,31.66147],[130.31586,31.66161],[130.31575,31.66171],[130.31553,31.6619],[130.31548,31.66204],[130.31552,31.66278],[130.3157,31.66282],[130.31714,31.66285],[130.31775,31.66299],[130.31805,31.66292],[130.31825,31.66291],[130.31868,31.66303],[130.31892,31.66312],[130.31907,31.66322],[130.31985,31.66362],[130.32094,31.66455],[130.32103,31.66474],[130.32124,31.66511],[130.32126,31.66514],[130.32265,31.6666],[130.32272,31.66665],[130.32278,31.6668],[130.32279,31.66681],[130.32285,31.66734],[130.32289,31.66755],[130.32297,31.66769],[130.32319,31.66792],[130.3233,31.66806],[130.3233,31.66821],[130.32311,31.66829],[130.32286,31.66841],[130.32277,31.6686],[130.32277,31.66882],[130.32282,31.66919],[130.32305,31.67052],[130.32313,31.671],[130.32328,31.67165],[130.32329,31.67169],[130.32334,31.67197],[130.32332,31.67223],[130.32396,31.67233],[130.32445,31.6725],[130.32446,31.67261],[130.32472,31.6749],[130.3247,31.67541],[130.32475,31.67564],[130.32486,31.67588],[130.32491,31.67608],[130.32488,31.67613],[130.32482,31.67614],[130.32366,31.67593],[130.32349,31.67596],[130.3234,31.67602],[130.32339,31.67661],[130.32338,31.67672],[130.32337,31.67676],[130.32318,31.67676],[130.32317,31.67719],[130.32319,31.67722],[130.32325,31.6773],[130.32331,31.67735],[130.32333,31.67742],[130.32334,31.67748],[130.32336,31.67761],[130.32338,31.67764],[130.32343,31.67767],[130.32351,31.67768],[130.32363,31.67769],[130.32369,31.67771],[130.32371,31.67774],[130.32371,31.67781],[130.32368,31.6779],[130.32368,31.67797],[130.3237,31.67804],[130.32369,31.67811],[130.32366,31.67815],[130.32354,31.67819],[130.32335,31.6782],[130.32307,31.67821],[130.32301,31.67821],[130.32296,31.6786],[130.32294,31.67877],[130.32302,31.67879],[130.32317,31.67881],[130.32315,31.67898],[130.32345,31.67899],[130.3234,31.67941],[130.3234,31.67953],[130.32343,31.67966],[130.32352,31.67971],[130.32393,31.67977],[130.32429,31.67981],[130.32444,31.67981],[130.3246,31.67978],[130.32473,31.67975],[130.32486,31.67971],[130.32494,31.67961],[130.32504,31.67959],[130.32515,31.67961],[130.32535,31.67981],[130.32573,31.67984],[130.32636,31.68025],[130.32739,31.68092],[130.32786,31.68128],[130.32818,31.68154],[130.3287,31.68209],[130.32896,31.68245],[130.32912,31.68266],[130.32924,31.68266],[130.32941,31.68264],[130.3296,31.68268],[130.32988,31.68279],[130.32963,31.68317],[130.32961,31.6832],[130.32969,31.68323],[130.33003,31.68332],[130.33009,31.68421],[130.3301,31.68437],[130.33012,31.6846],[130.33065,31.685],[130.33113,31.68489],[130.33118,31.68515],[130.33126,31.68555],[130.33136,31.68583],[130.33147,31.6862],[130.33146,31.68654],[130.33058,31.6877],[130.33045,31.68791],[130.32963,31.68852],[130.32891,31.68911],[130.32888,31.68914],[130.3284,31.68962],[130.32826,31.68998],[130.32823,31.69023],[130.32821,31.69034],[130.3282,31.69084],[130.3282,31.69128],[130.32808,31.69189],[130.32854,31.69296],[130.32874,31.69321],[130.32909,31.69356],[130.32936,31.69409],[130.32994,31.6958],[130.33004,31.69603],[130.33007,31.69638],[130.33001,31.69689],[130.33002,31.69712],[130.33091,31.69716],[130.33114,31.69712],[130.3315,31.69699],[130.33196,31.69694],[130.33256,31.69693],[130.33309,31.69703],[130.33347,31.69713],[130.33383,31.69723],[130.33415,31.69729],[130.33446,31.6973],[130.3348,31.69731],[130.33523,31.69733],[130.33551,31.69736],[130.33582,31.69738],[130.33626,31.6974],[130.33661,31.69739],[130.33663,31.69739],[130.33693,31.69741],[130.33747,31.69746],[130.33797,31.69751],[130.33847,31.69756],[130.33907,31.69762],[130.33958,31.69768],[130.33991,31.69773],[130.34031,31.69786],[130.34045,31.69794],[130.34068,31.69802],[130.34081,31.69806],[130.34094,31.69807],[130.3414,31.69807],[130.34147,31.69807],[130.34173,31.69811],[130.34179,31.69812],[130.34214,31.69809],[130.34234,31.69814],[130.34253,31.69817],[130.34263,31.69819],[130.34293,31.69824],[130.34319,31.69825],[130.34347,31.69829],[130.34383,31.69831],[130.34422,31.69839],[130.34467,31.69848],[130.34504,31.69853],[130.34531,31.69856],[130.34557,31.69856],[130.34583,31.69854],[130.34611,31.69851],[130.34631,31.69853],[130.34655,31.69861],[130.34668,31.69869],[130.34681,31.69875],[130.34721,31.69871],[130.34742,31.69871],[130.34786,31.69879],[130.34858,31.69886],[130.34892,31.69892],[130.34918,31.69898],[130.34959,31.69912],[130.34976,31.69919],[130.34988,31.69924],[130.34995,31.69954],[130.34999,31.69996],[130.35001,31.7002],[130.35005,31.70036],[130.35008,31.70053],[130.3501,31.70071],[130.35004,31.70102],[130.34999,31.70112],[130.34997,31.70117],[130.34999,31.70123],[130.35009,31.70131],[130.35042,31.70143],[130.35071,31.70151],[130.35108,31.70152],[130.35134,31.70152],[130.35157,31.7016],[130.35177,31.70173],[130.35193,31.7018],[130.35211,31.70179],[130.35237,31.70173],[130.35257,31.70173],[130.35287,31.70179],[130.3532,31.7019],[130.3537,31.70203],[130.35395,31.70212],[130.3541,31.70216],[130.35411,31.70207],[130.35417,31.70191],[130.35434,31.70148],[130.35448,31.70118],[130.3547,31.70116],[130.3557,31.70121],[130.35591,31.70135],[130.35595,31.70149],[130.35595,31.70232],[130.35598,31.70245],[130.35599,31.70251],[130.35604,31.7026],[130.35631,31.70272],[130.35648,31.70277],[130.35672,31.70279],[130.3571,31.70283],[130.35758,31.70285],[130.35788,31.70289],[130.35818,31.70294],[130.35871,31.703],[130.35895,31.70294],[130.35906,31.7029],[130.35937,31.70268],[130.3599,31.70256],[130.36131,31.70217],[130.36271,31.70316],[130.36329,31.70298],[130.3633,31.703],[130.36339,31.70308],[130.36352,31.70312],[130.36363,31.70319],[130.36673,31.70425],[130.36693,31.70422],[130.3671,31.70421],[130.3673,31.70426],[130.36741,31.70431],[130.36755,31.70444],[130.36772,31.7046],[130.36791,31.70469],[130.36795,31.70471],[130.3683,31.70479],[130.36862,31.70492],[130.36896,31.70519],[130.36914,31.70538],[130.36934,31.70556],[130.36962,31.70571],[130.36995,31.70578],[130.37035,31.70579],[130.37067,31.70575],[130.37112,31.70564],[130.37144,31.70562],[130.37173,31.70568],[130.37198,31.70587],[130.37228,31.70608],[130.37259,31.70623],[130.37282,31.70626],[130.37328,31.70677],[130.37522,31.7079],[130.37505,31.70847],[130.37559,31.70854],[130.37581,31.70859],[130.37611,31.70874],[130.37653,31.70905],[130.37666,31.70913],[130.3765,31.70786]]],[[[130.34108,31.66808],[130.34111,31.66808],[130.34126,31.66821],[130.34147,31.6682],[130.34138,31.66783],[130.34135,31.66768],[130.34136,31.66765],[130.34137,31.66765],[130.34169,31.66761],[130.34169,31.66757],[130.34146,31.66759],[130.34145,31.66758],[130.34138,31.66724],[130.34131,31.66724],[130.34128,31.66698],[130.34127,31.66689],[130.34121,31.66682],[130.341,31.66665],[130.34096,31.66671],[130.34064,31.66718],[130.34022,31.66781],[130.34016,31.6679],[130.34073,31.66837],[130.34108,31.66808]]]]}},{"type":"Feature","properties":{"name":"東市来町伊作田","setai":580,"jinko":1300,"key":"462160230","units":1},"geometry":{"type":"Polygon","coordinates":[[[130.33101,31.65806],[130.33128,31.65803],[130.33154,31.65804],[130.33179,31.65809],[130.33195,31.65817],[130.33209,31.65827],[130.33223,31.65842],[130.33243,31.65867],[130.3326,31.6589],[130.3327,31.65893],[130.33275,31.65893],[130.33281,31.6589],[130.33302,31.65864],[130.33333,31.65827],[130.33414,31.65758],[130.3346,31.65726],[130.33506,31.65701],[130.33524,31.6569],[130.33564,31.65672],[130.33621,31.65645],[130.33723,31.65611],[130.33759,31.65609],[130.33798,31.6561],[130.33865,31.65615],[130.33883,31.6561],[130.33908,31.65609],[130.3393,31.65607],[130.33969,31.65552],[130.34001,31.65522],[130.3406,31.65467],[130.34137,31.65413],[130.34178,31.65391],[130.3428,31.65348],[130.34469,31.65288],[130.34523,31.65267],[130.34627,31.65195],[130.34652,31.65162],[130.34706,31.65092],[130.34807,31.6496],[130.3482,31.64944],[130.34837,31.64924],[130.34893,31.64856],[130.34953,31.64802],[130.34968,31.64797],[130.35039,31.64782],[130.3501,31.64585],[130.34999,31.6444],[130.34992,31.64248],[130.34984,31.64107],[130.34966,31.63966],[130.34919,31.63771],[130.34816,31.63441],[130.34768,31.63282],[130.34768,31.6328],[130.34743,31.63272],[130.34717,31.63247],[130.34692,31.63218],[130.34669,31.63205],[130.34582,31.63181],[130.34527,31.63166],[130.34496,31.63149],[130.34468,31.63128],[130.34436,31.63099],[130.34367,31.63067],[130.34338,31.63049],[130.34303,31.63024],[130.34274,31.63011],[130.34188,31.62989],[130.34147,31.62968],[130.34022,31.62936],[130.33981,31.62918],[130.33879,31.62877],[130.3386,31.62869],[130.33748,31.62835],[130.3364,31.62798],[130.33449,31.6273],[130.33395,31.62714],[130.33371,31.62708],[130.33352,31.62701],[130.3333,31.62687],[130.33318,31.62676],[130.33306,31.62661],[130.33274,31.62676],[130.33187,31.62658],[130.32983,31.62624],[130.32981,31.62633],[130.32978,31.62642],[130.32977,31.6265],[130.32975,31.62659],[130.32974,31.62667],[130.32974,31.62676],[130.32973,31.62684],[130.32972,31.62687],[130.32973,31.62692],[130.32975,31.62694],[130.32977,31.62696],[130.32979,31.62696],[130.32979,31.62696],[130.3298,31.62697],[130.32981,31.62697],[130.32983,31.62696],[130.32985,31.62695],[130.32986,31.62694],[130.32988,31.62693],[130.3299,31.62689],[130.32994,31.62682],[130.32997,31.62677],[130.32998,31.62675],[130.32999,31.62674],[130.33001,31.62673],[130.33005,31.62671],[130.33008,31.6267],[130.33011,31.6267],[130.33017,31.62671],[130.33023,31.62671],[130.33028,31.62672],[130.33032,31.62671],[130.33033,31.62671],[130.33039,31.62669],[130.33044,31.62668],[130.33049,31.62668],[130.33053,31.62668],[130.33055,31.62669],[130.33057,31.62669],[130.3306,31.62671],[130.33065,31.62676],[130.33061,31.62675],[130.33057,31.62674],[130.33052,31.62673],[130.3305,31.62673],[130.33045,31.62674],[130.3304,31.62675],[130.33036,31.62676],[130.33033,31.62677],[130.33028,31.62677],[130.33022,31.62677],[130.33017,31.62676],[130.33011,31.62676],[130.33009,31.62676],[130.33007,31.62676],[130.33005,31.62677],[130.33003,31.62679],[130.33002,31.6268],[130.33,31.62684],[130.32998,31.62689],[130.32996,31.62694],[130.32994,31.62699],[130.32993,31.62702],[130.32991,31.62704],[130.3299,31.62706],[130.32988,31.62707],[130.32986,31.62708],[130.32983,31.62708],[130.32981,31.62707],[130.32979,31.62707],[130.32976,31.62706],[130.32974,31.62705],[130.32968,31.62702],[130.32967,31.62705],[130.32962,31.62719],[130.32957,31.62733],[130.32952,31.62751],[130.3295,31.62761],[130.32948,31.62772],[130.32944,31.62794],[130.3294,31.62815],[130.32938,31.62825],[130.32933,31.62843],[130.32931,31.62848],[130.32927,31.62861],[130.32921,31.62879],[130.32915,31.62896],[130.3291,31.62911],[130.32906,31.62925],[130.32902,31.6294],[130.32899,31.62954],[130.32897,31.62965],[130.32894,31.62976],[130.32892,31.62987],[130.32889,31.62998],[130.32886,31.6301],[130.32882,31.63023],[130.32878,31.63035],[130.32874,31.63047],[130.32871,31.63058],[130.32867,31.63068],[130.32865,31.63075],[130.32864,31.63079],[130.32861,31.63089],[130.32855,31.63105],[130.3285,31.63121],[130.32844,31.63137],[130.32841,31.63147],[130.32839,31.63154],[130.32835,31.63167],[130.32831,31.63182],[130.32828,31.63196],[130.32824,31.6321],[130.32819,31.63225],[130.32815,31.63241],[130.32811,31.63257],[130.32807,31.63272],[130.32804,31.63282],[130.32802,31.63291],[130.328,31.63301],[130.32797,31.6331],[130.32794,31.63316],[130.32792,31.63322],[130.32792,31.63326],[130.32792,31.63329],[130.32792,31.63333],[130.32793,31.63337],[130.32793,31.63339],[130.32794,31.63341],[130.32795,31.63343],[130.32797,31.63343],[130.32797,31.63343],[130.32798,31.63343],[130.328,31.63341],[130.32802,31.63338],[130.32804,31.63335],[130.32808,31.6333],[130.32811,31.63326],[130.32814,31.63323],[130.32817,31.63319],[130.32817,31.63328],[130.32816,31.63333],[130.32815,31.63337],[130.32814,31.63341],[130.32813,31.63344],[130.3281,31.63347],[130.32808,31.6335],[130.32805,31.63352],[130.32802,31.63353],[130.32799,31.63355],[130.32796,31.63356],[130.32793,31.63359],[130.3279,31.63361],[130.32787,31.63364],[130.32785,31.63367],[130.32782,31.63372],[130.3278,31.63378],[130.32779,31.63383],[130.32777,31.63388],[130.32775,31.63397],[130.32772,31.63405],[130.32769,31.63414],[130.32766,31.63422],[130.32761,31.63435],[130.32757,31.63448],[130.32753,31.63461],[130.32749,31.63474],[130.32743,31.63489],[130.32738,31.63503],[130.32733,31.63518],[130.3273,31.63525],[130.32727,31.63533],[130.32721,31.63551],[130.32715,31.63568],[130.32708,31.63585],[130.32705,31.63594],[130.32698,31.63608],[130.32691,31.63619],[130.32685,31.6363],[130.32679,31.63641],[130.32673,31.63652],[130.3267,31.63661],[130.32668,31.63671],[130.32667,31.63676],[130.32667,31.63681],[130.32668,31.63686],[130.32668,31.63687],[130.32669,31.63689],[130.32669,31.63691],[130.3267,31.63692],[130.32671,31.63693],[130.32671,31.63693],[130.32672,31.63693],[130.32673,31.63694],[130.32675,31.63694],[130.32676,31.63694],[130.32681,31.63692],[130.32685,31.63691],[130.32686,31.63691],[130.32688,31.63689],[130.32689,31.63688],[130.32691,31.63687],[130.32693,31.63683],[130.32702,31.63667],[130.32702,31.63667],[130.32705,31.63662],[130.32707,31.63657],[130.32709,31.63652],[130.32711,31.63646],[130.32713,31.6364],[130.32715,31.63637],[130.32718,31.63634],[130.32723,31.6363],[130.32728,31.63628],[130.32733,31.63627],[130.32738,31.63627],[130.32735,31.63633],[130.32734,31.63633],[130.3273,31.63634],[130.32727,31.63635],[130.32723,31.63638],[130.32721,31.6364],[130.3272,31.63643],[130.32717,31.63648],[130.32716,31.63654],[130.32714,31.63659],[130.32711,31.63664],[130.32708,31.6367],[130.32705,31.63675],[130.32702,31.6368],[130.32699,31.63685],[130.32696,31.6369],[130.32694,31.63692],[130.32692,31.63694],[130.3269,31.63696],[130.32687,31.63697],[130.32683,31.63698],[130.32679,31.63699],[130.32675,31.637],[130.32673,31.63702],[130.32667,31.63708],[130.32661,31.63714],[130.32659,31.63717],[130.32657,31.6372],[130.32656,31.63723],[130.32654,31.63726],[130.32653,31.63729],[130.32653,31.63732],[130.32637,31.63781],[130.32632,31.63794],[130.32628,31.63808],[130.32623,31.63822],[130.32618,31.63835],[130.32613,31.63847],[130.32608,31.63859],[130.32604,31.63871],[130.32599,31.63883],[130.32594,31.63896],[130.32589,31.63909],[130.32584,31.63922],[130.32579,31.63935],[130.32576,31.63946],[130.32572,31.63958],[130.32568,31.6397],[130.32566,31.63975],[130.3256,31.63995],[130.32558,31.64],[130.32556,31.64006],[130.32551,31.64018],[130.32546,31.64033],[130.3254,31.64053],[130.32534,31.64075],[130.32528,31.64095],[130.32522,31.64112],[130.32516,31.64128],[130.32509,31.64145],[130.325,31.64166],[130.32491,31.64189],[130.32481,31.64213],[130.32471,31.64235],[130.32462,31.64255],[130.32453,31.64274],[130.32443,31.64293],[130.32432,31.64312],[130.32421,31.64334],[130.3241,31.64357],[130.324,31.64381],[130.32391,31.64403],[130.32382,31.64423],[130.32381,31.64425],[130.32374,31.6444],[130.32366,31.64457],[130.32358,31.64474],[130.32351,31.6449],[130.32344,31.64504],[130.32339,31.64512],[130.32259,31.64522],[130.32125,31.64796],[130.32192,31.64826],[130.32187,31.64836],[130.3218,31.64845],[130.32175,31.64852],[130.3217,31.64859],[130.32169,31.64863],[130.32167,31.64867],[130.32165,31.64872],[130.32165,31.64875],[130.32163,31.64881],[130.32162,31.64891],[130.32161,31.64899],[130.3216,31.64907],[130.32158,31.64914],[130.32156,31.64921],[130.32152,31.64928],[130.32148,31.64935],[130.32145,31.64938],[130.3214,31.64945],[130.32134,31.64952],[130.32128,31.64959],[130.32121,31.64967],[130.32118,31.64971],[130.32116,31.64975],[130.32114,31.6498],[130.32112,31.64986],[130.3211,31.64991],[130.32108,31.65003],[130.32108,31.65013],[130.32108,31.65022],[130.32109,31.65028],[130.32111,31.65035],[130.32107,31.65043],[130.32096,31.65067],[130.32091,31.65069],[130.32024,31.65047],[130.32022,31.65052],[130.32092,31.65074],[130.32071,31.65116],[130.32005,31.65093],[130.31891,31.65053],[130.3176,31.65093],[130.31684,31.65117],[130.31689,31.65127],[130.3176,31.65104],[130.31888,31.65064],[130.31992,31.65099],[130.3195,31.65123],[130.31952,31.65129],[130.31846,31.65173],[130.31845,31.6517],[130.31785,31.65193],[130.31775,31.65197],[130.31759,31.652],[130.31601,31.65228],[130.31599,31.65221],[130.31485,31.65247],[130.31488,31.6526],[130.31545,31.65249],[130.31544,31.65246],[130.31759,31.65206],[130.31777,31.65203],[130.31794,31.65199],[130.31807,31.65194],[130.31846,31.65179],[130.31849,31.65181],[130.31964,31.65133],[130.31961,31.65123],[130.32,31.65102],[130.32041,31.65117],[130.32002,31.65184],[130.31992,31.65201],[130.31966,31.65191],[130.31961,31.652],[130.31987,31.6521],[130.3193,31.65307],[130.31928,31.65309],[130.31837,31.65274],[130.31814,31.65233],[130.31807,31.65235],[130.3183,31.65274],[130.31806,31.65318],[130.31801,31.65324],[130.31799,31.65327],[130.31762,31.65376],[130.31768,31.65379],[130.31804,31.6533],[130.31882,31.6538],[130.3188,31.65384],[130.31897,31.65396],[130.31848,31.65468],[130.31849,31.65505],[130.31855,31.65537],[130.31872,31.65564],[130.31892,31.65585],[130.31921,31.65605],[130.31947,31.65613],[130.32003,31.6562],[130.32026,31.6562],[130.32062,31.65619],[130.32084,31.65617],[130.32084,31.65621],[130.32108,31.65623],[130.32159,31.65633],[130.32196,31.65646],[130.3224,31.65666],[130.32276,31.65674],[130.32323,31.65678],[130.32404,31.65675],[130.32445,31.65684],[130.32497,31.6571],[130.32563,31.65795],[130.32628,31.6585],[130.32689,31.65881],[130.32772,31.65909],[130.32886,31.65886],[130.32941,31.65867],[130.32969,31.65847],[130.33025,31.65827],[130.33065,31.65815],[130.33101,31.65806]]]}},{"type":"Feature","properties":{"name":"東市来町美山","setai":220,"jinko":538,"key":"462160240","units":1},"geometry":{"type":"Polygon","coordinates":[[[130.37206,31.6503],[130.37197,31.64968],[130.37193,31.64828],[130.37199,31.64772],[130.3723,31.64702],[130.37258,31.64648],[130.37285,31.64588],[130.37273,31.64563],[130.37242,31.64485],[130.37229,31.64462],[130.37227,31.64454],[130.37231,31.64443],[130.37253,31.6442],[130.37267,31.64414],[130.37277,31.64405],[130.37298,31.6437],[130.37309,31.64347],[130.3732,31.64313],[130.37332,31.6429],[130.37348,31.64267],[130.37357,31.64256],[130.37357,31.64247],[130.37343,31.64217],[130.37326,31.64204],[130.373,31.64188],[130.37251,31.6416],[130.37214,31.64147],[130.37183,31.64122],[130.37154,31.64086],[130.37131,31.64057],[130.37119,31.64045],[130.37091,31.64043],[130.37054,31.6405],[130.37026,31.64044],[130.36993,31.64026],[130.3698,31.64013],[130.36973,31.63992],[130.36992,31.63926],[130.37014,31.63789],[130.36932,31.63832],[130.36799,31.63905],[130.36421,31.63789],[130.36196,31.63718],[130.36125,31.63678],[130.36084,31.63663],[130.36012,31.63641],[130.35975,31.63624],[130.35872,31.6356],[130.35843,31.63553],[130.35802,31.6355],[130.35713,31.6355],[130.35661,31.63537],[130.35549,31.63501],[130.35391,31.63447],[130.35321,31.63436],[130.3529,31.63436],[130.35278,31.63441],[130.35275,31.63448],[130.35282,31.63472],[130.35242,31.635],[130.35171,31.6347],[130.35111,31.63447],[130.35063,31.63432],[130.35038,31.63427],[130.35019,31.63427],[130.35008,31.63426],[130.35005,31.63423],[130.35001,31.63414],[130.35003,31.63378],[130.35,31.63352],[130.34995,31.63338],[130.34983,31.63328],[130.34882,31.63294],[130.34802,31.63284],[130.34768,31.63282],[130.34816,31.63441],[130.34919,31.63771],[130.34966,31.63966],[130.34984,31.64107],[130.34992,31.64248],[130.34999,31.6444],[130.3501,31.64585],[130.35039,31.64782],[130.35141,31.64789],[130.35198,31.64803],[130.35227,31.64812],[130.35398,31.64883],[130.35433,31.64899],[130.3547,31.64909],[130.3551,31.64916],[130.35573,31.64916],[130.356,31.64912],[130.35668,31.64916],[130.35718,31.6492],[130.35824,31.64948],[130.35881,31.64961],[130.35971,31.64981],[130.36027,31.64988],[130.36157,31.64996],[130.36281,31.64992],[130.36319,31.64991],[130.36421,31.6498],[130.3651,31.64969],[130.36554,31.64969],[130.36622,31.64972],[130.36691,31.64984],[130.36779,31.65017],[130.36918,31.65061],[130.36998,31.65085],[130.37035,31.65086],[130.37108,31.65081],[130.37209,31.6506],[130.37206,31.6503]]]}},{"type":"Feature","properties":{"name":"東市来町神之川","setai":49,"jinko":100,"key":"462160250","units":1},"geometry":{"type":"Polygon","coordinates":[[[130.34663,31.63056],[130.3444,31.62653],[130.34425,31.62657],[130.34406,31.62657],[130.34394,31.62655],[130.34385,31.6265],[130.34348,31.62593],[130.34326,31.62574],[130.34314,31.62563],[130.34306,31.62553],[130.34302,31.6254],[130.343,31.625],[130.34295,31.62484],[130.34289,31.62475],[130.34274,31.62471],[130.34261,31.62475],[130.34243,31.62485],[130.34223,31.62499],[130.34213,31.62503],[130.34178,31.62503],[130.34139,31.62504],[130.34116,31.62497],[130.34103,31.6249],[130.34093,31.62478],[130.34083,31.62409],[130.34074,31.62304],[130.34074,31.62271],[130.3408,31.6225],[130.34095,31.6221],[130.34096,31.62153],[130.34087,31.62102],[130.34075,31.62074],[130.34063,31.62059],[130.34041,31.62051],[130.3402,31.62054],[130.33999,31.62062],[130.3391,31.62139],[130.33841,31.62187],[130.33739,31.62237],[130.33715,31.62251],[130.33694,31.62267],[130.33651,31.62333],[130.33624,31.62403],[130.33607,31.6242],[130.33591,31.62428],[130.33561,31.62434],[130.33545,31.6243],[130.33532,31.62419],[130.33508,31.624],[130.33338,31.62224],[130.33325,31.62246],[130.3332,31.62241],[130.33317,31.62238],[130.33313,31.62235],[130.33308,31.6223],[130.33302,31.62225],[130.33296,31.6222],[130.3329,31.62215],[130.33284,31.6221],[130.33278,31.62206],[130.33272,31.62202],[130.33267,31.62197],[130.33262,31.62194],[130.33257,31.6219],[130.33252,31.62186],[130.33248,31.62183],[130.33247,31.62182],[130.33247,31.62175],[130.33247,31.62172],[130.33247,31.62168],[130.33247,31.62162],[130.33248,31.62156],[130.33249,31.62148],[130.3325,31.62141],[130.3325,31.62134],[130.3325,31.62131],[130.33249,31.62128],[130.33248,31.62126],[130.33246,31.62124],[130.33244,31.62123],[130.33242,31.62122],[130.3324,31.62122],[130.33237,31.62121],[130.3323,31.62122],[130.33223,31.62122],[130.33215,31.62123],[130.33208,31.62123],[130.332,31.62124],[130.33193,31.62123],[130.33185,31.62122],[130.33178,31.62121],[130.33171,31.62118],[130.33164,31.62116],[130.33156,31.62113],[130.33147,31.62109],[130.33137,31.62106],[130.33126,31.62103],[130.33115,31.62101],[130.33104,31.62098],[130.33095,31.62097],[130.33089,31.62096],[130.33085,31.62096],[130.33084,31.62096],[130.33083,31.62097],[130.33083,31.62098],[130.33083,31.62101],[130.33084,31.62105],[130.33085,31.62109],[130.33086,31.62115],[130.33087,31.62121],[130.33087,31.62128],[130.33088,31.62134],[130.33088,31.6214],[130.33088,31.62146],[130.33088,31.62152],[130.33087,31.62158],[130.33086,31.62164],[130.33085,31.62171],[130.33084,31.62174],[130.33083,31.62178],[130.33082,31.62186],[130.3308,31.62195],[130.33078,31.62204],[130.33075,31.62214],[130.33073,31.62225],[130.33071,31.62237],[130.33069,31.6225],[130.33066,31.62263],[130.33064,31.62277],[130.33061,31.62291],[130.33058,31.62306],[130.33055,31.62319],[130.33051,31.62331],[130.33048,31.62342],[130.33045,31.62352],[130.33042,31.62362],[130.33039,31.62374],[130.33035,31.62388],[130.33032,31.62405],[130.33028,31.62425],[130.33025,31.62448],[130.3302,31.62473],[130.33015,31.62499],[130.33009,31.62526],[130.33003,31.62554],[130.32983,31.62624],[130.33187,31.62658],[130.33274,31.62676],[130.33306,31.62661],[130.33318,31.62676],[130.3333,31.62687],[130.33352,31.62701],[130.33371,31.62708],[130.33395,31.62714],[130.33449,31.6273],[130.3364,31.62798],[130.33748,31.62835],[130.3386,31.62869],[130.33879,31.62877],[130.33981,31.62918],[130.34022,31.62936],[130.34147,31.62968],[130.34188,31.62989],[130.34274,31.63011],[130.34303,31.63024],[130.34338,31.63049],[130.34367,31.63067],[130.34436,31.63099],[130.34468,31.63128],[130.34496,31.63149],[130.34527,31.63166],[130.34582,31.63181],[130.34669,31.63205],[130.34692,31.63218],[130.34717,31.63247],[130.34743,31.63272],[130.34768,31.6328],[130.34663,31.63056]]]}},{"type":"Feature","properties":{"name":"東市来町南神之川","setai":27,"jinko":52,"key":"462160260","units":1},"geometry":{"type":"Polygon","coordinates":[[[130.34429,31.62483],[130.34428,31.62464],[130.34434,31.62451],[130.34452,31.62437],[130.34472,31.62426],[130.34502,31.62421],[130.34528,31.62421],[130.34555,31.62428],[130.34585,31.6244],[130.34592,31.6243],[130.3461,31.62408],[130.3461,31.62389],[130.34608,31.62375],[130.34589,31.62348],[130.34579,31.62334],[130.3457,31.62314],[130.34557,31.62301],[130.34545,31.62293],[130.34542,31.62285],[130.3455,31.62266],[130.34564,31.62226],[130.34563,31.62213],[130.34556,31.62197],[130.34547,31.62177],[130.34549,31.62163],[130.34562,31.62152],[130.34605,31.62142],[130.34616,31.62125],[130.34622,31.62109],[130.34622,31.62095],[130.34599,31.62064],[130.34585,31.62035],[130.34578,31.62015],[130.3457,31.62014],[130.34546,31.62016],[130.3452,31.62023],[130.3448,31.62028],[130.34459,31.62022],[130.34404,31.61979],[130.34385,31.61973],[130.3437,31.61976],[130.34356,31.61981],[130.34343,31.61991],[130.34333,31.61994],[130.34324,31.61994],[130.3424,31.61918],[130.34241,31.61899],[130.34237,31.61885],[130.34221,31.61874],[130.34093,31.61859],[130.34074,31.61857],[130.34064,31.61856],[130.34055,31.61851],[130.34041,31.61844],[130.34023,31.61839],[130.34014,31.61835],[130.34008,31.61832],[130.33998,31.61826],[130.33991,31.61819],[130.33987,31.61812],[130.33981,31.61809],[130.33977,31.61808],[130.33974,31.61807],[130.33966,31.61803],[130.33962,31.61798],[130.33961,31.61792],[130.33941,31.61794],[130.33926,31.61791],[130.33919,31.61787],[130.339,31.617],[130.33892,31.61692],[130.33882,31.61688],[130.33868,31.61697],[130.33853,31.61715],[130.33842,31.61751],[130.33828,31.61784],[130.33798,31.61818],[130.33792,31.6181],[130.33726,31.6177],[130.3377,31.61689],[130.33739,31.61684],[130.33659,31.61693],[130.33639,31.61639],[130.33619,31.6164],[130.33614,31.61641],[130.33608,31.61643],[130.33593,31.61647],[130.33584,31.6165],[130.33567,31.61657],[130.33559,31.61661],[130.33549,31.61665],[130.3354,31.6167],[130.33522,31.6168],[130.33505,31.61689],[130.33502,31.61691],[130.3349,31.61697],[130.33475,31.61704],[130.33457,31.61713],[130.33448,31.61718],[130.33439,31.61724],[130.33439,31.61725],[130.33418,31.61741],[130.33401,31.61764],[130.33385,31.61777],[130.33365,31.61778],[130.33331,31.61766],[130.33289,31.61738],[130.33254,31.61711],[130.33207,31.61701],[130.33148,31.61691],[130.33148,31.61698],[130.33148,31.61707],[130.33148,31.61716],[130.33148,31.61723],[130.33148,31.61726],[130.33147,31.61735],[130.33146,31.61743],[130.33144,31.61751],[130.33143,31.61759],[130.33142,31.61767],[130.33141,31.61774],[130.3314,31.61782],[130.33139,31.6179],[130.33139,31.61798],[130.33138,31.61806],[130.33138,31.61814],[130.33137,31.61823],[130.33137,31.61832],[130.33136,31.61841],[130.33134,31.6185],[130.33133,31.61859],[130.33131,31.61867],[130.33128,31.61876],[130.33125,31.61884],[130.33122,31.61892],[130.33119,31.619],[130.33115,31.61909],[130.33111,31.61917],[130.33107,31.61924],[130.33104,31.61931],[130.331,31.61938],[130.33097,31.61943],[130.33094,31.61948],[130.33093,31.61952],[130.33092,31.61955],[130.33092,31.61958],[130.33092,31.61959],[130.33093,31.61961],[130.33095,31.61963],[130.33099,31.61966],[130.33104,31.61969],[130.33106,31.61971],[130.3311,31.61973],[130.33118,31.61978],[130.33127,31.61984],[130.33136,31.6199],[130.33145,31.61996],[130.33153,31.62001],[130.33159,31.62005],[130.33164,31.62009],[130.33169,31.62012],[130.33175,31.62017],[130.33182,31.62023],[130.33191,31.62031],[130.33201,31.6204],[130.33213,31.62051],[130.33224,31.62062],[130.33236,31.62073],[130.33237,31.62074],[130.33243,31.62079],[130.33247,31.62083],[130.33257,31.62093],[130.33276,31.62111],[130.33276,31.62112],[130.33285,31.62121],[130.33297,31.62133],[130.33314,31.62147],[130.33344,31.62175],[130.33359,31.6219],[130.33338,31.62224],[130.33508,31.624],[130.33532,31.62419],[130.33545,31.6243],[130.33561,31.62434],[130.33591,31.62428],[130.33607,31.6242],[130.33624,31.62403],[130.33651,31.62333],[130.33694,31.62267],[130.33715,31.62251],[130.33739,31.62237],[130.33841,31.62187],[130.3391,31.62139],[130.33999,31.62062],[130.3402,31.62054],[130.34041,31.62051],[130.34063,31.62059],[130.34075,31.62074],[130.34087,31.62102],[130.34096,31.62153],[130.34095,31.6221],[130.3408,31.6225],[130.34074,31.62271],[130.34074,31.62304],[130.34083,31.62409],[130.34093,31.62478],[130.34103,31.6249],[130.34116,31.62497],[130.34139,31.62504],[130.34178,31.62503],[130.34213,31.62503],[130.34223,31.62499],[130.34243,31.62485],[130.34261,31.62475],[130.34274,31.62471],[130.34289,31.62475],[130.34295,31.62484],[130.343,31.625],[130.34302,31.6254],[130.34306,31.62553],[130.34314,31.62563],[130.34326,31.62574],[130.34348,31.62593],[130.34385,31.6265],[130.34394,31.62655],[130.34406,31.62657],[130.34425,31.62657],[130.3444,31.62653],[130.34454,31.62637],[130.34461,31.6262],[130.34462,31.62599],[130.34446,31.6253],[130.34429,31.62483]]]}},{"type":"Feature","properties":{"name":"東市来町宮田","setai":10,"jinko":21,"key":"462160270","units":1},"geometry":{"type":"Polygon","coordinates":[[[130.35188,31.62911],[130.35137,31.62868],[130.35109,31.6286],[130.35081,31.62861],[130.35056,31.62874],[130.35006,31.62896],[130.34984,31.62901],[130.34966,31.62901],[130.34947,31.62885],[130.34945,31.62874],[130.34953,31.6285],[130.34975,31.62794],[130.3498,31.62769],[130.34979,31.62749],[130.34974,31.62732],[130.34956,31.62702],[130.34929,31.62681],[130.34885,31.62657],[130.34845,31.62635],[130.34825,31.62615],[130.34799,31.62567],[130.34767,31.62491],[130.34732,31.62431],[130.34713,31.62419],[130.34684,31.62418],[130.34647,31.62432],[130.34621,31.62441],[130.34605,31.62445],[130.34591,31.62444],[130.34585,31.6244],[130.34555,31.62428],[130.34528,31.62421],[130.34502,31.62421],[130.34472,31.62426],[130.34452,31.62437],[130.34434,31.62451],[130.34428,31.62464],[130.34429,31.62483],[130.34446,31.6253],[130.34462,31.62599],[130.34461,31.6262],[130.34454,31.62637],[130.3444,31.62653],[130.34663,31.63056],[130.34768,31.6328],[130.34768,31.63282],[130.34802,31.63284],[130.34882,31.63294],[130.34983,31.63328],[130.34995,31.63338],[130.35,31.63352],[130.35003,31.63378],[130.35001,31.63414],[130.35005,31.63423],[130.35008,31.63426],[130.35019,31.63427],[130.35038,31.63427],[130.35063,31.63432],[130.35111,31.63447],[130.35171,31.6347],[130.35242,31.635],[130.35228,31.63459],[130.35228,31.63423],[130.35234,31.63388],[130.35242,31.63369],[130.35254,31.63338],[130.35258,31.63315],[130.35259,31.63302],[130.35256,31.63288],[130.35239,31.63273],[130.35222,31.63261],[130.35206,31.63246],[130.35194,31.63233],[130.35184,31.63224],[130.35168,31.63216],[130.3516,31.63209],[130.35156,31.63201],[130.35156,31.63192],[130.35167,31.63168],[130.3521,31.63125],[130.35213,31.63119],[130.35213,31.63112],[130.35198,31.63079],[130.35176,31.63037],[130.35164,31.6302],[130.35146,31.63008],[130.35122,31.62994],[130.35109,31.62989],[130.35106,31.62986],[130.35107,31.62982],[130.35117,31.62974],[130.35188,31.62911]]]}},{"type":"Feature","properties":{"name":"東市来町寺脇","setai":14,"jinko":30,"key":"462160280","units":1},"geometry":{"type":"Polygon","coordinates":[[[130.37014,31.63789],[130.37023,31.63727],[130.37015,31.63713],[130.36999,31.63702],[130.36962,31.63691],[130.36915,31.63698],[130.36843,31.63715],[130.36807,31.63714],[130.36775,31.63703],[130.36768,31.63688],[130.36774,31.63664],[130.36812,31.63617],[130.36824,31.63577],[130.36819,31.63541],[130.36792,31.63486],[130.3677,31.6347],[130.36759,31.6346],[130.36758,31.63459],[130.36755,31.63453],[130.36758,31.63442],[130.36763,31.634],[130.36765,31.63387],[130.36772,31.63358],[130.36791,31.63333],[130.36792,31.63312],[130.36784,31.6329],[130.36754,31.63275],[130.36713,31.63264],[130.36603,31.63272],[130.3655,31.63267],[130.36513,31.63255],[130.36465,31.6322],[130.36439,31.63197],[130.364,31.6319],[130.36324,31.63184],[130.36267,31.63166],[130.3621,31.63148],[130.36195,31.63148],[130.36188,31.63158],[130.36181,31.63189],[130.36158,31.63204],[130.36136,31.63205],[130.36083,31.63194],[130.36023,31.63168],[130.36,31.63153],[130.35985,31.63129],[130.35984,31.63113],[130.36,31.63065],[130.36,31.63045],[130.35987,31.63032],[130.3597,31.63019],[130.35932,31.63006],[130.35869,31.62989],[130.35849,31.62988],[130.35839,31.6299],[130.35828,31.63002],[130.3583,31.63089],[130.35825,31.63117],[130.35812,31.63132],[130.35794,31.63136],[130.35783,31.63133],[130.35761,31.63124],[130.3574,31.63112],[130.35723,31.63113],[130.3568,31.63132],[130.35659,31.63133],[130.35643,31.63129],[130.35631,31.63123],[130.35629,31.63107],[130.35638,31.6305],[130.35628,31.63021],[130.3559,31.62993],[130.35539,31.62981],[130.35466,31.62976],[130.35342,31.6298],[130.35297,31.62977],[130.35272,31.62968],[130.35262,31.62964],[130.35207,31.62926],[130.35188,31.62911],[130.35117,31.62974],[130.35107,31.62982],[130.35106,31.62986],[130.35109,31.62989],[130.35122,31.62994],[130.35146,31.63008],[130.35164,31.6302],[130.35176,31.63037],[130.35198,31.63079],[130.35213,31.63112],[130.35213,31.63119],[130.3521,31.63125],[130.35167,31.63168],[130.35156,31.63192],[130.35156,31.63201],[130.3516,31.63209],[130.35168,31.63216],[130.35184,31.63224],[130.35194,31.63233],[130.35206,31.63246],[130.35222,31.63261],[130.35239,31.63273],[130.35256,31.63288],[130.35259,31.63302],[130.35258,31.63315],[130.35254,31.63338],[130.35242,31.63369],[130.35234,31.63388],[130.35228,31.63423],[130.35228,31.63459],[130.35242,31.635],[130.35282,31.63472],[130.35275,31.63448],[130.35278,31.63441],[130.3529,31.63436],[130.35321,31.63436],[130.35391,31.63447],[130.35549,31.63501],[130.35661,31.63537],[130.35713,31.6355],[130.35802,31.6355],[130.35843,31.63553],[130.35872,31.6356],[130.35975,31.63624],[130.36012,31.63641],[130.36084,31.63663],[130.36125,31.63678],[130.36196,31.63718],[130.36421,31.63789],[130.36799,31.63905],[130.36932,31.63832],[130.37014,31.63789]]]}},{"type":"Feature","properties":{"name":"日吉町神之川","setai":37,"jinko":61,"key":"462160290","units":1},"geometry":{"type":"Polygon","coordinates":[[[130.34779,31.62035],[130.34736,31.62002],[130.34754,31.61985],[130.34589,31.61594],[130.33841,31.61321],[130.33812,31.61222],[130.33678,31.60763],[130.33644,31.60645],[130.33653,31.60643],[130.33657,31.60624],[130.33663,31.60596],[130.33667,31.60579],[130.33687,31.60513],[130.33694,31.60492],[130.33694,31.60482],[130.33689,31.60462],[130.33681,31.60433],[130.33681,31.60423],[130.33682,31.60416],[130.33687,31.60407],[130.33675,31.60395],[130.33638,31.60351],[130.33626,31.60335],[130.33614,31.60316],[130.33601,31.60295],[130.33594,31.60275],[130.33584,31.60263],[130.33573,31.60255],[130.33561,31.6025],[130.33543,31.60242],[130.33528,31.60242],[130.33513,31.60244],[130.335,31.6025],[130.33488,31.60262],[130.33481,31.60271],[130.33475,31.60283],[130.33475,31.60293],[130.33479,31.60305],[130.3348,31.60313],[130.33479,31.60325],[130.33486,31.60341],[130.33493,31.60359],[130.33493,31.60369],[130.33485,31.6038],[130.33472,31.60391],[130.33467,31.60398],[130.33465,31.60411],[130.33463,31.60434],[130.33459,31.60441],[130.33442,31.60465],[130.33433,31.60475],[130.33425,31.60493],[130.33416,31.60525],[130.33411,31.60536],[130.33387,31.60558],[130.33375,31.60565],[130.33365,31.6057],[130.33359,31.60574],[130.33356,31.60576],[130.3335,31.60583],[130.33344,31.60592],[130.33341,31.60605],[130.33338,31.60617],[130.33335,31.6063],[130.33332,31.60643],[130.33326,31.60664],[130.33321,31.60686],[130.33317,31.60707],[130.33315,31.60721],[130.33313,31.60736],[130.3331,31.60764],[130.33306,31.60792],[130.33304,31.60808],[130.333,31.60822],[130.33297,31.60837],[130.3329,31.60862],[130.33285,31.60885],[130.33281,31.60906],[130.33279,31.60925],[130.33279,31.60941],[130.3328,31.60969],[130.3328,31.60981],[130.33279,31.60993],[130.33277,31.61006],[130.33271,31.61044],[130.33262,31.61088],[130.33256,31.61121],[130.33252,31.61145],[130.33245,31.61184],[130.33227,31.61273],[130.33225,31.61284],[130.33223,31.61295],[130.33222,31.61313],[130.33221,31.61331],[130.3322,31.61349],[130.33219,31.61367],[130.33218,31.61384],[130.33217,31.61401],[130.33216,31.61417],[130.33214,31.61433],[130.33212,31.61447],[130.3321,31.61462],[130.33207,31.61475],[130.33205,31.61488],[130.33202,31.61501],[130.332,31.61512],[130.33198,31.61522],[130.33196,31.61532],[130.33195,31.6154],[130.33194,31.61547],[130.33193,31.61553],[130.33192,31.61559],[130.33191,31.61565],[130.33188,31.6157],[130.33184,31.61576],[130.3318,31.61583],[130.33175,31.6159],[130.3317,31.61598],[130.33166,31.61607],[130.33161,31.61617],[130.33158,31.61627],[130.33155,31.61637],[130.33153,31.61647],[130.33152,31.61656],[130.3315,31.61663],[130.33149,31.6167],[130.33149,31.61676],[130.33149,31.61682],[130.33148,31.61689],[130.33148,31.61691],[130.33207,31.61701],[130.33254,31.61711],[130.33289,31.61738],[130.33331,31.61766],[130.33365,31.61778],[130.33385,31.61777],[130.33401,31.61764],[130.33418,31.61741],[130.33439,31.61725],[130.33439,31.61724],[130.33448,31.61718],[130.33457,31.61713],[130.33475,31.61704],[130.3349,31.61697],[130.33502,31.61691],[130.33505,31.61689],[130.33522,31.6168],[130.3354,31.6167],[130.33549,31.61665],[130.33559,31.61661],[130.33567,31.61657],[130.33584,31.6165],[130.33593,31.61647],[130.33608,31.61643],[130.33614,31.61641],[130.33619,31.6164],[130.33639,31.61639],[130.33659,31.61693],[130.33739,31.61684],[130.3377,31.61689],[130.33726,31.6177],[130.33792,31.6181],[130.33798,31.61818],[130.33828,31.61784],[130.33842,31.61751],[130.33853,31.61715],[130.33868,31.61697],[130.33882,31.61688],[130.33892,31.61692],[130.339,31.617],[130.33919,31.61787],[130.33926,31.61791],[130.33941,31.61794],[130.33961,31.61792],[130.33962,31.61798],[130.33966,31.61803],[130.33974,31.61807],[130.33977,31.61808],[130.33981,31.61809],[130.33987,31.61812],[130.33991,31.61819],[130.33998,31.61826],[130.34008,31.61832],[130.34014,31.61835],[130.34023,31.61839],[130.34041,31.61844],[130.34055,31.61851],[130.34064,31.61856],[130.34074,31.61857],[130.34093,31.61859],[130.34221,31.61874],[130.34237,31.61885],[130.34241,31.61899],[130.3424,31.61918],[130.34324,31.61994],[130.34333,31.61994],[130.34343,31.61991],[130.34356,31.61981],[130.3437,31.61976],[130.34385,31.61973],[130.34404,31.61979],[130.34459,31.62022],[130.3448,31.62028],[130.3452,31.62023],[130.34546,31.62016],[130.3457,31.62014],[130.34578,31.62015],[130.34585,31.62035],[130.34599,31.62064],[130.34622,31.62095],[130.34622,31.62109],[130.34616,31.62125],[130.34605,31.62142],[130.34562,31.62152],[130.34549,31.62163],[130.34547,31.62177],[130.34556,31.62197],[130.34563,31.62213],[130.34564,31.62226],[130.3455,31.62266],[130.34542,31.62285],[130.34545,31.62293],[130.34557,31.62301],[130.3457,31.62314],[130.34579,31.62334],[130.34589,31.62348],[130.3461,31.62341],[130.34625,31.62332],[130.34641,31.62319],[130.3466,31.62305],[130.34672,31.623],[130.34682,31.6229],[130.34689,31.62267],[130.34689,31.62252],[130.34712,31.62217],[130.34718,31.62186],[130.34719,31.62178],[130.34715,31.62162],[130.34708,31.62151],[130.34703,31.62133],[130.34706,31.6212],[130.34714,31.62106],[130.34736,31.62082],[130.34744,31.62069],[130.34779,31.62035]]]}},{"type":"Feature","properties":{"name":"日吉町山田","setai":57,"jinko":123,"key":"462160300","units":1},"geometry":{"type":"Polygon","coordinates":[[[130.34845,31.60589],[130.34839,31.60579],[130.3483,31.6057],[130.34813,31.60557],[130.34799,31.60545],[130.34793,31.60538],[130.34785,31.60523],[130.34779,31.60516],[130.34767,31.60509],[130.34759,31.60502],[130.34753,31.60492],[130.34749,31.60479],[130.34746,31.60474],[130.3474,31.60466],[130.34726,31.60453],[130.34718,31.60438],[130.34711,31.60414],[130.34689,31.60382],[130.34714,31.60365],[130.34706,31.60359],[130.34694,31.60349],[130.34683,31.60337],[130.34673,31.60322],[130.34669,31.60315],[130.3467,31.60303],[130.34672,31.60285],[130.34672,31.60274],[130.34666,31.60263],[130.34664,31.60276],[130.34661,31.60283],[130.34656,31.60291],[130.34642,31.60304],[130.34625,31.60316],[130.34609,31.60324],[130.34596,31.60328],[130.3458,31.6033],[130.34566,31.60333],[130.34554,31.60339],[130.34543,31.60347],[130.34532,31.60359],[130.34523,31.60373],[130.34518,31.60388],[130.34514,31.60397],[130.34507,31.60403],[130.34496,31.60406],[130.34486,31.60406],[130.34477,31.60403],[130.34462,31.60394],[130.3444,31.60383],[130.34421,31.60378],[130.34413,31.60379],[130.344,31.60386],[130.34376,31.60396],[130.34365,31.60403],[130.34338,31.60432],[130.34339,31.60424],[130.34331,31.60414],[130.34319,31.60409],[130.34309,31.60408],[130.34293,31.60408],[130.34295,31.60388],[130.34294,31.60371],[130.3427,31.60366],[130.34273,31.60304],[130.34191,31.60279],[130.34182,31.60306],[130.34151,31.603],[130.34124,31.60292],[130.34116,31.60288],[130.34109,31.60289],[130.34103,31.6029],[130.34099,31.60291],[130.34089,31.6029],[130.3409,31.60319],[130.34121,31.60337],[130.34122,31.60364],[130.34104,31.60373],[130.34095,31.6038],[130.34091,31.60385],[130.3409,31.60391],[130.3409,31.60397],[130.34093,31.60404],[130.34104,31.60423],[130.34085,31.60428],[130.34092,31.60444],[130.34109,31.60439],[130.34115,31.6046],[130.34107,31.60489],[130.34103,31.6051],[130.34102,31.60525],[130.34105,31.60544],[130.34115,31.60583],[130.3402,31.60566],[130.33988,31.60562],[130.33987,31.6056],[130.3398,31.60538],[130.33978,31.60536],[130.33865,31.60486],[130.33687,31.60407],[130.33682,31.60416],[130.33681,31.60423],[130.33681,31.60433],[130.33689,31.60462],[130.33694,31.60482],[130.33694,31.60492],[130.33687,31.60513],[130.33667,31.60579],[130.33663,31.60596],[130.33657,31.60624],[130.33653,31.60643],[130.33644,31.60645],[130.33678,31.60763],[130.33812,31.61222],[130.33841,31.61321],[130.34589,31.61594],[130.34844,31.61269],[130.35017,31.61205],[130.34992,31.61041],[130.35072,31.6082],[130.35042,31.60813],[130.35026,31.60809],[130.35012,31.60803],[130.34989,31.60791],[130.34964,31.60769],[130.34946,31.60751],[130.34937,31.60737],[130.34932,31.60725],[130.34926,31.60713],[130.34919,31.60682],[130.34915,31.60675],[130.34906,31.60671],[130.34883,31.60663],[130.3487,31.60655],[130.34859,31.60644],[130.34854,31.60633],[130.34849,31.60616],[130.34848,31.60599],[130.34845,31.60589]]]}},{"type":"Feature","properties":{"name":"日吉町日置","setai":1345,"jinko":3106,"key":"462160310","units":1},"geometry":{"type":"Polygon","coordinates":[[[130.35351,31.62892],[130.35404,31.62853],[130.35445,31.62818],[130.35473,31.62798],[130.35506,31.6278],[130.35542,31.62755],[130.35579,31.62733],[130.3561,31.62706],[130.35629,31.62695],[130.35646,31.62681],[130.35684,31.62662],[130.3569,31.62622],[130.35697,31.6259],[130.35703,31.62581],[130.35709,31.62574],[130.35716,31.62568],[130.35723,31.62565],[130.35739,31.62563],[130.35764,31.62562],[130.35779,31.62561],[130.35842,31.62574],[130.35853,31.62573],[130.35875,31.62575],[130.35884,31.62574],[130.35893,31.62571],[130.35904,31.62564],[130.35916,31.62553],[130.35926,31.62539],[130.35935,31.62525],[130.35942,31.62519],[130.3595,31.62515],[130.35965,31.62513],[130.35976,31.62514],[130.35987,31.62517],[130.36,31.62522],[130.3601,31.62527],[130.36018,31.62534],[130.36027,31.62537],[130.36035,31.62538],[130.3606,31.62532],[130.36077,31.62529],[130.36092,31.6253],[130.36106,31.62532],[130.36112,31.62532],[130.36118,31.6253],[130.36124,31.62526],[130.36133,31.62517],[130.36139,31.6251],[130.36142,31.62508],[130.36158,31.62496],[130.36169,31.62492],[130.36184,31.62487],[130.36237,31.62476],[130.3627,31.62468],[130.36291,31.62464],[130.363,31.62461],[130.36309,31.62455],[130.36326,31.62432],[130.36335,31.62423],[130.36343,31.62417],[130.36354,31.62413],[130.36375,31.62408],[130.36387,31.62403],[130.36399,31.62395],[130.36422,31.62373],[130.36451,31.62346],[130.3647,31.62331],[130.36497,31.62313],[130.36508,31.62309],[130.36532,31.62281],[130.36546,31.62264],[130.36563,31.62249],[130.36569,31.6224],[130.36572,31.6223],[130.36573,31.622],[130.36576,31.62184],[130.36578,31.62175],[130.3658,31.62172],[130.36584,31.62171],[130.36594,31.6217],[130.36608,31.6217],[130.36623,31.62171],[130.36643,31.62175],[130.36655,31.62177],[130.36663,31.62177],[130.36676,31.62174],[130.3669,31.62165],[130.36699,31.62153],[130.36706,31.6214],[130.36714,31.62132],[130.36736,31.62127],[130.36759,31.6212],[130.36769,31.62114],[130.36774,31.62109],[130.36794,31.62103],[130.36851,31.62078],[130.36866,31.6207],[130.36889,31.62051],[130.36907,31.62044],[130.36936,31.62037],[130.3695,31.62033],[130.36964,31.62026],[130.36977,31.62011],[130.36986,31.62002],[130.36986,31.62002],[130.37006,31.61987],[130.37017,31.61968],[130.3703,31.6196],[130.37036,31.61952],[130.3704,31.6194],[130.3704,31.6193],[130.37052,31.61923],[130.37063,31.61922],[130.37079,31.61925],[130.37096,31.61923],[130.37114,31.61914],[130.37232,31.61831],[130.37266,31.61806],[130.37291,31.61784],[130.37303,31.6178],[130.37327,31.61782],[130.37341,31.61783],[130.3735,31.61777],[130.37366,31.61756],[130.37379,31.61743],[130.37387,31.61735],[130.37389,31.61728],[130.3739,31.61722],[130.37387,31.61704],[130.37388,31.61696],[130.374,31.61689],[130.37414,31.61687],[130.37429,31.61691],[130.37443,31.61695],[130.37439,31.61691],[130.37438,31.61687],[130.37438,31.61683],[130.3744,31.61678],[130.37448,31.61673],[130.37458,31.61666],[130.37462,31.6166],[130.37467,31.61653],[130.3747,31.61644],[130.37473,31.61641],[130.37481,31.61638],[130.37489,31.61635],[130.37494,31.61631],[130.37496,31.61627],[130.37496,31.61624],[130.37496,31.61622],[130.37493,31.61618],[130.37488,31.61616],[130.37477,31.61614],[130.37462,31.61611],[130.37454,31.61609],[130.37454,31.61601],[130.37456,31.6159],[130.37455,31.61582],[130.37454,31.61576],[130.3745,31.61568],[130.37445,31.6156],[130.37438,31.61547],[130.37438,31.61544],[130.37439,31.61541],[130.3744,31.61538],[130.37445,31.61534],[130.3745,31.61531],[130.3747,31.61516],[130.37492,31.61503],[130.37498,31.61498],[130.37501,31.61493],[130.37503,31.61484],[130.37503,31.61473],[130.37501,31.61455],[130.37499,31.61437],[130.375,31.61425],[130.37506,31.6141],[130.37518,31.61389],[130.37534,31.6137],[130.37543,31.61359],[130.37538,31.61327],[130.37537,31.61283],[130.37538,31.61245],[130.37537,31.61211],[130.37531,31.61187],[130.3752,31.61159],[130.37505,31.61119],[130.37493,31.61076],[130.37492,31.61054],[130.37492,31.61041],[130.37496,31.61026],[130.37502,31.61002],[130.37518,31.60965],[130.37536,31.60938],[130.37547,31.60928],[130.37559,31.60923],[130.37588,31.60919],[130.37609,31.60913],[130.37627,31.60903],[130.37637,31.60894],[130.37649,31.60879],[130.37659,31.6086],[130.37669,31.60834],[130.37672,31.6082],[130.37667,31.60803],[130.37669,31.6079],[130.37678,31.60781],[130.37705,31.60769],[130.37737,31.6074],[130.37749,31.6073],[130.37764,31.60723],[130.37791,31.60711],[130.37803,31.60702],[130.37816,31.6069],[130.37821,31.60679],[130.37826,31.60666],[130.3783,31.6065],[130.37833,31.60617],[130.37836,31.60608],[130.37843,31.60597],[130.37859,31.60576],[130.37866,31.60563],[130.37872,31.60544],[130.37877,31.60531],[130.37883,31.60524],[130.37886,31.60521],[130.37897,31.60513],[130.37915,31.605],[130.37925,31.6049],[130.37943,31.60474],[130.37951,31.6047],[130.37961,31.60465],[130.37973,31.60459],[130.37988,31.60447],[130.38015,31.60414],[130.38025,31.60406],[130.38042,31.60397],[130.38053,31.60385],[130.38064,31.60374],[130.38074,31.60363],[130.38077,31.60357],[130.38078,31.60352],[130.38076,31.60347],[130.38073,31.60341],[130.38065,31.60333],[130.38053,31.60323],[130.38041,31.60313],[130.38028,31.60301],[130.3802,31.60292],[130.38013,31.60283],[130.38008,31.60274],[130.38005,31.60264],[130.38005,31.60253],[130.38006,31.60243],[130.38011,31.60232],[130.38021,31.60214],[130.3803,31.60204],[130.38045,31.60193],[130.38056,31.60187],[130.38065,31.60183],[130.38072,31.60178],[130.38078,31.60167],[130.38086,31.60152],[130.38091,31.60138],[130.38091,31.60133],[130.38076,31.60122],[130.38064,31.60119],[130.38038,31.60115],[130.38022,31.6011],[130.38013,31.60105],[130.38008,31.601],[130.38006,31.60093],[130.38005,31.60078],[130.38003,31.60068],[130.37996,31.60057],[130.37986,31.60046],[130.37974,31.60033],[130.37972,31.60027],[130.3797,31.60016],[130.37967,31.60006],[130.37962,31.59996],[130.37957,31.59988],[130.37952,31.59981],[130.3794,31.59973],[130.37914,31.59957],[130.37891,31.59939],[130.37869,31.59921],[130.3783,31.59888],[130.3782,31.59875],[130.37814,31.59866],[130.37804,31.59852],[130.37793,31.59841],[130.37779,31.59827],[130.37771,31.59819],[130.37768,31.59814],[130.37764,31.59807],[130.37754,31.59796],[130.37752,31.59791],[130.3775,31.59783],[130.3775,31.59769],[130.37749,31.5975],[130.37748,31.59739],[130.37755,31.5972],[130.3776,31.59702],[130.37761,31.59684],[130.37763,31.59672],[130.3776,31.59661],[130.37756,31.59652],[130.37755,31.59647],[130.37756,31.59639],[130.37761,31.59634],[130.37773,31.59623],[130.37779,31.59617],[130.37781,31.59611],[130.37782,31.59598],[130.37781,31.59582],[130.37779,31.59567],[130.37775,31.59558],[130.37771,31.59551],[130.37763,31.59543],[130.37753,31.59534],[130.37746,31.59526],[130.37741,31.59513],[130.37737,31.59506],[130.37728,31.59499],[130.37711,31.5949],[130.37704,31.59489],[130.37695,31.59489],[130.3768,31.59435],[130.37676,31.59422],[130.37669,31.59413],[130.37665,31.59381],[130.37672,31.59353],[130.37696,31.59319],[130.37721,31.59309],[130.37871,31.59251],[130.37884,31.59246],[130.3789,31.5924],[130.37896,31.59234],[130.379,31.59227],[130.37904,31.59223],[130.3791,31.59217],[130.37918,31.59212],[130.37933,31.59204],[130.37938,31.59204],[130.37959,31.59185],[130.37966,31.59182],[130.37977,31.59178],[130.3799,31.59157],[130.37996,31.59141],[130.37996,31.59131],[130.37989,31.59123],[130.3798,31.59116],[130.37976,31.5911],[130.37978,31.59097],[130.37982,31.59072],[130.37981,31.5906],[130.37977,31.59053],[130.37973,31.5905],[130.37966,31.59053],[130.37957,31.59059],[130.37948,31.59063],[130.37938,31.59063],[130.37927,31.59062],[130.37915,31.59057],[130.37904,31.59054],[130.37898,31.59053],[130.37892,31.59054],[130.37883,31.59056],[130.37872,31.59057],[130.37913,31.59024],[130.37941,31.59025],[130.3797,31.59001],[130.37982,31.58989],[130.37988,31.58979],[130.37984,31.58976],[130.37954,31.58974],[130.37934,31.58973],[130.37924,31.58974],[130.37919,31.58978],[130.3791,31.58985],[130.37902,31.58989],[130.37878,31.58987],[130.37864,31.58984],[130.37843,31.58972],[130.37831,31.58965],[130.37815,31.58953],[130.378,31.58936],[130.37782,31.58918],[130.37775,31.58913],[130.37764,31.58909],[130.37752,31.58909],[130.37735,31.58904],[130.37723,31.58902],[130.37714,31.58902],[130.37698,31.58897],[130.3769,31.58891],[130.37688,31.58887],[130.37687,31.58882],[130.37689,31.58873],[130.37617,31.58854],[130.37607,31.58859],[130.37601,31.58868],[130.37591,31.58883],[130.37589,31.5889],[130.37593,31.58897],[130.376,31.58905],[130.37607,31.5891],[130.37609,31.58924],[130.37603,31.5892],[130.37596,31.58919],[130.3759,31.5892],[130.37574,31.58923],[130.37561,31.58924],[130.37549,31.58922],[130.37538,31.58917],[130.37529,31.58908],[130.37506,31.58896],[130.37461,31.58898],[130.37416,31.58909],[130.37403,31.58911],[130.37388,31.5891],[130.3738,31.58901],[130.37377,31.58891],[130.37377,31.58883],[130.37369,31.58876],[130.37343,31.58867],[130.37332,31.5886],[130.37329,31.58852],[130.3733,31.5884],[130.3733,31.58832],[130.37326,31.58826],[130.37307,31.58816],[130.37298,31.58807],[130.37293,31.58794],[130.37295,31.58782],[130.37296,31.58775],[130.3729,31.58764],[130.37273,31.58749],[130.37259,31.58733],[130.37249,31.58716],[130.37241,31.58709],[130.37227,31.58697],[130.37211,31.58696],[130.37178,31.58688],[130.37132,31.58685],[130.37086,31.5868],[130.37065,31.58683],[130.37056,31.58687],[130.37026,31.58719],[130.37009,31.58733],[130.36996,31.58741],[130.36973,31.58754],[130.3694,31.58765],[130.36892,31.58781],[130.36867,31.58792],[130.36856,31.58792],[130.36842,31.58787],[130.36797,31.58768],[130.36757,31.5875],[130.36735,31.5874],[130.36724,31.58737],[130.36695,31.58735],[130.36712,31.5872],[130.36725,31.58702],[130.36728,31.58694],[130.36728,31.58686],[130.36722,31.58678],[130.3671,31.58667],[130.36683,31.58647],[130.36676,31.58639],[130.36674,31.5863],[130.3667,31.58588],[130.36672,31.58579],[130.36678,31.58573],[130.36687,31.58569],[130.36697,31.58566],[130.36707,31.58563],[130.36721,31.58554],[130.36724,31.58547],[130.36724,31.58539],[130.3672,31.58528],[130.36715,31.58515],[130.36715,31.58504],[130.36719,31.58488],[130.36723,31.58479],[130.36729,31.58473],[130.36745,31.58459],[130.36755,31.58447],[130.36763,31.58432],[130.36765,31.58426],[130.36759,31.58412],[130.36753,31.58407],[130.36709,31.58395],[130.36688,31.58389],[130.36682,31.58382],[130.3668,31.58375],[130.36679,31.58365],[130.36686,31.58346],[130.36689,31.58335],[130.36688,31.58321],[130.36685,31.5831],[130.36678,31.58299],[130.36668,31.58288],[130.36652,31.58278],[130.36633,31.58268],[130.36624,31.58259],[130.36616,31.58247],[130.36613,31.58237],[130.36613,31.58231],[130.36615,31.5822],[130.36623,31.58208],[130.36634,31.582],[130.36647,31.58194],[130.36657,31.58192],[130.3667,31.5819],[130.36718,31.5819],[130.36762,31.58192],[130.36781,31.5819],[130.36804,31.58185],[130.36841,31.58169],[130.36857,31.58161],[130.36868,31.58154],[130.36882,31.58138],[130.36885,31.58133],[130.36906,31.58121],[130.36915,31.58114],[130.36928,31.58095],[130.36939,31.58083],[130.36949,31.58076],[130.36959,31.58071],[130.36998,31.58062],[130.37005,31.58059],[130.37007,31.58054],[130.37004,31.58043],[130.36997,31.58032],[130.36986,31.58017],[130.36978,31.58005],[130.36969,31.57994],[130.36952,31.57983],[130.36932,31.57973],[130.36909,31.57965],[130.36888,31.57959],[130.36876,31.57958],[130.36839,31.57952],[130.36827,31.5795],[130.36801,31.57939],[130.36752,31.57918],[130.36706,31.57892],[130.36687,31.57883],[130.36677,31.57881],[130.36666,31.57882],[130.36618,31.57894],[130.36611,31.57898],[130.36602,31.57905],[130.36587,31.57921],[130.36581,31.57925],[130.36565,31.57928],[130.36547,31.57928],[130.36518,31.57921],[130.36519,31.57908],[130.36523,31.57902],[130.36533,31.57896],[130.36555,31.57885],[130.36569,31.57878],[130.36573,31.57874],[130.36579,31.57857],[130.36585,31.57826],[130.36589,31.57815],[130.36608,31.57791],[130.36633,31.5776],[130.36648,31.57744],[130.36657,31.57736],[130.36665,31.57733],[130.36674,31.57731],[130.36735,31.57733],[130.36738,31.57732],[130.36742,31.5773],[130.36745,31.5772],[130.36744,31.5768],[130.36748,31.5767],[130.36752,31.5766],[130.36778,31.57638],[130.36794,31.57629],[130.36804,31.57627],[130.36815,31.57626],[130.36828,31.57626],[130.36839,31.57628],[130.36851,31.57632],[130.36856,31.57632],[130.36863,31.57628],[130.36871,31.57619],[130.36873,31.57609],[130.36867,31.57599],[130.3685,31.57585],[130.3683,31.57575],[130.36814,31.57572],[130.36801,31.57571],[130.36705,31.57584],[130.36648,31.57584],[130.3663,31.57584],[130.36612,31.57591],[130.36596,31.57588],[130.36511,31.57581],[130.36474,31.57582],[130.36415,31.57584],[130.36389,31.57584],[130.36364,31.57578],[130.3634,31.5757],[130.36327,31.57568],[130.36316,31.5757],[130.36303,31.57577],[130.36266,31.57605],[130.36257,31.5761],[130.3624,31.57608],[130.36233,31.5761],[130.36216,31.57624],[130.36174,31.57658],[130.36148,31.57683],[130.36141,31.57691],[130.36134,31.57701],[130.36128,31.57727],[130.36122,31.57739],[130.36114,31.57749],[130.36104,31.57754],[130.36092,31.57756],[130.36049,31.57749],[130.36036,31.57749],[130.36018,31.57748],[130.35993,31.57743],[130.35976,31.57735],[130.35967,31.57731],[130.35955,31.5773],[130.35939,31.57734],[130.35888,31.57761],[130.35873,31.57768],[130.35864,31.57768],[130.35852,31.57765],[130.35797,31.57747],[130.35761,31.57793],[130.35748,31.57806],[130.35734,31.57818],[130.35718,31.5783],[130.35712,31.5783],[130.3569,31.57835],[130.35646,31.57847],[130.35617,31.5786],[130.35602,31.57867],[130.3559,31.57874],[130.35574,31.57894],[130.35559,31.57917],[130.35533,31.57965],[130.35511,31.58004],[130.35494,31.58041],[130.35482,31.5806],[130.35457,31.58097],[130.35443,31.5811],[130.35434,31.58116],[130.35425,31.58117],[130.35411,31.58123],[130.35397,31.5813],[130.35391,31.58138],[130.35381,31.5815],[130.35368,31.58158],[130.35351,31.58163],[130.3533,31.58166],[130.35324,31.5817],[130.35318,31.58179],[130.3531,31.58206],[130.35299,31.58194],[130.3494,31.5824],[130.34967,31.58395],[130.34946,31.58398],[130.34924,31.58397],[130.34904,31.58392],[130.34887,31.58386],[130.34868,31.58388],[130.3485,31.58394],[130.34839,31.58401],[130.34816,31.58418],[130.34799,31.58428],[130.34771,31.58437],[130.34746,31.58442],[130.34677,31.58446],[130.34659,31.58394],[130.34639,31.58373],[130.3447,31.58328],[130.34436,31.58328],[130.34392,31.58332],[130.34263,31.58356],[130.34247,31.58358],[130.34048,31.58312],[130.34019,31.58298],[130.33826,31.58197],[130.33753,31.58166],[130.33705,31.5813],[130.33662,31.58079],[130.33639,31.58008],[130.33628,31.57979],[130.33587,31.57919],[130.33559,31.57906],[130.33553,31.57903],[130.33547,31.57901],[130.33542,31.57899],[130.33537,31.57898],[130.3353,31.57897],[130.33524,31.57898],[130.33521,31.57898],[130.33515,31.579],[130.3351,31.57903],[130.33505,31.57907],[130.33504,31.57909],[130.33502,31.57912],[130.335,31.57915],[130.33499,31.57919],[130.33499,31.57923],[130.33498,31.57931],[130.33509,31.57986],[130.33511,31.58001],[130.33513,31.58016],[130.33514,31.58034],[130.33515,31.58053],[130.33515,31.58071],[130.33514,31.58089],[130.33514,31.58109],[130.33515,31.58117],[130.33515,31.58122],[130.33515,31.58129],[130.33514,31.58138],[130.33514,31.58146],[130.33513,31.58155],[130.33512,31.58163],[130.33511,31.58173],[130.3351,31.58184],[130.3351,31.58194],[130.3351,31.58208],[130.33509,31.58221],[130.33509,31.58235],[130.33508,31.58249],[130.33507,31.58263],[130.33506,31.58277],[130.33504,31.58291],[130.33502,31.58305],[130.335,31.58318],[130.33498,31.58335],[130.33497,31.58352],[130.33495,31.58368],[130.33494,31.58381],[130.33494,31.58394],[130.33493,31.58407],[130.33492,31.58419],[130.33491,31.58432],[130.33491,31.58438],[130.33491,31.58445],[130.33493,31.58455],[130.33495,31.58466],[130.33497,31.58476],[130.33498,31.58482],[130.33498,31.58493],[130.33499,31.58505],[130.33499,31.58519],[130.33499,31.58535],[130.33499,31.58552],[130.33499,31.58566],[130.33499,31.58568],[130.33498,31.58578],[130.33497,31.5859],[130.33495,31.58604],[130.33492,31.5862],[130.3349,31.58637],[130.33489,31.58649],[130.33488,31.58656],[130.33488,31.58664],[130.33489,31.58672],[130.33489,31.58681],[130.33489,31.58682],[130.3349,31.5869],[130.3349,31.587],[130.33491,31.5871],[130.33491,31.58721],[130.33491,31.5873],[130.33491,31.58738],[130.33491,31.58746],[130.33492,31.58754],[130.33492,31.58763],[130.33492,31.58771],[130.33491,31.58779],[130.33491,31.58786],[130.3349,31.58793],[130.33488,31.58801],[130.33487,31.5881],[130.33486,31.58819],[130.33486,31.58823],[130.33486,31.5883],[130.33487,31.58836],[130.33488,31.58842],[130.33493,31.58863],[130.33495,31.58874],[130.33496,31.58886],[130.33496,31.58897],[130.33495,31.58909],[130.33494,31.58921],[130.33492,31.58945],[130.33492,31.58959],[130.33492,31.58974],[130.33492,31.58988],[130.33493,31.59017],[130.33493,31.59019],[130.33494,31.59034],[130.33494,31.59041],[130.33494,31.59047],[130.33493,31.59058],[130.33492,31.59073],[130.33489,31.59089],[130.33487,31.59102],[130.33485,31.59113],[130.33484,31.59125],[130.33481,31.59157],[130.33477,31.5921],[130.33476,31.59236],[130.33474,31.59289],[130.33472,31.59353],[130.33469,31.59418],[130.33468,31.5944],[130.33465,31.5947],[130.33465,31.59477],[130.33465,31.59487],[130.33466,31.59499],[130.33467,31.5951],[130.33468,31.59521],[130.33467,31.5953],[130.33466,31.59538],[130.33466,31.59547],[130.33466,31.59553],[130.33465,31.59559],[130.33463,31.59566],[130.33462,31.59568],[130.33461,31.5957],[130.33461,31.59572],[130.33462,31.59573],[130.33463,31.59574],[130.33464,31.59575],[130.33467,31.59577],[130.33469,31.59579],[130.3347,31.5958],[130.3347,31.59581],[130.33469,31.59581],[130.33468,31.59581],[130.33465,31.59582],[130.33464,31.59582],[130.33462,31.59583],[130.33461,31.59584],[130.33459,31.59586],[130.33458,31.59588],[130.33458,31.5959],[130.33459,31.59593],[130.33459,31.596],[130.3346,31.59607],[130.33461,31.59613],[130.33461,31.5962],[130.3346,31.59626],[130.33459,31.5964],[130.33457,31.59654],[130.33456,31.59661],[130.33455,31.59668],[130.33454,31.59675],[130.33453,31.5968],[130.33452,31.59685],[130.33451,31.5969],[130.33448,31.59696],[130.33446,31.59702],[130.33445,31.59708],[130.33445,31.59713],[130.33445,31.59719],[130.33446,31.59724],[130.33447,31.5973],[130.33448,31.59736],[130.33448,31.59742],[130.33448,31.59745],[130.33448,31.5975],[130.33447,31.59755],[130.33446,31.59763],[130.33446,31.59772],[130.33447,31.59781],[130.33447,31.59791],[130.33446,31.59802],[130.33445,31.59812],[130.33444,31.59822],[130.33443,31.59831],[130.33441,31.5984],[130.3344,31.59847],[130.33439,31.59853],[130.33437,31.59858],[130.33436,31.59865],[130.33433,31.59873],[130.33431,31.5988],[130.33429,31.5989],[130.33428,31.59902],[130.33428,31.59914],[130.33428,31.59921],[130.33428,31.59928],[130.33427,31.59944],[130.33426,31.59959],[130.33424,31.59971],[130.33423,31.59978],[130.33422,31.59986],[130.3342,31.59994],[130.33418,31.60002],[130.33415,31.6001],[130.33413,31.60018],[130.3341,31.60025],[130.33409,31.60032],[130.33409,31.60036],[130.33409,31.60041],[130.3341,31.60047],[130.33411,31.60053],[130.33412,31.60057],[130.33413,31.60062],[130.33414,31.60067],[130.33416,31.60074],[130.33417,31.60081],[130.33417,31.60088],[130.33416,31.60097],[130.33415,31.60105],[130.33412,31.60114],[130.33411,31.6012],[130.33409,31.60125],[130.33407,31.60131],[130.33406,31.60138],[130.33404,31.60145],[130.33403,31.60152],[130.33402,31.60161],[130.33401,31.6017],[130.334,31.60179],[130.33398,31.60189],[130.33395,31.602],[130.33393,31.60211],[130.3339,31.60221],[130.33386,31.60231],[130.33383,31.60242],[130.3338,31.60254],[130.33377,31.60266],[130.33376,31.60269],[130.33374,31.60278],[130.33372,31.60288],[130.3337,31.60299],[130.33369,31.60309],[130.33368,31.60321],[130.33368,31.60333],[130.33368,31.60345],[130.33368,31.60357],[130.33368,31.6037],[130.33368,31.60372],[130.33368,31.60382],[130.33368,31.604],[130.33367,31.60418],[130.33366,31.60436],[130.33366,31.60448],[130.33365,31.60461],[130.33365,31.60473],[130.33363,31.60486],[130.33361,31.60499],[130.33359,31.60512],[130.33356,31.60529],[130.33354,31.60547],[130.3335,31.60564],[130.33349,31.60572],[130.33357,31.6057],[130.33362,31.60568],[130.33365,31.6057],[130.33375,31.60565],[130.33387,31.60558],[130.33411,31.60536],[130.33416,31.60525],[130.33425,31.60493],[130.33433,31.60475],[130.33442,31.60465],[130.33459,31.60441],[130.33463,31.60434],[130.33465,31.60411],[130.33467,31.60398],[130.33472,31.60391],[130.33485,31.6038],[130.33493,31.60369],[130.33493,31.60359],[130.33486,31.60341],[130.33479,31.60325],[130.3348,31.60313],[130.33479,31.60305],[130.33475,31.60293],[130.33475,31.60283],[130.33481,31.60271],[130.33488,31.60262],[130.335,31.6025],[130.33513,31.60244],[130.33528,31.60242],[130.33543,31.60242],[130.33561,31.6025],[130.33573,31.60255],[130.33584,31.60263],[130.33594,31.60275],[130.33601,31.60295],[130.33614,31.60316],[130.33626,31.60335],[130.33638,31.60351],[130.33675,31.60395],[130.33687,31.60407],[130.33865,31.60486],[130.33978,31.60536],[130.3398,31.60538],[130.33987,31.6056],[130.33988,31.60562],[130.3402,31.60566],[130.34115,31.60583],[130.34105,31.60544],[130.34102,31.60525],[130.34103,31.6051],[130.34107,31.60489],[130.34115,31.6046],[130.34109,31.60439],[130.34092,31.60444],[130.34085,31.60428],[130.34104,31.60423],[130.34093,31.60404],[130.3409,31.60397],[130.3409,31.60391],[130.34091,31.60385],[130.34095,31.6038],[130.34104,31.60373],[130.34122,31.60364],[130.34121,31.60337],[130.3409,31.60319],[130.34089,31.6029],[130.34099,31.60291],[130.34103,31.6029],[130.34109,31.60289],[130.34116,31.60288],[130.34124,31.60292],[130.34151,31.603],[130.34182,31.60306],[130.34191,31.60279],[130.34273,31.60304],[130.3427,31.60366],[130.34294,31.60371],[130.34295,31.60388],[130.34293,31.60408],[130.34309,31.60408],[130.34319,31.60409],[130.34331,31.60414],[130.34339,31.60424],[130.34338,31.60432],[130.34365,31.60403],[130.34376,31.60396],[130.344,31.60386],[130.34413,31.60379],[130.34421,31.60378],[130.3444,31.60383],[130.34462,31.60394],[130.34477,31.60403],[130.34486,31.60406],[130.34496,31.60406],[130.34507,31.60403],[130.34514,31.60397],[130.34518,31.60388],[130.34523,31.60373],[130.34532,31.60359],[130.34543,31.60347],[130.34554,31.60339],[130.34566,31.60333],[130.3458,31.6033],[130.34596,31.60328],[130.34609,31.60324],[130.34625,31.60316],[130.34642,31.60304],[130.34656,31.60291],[130.34661,31.60283],[130.34664,31.60276],[130.34666,31.60263],[130.34672,31.60274],[130.34672,31.60285],[130.3467,31.60303],[130.34669,31.60315],[130.34673,31.60322],[130.34683,31.60337],[130.34694,31.60349],[130.34706,31.60359],[130.34714,31.60365],[130.34689,31.60382],[130.34711,31.60414],[130.34718,31.60438],[130.34726,31.60453],[130.3474,31.60466],[130.34746,31.60474],[130.34749,31.60479],[130.34753,31.60492],[130.34759,31.60502],[130.34767,31.60509],[130.34779,31.60516],[130.34785,31.60523],[130.34793,31.60538],[130.34799,31.60545],[130.34813,31.60557],[130.3483,31.6057],[130.34839,31.60579],[130.34845,31.60589],[130.34848,31.60599],[130.34849,31.60616],[130.34854,31.60633],[130.34859,31.60644],[130.3487,31.60655],[130.34883,31.60663],[130.34906,31.60671],[130.34915,31.60675],[130.34919,31.60682],[130.34926,31.60713],[130.34932,31.60725],[130.34937,31.60737],[130.34946,31.60751],[130.34964,31.60769],[130.34989,31.60791],[130.35012,31.60803],[130.35026,31.60809],[130.35042,31.60813],[130.35072,31.6082],[130.34992,31.61041],[130.35017,31.61205],[130.34844,31.61269],[130.34589,31.61594],[130.34754,31.61985],[130.34736,31.62002],[130.34779,31.62035],[130.34744,31.62069],[130.34736,31.62082],[130.34714,31.62106],[130.34706,31.6212],[130.34703,31.62133],[130.34708,31.62151],[130.34715,31.62162],[130.34719,31.62178],[130.34718,31.62186],[130.34712,31.62217],[130.34689,31.62252],[130.34689,31.62267],[130.34682,31.6229],[130.34672,31.623],[130.3466,31.62305],[130.34641,31.62319],[130.34625,31.62332],[130.3461,31.62341],[130.34589,31.62348],[130.34608,31.62375],[130.3461,31.62389],[130.3461,31.62408],[130.34592,31.6243],[130.34585,31.6244],[130.34591,31.62444],[130.34605,31.62445],[130.34621,31.62441],[130.34647,31.62432],[130.34684,31.62418],[130.34713,31.62419],[130.34732,31.62431],[130.34767,31.62491],[130.34799,31.62567],[130.34825,31.62615],[130.34845,31.62635],[130.34885,31.62657],[130.34929,31.62681],[130.34956,31.62702],[130.34974,31.62732],[130.34979,31.62749],[130.3498,31.62769],[130.34975,31.62794],[130.34953,31.6285],[130.34945,31.62874],[130.34947,31.62885],[130.34966,31.62901],[130.34984,31.62901],[130.35006,31.62896],[130.35056,31.62874],[130.35081,31.62861],[130.35109,31.6286],[130.35137,31.62868],[130.35188,31.62911],[130.35207,31.62926],[130.35262,31.62964],[130.35272,31.62968],[130.35296,31.62924],[130.35351,31.62892]]]}},{"type":"Feature","properties":{"name":"日吉町吉利","setai":496,"jinko":1077,"key":"462160320","units":1},"geometry":{"type":"Polygon","coordinates":[[[130.38537,31.59545],[130.38585,31.5949],[130.38598,31.59476],[130.38599,31.59459],[130.38595,31.5944],[130.38568,31.59375],[130.38591,31.59306],[130.38594,31.59291],[130.38594,31.59286],[130.38592,31.59282],[130.38585,31.5928],[130.38634,31.59173],[130.3864,31.59166],[130.38655,31.59158],[130.3866,31.59141],[130.38667,31.59111],[130.3868,31.59061],[130.3868,31.59044],[130.38681,31.59024],[130.38692,31.58991],[130.38695,31.58967],[130.38695,31.58943],[130.38692,31.58928],[130.38691,31.5892],[130.38693,31.58914],[130.38698,31.58907],[130.38712,31.58892],[130.3872,31.58879],[130.38725,31.58871],[130.38726,31.58865],[130.38725,31.5886],[130.38721,31.58854],[130.38718,31.58844],[130.38717,31.58834],[130.38719,31.58826],[130.38724,31.5882],[130.38732,31.58817],[130.38738,31.58815],[130.38746,31.58815],[130.38755,31.58819],[130.38764,31.58823],[130.3877,31.58824],[130.38775,31.58822],[130.38789,31.58813],[130.38796,31.58804],[130.38795,31.58795],[130.38791,31.58786],[130.38794,31.58777],[130.38803,31.58761],[130.38811,31.58725],[130.38818,31.58713],[130.38837,31.58696],[130.38851,31.58678],[130.38862,31.5865],[130.38876,31.58627],[130.38887,31.58611],[130.38891,31.58605],[130.389,31.58589],[130.38909,31.58573],[130.3891,31.58572],[130.38916,31.58557],[130.38919,31.58536],[130.38914,31.58518],[130.38912,31.58508],[130.38911,31.58494],[130.38907,31.58482],[130.38902,31.58471],[130.38892,31.58458],[130.38887,31.5845],[130.3888,31.58438],[130.38878,31.58435],[130.38876,31.58433],[130.38875,31.5843],[130.38874,31.58429],[130.38873,31.58425],[130.38873,31.58424],[130.38873,31.58424],[130.38873,31.58423],[130.38873,31.58422],[130.38873,31.58422],[130.38873,31.58421],[130.38873,31.58421],[130.38873,31.58421],[130.38873,31.5842],[130.38872,31.58417],[130.38872,31.58414],[130.38872,31.58411],[130.38873,31.5841],[130.38874,31.58406],[130.38874,31.58406],[130.38875,31.58404],[130.38882,31.58399],[130.38918,31.58371],[130.38915,31.58363],[130.38914,31.58359],[130.38913,31.58355],[130.38911,31.58351],[130.38909,31.58347],[130.38908,31.58344],[130.38905,31.58341],[130.38904,31.58338],[130.38901,31.58335],[130.38899,31.58333],[130.38896,31.5833],[130.38892,31.58327],[130.38888,31.58324],[130.38885,31.58321],[130.38881,31.58319],[130.38874,31.58314],[130.38868,31.58308],[130.38861,31.58303],[130.38854,31.58297],[130.38848,31.58292],[130.38846,31.5829],[130.38844,31.58288],[130.38841,31.58287],[130.38839,31.58285],[130.38838,31.58283],[130.38836,31.58281],[130.38835,31.58279],[130.38833,31.58277],[130.38832,31.58275],[130.38831,31.58273],[130.38828,31.58269],[130.38826,31.58265],[130.38824,31.5826],[130.38821,31.58256],[130.38818,31.58252],[130.38817,31.5825],[130.38815,31.58248],[130.38814,31.58246],[130.38812,31.58244],[130.38811,31.58242],[130.38809,31.5824],[130.38808,31.58238],[130.38806,31.58237],[130.38805,31.58235],[130.38803,31.58234],[130.38801,31.58232],[130.388,31.58231],[130.38798,31.5823],[130.38796,31.58229],[130.38795,31.58228],[130.38793,31.58226],[130.3879,31.58225],[130.38788,31.58224],[130.38786,31.58223],[130.38784,31.58222],[130.38781,31.58221],[130.38778,31.58219],[130.38775,31.58218],[130.38772,31.58217],[130.38769,31.58216],[130.38765,31.58214],[130.3876,31.58213],[130.38756,31.58212],[130.38752,31.5821],[130.38748,31.58209],[130.38743,31.58208],[130.38738,31.58207],[130.38706,31.582],[130.38703,31.58197],[130.38702,31.58196],[130.387,31.58193],[130.387,31.58193],[130.387,31.58193],[130.387,31.58192],[130.38699,31.58192],[130.38699,31.58192],[130.38699,31.58191],[130.38699,31.58191],[130.38699,31.58191],[130.38698,31.58191],[130.38698,31.5819],[130.38698,31.5819],[130.38698,31.5819],[130.38698,31.58189],[130.38698,31.58189],[130.38698,31.58189],[130.38698,31.58189],[130.38698,31.58188],[130.38698,31.58188],[130.38698,31.58188],[130.38698,31.58188],[130.38698,31.58188],[130.38698,31.58187],[130.38698,31.58187],[130.38698,31.58187],[130.38698,31.58187],[130.38698,31.58187],[130.38698,31.58187],[130.38698,31.58186],[130.38698,31.58186],[130.38698,31.58186],[130.38698,31.58186],[130.38698,31.58186],[130.38698,31.58185],[130.38697,31.58183],[130.38697,31.58183],[130.38697,31.5818],[130.38697,31.58177],[130.38697,31.58175],[130.38697,31.58172],[130.38698,31.58162],[130.38698,31.58155],[130.387,31.5815],[130.38701,31.58149],[130.38701,31.58148],[130.38701,31.58148],[130.38701,31.58148],[130.38703,31.58143],[130.38705,31.5814],[130.38705,31.58139],[130.38706,31.58139],[130.38706,31.58138],[130.38707,31.58138],[130.38708,31.58137],[130.38711,31.58137],[130.38716,31.58137],[130.38716,31.58137],[130.38719,31.58138],[130.3872,31.58138],[130.38721,31.58138],[130.38722,31.58138],[130.38723,31.58138],[130.38723,31.58138],[130.38725,31.58139],[130.38729,31.5814],[130.3873,31.5814],[130.3873,31.5814],[130.38733,31.58141],[130.3874,31.58144],[130.38745,31.58146],[130.38748,31.58147],[130.3875,31.58148],[130.38755,31.5815],[130.38759,31.58153],[130.38764,31.58156],[130.38769,31.58158],[130.38771,31.5816],[130.38774,31.58161],[130.38776,31.58163],[130.38779,31.58164],[130.38782,31.58164],[130.38786,31.58164],[130.38791,31.58163],[130.38796,31.58162],[130.388,31.5816],[130.38805,31.58159],[130.38812,31.58157],[130.38819,31.58156],[130.38826,31.58156],[130.38833,31.58156],[130.3884,31.58157],[130.38846,31.58157],[130.38852,31.58158],[130.38858,31.5816],[130.38864,31.58162],[130.38869,31.58164],[130.38873,31.58167],[130.38876,31.5817],[130.38879,31.58174],[130.38882,31.58178],[130.38884,31.58182],[130.38884,31.58184],[130.38885,31.58188],[130.38886,31.58192],[130.38886,31.58196],[130.38886,31.582],[130.38886,31.58206],[130.38887,31.58212],[130.38888,31.58219],[130.3889,31.58225],[130.38891,31.58232],[130.38892,31.58237],[130.38892,31.58241],[130.38893,31.58246],[130.38894,31.5825],[130.38896,31.58255],[130.38899,31.5826],[130.38902,31.58264],[130.38905,31.58267],[130.38908,31.5827],[130.38909,31.58271],[130.38911,31.58271],[130.38912,31.58271],[130.38913,31.5827],[130.38915,31.58269],[130.38917,31.58267],[130.38918,31.58264],[130.3892,31.58261],[130.38922,31.58258],[130.38923,31.58255],[130.38925,31.58253],[130.38926,31.58251],[130.38928,31.58249],[130.38931,31.58247],[130.38936,31.58245],[130.3894,31.58243],[130.38945,31.58242],[130.3895,31.5824],[130.38955,31.58239],[130.38961,31.58237],[130.38967,31.58235],[130.38972,31.58233],[130.38977,31.58231],[130.38982,31.58229],[130.38986,31.58228],[130.38989,31.58227],[130.38993,31.58227],[130.38997,31.58226],[130.39002,31.58226],[130.39009,31.58227],[130.39016,31.58229],[130.39023,31.58229],[130.39026,31.58229],[130.39029,31.58229],[130.39032,31.58228],[130.39034,31.58227],[130.39035,31.58226],[130.39037,31.58224],[130.39039,31.58222],[130.3904,31.58221],[130.39044,31.58215],[130.39047,31.5821],[130.3905,31.58205],[130.39053,31.58199],[130.39056,31.58194],[130.3906,31.58188],[130.39063,31.58183],[130.39067,31.58177],[130.3907,31.58172],[130.39072,31.58166],[130.39074,31.58161],[130.39075,31.58155],[130.39075,31.58149],[130.39075,31.58145],[130.39075,31.58144],[130.39074,31.58139],[130.39074,31.58135],[130.39072,31.5813],[130.39069,31.58125],[130.39065,31.5812],[130.39061,31.58115],[130.3905,31.58106],[130.39027,31.58088],[130.39005,31.5807],[130.38994,31.58062],[130.38986,31.58056],[130.38978,31.5805],[130.38969,31.58045],[130.3896,31.5804],[130.38951,31.58037],[130.38945,31.58034],[130.38938,31.58033],[130.38932,31.58031],[130.38926,31.5803],[130.38923,31.5803],[130.38919,31.58029],[130.38907,31.58029],[130.38894,31.58029],[130.38881,31.5803],[130.38857,31.58033],[130.38837,31.58033],[130.38816,31.58032],[130.38796,31.58031],[130.38775,31.5803],[130.38753,31.5803],[130.38734,31.58031],[130.38725,31.58031],[130.38716,31.5803],[130.38708,31.58027],[130.38704,31.58024],[130.38699,31.5802],[130.38695,31.58016],[130.38687,31.58006],[130.38679,31.57996],[130.38675,31.5799],[130.38672,31.57985],[130.38671,31.57979],[130.3867,31.57974],[130.38671,31.57969],[130.38672,31.57964],[130.38674,31.57959],[130.38677,31.57954],[130.38681,31.57949],[130.38688,31.57939],[130.38691,31.57935],[130.38692,31.5793],[130.38693,31.57924],[130.38692,31.57918],[130.3869,31.57912],[130.38686,31.57901],[130.38684,31.57892],[130.38683,31.57883],[130.38682,31.57875],[130.38683,31.57857],[130.38651,31.57846],[130.38639,31.57841],[130.38624,31.57828],[130.38615,31.57815],[130.38607,31.57804],[130.38594,31.57795],[130.38582,31.57788],[130.38568,31.57779],[130.38548,31.57764],[130.3854,31.5775],[130.38536,31.5774],[130.38534,31.57731],[130.38531,31.5771],[130.38529,31.57692],[130.38524,31.57684],[130.38518,31.57679],[130.38507,31.57677],[130.38495,31.57675],[130.38481,31.57671],[130.38466,31.57663],[130.38448,31.57651],[130.38412,31.57633],[130.38388,31.57624],[130.38363,31.57618],[130.38345,31.57616],[130.38321,31.57616],[130.38295,31.57618],[130.3827,31.57619],[130.38263,31.57617],[130.38255,31.57612],[130.38243,31.57601],[130.3824,31.57594],[130.3823,31.57575],[130.38217,31.57562],[130.382,31.57551],[130.38188,31.57546],[130.38174,31.57542],[130.38152,31.57536],[130.38141,31.57531],[130.38135,31.57524],[130.38131,31.57514],[130.38132,31.57506],[130.38134,31.57491],[130.38132,31.57477],[130.3813,31.57469],[130.38105,31.57434],[130.38097,31.57424],[130.38075,31.57389],[130.38064,31.57378],[130.38052,31.57373],[130.38038,31.5737],[130.38012,31.57368],[130.37984,31.57366],[130.3797,31.57365],[130.37949,31.57367],[130.37926,31.57369],[130.37904,31.57369],[130.37867,31.5736],[130.37856,31.57357],[130.3785,31.57352],[130.37841,31.57342],[130.37836,31.57331],[130.37836,31.5732],[130.37823,31.5732],[130.37809,31.5732],[130.37792,31.57317],[130.37779,31.57312],[130.37764,31.57304],[130.37763,31.57302],[130.37687,31.57333],[130.37672,31.5734],[130.37667,31.57319],[130.3766,31.57309],[130.3765,31.573],[130.37639,31.57291],[130.37623,31.57282],[130.37614,31.57278],[130.37601,31.57272],[130.37574,31.57264],[130.37553,31.57254],[130.37548,31.57252],[130.37503,31.57266],[130.37489,31.5726],[130.37471,31.57251],[130.37445,31.57234],[130.37433,31.57224],[130.37416,31.57207],[130.37405,31.57196],[130.37392,31.57186],[130.37384,31.57179],[130.37378,31.57172],[130.37373,31.57162],[130.3737,31.57146],[130.37367,31.57138],[130.37362,31.57132],[130.37354,31.57127],[130.37343,31.57124],[130.37324,31.57122],[130.37301,31.57118],[130.37286,31.57113],[130.37277,31.57108],[130.37267,31.57099],[130.37255,31.57084],[130.37249,31.5707],[130.37237,31.57043],[130.37231,31.57034],[130.37221,31.57023],[130.37211,31.57017],[130.37186,31.57005],[130.37177,31.56999],[130.37161,31.56983],[130.37152,31.56976],[130.37146,31.56974],[130.37138,31.56972],[130.37114,31.56968],[130.37107,31.56965],[130.37102,31.56962],[130.37095,31.56956],[130.37087,31.56947],[130.37074,31.56927],[130.3707,31.56922],[130.37063,31.56919],[130.37058,31.56917],[130.3704,31.56914],[130.37028,31.56911],[130.37018,31.56906],[130.37003,31.56894],[130.36975,31.56869],[130.36966,31.5686],[130.36958,31.56847],[130.36955,31.56839],[130.36953,31.56829],[130.36951,31.56819],[130.36951,31.56809],[130.36952,31.56795],[130.36946,31.56787],[130.36935,31.5678],[130.36922,31.56771],[130.36917,31.56767],[130.36909,31.56764],[130.36901,31.56762],[130.36862,31.5676],[130.36855,31.56759],[130.36851,31.56758],[130.3684,31.56753],[130.36829,31.56746],[130.36821,31.56739],[130.36814,31.56731],[130.36808,31.56722],[130.36796,31.56706],[130.36786,31.56697],[130.36755,31.5667],[130.36724,31.5664],[130.367,31.56616],[130.36685,31.56601],[130.36667,31.56586],[130.36655,31.56577],[130.36641,31.56569],[130.36618,31.56558],[130.36598,31.56551],[130.36582,31.56547],[130.36593,31.5654],[130.36601,31.56534],[130.36614,31.56526],[130.36639,31.56512],[130.36659,31.56499],[130.36669,31.5649],[130.36674,31.56484],[130.36675,31.5648],[130.36674,31.56477],[130.36669,31.56472],[130.36643,31.56455],[130.36612,31.56437],[130.36591,31.5643],[130.36571,31.56422],[130.36538,31.56413],[130.36505,31.56407],[130.36467,31.56404],[130.3643,31.56406],[130.36406,31.56409],[130.36403,31.5641],[130.36387,31.56414],[130.36374,31.56424],[130.36361,31.56435],[130.36327,31.56458],[130.36297,31.5648],[130.36279,31.56488],[130.36255,31.56494],[130.36239,31.56504],[130.36221,31.56521],[130.36207,31.56538],[130.36197,31.56546],[130.36181,31.56547],[130.36166,31.56542],[130.36137,31.56529],[130.3612,31.56524],[130.36104,31.56522],[130.36087,31.56523],[130.36072,31.56526],[130.36059,31.56534],[130.36046,31.56547],[130.36034,31.56558],[130.36019,31.56571],[130.35995,31.56586],[130.35959,31.56603],[130.35945,31.56606],[130.35934,31.56611],[130.35924,31.56612],[130.35916,31.56612],[130.35902,31.56611],[130.35885,31.56615],[130.35871,31.56621],[130.35863,31.56621],[130.35849,31.56615],[130.35835,31.56605],[130.35819,31.56602],[130.35806,31.56606],[130.35796,31.56609],[130.35786,31.56605],[130.3577,31.56604],[130.35746,31.56607],[130.35718,31.56613],[130.35702,31.56616],[130.3569,31.56616],[130.35673,31.56613],[130.35645,31.56616],[130.35628,31.56618],[130.35606,31.56623],[130.35578,31.56635],[130.35561,31.56638],[130.35494,31.56652],[130.35489,31.56645],[130.35486,31.56639],[130.3548,31.56627],[130.35478,31.56621],[130.35473,31.56607],[130.35467,31.56576],[130.35456,31.5654],[130.35453,31.5652],[130.35452,31.56489],[130.35453,31.56465],[130.35455,31.56449],[130.35462,31.56423],[130.35469,31.56405],[130.35475,31.5639],[130.35475,31.56377],[130.35473,31.5637],[130.3547,31.56363],[130.35465,31.56358],[130.35455,31.56348],[130.35439,31.56339],[130.35401,31.56323],[130.35384,31.56314],[130.35374,31.56306],[130.3536,31.56296],[130.3535,31.5629],[130.35341,31.56287],[130.35327,31.56288],[130.35309,31.56295],[130.35293,31.56301],[130.35277,31.56306],[130.35263,31.56306],[130.35204,31.56304],[130.35123,31.56304],[130.3507,31.56303],[130.35044,31.56301],[130.34988,31.56295],[130.34973,31.56293],[130.34954,31.56293],[130.34943,31.56295],[130.34932,31.56299],[130.34925,31.56302],[130.34907,31.56313],[130.349,31.56315],[130.3489,31.56316],[130.3488,31.56314],[130.34867,31.5631],[130.34847,31.56301],[130.34826,31.56288],[130.348,31.56268],[130.34771,31.56241],[130.34763,31.56236],[130.34756,31.56235],[130.3475,31.56239],[130.34746,31.56244],[130.34742,31.56249],[130.34739,31.56259],[130.3474,31.56274],[130.34739,31.56293],[130.34737,31.56312],[130.34731,31.56328],[130.34727,31.56336],[130.34715,31.56348],[130.34706,31.56354],[130.34696,31.56361],[130.34673,31.56376],[130.34662,31.56382],[130.34647,31.56388],[130.34633,31.5639],[130.34614,31.56389],[130.34593,31.56386],[130.34581,31.56381],[130.34575,31.56376],[130.34567,31.56367],[130.3456,31.56361],[130.34557,31.56361],[130.34552,31.56362],[130.34546,31.56366],[130.34541,31.56367],[130.34529,31.5637],[130.34513,31.56373],[130.3449,31.56371],[130.34472,31.56367],[130.3446,31.56362],[130.34451,31.56357],[130.3444,31.5635],[130.34427,31.56337],[130.34416,31.56325],[130.34407,31.56315],[130.34401,31.5631],[130.34398,31.56303],[130.34401,31.56291],[130.34409,31.56279],[130.34417,31.56271],[130.34432,31.56259],[130.3445,31.56245],[130.34462,31.56233],[130.3447,31.56221],[130.34481,31.56203],[130.34491,31.56184],[130.34491,31.56174],[130.34488,31.56163],[130.34481,31.56154],[130.34472,31.56147],[130.34457,31.56137],[130.34448,31.5613],[130.34443,31.56122],[130.34439,31.56111],[130.34437,31.56096],[130.34436,31.56075],[130.34437,31.56062],[130.34442,31.56039],[130.34443,31.56033],[130.34442,31.56016],[130.34443,31.56006],[130.34445,31.55996],[130.34449,31.55985],[130.34466,31.55954],[130.34469,31.55948],[130.34468,31.55942],[130.34465,31.55939],[130.34461,31.55937],[130.34455,31.55937],[130.34466,31.55903],[130.34468,31.5589],[130.34469,31.55872],[130.34468,31.55848],[130.34471,31.55841],[130.34476,31.55835],[130.34481,31.55832],[130.34487,31.55832],[130.34493,31.55832],[130.34499,31.55829],[130.34503,31.55824],[130.34504,31.5582],[130.34505,31.55811],[130.34504,31.558],[130.34501,31.55793],[130.34497,31.55791],[130.34483,31.55786],[130.3448,31.55785],[130.34479,31.55781],[130.34478,31.55776],[130.34479,31.5577],[130.34484,31.55759],[130.34484,31.55756],[130.34481,31.55745],[130.34472,31.5574],[130.34462,31.55739],[130.34454,31.55744],[130.34448,31.55756],[130.34445,31.55772],[130.34443,31.55779],[130.34438,31.55786],[130.34434,31.55788],[130.34429,31.55789],[130.344,31.55781],[130.34383,31.55774],[130.34376,31.55769],[130.34373,31.55764],[130.34373,31.55755],[130.34375,31.55743],[130.34375,31.55734],[130.34372,31.55729],[130.34367,31.55722],[130.34361,31.55719],[130.34355,31.55719],[130.34341,31.55719],[130.34329,31.55719],[130.34321,31.55716],[130.34315,31.55713],[130.3431,31.55708],[130.34309,31.55698],[130.34314,31.55686],[130.34316,31.55677],[130.34315,31.55669],[130.34308,31.55656],[130.34305,31.55645],[130.34303,31.55635],[130.34303,31.55628],[130.343,31.55623],[130.34294,31.55619],[130.34279,31.55615],[130.3427,31.55612],[130.34246,31.55608],[130.34217,31.55603],[130.34178,31.55597],[130.3416,31.55592],[130.34133,31.55581],[130.34122,31.5558],[130.34104,31.55581],[130.34097,31.55579],[130.34091,31.55576],[130.34079,31.55563],[130.34073,31.55557],[130.34062,31.55551],[130.34041,31.55546],[130.34014,31.55541],[130.33987,31.55535],[130.33976,31.55533],[130.33959,31.55533],[130.33933,31.55528],[130.33923,31.55526],[130.33914,31.55524],[130.33903,31.55523],[130.33886,31.55526],[130.33865,31.55531],[130.33855,31.55534],[130.33841,31.55538],[130.33826,31.55546],[130.33809,31.55553],[130.338,31.55554],[130.33795,31.55554],[130.33788,31.55551],[130.33779,31.55545],[130.3377,31.55541],[130.33757,31.55539],[130.33756,31.55539],[130.33744,31.55539],[130.3374,31.55538],[130.33736,31.55534],[130.33733,31.5553],[130.33732,31.55521],[130.3373,31.55505],[130.33717,31.55469],[130.33714,31.55461],[130.33709,31.55455],[130.33703,31.5545],[130.33694,31.55447],[130.3368,31.55444],[130.33643,31.55443],[130.33621,31.55442],[130.33607,31.55437],[130.33588,31.55426],[130.33582,31.55423],[130.3357,31.5542],[130.33558,31.55417],[130.33545,31.55417],[130.33537,31.55418],[130.33529,31.55422],[130.33521,31.5543],[130.33518,31.55438],[130.33518,31.55445],[130.33521,31.55454],[130.33535,31.55475],[130.33536,31.55485],[130.33535,31.55492],[130.33531,31.55501],[130.33521,31.55514],[130.33495,31.55542],[130.33479,31.55554],[130.33471,31.55558],[130.33463,31.55561],[130.33454,31.55561],[130.3344,31.5556],[130.33415,31.55554],[130.33401,31.5555],[130.33396,31.55546],[130.33388,31.5554],[130.33379,31.55531],[130.33362,31.55515],[130.33355,31.5551],[130.33341,31.55502],[130.3333,31.55497],[130.33316,31.55492],[130.33298,31.55486],[130.33287,31.55484],[130.33277,31.55483],[130.33245,31.55484],[130.33247,31.55499],[130.33251,31.55525],[130.33253,31.5555],[130.33256,31.55575],[130.33258,31.556],[130.33261,31.55625],[130.33263,31.55638],[130.33268,31.55663],[130.33273,31.55688],[130.33278,31.55711],[130.33282,31.55734],[130.33286,31.55761],[130.3329,31.55792],[130.33291,31.55808],[130.33292,31.55824],[130.33293,31.55847],[130.33293,31.55861],[130.33293,31.5587],[130.33293,31.55892],[130.33293,31.55912],[130.33294,31.55922],[130.33295,31.55933],[130.33297,31.55941],[130.33301,31.55959],[130.33305,31.55976],[130.3331,31.55996],[130.33314,31.56015],[130.33321,31.56042],[130.3333,31.56077],[130.33334,31.56094],[130.33337,31.56111],[130.33339,31.56123],[130.33342,31.56148],[130.33344,31.56172],[130.33348,31.56197],[130.33352,31.56223],[130.33355,31.56241],[130.33358,31.56253],[130.33361,31.56265],[130.33363,31.56272],[130.33367,31.56286],[130.33369,31.56294],[130.3337,31.56301],[130.33371,31.56307],[130.3337,31.56311],[130.33371,31.56319],[130.33371,31.56331],[130.33372,31.5635],[130.33374,31.56368],[130.33377,31.56393],[130.33379,31.56424],[130.3338,31.56439],[130.33381,31.56462],[130.33382,31.56475],[130.33382,31.56488],[130.33384,31.56499],[130.33385,31.56511],[130.33389,31.56533],[130.3339,31.56545],[130.33392,31.56565],[130.33392,31.56575],[130.33392,31.56595],[130.33391,31.56617],[130.33389,31.56638],[130.33387,31.56658],[130.33386,31.56674],[130.33385,31.56691],[130.33386,31.56706],[130.33387,31.56722],[130.3339,31.5674],[130.33394,31.56761],[130.33395,31.56764],[130.33398,31.56785],[130.33401,31.56797],[130.33402,31.56804],[130.33404,31.56814],[130.33407,31.56827],[130.33411,31.56841],[130.33413,31.56854],[130.33414,31.56864],[130.33415,31.56873],[130.33415,31.56883],[130.33415,31.56902],[130.33415,31.56919],[130.33415,31.56932],[130.33416,31.56944],[130.33418,31.5696],[130.33422,31.5698],[130.33426,31.56999],[130.33427,31.57009],[130.33428,31.57025],[130.33428,31.57033],[130.33427,31.57049],[130.33427,31.57067],[130.33426,31.57089],[130.33428,31.57107],[130.33429,31.57126],[130.3343,31.57145],[130.33431,31.57164],[130.33433,31.57183],[130.33434,31.57194],[130.33437,31.57214],[130.33438,31.57215],[130.33441,31.57234],[130.33444,31.57258],[130.33448,31.57282],[130.33451,31.57305],[130.33456,31.57332],[130.33461,31.57359],[130.33463,31.57372],[130.33464,31.57386],[130.33465,31.57398],[130.33465,31.57411],[130.33464,31.57435],[130.33462,31.5746],[130.3346,31.57474],[130.33458,31.57488],[130.33458,31.57502],[130.33458,31.57512],[130.33458,31.57521],[130.3346,31.57541],[130.33463,31.5756],[130.33465,31.57575],[130.33466,31.57591],[130.33468,31.57607],[130.33471,31.57642],[130.33473,31.57666],[130.33474,31.57677],[130.33477,31.57713],[130.33478,31.57746],[130.3348,31.57778],[130.3348,31.57811],[130.33479,31.57835],[130.33478,31.57858],[130.33478,31.57882],[130.33498,31.57881],[130.33519,31.5788],[130.3353,31.57881],[130.3354,31.57881],[130.33547,31.57882],[130.33561,31.57885],[130.33562,31.57885],[130.33559,31.57906],[130.33587,31.57919],[130.33628,31.57979],[130.33639,31.58008],[130.33662,31.58079],[130.33705,31.5813],[130.33753,31.58166],[130.33826,31.58197],[130.34019,31.58298],[130.34048,31.58312],[130.34247,31.58358],[130.34263,31.58356],[130.34392,31.58332],[130.34436,31.58328],[130.3447,31.58328],[130.34639,31.58373],[130.34659,31.58394],[130.34677,31.58446],[130.34746,31.58442],[130.34771,31.58437],[130.34799,31.58428],[130.34816,31.58418],[130.34839,31.58401],[130.3485,31.58394],[130.34868,31.58388],[130.34887,31.58386],[130.34904,31.58392],[130.34924,31.58397],[130.34946,31.58398],[130.34967,31.58395],[130.3494,31.5824],[130.35299,31.58194],[130.3531,31.58206],[130.35318,31.58179],[130.35324,31.5817],[130.3533,31.58166],[130.35351,31.58163],[130.35368,31.58158],[130.35381,31.5815],[130.35391,31.58138],[130.35397,31.5813],[130.35411,31.58123],[130.35425,31.58117],[130.35434,31.58116],[130.35443,31.5811],[130.35457,31.58097],[130.35482,31.5806],[130.35494,31.58041],[130.35511,31.58004],[130.35533,31.57965],[130.35559,31.57917],[130.35574,31.57894],[130.3559,31.57874],[130.35602,31.57867],[130.35617,31.5786],[130.35646,31.57847],[130.3569,31.57835],[130.35712,31.5783],[130.35718,31.5783],[130.35734,31.57818],[130.35748,31.57806],[130.35761,31.57793],[130.35797,31.57747],[130.35852,31.57765],[130.35864,31.57768],[130.35873,31.57768],[130.35888,31.57761],[130.35939,31.57734],[130.35955,31.5773],[130.35967,31.57731],[130.35976,31.57735],[130.35993,31.57743],[130.36018,31.57748],[130.36036,31.57749],[130.36049,31.57749],[130.36092,31.57756],[130.36104,31.57754],[130.36114,31.57749],[130.36122,31.57739],[130.36128,31.57727],[130.36134,31.57701],[130.36141,31.57691],[130.36148,31.57683],[130.36174,31.57658],[130.36216,31.57624],[130.36233,31.5761],[130.3624,31.57608],[130.36257,31.5761],[130.36266,31.57605],[130.36303,31.57577],[130.36316,31.5757],[130.36327,31.57568],[130.3634,31.5757],[130.36364,31.57578],[130.36389,31.57584],[130.36415,31.57584],[130.36474,31.57582],[130.36511,31.57581],[130.36596,31.57588],[130.36612,31.57591],[130.3663,31.57584],[130.36648,31.57584],[130.36705,31.57584],[130.36801,31.57571],[130.36814,31.57572],[130.3683,31.57575],[130.3685,31.57585],[130.36867,31.57599],[130.36873,31.57609],[130.36871,31.57619],[130.36863,31.57628],[130.36856,31.57632],[130.36851,31.57632],[130.36839,31.57628],[130.36828,31.57626],[130.36815,31.57626],[130.36804,31.57627],[130.36794,31.57629],[130.36778,31.57638],[130.36752,31.5766],[130.36748,31.5767],[130.36744,31.5768],[130.36745,31.5772],[130.36742,31.5773],[130.36738,31.57732],[130.36735,31.57733],[130.36674,31.57731],[130.36665,31.57733],[130.36657,31.57736],[130.36648,31.57744],[130.36633,31.5776],[130.36608,31.57791],[130.36589,31.57815],[130.36585,31.57826],[130.36579,31.57857],[130.36573,31.57874],[130.36569,31.57878],[130.36555,31.57885],[130.36533,31.57896],[130.36523,31.57902],[130.36519,31.57908],[130.36518,31.57921],[130.36547,31.57928],[130.36565,31.57928],[130.36581,31.57925],[130.36587,31.57921],[130.36602,31.57905],[130.36611,31.57898],[130.36618,31.57894],[130.36666,31.57882],[130.36677,31.57881],[130.36687,31.57883],[130.36706,31.57892],[130.36752,31.57918],[130.36801,31.57939],[130.36827,31.5795],[130.36839,31.57952],[130.36876,31.57958],[130.36888,31.57959],[130.36909,31.57965],[130.36932,31.57973],[130.36952,31.57983],[130.36969,31.57994],[130.36978,31.58005],[130.36986,31.58017],[130.36997,31.58032],[130.37004,31.58043],[130.37007,31.58054],[130.37005,31.58059],[130.36998,31.58062],[130.36959,31.58071],[130.36949,31.58076],[130.36939,31.58083],[130.36928,31.58095],[130.36915,31.58114],[130.36906,31.58121],[130.36885,31.58133],[130.36882,31.58138],[130.36868,31.58154],[130.36857,31.58161],[130.36841,31.58169],[130.36804,31.58185],[130.36781,31.5819],[130.36762,31.58192],[130.36718,31.5819],[130.3667,31.5819],[130.36657,31.58192],[130.36647,31.58194],[130.36634,31.582],[130.36623,31.58208],[130.36615,31.5822],[130.36613,31.58231],[130.36613,31.58237],[130.36616,31.58247],[130.36624,31.58259],[130.36633,31.58268],[130.36652,31.58278],[130.36668,31.58288],[130.36678,31.58299],[130.36685,31.5831],[130.36688,31.58321],[130.36689,31.58335],[130.36686,31.58346],[130.36679,31.58365],[130.3668,31.58375],[130.36682,31.58382],[130.36688,31.58389],[130.36709,31.58395],[130.36753,31.58407],[130.36759,31.58412],[130.36765,31.58426],[130.36763,31.58432],[130.36755,31.58447],[130.36745,31.58459],[130.36729,31.58473],[130.36723,31.58479],[130.36719,31.58488],[130.36715,31.58504],[130.36715,31.58515],[130.3672,31.58528],[130.36724,31.58539],[130.36724,31.58547],[130.36721,31.58554],[130.36707,31.58563],[130.36697,31.58566],[130.36687,31.58569],[130.36678,31.58573],[130.36672,31.58579],[130.3667,31.58588],[130.36674,31.5863],[130.36676,31.58639],[130.36683,31.58647],[130.3671,31.58667],[130.36722,31.58678],[130.36728,31.58686],[130.36728,31.58694],[130.36725,31.58702],[130.36712,31.5872],[130.36695,31.58735],[130.36724,31.58737],[130.36735,31.5874],[130.36757,31.5875],[130.36797,31.58768],[130.36842,31.58787],[130.36856,31.58792],[130.36867,31.58792],[130.36892,31.58781],[130.3694,31.58765],[130.36973,31.58754],[130.36996,31.58741],[130.37009,31.58733],[130.37026,31.58719],[130.37056,31.58687],[130.37065,31.58683],[130.37086,31.5868],[130.37132,31.58685],[130.37178,31.58688],[130.37211,31.58696],[130.37227,31.58697],[130.37241,31.58709],[130.37249,31.58716],[130.37259,31.58733],[130.37273,31.58749],[130.3729,31.58764],[130.37296,31.58775],[130.37295,31.58782],[130.37293,31.58794],[130.37298,31.58807],[130.37307,31.58816],[130.37326,31.58826],[130.3733,31.58832],[130.3733,31.5884],[130.37329,31.58852],[130.37332,31.5886],[130.37343,31.58867],[130.37369,31.58876],[130.37377,31.58883],[130.37377,31.58891],[130.3738,31.58901],[130.37388,31.5891],[130.37403,31.58911],[130.37416,31.58909],[130.37461,31.58898],[130.37506,31.58896],[130.37529,31.58908],[130.37538,31.58917],[130.37549,31.58922],[130.37561,31.58924],[130.37574,31.58923],[130.3759,31.5892],[130.37596,31.58919],[130.37603,31.5892],[130.37609,31.58924],[130.37607,31.5891],[130.376,31.58905],[130.37593,31.58897],[130.37589,31.5889],[130.37591,31.58883],[130.37601,31.58868],[130.37607,31.58859],[130.37617,31.58854],[130.37689,31.58873],[130.37687,31.58882],[130.37688,31.58887],[130.3769,31.58891],[130.37698,31.58897],[130.37714,31.58902],[130.37723,31.58902],[130.37735,31.58904],[130.37752,31.58909],[130.37764,31.58909],[130.37775,31.58913],[130.37782,31.58918],[130.378,31.58936],[130.37815,31.58953],[130.37831,31.58965],[130.37843,31.58972],[130.37864,31.58984],[130.37878,31.58987],[130.37902,31.58989],[130.3791,31.58985],[130.37919,31.58978],[130.37924,31.58974],[130.37934,31.58973],[130.37954,31.58974],[130.37984,31.58976],[130.37988,31.58979],[130.37982,31.58989],[130.3797,31.59001],[130.37941,31.59025],[130.37913,31.59024],[130.37872,31.59057],[130.37883,31.59056],[130.37892,31.59054],[130.37898,31.59053],[130.37904,31.59054],[130.37915,31.59057],[130.37927,31.59062],[130.37938,31.59063],[130.37948,31.59063],[130.37957,31.59059],[130.37966,31.59053],[130.37973,31.5905],[130.37977,31.59053],[130.37981,31.5906],[130.37982,31.59072],[130.37978,31.59097],[130.37976,31.5911],[130.3798,31.59116],[130.37989,31.59123],[130.37996,31.59131],[130.37996,31.59141],[130.3799,31.59157],[130.37977,31.59178],[130.37966,31.59182],[130.37959,31.59185],[130.37938,31.59204],[130.37933,31.59204],[130.37918,31.59212],[130.3791,31.59217],[130.37904,31.59223],[130.379,31.59227],[130.37896,31.59234],[130.3789,31.5924],[130.37884,31.59246],[130.37871,31.59251],[130.37721,31.59309],[130.37696,31.59319],[130.37672,31.59353],[130.37665,31.59381],[130.37669,31.59413],[130.37676,31.59422],[130.3768,31.59435],[130.37695,31.59489],[130.37704,31.59489],[130.37711,31.5949],[130.37728,31.59499],[130.37737,31.59506],[130.37741,31.59513],[130.37746,31.59526],[130.37753,31.59534],[130.37763,31.59543],[130.37771,31.59551],[130.37775,31.59558],[130.37779,31.59567],[130.37781,31.59582],[130.37782,31.59598],[130.37781,31.59611],[130.37779,31.59617],[130.37773,31.59623],[130.37761,31.59634],[130.37756,31.59639],[130.37755,31.59647],[130.37756,31.59652],[130.3776,31.59661],[130.37763,31.59672],[130.37761,31.59684],[130.3776,31.59702],[130.37755,31.5972],[130.37748,31.59739],[130.37749,31.5975],[130.3775,31.59769],[130.3775,31.59783],[130.37752,31.59791],[130.37754,31.59796],[130.37764,31.59807],[130.37768,31.59814],[130.37771,31.59819],[130.37779,31.59827],[130.37793,31.59841],[130.37804,31.59852],[130.37814,31.59866],[130.3782,31.59875],[130.3783,31.59888],[130.37869,31.59921],[130.37891,31.59939],[130.37914,31.59957],[130.3794,31.59973],[130.37952,31.59981],[130.37957,31.59988],[130.37962,31.59996],[130.37967,31.60006],[130.3797,31.60016],[130.37972,31.60027],[130.37974,31.60033],[130.37986,31.60046],[130.37996,31.60057],[130.38003,31.60068],[130.38005,31.60078],[130.38006,31.60093],[130.38008,31.601],[130.38013,31.60105],[130.38022,31.6011],[130.38038,31.60115],[130.38064,31.60119],[130.38076,31.60122],[130.38091,31.60133],[130.38091,31.60126],[130.38081,31.60112],[130.38073,31.60101],[130.38074,31.60094],[130.38078,31.60086],[130.38089,31.60072],[130.3811,31.60048],[130.38128,31.60025],[130.38147,31.59999],[130.38154,31.59977],[130.38173,31.59914],[130.38182,31.5989],[130.38204,31.59871],[130.38246,31.59836],[130.38275,31.59812],[130.38304,31.59797],[130.3834,31.59785],[130.3838,31.59775],[130.3842,31.59764],[130.38439,31.59755],[130.38454,31.59748],[130.38466,31.59734],[130.38477,31.5971],[130.38491,31.59677],[130.38497,31.59659],[130.38498,31.59625],[130.38498,31.59603],[130.38503,31.59588],[130.38515,31.59571],[130.38537,31.59545]]]}},{"type":"Feature","properties":{"name":"吹上町中原","setai":657,"jinko":1500,"key":"462160330","units":1},"geometry":{"type":"Polygon","coordinates":[[[130.33507,31.52511],[130.33524,31.52509],[130.33539,31.5251],[130.33548,31.52513],[130.33558,31.52518],[130.3372,31.5261],[130.33767,31.52603],[130.33774,31.52601],[130.33786,31.52594],[130.33795,31.52586],[130.33817,31.52566],[130.3382,31.52564],[130.33906,31.52552],[130.33929,31.52548],[130.33946,31.52541],[130.34,31.5252],[130.34021,31.52511],[130.3406,31.52499],[130.34075,31.5249],[130.34089,31.52479],[130.341,31.52466],[130.34132,31.52411],[130.34184,31.52392],[130.34227,31.52375],[130.34254,31.52369],[130.3427,31.52367],[130.34284,31.52367],[130.34313,31.52373],[130.34329,31.52374],[130.34352,31.5237],[130.34362,31.52368],[130.34369,31.52371],[130.34375,31.52374],[130.34387,31.52381],[130.34396,31.52384],[130.34426,31.5239],[130.34454,31.52399],[130.3447,31.524],[130.345,31.52393],[130.34556,31.52377],[130.34606,31.5236],[130.34622,31.52356],[130.34635,31.5236],[130.34647,31.52368],[130.34647,31.52368],[130.34679,31.52357],[130.34745,31.52334],[130.34776,31.52319],[130.34849,31.52282],[130.34874,31.52276],[130.35182,31.52182],[130.35227,31.52167],[130.35238,31.52161],[130.35316,31.52101],[130.35351,31.52074],[130.35619,31.51858],[130.35638,31.51851],[130.35665,31.51832],[130.35674,31.5182],[130.357,31.51756],[130.35721,31.51726],[130.35739,31.51709],[130.35761,31.51695],[130.35801,31.51681],[130.35835,31.51676],[130.35897,31.51675],[130.35924,31.51676],[130.35972,31.5168],[130.36034,31.51683],[130.36078,31.51686],[130.3617,31.51694],[130.36209,31.51699],[130.36268,31.51706],[130.36473,31.51625],[130.36726,31.51526],[130.36644,31.51456],[130.36637,31.51446],[130.36634,31.51441],[130.36632,31.5143],[130.36628,31.51423],[130.36561,31.51374],[130.36548,31.51367],[130.36541,31.51361],[130.36536,31.51352],[130.3652,31.51315],[130.36518,31.51305],[130.36519,31.51299],[130.36521,31.51293],[130.36525,31.51287],[130.36546,31.51272],[130.36553,31.51264],[130.36557,31.51253],[130.36558,31.51242],[130.36554,31.51226],[130.36547,31.51211],[130.36545,31.51203],[130.36546,31.51193],[130.36547,31.51176],[130.36546,31.51166],[130.36544,31.51157],[130.36532,31.51142],[130.36516,31.51129],[130.36505,31.51113],[130.36486,31.51078],[130.3648,31.51081],[130.36469,31.51086],[130.3646,31.51089],[130.36452,31.5109],[130.36444,31.51088],[130.36439,31.51083],[130.36436,31.51075],[130.36436,31.51066],[130.36441,31.51052],[130.36444,31.51046],[130.36451,31.51032],[130.36458,31.51017],[130.36461,31.51002],[130.36459,31.50989],[130.36454,31.50977],[130.36443,31.50966],[130.36438,31.50962],[130.36428,31.50959],[130.36417,31.50956],[130.36407,31.50955],[130.36398,31.50956],[130.36387,31.5096],[130.3638,31.50963],[130.36369,31.5097],[130.36352,31.50981],[130.36346,31.50985],[130.36332,31.50994],[130.36321,31.50999],[130.36307,31.51006],[130.3629,31.51012],[130.36242,31.51025],[130.36219,31.51031],[130.36196,31.51039],[130.36171,31.5105],[130.36102,31.51081],[130.36088,31.51085],[130.36081,31.51086],[130.36071,31.51086],[130.36055,31.51081],[130.35995,31.51055],[130.3596,31.51041],[130.35943,31.51033],[130.35931,31.51026],[130.35917,31.51013],[130.35895,31.50999],[130.35888,31.50994],[130.35862,31.5098],[130.35843,31.50973],[130.35826,31.50967],[130.35796,31.5096],[130.35769,31.50956],[130.35748,31.50953],[130.35725,31.50952],[130.35691,31.50954],[130.35651,31.50959],[130.35639,31.5096],[130.35629,31.50957],[130.35613,31.50951],[130.35597,31.50942],[130.35582,31.50928],[130.3555,31.50894],[130.35507,31.50841],[130.35476,31.50803],[130.3546,31.50779],[130.35447,31.50762],[130.35429,31.50723],[130.35423,31.50716],[130.35416,31.50709],[130.35408,31.50704],[130.35396,31.50702],[130.3536,31.50702],[130.35353,31.50701],[130.35343,31.50697],[130.35338,31.50691],[130.35336,31.50684],[130.3534,31.50659],[130.35343,31.50638],[130.35343,31.50625],[130.3534,31.50614],[130.35339,31.50612],[130.35334,31.50602],[130.35327,31.50597],[130.35313,31.50595],[130.35292,31.50598],[130.35275,31.50605],[130.35263,31.50614],[130.3525,31.50637],[130.35243,31.5065],[130.35233,31.50659],[130.35213,31.50671],[130.35161,31.50688],[130.35152,31.5069],[130.3508,31.5071],[130.35042,31.50718],[130.3503,31.5072],[130.34996,31.50725],[130.34952,31.50728],[130.34931,31.50729],[130.34916,31.50729],[130.34882,31.50725],[130.3482,31.50714],[130.34811,31.50712],[130.3479,31.50707],[130.34756,31.50696],[130.34729,31.50682],[130.34725,31.5068],[130.34715,31.50674],[130.34664,31.50633],[130.34641,31.50612],[130.34608,31.50567],[130.34586,31.50546],[130.34571,31.50525],[130.3456,31.50508],[130.34541,31.50497],[130.3452,31.50486],[130.34508,31.50476],[130.34493,31.50459],[130.34462,31.50436],[130.34449,31.50423],[130.34421,31.50455],[130.34409,31.50472],[130.34402,31.50485],[130.34394,31.5051],[130.34391,31.50532],[130.34379,31.50684],[130.34382,31.5069],[130.34393,31.50694],[130.34425,31.50699],[130.34442,31.50704],[130.34441,31.50713],[130.34452,31.50714],[130.34464,31.5072],[130.3447,31.50726],[130.34478,31.5073],[130.34488,31.50736],[130.34506,31.50746],[130.3451,31.50751],[130.34513,31.50762],[130.34516,31.50768],[130.34519,31.50771],[130.34535,31.50786],[130.34555,31.50804],[130.34579,31.50829],[130.3458,31.50832],[130.3458,31.50835],[130.34579,31.50837],[130.34579,31.50839],[130.3458,31.50841],[130.3458,31.50845],[130.34578,31.50848],[130.34574,31.50849],[130.34563,31.50853],[130.3456,31.50854],[130.34555,31.50857],[130.34553,31.5086],[130.34552,31.50864],[130.3455,31.50879],[130.34547,31.50916],[130.34545,31.50931],[130.34537,31.50958],[130.3455,31.50957],[130.34548,31.50961],[130.34544,31.50975],[130.34535,31.50986],[130.345,31.51013],[130.34484,31.51023],[130.34466,31.51031],[130.34442,31.51038],[130.34415,31.5104],[130.3438,31.51037],[130.34353,31.51031],[130.34314,31.51018],[130.3426,31.50993],[130.34233,31.51055],[130.34229,31.51063],[130.34227,31.51088],[130.34231,31.51113],[130.34251,31.51165],[130.34269,31.51213],[130.34273,31.51225],[130.34273,31.51235],[130.34266,31.51243],[130.34254,31.51251],[130.3424,31.51257],[130.34223,31.5126],[130.3414,31.51259],[130.34122,31.51259],[130.34103,31.51262],[130.34079,31.51273],[130.34078,31.51274],[130.34069,31.51267],[130.34061,31.51258],[130.34056,31.51251],[130.34052,31.51242],[130.34049,31.51236],[130.34048,31.5123],[130.34047,31.51224],[130.34046,31.51218],[130.34046,31.51212],[130.34046,31.51207],[130.34047,31.51202],[130.34048,31.51199],[130.3405,31.51196],[130.34052,31.51194],[130.34052,31.51192],[130.34051,31.51189],[130.3405,31.51188],[130.34047,31.51186],[130.34042,31.51184],[130.34036,31.51185],[130.34033,31.51188],[130.34029,31.51193],[130.3402,31.51197],[130.34011,31.512],[130.33997,31.51202],[130.33984,31.51207],[130.33972,31.51217],[130.33964,31.51226],[130.3396,31.5124],[130.33958,31.51254],[130.33955,31.51258],[130.33944,31.51261],[130.33931,31.51263],[130.3392,31.51262],[130.33903,31.51256],[130.33891,31.51251],[130.33881,31.51248],[130.33869,31.51249],[130.33862,31.51254],[130.33858,31.51262],[130.33851,31.51282],[130.33847,31.51299],[130.33792,31.51271],[130.33771,31.51345],[130.3376,31.51375],[130.33732,31.51368],[130.3368,31.51355],[130.33657,31.51349],[130.33647,31.51342],[130.33637,31.51347],[130.33611,31.51355],[130.3359,31.51357],[130.33528,31.51359],[130.33473,31.51362],[130.33451,31.51362],[130.33443,31.51361],[130.33485,31.51434],[130.33356,31.51517],[130.3333,31.51531],[130.33291,31.51549],[130.33205,31.51587],[130.33182,31.51597],[130.33123,31.51614],[130.33083,31.51626],[130.32891,31.51686],[130.32622,31.51768],[130.32607,31.51771],[130.32584,31.51774],[130.32437,31.51794],[130.32427,31.51796],[130.32428,31.51798],[130.32434,31.51813],[130.32438,31.51825],[130.32441,31.51837],[130.32444,31.51849],[130.32446,31.51862],[130.3245,31.51887],[130.32454,31.51912],[130.32456,31.51924],[130.32459,31.51937],[130.32462,31.51946],[130.32465,31.51955],[130.32468,31.51964],[130.32475,31.51981],[130.32483,31.51999],[130.32492,31.52019],[130.32502,31.52042],[130.32511,31.52066],[130.32519,31.52089],[130.32522,31.52101],[130.32525,31.52114],[130.3253,31.52139],[130.32535,31.52164],[130.32541,31.52189],[130.32544,31.52201],[130.3255,31.52221],[130.32554,31.52231],[130.32561,31.5225],[130.32562,31.52251],[130.32571,31.52271],[130.32579,31.52289],[130.32588,31.52306],[130.32595,31.52323],[130.32598,31.52332],[130.32601,31.52341],[130.32603,31.5235],[130.32604,31.52358],[130.32605,31.52365],[130.32606,31.52381],[130.32608,31.52397],[130.3261,31.52413],[130.32612,31.52422],[130.32615,31.52431],[130.32618,31.5244],[130.32624,31.52458],[130.3263,31.52476],[130.32632,31.52485],[130.32634,31.52495],[130.32635,31.52505],[130.32636,31.52515],[130.32637,31.52526],[130.3264,31.5254],[130.32641,31.52547],[130.32643,31.52555],[130.32646,31.52569],[130.3265,31.52584],[130.32656,31.52602],[130.32661,31.52621],[130.32667,31.5264],[130.32669,31.52646],[130.3287,31.52623],[130.32909,31.52622],[130.33063,31.52618],[130.33107,31.52615],[130.33153,31.52608],[130.33507,31.52511]]]}},{"type":"Feature","properties":{"name":"吹上町中之里","setai":319,"jinko":713,"key":"462160340","units":1},"geometry":{"type":"Polygon","coordinates":[[[130.35292,31.50598],[130.35313,31.50595],[130.35327,31.50597],[130.35334,31.50602],[130.35339,31.50612],[130.35373,31.50617],[130.35384,31.50614],[130.3539,31.50609],[130.35392,31.50599],[130.35391,31.5058],[130.35344,31.5047],[130.35319,31.50399],[130.35317,31.50391],[130.35317,31.50385],[130.35318,31.50381],[130.35319,31.50378],[130.35321,31.50375],[130.35325,31.50374],[130.35373,31.50354],[130.35376,31.50352],[130.35376,31.50349],[130.35375,31.50306],[130.35373,31.50214],[130.35366,31.50212],[130.35347,31.50203],[130.35317,31.50185],[130.35301,31.50178],[130.35274,31.50168],[130.35272,31.50166],[130.35269,31.50164],[130.35265,31.5016],[130.35262,31.50154],[130.35256,31.50142],[130.35252,31.50137],[130.35247,31.50135],[130.35239,31.5013],[130.35231,31.50123],[130.35227,31.50117],[130.35221,31.5011],[130.3521,31.50099],[130.35207,31.50096],[130.3521,31.50089],[130.3522,31.50073],[130.35247,31.50046],[130.35281,31.50022],[130.35318,31.50004],[130.35348,31.49994],[130.3536,31.49994],[130.35367,31.49994],[130.35404,31.50015],[130.3541,31.5001],[130.35433,31.49997],[130.35457,31.49986],[130.35513,31.49961],[130.35646,31.49754],[130.35671,31.49723],[130.35702,31.4971],[130.35768,31.4969],[130.35799,31.49676],[130.35817,31.49657],[130.3583,31.49625],[130.35838,31.49587],[130.35846,31.49552],[130.35851,31.49518],[130.35831,31.49489],[130.35795,31.49456],[130.3574,31.49404],[130.35699,31.4936],[130.35671,31.4934],[130.35658,31.49332],[130.35647,31.49313],[130.35613,31.49232],[130.35596,31.49184],[130.35578,31.49145],[130.35564,31.49118],[130.35551,31.49103],[130.35531,31.49092],[130.3551,31.49083],[130.35483,31.49076],[130.3542,31.49055],[130.35357,31.49046],[130.35342,31.49043],[130.35334,31.49038],[130.3533,31.49033],[130.35329,31.49025],[130.3533,31.49005],[130.35317,31.48952],[130.35303,31.48853],[130.35276,31.48744],[130.35271,31.48723],[130.35188,31.48626],[130.35161,31.48572],[130.35087,31.48457],[130.3506,31.48422],[130.35031,31.48437],[130.34969,31.48462],[130.34944,31.48468],[130.34915,31.48471],[130.34895,31.48469],[130.34869,31.48463],[130.34841,31.4845],[130.34819,31.48433],[130.34806,31.48423],[130.34739,31.48333],[130.34712,31.48296],[130.34691,31.48279],[130.34674,31.4827],[130.34661,31.48266],[130.34661,31.48271],[130.34657,31.48276],[130.34652,31.48279],[130.34642,31.48284],[130.34623,31.4829],[130.34615,31.48295],[130.34599,31.48307],[130.34591,31.48313],[130.34589,31.48319],[130.3459,31.48325],[130.34592,31.4833],[130.34596,31.48333],[130.34603,31.48335],[130.3461,31.48338],[130.34614,31.48342],[130.34618,31.4835],[130.34617,31.48359],[130.34614,31.4837],[130.34614,31.48384],[130.34623,31.48398],[130.34639,31.48414],[130.34655,31.48423],[130.34672,31.48428],[130.34691,31.48437],[130.34707,31.48449],[130.34717,31.48459],[130.34724,31.48474],[130.34741,31.48499],[130.34761,31.48528],[130.34786,31.48553],[130.34643,31.48554],[130.34566,31.48559],[130.3453,31.48562],[130.34467,31.48561],[130.3442,31.48568],[130.34408,31.4857],[130.344,31.48569],[130.34394,31.48566],[130.34388,31.48561],[130.3438,31.48558],[130.3437,31.48557],[130.34359,31.4856],[130.34341,31.48567],[130.34325,31.48572],[130.34342,31.48612],[130.34344,31.48617],[130.34342,31.48621],[130.34336,31.48624],[130.34267,31.48642],[130.34266,31.48647],[130.34266,31.48659],[130.34276,31.48681],[130.34276,31.48685],[130.34274,31.4869],[130.34257,31.487],[130.34251,31.48708],[130.34251,31.48717],[130.3425,31.48728],[130.34245,31.48732],[130.34238,31.48738],[130.34227,31.48746],[130.34221,31.48758],[130.34215,31.48833],[130.34215,31.48842],[130.3422,31.48852],[130.34221,31.48861],[130.34217,31.4887],[130.34198,31.48905],[130.34198,31.48909],[130.34199,31.48915],[130.34199,31.48919],[130.34195,31.48924],[130.34178,31.48938],[130.34176,31.48947],[130.34176,31.48961],[130.34177,31.48963],[130.34164,31.48966],[130.34152,31.4897],[130.34146,31.48974],[130.34142,31.48981],[130.34085,31.49132],[130.34044,31.49237],[130.34036,31.4926],[130.34031,31.49285],[130.34023,31.49307],[130.34011,31.49341],[130.34001,31.49375],[130.34001,31.49388],[130.34004,31.49401],[130.3401,31.49416],[130.34015,31.49427],[130.34015,31.49435],[130.34014,31.49442],[130.34005,31.49472],[130.34009,31.49496],[130.34015,31.49511],[130.34023,31.49524],[130.34039,31.4955],[130.34043,31.49563],[130.34044,31.49578],[130.34043,31.49594],[130.34039,31.49608],[130.34032,31.49621],[130.34024,31.49631],[130.34121,31.49792],[130.34068,31.49787],[130.34,31.49791],[130.33974,31.49793],[130.3396,31.49794],[130.33947,31.49796],[130.33933,31.49801],[130.3392,31.49809],[130.33903,31.49823],[130.33896,31.49829],[130.33894,31.49837],[130.33893,31.49842],[130.33924,31.49881],[130.33914,31.49924],[130.33913,31.49937],[130.33918,31.49959],[130.33918,31.49973],[130.33916,31.49986],[130.33907,31.50006],[130.33914,31.50011],[130.33915,31.50016],[130.33873,31.50251],[130.33874,31.5027],[130.33894,31.50275],[130.33926,31.50285],[130.33989,31.50315],[130.34027,31.50328],[130.34031,31.50329],[130.34051,31.50336],[130.34071,31.5034],[130.34087,31.5034],[130.34113,31.50331],[130.3414,31.5033],[130.34167,31.50329],[130.34194,31.50324],[130.3421,31.50325],[130.34235,31.50332],[130.34286,31.50343],[130.34306,31.5035],[130.34319,31.50357],[130.34342,31.50373],[130.34354,31.50378],[130.34387,31.50388],[130.34403,31.50396],[130.34427,31.50406],[130.34441,31.50415],[130.34449,31.50423],[130.34462,31.50436],[130.34493,31.50459],[130.34508,31.50476],[130.3452,31.50486],[130.34541,31.50497],[130.3456,31.50508],[130.34571,31.50525],[130.34586,31.50546],[130.34608,31.50567],[130.34641,31.50612],[130.34664,31.50633],[130.34715,31.50674],[130.34725,31.5068],[130.34729,31.50682],[130.34756,31.50696],[130.3479,31.50707],[130.34811,31.50712],[130.3482,31.50714],[130.34882,31.50725],[130.34916,31.50729],[130.34931,31.50729],[130.34952,31.50728],[130.34996,31.50725],[130.3503,31.5072],[130.35042,31.50718],[130.3508,31.5071],[130.35152,31.5069],[130.35161,31.50688],[130.35213,31.50671],[130.35233,31.50659],[130.35243,31.5065],[130.3525,31.50637],[130.35263,31.50614],[130.35275,31.50605],[130.35292,31.50598]]]}},{"type":"Feature","properties":{"name":"吹上町入来","setai":200,"jinko":398,"key":"462160350","units":1},"geometry":{"type":"Polygon","coordinates":[[[130.33124,31.50609],[130.33159,31.50589],[130.33215,31.50566],[130.3328,31.50544],[130.33342,31.50526],[130.33373,31.5052],[130.33397,31.5052],[130.33423,31.50525],[130.33442,31.50522],[130.33461,31.50516],[130.33485,31.50509],[130.33504,31.50501],[130.33518,31.50489],[130.3353,31.50476],[130.33531,31.50473],[130.33551,31.50431],[130.3356,31.50418],[130.33568,31.50412],[130.33586,31.50403],[130.33665,31.50379],[130.33679,31.50371],[130.33716,31.50336],[130.33767,31.50303],[130.33803,31.50285],[130.33824,31.50278],[130.33861,31.50271],[130.33874,31.5027],[130.33873,31.50251],[130.33915,31.50016],[130.33914,31.50011],[130.33907,31.50006],[130.33916,31.49986],[130.33918,31.49973],[130.33918,31.49959],[130.33913,31.49937],[130.33914,31.49924],[130.33924,31.49881],[130.33893,31.49842],[130.33894,31.49837],[130.33896,31.49829],[130.33903,31.49823],[130.3392,31.49809],[130.33933,31.49801],[130.33947,31.49796],[130.3396,31.49794],[130.33974,31.49793],[130.34,31.49791],[130.34068,31.49787],[130.34121,31.49792],[130.34024,31.49631],[130.34032,31.49621],[130.34039,31.49608],[130.34043,31.49594],[130.34044,31.49578],[130.34043,31.49563],[130.34039,31.4955],[130.34023,31.49524],[130.34015,31.49511],[130.34009,31.49496],[130.34005,31.49472],[130.34014,31.49442],[130.34015,31.49435],[130.34015,31.49427],[130.3401,31.49416],[130.34004,31.49401],[130.34001,31.49388],[130.34001,31.49375],[130.34011,31.49341],[130.34023,31.49307],[130.34031,31.49285],[130.34036,31.4926],[130.34044,31.49237],[130.34085,31.49132],[130.34142,31.48981],[130.34146,31.48974],[130.34152,31.4897],[130.34164,31.48966],[130.34177,31.48963],[130.34176,31.48961],[130.34176,31.48947],[130.34178,31.48938],[130.34195,31.48924],[130.34199,31.48919],[130.34199,31.48915],[130.34198,31.48909],[130.34198,31.48905],[130.34217,31.4887],[130.34221,31.48861],[130.3422,31.48852],[130.34215,31.48842],[130.34215,31.48833],[130.34221,31.48758],[130.34227,31.48746],[130.34238,31.48738],[130.34245,31.48732],[130.3425,31.48728],[130.34251,31.48717],[130.34251,31.48708],[130.34257,31.487],[130.34274,31.4869],[130.34276,31.48685],[130.34276,31.48681],[130.34266,31.48659],[130.34266,31.48647],[130.34267,31.48642],[130.34336,31.48624],[130.34342,31.48621],[130.34344,31.48617],[130.34342,31.48612],[130.34325,31.48572],[130.34315,31.48558],[130.34308,31.48545],[130.34301,31.48533],[130.34293,31.48523],[130.34287,31.48517],[130.34281,31.48513],[130.34271,31.48509],[130.3426,31.48506],[130.3425,31.48504],[130.34243,31.48501],[130.34239,31.48495],[130.34237,31.48489],[130.34236,31.48478],[130.34234,31.48468],[130.34231,31.48464],[130.34193,31.4843],[130.34098,31.48468],[130.33999,31.48406],[130.33935,31.48499],[130.33877,31.48571],[130.33847,31.48597],[130.33814,31.48614],[130.33784,31.48617],[130.33753,31.48617],[130.33678,31.48596],[130.33648,31.48592],[130.33627,31.48594],[130.33584,31.48606],[130.33556,31.48609],[130.33533,31.48608],[130.33497,31.48609],[130.33476,31.48613],[130.33426,31.4863],[130.33399,31.48634],[130.33395,31.48634],[130.33366,31.48633],[130.33332,31.48628],[130.33227,31.4861],[130.33116,31.486],[130.33092,31.48597],[130.33084,31.48597],[130.32929,31.48582],[130.32889,31.48585],[130.32846,31.48588],[130.32763,31.48606],[130.3274,31.48607],[130.32537,31.48591],[130.32426,31.48576],[130.32404,31.48574],[130.32374,31.48575],[130.32337,31.48584],[130.32317,31.48587],[130.32289,31.48589],[130.32172,31.48583],[130.32142,31.48585],[130.3212,31.48594],[130.31806,31.48954],[130.31228,31.48913],[130.31233,31.48921],[130.31236,31.48928],[130.31238,31.48934],[130.3124,31.48941],[130.31243,31.48948],[130.31246,31.48957],[130.3125,31.48967],[130.31255,31.4898],[130.31259,31.48986],[130.31268,31.48997],[130.31272,31.49002],[130.31276,31.4901],[130.31279,31.49018],[130.31281,31.49026],[130.31298,31.49071],[130.31306,31.49086],[130.31322,31.49114],[130.31348,31.49156],[130.31368,31.49187],[130.31388,31.49219],[130.31407,31.49251],[130.31418,31.49271],[130.31428,31.49291],[130.31437,31.49312],[130.31444,31.4933],[130.3145,31.49349],[130.3146,31.49381],[130.31468,31.49408],[130.31475,31.49428],[130.31482,31.49447],[130.3149,31.49467],[130.31512,31.49515],[130.31523,31.49538],[130.31559,31.49611],[130.31576,31.49648],[130.31591,31.49685],[130.31605,31.49722],[130.31616,31.49755],[130.31622,31.49771],[130.3163,31.4979],[130.31649,31.49827],[130.31676,31.49885],[130.31678,31.49889],[130.31717,31.4999],[130.31722,31.50002],[130.3173,31.50018],[130.31738,31.50036],[130.31746,31.50056],[130.31754,31.50075],[130.3176,31.50093],[130.31766,31.5011],[130.31772,31.50125],[130.31774,31.50131],[130.31777,31.50136],[130.31781,31.5014],[130.31784,31.50144],[130.31787,31.50147],[130.31793,31.50152],[130.31798,31.50156],[130.31803,31.5016],[130.31807,31.50165],[130.31809,31.50168],[130.31811,31.50172],[130.31815,31.50182],[130.31819,31.50194],[130.31824,31.50209],[130.31829,31.50224],[130.31835,31.50239],[130.31838,31.50245],[130.31844,31.50257],[130.31851,31.50269],[130.31859,31.50285],[130.31864,31.50294],[130.31868,31.50303],[130.31874,31.50317],[130.31885,31.50344],[130.31886,31.50349],[130.31896,31.50375],[130.31908,31.50407],[130.31867,31.50427],[130.31836,31.50442],[130.31736,31.5049],[130.3174,31.50498],[130.31852,31.50442],[130.31867,31.50435],[130.31908,31.50414],[130.31911,31.50412],[130.3193,31.50402],[130.31941,31.50396],[130.31946,31.50394],[130.31952,31.50393],[130.3196,31.50392],[130.31967,31.50391],[130.31976,31.50389],[130.31985,31.50387],[130.31994,31.50385],[130.32003,31.50383],[130.3201,31.50381],[130.32015,31.50381],[130.32018,31.50381],[130.3202,31.50382],[130.32021,31.50384],[130.32023,31.50386],[130.32024,31.50388],[130.32026,31.5039],[130.32026,31.50392],[130.32026,31.50394],[130.32024,31.50395],[130.32022,31.50397],[130.3202,31.50399],[130.32018,31.50401],[130.32016,31.50404],[130.32015,31.50406],[130.32015,31.50407],[130.32016,31.50408],[130.32017,31.50408],[130.3202,31.50408],[130.32025,31.50407],[130.3203,31.50406],[130.32033,31.50405],[130.32037,31.50403],[130.32041,31.504],[130.32044,31.50397],[130.32047,31.50394],[130.32049,31.50391],[130.32051,31.50388],[130.32051,31.50386],[130.32051,31.50385],[130.32051,31.50383],[130.3205,31.50382],[130.32047,31.50379],[130.32043,31.50376],[130.32039,31.50373],[130.3202,31.50364],[130.32023,31.50363],[130.32037,31.5036],[130.32043,31.50359],[130.3205,31.50358],[130.32057,31.50357],[130.32072,31.50356],[130.32079,31.50357],[130.32087,31.50357],[130.32101,31.50359],[130.32108,31.5036],[130.3212,31.50364],[130.32126,31.50365],[130.3213,31.50368],[130.32135,31.5037],[130.32139,31.50372],[130.32146,31.50378],[130.32154,31.50384],[130.32161,31.50391],[130.32169,31.50399],[130.32178,31.50407],[130.32186,31.50415],[130.32191,31.50426],[130.32193,31.50431],[130.32194,31.50438],[130.32195,31.50444],[130.32195,31.50446],[130.32195,31.50455],[130.32195,31.50464],[130.32195,31.50475],[130.32195,31.50485],[130.32194,31.50496],[130.32194,31.50507],[130.32192,31.50519],[130.32191,31.5053],[130.32189,31.50541],[130.32188,31.50553],[130.32187,31.50566],[130.32187,31.50572],[130.32187,31.50585],[130.32188,31.50592],[130.32189,31.50605],[130.32192,31.50617],[130.32195,31.50629],[130.32197,31.50634],[130.322,31.50639],[130.32203,31.50643],[130.32206,31.50647],[130.32209,31.5065],[130.32213,31.50652],[130.32217,31.50654],[130.32221,31.50656],[130.32231,31.50658],[130.32242,31.50661],[130.32248,31.50663],[130.32255,31.50666],[130.32269,31.50673],[130.32276,31.50676],[130.32288,31.50684],[130.32299,31.50691],[130.32306,31.50696],[130.32311,31.50699],[130.32315,31.50703],[130.3232,31.50707],[130.32325,31.50712],[130.32332,31.50719],[130.32336,31.50721],[130.3234,31.50724],[130.32345,31.50726],[130.32349,31.50728],[130.32355,31.50729],[130.3236,31.5073],[130.32366,31.5073],[130.32377,31.50729],[130.32388,31.50727],[130.32397,31.50726],[130.32407,31.50726],[130.32416,31.50726],[130.32427,31.50725],[130.32441,31.50722],[130.32458,31.50719],[130.32475,31.50715],[130.32492,31.50711],[130.32507,31.50708],[130.3252,31.50705],[130.32531,31.50702],[130.32541,31.507],[130.32549,31.50697],[130.32558,31.50694],[130.32565,31.50691],[130.3257,31.50699],[130.32591,31.50683],[130.32626,31.50652],[130.32677,31.50608],[130.32704,31.50597],[130.32715,31.50596],[130.3273,31.50601],[130.32769,31.50634],[130.3279,31.50643],[130.32825,31.50647],[130.32864,31.50658],[130.32881,31.50667],[130.32898,31.5068],[130.32911,31.507],[130.32916,31.50718],[130.32925,31.50763],[130.32934,31.50773],[130.32955,31.50778],[130.32966,31.50778],[130.32979,31.50774],[130.32988,31.50767],[130.3303,31.50704],[130.33056,31.50676],[130.33088,31.50643],[130.33124,31.50609]]]}},{"type":"Feature","properties":{"name":"吹上町今田","setai":171,"jinko":414,"key":"462160360","units":1},"geometry":{"type":"Polygon","coordinates":[[[130.33485,31.51434],[130.33443,31.51361],[130.33451,31.51362],[130.33473,31.51362],[130.33528,31.51359],[130.3359,31.51357],[130.33611,31.51355],[130.33637,31.51347],[130.33647,31.51342],[130.33657,31.51349],[130.3368,31.51355],[130.33732,31.51368],[130.3376,31.51375],[130.33771,31.51345],[130.33792,31.51271],[130.33847,31.51299],[130.33851,31.51282],[130.33858,31.51262],[130.33862,31.51254],[130.33869,31.51249],[130.33881,31.51248],[130.33891,31.51251],[130.33903,31.51256],[130.3392,31.51262],[130.33931,31.51263],[130.33944,31.51261],[130.33955,31.51258],[130.33958,31.51254],[130.3396,31.5124],[130.33964,31.51226],[130.33972,31.51217],[130.33984,31.51207],[130.33997,31.51202],[130.34011,31.512],[130.3402,31.51197],[130.34029,31.51193],[130.34033,31.51188],[130.34036,31.51185],[130.34042,31.51184],[130.34047,31.51186],[130.3405,31.51188],[130.34051,31.51189],[130.34052,31.51192],[130.34052,31.51194],[130.3405,31.51196],[130.34048,31.51199],[130.34047,31.51202],[130.34046,31.51207],[130.34046,31.51212],[130.34046,31.51218],[130.34047,31.51224],[130.34048,31.5123],[130.34049,31.51236],[130.34052,31.51242],[130.34056,31.51251],[130.34061,31.51258],[130.34069,31.51267],[130.34078,31.51274],[130.34079,31.51273],[130.34103,31.51262],[130.34122,31.51259],[130.3414,31.51259],[130.34223,31.5126],[130.3424,31.51257],[130.34254,31.51251],[130.34266,31.51243],[130.34273,31.51235],[130.34273,31.51225],[130.34269,31.51213],[130.34251,31.51165],[130.34231,31.51113],[130.34227,31.51088],[130.34229,31.51063],[130.34233,31.51055],[130.3426,31.50993],[130.34314,31.51018],[130.34353,31.51031],[130.3438,31.51037],[130.34415,31.5104],[130.34442,31.51038],[130.34466,31.51031],[130.34484,31.51023],[130.345,31.51013],[130.34535,31.50986],[130.34544,31.50975],[130.34548,31.50961],[130.3455,31.50957],[130.34537,31.50958],[130.34545,31.50931],[130.34547,31.50916],[130.3455,31.50879],[130.34552,31.50864],[130.34553,31.5086],[130.34555,31.50857],[130.3456,31.50854],[130.34563,31.50853],[130.34574,31.50849],[130.34578,31.50848],[130.3458,31.50845],[130.3458,31.50841],[130.34579,31.50839],[130.34579,31.50837],[130.3458,31.50835],[130.3458,31.50832],[130.34579,31.50829],[130.34555,31.50804],[130.34535,31.50786],[130.34519,31.50771],[130.34516,31.50768],[130.34513,31.50762],[130.3451,31.50751],[130.34506,31.50746],[130.34488,31.50736],[130.34478,31.5073],[130.3447,31.50726],[130.34464,31.5072],[130.34452,31.50714],[130.34441,31.50713],[130.34442,31.50704],[130.34425,31.50699],[130.34393,31.50694],[130.34382,31.5069],[130.34379,31.50684],[130.34391,31.50532],[130.34394,31.5051],[130.34402,31.50485],[130.34409,31.50472],[130.34421,31.50455],[130.34449,31.50423],[130.34441,31.50415],[130.34427,31.50406],[130.34403,31.50396],[130.34387,31.50388],[130.34354,31.50378],[130.34342,31.50373],[130.34319,31.50357],[130.34306,31.5035],[130.34286,31.50343],[130.34235,31.50332],[130.3421,31.50325],[130.34194,31.50324],[130.34167,31.50329],[130.3414,31.5033],[130.34113,31.50331],[130.34087,31.5034],[130.34071,31.5034],[130.34051,31.50336],[130.34031,31.50329],[130.34027,31.50328],[130.33989,31.50315],[130.33926,31.50285],[130.33894,31.50275],[130.33874,31.5027],[130.33861,31.50271],[130.33824,31.50278],[130.33803,31.50285],[130.33767,31.50303],[130.33716,31.50336],[130.33679,31.50371],[130.33665,31.50379],[130.33586,31.50403],[130.33568,31.50412],[130.3356,31.50418],[130.33551,31.50431],[130.33531,31.50473],[130.3353,31.50476],[130.33518,31.50489],[130.33504,31.50501],[130.33485,31.50509],[130.33461,31.50516],[130.33442,31.50522],[130.33423,31.50525],[130.33397,31.5052],[130.33373,31.5052],[130.33342,31.50526],[130.3328,31.50544],[130.33215,31.50566],[130.33159,31.50589],[130.33124,31.50609],[130.33088,31.50643],[130.33056,31.50676],[130.3303,31.50704],[130.32988,31.50767],[130.32979,31.50774],[130.32966,31.50778],[130.32955,31.50778],[130.32934,31.50773],[130.32925,31.50763],[130.32916,31.50718],[130.32911,31.507],[130.32898,31.5068],[130.32881,31.50667],[130.32864,31.50658],[130.32825,31.50647],[130.3279,31.50643],[130.32769,31.50634],[130.3273,31.50601],[130.32715,31.50596],[130.32704,31.50597],[130.32677,31.50608],[130.32626,31.50652],[130.32591,31.50683],[130.3257,31.50699],[130.32572,31.50703],[130.32564,31.50707],[130.32554,31.50711],[130.32543,31.50716],[130.32531,31.50722],[130.32521,31.50727],[130.3251,31.50733],[130.325,31.50739],[130.32491,31.50744],[130.32487,31.50747],[130.32483,31.50748],[130.32479,31.50749],[130.32475,31.5075],[130.32467,31.5075],[130.32458,31.5075],[130.32449,31.5075],[130.32439,31.5075],[130.32427,31.5075],[130.32415,31.50751],[130.32402,31.50753],[130.32388,31.50754],[130.32374,31.50755],[130.3236,31.50756],[130.32347,31.50756],[130.32335,31.50755],[130.32325,31.50753],[130.32314,31.50752],[130.32304,31.5075],[130.32294,31.5075],[130.32284,31.50749],[130.32274,31.50748],[130.32269,31.50747],[130.32265,31.50745],[130.3226,31.50744],[130.32252,31.50739],[130.32243,31.50734],[130.32234,31.50727],[130.32224,31.50721],[130.32213,31.50714],[130.32201,31.50707],[130.32189,31.50699],[130.32176,31.50691],[130.3217,31.50686],[130.32158,31.50676],[130.32152,31.50671],[130.32147,31.50666],[130.32142,31.5066],[130.32138,31.50655],[130.32133,31.50649],[130.32126,31.50636],[130.3212,31.50624],[130.32116,31.50612],[130.32112,31.506],[130.32108,31.50589],[130.32105,31.50579],[130.32102,31.5057],[130.321,31.50562],[130.32098,31.50555],[130.32098,31.5055],[130.32098,31.50547],[130.32098,31.50544],[130.321,31.50539],[130.32103,31.50533],[130.32107,31.50528],[130.32111,31.50523],[130.32114,31.50519],[130.32116,31.50515],[130.32117,31.50512],[130.32118,31.50509],[130.32118,31.50506],[130.32116,31.50503],[130.32114,31.505],[130.32111,31.50496],[130.32106,31.50493],[130.32101,31.50491],[130.32099,31.50489],[130.32097,31.50488],[130.32095,31.50486],[130.32094,31.50484],[130.32094,31.50482],[130.32094,31.50479],[130.32095,31.50477],[130.32098,31.50471],[130.32102,31.50464],[130.32105,31.50458],[130.32106,31.50455],[130.32108,31.50449],[130.32107,31.50443],[130.32106,31.50438],[130.32104,31.50432],[130.32101,31.50427],[130.32097,31.50422],[130.32095,31.50421],[130.32093,31.5042],[130.3209,31.50419],[130.32088,31.50419],[130.32085,31.5042],[130.32082,31.50421],[130.32076,31.50425],[130.3207,31.5043],[130.32065,31.50434],[130.32061,31.50437],[130.32057,31.50441],[130.32056,31.50443],[130.32054,31.50445],[130.32051,31.50451],[130.32049,31.50457],[130.32046,31.50464],[130.32044,31.50471],[130.32043,31.50474],[130.32037,31.50462],[130.32037,31.5046],[130.32037,31.50457],[130.32037,31.50454],[130.32036,31.50452],[130.32035,31.50449],[130.32034,31.50447],[130.32033,31.50444],[130.32032,31.50443],[130.3203,31.50441],[130.32028,31.50439],[130.32025,31.50438],[130.32023,31.50437],[130.32021,31.50437],[130.32019,31.50437],[130.32018,31.50438],[130.32018,31.50441],[130.32017,31.5044],[130.32013,31.50439],[130.32004,31.50438],[130.31996,31.50437],[130.31988,31.50439],[130.31981,31.50441],[130.31978,31.50443],[130.31936,31.50463],[130.31938,31.50466],[130.31972,31.5045],[130.31967,31.50475],[130.31965,31.50486],[130.31964,31.50499],[130.31963,31.50513],[130.31964,31.5052],[130.31965,31.50526],[130.31966,31.50533],[130.31969,31.50546],[130.31974,31.50559],[130.31978,31.50573],[130.31983,31.50588],[130.31988,31.50603],[130.31993,31.50617],[130.31999,31.5063],[130.32001,31.50635],[130.32007,31.50643],[130.32013,31.5065],[130.32018,31.50657],[130.32024,31.50664],[130.32026,31.50668],[130.32031,31.50678],[130.32036,31.50689],[130.32042,31.50702],[130.32047,31.50718],[130.32053,31.50735],[130.32058,31.50752],[130.32064,31.50768],[130.32068,31.50784],[130.32072,31.50798],[130.32075,31.50811],[130.32078,31.50825],[130.32081,31.50839],[130.32084,31.50855],[130.32088,31.50872],[130.32091,31.50881],[130.32095,31.50891],[130.32096,31.50894],[130.32099,31.50901],[130.3211,31.50923],[130.32121,31.50944],[130.32132,31.50966],[130.32137,31.50977],[130.32145,31.50996],[130.32148,31.51006],[130.32154,31.51025],[130.3216,31.51044],[130.32166,31.51065],[130.32175,31.51086],[130.32183,31.51108],[130.32192,31.5113],[130.322,31.51149],[130.32208,31.51166],[130.32214,31.51182],[130.32221,31.51197],[130.32227,31.51211],[130.32233,31.51226],[130.32238,31.51239],[130.32241,31.51252],[130.32242,31.51257],[130.32243,31.51268],[130.32243,31.51273],[130.32243,31.51281],[130.32243,31.51289],[130.32244,31.51293],[130.32245,31.51296],[130.32247,31.513],[130.3225,31.51303],[130.32252,31.51306],[130.32257,31.51312],[130.32263,31.51317],[130.32267,31.51322],[130.3227,31.51327],[130.3228,31.51344],[130.32281,31.51346],[130.32295,31.5137],[130.323,31.5138],[130.32304,31.51391],[130.32308,31.51403],[130.32311,31.51414],[130.32314,31.51425],[130.32322,31.51452],[130.32324,31.51459],[130.32331,31.51479],[130.3234,31.51505],[130.32349,31.51532],[130.3236,31.5156],[130.32371,31.51589],[130.3238,31.51617],[130.32384,31.51632],[130.32388,31.51646],[130.32393,31.51671],[130.32397,31.51695],[130.32402,31.51719],[130.32405,31.51731],[130.32408,31.51743],[130.32412,31.51755],[130.32416,31.51767],[130.32425,31.5179],[130.32427,31.51796],[130.32427,31.51796],[130.32437,31.51794],[130.32584,31.51774],[130.32607,31.51771],[130.32622,31.51768],[130.32891,31.51686],[130.33083,31.51626],[130.33123,31.51614],[130.33182,31.51597],[130.33205,31.51587],[130.33291,31.51549],[130.3333,31.51531],[130.33356,31.51517],[130.33485,31.51434]]]}},{"type":"Feature","properties":{"name":"吹上町花熟里","setai":65,"jinko":174,"key":"462160370","units":1},"geometry":{"type":"Polygon","coordinates":[[[130.34299,31.53183],[130.34318,31.53176],[130.34337,31.53176],[130.34359,31.53185],[130.34387,31.53209],[130.34432,31.5324],[130.34447,31.53245],[130.34459,31.53245],[130.34475,31.53243],[130.3451,31.53232],[130.34526,31.53231],[130.34539,31.53234],[130.34555,31.53242],[130.34584,31.53255],[130.34613,31.53263],[130.34648,31.53264],[130.34668,31.53261],[130.34684,31.53256],[130.34696,31.53248],[130.34704,31.53235],[130.34725,31.53198],[130.34734,31.53188],[130.34749,31.53182],[130.3476,31.5318],[130.34775,31.53185],[130.34837,31.53214],[130.34852,31.53218],[130.34866,31.53218],[130.3489,31.53215],[130.34944,31.532],[130.34961,31.53198],[130.34982,31.53198],[130.34997,31.532],[130.35007,31.53199],[130.35013,31.53196],[130.34987,31.53184],[130.34965,31.53173],[130.34954,31.53165],[130.34942,31.53153],[130.34924,31.53125],[130.3485,31.53023],[130.34815,31.52981],[130.34788,31.52959],[130.34768,31.52946],[130.34741,31.52934],[130.34709,31.52919],[130.34675,31.52904],[130.34651,31.5289],[130.34618,31.52857],[130.34586,31.52821],[130.34547,31.52774],[130.34531,31.5274],[130.34523,31.52711],[130.34518,31.52685],[130.34515,31.52657],[130.34514,31.52637],[130.34515,31.5262],[130.3452,31.52604],[130.34535,31.52587],[130.34542,31.52574],[130.34555,31.52503],[130.34556,31.52492],[130.34556,31.52485],[130.34552,31.52477],[130.34527,31.52442],[130.34516,31.52423],[130.34597,31.52386],[130.34647,31.52368],[130.34647,31.52368],[130.34635,31.5236],[130.34622,31.52356],[130.34606,31.5236],[130.34556,31.52377],[130.345,31.52393],[130.3447,31.524],[130.34454,31.52399],[130.34426,31.5239],[130.34396,31.52384],[130.34387,31.52381],[130.34375,31.52374],[130.34369,31.52371],[130.34362,31.52368],[130.34352,31.5237],[130.34329,31.52374],[130.34313,31.52373],[130.34284,31.52367],[130.3427,31.52367],[130.34254,31.52369],[130.34227,31.52375],[130.34184,31.52392],[130.34132,31.52411],[130.341,31.52466],[130.34089,31.52479],[130.34075,31.5249],[130.3406,31.52499],[130.34021,31.52511],[130.34,31.5252],[130.33946,31.52541],[130.33929,31.52548],[130.33906,31.52552],[130.3382,31.52564],[130.33817,31.52566],[130.33795,31.52586],[130.33786,31.52594],[130.33774,31.52601],[130.33767,31.52603],[130.3372,31.5261],[130.33558,31.52518],[130.33548,31.52513],[130.33539,31.5251],[130.33524,31.52509],[130.33507,31.52511],[130.33153,31.52608],[130.33107,31.52615],[130.33063,31.52618],[130.32909,31.52622],[130.3287,31.52623],[130.32669,31.52646],[130.32672,31.52659],[130.32675,31.52672],[130.32678,31.52685],[130.32681,31.52698],[130.32682,31.52701],[130.32687,31.52717],[130.32691,31.52732],[130.32694,31.52748],[130.32696,31.52763],[130.32698,31.52779],[130.32698,31.5279],[130.32698,31.52802],[130.32698,31.52804],[130.32697,31.52814],[130.32698,31.52828],[130.32699,31.52841],[130.32701,31.52854],[130.32703,31.52861],[130.32707,31.52876],[130.32713,31.52889],[130.32722,31.52914],[130.32734,31.52949],[130.3274,31.52967],[130.32751,31.53003],[130.3276,31.53034],[130.3277,31.53065],[130.3278,31.53096],[130.32786,31.53121],[130.32799,31.53123],[130.3281,31.53117],[130.3282,31.53104],[130.32828,31.53098],[130.32836,31.53097],[130.32845,31.531],[130.3287,31.5311],[130.32878,31.53111],[130.32885,31.53111],[130.32907,31.53102],[130.32921,31.53102],[130.32971,31.53119],[130.32997,31.53123],[130.33016,31.53125],[130.33063,31.53125],[130.33111,31.53133],[130.33162,31.53139],[130.33188,31.53146],[130.33219,31.53163],[130.33275,31.53211],[130.33323,31.53247],[130.33348,31.53257],[130.33373,31.53258],[130.33391,31.53254],[130.33401,31.53246],[130.33401,31.5324],[130.33399,31.53234],[130.33387,31.53222],[130.33368,31.53202],[130.33355,31.53168],[130.33353,31.53152],[130.33354,31.53143],[130.33361,31.53129],[130.33371,31.53119],[130.33389,31.53112],[130.33429,31.53099],[130.3351,31.53091],[130.3359,31.53088],[130.33647,31.53093],[130.33692,31.53105],[130.33711,31.53115],[130.33734,31.53132],[130.33743,31.53149],[130.33761,31.53188],[130.33781,31.53209],[130.33804,31.53219],[130.33833,31.53225],[130.33883,31.53229],[130.33903,31.53235],[130.33918,31.53244],[130.33937,31.53262],[130.33969,31.53301],[130.3398,31.53307],[130.33995,31.53316],[130.34032,31.53328],[130.34057,31.5333],[130.34081,31.53329],[130.34108,31.53323],[130.34142,31.5331],[130.34174,31.5329],[130.342,31.53272],[130.34226,31.53247],[130.34259,31.53214],[130.34275,31.53199],[130.34299,31.53183]]]}},{"type":"Feature","properties":{"name":"吹上町小野","setai":97,"jinko":356,"key":"462160380","units":1},"geometry":{"type":"Polygon","coordinates":[[[130.33782,31.54174],[130.33801,31.54171],[130.33827,31.54171],[130.33836,31.54172],[130.33847,31.54174],[130.3402,31.54249],[130.34046,31.54257],[130.3407,31.54258],[130.34082,31.54256],[130.34087,31.54256],[130.34105,31.54251],[130.34126,31.54239],[130.34146,31.54218],[130.34165,31.54188],[130.34211,31.54114],[130.3422,31.54108],[130.3423,31.54101],[130.34244,31.54096],[130.34255,31.54096],[130.34267,31.54097],[130.34289,31.54105],[130.344,31.5415],[130.34424,31.54158],[130.34452,31.54161],[130.34485,31.54154],[130.34506,31.54148],[130.34538,31.54129],[130.3469,31.54021],[130.34719,31.54],[130.34768,31.53954],[130.34837,31.53883],[130.34895,31.53808],[130.34903,31.5379],[130.34906,31.53771],[130.34906,31.53751],[130.34904,31.53722],[130.34918,31.53635],[130.34933,31.53578],[130.3497,31.53479],[130.34999,31.53426],[130.35024,31.53396],[130.34944,31.532],[130.3489,31.53215],[130.34866,31.53218],[130.34852,31.53218],[130.34837,31.53214],[130.34775,31.53185],[130.3476,31.5318],[130.34749,31.53182],[130.34734,31.53188],[130.34725,31.53198],[130.34704,31.53235],[130.34696,31.53248],[130.34684,31.53256],[130.34668,31.53261],[130.34648,31.53264],[130.34613,31.53263],[130.34584,31.53255],[130.34555,31.53242],[130.34539,31.53234],[130.34526,31.53231],[130.3451,31.53232],[130.34475,31.53243],[130.34459,31.53245],[130.34447,31.53245],[130.34432,31.5324],[130.34387,31.53209],[130.34359,31.53185],[130.34337,31.53176],[130.34318,31.53176],[130.34299,31.53183],[130.34275,31.53199],[130.34259,31.53214],[130.34226,31.53247],[130.342,31.53272],[130.34174,31.5329],[130.34142,31.5331],[130.34108,31.53323],[130.34081,31.53329],[130.34057,31.5333],[130.34032,31.53328],[130.33995,31.53316],[130.3398,31.53307],[130.33969,31.53301],[130.33937,31.53262],[130.33918,31.53244],[130.33903,31.53235],[130.33883,31.53229],[130.33833,31.53225],[130.33804,31.53219],[130.33781,31.53209],[130.33761,31.53188],[130.33743,31.53149],[130.33734,31.53132],[130.33711,31.53115],[130.33692,31.53105],[130.33647,31.53093],[130.3359,31.53088],[130.3351,31.53091],[130.33429,31.53099],[130.33389,31.53112],[130.33371,31.53119],[130.33361,31.53129],[130.33354,31.53143],[130.33353,31.53152],[130.33355,31.53168],[130.33368,31.53202],[130.33387,31.53222],[130.33399,31.53234],[130.33401,31.5324],[130.33401,31.53246],[130.33391,31.53254],[130.33373,31.53258],[130.33348,31.53257],[130.33323,31.53247],[130.33275,31.53211],[130.33219,31.53163],[130.33188,31.53146],[130.33162,31.53139],[130.33111,31.53133],[130.33063,31.53125],[130.33016,31.53125],[130.32997,31.53123],[130.32971,31.53119],[130.32921,31.53102],[130.32907,31.53102],[130.32885,31.53111],[130.32878,31.53111],[130.3287,31.5311],[130.32845,31.531],[130.32836,31.53097],[130.32828,31.53098],[130.3282,31.53104],[130.3281,31.53117],[130.32799,31.53123],[130.32786,31.53121],[130.32802,31.53188],[130.32828,31.53298],[130.32833,31.5332],[130.32838,31.53342],[130.32841,31.5336],[130.32844,31.53375],[130.32846,31.5339],[130.32851,31.53414],[130.32855,31.5343],[130.3286,31.53447],[130.3287,31.53479],[130.32882,31.53519],[130.32897,31.53566],[130.32908,31.53604],[130.3291,31.53614],[130.32922,31.53656],[130.32932,31.53693],[130.32942,31.5373],[130.32951,31.53768],[130.32961,31.53808],[130.3297,31.53849],[130.32976,31.53869],[130.32983,31.53894],[130.3299,31.53919],[130.32996,31.53945],[130.32997,31.53951],[130.32999,31.53965],[130.33001,31.53978],[130.33002,31.53993],[130.33002,31.54008],[130.33004,31.54024],[130.33005,31.54032],[130.33006,31.5404],[130.3301,31.54056],[130.33013,31.54069],[130.33017,31.54085],[130.3302,31.54095],[130.33024,31.54115],[130.33027,31.54136],[130.3303,31.54161],[130.33032,31.54191],[130.33034,31.54222],[130.33036,31.54246],[130.33037,31.54265],[130.33187,31.54276],[130.33238,31.54277],[130.33293,31.54273],[130.33548,31.54232],[130.33676,31.54215],[130.33706,31.54209],[130.33729,31.54202],[130.33769,31.54179],[130.33782,31.54174]]]}},{"type":"Feature","properties":{"name":"吹上町永吉","setai":541,"jinko":1099,"key":"462160390","units":1},"geometry":{"type":"MultiPolygon","coordinates":[[[[130.38988,31.57752],[130.39028,31.57617],[130.39062,31.57545],[130.391,31.57499],[130.39193,31.57396],[130.39239,31.5735],[130.39412,31.57284],[130.39481,31.57238],[130.39532,31.57192],[130.39577,31.57144],[130.39608,31.57094],[130.39641,31.57065],[130.39665,31.57051],[130.39706,31.57027],[130.39764,31.56972],[130.39797,31.56941],[130.39871,31.56807],[130.39886,31.56796],[130.39904,31.56783],[130.39927,31.56781],[130.3995,31.5679],[130.39966,31.56804],[130.39995,31.56808],[130.40065,31.56777],[130.40216,31.56703],[130.40244,31.56693],[130.4026,31.56676],[130.40391,31.56455],[130.40423,31.56464],[130.40447,31.56468],[130.40514,31.56471],[130.40543,31.56476],[130.40585,31.56486],[130.40635,31.56488],[130.40651,31.56487],[130.40677,31.56481],[130.40703,31.56479],[130.40748,31.56483],[130.40783,31.56486],[130.40819,31.56485],[130.40853,31.56482],[130.40899,31.56478],[130.40919,31.56474],[130.40937,31.56471],[130.40992,31.56466],[130.41059,31.56467],[130.4109,31.56469],[130.41127,31.56473],[130.4115,31.56471],[130.41168,31.56459],[130.41192,31.56418],[130.41195,31.56374],[130.41195,31.56293],[130.41283,31.56288],[130.4128,31.56246],[130.41283,31.56213],[130.41286,31.56114],[130.41275,31.56081],[130.41251,31.56047],[130.41246,31.56041],[130.41224,31.56015],[130.41193,31.55991],[130.4115,31.55959],[130.41239,31.559],[130.41529,31.55969],[130.41611,31.55992],[130.41646,31.55985],[130.41822,31.55852],[130.41842,31.55824],[130.41846,31.55764],[130.41875,31.55763],[130.41899,31.55757],[130.41912,31.55709],[130.4195,31.5557],[130.41968,31.55555],[130.42016,31.55518],[130.42015,31.55491],[130.41962,31.5543],[130.41882,31.55339],[130.41966,31.55292],[130.42044,31.55227],[130.42089,31.55156],[130.42045,31.55054],[130.42003,31.55008],[130.41956,31.54971],[130.41956,31.54944],[130.41955,31.54941],[130.41943,31.54904],[130.41904,31.54822],[130.42,31.54794],[130.4207,31.54756],[130.42131,31.54682],[130.42149,31.54663],[130.42192,31.54653],[130.42253,31.54662],[130.42387,31.54671],[130.42407,31.54664],[130.42419,31.54628],[130.42426,31.54584],[130.42421,31.54474],[130.42428,31.54446],[130.42446,31.54432],[130.42506,31.54385],[130.42514,31.54364],[130.42482,31.54314],[130.42471,31.54293],[130.42472,31.54285],[130.42101,31.53899],[130.42022,31.53819],[130.42008,31.53811],[130.41989,31.53809],[130.41963,31.53817],[130.41849,31.53867],[130.41662,31.53946],[130.41466,31.54016],[130.41379,31.54038],[130.41141,31.54084],[130.41041,31.54103],[130.4005,31.5431],[130.39853,31.5435],[130.39796,31.54371],[130.39764,31.54387],[130.3975,31.54405],[130.39741,31.5442],[130.39735,31.54439],[130.39734,31.54459],[130.39739,31.54479],[130.39758,31.54513],[130.39814,31.54594],[130.39831,31.54627],[130.39842,31.54665],[130.39845,31.54715],[130.39841,31.5486],[130.39832,31.54882],[130.39808,31.54917],[130.39785,31.54937],[130.39127,31.55324],[130.39074,31.55355],[130.39026,31.55368],[130.38983,31.55366],[130.38954,31.55361],[130.38924,31.55348],[130.38686,31.5523],[130.38397,31.55087],[130.37906,31.54839],[130.37854,31.54797],[130.37803,31.54744],[130.37776,31.54697],[130.37735,31.54625],[130.37655,31.54521],[130.37551,31.54397],[130.37445,31.54291],[130.37406,31.54252],[130.37353,31.5419],[130.37302,31.54143],[130.3724,31.54094],[130.37183,31.54055],[130.37134,31.54039],[130.37076,31.5403],[130.36918,31.5403],[130.36802,31.54012],[130.36696,31.53976],[130.36661,31.53962],[130.36549,31.53916],[130.36455,31.53874],[130.36297,31.53799],[130.35898,31.5358],[130.35563,31.53427],[130.35358,31.53353],[130.35261,31.53329],[130.35195,31.53329],[130.35136,31.53339],[130.35086,31.53356],[130.35024,31.53396],[130.34999,31.53426],[130.3497,31.53479],[130.34933,31.53578],[130.34918,31.53635],[130.34904,31.53722],[130.34906,31.53751],[130.34906,31.53771],[130.34903,31.5379],[130.34895,31.53808],[130.34837,31.53883],[130.34768,31.53954],[130.34719,31.54],[130.3469,31.54021],[130.34538,31.54129],[130.34506,31.54148],[130.34485,31.54154],[130.34452,31.54161],[130.34424,31.54158],[130.344,31.5415],[130.34289,31.54105],[130.34267,31.54097],[130.34255,31.54096],[130.34244,31.54096],[130.3423,31.54101],[130.3422,31.54108],[130.34211,31.54114],[130.34165,31.54188],[130.34146,31.54218],[130.34126,31.54239],[130.34105,31.54251],[130.34087,31.54256],[130.34082,31.54256],[130.3407,31.54258],[130.34046,31.54257],[130.3402,31.54249],[130.33847,31.54174],[130.33836,31.54172],[130.33827,31.54171],[130.33801,31.54171],[130.33782,31.54174],[130.33769,31.54179],[130.33729,31.54202],[130.33706,31.54209],[130.33676,31.54215],[130.33548,31.54232],[130.33293,31.54273],[130.33238,31.54277],[130.33187,31.54276],[130.33037,31.54265],[130.33038,31.54283],[130.33038,31.54289],[130.33039,31.54302],[130.33041,31.54321],[130.33044,31.5434],[130.33048,31.54361],[130.33053,31.54383],[130.33059,31.54406],[130.33065,31.54429],[130.33071,31.54454],[130.33076,31.54479],[130.33081,31.54504],[130.33081,31.54507],[130.33083,31.54516],[130.33085,31.54531],[130.33088,31.54557],[130.33089,31.5457],[130.3309,31.54581],[130.3309,31.54604],[130.33091,31.54627],[130.33093,31.54646],[130.33095,31.54655],[130.33099,31.54672],[130.33103,31.54689],[130.33108,31.54703],[130.33112,31.54716],[130.33116,31.5473],[130.33118,31.54741],[130.3312,31.54752],[130.33121,31.54763],[130.33121,31.54775],[130.33121,31.54797],[130.33121,31.54821],[130.33122,31.54845],[130.33123,31.54856],[130.33125,31.54868],[130.33127,31.54883],[130.33129,31.54897],[130.33132,31.54912],[130.33133,31.54922],[130.33134,31.54933],[130.33135,31.54944],[130.33157,31.5497],[130.33179,31.54995],[130.33179,31.55017],[130.33181,31.55041],[130.33183,31.55053],[130.33187,31.55079],[130.33191,31.55104],[130.33195,31.55135],[130.332,31.55167],[130.33205,31.55199],[130.33211,31.55232],[130.33217,31.55264],[130.33223,31.55297],[130.33226,31.5532],[130.33229,31.55344],[130.33234,31.55391],[130.33236,31.5541],[130.33239,31.5544],[130.33242,31.5546],[130.33244,31.5548],[130.33245,31.55484],[130.33277,31.55483],[130.33287,31.55484],[130.33298,31.55486],[130.33316,31.55492],[130.3333,31.55497],[130.33341,31.55502],[130.33355,31.5551],[130.33362,31.55515],[130.33379,31.55531],[130.33388,31.5554],[130.33396,31.55546],[130.33401,31.5555],[130.33415,31.55554],[130.3344,31.5556],[130.33454,31.55561],[130.33463,31.55561],[130.33471,31.55558],[130.33479,31.55554],[130.33495,31.55542],[130.33521,31.55514],[130.33531,31.55501],[130.33535,31.55492],[130.33536,31.55485],[130.33535,31.55475],[130.33521,31.55454],[130.33518,31.55445],[130.33518,31.55438],[130.33521,31.5543],[130.33529,31.55422],[130.33537,31.55418],[130.33545,31.55417],[130.33558,31.55417],[130.3357,31.5542],[130.33582,31.55423],[130.33588,31.55426],[130.33607,31.55437],[130.33621,31.55442],[130.33643,31.55443],[130.3368,31.55444],[130.33694,31.55447],[130.33703,31.5545],[130.33709,31.55455],[130.33714,31.55461],[130.33717,31.55469],[130.3373,31.55505],[130.33732,31.55521],[130.33733,31.5553],[130.33736,31.55534],[130.3374,31.55538],[130.33744,31.55539],[130.33756,31.55539],[130.33757,31.55539],[130.3377,31.55541],[130.33779,31.55545],[130.33788,31.55551],[130.33795,31.55554],[130.338,31.55554],[130.33809,31.55553],[130.33826,31.55546],[130.33841,31.55538],[130.33855,31.55534],[130.33865,31.55531],[130.33886,31.55526],[130.33903,31.55523],[130.33914,31.55524],[130.33923,31.55526],[130.33933,31.55528],[130.33959,31.55533],[130.33976,31.55533],[130.33987,31.55535],[130.34014,31.55541],[130.34041,31.55546],[130.34062,31.55551],[130.34073,31.55557],[130.34079,31.55563],[130.34091,31.55576],[130.34097,31.55579],[130.34104,31.55581],[130.34122,31.5558],[130.34133,31.55581],[130.3416,31.55592],[130.34178,31.55597],[130.34217,31.55603],[130.34246,31.55608],[130.3427,31.55612],[130.34279,31.55615],[130.34294,31.55619],[130.343,31.55623],[130.34303,31.55628],[130.34303,31.55635],[130.34305,31.55645],[130.34308,31.55656],[130.34315,31.55669],[130.34316,31.55677],[130.34314,31.55686],[130.34309,31.55698],[130.3431,31.55708],[130.34315,31.55713],[130.34321,31.55716],[130.34329,31.55719],[130.34341,31.55719],[130.34355,31.55719],[130.34361,31.55719],[130.34367,31.55722],[130.34372,31.55729],[130.34375,31.55734],[130.34375,31.55743],[130.34373,31.55755],[130.34373,31.55764],[130.34376,31.55769],[130.34383,31.55774],[130.344,31.55781],[130.34429,31.55789],[130.34434,31.55788],[130.34438,31.55786],[130.34443,31.55779],[130.34445,31.55772],[130.34448,31.55756],[130.34454,31.55744],[130.34462,31.55739],[130.34472,31.5574],[130.34481,31.55745],[130.34484,31.55756],[130.34484,31.55759],[130.34479,31.5577],[130.34478,31.55776],[130.34479,31.55781],[130.3448,31.55785],[130.34483,31.55786],[130.34497,31.55791],[130.34501,31.55793],[130.34504,31.558],[130.34505,31.55811],[130.34504,31.5582],[130.34503,31.55824],[130.34499,31.55829],[130.34493,31.55832],[130.34487,31.55832],[130.34481,31.55832],[130.34476,31.55835],[130.34471,31.55841],[130.34468,31.55848],[130.34469,31.55872],[130.34468,31.5589],[130.34466,31.55903],[130.34455,31.55937],[130.34461,31.55937],[130.34465,31.55939],[130.34468,31.55942],[130.34469,31.55948],[130.34466,31.55954],[130.34449,31.55985],[130.34445,31.55996],[130.34443,31.56006],[130.34442,31.56016],[130.34443,31.56033],[130.34442,31.56039],[130.34437,31.56062],[130.34436,31.56075],[130.34437,31.56096],[130.34439,31.56111],[130.34443,31.56122],[130.34448,31.5613],[130.34457,31.56137],[130.34472,31.56147],[130.34481,31.56154],[130.34488,31.56163],[130.34491,31.56174],[130.34491,31.56184],[130.34481,31.56203],[130.3447,31.56221],[130.34462,31.56233],[130.3445,31.56245],[130.34432,31.56259],[130.34417,31.56271],[130.34409,31.56279],[130.34401,31.56291],[130.34398,31.56303],[130.34401,31.5631],[130.34407,31.56315],[130.34416,31.56325],[130.34427,31.56337],[130.3444,31.5635],[130.34451,31.56357],[130.3446,31.56362],[130.34472,31.56367],[130.3449,31.56371],[130.34513,31.56373],[130.34529,31.5637],[130.34541,31.56367],[130.34546,31.56366],[130.34552,31.56362],[130.34557,31.56361],[130.3456,31.56361],[130.34567,31.56367],[130.34575,31.56376],[130.34581,31.56381],[130.34593,31.56386],[130.34614,31.56389],[130.34633,31.5639],[130.34647,31.56388],[130.34662,31.56382],[130.34673,31.56376],[130.34696,31.56361],[130.34706,31.56354],[130.34715,31.56348],[130.34727,31.56336],[130.34731,31.56328],[130.34737,31.56312],[130.34739,31.56293],[130.3474,31.56274],[130.34739,31.56259],[130.34742,31.56249],[130.34746,31.56244],[130.3475,31.56239],[130.34756,31.56235],[130.34763,31.56236],[130.34771,31.56241],[130.348,31.56268],[130.34826,31.56288],[130.34847,31.56301],[130.34867,31.5631],[130.3488,31.56314],[130.3489,31.56316],[130.349,31.56315],[130.34907,31.56313],[130.34925,31.56302],[130.34932,31.56299],[130.34943,31.56295],[130.34954,31.56293],[130.34973,31.56293],[130.34988,31.56295],[130.35044,31.56301],[130.3507,31.56303],[130.35123,31.56304],[130.35204,31.56304],[130.35263,31.56306],[130.35277,31.56306],[130.35293,31.56301],[130.35309,31.56295],[130.35327,31.56288],[130.35341,31.56287],[130.3535,31.5629],[130.3536,31.56296],[130.35374,31.56306],[130.35384,31.56314],[130.35401,31.56323],[130.35439,31.56339],[130.35455,31.56348],[130.35465,31.56358],[130.3547,31.56363],[130.35473,31.5637],[130.35475,31.56377],[130.35475,31.5639],[130.35469,31.56405],[130.35462,31.56423],[130.35455,31.56449],[130.35453,31.56465],[130.35452,31.56489],[130.35453,31.5652],[130.35456,31.5654],[130.35467,31.56576],[130.35473,31.56607],[130.35478,31.56621],[130.3548,31.56627],[130.35486,31.56639],[130.35489,31.56645],[130.35494,31.56652],[130.35561,31.56638],[130.35578,31.56635],[130.35606,31.56623],[130.35628,31.56618],[130.35645,31.56616],[130.35673,31.56613],[130.3569,31.56616],[130.35702,31.56616],[130.35718,31.56613],[130.35746,31.56607],[130.3577,31.56604],[130.35786,31.56605],[130.35796,31.56609],[130.35806,31.56606],[130.35819,31.56602],[130.35835,31.56605],[130.35849,31.56615],[130.35863,31.56621],[130.35871,31.56621],[130.35885,31.56615],[130.35902,31.56611],[130.35916,31.56612],[130.35924,31.56612],[130.35934,31.56611],[130.35945,31.56606],[130.35959,31.56603],[130.35995,31.56586],[130.36019,31.56571],[130.36034,31.56558],[130.36046,31.56547],[130.36059,31.56534],[130.36072,31.56526],[130.36087,31.56523],[130.36104,31.56522],[130.3612,31.56524],[130.36137,31.56529],[130.36166,31.56542],[130.36181,31.56547],[130.36197,31.56546],[130.36207,31.56538],[130.36221,31.56521],[130.36239,31.56504],[130.36255,31.56494],[130.36279,31.56488],[130.36297,31.5648],[130.36327,31.56458],[130.36361,31.56435],[130.36374,31.56424],[130.36387,31.56414],[130.36403,31.5641],[130.36406,31.56409],[130.3643,31.56406],[130.36467,31.56404],[130.36505,31.56407],[130.36538,31.56413],[130.36571,31.56422],[130.36591,31.5643],[130.36612,31.56437],[130.36643,31.56455],[130.36669,31.56472],[130.36674,31.56477],[130.36675,31.5648],[130.36674,31.56484],[130.36669,31.5649],[130.36659,31.56499],[130.36639,31.56512],[130.36614,31.56526],[130.36601,31.56534],[130.36593,31.5654],[130.36582,31.56547],[130.36598,31.56551],[130.36618,31.56558],[130.36641,31.56569],[130.36655,31.56577],[130.36667,31.56586],[130.36685,31.56601],[130.367,31.56616],[130.36724,31.5664],[130.36755,31.5667],[130.36786,31.56697],[130.36796,31.56706],[130.36808,31.56722],[130.36814,31.56731],[130.36821,31.56739],[130.36829,31.56746],[130.3684,31.56753],[130.36851,31.56758],[130.36855,31.56759],[130.36862,31.5676],[130.36901,31.56762],[130.36909,31.56764],[130.36917,31.56767],[130.36922,31.56771],[130.36935,31.5678],[130.36946,31.56787],[130.36952,31.56795],[130.36951,31.56809],[130.36951,31.56819],[130.36953,31.56829],[130.36955,31.56839],[130.36958,31.56847],[130.36966,31.5686],[130.36975,31.56869],[130.37003,31.56894],[130.37018,31.56906],[130.37028,31.56911],[130.3704,31.56914],[130.37058,31.56917],[130.37063,31.56919],[130.3707,31.56922],[130.37074,31.56927],[130.37087,31.56947],[130.37095,31.56956],[130.37102,31.56962],[130.37107,31.56965],[130.37114,31.56968],[130.37138,31.56972],[130.37146,31.56974],[130.37152,31.56976],[130.37161,31.56983],[130.37177,31.56999],[130.37186,31.57005],[130.37211,31.57017],[130.37221,31.57023],[130.37231,31.57034],[130.37237,31.57043],[130.37249,31.5707],[130.37255,31.57084],[130.37267,31.57099],[130.37277,31.57108],[130.37286,31.57113],[130.37301,31.57118],[130.37324,31.57122],[130.37343,31.57124],[130.37354,31.57127],[130.37362,31.57132],[130.37367,31.57138],[130.3737,31.57146],[130.37373,31.57162],[130.37378,31.57172],[130.37384,31.57179],[130.37392,31.57186],[130.37405,31.57196],[130.37416,31.57207],[130.37433,31.57224],[130.37445,31.57234],[130.37471,31.57251],[130.37489,31.5726],[130.37503,31.57266],[130.37548,31.57252],[130.37553,31.57254],[130.37574,31.57264],[130.37601,31.57272],[130.37614,31.57278],[130.37623,31.57282],[130.37639,31.57291],[130.3765,31.573],[130.3766,31.57309],[130.37667,31.57319],[130.37672,31.5734],[130.37687,31.57333],[130.37763,31.57302],[130.37764,31.57304],[130.37779,31.57312],[130.37792,31.57317],[130.37809,31.5732],[130.37823,31.5732],[130.37836,31.5732],[130.37836,31.57331],[130.37841,31.57342],[130.3785,31.57352],[130.37856,31.57357],[130.37867,31.5736],[130.37904,31.57369],[130.37926,31.57369],[130.37949,31.57367],[130.3797,31.57365],[130.37984,31.57366],[130.38012,31.57368],[130.38038,31.5737],[130.38052,31.57373],[130.38064,31.57378],[130.38075,31.57389],[130.38097,31.57424],[130.38105,31.57434],[130.3813,31.57469],[130.38132,31.57477],[130.38134,31.57491],[130.38132,31.57506],[130.38131,31.57514],[130.38135,31.57524],[130.38141,31.57531],[130.38152,31.57536],[130.38174,31.57542],[130.38188,31.57546],[130.382,31.57551],[130.38217,31.57562],[130.3823,31.57575],[130.3824,31.57594],[130.38243,31.57601],[130.38255,31.57612],[130.38263,31.57617],[130.3827,31.57619],[130.38295,31.57618],[130.38321,31.57616],[130.38345,31.57616],[130.38363,31.57618],[130.38388,31.57624],[130.38412,31.57633],[130.38448,31.57651],[130.38466,31.57663],[130.38481,31.57671],[130.38495,31.57675],[130.38507,31.57677],[130.38518,31.57679],[130.38524,31.57684],[130.38529,31.57692],[130.38531,31.5771],[130.38534,31.57731],[130.38536,31.5774],[130.3854,31.5775],[130.38548,31.57764],[130.38568,31.57779],[130.38582,31.57788],[130.38594,31.57795],[130.38607,31.57804],[130.38615,31.57815],[130.38624,31.57828],[130.38639,31.57841],[130.38651,31.57846],[130.38683,31.57857],[130.38785,31.57896],[130.38797,31.57845],[130.38821,31.57825],[130.38893,31.57808],[130.38933,31.57793],[130.38977,31.57772],[130.38988,31.57752]]],[[[130.22883,31.54953],[130.2287,31.54947],[130.22865,31.54949],[130.22864,31.54946],[130.22839,31.54956],[130.22831,31.54964],[130.22826,31.54978],[130.22826,31.55027],[130.2284,31.55054],[130.22855,31.55079],[130.22869,31.55086],[130.22881,31.55079],[130.2289,31.55066],[130.22901,31.54997],[130.22894,31.54964],[130.22883,31.54953]]]]}},{"type":"Feature","properties":{"name":"吹上町田尻","setai":146,"jinko":288,"key":"462160400","units":1},"geometry":{"type":"Polygon","coordinates":[[[130.39752,31.54351],[130.39823,31.53932],[130.39825,31.53789],[130.39814,31.53747],[130.39794,31.53713],[130.39751,31.53654],[130.39693,31.53594],[130.39647,31.53565],[130.39547,31.53507],[130.39447,31.53459],[130.39405,31.53429],[130.39369,31.53389],[130.3929,31.53275],[130.38937,31.52724],[130.38726,31.52376],[130.38711,31.52361],[130.38697,31.52355],[130.38257,31.52184],[130.38177,31.52176],[130.38169,31.52162],[130.38164,31.52154],[130.3815,31.52142],[130.38133,31.52132],[130.38124,31.52124],[130.38118,31.52115],[130.38116,31.52102],[130.38118,31.52092],[130.38126,31.52073],[130.38129,31.52062],[130.38129,31.52053],[130.38124,31.52041],[130.38113,31.52028],[130.38103,31.52006],[130.38092,31.51995],[130.38053,31.51978],[130.38046,31.51975],[130.38028,31.51951],[130.38019,31.51946],[130.38011,31.51945],[130.37996,31.51947],[130.37967,31.51956],[130.37954,31.51956],[130.37913,31.51951],[130.37901,31.51948],[130.37892,31.51942],[130.37865,31.51912],[130.37836,31.51883],[130.37808,31.51866],[130.37789,31.51856],[130.37763,31.51849],[130.37701,31.51826],[130.37672,31.51804],[130.37667,31.51796],[130.37665,31.51785],[130.37662,31.51755],[130.37662,31.51727],[130.37659,31.51719],[130.37654,31.51711],[130.37647,31.51707],[130.37632,31.51702],[130.3761,31.51702],[130.37595,31.51704],[130.37515,31.51723],[130.37498,31.51723],[130.37488,31.51721],[130.37463,31.51706],[130.3745,31.51702],[130.37429,31.51699],[130.37376,31.51702],[130.37333,31.51709],[130.37315,31.51716],[130.37308,31.51722],[130.37304,31.51731],[130.37301,31.51755],[130.37299,31.51764],[130.37292,31.51783],[130.37285,31.51794],[130.3728,31.518],[130.37274,31.51804],[130.37268,31.51805],[130.37251,31.51802],[130.37209,31.51794],[130.3702,31.51779],[130.36977,31.51775],[130.36949,31.51773],[130.36937,31.51769],[130.36878,31.51734],[130.36866,31.51724],[130.36861,31.51716],[130.36848,31.51615],[130.36846,31.51603],[130.36844,31.51592],[130.36837,31.51583],[130.36822,31.51577],[130.36793,31.51572],[130.36789,31.51571],[130.36777,31.51568],[130.36763,31.51558],[130.36755,31.51551],[130.36726,31.51526],[130.36473,31.51625],[130.36268,31.51706],[130.36209,31.51699],[130.3617,31.51694],[130.36078,31.51686],[130.36034,31.51683],[130.35972,31.5168],[130.35924,31.51676],[130.35897,31.51675],[130.35835,31.51676],[130.35801,31.51681],[130.35761,31.51695],[130.35739,31.51709],[130.35721,31.51726],[130.357,31.51756],[130.35674,31.5182],[130.35665,31.51832],[130.35638,31.51851],[130.35619,31.51858],[130.35351,31.52074],[130.35316,31.52101],[130.35238,31.52161],[130.35227,31.52167],[130.35182,31.52182],[130.34874,31.52276],[130.34849,31.52282],[130.34776,31.52319],[130.34745,31.52334],[130.34679,31.52357],[130.34647,31.52368],[130.34597,31.52386],[130.34516,31.52423],[130.34527,31.52442],[130.34552,31.52477],[130.34556,31.52485],[130.34556,31.52492],[130.34555,31.52503],[130.34542,31.52574],[130.34535,31.52587],[130.3452,31.52604],[130.34515,31.5262],[130.34514,31.52637],[130.34515,31.52657],[130.34518,31.52685],[130.34523,31.52711],[130.34531,31.5274],[130.34547,31.52774],[130.34586,31.52821],[130.34618,31.52857],[130.34651,31.5289],[130.34675,31.52904],[130.34709,31.52919],[130.34741,31.52934],[130.34768,31.52946],[130.34788,31.52959],[130.34815,31.52981],[130.3485,31.53023],[130.34924,31.53125],[130.34942,31.53153],[130.34954,31.53165],[130.34965,31.53173],[130.34987,31.53184],[130.35013,31.53196],[130.35007,31.53199],[130.34997,31.532],[130.34982,31.53198],[130.34961,31.53198],[130.34944,31.532],[130.35024,31.53396],[130.35086,31.53356],[130.35136,31.53339],[130.35195,31.53329],[130.35261,31.53329],[130.35358,31.53353],[130.35563,31.53427],[130.35898,31.5358],[130.36297,31.53799],[130.36455,31.53874],[130.36549,31.53916],[130.36661,31.53962],[130.36696,31.53976],[130.36802,31.54012],[130.36918,31.5403],[130.37076,31.5403],[130.37134,31.54039],[130.37183,31.54055],[130.3724,31.54094],[130.37302,31.54143],[130.37353,31.5419],[130.37406,31.54252],[130.37445,31.54291],[130.37551,31.54397],[130.37655,31.54521],[130.37735,31.54625],[130.37776,31.54697],[130.37803,31.54744],[130.37854,31.54797],[130.37906,31.54839],[130.38397,31.55087],[130.38686,31.5523],[130.38924,31.55348],[130.38954,31.55361],[130.38983,31.55366],[130.39026,31.55368],[130.39074,31.55355],[130.39127,31.55324],[130.39785,31.54937],[130.39808,31.54917],[130.39832,31.54882],[130.39841,31.5486],[130.39845,31.54715],[130.39842,31.54665],[130.39831,31.54627],[130.39814,31.54594],[130.39758,31.54513],[130.39739,31.54479],[130.39734,31.54459],[130.39735,31.54439],[130.39741,31.5442],[130.3975,31.54405],[130.39764,31.54387],[130.39754,31.54378],[130.39751,31.54369],[130.39752,31.54351]]]}},{"type":"Feature","properties":{"name":"吹上町与倉","setai":222,"jinko":446,"key":"462160410","units":1},"geometry":{"type":"Polygon","coordinates":[[[130.41963,31.53817],[130.41989,31.53809],[130.42008,31.53811],[130.42022,31.53819],[130.42101,31.53899],[130.42472,31.54285],[130.42475,31.5426],[130.42515,31.54242],[130.42592,31.54235],[130.42745,31.54241],[130.42749,31.54199],[130.42738,31.54144],[130.42742,31.54079],[130.42761,31.54049],[130.42772,31.54007],[130.4279,31.53993],[130.42825,31.53979],[130.4284,31.53967],[130.4284,31.53942],[130.42831,31.53908],[130.42832,31.53894],[130.42839,31.53888],[130.42863,31.53881],[130.42895,31.53887],[130.42921,31.53899],[130.4294,31.539],[130.42959,31.53883],[130.42994,31.53874],[130.43053,31.53876],[130.43093,31.53873],[130.43134,31.53865],[130.43182,31.53865],[130.4322,31.53874],[130.43245,31.53875],[130.43262,31.53863],[130.43279,31.53843],[130.43284,31.53815],[130.43319,31.5381],[130.43407,31.53801],[130.43426,31.53804],[130.43442,31.53831],[130.43461,31.53863],[130.43465,31.53876],[130.43467,31.53889],[130.43474,31.53896],[130.43492,31.53889],[130.4353,31.53874],[130.43673,31.53775],[130.43701,31.53773],[130.43717,31.53769],[130.43713,31.53741],[130.43708,31.53717],[130.43713,31.53697],[130.43723,31.53685],[130.43759,31.5368],[130.43807,31.53691],[130.43835,31.53689],[130.43881,31.53669],[130.44055,31.53571],[130.44166,31.53487],[130.44241,31.53437],[130.44286,31.53389],[130.4436,31.53332],[130.44456,31.53241],[130.44522,31.53151],[130.44567,31.53129],[130.44591,31.53119],[130.44702,31.5307],[130.44702,31.53068],[130.44707,31.53061],[130.44718,31.53051],[130.4472,31.53032],[130.44717,31.53011],[130.44715,31.5299],[130.44715,31.52955],[130.44722,31.52923],[130.44722,31.52897],[130.44719,31.52874],[130.44713,31.5285],[130.44708,31.52825],[130.44711,31.52817],[130.44713,31.52808],[130.44722,31.52786],[130.44733,31.52771],[130.44742,31.52766],[130.44762,31.5276],[130.44796,31.52749],[130.44812,31.52739],[130.44831,31.52715],[130.44846,31.5269],[130.44852,31.52665],[130.44849,31.52642],[130.44841,31.52619],[130.44825,31.52592],[130.4481,31.52561],[130.44797,31.52538],[130.44786,31.52518],[130.44775,31.52501],[130.44764,31.5249],[130.44748,31.5248],[130.44732,31.52472],[130.44717,31.52462],[130.44704,31.5245],[130.44693,31.5243],[130.44689,31.52414],[130.44688,31.52392],[130.44689,31.52363],[130.44696,31.52322],[130.44702,31.52276],[130.44707,31.52241],[130.4472,31.52168],[130.44718,31.52141],[130.44709,31.52117],[130.44704,31.52107],[130.447,31.52098],[130.44697,31.52093],[130.44692,31.52081],[130.44692,31.52069],[130.44691,31.52053],[130.44688,31.52039],[130.44681,31.5202],[130.44681,31.51993],[130.44689,31.51968],[130.44696,31.51951],[130.44705,31.51922],[130.44718,31.51885],[130.44724,31.51866],[130.44735,31.51852],[130.44746,31.51845],[130.4476,31.51844],[130.44787,31.51851],[130.44809,31.51852],[130.44829,31.51844],[130.44844,31.51827],[130.4486,31.518],[130.44881,31.51794],[130.44645,31.51731],[130.44589,31.51724],[130.44463,31.51722],[130.44406,31.51717],[130.4433,31.51708],[130.44225,31.51673],[130.43946,31.51566],[130.43807,31.51499],[130.43749,31.5147],[130.43702,31.51441],[130.43664,31.51408],[130.43621,31.5135],[130.43501,31.51165],[130.43383,31.51015],[130.43293,31.50934],[130.43227,31.50896],[130.43146,31.50859],[130.43076,31.50834],[130.43,31.5081],[130.42953,31.50806],[130.42916,31.5081],[130.42866,31.50827],[130.42824,31.50851],[130.42793,31.50878],[130.42781,31.50902],[130.42776,31.50935],[130.42775,31.51071],[130.42786,31.51183],[130.42786,31.51246],[130.42774,31.51298],[130.42747,31.51372],[130.42712,31.51445],[130.42662,31.51534],[130.42618,31.51595],[130.42586,31.51625],[130.42548,31.51654],[130.42422,31.51691],[130.42292,31.51721],[130.42146,31.51747],[130.41932,31.51776],[130.4182,31.51785],[130.41674,31.51792],[130.41605,31.51794],[130.41539,31.51786],[130.41496,31.51778],[130.41469,31.51771],[130.41363,31.51742],[130.4134,31.51737],[130.41312,31.51734],[130.41275,31.51735],[130.41164,31.51739],[130.41086,31.51735],[130.4105,31.51731],[130.40867,31.51692],[130.40815,31.51681],[130.40616,31.51638],[130.40518,31.51626],[130.40434,31.51622],[130.40394,31.51619],[130.40051,31.51614],[130.396,31.51613],[130.39559,31.51619],[130.39459,31.51648],[130.39395,31.5166],[130.3921,31.51675],[130.39144,31.51673],[130.39091,31.51656],[130.39034,31.51615],[130.39014,31.51595],[130.38889,31.5147],[130.38793,31.5138],[130.38756,31.51354],[130.38681,31.51307],[130.38599,31.51271],[130.38486,31.51226],[130.38367,31.5119],[130.3793,31.51083],[130.37461,31.50985],[130.37393,31.50968],[130.37375,31.50961],[130.37301,31.50931],[130.37284,31.50926],[130.37269,31.50922],[130.37185,31.50881],[130.37167,31.50873],[130.37155,31.5087],[130.37146,31.5087],[130.3709,31.50871],[130.37073,31.50869],[130.37061,31.50866],[130.37047,31.50859],[130.3703,31.50851],[130.37025,31.50851],[130.3702,31.50853],[130.37017,31.50856],[130.37004,31.50867],[130.36997,31.50871],[130.36987,31.50872],[130.36973,31.50871],[130.36952,31.50865],[130.36945,31.50864],[130.3694,31.50864],[130.36938,31.50868],[130.36937,31.50877],[130.36935,31.50884],[130.36931,31.50889],[130.36918,31.50898],[130.36891,31.50908],[130.3685,31.50918],[130.36836,31.50918],[130.36821,31.50913],[130.36806,31.50903],[130.36768,31.50879],[130.36755,31.50877],[130.36744,31.50877],[130.36734,31.5088],[130.36726,31.50887],[130.36699,31.50911],[130.36682,31.50923],[130.36654,31.50935],[130.36642,31.50942],[130.36593,31.50981],[130.36545,31.51013],[130.36529,31.51021],[130.36513,31.51025],[130.36485,31.51029],[130.36474,31.5103],[130.36471,31.51041],[130.36471,31.51056],[130.36474,31.51067],[130.3648,31.51081],[130.36486,31.51078],[130.36505,31.51113],[130.36516,31.51129],[130.36532,31.51142],[130.36544,31.51157],[130.36546,31.51166],[130.36547,31.51176],[130.36546,31.51193],[130.36545,31.51203],[130.36547,31.51211],[130.36554,31.51226],[130.36558,31.51242],[130.36557,31.51253],[130.36553,31.51264],[130.36546,31.51272],[130.36525,31.51287],[130.36521,31.51293],[130.36519,31.51299],[130.36518,31.51305],[130.3652,31.51315],[130.36536,31.51352],[130.36541,31.51361],[130.36548,31.51367],[130.36561,31.51374],[130.36628,31.51423],[130.36632,31.5143],[130.36634,31.51441],[130.36637,31.51446],[130.36644,31.51456],[130.36726,31.51526],[130.36755,31.51551],[130.36763,31.51558],[130.36777,31.51568],[130.36789,31.51571],[130.36793,31.51572],[130.36822,31.51577],[130.36837,31.51583],[130.36844,31.51592],[130.36846,31.51603],[130.36848,31.51615],[130.36861,31.51716],[130.36866,31.51724],[130.36878,31.51734],[130.36937,31.51769],[130.36949,31.51773],[130.36977,31.51775],[130.3702,31.51779],[130.37209,31.51794],[130.37251,31.51802],[130.37268,31.51805],[130.37274,31.51804],[130.3728,31.518],[130.37285,31.51794],[130.37292,31.51783],[130.37299,31.51764],[130.37301,31.51755],[130.37304,31.51731],[130.37308,31.51722],[130.37315,31.51716],[130.37333,31.51709],[130.37376,31.51702],[130.37429,31.51699],[130.3745,31.51702],[130.37463,31.51706],[130.37488,31.51721],[130.37498,31.51723],[130.37515,31.51723],[130.37595,31.51704],[130.3761,31.51702],[130.37632,31.51702],[130.37647,31.51707],[130.37654,31.51711],[130.37659,31.51719],[130.37662,31.51727],[130.37662,31.51755],[130.37665,31.51785],[130.37667,31.51796],[130.37672,31.51804],[130.37701,31.51826],[130.37763,31.51849],[130.37789,31.51856],[130.37808,31.51866],[130.37836,31.51883],[130.37865,31.51912],[130.37892,31.51942],[130.37901,31.51948],[130.37913,31.51951],[130.37954,31.51956],[130.37967,31.51956],[130.37996,31.51947],[130.38011,31.51945],[130.38019,31.51946],[130.38028,31.51951],[130.38046,31.51975],[130.38053,31.51978],[130.38092,31.51995],[130.38103,31.52006],[130.38113,31.52028],[130.38124,31.52041],[130.38129,31.52053],[130.38129,31.52062],[130.38126,31.52073],[130.38118,31.52092],[130.38116,31.52102],[130.38118,31.52115],[130.38124,31.52124],[130.38133,31.52132],[130.3815,31.52142],[130.38164,31.52154],[130.38169,31.52162],[130.38177,31.52176],[130.38257,31.52184],[130.38697,31.52355],[130.38711,31.52361],[130.38726,31.52376],[130.38937,31.52724],[130.3929,31.53275],[130.39369,31.53389],[130.39405,31.53429],[130.39447,31.53459],[130.39547,31.53507],[130.39647,31.53565],[130.39693,31.53594],[130.39751,31.53654],[130.39794,31.53713],[130.39814,31.53747],[130.39825,31.53789],[130.39823,31.53932],[130.39752,31.54351],[130.39751,31.54369],[130.39754,31.54378],[130.39764,31.54387],[130.39796,31.54371],[130.39853,31.5435],[130.4005,31.5431],[130.41041,31.54103],[130.41141,31.54084],[130.41379,31.54038],[130.41466,31.54016],[130.41662,31.53946],[130.41849,31.53867],[130.41963,31.53817]]]}},{"type":"Feature","properties":{"name":"吹上町湯之浦","setai":486,"jinko":1268,"key":"462160420","units":1},"geometry":{"type":"Polygon","coordinates":[[[130.42146,31.51747],[130.42292,31.51721],[130.42422,31.51691],[130.42548,31.51654],[130.42586,31.51625],[130.42618,31.51595],[130.42662,31.51534],[130.42712,31.51445],[130.42747,31.51372],[130.42774,31.51298],[130.42786,31.51246],[130.42786,31.51183],[130.42775,31.51071],[130.42776,31.50935],[130.42781,31.50902],[130.42793,31.50878],[130.42824,31.50851],[130.42866,31.50827],[130.42916,31.5081],[130.42953,31.50806],[130.43,31.5081],[130.43076,31.50834],[130.43146,31.50859],[130.43227,31.50896],[130.43293,31.50934],[130.43383,31.51015],[130.43501,31.51165],[130.43621,31.5135],[130.43664,31.51408],[130.43702,31.51441],[130.43749,31.5147],[130.43807,31.51499],[130.43946,31.51566],[130.44225,31.51673],[130.4433,31.51708],[130.44406,31.51717],[130.44463,31.51722],[130.44589,31.51724],[130.44645,31.51731],[130.44881,31.51794],[130.44888,31.51792],[130.44926,31.51776],[130.44957,31.51763],[130.44972,31.51755],[130.44975,31.51744],[130.44973,31.5173],[130.4497,31.51722],[130.44962,31.51708],[130.44934,31.51681],[130.44879,31.51626],[130.44813,31.51563],[130.4479,31.51538],[130.44767,31.51512],[130.44758,31.51506],[130.44741,31.51499],[130.44725,31.51494],[130.44714,31.5149],[130.44701,31.51481],[130.44697,31.51467],[130.44693,31.51451],[130.44691,31.51425],[130.44687,31.51396],[130.44683,31.51373],[130.44678,31.51345],[130.44668,31.5132],[130.44656,31.513],[130.44648,31.51277],[130.44649,31.5126],[130.44652,31.51247],[130.44667,31.51228],[130.4469,31.512],[130.44707,31.51183],[130.4472,31.51175],[130.44735,31.5117],[130.44764,31.51161],[130.44795,31.51145],[130.44815,31.51134],[130.44829,31.51122],[130.44839,31.51109],[130.44847,31.51084],[130.44852,31.51034],[130.44857,31.51009],[130.4486,31.50984],[130.4486,31.50974],[130.44853,31.5096],[130.44845,31.50944],[130.44836,31.50928],[130.44826,31.50904],[130.44794,31.50865],[130.44761,31.50803],[130.4475,31.5078],[130.44744,31.50776],[130.44727,31.50772],[130.44698,31.5077],[130.44677,31.50766],[130.44651,31.50753],[130.44627,31.50733],[130.44595,31.50708],[130.44559,31.50687],[130.44494,31.50651],[130.44459,31.50628],[130.44432,31.50607],[130.44402,31.50583],[130.4438,31.50562],[130.4436,31.50536],[130.44346,31.50524],[130.44322,31.50512],[130.44301,31.50491],[130.44279,31.50461],[130.44267,31.50435],[130.44256,31.5042],[130.44239,31.50409],[130.44213,31.50398],[130.44187,31.50385],[130.44172,31.50369],[130.4416,31.50347],[130.44167,31.50337],[130.44179,31.50327],[130.44181,31.50319],[130.44161,31.50292],[130.4413,31.50261],[130.44109,31.50244],[130.44099,31.50238],[130.44077,31.5024],[130.44054,31.50239],[130.44035,31.50231],[130.44018,31.50222],[130.44001,31.50208],[130.4397,31.50179],[130.43944,31.5016],[130.43919,31.50147],[130.43885,31.50124],[130.43856,31.50104],[130.43843,31.50087],[130.43834,31.50069],[130.43823,31.50055],[130.43801,31.50043],[130.43769,31.50024],[130.43743,31.50005],[130.43733,31.49984],[130.43731,31.49952],[130.43727,31.49916],[130.43725,31.49862],[130.43717,31.49844],[130.43703,31.49832],[130.43693,31.49831],[130.43675,31.49855],[130.43658,31.49864],[130.4363,31.49863],[130.43607,31.49849],[130.43581,31.49833],[130.43559,31.49824],[130.43532,31.49814],[130.43518,31.49805],[130.43507,31.49792],[130.43492,31.49773],[130.43469,31.49754],[130.43453,31.49742],[130.43441,31.49734],[130.4342,31.49723],[130.43398,31.49718],[130.43377,31.49714],[130.43347,31.49712],[130.43344,31.49712],[130.43329,31.49712],[130.43313,31.49707],[130.433,31.49698],[130.43289,31.49684],[130.43288,31.49671],[130.43293,31.4965],[130.43303,31.49633],[130.4332,31.49617],[130.43337,31.49604],[130.43345,31.4959],[130.43348,31.49569],[130.43352,31.49552],[130.43364,31.49502],[130.43373,31.49487],[130.43381,31.49478],[130.43398,31.49465],[130.434,31.49451],[130.43396,31.49439],[130.43385,31.49431],[130.43369,31.49425],[130.43354,31.49416],[130.43347,31.49406],[130.43344,31.49389],[130.43349,31.49371],[130.43358,31.49361],[130.43371,31.49359],[130.43398,31.49359],[130.43412,31.49357],[130.43446,31.49349],[130.4347,31.49346],[130.43487,31.49342],[130.43492,31.49331],[130.43494,31.49319],[130.43491,31.49292],[130.43489,31.49274],[130.43463,31.49251],[130.43384,31.49189],[130.43103,31.49444],[130.43051,31.4949],[130.43024,31.49507],[130.42993,31.49519],[130.42956,31.49529],[130.42912,31.49536],[130.4288,31.49537],[130.42744,31.49543],[130.4271,31.49546],[130.42688,31.49553],[130.42473,31.49679],[130.42417,31.49701],[130.42344,31.49728],[130.42289,31.49746],[130.42249,31.49687],[130.42234,31.49669],[130.42144,31.49581],[130.42141,31.49591],[130.42129,31.49608],[130.42098,31.49641],[130.42084,31.49651],[130.42075,31.49656],[130.42057,31.4966],[130.42042,31.4966],[130.41992,31.49658],[130.41967,31.49658],[130.41921,31.49662],[130.41891,31.49667],[130.41838,31.4968],[130.41822,31.49682],[130.41777,31.49682],[130.41755,31.49685],[130.41742,31.4969],[130.41733,31.49699],[130.41721,31.49723],[130.41717,31.49731],[130.41713,31.49736],[130.41706,31.49738],[130.41693,31.4974],[130.41676,31.49744],[130.41661,31.49753],[130.41629,31.49783],[130.41625,31.49812],[130.41623,31.49823],[130.41606,31.49885],[130.41596,31.49924],[130.41587,31.49955],[130.41575,31.49978],[130.41642,31.49996],[130.41628,31.50009],[130.41612,31.50014],[130.41573,31.50016],[130.41524,31.50025],[130.41474,31.50039],[130.41455,31.50047],[130.41436,31.50068],[130.4143,31.50072],[130.41422,31.50073],[130.4138,31.50084],[130.41363,31.50093],[130.41349,31.50106],[130.41341,31.50113],[130.41337,31.50129],[130.4133,31.50141],[130.41318,31.50147],[130.41265,31.50158],[130.41166,31.50176],[130.41099,31.50183],[130.41077,31.50186],[130.41066,31.50189],[130.41057,31.50194],[130.40399,31.50194],[130.40251,31.50202],[130.39081,31.50271],[130.38809,31.50164],[130.38714,31.5013],[130.3862,31.50104],[130.38536,31.50089],[130.38427,31.50079],[130.38295,31.50071],[130.38112,31.50063],[130.38053,31.50029],[130.3799,31.50023],[130.37432,31.49972],[130.37411,31.49964],[130.37351,31.49931],[130.36904,31.49655],[130.36701,31.49549],[130.36484,31.4943],[130.36448,31.49435],[130.36414,31.49442],[130.36392,31.49451],[130.36369,31.49465],[130.36348,31.49484],[130.36337,31.49506],[130.36333,31.49527],[130.36335,31.49581],[130.36337,31.49638],[130.36317,31.49659],[130.36296,31.49673],[130.3627,31.49678],[130.36238,31.4968],[130.36157,31.49671],[130.36078,31.49654],[130.35995,31.49631],[130.3595,31.49615],[130.35917,31.49599],[130.35897,31.49582],[130.35851,31.49518],[130.35846,31.49552],[130.35838,31.49587],[130.3583,31.49625],[130.35817,31.49657],[130.35799,31.49676],[130.35768,31.4969],[130.35702,31.4971],[130.35671,31.49723],[130.35646,31.49754],[130.35513,31.49961],[130.35457,31.49986],[130.35433,31.49997],[130.3541,31.5001],[130.35404,31.50015],[130.35367,31.49994],[130.3536,31.49994],[130.35348,31.49994],[130.35318,31.50004],[130.35281,31.50022],[130.35247,31.50046],[130.3522,31.50073],[130.3521,31.50089],[130.35207,31.50096],[130.3521,31.50099],[130.35221,31.5011],[130.35227,31.50117],[130.35231,31.50123],[130.35239,31.5013],[130.35247,31.50135],[130.35252,31.50137],[130.35256,31.50142],[130.35262,31.50154],[130.35265,31.5016],[130.35269,31.50164],[130.35272,31.50166],[130.35274,31.50168],[130.35301,31.50178],[130.35317,31.50185],[130.35347,31.50203],[130.35366,31.50212],[130.35373,31.50214],[130.35375,31.50306],[130.35376,31.50349],[130.35376,31.50352],[130.35373,31.50354],[130.35325,31.50374],[130.35321,31.50375],[130.35319,31.50378],[130.35318,31.50381],[130.35317,31.50385],[130.35317,31.50391],[130.35319,31.50399],[130.35344,31.5047],[130.35391,31.5058],[130.35392,31.50599],[130.3539,31.50609],[130.35384,31.50614],[130.35373,31.50617],[130.35339,31.50612],[130.3534,31.50614],[130.35343,31.50625],[130.35343,31.50638],[130.3534,31.50659],[130.35336,31.50684],[130.35338,31.50691],[130.35343,31.50697],[130.35353,31.50701],[130.3536,31.50702],[130.35396,31.50702],[130.35408,31.50704],[130.35416,31.50709],[130.35423,31.50716],[130.35429,31.50723],[130.35447,31.50762],[130.3546,31.50779],[130.35476,31.50803],[130.35507,31.50841],[130.3555,31.50894],[130.35582,31.50928],[130.35597,31.50942],[130.35613,31.50951],[130.35629,31.50957],[130.35639,31.5096],[130.35651,31.50959],[130.35691,31.50954],[130.35725,31.50952],[130.35748,31.50953],[130.35769,31.50956],[130.35796,31.5096],[130.35826,31.50967],[130.35843,31.50973],[130.35862,31.5098],[130.35888,31.50994],[130.35895,31.50999],[130.35917,31.51013],[130.35931,31.51026],[130.35943,31.51033],[130.3596,31.51041],[130.35995,31.51055],[130.36055,31.51081],[130.36071,31.51086],[130.36081,31.51086],[130.36088,31.51085],[130.36102,31.51081],[130.36171,31.5105],[130.36196,31.51039],[130.36219,31.51031],[130.36242,31.51025],[130.3629,31.51012],[130.36307,31.51006],[130.36321,31.50999],[130.36332,31.50994],[130.36346,31.50985],[130.36352,31.50981],[130.36369,31.5097],[130.3638,31.50963],[130.36387,31.5096],[130.36398,31.50956],[130.36407,31.50955],[130.36417,31.50956],[130.36428,31.50959],[130.36438,31.50962],[130.36443,31.50966],[130.36454,31.50977],[130.36459,31.50989],[130.36461,31.51002],[130.36458,31.51017],[130.36451,31.51032],[130.36444,31.51046],[130.36441,31.51052],[130.36436,31.51066],[130.36436,31.51075],[130.36439,31.51083],[130.36444,31.51088],[130.36452,31.5109],[130.3646,31.51089],[130.36469,31.51086],[130.3648,31.51081],[130.36474,31.51067],[130.36471,31.51056],[130.36471,31.51041],[130.36474,31.5103],[130.36485,31.51029],[130.36513,31.51025],[130.36529,31.51021],[130.36545,31.51013],[130.36593,31.50981],[130.36642,31.50942],[130.36654,31.50935],[130.36682,31.50923],[130.36699,31.50911],[130.36726,31.50887],[130.36734,31.5088],[130.36744,31.50877],[130.36755,31.50877],[130.36768,31.50879],[130.36806,31.50903],[130.36821,31.50913],[130.36836,31.50918],[130.3685,31.50918],[130.36891,31.50908],[130.36918,31.50898],[130.36931,31.50889],[130.36935,31.50884],[130.36937,31.50877],[130.36938,31.50868],[130.3694,31.50864],[130.36945,31.50864],[130.36952,31.50865],[130.36973,31.50871],[130.36987,31.50872],[130.36997,31.50871],[130.37004,31.50867],[130.37017,31.50856],[130.3702,31.50853],[130.37025,31.50851],[130.3703,31.50851],[130.37047,31.50859],[130.37061,31.50866],[130.37073,31.50869],[130.3709,31.50871],[130.37146,31.5087],[130.37155,31.5087],[130.37167,31.50873],[130.37185,31.50881],[130.37269,31.50922],[130.37284,31.50926],[130.37301,31.50931],[130.37375,31.50961],[130.37393,31.50968],[130.37461,31.50985],[130.3793,31.51083],[130.38367,31.5119],[130.38486,31.51226],[130.38599,31.51271],[130.38681,31.51307],[130.38756,31.51354],[130.38793,31.5138],[130.38889,31.5147],[130.39014,31.51595],[130.39034,31.51615],[130.39091,31.51656],[130.39144,31.51673],[130.3921,31.51675],[130.39395,31.5166],[130.39459,31.51648],[130.39559,31.51619],[130.396,31.51613],[130.40051,31.51614],[130.40394,31.51619],[130.40434,31.51622],[130.40518,31.51626],[130.40616,31.51638],[130.40815,31.51681],[130.40867,31.51692],[130.4105,31.51731],[130.41086,31.51735],[130.41164,31.51739],[130.41275,31.51735],[130.41312,31.51734],[130.4134,31.51737],[130.41363,31.51742],[130.41469,31.51771],[130.41496,31.51778],[130.41539,31.51786],[130.41605,31.51794],[130.41674,31.51792],[130.4182,31.51785],[130.41932,31.51776],[130.42146,31.51747]]]}},{"type":"Feature","properties":{"name":"吹上町和田","setai":171,"jinko":490,"key":"462160430","units":1},"geometry":{"type":"Polygon","coordinates":[[[130.41967,31.49658],[130.41992,31.49658],[130.42042,31.4966],[130.42057,31.4966],[130.42075,31.49656],[130.42084,31.49651],[130.42098,31.49641],[130.42129,31.49608],[130.42141,31.49591],[130.42144,31.49581],[130.42234,31.49669],[130.42249,31.49687],[130.42289,31.49746],[130.42344,31.49728],[130.42417,31.49701],[130.42473,31.49679],[130.42688,31.49553],[130.4271,31.49546],[130.42744,31.49543],[130.4288,31.49537],[130.42912,31.49536],[130.42956,31.49529],[130.42993,31.49519],[130.43024,31.49507],[130.43051,31.4949],[130.43103,31.49444],[130.43384,31.49189],[130.43364,31.49174],[130.43347,31.49152],[130.43343,31.49146],[130.43343,31.49134],[130.43341,31.49123],[130.43326,31.49096],[130.43325,31.49078],[130.43326,31.49068],[130.4332,31.49063],[130.43304,31.49054],[130.43289,31.4905],[130.43282,31.49051],[130.43265,31.49066],[130.43257,31.49069],[130.43249,31.4907],[130.43225,31.4907],[130.4318,31.49081],[130.43153,31.49083],[130.43125,31.49087],[130.43101,31.49091],[130.43078,31.49089],[130.43053,31.49085],[130.43045,31.49086],[130.43018,31.49105],[130.43001,31.49113],[130.42969,31.49119],[130.42951,31.49118],[130.42941,31.49112],[130.42935,31.49103],[130.42932,31.49092],[130.42927,31.49072],[130.42919,31.49062],[130.4291,31.49056],[130.42893,31.49051],[130.42872,31.49045],[130.42817,31.49041],[130.42784,31.49036],[130.42769,31.49034],[130.42739,31.49039],[130.42691,31.49047],[130.42673,31.49048],[130.42653,31.49043],[130.42611,31.49015],[130.42594,31.49009],[130.42562,31.49009],[130.42499,31.49013],[130.42478,31.49016],[130.42464,31.49022],[130.42436,31.49037],[130.42424,31.49042],[130.42415,31.49044],[130.42404,31.49044],[130.42377,31.49033],[130.42367,31.4903],[130.42359,31.4903],[130.42348,31.49036],[130.42341,31.49036],[130.42334,31.49035],[130.42325,31.4903],[130.42319,31.49024],[130.42304,31.48999],[130.42292,31.48985],[130.42279,31.48976],[130.42262,31.48968],[130.42198,31.48952],[130.42172,31.4894],[130.42145,31.48926],[130.42114,31.48906],[130.42078,31.48874],[130.42062,31.4887],[130.42044,31.48873],[130.42022,31.48881],[130.42008,31.48891],[130.41999,31.48903],[130.41984,31.4893],[130.41975,31.48937],[130.41965,31.48941],[130.41942,31.48948],[130.41913,31.48949],[130.41878,31.48945],[130.41865,31.48938],[130.41822,31.48896],[130.41806,31.48885],[130.41796,31.48882],[130.41784,31.4888],[130.41735,31.48892],[130.41719,31.48894],[130.41702,31.48893],[130.41682,31.48887],[130.41641,31.48874],[130.41629,31.4887],[130.41573,31.48858],[130.41553,31.48852],[130.41538,31.48838],[130.4151,31.48791],[130.41493,31.48768],[130.41476,31.48754],[130.4146,31.48745],[130.4143,31.48738],[130.41358,31.48724],[130.41287,31.48715],[130.41229,31.48708],[130.41153,31.48684],[130.41102,31.48666],[130.41084,31.48658],[130.41066,31.48647],[130.41028,31.48611],[130.40967,31.48542],[130.40934,31.48507],[130.40919,31.48488],[130.40912,31.48472],[130.40909,31.48451],[130.40911,31.4841],[130.4091,31.4839],[130.40906,31.48374],[130.40898,31.48355],[130.40889,31.48341],[130.40857,31.48321],[130.40818,31.48299],[130.40789,31.48275],[130.40721,31.48213],[130.40703,31.48201],[130.40674,31.48196],[130.4056,31.48189],[130.40532,31.48188],[130.40514,31.48182],[130.40498,31.48167],[130.40456,31.48105],[130.40445,31.48094],[130.40436,31.48092],[130.40426,31.48092],[130.40416,31.48093],[130.40344,31.48122],[130.40324,31.48125],[130.40296,31.48124],[130.40272,31.48124],[130.4025,31.48124],[130.4024,31.48122],[130.4023,31.48115],[130.40222,31.48104],[130.40214,31.48086],[130.40204,31.48027],[130.40195,31.48009],[130.40181,31.47996],[130.40105,31.47945],[130.40085,31.47926],[130.4005,31.47909],[130.39988,31.47879],[130.39952,31.47862],[130.39927,31.47846],[130.39912,31.47836],[130.39903,31.4783],[130.39863,31.4782],[130.39834,31.47809],[130.39823,31.47805],[130.39781,31.47792],[130.3976,31.47776],[130.39749,31.4777],[130.39741,31.47768],[130.39698,31.4777],[130.39686,31.4777],[130.39679,31.47766],[130.39669,31.4775],[130.39639,31.47727],[130.39588,31.4769],[130.39564,31.47677],[130.39515,31.47663],[130.39415,31.4765],[130.39387,31.47644],[130.39354,31.47626],[130.39336,31.47622],[130.39325,31.47622],[130.39275,31.47633],[130.39262,31.47633],[130.39246,31.47631],[130.39215,31.47618],[130.39019,31.47559],[130.38997,31.47563],[130.3899,31.47567],[130.38963,31.476],[130.38953,31.47609],[130.38942,31.47614],[130.38933,31.47614],[130.38925,31.47612],[130.38916,31.47605],[130.38908,31.47591],[130.38897,31.47564],[130.38891,31.47554],[130.38884,31.47548],[130.38877,31.47548],[130.3887,31.47549],[130.38861,31.47554],[130.38835,31.47599],[130.38829,31.47609],[130.38817,31.47613],[130.38808,31.47613],[130.38797,31.47609],[130.38697,31.47535],[130.38658,31.47513],[130.38621,31.475],[130.38578,31.47489],[130.38557,31.47484],[130.38546,31.47484],[130.38539,31.47491],[130.38539,31.47498],[130.38543,31.47559],[130.38542,31.47594],[130.38535,31.47615],[130.38523,31.47638],[130.38503,31.47649],[130.3848,31.47655],[130.38438,31.47663],[130.38387,31.47668],[130.38324,31.47691],[130.38272,31.47709],[130.38218,31.47726],[130.38107,31.47665],[130.38046,31.47634],[130.37985,31.47613],[130.37914,31.47599],[130.37855,31.47585],[130.37822,31.47572],[130.37807,31.47569],[130.37794,31.47573],[130.37792,31.47574],[130.37766,31.47589],[130.37747,31.47607],[130.37692,31.47656],[130.37677,31.47667],[130.37663,31.47667],[130.37647,31.4766],[130.37593,31.47634],[130.37567,31.47632],[130.37545,31.47642],[130.37401,31.47787],[130.37377,31.47817],[130.37354,31.47833],[130.37318,31.47848],[130.37275,31.47854],[130.36584,31.47886],[130.36559,31.47898],[130.36546,31.4791],[130.36539,31.47917],[130.36532,31.47919],[130.3652,31.4792],[130.36461,31.47921],[130.36372,31.47933],[130.3634,31.47938],[130.36332,31.47938],[130.36257,31.4794],[130.36215,31.47944],[130.3619,31.47947],[130.36169,31.47953],[130.36112,31.47977],[130.36099,31.47979],[130.3609,31.47979],[130.36081,31.47975],[130.3607,31.47968],[130.3605,31.47942],[130.3603,31.47909],[130.36005,31.47884],[130.35995,31.47867],[130.35967,31.47794],[130.35955,31.47775],[130.35943,31.47765],[130.35913,31.47756],[130.35901,31.47748],[130.3589,31.47732],[130.35859,31.47685],[130.35851,31.47675],[130.35836,31.47666],[130.358,31.4765],[130.35779,31.47641],[130.3575,31.47622],[130.35717,31.47586],[130.35662,31.47618],[130.35639,31.47624],[130.35638,31.47625],[130.35593,31.47634],[130.35579,31.47642],[130.3555,31.47665],[130.3553,31.47662],[130.35505,31.47667],[130.35473,31.47679],[130.35463,31.47681],[130.35431,31.47665],[130.35402,31.47668],[130.35374,31.47668],[130.35333,31.47718],[130.35327,31.47722],[130.35295,31.47729],[130.35261,31.47731],[130.35231,31.4774],[130.35206,31.47738],[130.35194,31.47738],[130.35162,31.47749],[130.35123,31.47772],[130.35106,31.47786],[130.35095,31.47804],[130.35094,31.4781],[130.35088,31.47837],[130.3504,31.47872],[130.35036,31.47875],[130.34978,31.47911],[130.34972,31.47957],[130.34969,31.47976],[130.34965,31.47995],[130.34953,31.48021],[130.3493,31.48062],[130.34901,31.48117],[130.34896,31.48096],[130.34886,31.48102],[130.34875,31.48111],[130.34872,31.48122],[130.34868,31.48149],[130.34865,31.48158],[130.34855,31.48172],[130.34841,31.4818],[130.34819,31.4819],[130.34806,31.48198],[130.34715,31.48259],[130.34703,31.48265],[130.34681,31.48257],[130.34671,31.48253],[130.34667,31.48252],[130.34663,31.48252],[130.3466,31.48252],[130.34658,31.48254],[130.34658,31.48256],[130.34659,31.48259],[130.34661,31.48265],[130.34661,31.48266],[130.34674,31.4827],[130.34691,31.48279],[130.34712,31.48296],[130.34739,31.48333],[130.34806,31.48423],[130.34819,31.48433],[130.34841,31.4845],[130.34869,31.48463],[130.34895,31.48469],[130.34915,31.48471],[130.34944,31.48468],[130.34969,31.48462],[130.35031,31.48437],[130.3506,31.48422],[130.35087,31.48457],[130.35161,31.48572],[130.35188,31.48626],[130.35271,31.48723],[130.35276,31.48744],[130.35303,31.48853],[130.35317,31.48952],[130.3533,31.49005],[130.35329,31.49025],[130.3533,31.49033],[130.35334,31.49038],[130.35342,31.49043],[130.35357,31.49046],[130.3542,31.49055],[130.35483,31.49076],[130.3551,31.49083],[130.35531,31.49092],[130.35551,31.49103],[130.35564,31.49118],[130.35578,31.49145],[130.35596,31.49184],[130.35613,31.49232],[130.35647,31.49313],[130.35658,31.49332],[130.35671,31.4934],[130.35699,31.4936],[130.3574,31.49404],[130.35795,31.49456],[130.35831,31.49489],[130.35851,31.49518],[130.35897,31.49582],[130.35917,31.49599],[130.3595,31.49615],[130.35995,31.49631],[130.36078,31.49654],[130.36157,31.49671],[130.36238,31.4968],[130.3627,31.49678],[130.36296,31.49673],[130.36317,31.49659],[130.36337,31.49638],[130.36335,31.49581],[130.36333,31.49527],[130.36337,31.49506],[130.36348,31.49484],[130.36369,31.49465],[130.36392,31.49451],[130.36414,31.49442],[130.36448,31.49435],[130.36484,31.4943],[130.36701,31.49549],[130.36904,31.49655],[130.37351,31.49931],[130.37411,31.49964],[130.37432,31.49972],[130.3799,31.50023],[130.38053,31.50029],[130.38112,31.50063],[130.38295,31.50071],[130.38427,31.50079],[130.38536,31.50089],[130.3862,31.50104],[130.38714,31.5013],[130.38809,31.50164],[130.39081,31.50271],[130.40251,31.50202],[130.40399,31.50194],[130.41057,31.50194],[130.41066,31.50189],[130.41077,31.50186],[130.41099,31.50183],[130.41166,31.50176],[130.41265,31.50158],[130.41318,31.50147],[130.4133,31.50141],[130.41337,31.50129],[130.41341,31.50113],[130.41349,31.50106],[130.41363,31.50093],[130.4138,31.50084],[130.41422,31.50073],[130.4143,31.50072],[130.41436,31.50068],[130.41455,31.50047],[130.41474,31.50039],[130.41524,31.50025],[130.41573,31.50016],[130.41612,31.50014],[130.41628,31.50009],[130.41642,31.49996],[130.41575,31.49978],[130.41587,31.49955],[130.41596,31.49924],[130.41606,31.49885],[130.41623,31.49823],[130.41625,31.49812],[130.41629,31.49783],[130.41661,31.49753],[130.41676,31.49744],[130.41693,31.4974],[130.41706,31.49738],[130.41713,31.49736],[130.41717,31.49731],[130.41721,31.49723],[130.41733,31.49699],[130.41742,31.4969],[130.41755,31.49685],[130.41777,31.49682],[130.41822,31.49682],[130.41838,31.4968],[130.41891,31.49667],[130.41921,31.49662],[130.41967,31.49658]]]}}]}