{"type":"FeatureCollection","features":[{"type":"Feature","properties":{"name":"平町一丁目","setai":221,"jinko":462,"key":"27214001001","units":1},"geometry":{"type":"Polygon","coordinates":[[[135.60192,34.52723],[135.60212,34.52723],[135.60225,34.52725],[135.60238,34.52714],[135.60243,34.52708],[135.60247,34.527],[135.60249,34.52692],[135.60261,34.5269],[135.60264,34.52664],[135.60277,34.52663],[135.60289,34.52661],[135.60305,34.52654],[135.60315,34.52645],[135.60319,34.52636],[135.60326,34.52626],[135.6033,34.52617],[135.60336,34.52608],[135.60342,34.52598],[135.60344,34.52589],[135.60345,34.5258],[135.60346,34.5257],[135.60343,34.52541],[135.60344,34.52513],[135.60344,34.525],[135.60344,34.52472],[135.60344,34.52413],[135.60344,34.5241],[135.60344,34.52375],[135.60338,34.52375],[135.60323,34.52375],[135.6031,34.52373],[135.60301,34.52372],[135.60294,34.52371],[135.60281,34.52368],[135.60267,34.52367],[135.60256,34.52367],[135.60251,34.52368],[135.60243,34.52369],[135.60238,34.5237],[135.60233,34.52371],[135.60215,34.52373],[135.60203,34.52375],[135.60186,34.52376],[135.60173,34.52376],[135.60163,34.52374],[135.60146,34.52369],[135.6013,34.52362],[135.6013,34.52368],[135.60129,34.52376],[135.60127,34.52398],[135.60125,34.52421],[135.60123,34.52445],[135.6012,34.52465],[135.60116,34.52481],[135.60109,34.52497],[135.60102,34.52511],[135.60091,34.52519],[135.60073,34.52521],[135.6006,34.52524],[135.60058,34.52539],[135.60059,34.52549],[135.60065,34.52571],[135.60054,34.52574],[135.6005,34.52582],[135.60048,34.52588],[135.60047,34.52595],[135.60049,34.52601],[135.60049,34.52615],[135.60049,34.52623],[135.60053,34.52627],[135.60059,34.52629],[135.60067,34.52631],[135.60074,34.52635],[135.60078,34.52639],[135.60082,34.52644],[135.60087,34.52649],[135.60095,34.52652],[135.60102,34.52652],[135.60107,34.52653],[135.6011,34.52656],[135.6011,34.52663],[135.60113,34.52671],[135.60117,34.52676],[135.60124,34.52681],[135.60135,34.52687],[135.60146,34.527],[135.6015,34.52729],[135.60172,34.52724],[135.60192,34.52723]]]}},{"type":"Feature","properties":{"name":"平町二丁目","setai":71,"jinko":171,"key":"27214001002","units":1},"geometry":{"type":"Polygon","coordinates":[[[135.60153,34.52968],[135.60172,34.52966],[135.60182,34.52968],[135.60254,34.52955],[135.6026,34.52963],[135.60263,34.52966],[135.60265,34.52968],[135.60269,34.52968],[135.60274,34.52967],[135.60276,34.52966],[135.60283,34.52965],[135.60302,34.52964],[135.60322,34.52964],[135.60339,34.52964],[135.60338,34.52903],[135.60338,34.52865],[135.60337,34.52843],[135.60335,34.52714],[135.60336,34.52701],[135.60331,34.52664],[135.60326,34.52638],[135.60326,34.52626],[135.60319,34.52636],[135.60315,34.52645],[135.60305,34.52654],[135.60289,34.52661],[135.60277,34.52663],[135.60264,34.52664],[135.60261,34.5269],[135.60249,34.52692],[135.60247,34.527],[135.60243,34.52708],[135.60238,34.52714],[135.60225,34.52725],[135.60212,34.52723],[135.60192,34.52723],[135.60172,34.52724],[135.6015,34.52729],[135.60146,34.527],[135.60135,34.52687],[135.60124,34.52681],[135.60117,34.52676],[135.60113,34.52671],[135.6011,34.52663],[135.6011,34.52656],[135.60107,34.52653],[135.60102,34.52652],[135.60095,34.52652],[135.60087,34.52649],[135.60082,34.52644],[135.60078,34.52639],[135.60074,34.52635],[135.60067,34.52631],[135.60059,34.52629],[135.60053,34.52627],[135.60049,34.52623],[135.60049,34.52615],[135.60049,34.52601],[135.60047,34.52595],[135.60048,34.52588],[135.6005,34.52582],[135.60054,34.52574],[135.60018,34.5258],[135.59962,34.52589],[135.59936,34.52594],[135.59944,34.52641],[135.59951,34.52673],[135.59956,34.52677],[135.59964,34.52679],[135.59975,34.52679],[135.59988,34.52677],[135.60002,34.52676],[135.59999,34.52695],[135.59997,34.5271],[135.59993,34.52713],[135.60006,34.52755],[135.59974,34.52749],[135.59973,34.52743],[135.59968,34.52737],[135.59921,34.52725],[135.59915,34.52744],[135.59906,34.52767],[135.59882,34.52772],[135.59864,34.52784],[135.59834,34.52807],[135.59818,34.52817],[135.59796,34.52825],[135.59795,34.52838],[135.5978,34.52837],[135.59767,34.52838],[135.59743,34.52843],[135.59746,34.52856],[135.59775,34.52865],[135.59786,34.52861],[135.59787,34.52875],[135.59786,34.52878],[135.59783,34.52881],[135.59778,34.52884],[135.59775,34.52886],[135.59774,34.52889],[135.59773,34.52893],[135.59787,34.52893],[135.59799,34.52893],[135.59818,34.52892],[135.59821,34.52891],[135.59823,34.52888],[135.59824,34.52886],[135.59825,34.52884],[135.59826,34.5288],[135.59828,34.52876],[135.59832,34.52872],[135.59836,34.5287],[135.59839,34.52869],[135.59842,34.52868],[135.59856,34.52868],[135.59869,34.52868],[135.59914,34.52865],[135.59921,34.52866],[135.59927,34.52868],[135.5993,34.52873],[135.59935,34.52881],[135.59938,34.5289],[135.5994,34.52898],[135.59941,34.52908],[135.59943,34.52914],[135.59946,34.52922],[135.60051,34.52953],[135.60058,34.52955],[135.60078,34.52961],[135.60098,34.52966],[135.60109,34.52968],[135.60122,34.52971],[135.60133,34.5297],[135.60153,34.52968]]]}},{"type":"Feature","properties":{"name":"喜志新家町一丁目","setai":64,"jinko":124,"key":"27214002001","units":1},"geometry":{"type":"Polygon","coordinates":[[[135.60618,34.52778],[135.60626,34.52777],[135.60634,34.52777],[135.6064,34.52779],[135.60649,34.52776],[135.60654,34.52773],[135.60664,34.52772],[135.60674,34.52771],[135.6069,34.5277],[135.60698,34.5277],[135.60712,34.52769],[135.60723,34.52766],[135.60751,34.5277],[135.60788,34.52771],[135.60808,34.52771],[135.60836,34.52774],[135.60821,34.52709],[135.6082,34.52701],[135.60814,34.52673],[135.60792,34.52569],[135.60792,34.52567],[135.60775,34.52569],[135.60734,34.52571],[135.60705,34.52573],[135.60686,34.52574],[135.60641,34.52573],[135.60627,34.52574],[135.60607,34.52574],[135.60582,34.52577],[135.60574,34.52576],[135.60569,34.52575],[135.60562,34.52575],[135.60547,34.52575],[135.60532,34.52574],[135.60526,34.52574],[135.60522,34.52576],[135.60516,34.52576],[135.60502,34.52574],[135.60489,34.52573],[135.60479,34.52574],[135.60454,34.52568],[135.60448,34.52569],[135.60399,34.5257],[135.60365,34.52571],[135.60346,34.5257],[135.60345,34.5258],[135.60344,34.52589],[135.60342,34.52598],[135.60336,34.52608],[135.6033,34.52617],[135.60326,34.52626],[135.60326,34.52638],[135.60331,34.52664],[135.60342,34.52664],[135.60352,34.52664],[135.60358,34.52665],[135.60364,34.52668],[135.60373,34.52669],[135.60392,34.52669],[135.6046,34.52668],[135.60459,34.5269],[135.60458,34.52709],[135.60457,34.52733],[135.60458,34.52755],[135.60458,34.52761],[135.60465,34.52767],[135.60471,34.5277],[135.60479,34.5277],[135.60494,34.52769],[135.60496,34.52778],[135.60495,34.52798],[135.60521,34.52794],[135.60548,34.52791],[135.60574,34.52789],[135.60589,34.52786],[135.60603,34.52782],[135.60611,34.5278],[135.60618,34.52778]]]}},{"type":"Feature","properties":{"name":"喜志新家町二丁目","setai":110,"jinko":231,"key":"27214002002","units":1},"geometry":{"type":"Polygon","coordinates":[[[135.60814,34.52967],[135.60819,34.52965],[135.60826,34.52966],[135.60832,34.52966],[135.60839,34.52966],[135.60851,34.52965],[135.6085,34.52932],[135.60852,34.529],[135.6085,34.52868],[135.60849,34.52852],[135.60836,34.52774],[135.60808,34.52771],[135.60788,34.52771],[135.60751,34.5277],[135.60723,34.52766],[135.60712,34.52769],[135.60698,34.5277],[135.6069,34.5277],[135.60674,34.52771],[135.60664,34.52772],[135.60654,34.52773],[135.60649,34.52776],[135.6064,34.52779],[135.60634,34.52777],[135.60626,34.52777],[135.60618,34.52778],[135.60611,34.5278],[135.60603,34.52782],[135.60589,34.52786],[135.60574,34.52789],[135.60548,34.52791],[135.60521,34.52794],[135.60495,34.52798],[135.60496,34.52778],[135.60494,34.52769],[135.60479,34.5277],[135.60471,34.5277],[135.60465,34.52767],[135.60458,34.52761],[135.60458,34.52755],[135.60457,34.52733],[135.60458,34.52709],[135.60459,34.5269],[135.6046,34.52668],[135.60392,34.52669],[135.60373,34.52669],[135.60364,34.52668],[135.60358,34.52665],[135.60352,34.52664],[135.60342,34.52664],[135.60331,34.52664],[135.60336,34.52701],[135.60335,34.52714],[135.60337,34.52843],[135.60338,34.52865],[135.60338,34.52903],[135.60339,34.52964],[135.6034,34.52964],[135.60352,34.52965],[135.6037,34.52965],[135.60382,34.52965],[135.60402,34.52966],[135.60424,34.52965],[135.60452,34.52965],[135.60475,34.52964],[135.60486,34.52963],[135.60495,34.52962],[135.60499,34.52961],[135.60518,34.52961],[135.60538,34.52962],[135.60552,34.52963],[135.60561,34.52963],[135.60569,34.52963],[135.60583,34.52964],[135.60605,34.52964],[135.60608,34.52964],[135.60622,34.52966],[135.60638,34.52966],[135.60664,34.52965],[135.60695,34.52966],[135.60696,34.52966],[135.60698,34.52966],[135.60715,34.52966],[135.6073,34.52966],[135.6074,34.52966],[135.60749,34.52966],[135.60755,34.52965],[135.60765,34.52966],[135.60776,34.52966],[135.60786,34.52966],[135.60795,34.52968],[135.60803,34.52968],[135.60808,34.52967],[135.60814,34.52967]]]}},{"type":"Feature","properties":{"name":"木戸山町","setai":315,"jinko":720,"key":"272140031","units":1},"geometry":{"type":"Polygon","coordinates":[[[135.61216,34.52608],[135.61221,34.526],[135.61226,34.52601],[135.61233,34.52601],[135.61255,34.52602],[135.6126,34.52602],[135.61274,34.52602],[135.61303,34.52601],[135.61323,34.526],[135.61351,34.52599],[135.61384,34.52597],[135.61412,34.52595],[135.61414,34.52595],[135.61447,34.52592],[135.6147,34.52591],[135.6147,34.52591],[135.61468,34.52568],[135.61464,34.52545],[135.61464,34.52535],[135.61465,34.52514],[135.61464,34.52509],[135.61462,34.525],[135.61456,34.52493],[135.61443,34.52492],[135.61437,34.52491],[135.6143,34.52491],[135.6143,34.5248],[135.6143,34.52463],[135.61427,34.52449],[135.61424,34.5244],[135.61419,34.52428],[135.61416,34.52415],[135.61413,34.52401],[135.61412,34.52397],[135.6141,34.52382],[135.6141,34.52371],[135.61408,34.52366],[135.61401,34.5235],[135.61396,34.52339],[135.61346,34.52347],[135.61324,34.52353],[135.61313,34.52353],[135.61305,34.52356],[135.61298,34.52365],[135.61296,34.52374],[135.61295,34.52379],[135.61293,34.524],[135.61281,34.524],[135.61263,34.524],[135.6125,34.52399],[135.6124,34.52401],[135.61226,34.52406],[135.61211,34.52405],[135.61197,34.52405],[135.61176,34.52403],[135.61152,34.52402],[135.61138,34.52395],[135.61125,34.52383],[135.61119,34.52375],[135.61108,34.52378],[135.61092,34.52384],[135.61081,34.52385],[135.61072,34.52387],[135.61078,34.52421],[135.6108,34.52433],[135.61082,34.52444],[135.61084,34.52455],[135.61085,34.52461],[135.61088,34.52476],[135.61086,34.52487],[135.61087,34.5251],[135.61084,34.52518],[135.61082,34.52523],[135.61081,34.52528],[135.61079,34.52534],[135.61076,34.52548],[135.61074,34.52559],[135.61073,34.52572],[135.61069,34.526],[135.61066,34.52606],[135.61064,34.52615],[135.61063,34.52623],[135.61062,34.52631],[135.61062,34.52639],[135.61062,34.52656],[135.61063,34.52666],[135.6106,34.52676],[135.61082,34.52675],[135.61119,34.52675],[135.61152,34.52674],[135.61156,34.52668],[135.61159,34.52665],[135.61161,34.52662],[135.61167,34.52653],[135.61174,34.5265],[135.61182,34.5264],[135.61195,34.5263],[135.61204,34.52623],[135.61211,34.52616],[135.61216,34.52608]]]}},{"type":"Feature","properties":{"name":"喜志町一丁目","setai":285,"jinko":650,"key":"27214004101","units":1},"geometry":{"type":"Polygon","coordinates":[[[135.61744,34.52598],[135.61735,34.52565],[135.61729,34.52544],[135.61724,34.52529],[135.61719,34.52514],[135.61713,34.52499],[135.61708,34.52487],[135.61691,34.52463],[135.61683,34.52451],[135.61677,34.52441],[135.61669,34.52424],[135.61662,34.5241],[135.61653,34.5239],[135.6165,34.52384],[135.6165,34.52362],[135.61645,34.52304],[135.61642,34.5224],[135.61642,34.52216],[135.61642,34.5219],[135.61643,34.52157],[135.61644,34.5213],[135.61645,34.52109],[135.61648,34.52079],[135.61649,34.52069],[135.61652,34.52045],[135.61658,34.52012],[135.61645,34.52016],[135.61634,34.5202],[135.6162,34.52026],[135.61608,34.52032],[135.61598,34.52037],[135.6159,34.52042],[135.61578,34.52053],[135.61571,34.52069],[135.61566,34.5207],[135.61545,34.52074],[135.61538,34.52058],[135.61533,34.52044],[135.61522,34.52046],[135.61497,34.52047],[135.61496,34.52044],[135.61471,34.52046],[135.61461,34.52045],[135.61441,34.52005],[135.61425,34.52014],[135.61409,34.52023],[135.61399,34.52029],[135.61401,34.52049],[135.61403,34.52068],[135.61405,34.5208],[135.6141,34.52096],[135.61418,34.52113],[135.61424,34.52134],[135.61427,34.52162],[135.61427,34.52178],[135.61422,34.52193],[135.61417,34.52207],[135.61412,34.52217],[135.6141,34.52226],[135.61412,34.52235],[135.61414,34.52243],[135.61416,34.52253],[135.61418,34.52263],[135.61417,34.5227],[135.61414,34.52282],[135.61413,34.52289],[135.6141,34.52302],[135.61408,34.52307],[135.61404,34.52321],[135.61398,34.52332],[135.61396,34.52339],[135.61401,34.5235],[135.61408,34.52366],[135.6141,34.52371],[135.6141,34.52382],[135.61412,34.52397],[135.61413,34.52401],[135.61416,34.52415],[135.61419,34.52428],[135.61424,34.5244],[135.61427,34.52449],[135.6143,34.52463],[135.6143,34.5248],[135.6143,34.52491],[135.61437,34.52491],[135.61443,34.52492],[135.61456,34.52493],[135.61462,34.525],[135.61464,34.52509],[135.61465,34.52514],[135.61464,34.52535],[135.61464,34.52545],[135.61468,34.52568],[135.6147,34.52591],[135.61505,34.52588],[135.61518,34.52587],[135.61531,34.52586],[135.61533,34.52586],[135.61562,34.52583],[135.61583,34.52583],[135.61596,34.52585],[135.61614,34.52588],[135.61625,34.5259],[135.61632,34.52595],[135.61636,34.52598],[135.61649,34.52599],[135.6165,34.52599],[135.61669,34.52601],[135.61721,34.52607],[135.61724,34.52608],[135.61733,34.52609],[135.61737,34.526],[135.61744,34.52598]]]}},{"type":"Feature","properties":{"name":"喜志町二丁目","setai":298,"jinko":585,"key":"27214004102","units":1},"geometry":{"type":"Polygon","coordinates":[[[135.6124,34.52401],[135.6125,34.52399],[135.61263,34.524],[135.61281,34.524],[135.61293,34.524],[135.61295,34.52379],[135.61296,34.52374],[135.61298,34.52365],[135.61305,34.52356],[135.61313,34.52353],[135.61324,34.52353],[135.61346,34.52347],[135.61396,34.52339],[135.61398,34.52332],[135.61404,34.52321],[135.61408,34.52307],[135.6141,34.52302],[135.61413,34.52289],[135.61414,34.52282],[135.61417,34.5227],[135.61418,34.52263],[135.61416,34.52253],[135.61414,34.52243],[135.61412,34.52235],[135.6141,34.52226],[135.61412,34.52217],[135.61417,34.52207],[135.61422,34.52193],[135.61427,34.52178],[135.61427,34.52162],[135.61424,34.52134],[135.61418,34.52113],[135.6141,34.52096],[135.61405,34.5208],[135.61403,34.52068],[135.61401,34.52049],[135.61399,34.52029],[135.61348,34.52058],[135.61305,34.52081],[135.61283,34.52091],[135.61231,34.5212],[135.61217,34.52128],[135.61209,34.52132],[135.61204,34.52136],[135.61193,34.52144],[135.61187,34.5215],[135.61177,34.52161],[135.61078,34.52159],[135.61078,34.52172],[135.61078,34.52186],[135.61073,34.52185],[135.61059,34.52182],[135.61042,34.52179],[135.61033,34.52176],[135.61024,34.52179],[135.61035,34.52229],[135.61039,34.52245],[135.61041,34.52271],[135.61041,34.52281],[135.61041,34.52296],[135.6104,34.52336],[135.6104,34.52354],[135.61047,34.5237],[135.61051,34.52374],[135.61072,34.52387],[135.61081,34.52385],[135.61092,34.52384],[135.61108,34.52378],[135.61119,34.52375],[135.61125,34.52383],[135.61138,34.52395],[135.61152,34.52402],[135.61176,34.52403],[135.61197,34.52405],[135.61211,34.52405],[135.61226,34.52406],[135.6124,34.52401]]]}},{"type":"Feature","properties":{"name":"喜志町三丁目","setai":912,"jinko":1513,"key":"27214004103","units":1},"geometry":{"type":"Polygon","coordinates":[[[135.61022,34.52577],[135.61023,34.52572],[135.61044,34.52572],[135.61073,34.52572],[135.61074,34.52559],[135.61076,34.52548],[135.61079,34.52534],[135.61081,34.52528],[135.61082,34.52523],[135.61084,34.52518],[135.61087,34.5251],[135.61086,34.52487],[135.61088,34.52476],[135.61085,34.52461],[135.61084,34.52455],[135.61082,34.52444],[135.6108,34.52433],[135.61078,34.52421],[135.61072,34.52387],[135.61051,34.52374],[135.61047,34.5237],[135.6104,34.52354],[135.6104,34.52336],[135.61041,34.52296],[135.61041,34.52281],[135.61041,34.52271],[135.61039,34.52245],[135.61035,34.52229],[135.61024,34.52179],[135.61,34.5218],[135.60978,34.52181],[135.60968,34.52181],[135.60946,34.52181],[135.60927,34.5218],[135.60902,34.52179],[135.60864,34.52176],[135.60828,34.52176],[135.60803,34.52176],[135.60783,34.52176],[135.60768,34.52177],[135.60752,34.52177],[135.60742,34.52178],[135.6073,34.52178],[135.60718,34.52177],[135.60706,34.52179],[135.60715,34.52225],[135.60709,34.52228],[135.60704,34.52237],[135.60713,34.52278],[135.60713,34.52307],[135.60713,34.52347],[135.60713,34.5237],[135.60713,34.52375],[135.60749,34.52372],[135.60753,34.52388],[135.60771,34.52471],[135.60792,34.52567],[135.60792,34.52569],[135.60812,34.52568],[135.60825,34.52565],[135.60834,34.52565],[135.60843,34.52566],[135.60855,34.52565],[135.60865,34.52564],[135.60877,34.52565],[135.6089,34.52566],[135.60898,34.52566],[135.60907,34.52567],[135.60914,34.52567],[135.60932,34.52569],[135.60944,34.5257],[135.60954,34.5257],[135.60964,34.52571],[135.60976,34.52572],[135.60989,34.52573],[135.61,34.52575],[135.6101,34.52576],[135.61022,34.52577]]]}},{"type":"Feature","properties":{"name":"喜志町四丁目","setai":123,"jinko":276,"key":"27214004104","units":1},"geometry":{"type":"Polygon","coordinates":[[[135.61059,34.52969],[135.61059,34.52961],[135.61058,34.52953],[135.61058,34.52942],[135.61058,34.52939],[135.61058,34.52928],[135.61058,34.52906],[135.61058,34.52902],[135.61058,34.52891],[135.61058,34.52888],[135.61058,34.52871],[135.61058,34.52861],[135.61058,34.5286],[135.61058,34.52816],[135.61057,34.52802],[135.61057,34.52759],[135.61056,34.52714],[135.61057,34.52697],[135.6106,34.52676],[135.61063,34.52666],[135.61062,34.52656],[135.61062,34.52639],[135.61062,34.52631],[135.61063,34.52623],[135.61064,34.52615],[135.61066,34.52606],[135.61069,34.526],[135.61073,34.52572],[135.61044,34.52572],[135.61023,34.52572],[135.61022,34.52577],[135.6101,34.52576],[135.61,34.52575],[135.60989,34.52573],[135.60976,34.52572],[135.60964,34.52571],[135.60954,34.5257],[135.60944,34.5257],[135.60932,34.52569],[135.60914,34.52567],[135.60907,34.52567],[135.60898,34.52566],[135.6089,34.52566],[135.60877,34.52565],[135.60865,34.52564],[135.60855,34.52565],[135.60843,34.52566],[135.60834,34.52565],[135.60825,34.52565],[135.60812,34.52568],[135.60792,34.52569],[135.60814,34.52673],[135.6082,34.52701],[135.60821,34.52709],[135.60836,34.52774],[135.60849,34.52852],[135.6085,34.52868],[135.60852,34.529],[135.6085,34.52932],[135.60851,34.52965],[135.60852,34.52963],[135.60858,34.52957],[135.60869,34.52956],[135.60883,34.52956],[135.60897,34.52961],[135.60905,34.52963],[135.60912,34.52964],[135.60916,34.52964],[135.60933,34.52967],[135.60952,34.52967],[135.60967,34.52966],[135.60988,34.52964],[135.60988,34.52964],[135.61005,34.52967],[135.61055,34.5297],[135.61059,34.52969]]]}},{"type":"Feature","properties":{"name":"喜志町五丁目","setai":452,"jinko":715,"key":"27214004105","units":1},"geometry":{"type":"Polygon","coordinates":[[[135.60582,34.52577],[135.60607,34.52574],[135.60627,34.52574],[135.60641,34.52573],[135.60686,34.52574],[135.60705,34.52573],[135.60734,34.52571],[135.60775,34.52569],[135.60792,34.52567],[135.60771,34.52471],[135.60753,34.52388],[135.60749,34.52372],[135.60713,34.52375],[135.60699,34.52376],[135.60661,34.52376],[135.60628,34.52376],[135.60599,34.52376],[135.6059,34.52376],[135.60555,34.52375],[135.60506,34.52374],[135.60479,34.52373],[135.60458,34.52373],[135.60411,34.52375],[135.60379,34.52376],[135.60378,34.52376],[135.6037,34.52376],[135.60344,34.52375],[135.60344,34.5241],[135.60344,34.52413],[135.60344,34.52472],[135.60344,34.525],[135.60344,34.52513],[135.60343,34.52541],[135.60346,34.5257],[135.60365,34.52571],[135.60399,34.5257],[135.60448,34.52569],[135.60454,34.52568],[135.60479,34.52574],[135.60489,34.52573],[135.60502,34.52574],[135.60516,34.52576],[135.60522,34.52576],[135.60526,34.52574],[135.60532,34.52574],[135.60547,34.52575],[135.60562,34.52575],[135.60569,34.52575],[135.60574,34.52576],[135.60582,34.52577]]]}},{"type":"Feature","properties":{"name":"大字喜志","setai":24,"jinko":289,"key":"272140042","units":1},"geometry":{"type":"Polygon","coordinates":[[[135.58789,34.52696],[135.58797,34.52686],[135.58802,34.52676],[135.58808,34.52662],[135.58813,34.52647],[135.58817,34.52626],[135.58821,34.52612],[135.58827,34.52592],[135.58834,34.52582],[135.58844,34.52573],[135.58856,34.52565],[135.58868,34.52559],[135.58877,34.52554],[135.58897,34.5255],[135.58912,34.5255],[135.5894,34.52552],[135.58983,34.52555],[135.5903,34.5256],[135.59066,34.52562],[135.59082,34.52563],[135.59095,34.5256],[135.59106,34.52556],[135.5912,34.52548],[135.59131,34.52542],[135.59143,34.52535],[135.5916,34.52526],[135.59167,34.52521],[135.59178,34.52515],[135.59191,34.52508],[135.59209,34.52498],[135.59227,34.52489],[135.59243,34.52483],[135.59264,34.52477],[135.59285,34.52474],[135.59316,34.52471],[135.59344,34.52469],[135.59363,34.52466],[135.59372,34.52465],[135.59377,34.52463],[135.59385,34.5246],[135.59391,34.52456],[135.59398,34.5245],[135.59405,34.52443],[135.59415,34.52431],[135.5943,34.52415],[135.59443,34.524],[135.59451,34.52395],[135.59464,34.52387],[135.59482,34.52379],[135.59496,34.52373],[135.59502,34.52369],[135.59514,34.52371],[135.5952,34.52371],[135.59527,34.52372],[135.59549,34.52375],[135.59572,34.52379],[135.59591,34.52383],[135.59603,34.52383],[135.5961,34.52381],[135.59635,34.52373],[135.59645,34.52369],[135.59666,34.52361],[135.59679,34.52358],[135.59691,34.52355],[135.59705,34.52355],[135.59721,34.52355],[135.59738,34.52356],[135.59754,34.52357],[135.59771,34.52357],[135.59786,34.52356],[135.59794,34.52354],[135.59804,34.5235],[135.59811,34.52346],[135.59821,34.5234],[135.59832,34.52332],[135.59843,34.52322],[135.5986,34.52309],[135.59867,34.52304],[135.59878,34.52302],[135.59891,34.523],[135.59911,34.523],[135.59933,34.52298],[135.59933,34.52331],[135.59926,34.5235],[135.599,34.52401],[135.59833,34.52473],[135.59785,34.52518],[135.5975,34.52521],[135.59732,34.52528],[135.59721,34.52536],[135.59712,34.52539],[135.59691,34.52545],[135.59702,34.52574],[135.59831,34.52577],[135.59872,34.52578],[135.59881,34.52575],[135.59888,34.52567],[135.59892,34.52566],[135.59902,34.52566],[135.59925,34.52568],[135.59939,34.52571],[135.59959,34.52573],[135.59982,34.52568],[135.6002,34.52564],[135.60018,34.52553],[135.60029,34.52551],[135.60031,34.52541],[135.60033,34.52525],[135.60035,34.52515],[135.60039,34.52506],[135.60044,34.52499],[135.60054,34.52502],[135.6008,34.52475],[135.60067,34.52447],[135.60071,34.52433],[135.60075,34.52413],[135.60077,34.52405],[135.60079,34.52396],[135.60077,34.52386],[135.60071,34.52375],[135.6006,34.52366],[135.60049,34.52359],[135.60037,34.52355],[135.6003,34.52352],[135.60042,34.52323],[135.60059,34.52328],[135.60067,34.52331],[135.60079,34.52335],[135.60092,34.52342],[135.60093,34.52342],[135.60093,34.52342],[135.60103,34.52346],[135.60113,34.52352],[135.60124,34.52358],[135.60125,34.52359],[135.6013,34.52362],[135.60146,34.52369],[135.60163,34.52374],[135.60173,34.52376],[135.60186,34.52376],[135.60203,34.52375],[135.60215,34.52373],[135.60233,34.52371],[135.60238,34.5237],[135.60243,34.52369],[135.60251,34.52368],[135.60244,34.52358],[135.60236,34.52356],[135.60229,34.52352],[135.60223,34.52348],[135.60219,34.52342],[135.60216,34.52334],[135.6021,34.52328],[135.60203,34.52323],[135.60189,34.52318],[135.60184,34.52313],[135.60179,34.52306],[135.60176,34.52297],[135.60169,34.52287],[135.60166,34.52276],[135.60166,34.52275],[135.60162,34.52263],[135.60154,34.52254],[135.60143,34.52244],[135.60134,34.52236],[135.6012,34.52223],[135.60111,34.5221],[135.60104,34.522],[135.60096,34.52192],[135.60086,34.52183],[135.60075,34.52168],[135.60072,34.52158],[135.60069,34.52151],[135.60056,34.52136],[135.60046,34.52128],[135.60033,34.5212],[135.60023,34.52115],[135.60017,34.52111],[135.60011,34.52108],[135.60001,34.52105],[135.59989,34.52102],[135.5998,34.52097],[135.59973,34.52096],[135.59963,34.52095],[135.59946,34.52089],[135.59934,34.5208],[135.59923,34.5207],[135.59914,34.5206],[135.59905,34.5205],[135.59903,34.52045],[135.59901,34.52039],[135.59901,34.52032],[135.59901,34.52021],[135.599,34.52016],[135.599,34.52016],[135.59899,34.52014],[135.59894,34.52011],[135.59887,34.52008],[135.59884,34.52005],[135.59882,34.52001],[135.5988,34.51997],[135.59875,34.51995],[135.59863,34.51994],[135.59861,34.5199],[135.5986,34.51979],[135.5986,34.51971],[135.59861,34.51964],[135.5986,34.51954],[135.5986,34.51943],[135.5986,34.51932],[135.59858,34.51927],[135.59853,34.51919],[135.59848,34.51916],[135.59845,34.51911],[135.59842,34.51908],[135.59839,34.51903],[135.59839,34.51894],[135.59839,34.51892],[135.5984,34.51886],[135.59843,34.51882],[135.59848,34.5188],[135.59854,34.5188],[135.5986,34.51881],[135.59868,34.51883],[135.59876,34.51885],[135.59886,34.51888],[135.59891,34.51887],[135.59895,34.51884],[135.59898,34.51878],[135.59902,34.51872],[135.59907,34.51867],[135.59909,34.51864],[135.59909,34.51863],[135.59909,34.51862],[135.59909,34.51862],[135.59905,34.51857],[135.59901,34.51857],[135.59895,34.51857],[135.59893,34.51857],[135.59888,34.51858],[135.5988,34.51859],[135.59876,34.51859],[135.59874,34.51857],[135.59873,34.51857],[135.59873,34.51856],[135.59872,34.51855],[135.59872,34.51851],[135.59874,34.51847],[135.59877,34.5184],[135.59877,34.51836],[135.59877,34.51836],[135.59875,34.5183],[135.59871,34.51826],[135.59869,34.51825],[135.59865,34.51827],[135.59863,34.51829],[135.59863,34.5183],[135.5986,34.51834],[135.59856,34.51836],[135.59855,34.51835],[135.59854,34.51836],[135.59852,34.51835],[135.59848,34.51831],[135.59845,34.51827],[135.5984,34.51826],[135.59835,34.51826],[135.59832,34.51829],[135.59831,34.51829],[135.5983,34.51832],[135.59829,34.51839],[135.59828,34.51845],[135.59828,34.51845],[135.59827,34.51847],[135.59825,34.51852],[135.59823,34.51857],[135.59819,34.51863],[135.59811,34.51866],[135.59806,34.51869],[135.59799,34.51866],[135.59799,34.51866],[135.59796,34.51864],[135.59795,34.5186],[135.59796,34.51855],[135.59796,34.5185],[135.59793,34.51846],[135.59788,34.51841],[135.59782,34.51838],[135.59774,34.51832],[135.59771,34.51828],[135.59767,34.51821],[135.59763,34.51814],[135.5976,34.51809],[135.59756,34.51806],[135.59752,34.51805],[135.59751,34.51804],[135.59746,34.51802],[135.59745,34.518],[135.59743,34.51795],[135.5974,34.51793],[135.59735,34.51792],[135.59731,34.51788],[135.5973,34.51785],[135.59728,34.51781],[135.59727,34.51776],[135.59729,34.51771],[135.59728,34.51765],[135.59728,34.51763],[135.59727,34.5176],[135.59727,34.51752],[135.59727,34.5175],[135.59726,34.51743],[135.59685,34.51745],[135.59685,34.51752],[135.59683,34.51762],[135.59673,34.51768],[135.59664,34.51775],[135.59652,34.51783],[135.59645,34.51788],[135.59638,34.51798],[135.59634,34.51803],[135.59617,34.51806],[135.59604,34.51801],[135.5959,34.51795],[135.59557,34.51797],[135.59541,34.51802],[135.59488,34.51813],[135.59458,34.51817],[135.5942,34.51813],[135.59364,34.5181],[135.59283,34.51804],[135.59214,34.518],[135.59169,34.518],[135.59137,34.51801],[135.5911,34.51804],[135.59081,34.51808],[135.59059,34.5181],[135.59036,34.51804],[135.59011,34.518],[135.59003,34.51806],[135.58995,34.51812],[135.58985,34.5182],[135.58964,34.51819],[135.58946,34.51818],[135.58926,34.51818],[135.5892,34.51818],[135.58897,34.51819],[135.58869,34.51819],[135.58854,34.51818],[135.58828,34.51812],[135.58806,34.51807],[135.5879,34.51803],[135.58769,34.51806],[135.58751,34.5181],[135.58725,34.51823],[135.58686,34.5185],[135.58657,34.51869],[135.58635,34.51883],[135.58608,34.51903],[135.58579,34.51929],[135.58576,34.51934],[135.5857,34.51948],[135.58562,34.51964],[135.58553,34.51982],[135.58548,34.51998],[135.58549,34.5201],[135.58549,34.52012],[135.5855,34.52029],[135.58547,34.52047],[135.58548,34.52067],[135.58547,34.52094],[135.58552,34.5212],[135.58557,34.52143],[135.5856,34.52155],[135.58562,34.52169],[135.5856,34.52175],[135.58548,34.52179],[135.58519,34.52191],[135.58499,34.52199],[135.58485,34.5221],[135.58469,34.52227],[135.5845,34.52248],[135.58438,34.52263],[135.58433,34.52268],[135.58431,34.52271],[135.58417,34.52293],[135.58404,34.52319],[135.58401,34.52332],[135.58401,34.52343],[135.58404,34.52347],[135.58415,34.5236],[135.58433,34.52378],[135.58437,34.52382],[135.58443,34.52387],[135.58463,34.52406],[135.5848,34.52425],[135.58482,34.52435],[135.58481,34.5245],[135.58477,34.52472],[135.5847,34.52493],[135.58458,34.52495],[135.5846,34.52502],[135.58465,34.52517],[135.5847,34.52532],[135.58476,34.52552],[135.58488,34.52587],[135.58477,34.52595],[135.58467,34.52604],[135.58469,34.52617],[135.58466,34.52632],[135.58457,34.52647],[135.58446,34.5266],[135.58445,34.52664],[135.58451,34.52665],[135.58453,34.52665],[135.58458,34.52663],[135.58465,34.5266],[135.58481,34.52656],[135.58508,34.52654],[135.58511,34.52655],[135.58518,34.52658],[135.5853,34.52663],[135.5853,34.52663],[135.58531,34.52663],[135.58543,34.52665],[135.58565,34.52664],[135.58571,34.52673],[135.58571,34.52674],[135.58566,34.52679],[135.5856,34.52683],[135.58546,34.52686],[135.58528,34.52686],[135.58512,34.52686],[135.58498,34.52691],[135.58498,34.52692],[135.58498,34.52698],[135.58497,34.52725],[135.58497,34.52727],[135.58497,34.52727],[135.58497,34.52754],[135.58499,34.52758],[135.58499,34.52758],[135.58503,34.52765],[135.58509,34.52769],[135.58521,34.52771],[135.5854,34.52775],[135.58565,34.52785],[135.58566,34.5279],[135.58567,34.52791],[135.586,34.52812],[135.58639,34.52777],[135.58652,34.52768],[135.58667,34.52765],[135.58687,34.52757],[135.58704,34.52749],[135.58716,34.52746],[135.58739,34.52743],[135.5875,34.52735],[135.58758,34.52726],[135.58764,34.52719],[135.58769,34.52714],[135.58777,34.52707],[135.58789,34.52696]]]}},{"type":"Feature","properties":{"name":"旭ケ丘町","setai":347,"jinko":575,"key":"272140050","units":1},"geometry":{"type":"Polygon","coordinates":[[[135.6059,34.52376],[135.60599,34.52376],[135.60628,34.52376],[135.60661,34.52376],[135.60699,34.52376],[135.60713,34.52375],[135.60713,34.5237],[135.60713,34.52347],[135.60713,34.52307],[135.60713,34.52278],[135.60704,34.52237],[135.60709,34.52228],[135.60715,34.52225],[135.60706,34.52179],[135.60698,34.52124],[135.60691,34.52092],[135.60688,34.52079],[135.60637,34.52082],[135.60612,34.52078],[135.60598,34.52078],[135.60571,34.52078],[135.60475,34.52076],[135.60469,34.52076],[135.60406,34.52076],[135.60347,34.52075],[135.60346,34.5215],[135.60346,34.52173],[135.60345,34.52273],[135.60345,34.52278],[135.60344,34.5233],[135.60343,34.52372],[135.60344,34.52375],[135.6037,34.52376],[135.60378,34.52376],[135.60379,34.52376],[135.60411,34.52375],[135.60458,34.52373],[135.60479,34.52373],[135.60506,34.52374],[135.60555,34.52375],[135.6059,34.52376]]]}},{"type":"Feature","properties":{"name":"南旭ケ丘町","setai":384,"jinko":998,"key":"272140060","units":1},"geometry":{"type":"Polygon","coordinates":[[[135.60027,34.51613],[135.60037,34.51607],[135.60048,34.51609],[135.60062,34.51609],[135.6007,34.51611],[135.60084,34.51623],[135.60093,34.51633],[135.60101,34.51636],[135.60115,34.51637],[135.60128,34.51637],[135.60142,34.51637],[135.60156,34.51636],[135.60171,34.51636],[135.60179,34.51634],[135.60188,34.51629],[135.60196,34.51625],[135.60204,34.51618],[135.6021,34.51611],[135.60211,34.51602],[135.60211,34.51593],[135.6022,34.51582],[135.60231,34.51569],[135.60234,34.51563],[135.60238,34.51547],[135.60219,34.51529],[135.60211,34.51523],[135.60199,34.51516],[135.60195,34.51511],[135.60193,34.51508],[135.60177,34.51486],[135.60177,34.51485],[135.60173,34.51485],[135.60154,34.51483],[135.60137,34.51496],[135.60137,34.51497],[135.60122,34.51481],[135.60079,34.5145],[135.60081,34.5144],[135.60083,34.51436],[135.60111,34.51432],[135.60111,34.5143],[135.60111,34.51417],[135.6011,34.51399],[135.60091,34.51401],[135.60078,34.51405],[135.60065,34.51414],[135.60058,34.51422],[135.60048,34.51435],[135.6004,34.51434],[135.60034,34.51433],[135.60026,34.51428],[135.60019,34.51422],[135.60015,34.51417],[135.60008,34.51413],[135.60007,34.51413],[135.59994,34.5141],[135.59982,34.51409],[135.59974,34.51408],[135.59968,34.51405],[135.5996,34.51401],[135.59955,34.51399],[135.59946,34.51399],[135.59936,34.51399],[135.59926,34.51402],[135.59919,34.51404],[135.59912,34.51403],[135.59906,34.51399],[135.59898,34.51397],[135.5989,34.51398],[135.59881,34.51401],[135.59865,34.51403],[135.59851,34.51404],[135.5984,34.51405],[135.59825,34.51406],[135.59808,34.51406],[135.59787,34.51408],[135.59773,34.51409],[135.59757,34.5141],[135.59749,34.5141],[135.59733,34.51403],[135.59728,34.514],[135.59723,34.51398],[135.59717,34.51398],[135.59712,34.51399],[135.59709,34.51401],[135.59702,34.51407],[135.597,34.51408],[135.59697,34.51409],[135.59689,34.51411],[135.59688,34.51411],[135.59675,34.51414],[135.59651,34.51419],[135.59641,34.51422],[135.59627,34.51426],[135.59622,34.51429],[135.59617,34.51433],[135.59616,34.51436],[135.59616,34.51436],[135.59615,34.51437],[135.59617,34.5144],[135.59622,34.51446],[135.59625,34.5145],[135.59628,34.51464],[135.59629,34.51466],[135.59629,34.51474],[135.5963,34.51484],[135.5963,34.51484],[135.59632,34.51492],[135.59633,34.51496],[135.59636,34.51498],[135.59642,34.51502],[135.59648,34.51504],[135.59651,34.51509],[135.59652,34.51509],[135.59652,34.51514],[135.59652,34.51515],[135.59656,34.51522],[135.59661,34.5153],[135.5966,34.51532],[135.59662,34.51535],[135.59667,34.51538],[135.59673,34.51544],[135.59676,34.51548],[135.59681,34.51552],[135.59684,34.51553],[135.59693,34.51557],[135.59708,34.51568],[135.59715,34.51576],[135.59717,34.51587],[135.59715,34.51594],[135.59714,34.51598],[135.59719,34.51604],[135.59723,34.51609],[135.59728,34.51614],[135.59732,34.51619],[135.59736,34.51627],[135.59739,34.5163],[135.59739,34.51637],[135.59742,34.51644],[135.59744,34.51648],[135.59748,34.51651],[135.5975,34.51652],[135.59752,34.51657],[135.59752,34.5166],[135.59749,34.51664],[135.59745,34.51666],[135.59742,34.51667],[135.59738,34.51671],[135.59735,34.51676],[135.59735,34.51677],[135.59734,34.51678],[135.59735,34.51683],[135.59736,34.5169],[135.59735,34.51697],[135.59737,34.51707],[135.59737,34.5171],[135.59737,34.51713],[135.59736,34.51718],[135.59734,34.51722],[135.59732,34.51726],[135.59732,34.51728],[135.59731,34.51729],[135.59728,34.51736],[135.59726,34.51742],[135.59726,34.51743],[135.59726,34.51743],[135.59727,34.5175],[135.59729,34.51752],[135.59742,34.51778],[135.59744,34.5178],[135.59745,34.51781],[135.59748,34.51782],[135.59759,34.51781],[135.59824,34.51771],[135.599,34.5176],[135.59943,34.51753],[135.59968,34.51739],[135.59973,34.51736],[135.60028,34.51702],[135.60024,34.517],[135.60023,34.51693],[135.60024,34.51678],[135.6002,34.51672],[135.60013,34.51662],[135.60011,34.51659],[135.60008,34.5165],[135.60008,34.51643],[135.60013,34.5163],[135.60021,34.5162],[135.60027,34.51613]]]}},{"type":"Feature","properties":{"name":"宮町一丁目","setai":114,"jinko":314,"key":"27214007001","units":1},"geometry":{"type":"Polygon","coordinates":[[[135.60609,34.51722],[135.60605,34.51698],[135.60601,34.5168],[135.60584,34.51607],[135.60578,34.51574],[135.60567,34.51521],[135.60558,34.5148],[135.60461,34.51485],[135.6042,34.51485],[135.60411,34.51485],[135.60395,34.51484],[135.60382,34.51484],[135.60364,34.51485],[135.60318,34.51485],[135.60298,34.51486],[135.60292,34.51486],[135.60279,34.51489],[135.60266,34.51492],[135.60259,34.51494],[135.60253,34.51496],[135.60237,34.51498],[135.60224,34.515],[135.60213,34.51501],[135.6021,34.51502],[135.60206,34.51503],[135.602,34.51506],[135.60193,34.51508],[135.60195,34.51511],[135.60199,34.51516],[135.60211,34.51523],[135.60219,34.51529],[135.60238,34.51547],[135.60234,34.51563],[135.60231,34.51569],[135.6022,34.51582],[135.60211,34.51593],[135.60211,34.51602],[135.6021,34.51611],[135.60204,34.51618],[135.60196,34.51625],[135.60188,34.51629],[135.60179,34.51634],[135.60171,34.51636],[135.60156,34.51636],[135.60142,34.51637],[135.60128,34.51637],[135.60115,34.51637],[135.60101,34.51636],[135.60093,34.51633],[135.60084,34.51623],[135.6007,34.51611],[135.60062,34.51609],[135.60048,34.51609],[135.60037,34.51607],[135.60027,34.51613],[135.60021,34.5162],[135.60013,34.5163],[135.60008,34.51643],[135.60008,34.5165],[135.60011,34.51659],[135.60013,34.51662],[135.6002,34.51672],[135.60024,34.51678],[135.60023,34.51693],[135.60024,34.517],[135.60028,34.51702],[135.60058,34.51708],[135.60076,34.51711],[135.60091,34.5171],[135.60112,34.51708],[135.60127,34.5171],[135.60144,34.51713],[135.60163,34.51716],[135.60179,34.51719],[135.60193,34.51725],[135.60199,34.51729],[135.60206,34.51734],[135.60206,34.51736],[135.60207,34.5174],[135.60207,34.51745],[135.60205,34.5175],[135.60205,34.5176],[135.60204,34.51766],[135.6021,34.51772],[135.60218,34.51777],[135.60229,34.51781],[135.60243,34.51781],[135.60257,34.51783],[135.60266,34.51792],[135.60273,34.51794],[135.60287,34.51797],[135.60303,34.518],[135.60318,34.51802],[135.60349,34.51807],[135.6038,34.51811],[135.60379,34.51818],[135.60414,34.5182],[135.6044,34.51823],[135.6048,34.51828],[135.60502,34.5183],[135.60539,34.51833],[135.60593,34.51837],[135.60635,34.5184],[135.60619,34.51766],[135.60609,34.51722]]]}},{"type":"Feature","properties":{"name":"宮町二丁目","setai":76,"jinko":185,"key":"27214007002","units":1},"geometry":{"type":"Polygon","coordinates":[[[135.60346,34.5215],[135.60347,34.52075],[135.60406,34.52076],[135.60469,34.52076],[135.60475,34.52076],[135.60571,34.52078],[135.60598,34.52078],[135.60612,34.52078],[135.60637,34.52082],[135.60688,34.52079],[135.60673,34.5201],[135.60666,34.5198],[135.60643,34.51875],[135.60635,34.5184],[135.60593,34.51837],[135.60539,34.51833],[135.60502,34.5183],[135.6048,34.51828],[135.6044,34.51823],[135.60414,34.5182],[135.60379,34.51818],[135.60306,34.51815],[135.60288,34.51815],[135.60259,34.51816],[135.60224,34.51817],[135.60199,34.51817],[135.60199,34.5183],[135.602,34.51845],[135.60197,34.51854],[135.60195,34.51868],[135.60194,34.51882],[135.60194,34.51897],[135.60192,34.51903],[135.60186,34.51906],[135.60185,34.51917],[135.60186,34.51924],[135.6019,34.51936],[135.60202,34.51988],[135.60203,34.51993],[135.60205,34.51999],[135.60207,34.52007],[135.60211,34.52024],[135.60216,34.52046],[135.60222,34.52063],[135.60227,34.52077],[135.60234,34.5209],[135.60239,34.52098],[135.60245,34.52103],[135.60243,34.52113],[135.6024,34.52125],[135.60237,34.52142],[135.60265,34.52144],[135.60307,34.52148],[135.60346,34.5215]]]}},{"type":"Feature","properties":{"name":"宮町三丁目","setai":159,"jinko":390,"key":"27214007003","units":1},"geometry":{"type":"Polygon","coordinates":[[[135.60343,34.52372],[135.60344,34.5233],[135.60345,34.52278],[135.60345,34.52273],[135.60346,34.52173],[135.60346,34.5215],[135.60307,34.52148],[135.60265,34.52144],[135.60237,34.52142],[135.6024,34.52125],[135.60243,34.52113],[135.60245,34.52103],[135.60239,34.52098],[135.60234,34.5209],[135.60227,34.52077],[135.60222,34.52063],[135.60216,34.52046],[135.60211,34.52024],[135.60207,34.52007],[135.60205,34.51999],[135.60203,34.51993],[135.60202,34.51988],[135.6019,34.51936],[135.60186,34.51924],[135.60185,34.51917],[135.60186,34.51906],[135.60192,34.51903],[135.60194,34.51897],[135.60194,34.51882],[135.60195,34.51868],[135.60197,34.51854],[135.602,34.51845],[135.60199,34.5183],[135.60199,34.51817],[135.60224,34.51817],[135.60259,34.51816],[135.60288,34.51815],[135.60306,34.51815],[135.60379,34.51818],[135.6038,34.51811],[135.60349,34.51807],[135.60318,34.51802],[135.60303,34.518],[135.60287,34.51797],[135.60273,34.51794],[135.60266,34.51792],[135.60257,34.51783],[135.60243,34.51781],[135.60229,34.51781],[135.60218,34.51777],[135.6021,34.51772],[135.60204,34.51766],[135.60205,34.5176],[135.60205,34.5175],[135.60207,34.51745],[135.60207,34.5174],[135.60206,34.51736],[135.60206,34.51734],[135.60199,34.51729],[135.60193,34.51725],[135.60179,34.51719],[135.60163,34.51716],[135.60144,34.51713],[135.60127,34.5171],[135.60112,34.51708],[135.60091,34.5171],[135.60076,34.51711],[135.60058,34.51708],[135.60028,34.51702],[135.59973,34.51736],[135.59968,34.51739],[135.59943,34.51753],[135.599,34.5176],[135.59824,34.51771],[135.59759,34.51781],[135.59748,34.51782],[135.59745,34.51781],[135.59744,34.5178],[135.59742,34.51778],[135.59729,34.51752],[135.59727,34.5175],[135.59727,34.51752],[135.59727,34.5176],[135.59728,34.51763],[135.59728,34.51765],[135.59729,34.51771],[135.59727,34.51776],[135.59728,34.51781],[135.5973,34.51785],[135.59731,34.51788],[135.59735,34.51792],[135.5974,34.51793],[135.59743,34.51795],[135.59745,34.518],[135.59746,34.51802],[135.59751,34.51804],[135.59752,34.51805],[135.59756,34.51806],[135.5976,34.51809],[135.59763,34.51814],[135.59767,34.51821],[135.59771,34.51828],[135.59774,34.51832],[135.59782,34.51838],[135.59788,34.51841],[135.59793,34.51846],[135.59796,34.5185],[135.59796,34.51855],[135.59795,34.5186],[135.59796,34.51864],[135.59799,34.51866],[135.59799,34.51866],[135.59806,34.51869],[135.59811,34.51866],[135.59819,34.51863],[135.59823,34.51857],[135.59825,34.51852],[135.59827,34.51847],[135.59828,34.51845],[135.59828,34.51845],[135.59829,34.51839],[135.5983,34.51832],[135.59831,34.51829],[135.59832,34.51829],[135.59835,34.51826],[135.5984,34.51826],[135.59845,34.51827],[135.59848,34.51831],[135.59852,34.51835],[135.59854,34.51836],[135.59855,34.51835],[135.59856,34.51836],[135.5986,34.51834],[135.59863,34.5183],[135.59863,34.51829],[135.59865,34.51827],[135.59869,34.51825],[135.59871,34.51826],[135.59875,34.5183],[135.59877,34.51836],[135.59877,34.51836],[135.59877,34.5184],[135.59874,34.51847],[135.59872,34.51851],[135.59872,34.51855],[135.59873,34.51856],[135.59873,34.51857],[135.59874,34.51857],[135.59876,34.51859],[135.5988,34.51859],[135.59888,34.51858],[135.59893,34.51857],[135.59895,34.51857],[135.59901,34.51857],[135.59905,34.51857],[135.59909,34.51862],[135.59909,34.51862],[135.59909,34.51863],[135.59909,34.51864],[135.59907,34.51867],[135.59902,34.51872],[135.59898,34.51878],[135.59895,34.51884],[135.59891,34.51887],[135.59886,34.51888],[135.59876,34.51885],[135.59868,34.51883],[135.5986,34.51881],[135.59854,34.5188],[135.59848,34.5188],[135.59843,34.51882],[135.5984,34.51886],[135.59839,34.51892],[135.59839,34.51894],[135.59839,34.51903],[135.59842,34.51908],[135.59845,34.51911],[135.59848,34.51916],[135.59853,34.51919],[135.59858,34.51927],[135.5986,34.51932],[135.5986,34.51943],[135.5986,34.51954],[135.59861,34.51964],[135.5986,34.51971],[135.5986,34.51979],[135.59861,34.5199],[135.59863,34.51994],[135.59875,34.51995],[135.5988,34.51997],[135.59882,34.52001],[135.59884,34.52005],[135.59887,34.52008],[135.59894,34.52011],[135.59899,34.52014],[135.599,34.52016],[135.599,34.52016],[135.59901,34.52021],[135.59901,34.52032],[135.59901,34.52039],[135.59903,34.52045],[135.59905,34.5205],[135.59914,34.5206],[135.59923,34.5207],[135.59934,34.5208],[135.59946,34.52089],[135.59963,34.52095],[135.59973,34.52096],[135.5998,34.52097],[135.59989,34.52102],[135.60001,34.52105],[135.60011,34.52108],[135.60017,34.52111],[135.60023,34.52115],[135.60033,34.5212],[135.60046,34.52128],[135.60056,34.52136],[135.60069,34.52151],[135.60072,34.52158],[135.60075,34.52168],[135.60086,34.52183],[135.60096,34.52192],[135.60104,34.522],[135.60111,34.5221],[135.6012,34.52223],[135.60134,34.52236],[135.60143,34.52244],[135.60154,34.52254],[135.60162,34.52263],[135.60166,34.52275],[135.60166,34.52276],[135.60169,34.52287],[135.60176,34.52297],[135.60179,34.52306],[135.60184,34.52313],[135.60189,34.52318],[135.60203,34.52323],[135.6021,34.52328],[135.60216,34.52334],[135.60219,34.52342],[135.60223,34.52348],[135.60229,34.52352],[135.60236,34.52356],[135.60244,34.52358],[135.60251,34.52368],[135.60256,34.52367],[135.60267,34.52367],[135.60281,34.52368],[135.60294,34.52371],[135.60301,34.52372],[135.6031,34.52373],[135.60323,34.52375],[135.60338,34.52375],[135.60344,34.52375],[135.60343,34.52372]]]}},{"type":"Feature","properties":{"name":"粟ケ池町","setai":2,"jinko":7,"key":"272140080","units":1},"geometry":{"type":"Polygon","coordinates":[[[135.60956,34.51832],[135.60956,34.51829],[135.60952,34.51818],[135.60935,34.51818],[135.60924,34.51822],[135.60918,34.51819],[135.60909,34.51813],[135.60901,34.51808],[135.60894,34.51801],[135.60887,34.51792],[135.60884,34.51783],[135.60882,34.51771],[135.60876,34.51761],[135.60876,34.51755],[135.6087,34.51746],[135.60866,34.51737],[135.60858,34.51727],[135.60852,34.51722],[135.60841,34.51681],[135.60834,34.51656],[135.60831,34.51647],[135.6083,34.5164],[135.60831,34.51628],[135.60833,34.51618],[135.60833,34.51608],[135.60833,34.51601],[135.60832,34.51595],[135.6083,34.51587],[135.60824,34.5157],[135.6082,34.51558],[135.60818,34.51551],[135.60819,34.51529],[135.60822,34.51513],[135.60824,34.51506],[135.60825,34.51492],[135.60827,34.51478],[135.60829,34.51471],[135.60763,34.51474],[135.60658,34.51479],[135.60577,34.5148],[135.60568,34.5148],[135.60558,34.5148],[135.60567,34.51521],[135.60578,34.51574],[135.60584,34.51607],[135.60601,34.5168],[135.60605,34.51698],[135.60609,34.51722],[135.60619,34.51766],[135.60635,34.5184],[135.60678,34.5184],[135.60702,34.51843],[135.60733,34.51848],[135.60763,34.51857],[135.60781,34.51863],[135.60799,34.51865],[135.60811,34.51866],[135.60819,34.51864],[135.60825,34.51862],[135.60834,34.51857],[135.60846,34.5185],[135.60854,34.51844],[135.6086,34.51839],[135.60865,34.51836],[135.60875,34.51832],[135.60894,34.5183],[135.6092,34.51831],[135.6094,34.51831],[135.60956,34.51832]]]}},{"type":"Feature","properties":{"name":"桜井町一丁目","setai":573,"jinko":1371,"key":"27214009001","units":1},"geometry":{"type":"Polygon","coordinates":[[[135.61078,34.52186],[135.61078,34.52172],[135.61078,34.52159],[135.61177,34.52161],[135.61187,34.5215],[135.61193,34.52144],[135.61204,34.52136],[135.61209,34.52132],[135.61217,34.52128],[135.61231,34.5212],[135.61283,34.52091],[135.61305,34.52081],[135.61348,34.52058],[135.61399,34.52029],[135.61409,34.52023],[135.61425,34.52014],[135.61441,34.52005],[135.61448,34.52],[135.61441,34.51988],[135.61433,34.51964],[135.61421,34.51925],[135.61395,34.51929],[135.61379,34.51931],[135.61368,34.51931],[135.61358,34.51932],[135.61353,34.51906],[135.61347,34.51906],[135.6135,34.51866],[135.61346,34.51866],[135.61345,34.51837],[135.6133,34.51837],[135.61319,34.51835],[135.61308,34.51833],[135.61314,34.51811],[135.61316,34.51797],[135.61317,34.51778],[135.61319,34.51766],[135.61318,34.51762],[135.61314,34.51757],[135.61308,34.51752],[135.61306,34.5175],[135.61302,34.51746],[135.61302,34.51703],[135.6128,34.51703],[135.61254,34.51703],[135.61186,34.51705],[135.61156,34.51704],[135.61078,34.51703],[135.61026,34.517],[135.61007,34.51699],[135.60935,34.51693],[135.6093,34.51693],[135.60921,34.51694],[135.60909,34.51695],[135.60915,34.51708],[135.60866,34.51718],[135.60852,34.51722],[135.60858,34.51727],[135.60866,34.51737],[135.6087,34.51746],[135.60876,34.51755],[135.60876,34.51761],[135.60882,34.51771],[135.60884,34.51783],[135.60887,34.51792],[135.60894,34.51801],[135.60901,34.51808],[135.60909,34.51813],[135.60918,34.51819],[135.60924,34.51822],[135.60935,34.51818],[135.60952,34.51818],[135.60956,34.51829],[135.60956,34.51832],[135.60958,34.51844],[135.60985,34.51982],[135.61,34.5206],[135.61014,34.52131],[135.61024,34.52179],[135.61033,34.52176],[135.61042,34.52179],[135.61059,34.52182],[135.61073,34.52185],[135.61078,34.52186]]]}},{"type":"Feature","properties":{"name":"桜井町二丁目","setai":19,"jinko":71,"key":"27214009002","units":1},"geometry":{"type":"Polygon","coordinates":[[[135.61024,34.52179],[135.61014,34.52131],[135.61,34.5206],[135.60985,34.51982],[135.60958,34.51844],[135.60956,34.51832],[135.6094,34.51831],[135.6092,34.51831],[135.60894,34.5183],[135.60875,34.51832],[135.60865,34.51836],[135.6086,34.51839],[135.60854,34.51844],[135.60846,34.5185],[135.60834,34.51857],[135.60825,34.51862],[135.60819,34.51864],[135.60811,34.51866],[135.60799,34.51865],[135.60781,34.51863],[135.60763,34.51857],[135.60733,34.51848],[135.60702,34.51843],[135.60678,34.5184],[135.60635,34.5184],[135.60643,34.51875],[135.60666,34.5198],[135.60673,34.5201],[135.60688,34.52079],[135.60691,34.52092],[135.60698,34.52124],[135.60706,34.52179],[135.60718,34.52177],[135.6073,34.52178],[135.60742,34.52178],[135.60752,34.52177],[135.60768,34.52177],[135.60783,34.52176],[135.60803,34.52176],[135.60828,34.52176],[135.60864,34.52176],[135.60902,34.52179],[135.60927,34.5218],[135.60946,34.52181],[135.60968,34.52181],[135.60978,34.52181],[135.61,34.5218],[135.61024,34.52179]]]}},{"type":"Feature","properties":{"name":"川面町一丁目","setai":238,"jinko":608,"key":"27214010001","units":1},"geometry":{"type":"Polygon","coordinates":[[[135.61578,34.52053],[135.6159,34.52042],[135.61598,34.52037],[135.61608,34.52032],[135.6162,34.52026],[135.61634,34.5202],[135.61645,34.52016],[135.61658,34.52012],[135.61658,34.51953],[135.6166,34.51932],[135.61658,34.51917],[135.61657,34.51903],[135.61654,34.51894],[135.61721,34.51904],[135.61722,34.51872],[135.61725,34.51835],[135.61727,34.51797],[135.61726,34.51797],[135.61701,34.51795],[135.61666,34.51793],[135.61634,34.51788],[135.61582,34.51779],[135.61573,34.51776],[135.61567,34.51771],[135.61552,34.51753],[135.61549,34.51747],[135.61537,34.5173],[135.61522,34.517],[135.61518,34.51697],[135.61513,34.5169],[135.61456,34.51694],[135.61425,34.51697],[135.61359,34.51701],[135.61302,34.51703],[135.61302,34.51746],[135.61306,34.5175],[135.61308,34.51752],[135.61314,34.51757],[135.61318,34.51762],[135.61319,34.51766],[135.61317,34.51778],[135.61316,34.51797],[135.61314,34.51811],[135.61308,34.51833],[135.61319,34.51835],[135.6133,34.51837],[135.61345,34.51837],[135.61346,34.51866],[135.6135,34.51866],[135.61347,34.51906],[135.61353,34.51906],[135.61358,34.51932],[135.61368,34.51931],[135.61379,34.51931],[135.61395,34.51929],[135.61421,34.51925],[135.61433,34.51964],[135.61441,34.51988],[135.61448,34.52],[135.61441,34.52005],[135.61461,34.52045],[135.61471,34.52046],[135.61496,34.52044],[135.61497,34.52047],[135.61522,34.52046],[135.61533,34.52044],[135.61538,34.52058],[135.61545,34.52074],[135.61566,34.5207],[135.61571,34.52069],[135.61578,34.52053]]]}},{"type":"Feature","properties":{"name":"川面町二丁目","setai":97,"jinko":171,"key":"27214010002","units":1},"geometry":{"type":"Polygon","coordinates":[[[135.61728,34.51692],[135.6173,34.5169],[135.61733,34.51688],[135.61734,34.51688],[135.6174,34.51684],[135.61746,34.5168],[135.61751,34.51669],[135.61753,34.51659],[135.61752,34.51646],[135.61753,34.51638],[135.61756,34.51631],[135.61765,34.51619],[135.61772,34.5161],[135.61777,34.51601],[135.61777,34.51601],[135.61782,34.51595],[135.61782,34.51594],[135.61782,34.51587],[135.61782,34.51578],[135.61779,34.51568],[135.61746,34.51568],[135.6172,34.51566],[135.61705,34.51565],[135.61705,34.51565],[135.61704,34.51541],[135.61689,34.51541],[135.61639,34.51542],[135.61594,34.51542],[135.61526,34.51543],[135.61512,34.51543],[135.61385,34.51545],[135.61326,34.51546],[135.61317,34.51545],[135.61338,34.51565],[135.61349,34.51573],[135.61351,34.51574],[135.61357,34.51579],[135.61359,34.51583],[135.6136,34.51589],[135.61361,34.51597],[135.61363,34.51606],[135.61364,34.51611],[135.61367,34.51627],[135.61373,34.51637],[135.61385,34.5165],[135.61412,34.5168],[135.61421,34.51691],[135.61425,34.51697],[135.61456,34.51694],[135.61513,34.5169],[135.61518,34.51697],[135.61522,34.517],[135.61537,34.5173],[135.61549,34.51747],[135.61552,34.51753],[135.61567,34.51771],[135.61573,34.51776],[135.61582,34.51779],[135.61634,34.51788],[135.61666,34.51793],[135.61701,34.51795],[135.61726,34.51797],[135.61727,34.51797],[135.61729,34.51788],[135.61732,34.51781],[135.61735,34.51772],[135.61738,34.51766],[135.61737,34.51757],[135.61731,34.51744],[135.61726,34.51727],[135.61723,34.51714],[135.61722,34.51706],[135.61725,34.51697],[135.61728,34.51692]]]}},{"type":"Feature","properties":{"name":"通法寺町","setai":17,"jinko":46,"key":"272140110","units":1},"geometry":{"type":"Polygon","coordinates":[[[135.62702,34.52556],[135.62703,34.52547],[135.62703,34.52538],[135.62704,34.52524],[135.62707,34.52502],[135.62708,34.52471],[135.62707,34.52442],[135.62708,34.52388],[135.62708,34.52271],[135.62706,34.52205],[135.62706,34.52189],[135.62707,34.52174],[135.62708,34.52164],[135.62702,34.52167],[135.62665,34.52193],[135.62667,34.52194],[135.62676,34.52204],[135.6268,34.5221],[135.62683,34.52222],[135.62679,34.52238],[135.62673,34.52251],[135.62672,34.5226],[135.62677,34.52277],[135.62681,34.52294],[135.62679,34.52309],[135.62659,34.52324],[135.62646,34.52338],[135.62642,34.52347],[135.62641,34.52371],[135.62632,34.52383],[135.62617,34.52392],[135.62605,34.52394],[135.62594,34.52393],[135.62579,34.52383],[135.62569,34.52377],[135.62537,34.52362],[135.62532,34.52359],[135.62509,34.5235],[135.62493,34.52348],[135.62481,34.52349],[135.62453,34.52375],[135.62423,34.52397],[135.62424,34.52393],[135.62402,34.52448],[135.62379,34.5247],[135.62358,34.52497],[135.62327,34.52516],[135.62302,34.52535],[135.6228,34.52558],[135.62241,34.52581],[135.62366,34.52575],[135.6244,34.52568],[135.62452,34.52566],[135.62463,34.52561],[135.62549,34.52562],[135.62557,34.52563],[135.6258,34.5257],[135.626,34.52571],[135.62633,34.52571],[135.62644,34.52565],[135.62645,34.52571],[135.62648,34.52575],[135.62668,34.5257],[135.62668,34.52565],[135.62668,34.52563],[135.62675,34.52557],[135.6268,34.52557],[135.62691,34.52557],[135.62702,34.52556]]]}},{"type":"Feature","properties":{"name":"西条町一丁目","setai":1,"jinko":2,"key":"27214012001","units":1},"geometry":{"type":"Polygon","coordinates":[[[135.62142,34.51978],[135.6214,34.51925],[135.62135,34.51891],[135.62135,34.51887],[135.6214,34.51874],[135.62145,34.51858],[135.62147,34.51831],[135.62167,34.51804],[135.62187,34.51763],[135.622,34.51728],[135.62205,34.51696],[135.62194,34.51655],[135.62148,34.516],[135.62112,34.51569],[135.62082,34.51523],[135.62078,34.51517],[135.62055,34.51485],[135.62054,34.51484],[135.6205,34.51478],[135.62042,34.51467],[135.62012,34.51431],[135.61987,34.51413],[135.61977,34.51412],[135.61973,34.51411],[135.61959,34.51409],[135.61936,34.51407],[135.61885,34.51392],[135.61858,34.51384],[135.61833,34.51376],[135.61828,34.51374],[135.61821,34.51369],[135.61807,34.51359],[135.618,34.51349],[135.61796,34.51314],[135.61796,34.51275],[135.61794,34.51216],[135.61794,34.51212],[135.61795,34.51144],[135.61791,34.51124],[135.6179,34.51068],[135.61785,34.5094],[135.61785,34.50917],[135.61784,34.50887],[135.61662,34.50902],[135.61669,34.5093],[135.61673,34.50964],[135.61673,34.51052],[135.61669,34.51122],[135.6167,34.51212],[135.61681,34.51294],[135.61682,34.51337],[135.61689,34.51372],[135.61699,34.5147],[135.61701,34.51516],[135.61704,34.51541],[135.61705,34.51565],[135.61705,34.51565],[135.6172,34.51566],[135.61746,34.51568],[135.61779,34.51568],[135.61782,34.51578],[135.61782,34.51587],[135.61782,34.51594],[135.61782,34.51595],[135.61777,34.51601],[135.61777,34.51601],[135.61772,34.5161],[135.61765,34.51619],[135.61756,34.51631],[135.61753,34.51638],[135.61752,34.51646],[135.61753,34.51659],[135.61751,34.51669],[135.61746,34.5168],[135.6174,34.51684],[135.61734,34.51688],[135.61733,34.51688],[135.6173,34.5169],[135.61728,34.51692],[135.61725,34.51697],[135.61722,34.51706],[135.61723,34.51714],[135.61726,34.51727],[135.61731,34.51744],[135.61737,34.51757],[135.61738,34.51766],[135.61735,34.51772],[135.61732,34.51781],[135.61729,34.51788],[135.61727,34.51797],[135.61725,34.51835],[135.61722,34.51872],[135.61721,34.51904],[135.6194,34.51937],[135.62086,34.5198],[135.62108,34.51981],[135.62128,34.51979],[135.62142,34.51978]]]}},{"type":"Feature","properties":{"name":"西条町二丁目","setai":0,"jinko":0,"key":"27214012002","units":1},"geometry":{"type":"Polygon","coordinates":[[[135.62241,34.52581],[135.6228,34.52558],[135.62302,34.52535],[135.62327,34.52516],[135.62358,34.52497],[135.62379,34.5247],[135.62402,34.52448],[135.62424,34.52393],[135.62428,34.52327],[135.62431,34.52315],[135.62433,34.52272],[135.62434,34.52267],[135.62422,34.52267],[135.62362,34.52274],[135.62315,34.52272],[135.62271,34.52273],[135.62234,34.52275],[135.62177,34.52276],[135.62152,34.52268],[135.62141,34.52267],[135.62136,34.52263],[135.62133,34.52256],[135.62124,34.52223],[135.62132,34.52197],[135.62148,34.52163],[135.6216,34.52134],[135.62168,34.52125],[135.62173,34.52119],[135.6214,34.52088],[135.62139,34.52086],[135.62132,34.52074],[135.62135,34.52052],[135.62138,34.52026],[135.62142,34.51978],[135.62128,34.51979],[135.62108,34.51981],[135.62086,34.5198],[135.6194,34.51937],[135.61721,34.51904],[135.61654,34.51894],[135.61657,34.51903],[135.61658,34.51917],[135.6166,34.51932],[135.61658,34.51953],[135.61658,34.52012],[135.61652,34.52045],[135.61649,34.52069],[135.61648,34.52079],[135.61645,34.52109],[135.61644,34.5213],[135.61643,34.52157],[135.61642,34.5219],[135.61642,34.52216],[135.61642,34.5224],[135.61645,34.52304],[135.6165,34.52362],[135.6165,34.52384],[135.61653,34.5239],[135.61662,34.5241],[135.61669,34.52424],[135.61677,34.52441],[135.61683,34.52451],[135.61691,34.52463],[135.61708,34.52487],[135.61713,34.52499],[135.61719,34.52514],[135.61724,34.52529],[135.61729,34.52544],[135.61735,34.52565],[135.61744,34.52598],[135.61846,34.52595],[135.61903,34.52592],[135.61924,34.52591],[135.61945,34.52592],[135.61971,34.5259],[135.62092,34.52585],[135.62194,34.5258],[135.62241,34.52581]]]}},{"type":"Feature","properties":{"name":"梅の里一丁目","setai":293,"jinko":861,"key":"27214014001","units":1},"geometry":{"type":"Polygon","coordinates":[[[135.60018,34.5258],[135.60054,34.52574],[135.60065,34.52571],[135.60059,34.52549],[135.60058,34.52539],[135.6006,34.52524],[135.60073,34.52521],[135.60091,34.52519],[135.60102,34.52511],[135.60109,34.52497],[135.60116,34.52481],[135.6012,34.52465],[135.60123,34.52445],[135.60125,34.52421],[135.60127,34.52398],[135.60129,34.52376],[135.6013,34.52368],[135.6013,34.52362],[135.60125,34.52359],[135.60124,34.52358],[135.60113,34.52352],[135.60103,34.52346],[135.60093,34.52342],[135.60093,34.52342],[135.60092,34.52342],[135.60079,34.52335],[135.60067,34.52331],[135.60059,34.52328],[135.60042,34.52323],[135.6003,34.52352],[135.60037,34.52355],[135.60049,34.52359],[135.6006,34.52366],[135.60071,34.52375],[135.60077,34.52386],[135.60079,34.52396],[135.60077,34.52405],[135.60075,34.52413],[135.60071,34.52433],[135.60067,34.52447],[135.6008,34.52475],[135.60054,34.52502],[135.60044,34.52499],[135.60039,34.52506],[135.60035,34.52515],[135.60033,34.52525],[135.60031,34.52541],[135.60029,34.52551],[135.60018,34.52553],[135.6002,34.52564],[135.59982,34.52568],[135.59959,34.52573],[135.59939,34.52571],[135.59925,34.52568],[135.59902,34.52566],[135.59892,34.52566],[135.59888,34.52567],[135.59881,34.52575],[135.59872,34.52578],[135.59831,34.52577],[135.59702,34.52574],[135.59691,34.52545],[135.59712,34.52539],[135.59721,34.52536],[135.59732,34.52528],[135.5975,34.52521],[135.59785,34.52518],[135.59833,34.52473],[135.599,34.52401],[135.59926,34.5235],[135.59933,34.52331],[135.59933,34.52298],[135.59911,34.523],[135.59891,34.523],[135.59878,34.52302],[135.59867,34.52304],[135.5986,34.52309],[135.59843,34.52322],[135.59832,34.52332],[135.59821,34.5234],[135.59811,34.52346],[135.59804,34.5235],[135.59794,34.52354],[135.59786,34.52356],[135.59771,34.52357],[135.59754,34.52357],[135.59738,34.52356],[135.59721,34.52355],[135.59705,34.52355],[135.59691,34.52355],[135.59679,34.52358],[135.59666,34.52361],[135.59645,34.52369],[135.59635,34.52373],[135.5961,34.52381],[135.59603,34.52383],[135.59591,34.52383],[135.59572,34.52379],[135.59549,34.52375],[135.59527,34.52372],[135.5952,34.52371],[135.59514,34.52371],[135.59502,34.52369],[135.59496,34.52373],[135.59482,34.52379],[135.59464,34.52387],[135.59451,34.52395],[135.59443,34.524],[135.5943,34.52415],[135.59415,34.52431],[135.59405,34.52443],[135.59398,34.5245],[135.59391,34.52456],[135.59385,34.5246],[135.59377,34.52463],[135.59372,34.52465],[135.59363,34.52466],[135.59376,34.525],[135.59385,34.52531],[135.59395,34.52562],[135.59405,34.52593],[135.59415,34.52625],[135.59418,34.52635],[135.59425,34.52657],[135.5943,34.52672],[135.59435,34.52687],[135.59449,34.52685],[135.59551,34.52664],[135.59619,34.52652],[135.59684,34.52639],[135.5975,34.52627],[135.5982,34.52615],[135.59841,34.52611],[135.59879,34.52604],[135.5991,34.52599],[135.59936,34.52594],[135.59962,34.52589],[135.60018,34.5258]]]}},{"type":"Feature","properties":{"name":"梅の里二丁目","setai":346,"jinko":892,"key":"27214014002","units":1},"geometry":{"type":"Polygon","coordinates":[[[135.59787,34.52875],[135.59786,34.52861],[135.59775,34.52865],[135.59746,34.52856],[135.59743,34.52843],[135.59767,34.52838],[135.5978,34.52837],[135.59795,34.52838],[135.59796,34.52825],[135.59818,34.52817],[135.59834,34.52807],[135.59864,34.52784],[135.59882,34.52772],[135.59906,34.52767],[135.59915,34.52744],[135.59921,34.52725],[135.59968,34.52737],[135.59973,34.52743],[135.59974,34.52749],[135.60006,34.52755],[135.59993,34.52713],[135.59997,34.5271],[135.59999,34.52695],[135.60002,34.52676],[135.59988,34.52677],[135.59975,34.52679],[135.59964,34.52679],[135.59956,34.52677],[135.59951,34.52673],[135.59944,34.52641],[135.59936,34.52594],[135.5991,34.52599],[135.59879,34.52604],[135.59841,34.52611],[135.5982,34.52615],[135.5975,34.52627],[135.59684,34.52639],[135.59619,34.52652],[135.59551,34.52664],[135.59449,34.52685],[135.59435,34.52687],[135.59451,34.52733],[135.59462,34.52765],[135.59473,34.52796],[135.59484,34.52827],[135.59494,34.52858],[135.59505,34.5289],[135.59515,34.5292],[135.59526,34.52951],[135.59536,34.52979],[135.59536,34.5298],[135.59539,34.52989],[135.59546,34.52989],[135.59561,34.5299],[135.59571,34.52991],[135.59584,34.52988],[135.596,34.52985],[135.59607,34.52983],[135.5963,34.52967],[135.59646,34.52953],[135.59662,34.52941],[135.59689,34.52928],[135.59721,34.52912],[135.59743,34.52902],[135.59754,34.52896],[135.59762,34.52894],[135.59773,34.52893],[135.59774,34.52889],[135.59775,34.52886],[135.59778,34.52884],[135.59783,34.52881],[135.59786,34.52878],[135.59787,34.52875]]]}},{"type":"Feature","properties":{"name":"梅の里三丁目","setai":539,"jinko":1498,"key":"27214014003","units":1},"geometry":{"type":"Polygon","coordinates":[[[135.59159,34.53016],[135.59172,34.53009],[135.59198,34.53012],[135.59212,34.53015],[135.59219,34.53016],[135.59233,34.53016],[135.59245,34.53016],[135.59259,34.53014],[135.59271,34.53013],[135.59281,34.53011],[135.59292,34.53008],[135.59304,34.53004],[135.59315,34.53002],[135.59341,34.52994],[135.59353,34.52994],[135.59356,34.52994],[135.59376,34.52995],[135.59395,34.52996],[135.59403,34.52998],[135.59409,34.53],[135.59415,34.53001],[135.59421,34.53004],[135.59428,34.53008],[135.59437,34.53012],[135.59456,34.53014],[135.59466,34.53015],[135.59479,34.53018],[135.59488,34.53019],[135.59492,34.53017],[135.59498,34.53013],[135.59505,34.53005],[135.59511,34.53001],[135.59518,34.52995],[135.5953,34.52989],[135.59539,34.52989],[135.59536,34.5298],[135.59536,34.52979],[135.59526,34.52951],[135.59515,34.5292],[135.59505,34.5289],[135.59494,34.52858],[135.59484,34.52827],[135.59473,34.52796],[135.59462,34.52765],[135.59451,34.52733],[135.59435,34.52687],[135.59391,34.52697],[135.5934,34.52711],[135.59264,34.52733],[135.59215,34.5275],[135.59137,34.52778],[135.59058,34.52811],[135.58955,34.52853],[135.58901,34.52874],[135.58906,34.52883],[135.58859,34.52903],[135.58783,34.52934],[135.58763,34.52942],[135.58716,34.52961],[135.58698,34.52966],[135.58678,34.52971],[135.58677,34.52972],[135.58663,34.52976],[135.58663,34.52979],[135.58663,34.52989],[135.58664,34.53006],[135.58667,34.53025],[135.58668,34.53039],[135.58668,34.53041],[135.58672,34.53049],[135.58672,34.53061],[135.58674,34.53068],[135.58677,34.53075],[135.58687,34.53081],[135.58698,34.53086],[135.58712,34.53092],[135.58724,34.531],[135.58742,34.53115],[135.58745,34.53124],[135.58745,34.53139],[135.58736,34.5317],[135.58732,34.53186],[135.5873,34.53194],[135.58737,34.53197],[135.58738,34.53197],[135.58777,34.53208],[135.5883,34.53214],[135.58845,34.53215],[135.58874,34.53217],[135.58874,34.53217],[135.58884,34.53219],[135.58891,34.53221],[135.58894,34.53221],[135.58902,34.53221],[135.5891,34.53223],[135.58913,34.53224],[135.58917,34.53225],[135.58922,34.53227],[135.58922,34.53227],[135.58925,34.53228],[135.58929,34.53229],[135.58934,34.53231],[135.58941,34.53234],[135.58942,34.53235],[135.58948,34.53237],[135.58957,34.5324],[135.58959,34.5324],[135.5896,34.53241],[135.5896,34.53241],[135.58965,34.53241],[135.5897,34.53242],[135.58975,34.53242],[135.58978,34.53241],[135.58978,34.53241],[135.58993,34.53231],[135.59007,34.53214],[135.59015,34.53199],[135.59021,34.53185],[135.59023,34.53178],[135.59033,34.53172],[135.59044,34.53163],[135.59048,34.53153],[135.59056,34.53136],[135.59062,34.53131],[135.59062,34.53131],[135.59074,34.53121],[135.59082,34.53113],[135.59086,34.53109],[135.59096,34.531],[135.59111,34.5309],[135.59124,34.5308],[135.59126,34.53078],[135.59133,34.53072],[135.59144,34.53064],[135.59145,34.53063],[135.59145,34.53063],[135.59152,34.53054],[135.59158,34.53046],[135.59158,34.53038],[135.59156,34.53029],[135.59156,34.5302],[135.59159,34.53016]]]}},{"type":"Feature","properties":{"name":"梅の里四丁目","setai":259,"jinko":733,"key":"27214014004","units":1},"geometry":{"type":"Polygon","coordinates":[[[135.59405,34.52593],[135.59395,34.52562],[135.59385,34.52531],[135.59376,34.525],[135.59363,34.52466],[135.59344,34.52469],[135.59316,34.52471],[135.59285,34.52474],[135.59264,34.52477],[135.59243,34.52483],[135.59227,34.52489],[135.59209,34.52498],[135.59191,34.52508],[135.59178,34.52515],[135.59167,34.52521],[135.5916,34.52526],[135.59143,34.52535],[135.59131,34.52542],[135.5912,34.52548],[135.59106,34.52556],[135.59095,34.5256],[135.59082,34.52563],[135.59066,34.52562],[135.5903,34.5256],[135.58983,34.52555],[135.5894,34.52552],[135.58912,34.5255],[135.58897,34.5255],[135.58877,34.52554],[135.58868,34.52559],[135.58856,34.52565],[135.58844,34.52573],[135.58834,34.52582],[135.58827,34.52592],[135.58821,34.52612],[135.58817,34.52626],[135.58813,34.52647],[135.58808,34.52662],[135.58802,34.52676],[135.58797,34.52686],[135.58789,34.52696],[135.58777,34.52707],[135.58769,34.52714],[135.58764,34.52719],[135.58758,34.52726],[135.5875,34.52735],[135.58739,34.52743],[135.58716,34.52746],[135.58704,34.52749],[135.58687,34.52757],[135.58667,34.52765],[135.58652,34.52768],[135.58639,34.52777],[135.586,34.52812],[135.58616,34.52825],[135.58588,34.52848],[135.5859,34.5285],[135.58596,34.52853],[135.58602,34.52859],[135.58611,34.52868],[135.58616,34.52879],[135.58622,34.52892],[135.58627,34.52901],[135.58631,34.52907],[135.58633,34.5291],[135.58633,34.5291],[135.58638,34.52917],[135.58648,34.52935],[135.58656,34.52947],[135.58663,34.52966],[135.58664,34.52973],[135.58663,34.52976],[135.58677,34.52972],[135.58678,34.52971],[135.58698,34.52966],[135.58716,34.52961],[135.58763,34.52942],[135.58783,34.52934],[135.58859,34.52903],[135.58906,34.52883],[135.58901,34.52874],[135.58955,34.52853],[135.59058,34.52811],[135.59137,34.52778],[135.59215,34.5275],[135.59264,34.52733],[135.5934,34.52711],[135.59391,34.52697],[135.59435,34.52687],[135.5943,34.52672],[135.59425,34.52657],[135.59418,34.52635],[135.59415,34.52625],[135.59405,34.52593]]]}},{"type":"Feature","properties":{"name":"清水町","setai":1087,"jinko":2087,"key":"272140150","units":1},"geometry":{"type":"Polygon","coordinates":[[[135.60931,34.50478],[135.60929,34.50462],[135.60929,34.50456],[135.60929,34.5044],[135.60929,34.50432],[135.60929,34.50408],[135.60929,34.50395],[135.60929,34.50389],[135.60949,34.50391],[135.60977,34.50392],[135.60992,34.50404],[135.61006,34.50413],[135.61031,34.50417],[135.61036,34.50403],[135.61081,34.50384],[135.61101,34.50388],[135.61109,34.50372],[135.61123,34.50347],[135.6114,34.50317],[135.61154,34.50299],[135.61176,34.50276],[135.61201,34.50254],[135.61228,34.50233],[135.61215,34.50222],[135.61215,34.50222],[135.61213,34.5022],[135.61213,34.5022],[135.61199,34.50211],[135.61181,34.50194],[135.61158,34.50175],[135.61156,34.50173],[135.61153,34.5017],[135.61146,34.50164],[135.61142,34.50162],[135.61135,34.50158],[135.61092,34.50133],[135.61088,34.50131],[135.61044,34.5011],[135.60907,34.50047],[135.60867,34.5003],[135.60843,34.50019],[135.6079,34.49996],[135.6076,34.49984],[135.60731,34.49972],[135.60727,34.49971],[135.60723,34.4997],[135.60718,34.49967],[135.60682,34.49953],[135.60659,34.49944],[135.60626,34.4999],[135.60639,34.49997],[135.60654,34.50004],[135.60684,34.5002],[135.60683,34.50021],[135.60684,34.50022],[135.60679,34.50029],[135.60678,34.50031],[135.60676,34.50034],[135.60673,34.50038],[135.60671,34.50041],[135.6067,34.50042],[135.6067,34.50042],[135.60669,34.50043],[135.60666,34.50044],[135.60664,34.50045],[135.60657,34.50046],[135.60651,34.50048],[135.60638,34.50058],[135.60638,34.50058],[135.60628,34.5007],[135.60629,34.50081],[135.6064,34.50148],[135.60645,34.50147],[135.60659,34.50145],[135.60673,34.50143],[135.60681,34.50142],[135.60693,34.50147],[135.60709,34.50151],[135.60717,34.50147],[135.60738,34.50133],[135.60746,34.5016],[135.60754,34.50167],[135.60743,34.50186],[135.60735,34.50187],[135.60738,34.50209],[135.60719,34.50214],[135.60722,34.50222],[135.60714,34.50224],[135.60713,34.50214],[135.60705,34.50223],[135.60698,34.50225],[135.60672,34.50233],[135.60651,34.50239],[135.60622,34.50245],[135.60611,34.50248],[135.60617,34.50255],[135.6063,34.50277],[135.60639,34.50291],[135.60649,34.50311],[135.60657,34.50319],[135.60663,34.50341],[135.60674,34.5035],[135.60687,34.50361],[135.60696,34.50368],[135.60693,34.50372],[135.6069,34.50374],[135.60686,34.50374],[135.60681,34.50375],[135.60678,34.50379],[135.60683,34.50382],[135.60696,34.50389],[135.60705,34.50394],[135.60716,34.50396],[135.60725,34.50399],[135.60738,34.50404],[135.60751,34.5041],[135.60763,34.50415],[135.60777,34.5042],[135.60788,34.50422],[135.60791,34.50422],[135.60804,34.50422],[135.6081,34.50423],[135.60819,34.50424],[135.6083,34.50424],[135.60838,34.50427],[135.6085,34.50433],[135.60869,34.50443],[135.60884,34.5045],[135.60893,34.50454],[135.60898,34.50458],[135.60909,34.5047],[135.60919,34.50473],[135.60925,34.50473],[135.60925,34.50479],[135.60929,34.50488],[135.60934,34.50496],[135.60944,34.50505],[135.60949,34.50501],[135.60944,34.50497],[135.60941,34.50494],[135.60933,34.50485],[135.60931,34.50478]]]}},{"type":"Feature","properties":{"name":"若松町一丁目","setai":487,"jinko":915,"key":"27214016001","units":1},"geometry":{"type":"Polygon","coordinates":[[[135.60468,34.50467],[135.60473,34.50463],[135.6048,34.50461],[135.60534,34.50462],[135.60541,34.50461],[135.6055,34.50459],[135.60565,34.50456],[135.60585,34.50454],[135.6059,34.50412],[135.60599,34.50405],[135.6061,34.50397],[135.60618,34.5039],[135.60626,34.50386],[135.60633,34.50383],[135.60635,34.50385],[135.60649,34.50379],[135.6066,34.50376],[135.60667,34.50375],[135.60673,34.50376],[135.60678,34.50379],[135.60681,34.50375],[135.60686,34.50374],[135.6069,34.50374],[135.60693,34.50372],[135.60696,34.50368],[135.60687,34.50361],[135.60674,34.5035],[135.60663,34.50341],[135.60657,34.50319],[135.60649,34.50311],[135.60639,34.50291],[135.6063,34.50277],[135.60617,34.50255],[135.60611,34.50248],[135.60622,34.50245],[135.60651,34.50239],[135.60672,34.50233],[135.60698,34.50225],[135.60705,34.50223],[135.60713,34.50214],[135.60714,34.50224],[135.60722,34.50222],[135.60719,34.50214],[135.60738,34.50209],[135.60735,34.50187],[135.60743,34.50186],[135.60754,34.50167],[135.60746,34.5016],[135.60738,34.50133],[135.60717,34.50147],[135.60709,34.50151],[135.60693,34.50147],[135.60681,34.50142],[135.60673,34.50143],[135.60659,34.50145],[135.60645,34.50147],[135.6064,34.50148],[135.6062,34.50152],[135.60598,34.50155],[135.60583,34.50156],[135.60573,34.50156],[135.60571,34.5015],[135.60569,34.50148],[135.60567,34.5014],[135.60563,34.50132],[135.60557,34.50119],[135.60556,34.50118],[135.60549,34.50109],[135.6054,34.501],[135.60536,34.50096],[135.60518,34.50116],[135.60497,34.5014],[135.60493,34.50147],[135.6049,34.50151],[135.60472,34.50177],[135.60465,34.50161],[135.60436,34.50161],[135.6041,34.50168],[135.60392,34.50174],[135.60357,34.50182],[135.60353,34.50183],[135.60338,34.50188],[135.60335,34.50202],[135.60312,34.50205],[135.60287,34.50208],[135.60279,34.50209],[135.60268,34.50211],[135.60242,34.50212],[135.60242,34.50235],[135.60248,34.50283],[135.6025,34.50286],[135.60255,34.50292],[135.60259,34.50298],[135.60263,34.50303],[135.60266,34.50307],[135.60267,34.50315],[135.60271,34.50326],[135.60277,34.5034],[135.60284,34.50368],[135.60286,34.50376],[135.6029,34.50377],[135.60294,34.50379],[135.60296,34.50382],[135.60295,34.50387],[135.60296,34.5041],[135.60297,34.50412],[135.60298,34.50426],[135.603,34.50428],[135.60301,34.50454],[135.60301,34.50458],[135.60301,34.50464],[135.60322,34.50465],[135.60328,34.50465],[135.60346,34.50466],[135.60363,34.50467],[135.6038,34.50465],[135.60391,34.50464],[135.60401,34.50464],[135.60412,34.50466],[135.60431,34.50466],[135.6044,34.50468],[135.60456,34.50468],[135.60468,34.50467]]]}},{"type":"Feature","properties":{"name":"若松町二丁目","setai":293,"jinko":669,"key":"27214016002","units":1},"geometry":{"type":"Polygon","coordinates":[[[135.60704,34.50683],[135.60701,34.5063],[135.60704,34.50624],[135.60706,34.50621],[135.60703,34.50604],[135.60702,34.50594],[135.60699,34.50579],[135.60689,34.50531],[135.60676,34.50478],[135.60672,34.50462],[135.60671,34.50456],[135.60667,34.5044],[135.60659,34.50412],[135.60648,34.50397],[135.60635,34.50388],[135.60635,34.50385],[135.60633,34.50383],[135.60626,34.50386],[135.60618,34.5039],[135.6061,34.50397],[135.60599,34.50405],[135.6059,34.50412],[135.60585,34.50454],[135.60565,34.50456],[135.6055,34.50459],[135.60541,34.50461],[135.60534,34.50462],[135.6048,34.50461],[135.60473,34.50463],[135.60468,34.50467],[135.60456,34.50468],[135.6044,34.50468],[135.60431,34.50466],[135.60412,34.50466],[135.60401,34.50464],[135.60391,34.50464],[135.6038,34.50465],[135.60363,34.50467],[135.60346,34.50466],[135.60328,34.50465],[135.60322,34.50465],[135.60301,34.50464],[135.60299,34.50469],[135.60297,34.50476],[135.60296,34.50487],[135.60295,34.50494],[135.60292,34.50493],[135.60274,34.50492],[135.60252,34.5053],[135.60262,34.50539],[135.60272,34.50546],[135.6028,34.50553],[135.60289,34.50561],[135.6031,34.50582],[135.60332,34.50607],[135.60347,34.50629],[135.60365,34.50655],[135.60375,34.50677],[135.60446,34.50675],[135.60509,34.50673],[135.60551,34.50673],[135.60582,34.50673],[135.60581,34.50688],[135.60704,34.50683]]]}},{"type":"Feature","properties":{"name":"若松町三丁目","setai":197,"jinko":479,"key":"27214016003","units":1},"geometry":{"type":"Polygon","coordinates":[[[135.60962,34.50511],[135.60949,34.50501],[135.60944,34.50505],[135.60934,34.50496],[135.60929,34.50488],[135.60925,34.50479],[135.60925,34.50473],[135.60919,34.50473],[135.60909,34.5047],[135.60898,34.50458],[135.60893,34.50454],[135.60884,34.5045],[135.60869,34.50443],[135.6085,34.50433],[135.60838,34.50427],[135.6083,34.50424],[135.60819,34.50424],[135.6081,34.50423],[135.60804,34.50422],[135.60791,34.50422],[135.60788,34.50422],[135.60777,34.5042],[135.60763,34.50415],[135.60751,34.5041],[135.60738,34.50404],[135.60725,34.50399],[135.60716,34.50396],[135.60705,34.50394],[135.60696,34.50389],[135.60683,34.50382],[135.60678,34.50379],[135.60673,34.50376],[135.60667,34.50375],[135.6066,34.50376],[135.60649,34.50379],[135.60635,34.50385],[135.60635,34.50388],[135.60648,34.50397],[135.60659,34.50412],[135.60667,34.5044],[135.60671,34.50456],[135.60672,34.50462],[135.60676,34.50478],[135.60689,34.50531],[135.60699,34.50579],[135.60702,34.50594],[135.60703,34.50604],[135.60706,34.50621],[135.60704,34.50624],[135.60701,34.5063],[135.60704,34.50683],[135.60819,34.50679],[135.60824,34.50679],[135.60823,34.50663],[135.60861,34.50662],[135.60883,34.5066],[135.60898,34.50657],[135.60953,34.50642],[135.60966,34.5064],[135.61002,34.50636],[135.61026,34.50634],[135.61034,34.50633],[135.61005,34.50584],[135.60996,34.50565],[135.60994,34.50562],[135.60984,34.50543],[135.60974,34.50522],[135.60962,34.50511]]]}},{"type":"Feature","properties":{"name":"若松町四丁目","setai":512,"jinko":966,"key":"27214016004","units":1},"geometry":{"type":"Polygon","coordinates":[[[135.60827,34.51076],[135.60848,34.51075],[135.60864,34.51075],[135.60883,34.51075],[135.60904,34.51075],[135.6092,34.51073],[135.60939,34.51069],[135.60948,34.51065],[135.60971,34.51066],[135.60986,34.51066],[135.60997,34.51063],[135.6101,34.51056],[135.61024,34.51049],[135.61038,34.51048],[135.61051,34.51048],[135.61066,34.5105],[135.61085,34.51048],[135.61111,34.5105],[135.61108,34.51038],[135.61096,34.51016],[135.61088,34.51008],[135.61076,34.50999],[135.61069,34.50989],[135.61063,34.50974],[135.61061,34.50966],[135.6106,34.50958],[135.61059,34.50955],[135.61057,34.50922],[135.61055,34.5089],[135.61051,34.50857],[135.61051,34.50822],[135.61051,34.50814],[135.61055,34.50756],[135.61058,34.5071],[135.61057,34.50689],[135.61062,34.50686],[135.61053,34.50673],[135.61044,34.50651],[135.61034,34.50633],[135.61026,34.50634],[135.61002,34.50636],[135.60966,34.5064],[135.60953,34.50642],[135.60898,34.50657],[135.60883,34.5066],[135.60861,34.50662],[135.60823,34.50663],[135.60824,34.50679],[135.60819,34.50679],[135.60704,34.50683],[135.60709,34.50743],[135.60713,34.50786],[135.60717,34.50791],[135.60719,34.50817],[135.60721,34.50873],[135.60722,34.50875],[135.60724,34.50898],[135.60727,34.50908],[135.60745,34.50941],[135.60763,34.50972],[135.60777,34.50996],[135.60789,34.5102],[135.60792,34.51038],[135.60797,34.51062],[135.608,34.51074],[135.608,34.51074],[135.608,34.51077],[135.60827,34.51076]]]}},{"type":"Feature","properties":{"name":"若松町五丁目","setai":305,"jinko":663,"key":"27214016005","units":1},"geometry":{"type":"Polygon","coordinates":[[[135.60499,34.51085],[135.60558,34.51081],[135.60587,34.51083],[135.60635,34.51085],[135.60671,34.51083],[135.60724,34.51081],[135.60753,34.51079],[135.608,34.51077],[135.608,34.51074],[135.608,34.51074],[135.60797,34.51062],[135.60792,34.51038],[135.60789,34.5102],[135.60777,34.50996],[135.60763,34.50972],[135.60745,34.50941],[135.60727,34.50908],[135.60724,34.50898],[135.60722,34.50875],[135.60721,34.50873],[135.60719,34.50817],[135.60717,34.50791],[135.60713,34.50786],[135.60709,34.50743],[135.60704,34.50683],[135.60581,34.50688],[135.60582,34.50673],[135.60551,34.50673],[135.60509,34.50673],[135.60446,34.50675],[135.60375,34.50677],[135.6038,34.50692],[135.60386,34.50707],[135.60392,34.50726],[135.60404,34.50775],[135.60412,34.50814],[135.60426,34.50876],[135.60426,34.50879],[135.60449,34.5098],[135.60464,34.51051],[135.60468,34.51065],[135.60471,34.51081],[135.60473,34.51085],[135.60499,34.51085]]]}},{"type":"Feature","properties":{"name":"若松町東一丁目","setai":93,"jinko":148,"key":"27214017001","units":1},"geometry":{"type":"Polygon","coordinates":[[[135.61653,34.50685],[135.61632,34.50647],[135.61587,34.50589],[135.61538,34.50525],[135.61506,34.50485],[135.61488,34.50468],[135.61446,34.50429],[135.61402,34.50389],[135.61346,34.50342],[135.613,34.50299],[135.61289,34.50289],[135.61247,34.5025],[135.61228,34.50233],[135.61201,34.50254],[135.61176,34.50276],[135.61154,34.50299],[135.6114,34.50317],[135.61123,34.50347],[135.61109,34.50372],[135.61101,34.50388],[135.61081,34.50384],[135.61036,34.50403],[135.61031,34.50417],[135.61006,34.50413],[135.60992,34.50404],[135.60977,34.50392],[135.60949,34.50391],[135.60929,34.50389],[135.60929,34.50395],[135.60929,34.50408],[135.60929,34.50432],[135.60929,34.5044],[135.60929,34.50456],[135.60929,34.50462],[135.60931,34.50478],[135.60933,34.50485],[135.60941,34.50494],[135.60944,34.50497],[135.60949,34.50501],[135.60962,34.50511],[135.60974,34.50522],[135.60984,34.50543],[135.60994,34.50562],[135.60996,34.50565],[135.61005,34.50584],[135.61034,34.50633],[135.61044,34.50651],[135.61053,34.50673],[135.61062,34.50686],[135.61118,34.50681],[135.61208,34.50682],[135.61306,34.50682],[135.6131,34.50682],[135.61421,34.50681],[135.61424,34.50681],[135.6154,34.5068],[135.61566,34.5072],[135.61598,34.50771],[135.6162,34.50812],[135.61644,34.50857],[135.61662,34.50902],[135.61784,34.50887],[135.61786,34.50883],[135.6179,34.50873],[135.61797,34.50862],[135.618,34.50851],[135.61798,34.50839],[135.61789,34.50814],[135.61787,34.50809],[135.61784,34.50804],[135.61782,34.50798],[135.61771,34.50788],[135.61736,34.5077],[135.61705,34.50752],[135.61687,34.50739],[135.61676,34.50729],[135.61675,34.50722],[135.61653,34.50685]]]}},{"type":"Feature","properties":{"name":"若松町東二丁目","setai":53,"jinko":85,"key":"27214017002","units":1},"geometry":{"type":"Polygon","coordinates":[[[135.61311,34.50818],[135.61306,34.50682],[135.61208,34.50682],[135.61118,34.50681],[135.61062,34.50686],[135.61057,34.50689],[135.61058,34.5071],[135.61055,34.50756],[135.61051,34.50814],[135.61051,34.50822],[135.61051,34.50857],[135.61055,34.5089],[135.61057,34.50922],[135.61059,34.50955],[135.6106,34.50958],[135.61061,34.50966],[135.61063,34.50974],[135.61121,34.50974],[135.6121,34.50972],[135.61313,34.50972],[135.61311,34.50818]]]}},{"type":"Feature","properties":{"name":"若松町東三丁目","setai":0,"jinko":0,"key":"27214017003","units":1},"geometry":{"type":"Polygon","coordinates":[[[135.61566,34.5072],[135.6154,34.5068],[135.61424,34.50681],[135.61421,34.50681],[135.6131,34.50682],[135.61306,34.50682],[135.61311,34.50818],[135.61313,34.50972],[135.61316,34.51122],[135.61432,34.51123],[135.61504,34.51123],[135.61669,34.51122],[135.61673,34.51052],[135.61673,34.50964],[135.61669,34.5093],[135.61662,34.50902],[135.61644,34.50857],[135.6162,34.50812],[135.61598,34.50771],[135.61566,34.5072]]]}},{"type":"Feature","properties":{"name":"若松町西一丁目","setai":442,"jinko":862,"key":"27214018001","units":1},"geometry":{"type":"Polygon","coordinates":[[[135.60197,34.50495],[135.60186,34.5049],[135.60179,34.50487],[135.60177,34.50491],[135.60087,34.50488],[135.60038,34.50489],[135.60005,34.50491],[135.59998,34.50492],[135.59978,34.50493],[135.59953,34.50493],[135.59873,34.50494],[135.59856,34.50495],[135.59846,34.50496],[135.59818,34.505],[135.59743,34.50502],[135.59717,34.50554],[135.59714,34.50558],[135.5973,34.50569],[135.59743,34.50576],[135.59757,34.50584],[135.59762,34.5059],[135.59766,34.50602],[135.59773,34.50611],[135.59781,34.5062],[135.59791,34.50631],[135.59834,34.50695],[135.59927,34.50692],[135.60023,34.5069],[135.60186,34.50683],[135.60247,34.5068],[135.60267,34.5068],[135.6032,34.50678],[135.60362,34.50677],[135.60375,34.50677],[135.60365,34.50655],[135.60347,34.50629],[135.60332,34.50607],[135.6031,34.50582],[135.60289,34.50561],[135.6028,34.50553],[135.60272,34.50546],[135.60262,34.50539],[135.60252,34.5053],[135.60232,34.50516],[135.60217,34.50507],[135.60197,34.50495]]]}},{"type":"Feature","properties":{"name":"若松町西二丁目","setai":128,"jinko":238,"key":"27214018002","units":1},"geometry":{"type":"Polygon","coordinates":[[[135.60056,34.50875],[135.60109,34.50875],[135.60331,34.50876],[135.60379,34.50876],[135.60426,34.50876],[135.60412,34.50814],[135.60404,34.50775],[135.60392,34.50726],[135.60386,34.50707],[135.6038,34.50692],[135.60375,34.50677],[135.60362,34.50677],[135.6032,34.50678],[135.60267,34.5068],[135.60247,34.5068],[135.60186,34.50683],[135.60023,34.5069],[135.6002,34.50786],[135.60044,34.50875],[135.60056,34.50875]]]}},{"type":"Feature","properties":{"name":"若松町西三丁目","setai":68,"jinko":163,"key":"27214018003","units":1},"geometry":{"type":"Polygon","coordinates":[[[135.60464,34.51051],[135.60449,34.5098],[135.60426,34.50879],[135.60426,34.50876],[135.60379,34.50876],[135.60331,34.50876],[135.60109,34.50875],[135.60056,34.50875],[135.60097,34.50962],[135.60108,34.50986],[135.60115,34.50998],[135.60126,34.50998],[135.60132,34.51002],[135.6014,34.51009],[135.60153,34.51017],[135.60157,34.51023],[135.60162,34.51034],[135.60171,34.51039],[135.60188,34.51045],[135.60194,34.51048],[135.60198,34.51053],[135.60202,34.5106],[135.6021,34.51087],[135.60248,34.51087],[135.60308,34.51087],[135.60358,34.51086],[135.60383,34.51085],[135.60473,34.51085],[135.60471,34.51081],[135.60468,34.51065],[135.60464,34.51051]]]}},{"type":"Feature","properties":{"name":"緑ケ丘町","setai":218,"jinko":496,"key":"272140190","units":1},"geometry":{"type":"Polygon","coordinates":[[[135.60047,34.5114],[135.60048,34.5114],[135.60071,34.51141],[135.6009,34.51139],[135.60101,34.51135],[135.60107,34.51129],[135.60118,34.5112],[135.6014,34.51115],[135.60155,34.51114],[135.60196,34.51112],[135.60191,34.51089],[135.6021,34.51087],[135.60202,34.5106],[135.60198,34.51053],[135.60194,34.51048],[135.60188,34.51045],[135.60171,34.51039],[135.60162,34.51034],[135.60157,34.51023],[135.60153,34.51017],[135.6014,34.51009],[135.60132,34.51002],[135.60126,34.50998],[135.60115,34.50998],[135.60108,34.50986],[135.60097,34.50962],[135.60056,34.50875],[135.60044,34.50875],[135.60036,34.50876],[135.59972,34.50876],[135.59949,34.50873],[135.59945,34.50873],[135.59871,34.50863],[135.59868,34.50864],[135.59867,34.50891],[135.59867,34.50899],[135.59856,34.50945],[135.59855,34.50948],[135.59865,34.5095],[135.59873,34.50953],[135.59878,34.50957],[135.59881,34.5096],[135.59894,34.50977],[135.59906,34.50994],[135.59912,34.51003],[135.5992,34.51012],[135.59928,34.51021],[135.59942,34.5103],[135.59951,34.51034],[135.59963,34.51045],[135.59976,34.51058],[135.59983,34.51067],[135.60001,34.51075],[135.60001,34.51086],[135.60003,34.51089],[135.60008,34.51096],[135.60008,34.51101],[135.60005,34.51106],[135.60004,34.51109],[135.60005,34.51119],[135.60008,34.51135],[135.60008,34.51143],[135.60002,34.5115],[135.59998,34.51152],[135.59997,34.5116],[135.60008,34.51159],[135.60013,34.51157],[135.60014,34.51157],[135.60024,34.51152],[135.60031,34.51148],[135.60037,34.51144],[135.60037,34.51144],[135.60047,34.5114]]]}},{"type":"Feature","properties":{"name":"中野町一丁目","setai":147,"jinko":324,"key":"27214020101","units":1},"geometry":{"type":"Polygon","coordinates":[[[135.60558,34.5148],[135.60568,34.5148],[135.60577,34.5148],[135.60658,34.51479],[135.60763,34.51474],[135.60829,34.51471],[135.60833,34.5147],[135.60883,34.5147],[135.60875,34.51426],[135.60864,34.51372],[135.60849,34.51302],[135.60843,34.5127],[135.60828,34.51181],[135.60813,34.51131],[135.608,34.51077],[135.60753,34.51079],[135.60724,34.51081],[135.60671,34.51083],[135.60635,34.51085],[135.60587,34.51083],[135.60558,34.51081],[135.60499,34.51085],[135.60473,34.51085],[135.60473,34.5109],[135.60513,34.51276],[135.60558,34.5148]]]}},{"type":"Feature","properties":{"name":"中野町二丁目","setai":264,"jinko":571,"key":"27214020102","units":1},"geometry":{"type":"Polygon","coordinates":[[[135.60972,34.51422],[135.61007,34.51422],[135.61063,34.51424],[135.61067,34.5142],[135.61066,34.51403],[135.61066,34.51398],[135.61067,34.51397],[135.61101,34.51397],[135.61131,34.51397],[135.61142,34.51394],[135.61156,34.5139],[135.61171,34.51385],[135.61169,34.51374],[135.61172,34.51283],[135.61168,34.51256],[135.61166,34.51247],[135.61166,34.51246],[135.61166,34.51245],[135.61165,34.51243],[135.6116,34.51232],[135.61155,34.51225],[135.61149,34.51215],[135.61148,34.51201],[135.61146,34.51184],[135.61141,34.51166],[135.61136,34.51144],[135.61126,34.51144],[135.61126,34.51144],[135.61126,34.51144],[135.61126,34.51137],[135.61114,34.51137],[135.61114,34.51132],[135.61114,34.51131],[135.61117,34.51124],[135.61119,34.51113],[135.61117,34.511],[135.61117,34.5109],[135.6112,34.51082],[135.61116,34.51064],[135.61114,34.51057],[135.61111,34.5105],[135.61085,34.51048],[135.61066,34.5105],[135.61051,34.51048],[135.61038,34.51048],[135.61024,34.51049],[135.6101,34.51056],[135.60997,34.51063],[135.60986,34.51066],[135.60971,34.51066],[135.60948,34.51065],[135.60939,34.51069],[135.6092,34.51073],[135.60904,34.51075],[135.60883,34.51075],[135.60864,34.51075],[135.60848,34.51075],[135.60827,34.51076],[135.608,34.51077],[135.60813,34.51131],[135.60828,34.51181],[135.60843,34.5127],[135.60849,34.51302],[135.60864,34.51372],[135.60875,34.51426],[135.60925,34.51424],[135.60948,34.51422],[135.60972,34.51422]]]}},{"type":"Feature","properties":{"name":"中野町三丁目","setai":411,"jinko":948,"key":"27214020103","units":1},"geometry":{"type":"Polygon","coordinates":[[[135.6093,34.51693],[135.60935,34.51693],[135.61007,34.51699],[135.61026,34.517],[135.61078,34.51703],[135.61156,34.51704],[135.61186,34.51705],[135.61254,34.51703],[135.6128,34.51703],[135.61302,34.51703],[135.61359,34.51701],[135.61425,34.51697],[135.61421,34.51691],[135.61412,34.5168],[135.61385,34.5165],[135.61373,34.51637],[135.61367,34.51627],[135.61364,34.51611],[135.61363,34.51606],[135.61361,34.51597],[135.6136,34.51589],[135.61359,34.51583],[135.61357,34.51579],[135.61351,34.51574],[135.61349,34.51573],[135.61338,34.51565],[135.61317,34.51545],[135.6129,34.51535],[135.61278,34.51529],[135.61267,34.51523],[135.61264,34.51521],[135.61257,34.51517],[135.61255,34.51514],[135.61244,34.515],[135.61244,34.51493],[135.61242,34.51486],[135.61242,34.51479],[135.61238,34.51445],[135.61236,34.51438],[135.6123,34.51381],[135.6123,34.51378],[135.61221,34.51378],[135.61171,34.51385],[135.61156,34.5139],[135.61142,34.51394],[135.61131,34.51397],[135.61101,34.51397],[135.61067,34.51397],[135.61066,34.51398],[135.61066,34.51403],[135.61067,34.5142],[135.61063,34.51424],[135.61007,34.51422],[135.60972,34.51422],[135.60948,34.51422],[135.60925,34.51424],[135.60875,34.51426],[135.60883,34.5147],[135.60833,34.5147],[135.60829,34.51471],[135.60827,34.51478],[135.60825,34.51492],[135.60824,34.51506],[135.60822,34.51513],[135.60819,34.51529],[135.60818,34.51551],[135.6082,34.51558],[135.60824,34.5157],[135.6083,34.51587],[135.60832,34.51595],[135.60833,34.51601],[135.60833,34.51608],[135.60833,34.51618],[135.60831,34.51628],[135.6083,34.5164],[135.60831,34.51647],[135.60834,34.51656],[135.60841,34.51681],[135.60852,34.51722],[135.60866,34.51718],[135.60915,34.51708],[135.60909,34.51695],[135.60921,34.51694],[135.6093,34.51693]]]}},{"type":"Feature","properties":{"name":"大字中野","setai":3,"jinko":5,"key":"272140202","units":1},"geometry":{"type":"Polygon","coordinates":[[[135.6011,34.51399],[135.60121,34.51397],[135.60121,34.51394],[135.60139,34.5139],[135.60132,34.51372],[135.60116,34.51374],[135.60106,34.51365],[135.60087,34.51368],[135.60074,34.51379],[135.60068,34.51386],[135.60063,34.51387],[135.60056,34.51385],[135.60048,34.51382],[135.60041,34.51384],[135.60037,34.51387],[135.60032,34.51393],[135.60028,34.51396],[135.60024,34.51396],[135.60016,34.51395],[135.60005,34.51393],[135.59998,34.51404],[135.59994,34.5141],[135.60007,34.51413],[135.60008,34.51413],[135.60015,34.51417],[135.60019,34.51422],[135.60026,34.51428],[135.60034,34.51433],[135.6004,34.51434],[135.60048,34.51435],[135.60058,34.51422],[135.60065,34.51414],[135.60078,34.51405],[135.60091,34.51401],[135.6011,34.51399]]]}},{"type":"Feature","properties":{"name":"中野町東一丁目","setai":2,"jinko":8,"key":"27214021001","units":1},"geometry":{"type":"Polygon","coordinates":[[[135.6132,34.51379],[135.61318,34.51255],[135.61317,34.51128],[135.61316,34.51122],[135.61313,34.50972],[135.6121,34.50972],[135.61121,34.50974],[135.61063,34.50974],[135.61069,34.50989],[135.61076,34.50999],[135.61088,34.51008],[135.61096,34.51016],[135.61108,34.51038],[135.61111,34.5105],[135.61114,34.51057],[135.61116,34.51064],[135.6112,34.51082],[135.61117,34.5109],[135.61117,34.511],[135.61119,34.51113],[135.61117,34.51124],[135.61114,34.51131],[135.61114,34.51132],[135.61114,34.51137],[135.61126,34.51137],[135.61126,34.51144],[135.61126,34.51144],[135.61126,34.51144],[135.61136,34.51144],[135.61141,34.51166],[135.61146,34.51184],[135.61148,34.51201],[135.61149,34.51215],[135.61155,34.51225],[135.6116,34.51232],[135.61165,34.51243],[135.61166,34.51245],[135.61166,34.51246],[135.61166,34.51247],[135.61168,34.51256],[135.61172,34.51283],[135.61169,34.51374],[135.61171,34.51385],[135.61221,34.51378],[135.6123,34.51378],[135.6123,34.51381],[135.61236,34.51438],[135.61238,34.51445],[135.61242,34.51479],[135.61242,34.51486],[135.61244,34.51493],[135.61244,34.515],[135.61255,34.51514],[135.61257,34.51517],[135.61264,34.51521],[135.61267,34.51523],[135.61278,34.51529],[135.6129,34.51535],[135.61317,34.51545],[135.61326,34.51546],[135.61325,34.51514],[135.61318,34.51437],[135.6132,34.51379]]]}},{"type":"Feature","properties":{"name":"中野町東二丁目","setai":0,"jinko":0,"key":"27214021002","units":1},"geometry":{"type":"Polygon","coordinates":[[[135.6167,34.51212],[135.61669,34.51122],[135.61504,34.51123],[135.61432,34.51123],[135.61316,34.51122],[135.61317,34.51128],[135.61318,34.51255],[135.6132,34.51379],[135.61318,34.51437],[135.61325,34.51514],[135.61326,34.51546],[135.61385,34.51545],[135.61512,34.51543],[135.61526,34.51543],[135.61594,34.51542],[135.61639,34.51542],[135.61689,34.51541],[135.61704,34.51541],[135.61701,34.51516],[135.61699,34.5147],[135.61689,34.51372],[135.61682,34.51337],[135.61681,34.51294],[135.6167,34.51212]]]}},{"type":"Feature","properties":{"name":"中野町西一丁目","setai":4,"jinko":10,"key":"27214022001","units":1},"geometry":{"type":"Polygon","coordinates":[[[135.60513,34.51276],[135.60473,34.5109],[135.60473,34.51085],[135.60383,34.51085],[135.60358,34.51086],[135.60308,34.51087],[135.60248,34.51087],[135.6021,34.51087],[135.60191,34.51089],[135.60196,34.51112],[135.60155,34.51114],[135.6014,34.51115],[135.60118,34.5112],[135.60107,34.51129],[135.60101,34.51135],[135.6009,34.51139],[135.60071,34.51141],[135.60104,34.5119],[135.60109,34.51206],[135.60113,34.51219],[135.60115,34.51234],[135.60113,34.51242],[135.60112,34.51247],[135.60112,34.51257],[135.60112,34.51265],[135.60112,34.51274],[135.60112,34.51279],[135.60141,34.51277],[135.60145,34.5128],[135.60151,34.51284],[135.60164,34.51287],[135.60182,34.51289],[135.60217,34.51287],[135.60222,34.51283],[135.60254,34.51283],[135.60345,34.5128],[135.60358,34.51277],[135.6038,34.51277],[135.60453,34.51276],[135.60513,34.51276]]]}},{"type":"Feature","properties":{"name":"中野町西二丁目","setai":9,"jinko":115,"key":"27214022002","units":1},"geometry":{"type":"Polygon","coordinates":[[[135.60382,34.51484],[135.60395,34.51484],[135.60411,34.51485],[135.6042,34.51485],[135.60461,34.51485],[135.60558,34.5148],[135.60513,34.51276],[135.60453,34.51276],[135.6038,34.51277],[135.60358,34.51277],[135.60345,34.5128],[135.60254,34.51283],[135.60222,34.51283],[135.60217,34.51287],[135.60182,34.51289],[135.60164,34.51287],[135.60151,34.51284],[135.60145,34.5128],[135.60141,34.51277],[135.60112,34.51279],[135.60108,34.513],[135.60109,34.51314],[135.60109,34.51315],[135.60108,34.51317],[135.60103,34.51333],[135.601,34.51353],[135.60106,34.51365],[135.60116,34.51374],[135.60132,34.51372],[135.60139,34.5139],[135.60121,34.51394],[135.60121,34.51397],[135.6011,34.51399],[135.60111,34.51417],[135.60111,34.5143],[135.60111,34.51432],[135.60083,34.51436],[135.60081,34.5144],[135.60079,34.5145],[135.60122,34.51481],[135.60137,34.51497],[135.60137,34.51496],[135.60154,34.51483],[135.60173,34.51485],[135.60177,34.51485],[135.60177,34.51486],[135.60193,34.51508],[135.602,34.51506],[135.60206,34.51503],[135.6021,34.51502],[135.60213,34.51501],[135.60224,34.515],[135.60237,34.51498],[135.60253,34.51496],[135.60259,34.51494],[135.60266,34.51492],[135.60279,34.51489],[135.60292,34.51486],[135.60298,34.51486],[135.60318,34.51485],[135.60364,34.51485],[135.60382,34.51484]]]}},{"type":"Feature","properties":{"name":"大字新堂","setai":234,"jinko":508,"key":"272140230","units":1},"geometry":{"type":"Polygon","coordinates":[[[135.5831,34.51878],[135.58325,34.51862],[135.58335,34.51869],[135.58356,34.51882],[135.58363,34.51888],[135.58363,34.51905],[135.58363,34.51911],[135.58366,34.51911],[135.5838,34.51912],[135.58396,34.51911],[135.58412,34.51907],[135.58425,34.51905],[135.58451,34.51907],[135.58459,34.5191],[135.58469,34.51911],[135.58485,34.51909],[135.58502,34.51914],[135.58528,34.51921],[135.58556,34.51925],[135.58579,34.51929],[135.58608,34.51903],[135.58635,34.51883],[135.58657,34.51869],[135.58686,34.5185],[135.58725,34.51823],[135.58751,34.5181],[135.58769,34.51806],[135.5879,34.51803],[135.58806,34.51807],[135.58828,34.51812],[135.58854,34.51818],[135.58869,34.51819],[135.58897,34.51819],[135.5892,34.51818],[135.58926,34.51818],[135.58946,34.51818],[135.58964,34.51819],[135.58985,34.5182],[135.58995,34.51812],[135.59003,34.51806],[135.59011,34.518],[135.59036,34.51804],[135.59059,34.5181],[135.59081,34.51808],[135.5911,34.51804],[135.59137,34.51801],[135.59169,34.518],[135.59214,34.518],[135.59283,34.51804],[135.59364,34.5181],[135.5942,34.51813],[135.59458,34.51817],[135.59488,34.51813],[135.59541,34.51802],[135.59557,34.51797],[135.5959,34.51795],[135.59604,34.51801],[135.59617,34.51806],[135.59634,34.51803],[135.59638,34.51798],[135.59645,34.51788],[135.59652,34.51783],[135.59664,34.51775],[135.59673,34.51768],[135.59683,34.51762],[135.59685,34.51752],[135.59685,34.51745],[135.59726,34.51743],[135.59726,34.51743],[135.59726,34.51742],[135.59728,34.51736],[135.59731,34.51729],[135.59732,34.51728],[135.59732,34.51726],[135.59734,34.51722],[135.59736,34.51718],[135.59737,34.51713],[135.59737,34.5171],[135.59737,34.51707],[135.59735,34.51697],[135.59736,34.5169],[135.59735,34.51683],[135.59734,34.51678],[135.59735,34.51677],[135.59735,34.51676],[135.59738,34.51671],[135.59742,34.51667],[135.59745,34.51666],[135.59749,34.51664],[135.59752,34.5166],[135.59752,34.51657],[135.5975,34.51652],[135.59748,34.51651],[135.59744,34.51648],[135.59742,34.51644],[135.59739,34.51637],[135.59739,34.5163],[135.59736,34.51627],[135.59732,34.51619],[135.59728,34.51614],[135.59723,34.51609],[135.59719,34.51604],[135.59714,34.51598],[135.59715,34.51594],[135.59717,34.51587],[135.59715,34.51576],[135.59708,34.51568],[135.59693,34.51557],[135.59684,34.51553],[135.59681,34.51552],[135.59676,34.51548],[135.59673,34.51544],[135.59667,34.51538],[135.59662,34.51535],[135.5966,34.51532],[135.59661,34.5153],[135.59656,34.51522],[135.59652,34.51515],[135.59652,34.51514],[135.59652,34.51509],[135.59651,34.51509],[135.59648,34.51504],[135.59642,34.51502],[135.59636,34.51498],[135.59633,34.51496],[135.59632,34.51492],[135.5963,34.51484],[135.5963,34.51484],[135.59629,34.51474],[135.59629,34.51466],[135.59628,34.51464],[135.59625,34.5145],[135.59622,34.51446],[135.59617,34.5144],[135.59615,34.51437],[135.59616,34.51436],[135.59616,34.51436],[135.59617,34.51433],[135.59622,34.51429],[135.59627,34.51426],[135.59641,34.51422],[135.59651,34.51419],[135.59675,34.51414],[135.59688,34.51411],[135.59689,34.51411],[135.59697,34.51409],[135.597,34.51408],[135.59702,34.51407],[135.59709,34.51401],[135.59712,34.51399],[135.59717,34.51398],[135.59723,34.51398],[135.59728,34.514],[135.59733,34.51403],[135.59749,34.5141],[135.59757,34.5141],[135.59773,34.51409],[135.59787,34.51408],[135.59808,34.51406],[135.59825,34.51406],[135.5984,34.51405],[135.59851,34.51404],[135.59865,34.51403],[135.59881,34.51401],[135.5989,34.51398],[135.59898,34.51397],[135.59906,34.51399],[135.59912,34.51403],[135.59919,34.51404],[135.59926,34.51402],[135.59936,34.51399],[135.59946,34.51399],[135.59955,34.51399],[135.5996,34.51401],[135.59968,34.51405],[135.59974,34.51408],[135.59982,34.51409],[135.59994,34.5141],[135.59998,34.51404],[135.60005,34.51393],[135.60016,34.51395],[135.60024,34.51396],[135.60028,34.51396],[135.60032,34.51393],[135.60037,34.51387],[135.60041,34.51384],[135.60048,34.51382],[135.60056,34.51385],[135.60063,34.51387],[135.60068,34.51386],[135.60074,34.51379],[135.60087,34.51368],[135.60106,34.51365],[135.601,34.51353],[135.60103,34.51333],[135.60108,34.51317],[135.60109,34.51315],[135.60109,34.51314],[135.60108,34.513],[135.60112,34.51279],[135.60112,34.51274],[135.60112,34.51265],[135.60112,34.51257],[135.60112,34.51247],[135.60113,34.51242],[135.60115,34.51234],[135.60113,34.51219],[135.60109,34.51206],[135.60104,34.5119],[135.60071,34.51141],[135.60048,34.5114],[135.60047,34.5114],[135.60037,34.51144],[135.60037,34.51144],[135.60031,34.51148],[135.60024,34.51152],[135.60014,34.51157],[135.60013,34.51157],[135.60008,34.51159],[135.59997,34.5116],[135.59998,34.51152],[135.60002,34.5115],[135.60008,34.51143],[135.60008,34.51135],[135.60005,34.51119],[135.60004,34.51109],[135.60005,34.51106],[135.60008,34.51101],[135.60008,34.51096],[135.60003,34.51089],[135.60001,34.51086],[135.60001,34.51075],[135.59983,34.51067],[135.59976,34.51058],[135.59963,34.51045],[135.59951,34.51034],[135.59942,34.5103],[135.59928,34.51021],[135.5992,34.51012],[135.59912,34.51003],[135.59906,34.50994],[135.59894,34.50977],[135.59881,34.5096],[135.59878,34.50957],[135.59873,34.50953],[135.59865,34.5095],[135.59855,34.50948],[135.59856,34.50945],[135.59838,34.5094],[135.59809,34.50929],[135.59797,34.50926],[135.59787,34.50923],[135.59781,34.5092],[135.59776,34.50917],[135.59771,34.50909],[135.59769,34.50901],[135.59767,34.50889],[135.59765,34.50883],[135.59764,34.50877],[135.59763,34.5087],[135.59757,34.50859],[135.59741,34.50827],[135.59737,34.50825],[135.59714,34.50814],[135.59707,34.50808],[135.59699,34.508],[135.59676,34.50777],[135.5967,34.50774],[135.59662,34.50772],[135.59644,34.50767],[135.59634,34.50764],[135.5963,34.50762],[135.59629,34.5076],[135.59627,34.50755],[135.59625,34.50749],[135.59623,34.50744],[135.59621,34.50738],[135.59621,34.50731],[135.59621,34.50725],[135.59626,34.50717],[135.59627,34.50716],[135.5963,34.5071],[135.59631,34.50708],[135.59634,34.50701],[135.59638,34.50696],[135.59639,34.50695],[135.59634,34.50693],[135.59633,34.50686],[135.59632,34.5068],[135.59628,34.50675],[135.59624,34.50668],[135.59622,34.50666],[135.59618,34.50663],[135.59615,34.50663],[135.59613,34.50663],[135.59613,34.50663],[135.59612,34.50662],[135.59611,34.50659],[135.59611,34.50658],[135.59609,34.50653],[135.59607,34.50647],[135.59605,34.50641],[135.59602,34.50634],[135.59598,34.50627],[135.59592,34.50624],[135.59587,34.50621],[135.59581,34.5062],[135.59575,34.50619],[135.59568,34.50619],[135.59564,34.50619],[135.59556,34.50618],[135.59546,34.50614],[135.59539,34.50611],[135.59533,34.50605],[135.59528,34.50599],[135.59526,34.50593],[135.59525,34.50588],[135.59527,34.5058],[135.59529,34.50573],[135.5953,34.50569],[135.59533,34.50561],[135.59539,34.50548],[135.59539,34.50536],[135.5954,34.50522],[135.59541,34.50504],[135.59542,34.50493],[135.59543,34.5048],[135.59543,34.50471],[135.59541,34.50467],[135.59538,34.5046],[135.59464,34.50474],[135.59448,34.50447],[135.59419,34.50443],[135.59419,34.50443],[135.59411,34.50442],[135.59408,34.50441],[135.59408,34.50439],[135.59408,34.50439],[135.59408,34.50437],[135.59408,34.50436],[135.59411,34.50431],[135.59412,34.50429],[135.59414,34.50421],[135.59413,34.50415],[135.59413,34.50415],[135.59407,34.50408],[135.59398,34.50401],[135.59389,34.50398],[135.59375,34.50395],[135.59361,34.50394],[135.5935,34.50393],[135.59323,34.50391],[135.59309,34.50388],[135.59312,34.50409],[135.59312,34.50413],[135.59313,34.50416],[135.59311,34.50417],[135.59311,34.50418],[135.59306,34.50421],[135.59312,34.50427],[135.59312,34.50428],[135.59314,34.50433],[135.59315,34.50434],[135.59313,34.50439],[135.59313,34.5044],[135.59313,34.5044],[135.59313,34.5044],[135.59313,34.5044],[135.5931,34.50444],[135.59313,34.50451],[135.59309,34.50466],[135.59307,34.50477],[135.59302,34.50479],[135.59294,34.50477],[135.59282,34.50475],[135.59263,34.5047],[135.59252,34.50469],[135.59239,34.50469],[135.5923,34.50473],[135.59222,34.50482],[135.59216,34.50485],[135.59209,34.50488],[135.59201,34.50488],[135.59197,34.50488],[135.5919,34.50486],[135.59183,34.50483],[135.59174,34.50475],[135.59167,34.50464],[135.5916,34.50446],[135.59153,34.50433],[135.59152,34.50429],[135.5915,34.50427],[135.59143,34.50423],[135.59138,34.50421],[135.59136,34.50418],[135.59135,34.50413],[135.59134,34.50407],[135.59128,34.50405],[135.59094,34.50394],[135.59085,34.50391],[135.59076,34.50388],[135.5906,34.50382],[135.59036,34.50376],[135.59033,34.50376],[135.59031,34.50379],[135.5901,34.50376],[135.59004,34.50353],[135.59006,34.50338],[135.59017,34.50325],[135.59027,34.50315],[135.59016,34.50311],[135.58994,34.50304],[135.58972,34.50299],[135.5896,34.50297],[135.58952,34.50297],[135.58945,34.50301],[135.58942,34.50303],[135.58919,34.50307],[135.589,34.50308],[135.58886,34.50321],[135.58883,34.50315],[135.58878,34.50312],[135.58868,34.50303],[135.58855,34.50291],[135.58845,34.50278],[135.58832,34.50263],[135.58817,34.50242],[135.58813,34.50233],[135.58811,34.5022],[135.58809,34.50204],[135.58802,34.50178],[135.58795,34.50153],[135.58791,34.50133],[135.58791,34.5013],[135.58803,34.5013],[135.58813,34.50131],[135.58822,34.50134],[135.58828,34.50135],[135.5883,34.50131],[135.5883,34.50129],[135.58831,34.50128],[135.58834,34.50118],[135.58836,34.5011],[135.58838,34.50103],[135.58838,34.50096],[135.58774,34.50093],[135.58691,34.50092],[135.58616,34.50091],[135.58506,34.5009],[135.58459,34.5009],[135.58456,34.50154],[135.58453,34.50176],[135.58446,34.50183],[135.5844,34.50191],[135.58437,34.50199],[135.58435,34.50209],[135.58434,34.50217],[135.58437,34.50223],[135.58437,34.50224],[135.58437,34.50224],[135.58432,34.50229],[135.58426,34.50236],[135.58426,34.50245],[135.58429,34.50261],[135.58443,34.50278],[135.5843,34.50282],[135.58424,34.50286],[135.58424,34.5029],[135.58429,34.50292],[135.58434,34.50291],[135.58436,34.50292],[135.5844,34.50299],[135.58441,34.50301],[135.58446,34.50308],[135.5845,34.50313],[135.58453,34.50315],[135.58456,34.50319],[135.58458,34.5032],[135.5846,34.50322],[135.5846,34.50326],[135.5846,34.50328],[135.58458,34.5033],[135.58456,34.50329],[135.58452,34.50326],[135.58452,34.50323],[135.5845,34.50326],[135.58448,34.50328],[135.58448,34.50329],[135.5845,34.50332],[135.58453,34.50337],[135.58454,34.50342],[135.58456,34.50345],[135.58456,34.50349],[135.58455,34.50354],[135.58453,34.50358],[135.58455,34.50364],[135.58457,34.50368],[135.58459,34.50372],[135.58459,34.50373],[135.58458,34.50376],[135.58458,34.50378],[135.58458,34.5038],[135.58456,34.50386],[135.58453,34.50389],[135.5845,34.50393],[135.58449,34.504],[135.58445,34.50406],[135.58445,34.50412],[135.58439,34.50417],[135.58432,34.5042],[135.58443,34.50434],[135.58436,34.50453],[135.58439,34.50457],[135.58438,34.50462],[135.5843,34.50469],[135.5843,34.50474],[135.58425,34.50478],[135.58419,34.50483],[135.58415,34.50489],[135.58413,34.50493],[135.58412,34.50494],[135.58412,34.50494],[135.58412,34.50497],[135.58412,34.50499],[135.58413,34.50504],[135.58413,34.50507],[135.58411,34.5051],[135.58405,34.50512],[135.58401,34.50514],[135.58396,34.50516],[135.58394,34.50521],[135.58392,34.50525],[135.58393,34.50526],[135.5839,34.50529],[135.58385,34.50531],[135.58381,34.50535],[135.58377,34.50535],[135.58375,34.50534],[135.58369,34.5053],[135.58365,34.50525],[135.58363,34.50523],[135.58363,34.50518],[135.5836,34.50515],[135.58358,34.50513],[135.58355,34.50513],[135.58352,34.50515],[135.58349,34.50516],[135.58345,34.50512],[135.58342,34.50512],[135.58337,34.5051],[135.58336,34.50509],[135.58334,34.50505],[135.58331,34.50502],[135.58328,34.50501],[135.58324,34.50502],[135.58321,34.50503],[135.5832,34.5051],[135.58318,34.50511],[135.58311,34.50515],[135.58311,34.50519],[135.58314,34.50522],[135.58319,34.50526],[135.58325,34.50532],[135.58325,34.50532],[135.58327,34.50537],[135.58328,34.5054],[135.58328,34.50543],[135.58329,34.50545],[135.58329,34.50545],[135.5833,34.50546],[135.58331,34.50548],[135.58332,34.50549],[135.58338,34.50555],[135.58336,34.50557],[135.58337,34.50561],[135.58334,34.50566],[135.58353,34.50569],[135.58356,34.5057],[135.58363,34.50572],[135.58364,34.50572],[135.58364,34.50575],[135.58365,34.50584],[135.58369,34.50585],[135.58369,34.50591],[135.58367,34.50594],[135.58369,34.50597],[135.58367,34.50605],[135.58361,34.50609],[135.58353,34.50615],[135.58347,34.50618],[135.58347,34.50622],[135.58344,34.50628],[135.58343,34.50628],[135.58344,34.50632],[135.58344,34.50634],[135.58345,34.5064],[135.58347,34.50642],[135.58347,34.50643],[135.58343,34.50645],[135.58328,34.50645],[135.5833,34.50647],[135.58329,34.50648],[135.58335,34.50656],[135.58341,34.50663],[135.58347,34.50664],[135.58353,34.50664],[135.58358,34.50667],[135.58363,34.50671],[135.58365,34.50673],[135.58366,34.50674],[135.58366,34.50674],[135.58368,34.5068],[135.58373,34.50684],[135.58375,34.50686],[135.58375,34.5069],[135.58375,34.50693],[135.58372,34.50696],[135.58369,34.50701],[135.58367,34.50707],[135.58372,34.50711],[135.58381,34.50713],[135.58386,34.50719],[135.5839,34.50724],[135.58398,34.50743],[135.58407,34.50752],[135.58419,34.50762],[135.58429,34.50769],[135.58439,34.50773],[135.58458,34.5078],[135.58479,34.50787],[135.58494,34.50793],[135.58501,34.50796],[135.58508,34.508],[135.58514,34.50806],[135.58526,34.50819],[135.58539,34.5084],[135.58548,34.50856],[135.58557,34.5087],[135.58565,34.50884],[135.58557,34.50885],[135.58507,34.50893],[135.58465,34.50901],[135.58464,34.509],[135.58452,34.50887],[135.58443,34.50879],[135.58435,34.50873],[135.58422,34.50865],[135.58412,34.50858],[135.58403,34.50852],[135.58391,34.50846],[135.58379,34.50842],[135.58373,34.50842],[135.58356,34.50851],[135.58344,34.50856],[135.58331,34.50862],[135.58318,34.50869],[135.58301,34.50878],[135.58288,34.5088],[135.58274,34.5088],[135.5827,34.50882],[135.58258,34.50892],[135.5825,34.509],[135.58254,34.51042],[135.5826,34.51037],[135.5827,34.51029],[135.58277,34.51027],[135.58281,34.51027],[135.58307,34.51047],[135.58297,34.51054],[135.58277,34.51063],[135.58257,34.51078],[135.58241,34.5109],[135.58234,34.511],[135.58231,34.51103],[135.5823,34.51104],[135.5822,34.5112],[135.58219,34.51135],[135.58217,34.51146],[135.58219,34.51168],[135.58222,34.51177],[135.58225,34.51185],[135.58236,34.51207],[135.58236,34.51207],[135.58246,34.51227],[135.58254,34.51242],[135.58263,34.51261],[135.58266,34.51274],[135.58267,34.51294],[135.58267,34.51321],[135.58264,34.51346],[135.5826,34.51372],[135.58256,34.514],[135.58251,34.51425],[135.58248,34.51449],[135.58244,34.51483],[135.5824,34.51505],[135.58237,34.51519],[135.58232,34.51546],[135.58226,34.51569],[135.58217,34.51592],[135.58207,34.51611],[135.58192,34.51636],[135.58174,34.51657],[135.58156,34.51679],[135.58136,34.51701],[135.58128,34.5171],[135.58119,34.51721],[135.5812,34.51729],[135.58119,34.5173],[135.58122,34.51745],[135.58106,34.51758],[135.58107,34.51777],[135.58112,34.51788],[135.58137,34.51808],[135.58181,34.5185],[135.58219,34.51853],[135.5825,34.51871],[135.58266,34.51879],[135.58271,34.51877],[135.58276,34.51875],[135.58282,34.51875],[135.58284,34.51876],[135.58288,34.51877],[135.5828,34.5188],[135.58271,34.51884],[135.58267,34.51886],[135.58265,34.51888],[135.58264,34.5189],[135.58263,34.51893],[135.58259,34.51903],[135.58262,34.51919],[135.58269,34.5193],[135.58269,34.5193],[135.58276,34.51934],[135.58282,34.51939],[135.58283,34.51934],[135.58283,34.5193],[135.58284,34.51912],[135.58298,34.51893],[135.5831,34.51878]]]}},{"type":"Feature","properties":{"name":"富田林町","setai":429,"jinko":1035,"key":"272140250","units":1},"geometry":{"type":"Polygon","coordinates":[[[135.60436,34.50161],[135.60465,34.50161],[135.60472,34.50177],[135.6049,34.50151],[135.60493,34.50147],[135.60497,34.5014],[135.60518,34.50116],[135.60536,34.50096],[135.6054,34.501],[135.60549,34.50109],[135.60556,34.50118],[135.60557,34.50119],[135.60563,34.50132],[135.60567,34.5014],[135.60569,34.50148],[135.60571,34.5015],[135.60573,34.50156],[135.60583,34.50156],[135.60598,34.50155],[135.6062,34.50152],[135.6064,34.50148],[135.60629,34.50081],[135.60628,34.5007],[135.60638,34.50058],[135.60638,34.50058],[135.60651,34.50048],[135.60657,34.50046],[135.60664,34.50045],[135.60666,34.50044],[135.60669,34.50043],[135.6067,34.50042],[135.6067,34.50042],[135.60671,34.50041],[135.60673,34.50038],[135.60676,34.50034],[135.60678,34.50031],[135.60679,34.50029],[135.60684,34.50022],[135.60683,34.50021],[135.60684,34.5002],[135.60654,34.50004],[135.60639,34.49997],[135.60626,34.4999],[135.60659,34.49944],[135.60599,34.49914],[135.60579,34.49903],[135.6057,34.49898],[135.6052,34.49875],[135.60244,34.49739],[135.60158,34.49792],[135.60117,34.49818],[135.60122,34.49866],[135.60084,34.49872],[135.60063,34.49876],[135.60037,34.49881],[135.60035,34.49883],[135.60029,34.49892],[135.59972,34.49904],[135.59957,34.49962],[135.59952,34.50039],[135.60019,34.50038],[135.59992,34.50057],[135.59986,34.50073],[135.59972,34.50107],[135.59985,34.50109],[135.60021,34.50116],[135.60057,34.50115],[135.60104,34.50107],[135.60105,34.50145],[135.60109,34.50176],[135.60112,34.50194],[135.60115,34.50194],[135.6014,34.50198],[135.60156,34.50202],[135.60169,34.50208],[135.60179,34.50209],[135.60192,34.5021],[135.60221,34.50211],[135.60242,34.50212],[135.60268,34.50211],[135.60279,34.50209],[135.60287,34.50208],[135.60312,34.50205],[135.60335,34.50202],[135.60338,34.50188],[135.60353,34.50183],[135.60357,34.50182],[135.60392,34.50174],[135.6041,34.50168],[135.60436,34.50161]]]}},{"type":"Feature","properties":{"name":"本町","setai":316,"jinko":646,"key":"272140260","units":1},"geometry":{"type":"Polygon","coordinates":[[[135.60252,34.5053],[135.60274,34.50492],[135.60292,34.50493],[135.60295,34.50494],[135.60296,34.50487],[135.60297,34.50476],[135.60299,34.50469],[135.60301,34.50464],[135.60301,34.50458],[135.60301,34.50454],[135.603,34.50428],[135.60298,34.50426],[135.60297,34.50412],[135.60296,34.5041],[135.60295,34.50387],[135.60296,34.50382],[135.60294,34.50379],[135.6029,34.50377],[135.60286,34.50376],[135.60284,34.50368],[135.60277,34.5034],[135.60271,34.50326],[135.60267,34.50315],[135.60266,34.50307],[135.60263,34.50303],[135.60259,34.50298],[135.60255,34.50292],[135.6025,34.50286],[135.60248,34.50283],[135.60242,34.50235],[135.60242,34.50212],[135.60221,34.50211],[135.60192,34.5021],[135.60179,34.50209],[135.60169,34.50208],[135.60156,34.50202],[135.6014,34.50198],[135.60115,34.50194],[135.60112,34.50194],[135.60109,34.50176],[135.60105,34.50145],[135.60104,34.50107],[135.60057,34.50115],[135.60021,34.50116],[135.59985,34.50109],[135.59972,34.50107],[135.59952,34.50145],[135.59926,34.50202],[135.5987,34.50202],[135.5987,34.50289],[135.5987,34.50301],[135.59859,34.50305],[135.59854,34.5031],[135.59848,34.50319],[135.59857,34.50325],[135.59865,34.50331],[135.5988,34.50341],[135.59906,34.50357],[135.59927,34.50369],[135.59954,34.50382],[135.59954,34.50382],[135.59965,34.50387],[135.59979,34.50394],[135.60005,34.50407],[135.60013,34.5041],[135.60035,34.50421],[135.60059,34.50432],[135.60089,34.50446],[135.60126,34.50463],[135.60162,34.5048],[135.60179,34.50487],[135.60186,34.5049],[135.60197,34.50495],[135.60217,34.50507],[135.60232,34.50516],[135.60252,34.5053]]]}},{"type":"Feature","properties":{"name":"常盤町","setai":239,"jinko":479,"key":"272140270","units":1},"geometry":{"type":"Polygon","coordinates":[[[135.59992,34.50057],[135.60019,34.50038],[135.59952,34.50039],[135.59957,34.49962],[135.59972,34.49904],[135.59911,34.49903],[135.59863,34.49903],[135.5981,34.49903],[135.59809,34.49861],[135.59766,34.49863],[135.59735,34.49863],[135.59732,34.4986],[135.59729,34.4986],[135.59729,34.49864],[135.59729,34.49893],[135.5973,34.49901],[135.59679,34.49903],[135.59616,34.49907],[135.59597,34.49908],[135.59551,34.49909],[135.59554,34.49913],[135.59614,34.50004],[135.59636,34.50036],[135.5965,34.50057],[135.59679,34.501],[135.59751,34.50208],[135.59759,34.5022],[135.59766,34.50231],[135.59775,34.50244],[135.59788,34.50261],[135.59796,34.50271],[135.5981,34.50286],[135.59825,34.50299],[135.59837,34.5031],[135.59848,34.50319],[135.59854,34.5031],[135.59859,34.50305],[135.5987,34.50301],[135.5987,34.50289],[135.5987,34.50202],[135.59926,34.50202],[135.59952,34.50145],[135.59972,34.50107],[135.59986,34.50073],[135.59992,34.50057]]]}},{"type":"Feature","properties":{"name":"寿町一丁目","setai":141,"jinko":337,"key":"27214028001","units":1},"geometry":{"type":"Polygon","coordinates":[[[135.59392,34.50104],[135.59437,34.50102],[135.59487,34.50103],[135.59511,34.50103],[135.59568,34.50104],[135.59571,34.50104],[135.59619,34.50103],[135.59668,34.50102],[135.59679,34.501],[135.5965,34.50057],[135.59636,34.50036],[135.59614,34.50004],[135.59554,34.49913],[135.59551,34.49909],[135.5952,34.49863],[135.59482,34.49806],[135.59415,34.49708],[135.59413,34.49708],[135.59406,34.49709],[135.59376,34.49709],[135.59379,34.4981],[135.59381,34.49888],[135.59382,34.49909],[135.59382,34.49927],[135.59388,34.50004],[135.59392,34.50104]]]}},{"type":"Feature","properties":{"name":"寿町二丁目","setai":557,"jinko":1362,"key":"27214028002","units":1},"geometry":{"type":"Polygon","coordinates":[[[135.59601,34.50404],[135.59655,34.50403],[135.59658,34.50403],[135.59703,34.50402],[135.59735,34.50403],[135.59801,34.50401],[135.59803,34.50401],[135.59847,34.50321],[135.59848,34.50319],[135.59837,34.5031],[135.59825,34.50299],[135.5981,34.50286],[135.59796,34.50271],[135.59788,34.50261],[135.59775,34.50244],[135.59766,34.50231],[135.59759,34.5022],[135.59751,34.50208],[135.59679,34.501],[135.59668,34.50102],[135.59619,34.50103],[135.59571,34.50104],[135.59568,34.50104],[135.59511,34.50103],[135.59487,34.50103],[135.59437,34.50102],[135.59392,34.50104],[135.59395,34.50166],[135.59396,34.50181],[135.59399,34.50193],[135.59402,34.50199],[135.5942,34.50232],[135.59457,34.50302],[135.59484,34.50358],[135.595,34.50389],[135.59509,34.50404],[135.5954,34.50403],[135.59544,34.50403],[135.59563,34.50403],[135.59597,34.50404],[135.59601,34.50404]]]}},{"type":"Feature","properties":{"name":"寿町三丁目","setai":284,"jinko":646,"key":"27214028003","units":1},"geometry":{"type":"Polygon","coordinates":[[[135.59239,34.50469],[135.59252,34.50469],[135.59263,34.5047],[135.59282,34.50475],[135.59294,34.50477],[135.59302,34.50479],[135.59307,34.50477],[135.59309,34.50466],[135.59313,34.50451],[135.5931,34.50444],[135.59313,34.5044],[135.59313,34.5044],[135.59313,34.5044],[135.59313,34.5044],[135.59313,34.50439],[135.59315,34.50434],[135.59314,34.50433],[135.59312,34.50428],[135.59312,34.50427],[135.59306,34.50421],[135.59311,34.50418],[135.59311,34.50417],[135.59313,34.50416],[135.59312,34.50413],[135.59312,34.50409],[135.59309,34.50388],[135.59323,34.50391],[135.5935,34.50393],[135.59361,34.50394],[135.59375,34.50395],[135.59389,34.50398],[135.59398,34.50401],[135.59407,34.50408],[135.59413,34.50415],[135.59413,34.50415],[135.59414,34.50421],[135.59412,34.50429],[135.59411,34.50431],[135.59408,34.50436],[135.59408,34.50437],[135.59408,34.50439],[135.59408,34.50439],[135.59408,34.50441],[135.59411,34.50442],[135.59419,34.50443],[135.59419,34.50443],[135.59448,34.50447],[135.59464,34.50474],[135.59538,34.5046],[135.5954,34.5046],[135.59528,34.50435],[135.59509,34.50404],[135.595,34.50389],[135.59484,34.50358],[135.59457,34.50302],[135.5942,34.50232],[135.59402,34.50199],[135.59399,34.50193],[135.59396,34.50181],[135.59395,34.50166],[135.59392,34.50104],[135.59347,34.50102],[135.5928,34.50104],[135.59272,34.50105],[135.59208,34.50106],[135.59193,34.50109],[135.59172,34.50115],[135.59163,34.50117],[135.5915,34.5012],[135.59157,34.5012],[135.59165,34.50124],[135.59171,34.5013],[135.59173,34.50137],[135.59174,34.50145],[135.59168,34.50157],[135.59164,34.50165],[135.59155,34.50178],[135.59147,34.50188],[135.59141,34.50195],[135.59134,34.50204],[135.59155,34.50214],[135.59164,34.50218],[135.59175,34.50224],[135.59183,34.5023],[135.59191,34.50235],[135.59198,34.50242],[135.59212,34.50251],[135.59224,34.50261],[135.59232,34.50271],[135.59231,34.50273],[135.59222,34.50279],[135.59233,34.50304],[135.59231,34.50307],[135.59225,34.50312],[135.59224,34.50318],[135.59237,34.50326],[135.59248,34.50334],[135.59254,34.50339],[135.59255,34.50345],[135.59253,34.50351],[135.59237,34.50366],[135.59225,34.50376],[135.59221,34.5038],[135.59214,34.50384],[135.59209,34.50385],[135.59204,34.50383],[135.592,34.50381],[135.59195,34.50386],[135.5919,34.5039],[135.59182,34.50392],[135.59178,34.50391],[135.59172,34.50395],[135.59169,34.50398],[135.5917,34.50403],[135.59168,34.50412],[135.59167,34.50418],[135.59162,34.50422],[135.59158,34.50425],[135.59152,34.50429],[135.59153,34.50433],[135.5916,34.50446],[135.59167,34.50464],[135.59174,34.50475],[135.59183,34.50483],[135.5919,34.50486],[135.59197,34.50488],[135.59201,34.50488],[135.59209,34.50488],[135.59216,34.50485],[135.59222,34.50482],[135.5923,34.50473],[135.59239,34.50469]]]}},{"type":"Feature","properties":{"name":"寿町四丁目","setai":469,"jinko":1157,"key":"27214028004","units":1},"geometry":{"type":"Polygon","coordinates":[[[135.59119,34.50122],[135.5914,34.5012],[135.5915,34.5012],[135.59163,34.50117],[135.59172,34.50115],[135.59193,34.50109],[135.59208,34.50106],[135.59272,34.50105],[135.5928,34.50104],[135.59347,34.50102],[135.59392,34.50104],[135.59388,34.50004],[135.59382,34.49927],[135.59382,34.49909],[135.59381,34.49888],[135.59379,34.4981],[135.59376,34.49709],[135.59254,34.49708],[135.59224,34.49709],[135.59135,34.49712],[135.59117,34.49713],[135.59113,34.49713],[135.59108,34.49713],[135.59099,34.49714],[135.59091,34.49715],[135.5908,34.49715],[135.59073,34.49716],[135.58984,34.4972],[135.58988,34.49732],[135.58995,34.49742],[135.59,34.4975],[135.59015,34.49772],[135.59015,34.49781],[135.59015,34.49791],[135.59025,34.49801],[135.59029,34.49805],[135.59034,34.49812],[135.59038,34.49816],[135.59062,34.49856],[135.59109,34.49857],[135.59186,34.49854],[135.5926,34.49855],[135.59262,34.49909],[135.59262,34.49926],[135.59265,34.49929],[135.59267,34.50003],[135.59256,34.50001],[135.59228,34.50001],[135.59202,34.50003],[135.59184,34.50004],[135.59167,34.50004],[135.59144,34.50006],[135.59105,34.5001],[135.59056,34.50013],[135.59032,34.50017],[135.59011,34.50022],[135.58998,34.50024],[135.59019,34.50047],[135.5904,34.5007],[135.59068,34.50101],[135.59037,34.50101],[135.5904,34.50125],[135.59048,34.50124],[135.59056,34.50122],[135.59063,34.5012],[135.59071,34.50121],[135.59075,34.50124],[135.59081,34.50127],[135.59098,34.50125],[135.5912,34.50122],[135.59119,34.50122]]]}},{"type":"Feature","properties":{"name":"昭和町一丁目","setai":215,"jinko":427,"key":"27214029001","units":1},"geometry":{"type":"Polygon","coordinates":[[[135.60038,34.50489],[135.60087,34.50488],[135.60177,34.50491],[135.60179,34.50487],[135.60162,34.5048],[135.60126,34.50463],[135.60089,34.50446],[135.60059,34.50432],[135.60035,34.50421],[135.60013,34.5041],[135.60005,34.50407],[135.59979,34.50394],[135.59965,34.50387],[135.59954,34.50382],[135.59954,34.50382],[135.59927,34.50369],[135.59906,34.50357],[135.5988,34.50341],[135.59865,34.50331],[135.59857,34.50325],[135.59848,34.50319],[135.59847,34.50321],[135.59803,34.50401],[135.59801,34.50401],[135.59735,34.50403],[135.59703,34.50402],[135.59658,34.50403],[135.59655,34.50403],[135.59601,34.50404],[135.59597,34.50404],[135.59563,34.50403],[135.59544,34.50403],[135.5954,34.50403],[135.59509,34.50404],[135.59528,34.50435],[135.5954,34.5046],[135.59538,34.5046],[135.59541,34.50467],[135.59543,34.50471],[135.59543,34.5048],[135.59542,34.50493],[135.59541,34.50504],[135.5954,34.50522],[135.59539,34.50536],[135.59539,34.50548],[135.59533,34.50561],[135.5953,34.50569],[135.59529,34.50573],[135.59527,34.5058],[135.59525,34.50588],[135.59526,34.50593],[135.59528,34.50599],[135.59533,34.50605],[135.59539,34.50611],[135.59546,34.50614],[135.59556,34.50618],[135.59564,34.50619],[135.59568,34.50619],[135.59575,34.50619],[135.59581,34.5062],[135.59587,34.50621],[135.59592,34.50624],[135.59598,34.50627],[135.59602,34.50634],[135.59605,34.50641],[135.59607,34.50647],[135.59609,34.50653],[135.59611,34.50658],[135.59611,34.50659],[135.59612,34.50662],[135.59613,34.50663],[135.59613,34.50663],[135.59615,34.50663],[135.59618,34.50663],[135.59622,34.50666],[135.59624,34.50668],[135.59628,34.50675],[135.59632,34.5068],[135.59633,34.50686],[135.59634,34.50693],[135.59639,34.50695],[135.59714,34.50558],[135.59717,34.50554],[135.59743,34.50502],[135.59818,34.505],[135.59846,34.50496],[135.59856,34.50495],[135.59873,34.50494],[135.59953,34.50493],[135.59978,34.50493],[135.59998,34.50492],[135.60005,34.50491],[135.60038,34.50489]]]}},{"type":"Feature","properties":{"name":"昭和町二丁目","setai":228,"jinko":498,"key":"27214029002","units":1},"geometry":{"type":"Polygon","coordinates":[[[135.59868,34.50864],[135.59871,34.50863],[135.59945,34.50873],[135.59949,34.50873],[135.59972,34.50876],[135.60036,34.50876],[135.60044,34.50875],[135.6002,34.50786],[135.60023,34.5069],[135.59927,34.50692],[135.59834,34.50695],[135.59791,34.50631],[135.59781,34.5062],[135.59773,34.50611],[135.59766,34.50602],[135.59762,34.5059],[135.59757,34.50584],[135.59743,34.50576],[135.5973,34.50569],[135.59714,34.50558],[135.59639,34.50695],[135.59638,34.50696],[135.59634,34.50701],[135.59631,34.50708],[135.5963,34.5071],[135.59627,34.50716],[135.59626,34.50717],[135.59621,34.50725],[135.59621,34.50731],[135.59621,34.50738],[135.59623,34.50744],[135.59625,34.50749],[135.59627,34.50755],[135.59629,34.5076],[135.5963,34.50762],[135.59634,34.50764],[135.59644,34.50767],[135.59662,34.50772],[135.5967,34.50774],[135.59676,34.50777],[135.59699,34.508],[135.59707,34.50808],[135.59714,34.50814],[135.59737,34.50825],[135.59741,34.50827],[135.59757,34.50859],[135.59763,34.5087],[135.59764,34.50877],[135.59765,34.50883],[135.59767,34.50889],[135.59769,34.50901],[135.59771,34.50909],[135.59776,34.50917],[135.59781,34.5092],[135.59787,34.50923],[135.59797,34.50926],[135.59809,34.50929],[135.59838,34.5094],[135.59856,34.50945],[135.59867,34.50899],[135.59867,34.50891],[135.59868,34.50864]]]}},{"type":"Feature","properties":{"name":"富美ケ丘町","setai":270,"jinko":620,"key":"272140300","units":1},"geometry":{"type":"Polygon","coordinates":[[[135.59172,34.50395],[135.59178,34.50391],[135.59182,34.50392],[135.5919,34.5039],[135.59195,34.50386],[135.592,34.50381],[135.59204,34.50383],[135.59209,34.50385],[135.59214,34.50384],[135.59221,34.5038],[135.59225,34.50376],[135.59237,34.50366],[135.59253,34.50351],[135.59255,34.50345],[135.59254,34.50339],[135.59248,34.50334],[135.59237,34.50326],[135.59224,34.50318],[135.59225,34.50312],[135.59231,34.50307],[135.59233,34.50304],[135.59222,34.50279],[135.59231,34.50273],[135.59232,34.50271],[135.59224,34.50261],[135.59212,34.50251],[135.59198,34.50242],[135.59191,34.50235],[135.59183,34.5023],[135.59175,34.50224],[135.59164,34.50218],[135.59155,34.50214],[135.59134,34.50204],[135.59141,34.50195],[135.59147,34.50188],[135.59155,34.50178],[135.59164,34.50165],[135.59168,34.50157],[135.59174,34.50145],[135.59173,34.50137],[135.59171,34.5013],[135.59165,34.50124],[135.59157,34.5012],[135.5915,34.5012],[135.5914,34.5012],[135.59119,34.50122],[135.5912,34.50122],[135.59098,34.50125],[135.59081,34.50127],[135.59075,34.50124],[135.59071,34.50121],[135.59063,34.5012],[135.59056,34.50122],[135.59048,34.50124],[135.5904,34.50125],[135.59037,34.50101],[135.58879,34.50103],[135.58838,34.50103],[135.58836,34.5011],[135.58834,34.50118],[135.58831,34.50128],[135.5883,34.50129],[135.5883,34.50131],[135.58828,34.50135],[135.58822,34.50134],[135.58813,34.50131],[135.58803,34.5013],[135.58791,34.5013],[135.58791,34.50133],[135.58795,34.50153],[135.58802,34.50178],[135.58809,34.50204],[135.58811,34.5022],[135.58813,34.50233],[135.58817,34.50242],[135.58832,34.50263],[135.58845,34.50278],[135.58855,34.50291],[135.58868,34.50303],[135.58878,34.50312],[135.58883,34.50315],[135.58886,34.50321],[135.589,34.50308],[135.58919,34.50307],[135.58942,34.50303],[135.58945,34.50301],[135.58952,34.50297],[135.5896,34.50297],[135.58972,34.50299],[135.58994,34.50304],[135.59016,34.50311],[135.59027,34.50315],[135.59017,34.50325],[135.59006,34.50338],[135.59004,34.50353],[135.5901,34.50376],[135.59031,34.50379],[135.59033,34.50376],[135.59036,34.50376],[135.5906,34.50382],[135.59076,34.50388],[135.59085,34.50391],[135.59094,34.50394],[135.59128,34.50405],[135.59134,34.50407],[135.59135,34.50413],[135.59136,34.50418],[135.59138,34.50421],[135.59143,34.50423],[135.5915,34.50427],[135.59152,34.50429],[135.59158,34.50425],[135.59162,34.50422],[135.59167,34.50418],[135.59168,34.50412],[135.5917,34.50403],[135.59169,34.50398],[135.59172,34.50395]]]}},{"type":"Feature","properties":{"name":"錦ケ丘町","setai":322,"jinko":657,"key":"272140310","units":1},"geometry":{"type":"Polygon","coordinates":[[[135.59228,34.50001],[135.59256,34.50001],[135.59267,34.50003],[135.59265,34.49929],[135.59262,34.49926],[135.59262,34.49909],[135.5926,34.49855],[135.59186,34.49854],[135.59109,34.49857],[135.59062,34.49856],[135.59038,34.49816],[135.59034,34.49812],[135.59029,34.49805],[135.59025,34.49801],[135.59015,34.49791],[135.59015,34.49781],[135.59015,34.49772],[135.59,34.4975],[135.58995,34.49742],[135.58988,34.49732],[135.58984,34.4972],[135.58979,34.49705],[135.58975,34.49696],[135.58967,34.49678],[135.58945,34.49659],[135.58931,34.49662],[135.58895,34.4967],[135.58887,34.49678],[135.58873,34.49678],[135.58836,34.49678],[135.58836,34.49684],[135.58836,34.49686],[135.5883,34.49692],[135.5884,34.49711],[135.58841,34.49722],[135.58841,34.49732],[135.58868,34.49762],[135.5888,34.49781],[135.58885,34.49791],[135.58893,34.49807],[135.589,34.49819],[135.58904,34.49827],[135.58903,34.49863],[135.58889,34.49863],[135.5888,34.49864],[135.58867,34.49865],[135.58854,34.49865],[135.58855,34.49888],[135.58857,34.49909],[135.58857,34.49923],[135.58846,34.49931],[135.58835,34.4993],[135.58827,34.49931],[135.58821,34.49934],[135.58827,34.49947],[135.58829,34.49955],[135.58837,34.4996],[135.58838,34.4995],[135.58861,34.4995],[135.5888,34.4994],[135.58892,34.49934],[135.58902,34.49927],[135.58921,34.49927],[135.58941,34.49953],[135.58971,34.4999],[135.58998,34.50024],[135.59011,34.50022],[135.59032,34.50017],[135.59056,34.50013],[135.59105,34.5001],[135.59144,34.50006],[135.59167,34.50004],[135.59184,34.50004],[135.59202,34.50003],[135.59228,34.50001]]]}},{"type":"Feature","properties":{"name":"谷川町","setai":120,"jinko":258,"key":"272140330","units":1},"geometry":{"type":"Polygon","coordinates":[[[135.59972,34.49904],[135.60029,34.49892],[135.60035,34.49883],[135.60037,34.49881],[135.60063,34.49876],[135.60084,34.49872],[135.60122,34.49866],[135.60117,34.49818],[135.60158,34.49792],[135.60244,34.49739],[135.60218,34.49724],[135.60169,34.49693],[135.60123,34.49659],[135.60082,34.49626],[135.60023,34.49665],[135.60007,34.49675],[135.60004,34.49677],[135.59967,34.49649],[135.59964,34.49652],[135.59939,34.49676],[135.5994,34.49678],[135.59917,34.49698],[135.59888,34.49702],[135.59885,34.49702],[135.59869,34.49706],[135.59827,34.49721],[135.59759,34.49726],[135.5976,34.49736],[135.5976,34.49749],[135.59764,34.4975],[135.59766,34.49856],[135.59766,34.49863],[135.59809,34.49861],[135.5981,34.49903],[135.59863,34.49903],[135.59911,34.49903],[135.59972,34.49904]]]}},{"type":"Feature","properties":{"name":"甲田一丁目","setai":288,"jinko":733,"key":"27214034101","units":1},"geometry":{"type":"Polygon","coordinates":[[[135.59729,34.4986],[135.59732,34.4986],[135.59735,34.49863],[135.59766,34.49863],[135.59766,34.49856],[135.59764,34.4975],[135.5976,34.49749],[135.5976,34.49736],[135.59759,34.49726],[135.59827,34.49721],[135.59869,34.49706],[135.59885,34.49702],[135.59888,34.49702],[135.59917,34.49698],[135.5994,34.49678],[135.59939,34.49676],[135.59964,34.49652],[135.59967,34.49649],[135.60004,34.49677],[135.60007,34.49675],[135.60023,34.49665],[135.59951,34.496],[135.59857,34.49515],[135.59756,34.4942],[135.59755,34.49435],[135.59756,34.49438],[135.59758,34.49444],[135.59729,34.49468],[135.59722,34.49479],[135.59669,34.49507],[135.59663,34.4951],[135.59611,34.4951],[135.59533,34.49511],[135.59539,34.49518],[135.59507,34.49526],[135.59488,34.49531],[135.59476,34.49531],[135.59439,34.49515],[135.59432,34.49512],[135.59384,34.49513],[135.59372,34.49511],[135.59369,34.49508],[135.59313,34.49506],[135.59274,34.49508],[135.59342,34.49606],[135.59374,34.49652],[135.59413,34.49708],[135.59415,34.49708],[135.59482,34.49806],[135.5952,34.49863],[135.59551,34.49909],[135.59597,34.49908],[135.59616,34.49907],[135.59679,34.49903],[135.5973,34.49901],[135.59729,34.49893],[135.59729,34.49864],[135.59729,34.4986]]]}},{"type":"Feature","properties":{"name":"甲田二丁目","setai":287,"jinko":707,"key":"27214034102","units":1},"geometry":{"type":"Polygon","coordinates":[[[135.59539,34.49518],[135.59533,34.49511],[135.59611,34.4951],[135.59663,34.4951],[135.59669,34.49507],[135.59722,34.49479],[135.59729,34.49468],[135.59758,34.49444],[135.59756,34.49438],[135.59755,34.49435],[135.59756,34.4942],[135.59638,34.49312],[135.596,34.4927],[135.59488,34.49145],[135.59406,34.49172],[135.59336,34.49196],[135.59229,34.49234],[135.59195,34.49246],[135.5917,34.49247],[135.5915,34.49247],[135.59121,34.49247],[135.591,34.49247],[135.59111,34.49263],[135.5915,34.49323],[135.59208,34.49408],[135.59239,34.49456],[135.59274,34.49508],[135.59313,34.49506],[135.59369,34.49508],[135.59372,34.49511],[135.59384,34.49513],[135.59432,34.49512],[135.59439,34.49515],[135.59476,34.49531],[135.59488,34.49531],[135.59507,34.49526],[135.59539,34.49518]]]}},{"type":"Feature","properties":{"name":"甲田三丁目","setai":293,"jinko":681,"key":"27214034103","units":1},"geometry":{"type":"Polygon","coordinates":[[[135.59488,34.49145],[135.59492,34.49144],[135.59422,34.49062],[135.59369,34.49004],[135.59364,34.49],[135.5933,34.4897],[135.59292,34.48941],[135.59275,34.4893],[135.59256,34.48924],[135.5924,34.48924],[135.59227,34.48928],[135.59207,34.48906],[135.59201,34.48898],[135.59191,34.48891],[135.59179,34.4888],[135.59139,34.48896],[135.59122,34.48898],[135.59101,34.48904],[135.59084,34.48914],[135.59069,34.48923],[135.59045,34.48929],[135.59029,34.48931],[135.59021,34.48932],[135.58987,34.48932],[135.58967,34.48936],[135.58944,34.48945],[135.58936,34.48946],[135.58923,34.48947],[135.58901,34.48944],[135.58928,34.4899],[135.5895,34.49023],[135.58962,34.49039],[135.58992,34.49083],[135.59029,34.49137],[135.5903,34.49138],[135.59024,34.49141],[135.59027,34.49146],[135.59033,34.49143],[135.59044,34.4916],[135.59059,34.49183],[135.59074,34.49206],[135.591,34.49247],[135.59121,34.49247],[135.5915,34.49247],[135.5917,34.49247],[135.59195,34.49246],[135.59229,34.49234],[135.59336,34.49196],[135.59406,34.49172],[135.59488,34.49145]]]}},{"type":"Feature","properties":{"name":"甲田四丁目","setai":112,"jinko":281,"key":"27214034104","units":1},"geometry":{"type":"Polygon","coordinates":[[[135.591,34.49247],[135.59074,34.49206],[135.59059,34.49183],[135.59044,34.4916],[135.59033,34.49143],[135.59027,34.49146],[135.59024,34.49141],[135.5903,34.49138],[135.59029,34.49137],[135.58992,34.49083],[135.58962,34.49039],[135.5895,34.49023],[135.58928,34.4899],[135.58901,34.48944],[135.58885,34.48941],[135.5888,34.48941],[135.58874,34.48939],[135.58877,34.4895],[135.58879,34.48962],[135.58878,34.48985],[135.5888,34.49007],[135.58884,34.49018],[135.58896,34.49037],[135.58905,34.49052],[135.58907,34.49068],[135.58904,34.49075],[135.58908,34.49082],[135.58915,34.491],[135.58919,34.49106],[135.58917,34.49119],[135.58917,34.49142],[135.5891,34.49158],[135.58913,34.49182],[135.58913,34.49195],[135.58909,34.49208],[135.58907,34.49216],[135.58906,34.49225],[135.58893,34.49221],[135.58883,34.49215],[135.5887,34.49205],[135.58847,34.49225],[135.58869,34.49253],[135.58879,34.49273],[135.58863,34.49283],[135.58856,34.4929],[135.58854,34.493],[135.58883,34.49295],[135.5893,34.49286],[135.58935,34.49285],[135.59061,34.49256],[135.591,34.49247]]]}},{"type":"Feature","properties":{"name":"甲田五丁目","setai":179,"jinko":482,"key":"27214034105","units":1},"geometry":{"type":"Polygon","coordinates":[[[135.59111,34.49263],[135.591,34.49247],[135.59061,34.49256],[135.58935,34.49285],[135.58938,34.49292],[135.58944,34.493],[135.58941,34.49307],[135.58939,34.4932],[135.58939,34.49329],[135.58943,34.49342],[135.58951,34.49362],[135.58955,34.49369],[135.58971,34.49371],[135.58978,34.49415],[135.58981,34.49421],[135.58984,34.49426],[135.58997,34.49444],[135.59005,34.49462],[135.59013,34.49482],[135.59017,34.49502],[135.59022,34.49516],[135.5905,34.49514],[135.59068,34.49514],[135.59111,34.49513],[135.59121,34.49512],[135.59184,34.4951],[135.59247,34.49509],[135.59274,34.49508],[135.59239,34.49456],[135.59208,34.49408],[135.5915,34.49323],[135.59111,34.49263]]]}},{"type":"Feature","properties":{"name":"甲田六丁目","setai":307,"jinko":772,"key":"27214034106","units":1},"geometry":{"type":"Polygon","coordinates":[[[135.59224,34.49709],[135.59254,34.49708],[135.59376,34.49709],[135.59406,34.49709],[135.59413,34.49708],[135.59374,34.49652],[135.59342,34.49606],[135.59274,34.49508],[135.59247,34.49509],[135.59184,34.4951],[135.59121,34.49512],[135.59111,34.49513],[135.59068,34.49514],[135.5905,34.49514],[135.59022,34.49516],[135.59025,34.49523],[135.59025,34.49559],[135.59024,34.49577],[135.59023,34.49584],[135.59017,34.4959],[135.58998,34.49591],[135.58994,34.49613],[135.59,34.49616],[135.59024,34.49643],[135.59054,34.49682],[135.59073,34.49716],[135.5908,34.49715],[135.59091,34.49715],[135.59099,34.49714],[135.59108,34.49713],[135.59113,34.49713],[135.59117,34.49713],[135.59135,34.49712],[135.59224,34.49709]]]}},{"type":"Feature","properties":{"name":"宮甲田町","setai":224,"jinko":571,"key":"272140342","units":1},"geometry":{"type":"Polygon","coordinates":[[[135.58903,34.49863],[135.58904,34.49827],[135.589,34.49819],[135.58893,34.49807],[135.58885,34.49791],[135.5888,34.49781],[135.58868,34.49762],[135.58841,34.49732],[135.58841,34.49722],[135.5884,34.49711],[135.5883,34.49692],[135.58836,34.49686],[135.58836,34.49684],[135.58836,34.49678],[135.58873,34.49678],[135.58887,34.49678],[135.58895,34.4967],[135.58931,34.49662],[135.58945,34.49659],[135.58967,34.49678],[135.58975,34.49696],[135.58979,34.49705],[135.58984,34.4972],[135.59073,34.49716],[135.59054,34.49682],[135.59024,34.49643],[135.59,34.49616],[135.58994,34.49613],[135.58998,34.49591],[135.59017,34.4959],[135.59023,34.49584],[135.59024,34.49577],[135.59025,34.49559],[135.59025,34.49523],[135.59022,34.49516],[135.59017,34.49502],[135.59013,34.49482],[135.59005,34.49462],[135.58997,34.49444],[135.58984,34.49426],[135.58981,34.49421],[135.58978,34.49415],[135.58971,34.49371],[135.58955,34.49369],[135.58951,34.49362],[135.58943,34.49342],[135.58939,34.49329],[135.58939,34.4932],[135.58941,34.49307],[135.58944,34.493],[135.58938,34.49292],[135.58935,34.49285],[135.5893,34.49286],[135.58883,34.49295],[135.58854,34.493],[135.58851,34.49409],[135.58857,34.49417],[135.58861,34.49444],[135.58852,34.49445],[135.58796,34.49458],[135.58792,34.49447],[135.58783,34.49448],[135.58759,34.49451],[135.5873,34.49456],[135.58727,34.49457],[135.5872,34.49458],[135.58689,34.49464],[135.58658,34.49472],[135.58706,34.49551],[135.58742,34.49625],[135.58752,34.49647],[135.58657,34.49653],[135.58602,34.49657],[135.58594,34.49657],[135.58547,34.4966],[135.58504,34.49663],[135.58506,34.49672],[135.58507,34.49673],[135.58508,34.49678],[135.58512,34.49684],[135.58515,34.49692],[135.58517,34.49694],[135.58517,34.49701],[135.58518,34.49709],[135.58515,34.49719],[135.58514,34.4973],[135.58518,34.49742],[135.58521,34.49748],[135.58524,34.49757],[135.58528,34.49771],[135.58543,34.49766],[135.58555,34.49757],[135.58572,34.4976],[135.5858,34.49765],[135.58593,34.49788],[135.58618,34.49771],[135.58624,34.49769],[135.58633,34.4977],[135.58639,34.49776],[135.58651,34.49786],[135.58659,34.49791],[135.58673,34.49793],[135.58685,34.49794],[135.58702,34.49798],[135.58714,34.498],[135.58725,34.49802],[135.58734,34.49806],[135.58743,34.49811],[135.5875,34.49816],[135.5877,34.49824],[135.58789,34.49824],[135.58802,34.49837],[135.58808,34.49841],[135.58815,34.49839],[135.58832,34.49834],[135.58835,34.49835],[135.58839,34.4984],[135.58867,34.49865],[135.5888,34.49864],[135.58889,34.49863],[135.58903,34.49863]]]}},{"type":"Feature","properties":{"name":"大字甲田","setai":0,"jinko":0,"key":"272140343","units":1},"geometry":{"type":"Polygon","coordinates":[[[135.60082,34.49626],[135.60018,34.49568],[135.5996,34.49509],[135.599,34.49448],[135.59856,34.494],[135.59808,34.49347],[135.59753,34.49295],[135.59636,34.49195],[135.59595,34.49154],[135.59562,34.49119],[135.59525,34.49069],[135.59496,34.49027],[135.5948,34.49001],[135.59465,34.48975],[135.59463,34.48971],[135.59456,34.48958],[135.59369,34.49004],[135.59422,34.49062],[135.59492,34.49144],[135.59488,34.49145],[135.596,34.4927],[135.59638,34.49312],[135.59756,34.4942],[135.59857,34.49515],[135.59951,34.496],[135.60023,34.49665],[135.60082,34.49626]]]}},{"type":"Feature","properties":{"name":"大字廿山","setai":2,"jinko":52,"key":"272140350","units":1},"geometry":{"type":"MultiPolygon","coordinates":[[[[135.5821,34.4888],[135.58222,34.48879],[135.58229,34.4888],[135.58238,34.48882],[135.58246,34.48885],[135.58258,34.48891],[135.58277,34.48903],[135.58296,34.48913],[135.58243,34.48831],[135.58236,34.48821],[135.5819,34.48756],[135.58175,34.48736],[135.58118,34.48654],[135.58104,34.48634],[135.58095,34.48631],[135.58093,34.48623],[135.58085,34.48616],[135.58073,34.48611],[135.58064,34.4861],[135.5805,34.48611],[135.58049,34.48608],[135.58036,34.48609],[135.58005,34.48618],[135.57993,34.48647],[135.57983,34.48638],[135.57973,34.48629],[135.57965,34.48624],[135.57944,34.48622],[135.5793,34.48619],[135.57904,34.48614],[135.57853,34.48605],[135.57835,34.48604],[135.57821,34.48605],[135.57805,34.48604],[135.57764,34.48594],[135.57745,34.48591],[135.57733,34.4859],[135.57718,34.48585],[135.57721,34.48578],[135.57722,34.4857],[135.57721,34.48564],[135.57717,34.48558],[135.57714,34.48551],[135.57714,34.48541],[135.57709,34.48535],[135.57705,34.48534],[135.57698,34.48542],[135.57689,34.48544],[135.57688,34.4855],[135.57694,34.4856],[135.57696,34.48566],[135.57691,34.48572],[135.57683,34.48576],[135.57668,34.48582],[135.57647,34.48594],[135.57633,34.48596],[135.57617,34.48595],[135.57607,34.48589],[135.57602,34.48583],[135.57598,34.48582],[135.57567,34.48596],[135.57548,34.48604],[135.57532,34.48606],[135.57519,34.48607],[135.57508,34.48612],[135.57489,34.48627],[135.57471,34.48641],[135.57456,34.48654],[135.57441,34.48665],[135.57429,34.48671],[135.57413,34.48674],[135.57403,34.48671],[135.57397,34.48669],[135.57386,34.48669],[135.57373,34.48672],[135.57359,34.48675],[135.57359,34.48691],[135.57367,34.48699],[135.57372,34.48721],[135.57366,34.48728],[135.57363,34.48736],[135.57365,34.48751],[135.57374,34.48748],[135.57379,34.48762],[135.57368,34.48764],[135.57375,34.48779],[135.5736,34.48782],[135.57368,34.48797],[135.57378,34.48794],[135.57386,34.48795],[135.5739,34.48798],[135.57377,34.48809],[135.57376,34.48815],[135.57376,34.48825],[135.57389,34.48834],[135.57389,34.48843],[135.57402,34.48849],[135.57398,34.48859],[135.57408,34.48874],[135.57408,34.48886],[135.57435,34.489],[135.57701,34.48875],[135.57817,34.48865],[135.57881,34.48857],[135.57889,34.48856],[135.57901,34.48855],[135.57993,34.48846],[135.58148,34.48831],[135.58143,34.48847],[135.58138,34.48866],[135.58131,34.48881],[135.58123,34.48892],[135.58107,34.48906],[135.58085,34.48918],[135.58097,34.48918],[135.58108,34.48911],[135.58116,34.48905],[135.58124,34.48899],[135.58131,34.48895],[135.58144,34.48892],[135.58152,34.48889],[135.58163,34.48887],[135.5817,34.48885],[135.58191,34.48883],[135.5821,34.4888]]],[[[135.57172,34.51211],[135.5718,34.51193],[135.57195,34.51197],[135.57203,34.51177],[135.57213,34.51175],[135.57217,34.51173],[135.57235,34.51168],[135.57256,34.51162],[135.5726,34.51161],[135.5727,34.51158],[135.57281,34.51151],[135.57299,34.51143],[135.57318,34.51142],[135.57348,34.51147],[135.57359,34.51149],[135.57371,34.51146],[135.57376,34.51146],[135.57386,34.51158],[135.57406,34.51174],[135.57418,34.51178],[135.57428,34.5118],[135.5744,34.51175],[135.57445,34.5117],[135.57447,34.51168],[135.57448,34.51167],[135.5745,34.51165],[135.57454,34.51147],[135.57457,34.51139],[135.57458,34.51124],[135.57458,34.51124],[135.5746,34.51121],[135.57465,34.51115],[135.57473,34.5111],[135.57488,34.51102],[135.57501,34.51099],[135.57511,34.51096],[135.57512,34.51095],[135.57531,34.51084],[135.57542,34.51077],[135.57564,34.51075],[135.57583,34.51064],[135.57604,34.51056],[135.57628,34.51052],[135.57634,34.51054],[135.57645,34.51058],[135.57662,34.51061],[135.57681,34.51065],[135.57695,34.5107],[135.57704,34.51073],[135.57717,34.51073],[135.57734,34.51074],[135.57737,34.51074],[135.57746,34.51076],[135.57758,34.51074],[135.57768,34.51074],[135.57791,34.51068],[135.57811,34.51071],[135.57829,34.51083],[135.57833,34.51091],[135.57839,34.5111],[135.5784,34.51119],[135.57843,34.51132],[135.57853,34.5114],[135.57859,34.51141],[135.5786,34.51142],[135.57886,34.51148],[135.57931,34.51144],[135.57976,34.51136],[135.58002,34.51127],[135.58009,34.51124],[135.58016,34.51121],[135.58023,34.5112],[135.58046,34.51116],[135.58049,34.51112],[135.58053,34.5111],[135.58059,34.51104],[135.58066,34.51095],[135.58067,34.51092],[135.58067,34.51092],[135.58073,34.51082],[135.58085,34.51068],[135.58086,34.51067],[135.58096,34.51058],[135.58106,34.51053],[135.58117,34.51047],[135.58132,34.51042],[135.58145,34.51035],[135.58147,34.51034],[135.58163,34.51028],[135.58179,34.51027],[135.58179,34.51027],[135.58193,34.5103],[135.58207,34.51037],[135.5822,34.51045],[135.58231,34.51052],[135.58238,34.51055],[135.58254,34.51042],[135.5825,34.509],[135.5824,34.50907],[135.58229,34.50917],[135.58224,34.50917],[135.5821,34.50914],[135.58196,34.5091],[135.58183,34.50909],[135.58169,34.50911],[135.58156,34.50913],[135.58142,34.50908],[135.58127,34.50906],[135.58097,34.50905],[135.58076,34.50909],[135.58067,34.50909],[135.58059,34.50906],[135.58047,34.50903],[135.5804,34.50902],[135.58036,34.50902],[135.58028,34.50903],[135.58021,34.50906],[135.58007,34.50905],[135.57998,34.50901],[135.57979,34.50897],[135.57957,34.50894],[135.57934,34.50892],[135.5792,34.50892],[135.57903,34.50894],[135.57888,34.50898],[135.57872,34.50896],[135.57863,34.50893],[135.57852,34.50888],[135.57845,34.50878],[135.57848,34.50873],[135.57792,34.50846],[135.57752,34.50845],[135.57737,34.50838],[135.57734,34.50838],[135.57716,34.50836],[135.57705,34.50834],[135.57692,34.50832],[135.57681,34.50836],[135.57674,34.50839],[135.57668,34.50838],[135.57657,34.50834],[135.5764,34.5083],[135.57626,34.50829],[135.57601,34.50828],[135.57577,34.50831],[135.57557,34.50834],[135.57546,34.50833],[135.57536,34.50856],[135.57529,34.50868],[135.5752,34.50879],[135.57499,34.50896],[135.57476,34.5091],[135.57452,34.50922],[135.57429,34.50929],[135.57397,34.50936],[135.57357,34.50942],[135.57351,34.50944],[135.57269,34.50962],[135.57216,34.50977],[135.57202,34.50982],[135.57112,34.51022],[135.57012,34.51064],[135.56948,34.51091],[135.56894,34.51114],[135.56837,34.51133],[135.56834,34.51134],[135.56816,34.5114],[135.56809,34.51138],[135.56762,34.51152],[135.56761,34.51151],[135.56761,34.51155],[135.56756,34.51156],[135.56722,34.51167],[135.56701,34.51173],[135.56669,34.51182],[135.5664,34.51197],[135.56637,34.51198],[135.5664,34.51205],[135.56648,34.51223],[135.56647,34.51231],[135.56633,34.51248],[135.56628,34.51255],[135.56617,34.51286],[135.56617,34.51286],[135.56617,34.51294],[135.56625,34.51307],[135.56634,34.51314],[135.56641,34.51318],[135.56658,34.51322],[135.56667,34.51325],[135.56672,34.5133],[135.56676,34.51338],[135.56678,34.51342],[135.56683,34.51349],[135.56692,34.5135],[135.56704,34.51352],[135.56715,34.51356],[135.56717,34.51356],[135.56723,34.51352],[135.56725,34.5135],[135.56729,34.51347],[135.56743,34.51337],[135.56744,34.51336],[135.56759,34.51324],[135.56771,34.51315],[135.56789,34.51301],[135.56803,34.51293],[135.56815,34.51289],[135.56828,34.51287],[135.5686,34.51284],[135.56872,34.51284],[135.56872,34.51284],[135.56877,34.51284],[135.56888,34.51284],[135.56897,34.51283],[135.569,34.51282],[135.56914,34.51281],[135.56917,34.51281],[135.56944,34.51279],[135.57008,34.51268],[135.57051,34.5126],[135.57054,34.5126],[135.57065,34.51258],[135.57084,34.51255],[135.57094,34.51254],[135.57098,34.51252],[135.57123,34.51243],[135.57143,34.51233],[135.57162,34.5122],[135.57172,34.51211]]]]}},{"type":"Feature","properties":{"name":"廿山一丁目","setai":169,"jinko":496,"key":"27214035101","units":1},"geometry":{"type":"Polygon","coordinates":[[[135.57511,34.49491],[135.57514,34.49477],[135.57539,34.49483],[135.57541,34.49477],[135.5755,34.49479],[135.5757,34.49456],[135.57565,34.49455],[135.57562,34.49459],[135.57537,34.49452],[135.57538,34.49449],[135.57534,34.49448],[135.57535,34.49444],[135.57523,34.49443],[135.57513,34.49442],[135.57506,34.49438],[135.57482,34.49437],[135.57497,34.4941],[135.57501,34.49396],[135.57498,34.49392],[135.57489,34.49384],[135.57472,34.49373],[135.57459,34.49376],[135.57456,34.49362],[135.57473,34.49358],[135.57485,34.49357],[135.57492,34.49358],[135.57507,34.49358],[135.57515,34.49362],[135.57522,34.49365],[135.57536,34.4937],[135.57547,34.4937],[135.57553,34.49355],[135.57537,34.49346],[135.57529,34.49336],[135.57512,34.49334],[135.57512,34.49332],[135.57505,34.4933],[135.57505,34.4932],[135.57515,34.49319],[135.57523,34.49319],[135.57525,34.49303],[135.57508,34.49297],[135.57507,34.49283],[135.57506,34.49272],[135.57503,34.49262],[135.57545,34.49253],[135.57558,34.49252],[135.57563,34.49258],[135.57573,34.49269],[135.57582,34.49278],[135.57591,34.49286],[135.57597,34.49291],[135.57602,34.49294],[135.57611,34.49298],[135.57622,34.49302],[135.57642,34.49307],[135.57652,34.49308],[135.57655,34.49324],[135.57667,34.49331],[135.57663,34.49331],[135.57684,34.49339],[135.57697,34.49336],[135.577,34.49333],[135.577,34.49329],[135.577,34.4932],[135.57703,34.49311],[135.57706,34.49304],[135.57712,34.49296],[135.57719,34.49291],[135.57716,34.49279],[135.57716,34.49271],[135.57719,34.49269],[135.57733,34.49258],[135.57738,34.49258],[135.57746,34.49253],[135.57749,34.49252],[135.5775,34.49251],[135.5775,34.49248],[135.5775,34.49244],[135.5775,34.49239],[135.57755,34.49232],[135.5776,34.49229],[135.57774,34.49225],[135.57782,34.49223],[135.57789,34.4922],[135.57796,34.49212],[135.57801,34.49205],[135.57808,34.49202],[135.57815,34.49196],[135.57816,34.49191],[135.57823,34.49178],[135.57826,34.49165],[135.57829,34.49155],[135.57832,34.49142],[135.57839,34.49126],[135.57847,34.49116],[135.57867,34.49117],[135.57867,34.49114],[135.57888,34.49111],[135.57904,34.49101],[135.57914,34.49109],[135.57915,34.4911],[135.57915,34.4911],[135.57935,34.49095],[135.57935,34.49095],[135.57935,34.49095],[135.57943,34.4909],[135.57934,34.4908],[135.57934,34.49079],[135.57939,34.49078],[135.57938,34.49074],[135.57938,34.49066],[135.57939,34.4906],[135.57941,34.49056],[135.57943,34.49053],[135.57945,34.49054],[135.57946,34.49049],[135.57959,34.4905],[135.57962,34.49048],[135.57966,34.49039],[135.57972,34.49012],[135.57986,34.49011],[135.58003,34.49009],[135.58023,34.49014],[135.58041,34.49016],[135.58056,34.49],[135.58076,34.4899],[135.5808,34.48993],[135.58101,34.48985],[135.58109,34.48992],[135.58136,34.48988],[135.58135,34.48981],[135.58162,34.4897],[135.58152,34.4896],[135.58144,34.4895],[135.58139,34.48941],[135.58132,34.48931],[135.58127,34.48926],[135.58119,34.48921],[135.58097,34.48918],[135.58085,34.48918],[135.5806,34.48929],[135.58049,34.48933],[135.58025,34.48941],[135.57983,34.48954],[135.57951,34.48966],[135.57943,34.48971],[135.57929,34.4898],[135.57916,34.48982],[135.57884,34.48984],[135.57872,34.48986],[135.57856,34.48989],[135.57836,34.48997],[135.57811,34.49016],[135.57798,34.49018],[135.57782,34.49022],[135.57772,34.49025],[135.57765,34.4903],[135.57749,34.49051],[135.57729,34.49079],[135.57723,34.49083],[135.57707,34.49093],[135.57681,34.49105],[135.57624,34.49129],[135.57615,34.49131],[135.57592,34.49148],[135.57578,34.49157],[135.57567,34.49159],[135.57553,34.4916],[135.57534,34.49164],[135.57519,34.4917],[135.57508,34.49175],[135.57498,34.49182],[135.57483,34.49194],[135.57475,34.492],[135.57469,34.49212],[135.57461,34.49223],[135.57451,34.49232],[135.57443,34.49236],[135.57439,34.49244],[135.57433,34.49254],[135.57429,34.49265],[135.57425,34.49274],[135.57417,34.49292],[135.57417,34.49306],[135.57432,34.49328],[135.57439,34.49343],[135.57448,34.49357],[135.57453,34.49373],[135.57456,34.49391],[135.57459,34.49408],[135.57463,34.49419],[135.57465,34.49438],[135.57472,34.49445],[135.57471,34.4945],[135.57467,34.49484],[135.57509,34.49495],[135.57511,34.49491]]]}},{"type":"Feature","properties":{"name":"廿山二丁目","setai":242,"jinko":683,"key":"27214035102","units":1},"geometry":{"type":"Polygon","coordinates":[[[135.57465,34.49438],[135.57463,34.49419],[135.57459,34.49408],[135.57456,34.49391],[135.57453,34.49373],[135.57448,34.49357],[135.57439,34.49343],[135.57432,34.49328],[135.57417,34.49306],[135.57417,34.49292],[135.57425,34.49274],[135.57429,34.49265],[135.57433,34.49254],[135.57439,34.49244],[135.57443,34.49236],[135.57451,34.49232],[135.57461,34.49223],[135.57469,34.49212],[135.57475,34.492],[135.57483,34.49194],[135.57498,34.49182],[135.57508,34.49175],[135.57519,34.4917],[135.57534,34.49164],[135.57553,34.4916],[135.57567,34.49159],[135.57578,34.49157],[135.57592,34.49148],[135.57615,34.49131],[135.57624,34.49129],[135.57681,34.49105],[135.57707,34.49093],[135.57723,34.49083],[135.57729,34.49079],[135.57749,34.49051],[135.57765,34.4903],[135.57772,34.49025],[135.57782,34.49022],[135.57798,34.49018],[135.57811,34.49016],[135.57836,34.48997],[135.57856,34.48989],[135.57872,34.48986],[135.57884,34.48984],[135.57916,34.48982],[135.57929,34.4898],[135.57943,34.48971],[135.57951,34.48966],[135.57983,34.48954],[135.58025,34.48941],[135.58049,34.48933],[135.5806,34.48929],[135.58085,34.48918],[135.58107,34.48906],[135.58123,34.48892],[135.58131,34.48881],[135.58138,34.48866],[135.58143,34.48847],[135.58148,34.48831],[135.57993,34.48846],[135.57901,34.48855],[135.57889,34.48856],[135.57881,34.48857],[135.57817,34.48865],[135.57701,34.48875],[135.57435,34.489],[135.57405,34.48902],[135.57406,34.48906],[135.57406,34.48913],[135.57451,34.48922],[135.57452,34.48942],[135.57452,34.48961],[135.57443,34.48975],[135.57442,34.48988],[135.57442,34.49007],[135.57434,34.49015],[135.57435,34.49023],[135.57433,34.49029],[135.5743,34.49041],[135.57418,34.49048],[135.57409,34.49056],[135.57404,34.49069],[135.57396,34.49099],[135.57385,34.49105],[135.57371,34.49117],[135.5736,34.49147],[135.57359,34.49152],[135.57355,34.49157],[135.5734,34.49166],[135.57327,34.49172],[135.57305,34.49181],[135.57298,34.49182],[135.5727,34.49184],[135.57263,34.49188],[135.57257,34.49191],[135.57247,34.49196],[135.57241,34.49199],[135.57231,34.49204],[135.57224,34.49209],[135.57202,34.49223],[135.57187,34.49232],[135.57177,34.49241],[135.57176,34.49251],[135.5718,34.49262],[135.57185,34.49271],[135.57182,34.49285],[135.57169,34.49303],[135.57165,34.49313],[135.57161,34.49323],[135.57158,34.4933],[135.57169,34.49331],[135.5718,34.49335],[135.57182,34.49351],[135.57174,34.49357],[135.57166,34.49364],[135.57154,34.49375],[135.57145,34.49378],[135.57154,34.49379],[135.57179,34.49369],[135.57182,34.49369],[135.57184,34.49369],[135.57184,34.49369],[135.57191,34.49375],[135.57196,34.49382],[135.57198,34.49383],[135.57202,34.49385],[135.57201,34.49388],[135.57197,34.49396],[135.57213,34.49407],[135.57226,34.49414],[135.57253,34.49423],[135.57265,34.49426],[135.57294,34.49431],[135.5731,34.49433],[135.57322,34.49434],[135.57332,34.49435],[135.57345,34.49436],[135.57359,34.49435],[135.57367,34.49434],[135.574,34.49433],[135.57435,34.49435],[135.57441,34.49435],[135.57441,34.49443],[135.57444,34.49451],[135.57457,34.49443],[135.57463,34.4944],[135.57465,34.49438]]]}},{"type":"Feature","properties":{"name":"桜ヶ丘町","setai":539,"jinko":1376,"key":"272140352","units":1},"geometry":{"type":"Polygon","coordinates":[[[135.58657,34.49653],[135.58752,34.49647],[135.58742,34.49625],[135.58706,34.49551],[135.58658,34.49472],[135.58653,34.49464],[135.58587,34.49366],[135.58555,34.4932],[135.58514,34.49258],[135.58513,34.49255],[135.58505,34.49244],[135.58464,34.49189],[135.58396,34.49206],[135.58338,34.49219],[135.58329,34.49221],[135.58259,34.49244],[135.58286,34.4929],[135.58314,34.49325],[135.58318,34.49333],[135.58317,34.49339],[135.58316,34.49344],[135.58315,34.4935],[135.58316,34.49354],[135.58319,34.49359],[135.58324,34.49363],[135.58331,34.49365],[135.58337,34.49365],[135.58349,34.49368],[135.58356,34.49371],[135.58364,34.49377],[135.58371,34.49384],[135.58373,34.4939],[135.58373,34.49405],[135.58376,34.49411],[135.58383,34.49417],[135.5839,34.4942],[135.5841,34.49418],[135.58417,34.49442],[135.58402,34.49447],[135.58393,34.49468],[135.58388,34.49468],[135.58374,34.49467],[135.58356,34.49459],[135.5835,34.49458],[135.5834,34.4946],[135.58337,34.49465],[135.58337,34.49471],[135.58339,34.49476],[135.58342,34.4948],[135.58349,34.49487],[135.58378,34.49511],[135.58357,34.49522],[135.58362,34.49532],[135.58371,34.49535],[135.58383,34.49538],[135.58377,34.49547],[135.58371,34.49557],[135.5837,34.4956],[135.58365,34.49559],[135.58368,34.49549],[135.58359,34.49549],[135.58347,34.4955],[135.58337,34.49556],[135.58338,34.49566],[135.58349,34.49585],[135.58354,34.49592],[135.58352,34.49598],[135.58351,34.49603],[135.58351,34.4961],[135.58352,34.49618],[135.58353,34.49625],[135.58358,34.49632],[135.58367,34.49635],[135.58375,34.49637],[135.58382,34.49641],[135.58395,34.49644],[135.58399,34.49643],[135.58402,34.49643],[135.58409,34.4964],[135.58414,34.49636],[135.58421,34.49634],[135.58428,34.49637],[135.58437,34.49643],[135.58445,34.49649],[135.58451,34.49653],[135.58458,34.49653],[135.58466,34.49651],[135.58478,34.4965],[135.58483,34.49648],[135.58499,34.49648],[135.58503,34.49653],[135.58504,34.49661],[135.58504,34.49663],[135.58547,34.4966],[135.58594,34.49657],[135.58602,34.49657],[135.58657,34.49653]]]}},{"type":"Feature","properties":{"name":"金剛錦織台","setai":319,"jinko":1210,"key":"272140353","units":1},"geometry":{"type":"Polygon","coordinates":[[[135.56737,34.48822],[135.56805,34.48759],[135.56823,34.48769],[135.56823,34.4877],[135.56824,34.48772],[135.56825,34.48776],[135.56848,34.48786],[135.56848,34.48786],[135.5686,34.4879],[135.5686,34.48789],[135.56843,34.48751],[135.56864,34.48749],[135.56878,34.48752],[135.56881,34.48749],[135.56884,34.48745],[135.56887,34.4874],[135.56889,34.48732],[135.56891,34.48728],[135.56893,34.48724],[135.56901,34.48719],[135.56913,34.48717],[135.56917,34.48716],[135.56918,34.48715],[135.5692,34.48715],[135.5692,34.48713],[135.56921,34.48713],[135.56924,34.48705],[135.56926,34.48697],[135.56926,34.4869],[135.56926,34.48689],[135.56925,34.48686],[135.56922,34.48683],[135.56921,34.48681],[135.56919,34.4868],[135.56918,34.48678],[135.56918,34.48678],[135.56894,34.48678],[135.56893,34.48672],[135.56894,34.48668],[135.56893,34.48663],[135.56896,34.48656],[135.56906,34.48649],[135.56915,34.48643],[135.56924,34.48638],[135.56932,34.48637],[135.56933,34.48637],[135.56937,34.48629],[135.56938,34.48623],[135.56943,34.48618],[135.56952,34.48614],[135.56959,34.48613],[135.56968,34.48612],[135.56975,34.4861],[135.56978,34.48605],[135.5698,34.48602],[135.56968,34.48589],[135.56966,34.48589],[135.56965,34.48589],[135.56961,34.48581],[135.56957,34.48572],[135.56969,34.48568],[135.56959,34.48549],[135.56941,34.48517],[135.56932,34.4852],[135.56928,34.48522],[135.56922,34.48524],[135.56912,34.48506],[135.56904,34.48501],[135.56896,34.48499],[135.56889,34.48499],[135.56881,34.48502],[135.56869,34.48507],[135.56865,34.48508],[135.56862,34.48504],[135.56832,34.48453],[135.56824,34.48444],[135.56819,34.48445],[135.56815,34.48444],[135.56807,34.48442],[135.56798,34.48442],[135.5679,34.48445],[135.56783,34.48447],[135.56777,34.4845],[135.56772,34.48452],[135.56762,34.48456],[135.56748,34.48462],[135.56745,34.48458],[135.56742,34.48455],[135.56732,34.48449],[135.56724,34.48446],[135.56711,34.48445],[135.56699,34.48444],[135.56695,34.48443],[135.56691,34.48436],[135.56687,34.48436],[135.56681,34.48435],[135.56667,34.48433],[135.56665,34.48446],[135.56678,34.48448],[135.56675,34.48458],[135.56673,34.48464],[135.56673,34.48466],[135.56673,34.48466],[135.56672,34.48469],[135.56669,34.48476],[135.56665,34.48482],[135.56662,34.48486],[135.56659,34.48489],[135.56654,34.48492],[135.5665,34.48494],[135.56658,34.48505],[135.5666,34.48508],[135.56661,34.48511],[135.56662,34.48513],[135.56666,34.48521],[135.56662,34.48523],[135.56656,34.48528],[135.56651,34.48542],[135.56654,34.48549],[135.56654,34.4857],[135.56653,34.48573],[135.56678,34.48582],[135.56684,34.48595],[135.56701,34.48629],[135.56699,34.48637],[135.56698,34.48646],[135.567,34.48654],[135.56704,34.48666],[135.56702,34.48688],[135.56701,34.48706],[135.56692,34.48737],[135.56692,34.48739],[135.56685,34.48806],[135.56672,34.48897],[135.56684,34.48881],[135.56723,34.48835],[135.56737,34.48822]]]}},{"type":"Feature","properties":{"name":"新家一丁目","setai":28,"jinko":74,"key":"27214036001","units":1},"geometry":{"type":"Polygon","coordinates":[[[135.58783,34.49448],[135.58792,34.49447],[135.58796,34.49458],[135.58852,34.49445],[135.58861,34.49444],[135.58857,34.49417],[135.58851,34.49409],[135.58854,34.493],[135.58856,34.4929],[135.58863,34.49283],[135.58879,34.49273],[135.58869,34.49253],[135.58847,34.49225],[135.5887,34.49205],[135.58883,34.49215],[135.58893,34.49221],[135.58906,34.49225],[135.58907,34.49216],[135.58909,34.49208],[135.58913,34.49195],[135.58913,34.49182],[135.5891,34.49158],[135.58917,34.49142],[135.58917,34.49119],[135.58919,34.49106],[135.58915,34.491],[135.58908,34.49082],[135.589,34.4909],[135.58883,34.49094],[135.58857,34.491],[135.58794,34.49114],[135.58717,34.49132],[135.58588,34.49161],[135.5849,34.49183],[135.58464,34.49189],[135.58505,34.49244],[135.58513,34.49255],[135.58514,34.49258],[135.58555,34.4932],[135.58587,34.49366],[135.58653,34.49464],[135.58658,34.49472],[135.58689,34.49464],[135.5872,34.49458],[135.58727,34.49457],[135.5873,34.49456],[135.58759,34.49451],[135.58783,34.49448]]]}},{"type":"Feature","properties":{"name":"新家二丁目","setai":112,"jinko":301,"key":"27214036002","units":1},"geometry":{"type":"Polygon","coordinates":[[[135.58879,34.48962],[135.58877,34.4895],[135.58874,34.48939],[135.58864,34.4894],[135.58857,34.48942],[135.58847,34.48943],[135.58846,34.48943],[135.58836,34.48941],[135.58832,34.48942],[135.58823,34.4894],[135.58813,34.4894],[135.58807,34.4894],[135.58794,34.48941],[135.58779,34.48939],[135.58761,34.48937],[135.58751,34.48937],[135.58737,34.48935],[135.58732,34.48935],[135.58724,34.48933],[135.58712,34.48932],[135.587,34.4893],[135.58689,34.48928],[135.58681,34.4893],[135.58679,34.48931],[135.58667,34.48937],[135.58663,34.48939],[135.58657,34.48942],[135.58649,34.48945],[135.58644,34.48947],[135.58636,34.48949],[135.58619,34.48951],[135.5861,34.4895],[135.58594,34.48949],[135.58586,34.4895],[135.58573,34.48952],[135.58554,34.48951],[135.58546,34.4895],[135.58533,34.48947],[135.58526,34.48945],[135.58519,34.48943],[135.58509,34.48942],[135.58496,34.48945],[135.58482,34.48944],[135.58475,34.48943],[135.58467,34.48941],[135.58463,34.4894],[135.58454,34.48939],[135.58446,34.48938],[135.58436,34.48938],[135.58424,34.48936],[135.58415,34.48936],[135.584,34.48933],[135.58389,34.48933],[135.58379,34.48932],[135.58353,34.48929],[135.5834,34.48928],[135.58319,34.48926],[135.58309,34.48921],[135.58296,34.48913],[135.58277,34.48903],[135.58258,34.48891],[135.58246,34.48885],[135.58238,34.48882],[135.58229,34.4888],[135.58222,34.48879],[135.5821,34.4888],[135.58191,34.48883],[135.5817,34.48885],[135.58163,34.48887],[135.58152,34.48889],[135.58144,34.48892],[135.58131,34.48895],[135.58124,34.48899],[135.58116,34.48905],[135.58108,34.48911],[135.58097,34.48918],[135.58119,34.48921],[135.58127,34.48926],[135.58132,34.48931],[135.58139,34.48941],[135.58144,34.4895],[135.58152,34.4896],[135.58162,34.4897],[135.58175,34.48981],[135.58215,34.49008],[135.5825,34.49033],[135.58315,34.49113],[135.5835,34.49146],[135.58341,34.49153],[135.58354,34.49171],[135.58339,34.4918],[135.58326,34.49187],[135.58313,34.49196],[135.58285,34.49198],[135.58282,34.49202],[135.58282,34.49203],[135.58279,34.49203],[135.58272,34.49203],[135.58268,34.49203],[135.58258,34.49204],[135.58256,34.49204],[135.5825,34.49207],[135.58247,34.49217],[135.58244,34.49218],[135.58239,34.49222],[135.58249,34.49231],[135.58259,34.49244],[135.58329,34.49221],[135.58338,34.49219],[135.58396,34.49206],[135.58464,34.49189],[135.5849,34.49183],[135.58588,34.49161],[135.58717,34.49132],[135.58794,34.49114],[135.58857,34.491],[135.58883,34.49094],[135.589,34.4909],[135.58908,34.49082],[135.58904,34.49075],[135.58907,34.49068],[135.58905,34.49052],[135.58896,34.49037],[135.58884,34.49018],[135.5888,34.49007],[135.58878,34.48985],[135.58879,34.48962]]]}},{"type":"Feature","properties":{"name":"加太一丁目","setai":233,"jinko":606,"key":"27214037001","units":1},"geometry":{"type":"Polygon","coordinates":[[[135.56188,34.50801],[135.56179,34.50756],[135.5617,34.50722],[135.56164,34.50695],[135.56149,34.50634],[135.5614,34.506],[135.56137,34.50585],[135.56135,34.50579],[135.56129,34.50555],[135.5612,34.50531],[135.5611,34.5051],[135.56099,34.50485],[135.56094,34.50473],[135.56093,34.5047],[135.56083,34.50452],[135.56063,34.5041],[135.56053,34.50386],[135.56046,34.5037],[135.56035,34.50351],[135.56033,34.50347],[135.56023,34.50329],[135.56031,34.50328],[135.56055,34.50326],[135.56099,34.50327],[135.56147,34.50321],[135.5615,34.50321],[135.56167,34.50318],[135.56214,34.50317],[135.562,34.50282],[135.56179,34.50236],[135.56178,34.50234],[135.56188,34.50231],[135.56219,34.50231],[135.56219,34.50205],[135.56231,34.50202],[135.56233,34.50197],[135.56236,34.50193],[135.56231,34.50178],[135.56242,34.50172],[135.5624,34.50165],[135.56236,34.50158],[135.56231,34.50152],[135.56223,34.50149],[135.56206,34.5015],[135.56162,34.50168],[135.56158,34.50188],[135.56152,34.50188],[135.56147,34.5019],[135.56144,34.50192],[135.56139,34.50196],[135.56135,34.50196],[135.56128,34.50198],[135.56122,34.50201],[135.56117,34.50205],[135.56113,34.502],[135.56109,34.50201],[135.56097,34.50208],[135.5608,34.50206],[135.56093,34.50228],[135.56077,34.50235],[135.56062,34.50237],[135.56056,34.50227],[135.56011,34.50246],[135.56015,34.50259],[135.56004,34.50264],[135.56012,34.5028],[135.55979,34.50304],[135.55977,34.5032],[135.55958,34.50319],[135.5596,34.50337],[135.55961,34.50353],[135.55963,34.50379],[135.55963,34.50388],[135.55959,34.50403],[135.55957,34.50413],[135.55956,34.50416],[135.55955,34.50423],[135.55955,34.50427],[135.55954,34.50439],[135.55955,34.50445],[135.55963,34.50458],[135.55976,34.50469],[135.55991,34.50479],[135.56006,34.50489],[135.56018,34.50498],[135.5602,34.50499],[135.56025,34.50505],[135.56027,34.50507],[135.5603,34.50513],[135.56031,34.50513],[135.56034,34.50524],[135.56036,34.50536],[135.56035,34.50547],[135.56035,34.50548],[135.56033,34.50552],[135.56027,34.50571],[135.56025,34.50579],[135.56024,34.50581],[135.56024,34.50587],[135.5602,34.50589],[135.56026,34.50614],[135.56046,34.50645],[135.56047,34.50646],[135.56053,34.50653],[135.56054,34.50655],[135.56063,34.50667],[135.56062,34.5068],[135.56062,34.50684],[135.56061,34.50685],[135.56061,34.50686],[135.56048,34.50703],[135.56036,34.50724],[135.56033,34.50729],[135.56028,34.50737],[135.56024,34.50743],[135.56013,34.50753],[135.55994,34.5077],[135.55993,34.50769],[135.55992,34.50775],[135.55993,34.50781],[135.55993,34.50785],[135.55995,34.50792],[135.55999,34.50812],[135.55999,34.50813],[135.56006,34.50828],[135.56016,34.50842],[135.56029,34.50859],[135.56038,34.50872],[135.56048,34.50887],[135.56053,34.50897],[135.56055,34.50909],[135.56056,34.50921],[135.56053,34.50933],[135.56046,34.50944],[135.56038,34.50957],[135.56038,34.5096],[135.56035,34.50967],[135.56034,34.5098],[135.56036,34.50995],[135.5604,34.51007],[135.56043,34.51016],[135.56047,34.51029],[135.56048,34.51031],[135.56051,34.51041],[135.56052,34.51044],[135.56057,34.5106],[135.56061,34.51075],[135.56062,34.51081],[135.56064,34.51092],[135.56064,34.51101],[135.56073,34.51102],[135.56085,34.51101],[135.56097,34.51098],[135.56109,34.5109],[135.56117,34.51081],[135.56118,34.5107],[135.56117,34.51058],[135.56121,34.51052],[135.56125,34.51049],[135.56126,34.51043],[135.56127,34.5104],[135.56135,34.51032],[135.56147,34.51025],[135.56162,34.51019],[135.56174,34.5101],[135.56185,34.51002],[135.56199,34.50995],[135.56211,34.50983],[135.56221,34.50976],[135.56238,34.50971],[135.56248,34.50966],[135.56245,34.50961],[135.56238,34.5095],[135.56231,34.50937],[135.56225,34.50929],[135.56215,34.5091],[135.56208,34.50885],[135.56205,34.50874],[135.56201,34.50862],[135.56193,34.50824],[135.5619,34.50809],[135.56188,34.50801]]]}},{"type":"Feature","properties":{"name":"加太二丁目","setai":279,"jinko":694,"key":"27214037002","units":1},"geometry":{"type":"Polygon","coordinates":[[[135.56287,34.50914],[135.56298,34.50912],[135.56315,34.50914],[135.56331,34.50918],[135.56343,34.50917],[135.56336,34.50911],[135.56325,34.509],[135.56323,34.50895],[135.5632,34.50886],[135.56318,34.50869],[135.56318,34.50855],[135.56319,34.50844],[135.5632,34.50827],[135.56319,34.50818],[135.5632,34.50807],[135.56323,34.50791],[135.56328,34.50771],[135.56338,34.50746],[135.56343,34.5073],[135.56348,34.50716],[135.56352,34.50701],[135.56356,34.50681],[135.56361,34.5066],[135.56363,34.5064],[135.56363,34.50619],[135.56362,34.50611],[135.56361,34.50591],[135.56362,34.50583],[135.56363,34.50571],[135.56363,34.50559],[135.56364,34.50546],[135.56366,34.50538],[135.56371,34.50498],[135.56377,34.50451],[135.56377,34.50442],[135.56346,34.50438],[135.56334,34.50434],[135.56331,34.50435],[135.56325,34.50436],[135.56313,34.50436],[135.56297,34.50433],[135.56272,34.50422],[135.56256,34.50415],[135.56246,34.50419],[135.56233,34.50436],[135.56231,34.50439],[135.56222,34.5045],[135.56211,34.50464],[135.56207,34.5047],[135.56193,34.5049],[135.56177,34.50511],[135.56145,34.50506],[135.56106,34.50482],[135.56104,34.50473],[135.56094,34.50473],[135.56099,34.50485],[135.5611,34.5051],[135.5612,34.50531],[135.56129,34.50555],[135.56135,34.50579],[135.56137,34.50585],[135.5614,34.506],[135.56149,34.50634],[135.56164,34.50695],[135.5617,34.50722],[135.56179,34.50756],[135.56188,34.50801],[135.5619,34.50809],[135.56193,34.50824],[135.56201,34.50862],[135.56205,34.50874],[135.56208,34.50885],[135.56215,34.5091],[135.56225,34.50929],[135.56231,34.50937],[135.56238,34.5095],[135.56245,34.50961],[135.56249,34.50955],[135.56251,34.50949],[135.56257,34.50939],[135.56263,34.50927],[135.56273,34.50919],[135.56287,34.50914]]]}},{"type":"Feature","properties":{"name":"加太三丁目","setai":282,"jinko":655,"key":"27214037003","units":1},"geometry":{"type":"Polygon","coordinates":[[[135.56509,34.5074],[135.565,34.50733],[135.56488,34.50727],[135.56477,34.50724],[135.56468,34.50724],[135.56455,34.50726],[135.56439,34.50729],[135.56421,34.50735],[135.56418,34.50732],[135.56414,34.50728],[135.56416,34.50711],[135.5642,34.507],[135.56425,34.50696],[135.56433,34.5069],[135.56435,34.50686],[135.56439,34.50672],[135.56442,34.50657],[135.56445,34.5063],[135.56445,34.5062],[135.56444,34.50612],[135.56454,34.50612],[135.56463,34.5061],[135.56473,34.50603],[135.56477,34.50596],[135.56482,34.50585],[135.56484,34.50578],[135.56484,34.50573],[135.5648,34.50569],[135.5648,34.50565],[135.56483,34.5056],[135.56485,34.50554],[135.56483,34.50543],[135.56483,34.50529],[135.56488,34.50502],[135.56477,34.50485],[135.56463,34.50461],[135.56455,34.5045],[135.56434,34.50452],[135.56407,34.50452],[135.56377,34.50451],[135.56371,34.50498],[135.56366,34.50538],[135.56364,34.50546],[135.56363,34.50559],[135.56363,34.50571],[135.56362,34.50583],[135.56361,34.50591],[135.56362,34.50611],[135.56363,34.50619],[135.56363,34.5064],[135.56361,34.5066],[135.56356,34.50681],[135.56352,34.50701],[135.56348,34.50716],[135.56343,34.5073],[135.56338,34.50746],[135.56328,34.50771],[135.56323,34.50791],[135.5632,34.50807],[135.56319,34.50818],[135.5632,34.50827],[135.56319,34.50844],[135.56318,34.50855],[135.56318,34.50869],[135.5632,34.50886],[135.56323,34.50895],[135.56325,34.509],[135.56336,34.50911],[135.56343,34.50917],[135.56352,34.5092],[135.56364,34.50918],[135.56372,34.50913],[135.56381,34.50905],[135.56388,34.50897],[135.56402,34.5089],[135.56408,34.50881],[135.56413,34.50872],[135.56425,34.50863],[135.56441,34.50855],[135.56459,34.50851],[135.56467,34.5085],[135.5647,34.50849],[135.56478,34.50845],[135.56482,34.50838],[135.56482,34.50823],[135.56482,34.5081],[135.56487,34.50804],[135.56494,34.508],[135.56493,34.50792],[135.56494,34.5079],[135.56507,34.50786],[135.56525,34.50781],[135.56522,34.50776],[135.56518,34.5077],[135.56519,34.50761],[135.56519,34.50754],[135.56515,34.50747],[135.56509,34.5074]]]}},{"type":"Feature","properties":{"name":"青葉丘","setai":267,"jinko":665,"key":"272140380","units":1},"geometry":{"type":"Polygon","coordinates":[[[135.56193,34.5049],[135.56207,34.5047],[135.56211,34.50464],[135.56222,34.5045],[135.56231,34.50439],[135.56233,34.50436],[135.56246,34.50419],[135.56256,34.50415],[135.56272,34.50422],[135.56297,34.50433],[135.56313,34.50436],[135.56325,34.50436],[135.56331,34.50435],[135.56334,34.50434],[135.56346,34.50438],[135.56377,34.50442],[135.56377,34.50451],[135.56407,34.50452],[135.56434,34.50452],[135.56455,34.5045],[135.56458,34.50439],[135.5646,34.50426],[135.5646,34.50423],[135.56461,34.50415],[135.56461,34.5041],[135.56475,34.50403],[135.56485,34.50398],[135.56487,34.50391],[135.56496,34.50386],[135.56503,34.50383],[135.56511,34.50375],[135.56514,34.50371],[135.56524,34.5036],[135.56507,34.50372],[135.56496,34.50366],[135.56491,34.50344],[135.56494,34.50343],[135.56489,34.5031],[135.56474,34.50304],[135.56456,34.50309],[135.56437,34.50314],[135.56431,34.50293],[135.56447,34.5029],[135.56451,34.50286],[135.56457,34.50283],[135.56465,34.50282],[135.56454,34.50255],[135.56464,34.50249],[135.56467,34.50247],[135.56452,34.50232],[135.5645,34.5023],[135.56489,34.50228],[135.5651,34.50209],[135.56502,34.50205],[135.5649,34.50199],[135.56477,34.50191],[135.5647,34.50183],[135.56466,34.50175],[135.56456,34.50168],[135.56449,34.50163],[135.56442,34.50164],[135.56436,34.50166],[135.5643,34.50169],[135.56427,34.50173],[135.56416,34.50175],[135.56403,34.50176],[135.56399,34.50177],[135.56402,34.50192],[135.56359,34.50209],[135.56356,34.50204],[135.56333,34.50209],[135.56325,34.5019],[135.56313,34.50193],[135.56303,34.50195],[135.56292,34.50157],[135.56258,34.50163],[135.56242,34.50172],[135.56231,34.50178],[135.56236,34.50193],[135.56233,34.50197],[135.56231,34.50202],[135.56219,34.50205],[135.56219,34.50231],[135.56188,34.50231],[135.56178,34.50234],[135.56179,34.50236],[135.562,34.50282],[135.56214,34.50317],[135.56167,34.50318],[135.5615,34.50321],[135.56147,34.50321],[135.56099,34.50327],[135.56055,34.50326],[135.56031,34.50328],[135.56023,34.50329],[135.56033,34.50347],[135.56035,34.50351],[135.56046,34.5037],[135.56053,34.50386],[135.56063,34.5041],[135.56083,34.50452],[135.56093,34.5047],[135.56094,34.50473],[135.56104,34.50473],[135.56106,34.50482],[135.56145,34.50506],[135.56177,34.50511],[135.56193,34.5049]]]}},{"type":"Feature","properties":{"name":"新青葉丘町","setai":150,"jinko":367,"key":"272140390","units":1},"geometry":{"type":"Polygon","coordinates":[[[135.56599,34.50731],[135.56603,34.50723],[135.56606,34.50717],[135.56603,34.50711],[135.56607,34.50703],[135.56611,34.50697],[135.56627,34.50668],[135.56633,34.50659],[135.56644,34.50649],[135.56652,34.50643],[135.56666,34.50637],[135.56679,34.50631],[135.56684,34.50641],[135.56694,34.50637],[135.56704,34.50636],[135.56708,34.50634],[135.56714,34.50627],[135.56713,34.50625],[135.56715,34.50622],[135.56722,34.5062],[135.56733,34.50617],[135.56725,34.506],[135.56724,34.50593],[135.56722,34.5059],[135.56715,34.50587],[135.5672,34.50585],[135.56702,34.50555],[135.56688,34.50536],[135.56675,34.50522],[135.56678,34.50498],[135.56651,34.50469],[135.56622,34.50437],[135.56581,34.50431],[135.56558,34.50427],[135.5654,34.50424],[135.56518,34.50421],[135.56506,34.50417],[135.56492,34.50411],[135.56475,34.50403],[135.56461,34.5041],[135.56461,34.50415],[135.5646,34.50423],[135.5646,34.50426],[135.56458,34.50439],[135.56455,34.5045],[135.56463,34.50461],[135.56477,34.50485],[135.56488,34.50502],[135.56483,34.50529],[135.56483,34.50543],[135.56485,34.50554],[135.56483,34.5056],[135.5648,34.50565],[135.5648,34.50569],[135.56484,34.50573],[135.56484,34.50578],[135.56482,34.50585],[135.56477,34.50596],[135.56473,34.50603],[135.56463,34.5061],[135.56454,34.50612],[135.56444,34.50612],[135.56445,34.5062],[135.56445,34.5063],[135.56442,34.50657],[135.56439,34.50672],[135.56435,34.50686],[135.56433,34.5069],[135.56425,34.50696],[135.5642,34.507],[135.56416,34.50711],[135.56414,34.50728],[135.56418,34.50732],[135.56421,34.50735],[135.56439,34.50729],[135.56455,34.50726],[135.56468,34.50724],[135.56477,34.50724],[135.56488,34.50727],[135.565,34.50733],[135.56509,34.5074],[135.56515,34.50747],[135.56519,34.50754],[135.56519,34.50761],[135.56518,34.5077],[135.56522,34.50776],[135.56525,34.50781],[135.56547,34.50775],[135.56557,34.5077],[135.56572,34.5076],[135.56579,34.50751],[135.56585,34.5074],[135.56591,34.50732],[135.56596,34.50731],[135.56599,34.50731]]]}},{"type":"Feature","properties":{"name":"五軒家一丁目","setai":215,"jinko":692,"key":"27214040001","units":1},"geometry":{"type":"Polygon","coordinates":[[[135.56676,34.51338],[135.56672,34.5133],[135.56667,34.51325],[135.56658,34.51322],[135.56641,34.51318],[135.56634,34.51314],[135.56625,34.51307],[135.56617,34.51294],[135.56617,34.51286],[135.56617,34.51286],[135.56628,34.51255],[135.56633,34.51248],[135.56647,34.51231],[135.56648,34.51223],[135.5664,34.51205],[135.56637,34.51198],[135.5664,34.51197],[135.56669,34.51182],[135.56701,34.51173],[135.56722,34.51167],[135.56756,34.51156],[135.56761,34.51155],[135.56761,34.51151],[135.56758,34.51146],[135.56758,34.51146],[135.56758,34.51132],[135.56773,34.51127],[135.5679,34.51126],[135.5679,34.51126],[135.5679,34.51126],[135.56781,34.51117],[135.56782,34.51084],[135.56758,34.51079],[135.56755,34.51072],[135.56752,34.5107],[135.56743,34.51062],[135.56743,34.51056],[135.56744,34.51055],[135.56745,34.51054],[135.56746,34.51053],[135.56743,34.51042],[135.56737,34.51036],[135.56725,34.51037],[135.56714,34.51044],[135.56715,34.51033],[135.56721,34.51025],[135.56716,34.51022],[135.56703,34.51015],[135.56692,34.51003],[135.56687,34.50992],[135.56684,34.50978],[135.56687,34.50958],[135.56679,34.50948],[135.56676,34.50945],[135.56675,34.50945],[135.56674,34.50944],[135.56671,34.50944],[135.56662,34.5095],[135.56653,34.50955],[135.56647,34.50959],[135.56643,34.50949],[135.56643,34.50949],[135.5664,34.50941],[135.56639,34.50939],[135.56638,34.50937],[135.56636,34.50932],[135.5663,34.50921],[135.56624,34.50908],[135.56618,34.50898],[135.56613,34.50897],[135.56605,34.50897],[135.56594,34.50895],[135.56588,34.50892],[135.56579,34.50888],[135.56574,34.50883],[135.56568,34.50881],[135.56557,34.50882],[135.56537,34.5086],[135.5653,34.50852],[135.56512,34.50831],[135.56502,34.50816],[135.56494,34.508],[135.56487,34.50804],[135.56482,34.5081],[135.56482,34.50823],[135.56482,34.50838],[135.56478,34.50845],[135.5647,34.50849],[135.56467,34.5085],[135.56459,34.50851],[135.56441,34.50855],[135.56425,34.50863],[135.56413,34.50872],[135.56408,34.50881],[135.56402,34.5089],[135.56388,34.50897],[135.56381,34.50905],[135.56372,34.50913],[135.56364,34.50918],[135.56352,34.5092],[135.56343,34.50917],[135.56331,34.50918],[135.56315,34.50914],[135.56298,34.50912],[135.56287,34.50914],[135.56273,34.50919],[135.56263,34.50927],[135.56257,34.50939],[135.56251,34.50949],[135.56249,34.50955],[135.56245,34.50961],[135.56248,34.50966],[135.56264,34.50992],[135.56272,34.51011],[135.56276,34.51026],[135.56292,34.51024],[135.56309,34.51023],[135.56325,34.51022],[135.5636,34.51024],[135.56382,34.51024],[135.56441,34.51025],[135.56441,34.51057],[135.56445,34.51096],[135.56449,34.51107],[135.56455,34.51122],[135.56457,34.51128],[135.56454,34.51133],[135.56454,34.5114],[135.56458,34.51162],[135.56465,34.51215],[135.56466,34.51252],[135.56466,34.51266],[135.56471,34.51271],[135.56471,34.51276],[135.56459,34.51334],[135.56487,34.51334],[135.56508,34.51335],[135.56527,34.51336],[135.56536,34.51336],[135.56552,34.51333],[135.56563,34.51331],[135.56581,34.51332],[135.56621,34.51335],[135.56661,34.51339],[135.56675,34.51341],[135.56678,34.51342],[135.56676,34.51338]]]}},{"type":"Feature","properties":{"name":"五軒家二丁目","setai":161,"jinko":409,"key":"27214040002","units":1},"geometry":{"type":"Polygon","coordinates":[[[135.56459,34.51334],[135.56471,34.51276],[135.56471,34.51271],[135.56466,34.51266],[135.56466,34.51252],[135.56465,34.51215],[135.56458,34.51162],[135.56454,34.5114],[135.56454,34.51133],[135.56457,34.51128],[135.56455,34.51122],[135.56449,34.51107],[135.56445,34.51096],[135.56441,34.51057],[135.56441,34.51025],[135.56382,34.51024],[135.5636,34.51024],[135.56325,34.51022],[135.56309,34.51023],[135.56292,34.51024],[135.56276,34.51026],[135.56272,34.51011],[135.56264,34.50992],[135.56248,34.50966],[135.56238,34.50971],[135.56221,34.50976],[135.56211,34.50983],[135.56199,34.50995],[135.56185,34.51002],[135.56174,34.5101],[135.56162,34.51019],[135.56147,34.51025],[135.56135,34.51032],[135.56127,34.5104],[135.56126,34.51043],[135.56125,34.51049],[135.56121,34.51052],[135.56117,34.51058],[135.56118,34.5107],[135.56117,34.51081],[135.56109,34.5109],[135.56097,34.51098],[135.56085,34.51101],[135.56073,34.51102],[135.56064,34.51101],[135.56061,34.51119],[135.56055,34.51148],[135.5605,34.51165],[135.56047,34.51179],[135.56043,34.51192],[135.56057,34.51195],[135.56069,34.51197],[135.5607,34.51198],[135.56071,34.51198],[135.56075,34.51197],[135.56076,34.51198],[135.56085,34.51208],[135.56096,34.51215],[135.56118,34.51227],[135.5612,34.51227],[135.56116,34.51232],[135.56117,34.51236],[135.56119,34.51238],[135.56122,34.51241],[135.56126,34.51243],[135.5613,34.51244],[135.56138,34.51245],[135.56147,34.51247],[135.56159,34.51254],[135.56183,34.51262],[135.56201,34.51268],[135.56218,34.51276],[135.56238,34.51285],[135.56257,34.51292],[135.56272,34.51297],[135.56287,34.51302],[135.563,34.51306],[135.56309,34.51308],[135.56319,34.5131],[135.5632,34.5131],[135.56333,34.51314],[135.56344,34.51318],[135.56356,34.51323],[135.56358,34.51323],[135.56368,34.51326],[135.56386,34.5133],[135.56397,34.51332],[135.56411,34.51333],[135.56419,34.51332],[135.56422,34.51333],[135.56431,34.51335],[135.56441,34.51335],[135.56452,34.51334],[135.56459,34.51334]]]}},{"type":"Feature","properties":{"name":"錦織北一丁目","setai":75,"jinko":193,"key":"27214042101","units":1},"geometry":{"type":"Polygon","coordinates":[[[135.58586,34.4895],[135.58594,34.48949],[135.5861,34.4895],[135.58619,34.48951],[135.58636,34.48949],[135.58644,34.48947],[135.58649,34.48945],[135.58657,34.48942],[135.58663,34.48939],[135.58667,34.48937],[135.58679,34.48931],[135.58681,34.4893],[135.58689,34.48928],[135.587,34.4893],[135.58712,34.48932],[135.58724,34.48933],[135.58732,34.48935],[135.58737,34.48935],[135.58751,34.48937],[135.58761,34.48937],[135.58779,34.48939],[135.58794,34.48941],[135.58807,34.4894],[135.58813,34.4894],[135.58823,34.4894],[135.58832,34.48942],[135.58836,34.48941],[135.58846,34.48943],[135.58847,34.48943],[135.58857,34.48942],[135.58864,34.4894],[135.58874,34.48939],[135.5888,34.48941],[135.58885,34.48941],[135.58901,34.48944],[135.58885,34.48917],[135.58878,34.48905],[135.58862,34.48879],[135.58848,34.48847],[135.58836,34.48796],[135.58827,34.48752],[135.5882,34.48725],[135.58805,34.48618],[135.58803,34.486],[135.588,34.48599],[135.58791,34.48592],[135.58779,34.48581],[135.58763,34.48561],[135.58749,34.48539],[135.58735,34.48518],[135.58694,34.48466],[135.58664,34.48427],[135.58645,34.48408],[135.58657,34.48447],[135.58661,34.48486],[135.58662,34.48508],[135.5866,34.48543],[135.58645,34.48545],[135.58633,34.48549],[135.58614,34.48544],[135.58596,34.4854],[135.58593,34.48537],[135.58591,34.48532],[135.58584,34.4853],[135.58571,34.48535],[135.58559,34.48541],[135.58548,34.48545],[135.58536,34.48545],[135.5852,34.48542],[135.58503,34.48529],[135.5848,34.48554],[135.58492,34.48564],[135.58492,34.48577],[135.58493,34.48584],[135.58508,34.48616],[135.58514,34.48631],[135.58509,34.48633],[135.58453,34.4865],[135.58464,34.48697],[135.58471,34.487],[135.58476,34.48702],[135.58482,34.48702],[135.5849,34.48748],[135.58451,34.4875],[135.5843,34.48751],[135.58403,34.48756],[135.58368,34.48761],[135.58347,34.48764],[135.58326,34.48766],[135.58282,34.48763],[135.58236,34.48759],[135.58207,34.48754],[135.58175,34.48736],[135.5819,34.48756],[135.58236,34.48821],[135.58243,34.48831],[135.58296,34.48913],[135.58309,34.48921],[135.58319,34.48926],[135.5834,34.48928],[135.58353,34.48929],[135.58379,34.48932],[135.58389,34.48933],[135.584,34.48933],[135.58415,34.48936],[135.58424,34.48936],[135.58436,34.48938],[135.58446,34.48938],[135.58454,34.48939],[135.58463,34.4894],[135.58467,34.48941],[135.58475,34.48943],[135.58482,34.48944],[135.58496,34.48945],[135.58509,34.48942],[135.58519,34.48943],[135.58526,34.48945],[135.58533,34.48947],[135.58546,34.4895],[135.58554,34.48951],[135.58573,34.48952],[135.58586,34.4895]]]}},{"type":"Feature","properties":{"name":"錦織北二丁目","setai":130,"jinko":290,"key":"27214042102","units":1},"geometry":{"type":"Polygon","coordinates":[[[135.5848,34.48554],[135.58503,34.48529],[135.5852,34.48542],[135.58536,34.48545],[135.58548,34.48545],[135.58559,34.48541],[135.58571,34.48535],[135.58584,34.4853],[135.58591,34.48532],[135.58593,34.48537],[135.58596,34.4854],[135.58614,34.48544],[135.58633,34.48549],[135.58645,34.48545],[135.5866,34.48543],[135.58662,34.48508],[135.58661,34.48486],[135.58657,34.48447],[135.58645,34.48408],[135.58631,34.4839],[135.58603,34.48357],[135.58552,34.48295],[135.58534,34.48275],[135.58504,34.48241],[135.58495,34.4823],[135.58477,34.48212],[135.58463,34.48197],[135.5844,34.48173],[135.58408,34.48146],[135.58386,34.48129],[135.58375,34.4812],[135.5836,34.48107],[135.58354,34.48128],[135.58352,34.48133],[135.58341,34.48167],[135.58336,34.48184],[135.58321,34.4823],[135.58301,34.48303],[135.58285,34.48366],[135.58257,34.48463],[135.58232,34.48549],[135.58208,34.48631],[135.5818,34.48724],[135.58175,34.48736],[135.58207,34.48754],[135.58236,34.48759],[135.58282,34.48763],[135.58326,34.48766],[135.58347,34.48764],[135.58368,34.48761],[135.58403,34.48756],[135.5843,34.48751],[135.58451,34.4875],[135.5849,34.48748],[135.58482,34.48702],[135.58476,34.48702],[135.58471,34.487],[135.58464,34.48697],[135.58453,34.4865],[135.58509,34.48633],[135.58514,34.48631],[135.58508,34.48616],[135.58493,34.48584],[135.58492,34.48577],[135.58492,34.48564],[135.5848,34.48554]]]}},{"type":"Feature","properties":{"name":"錦織北三丁目","setai":27,"jinko":63,"key":"27214042103","units":1},"geometry":{"type":"Polygon","coordinates":[[[135.58321,34.4823],[135.58336,34.48184],[135.58341,34.48167],[135.58332,34.48184],[135.58282,34.48186],[135.58225,34.48189],[135.58219,34.48186],[135.58184,34.48169],[135.58165,34.48157],[135.58139,34.48126],[135.58136,34.48124],[135.5813,34.48123],[135.58109,34.48122],[135.58104,34.4812],[135.58101,34.48115],[135.58095,34.48108],[135.58092,34.48107],[135.58085,34.48106],[135.58073,34.48106],[135.58032,34.48096],[135.58021,34.48096],[135.58011,34.48111],[135.57995,34.48131],[135.57986,34.48139],[135.57965,34.48148],[135.57952,34.48151],[135.57933,34.48151],[135.57928,34.48143],[135.57921,34.48135],[135.57916,34.48126],[135.57905,34.48112],[135.57895,34.48102],[135.57884,34.48097],[135.57864,34.48094],[135.57861,34.4809],[135.57856,34.48075],[135.57852,34.48059],[135.57844,34.4805],[135.57821,34.48046],[135.57803,34.48049],[135.57798,34.48056],[135.57795,34.48069],[135.57792,34.48089],[135.57789,34.48103],[135.57784,34.48113],[135.57776,34.48119],[135.57762,34.48123],[135.5778,34.48152],[135.57789,34.48164],[135.5783,34.48227],[135.57841,34.48242],[135.57909,34.48341],[135.57923,34.4836],[135.57959,34.48413],[135.57986,34.48453],[135.58012,34.48492],[135.58046,34.48543],[135.58052,34.48551],[135.58064,34.48571],[135.58104,34.48634],[135.58118,34.48654],[135.58175,34.48736],[135.5818,34.48724],[135.58208,34.48631],[135.58232,34.48549],[135.58257,34.48463],[135.58285,34.48366],[135.58301,34.48303],[135.58321,34.4823]]]}},{"type":"Feature","properties":{"name":"錦織中一丁目","setai":201,"jinko":433,"key":"27214042201","units":1},"geometry":{"type":"Polygon","coordinates":[[[135.58717,34.48246],[135.58699,34.48216],[135.58692,34.48217],[135.58671,34.48169],[135.58648,34.48168],[135.58641,34.48149],[135.58646,34.48144],[135.58626,34.48095],[135.5863,34.48094],[135.58624,34.48057],[135.58612,34.48027],[135.58589,34.48035],[135.58576,34.48039],[135.58567,34.48042],[135.58543,34.4805],[135.58531,34.48054],[135.58463,34.48073],[135.58417,34.48084],[135.58387,34.48091],[135.58368,34.48095],[135.58351,34.481],[135.5836,34.48107],[135.58375,34.4812],[135.58386,34.48129],[135.58408,34.48146],[135.5844,34.48173],[135.58463,34.48197],[135.58477,34.48212],[135.58495,34.4823],[135.58504,34.48241],[135.58534,34.48275],[135.58552,34.48295],[135.58603,34.48357],[135.58631,34.4839],[135.58645,34.48408],[135.58664,34.48427],[135.58694,34.48466],[135.58735,34.48518],[135.58749,34.48539],[135.58763,34.48561],[135.58779,34.48581],[135.58791,34.48592],[135.588,34.48599],[135.58785,34.48512],[135.5878,34.4847],[135.58775,34.4844],[135.5877,34.48413],[135.58766,34.48394],[135.58762,34.48376],[135.5876,34.48363],[135.58752,34.48339],[135.58742,34.48311],[135.58733,34.48285],[135.58717,34.48246]]]}},{"type":"Feature","properties":{"name":"錦織中二丁目","setai":234,"jinko":548,"key":"27214042202","units":1},"geometry":{"type":"Polygon","coordinates":[[[135.58221,34.47679],[135.58201,34.47666],[135.58205,34.4769],[135.5821,34.47705],[135.58214,34.47718],[135.58216,34.47725],[135.58223,34.47743],[135.58231,34.47764],[135.58237,34.47782],[135.58243,34.47797],[135.58248,34.47811],[135.5825,34.47817],[135.58252,34.47823],[135.58254,34.47832],[135.5826,34.47848],[135.58266,34.47866],[135.58273,34.47883],[135.58277,34.47898],[135.58278,34.47899],[135.5828,34.47917],[135.58284,34.47933],[135.58286,34.47945],[135.5829,34.47966],[135.58294,34.47978],[135.583,34.47995],[135.58301,34.47999],[135.58304,34.48014],[135.5831,34.48029],[135.58318,34.48044],[135.5833,34.48065],[135.58339,34.4808],[135.58349,34.48094],[135.58351,34.481],[135.58368,34.48095],[135.58387,34.48091],[135.58417,34.48084],[135.58463,34.48073],[135.58531,34.48054],[135.58543,34.4805],[135.58567,34.48042],[135.58576,34.48039],[135.58589,34.48035],[135.58612,34.48027],[135.58619,34.48021],[135.58612,34.48008],[135.58606,34.47995],[135.58597,34.47979],[135.58588,34.47962],[135.58575,34.47947],[135.58565,34.47933],[135.58557,34.47926],[135.58552,34.47918],[135.5854,34.47907],[135.58531,34.47899],[135.58523,34.47892],[135.58507,34.47877],[135.58475,34.47853],[135.58469,34.47849],[135.58442,34.47829],[135.58404,34.47804],[135.58395,34.47799],[135.58385,34.47791],[135.58296,34.47732],[135.58221,34.47679]]]}},{"type":"Feature","properties":{"name":"錦織東一丁目","setai":149,"jinko":350,"key":"27214042301","units":1},"geometry":{"type":"Polygon","coordinates":[[[135.59456,34.48958],[135.59424,34.48895],[135.5942,34.48888],[135.59416,34.4888],[135.59404,34.48852],[135.59382,34.48806],[135.59368,34.48785],[135.59358,34.48768],[135.59346,34.48739],[135.59335,34.48719],[135.59329,34.48706],[135.59308,34.48681],[135.59299,34.48668],[135.59295,34.48663],[135.59289,34.48658],[135.59282,34.48651],[135.59271,34.48642],[135.59248,34.48619],[135.59242,34.48614],[135.59239,34.48611],[135.59236,34.48607],[135.59224,34.48595],[135.59217,34.48587],[135.59203,34.48567],[135.59183,34.48532],[135.59152,34.48484],[135.59145,34.48473],[135.5912,34.48435],[135.59087,34.4838],[135.59087,34.4838],[135.59087,34.48378],[135.59085,34.48376],[135.59057,34.48333],[135.59055,34.48327],[135.59038,34.48303],[135.59037,34.483],[135.59035,34.48299],[135.59023,34.48282],[135.5902,34.48283],[135.59,34.4829],[135.58993,34.48292],[135.5897,34.48298],[135.5895,34.48302],[135.58945,34.48303],[135.58935,34.48306],[135.5892,34.48307],[135.58922,34.48336],[135.58922,34.4836],[135.58923,34.48376],[135.58931,34.48424],[135.58929,34.48431],[135.58932,34.48448],[135.58933,34.48482],[135.58936,34.4849],[135.5894,34.48514],[135.58948,34.48561],[135.58944,34.4857],[135.58937,34.48577],[135.58912,34.4858],[135.58893,34.4858],[135.58886,34.48581],[135.58877,34.48581],[135.58854,34.48583],[135.58847,34.48583],[135.58825,34.48596],[135.58816,34.48603],[135.58811,34.48604],[135.58803,34.486],[135.58805,34.48618],[135.5882,34.48725],[135.58827,34.48752],[135.58836,34.48796],[135.58848,34.48847],[135.58862,34.48879],[135.58878,34.48905],[135.58885,34.48917],[135.58901,34.48944],[135.58923,34.48947],[135.58936,34.48946],[135.58944,34.48945],[135.58967,34.48936],[135.58987,34.48932],[135.59021,34.48932],[135.59029,34.48931],[135.59045,34.48929],[135.59069,34.48923],[135.59084,34.48914],[135.59101,34.48904],[135.59122,34.48898],[135.59139,34.48896],[135.59179,34.4888],[135.59191,34.48891],[135.59201,34.48898],[135.59207,34.48906],[135.59227,34.48928],[135.5924,34.48924],[135.59256,34.48924],[135.59275,34.4893],[135.59292,34.48941],[135.5933,34.4897],[135.59364,34.49],[135.59369,34.49004],[135.59456,34.48958]]]}},{"type":"Feature","properties":{"name":"錦織東二丁目","setai":94,"jinko":179,"key":"27214042302","units":1},"geometry":{"type":"Polygon","coordinates":[[[135.58886,34.48581],[135.58893,34.4858],[135.58912,34.4858],[135.58937,34.48577],[135.58944,34.4857],[135.58948,34.48561],[135.5894,34.48514],[135.58936,34.4849],[135.58933,34.48482],[135.58932,34.48448],[135.58929,34.48431],[135.58931,34.48424],[135.58923,34.48376],[135.58922,34.4836],[135.58922,34.48336],[135.5892,34.48307],[135.58935,34.48306],[135.58945,34.48303],[135.5895,34.48302],[135.5897,34.48298],[135.58993,34.48292],[135.59,34.4829],[135.5902,34.48283],[135.59023,34.48282],[135.5898,34.48225],[135.5895,34.48181],[135.58921,34.48138],[135.58917,34.48134],[135.58889,34.48096],[135.58882,34.48086],[135.58828,34.48012],[135.5879,34.47963],[135.58787,34.47959],[135.58755,34.4792],[135.58741,34.47906],[135.58734,34.47899],[135.58698,34.47936],[135.58687,34.47947],[135.58683,34.47952],[135.58639,34.47999],[135.58627,34.48013],[135.58622,34.48018],[135.58619,34.48021],[135.58612,34.48027],[135.58624,34.48057],[135.5863,34.48094],[135.58626,34.48095],[135.58646,34.48144],[135.58641,34.48149],[135.58648,34.48168],[135.58671,34.48169],[135.58692,34.48217],[135.58699,34.48216],[135.58717,34.48246],[135.58733,34.48285],[135.58742,34.48311],[135.58752,34.48339],[135.5876,34.48363],[135.58762,34.48376],[135.58766,34.48394],[135.5877,34.48413],[135.58775,34.4844],[135.5878,34.4847],[135.58785,34.48512],[135.588,34.48599],[135.58803,34.486],[135.58811,34.48604],[135.58816,34.48603],[135.58825,34.48596],[135.58847,34.48583],[135.58854,34.48583],[135.58877,34.48581],[135.58886,34.48581]]]}},{"type":"Feature","properties":{"name":"錦織東三丁目","setai":80,"jinko":258,"key":"27214042303","units":1},"geometry":{"type":"Polygon","coordinates":[[[135.58348,34.47435],[135.58323,34.47424],[135.58309,34.47418],[135.58291,34.47417],[135.58267,34.4742],[135.58249,34.47422],[135.58239,34.47423],[135.5823,34.47425],[135.58204,34.47428],[135.5818,34.47429],[135.58176,34.47429],[135.58175,34.47429],[135.58158,34.47429],[135.58135,34.47428],[135.58112,34.47423],[135.58093,34.47416],[135.58074,34.47407],[135.58059,34.47397],[135.58039,34.47386],[135.58033,34.47382],[135.58031,34.4738],[135.58014,34.47357],[135.58005,34.47335],[135.57997,34.47309],[135.57993,34.47286],[135.57992,34.47278],[135.57992,34.47264],[135.57991,34.47253],[135.57988,34.47235],[135.57985,34.47223],[135.5798,34.47214],[135.57969,34.47203],[135.57959,34.47191],[135.57956,34.47169],[135.57957,34.47119],[135.57938,34.47119],[135.57937,34.47122],[135.57936,34.47126],[135.57933,34.47129],[135.57929,34.47132],[135.57925,34.47134],[135.57921,34.47137],[135.57917,34.47139],[135.57912,34.47143],[135.57908,34.47146],[135.57905,34.4715],[135.57901,34.47156],[135.57894,34.47171],[135.57891,34.47173],[135.57887,34.47178],[135.57878,34.4718],[135.57871,34.47182],[135.57861,34.47189],[135.57854,34.47196],[135.57853,34.47197],[135.57842,34.47205],[135.57837,34.47208],[135.57841,34.47222],[135.57869,34.47276],[135.579,34.47326],[135.57917,34.47358],[135.57943,34.474],[135.5796,34.47428],[135.57979,34.47454],[135.57991,34.47473],[135.58015,34.47502],[135.58038,34.4753],[135.58065,34.47554],[135.58081,34.47572],[135.58133,34.47617],[135.58201,34.47666],[135.58221,34.47679],[135.58296,34.47732],[135.58385,34.47791],[135.58395,34.47799],[135.58404,34.47804],[135.58442,34.47829],[135.58469,34.47849],[135.58475,34.47853],[135.58507,34.47877],[135.58523,34.47892],[135.58531,34.47899],[135.5854,34.47907],[135.58552,34.47918],[135.58557,34.47926],[135.58565,34.47933],[135.58575,34.47947],[135.58588,34.47962],[135.58597,34.47979],[135.58606,34.47995],[135.58612,34.48008],[135.58619,34.48021],[135.58622,34.48018],[135.58627,34.48013],[135.58639,34.47999],[135.58683,34.47952],[135.58687,34.47947],[135.58698,34.47936],[135.58734,34.47899],[135.58731,34.47896],[135.58726,34.47891],[135.58711,34.47876],[135.58695,34.47859],[135.58682,34.47844],[135.58678,34.47838],[135.58662,34.47821],[135.58659,34.47816],[135.58641,34.47794],[135.58627,34.47777],[135.58621,34.47772],[135.58611,34.4776],[135.58594,34.47741],[135.5856,34.47706],[135.58544,34.47673],[135.58539,34.4766],[135.58535,34.47649],[135.58533,34.47645],[135.58526,34.47629],[135.58519,34.47607],[135.58512,34.47588],[135.58504,34.47571],[135.58498,34.47562],[135.58497,34.47558],[135.58494,34.47554],[135.5849,34.47547],[135.58478,34.4753],[135.58464,34.4751],[135.58448,34.47487],[135.58445,34.47482],[135.58435,34.47469],[135.58422,34.47454],[135.58413,34.47446],[135.58405,34.4744],[135.58391,34.47438],[135.58365,34.47437],[135.58348,34.47435]]]}},{"type":"Feature","properties":{"name":"錦織南一丁目","setai":594,"jinko":1517,"key":"27214042401","units":1},"geometry":{"type":"Polygon","coordinates":[[[135.58351,34.481],[135.58349,34.48094],[135.58339,34.4808],[135.5833,34.48065],[135.58318,34.48044],[135.5831,34.48029],[135.58304,34.48014],[135.58301,34.47999],[135.583,34.47995],[135.58294,34.47978],[135.5829,34.47966],[135.58286,34.47945],[135.58284,34.47933],[135.5828,34.47917],[135.58278,34.47899],[135.58277,34.47898],[135.58273,34.47883],[135.58266,34.47866],[135.5826,34.47848],[135.58254,34.47832],[135.58252,34.47823],[135.5825,34.47817],[135.58248,34.47811],[135.58243,34.47797],[135.58237,34.47782],[135.58231,34.47764],[135.58223,34.47743],[135.58216,34.47725],[135.58214,34.47718],[135.5821,34.47705],[135.58205,34.4769],[135.58198,34.47686],[135.58186,34.47684],[135.58171,34.47682],[135.58149,34.4768],[135.5812,34.47678],[135.58097,34.4768],[135.58071,34.47682],[135.58066,34.47683],[135.58062,34.47683],[135.58041,34.47686],[135.58019,34.47687],[135.57992,34.4769],[135.57981,34.47691],[135.57969,34.47691],[135.57955,34.47693],[135.57942,34.47697],[135.57939,34.47698],[135.57929,34.47704],[135.57923,34.47709],[135.57914,34.47718],[135.57904,34.47724],[135.57896,34.47728],[135.57886,34.47735],[135.57871,34.4774],[135.57863,34.47741],[135.57863,34.47741],[135.5785,34.47744],[135.57831,34.47746],[135.5782,34.47748],[135.57807,34.4775],[135.57791,34.47751],[135.57783,34.47753],[135.57776,34.47753],[135.57763,34.47754],[135.57753,34.47755],[135.57727,34.47756],[135.57715,34.47756],[135.57706,34.47756],[135.57678,34.47755],[135.57624,34.47751],[135.57628,34.47772],[135.57633,34.47808],[135.57634,34.47816],[135.57646,34.47864],[135.57656,34.47896],[135.5766,34.47908],[135.57666,34.47927],[135.57684,34.47974],[135.57699,34.4801],[135.57717,34.48052],[135.57722,34.48061],[135.5774,34.48091],[135.57762,34.48123],[135.57776,34.48119],[135.57784,34.48113],[135.57789,34.48103],[135.57792,34.48089],[135.57795,34.48069],[135.57798,34.48056],[135.57803,34.48049],[135.57821,34.48046],[135.57844,34.4805],[135.57852,34.48059],[135.57856,34.48075],[135.57861,34.4809],[135.57864,34.48094],[135.57884,34.48097],[135.57895,34.48102],[135.57905,34.48112],[135.57916,34.48126],[135.57921,34.48135],[135.57928,34.48143],[135.57933,34.48151],[135.57952,34.48151],[135.57965,34.48148],[135.57986,34.48139],[135.57995,34.48131],[135.58011,34.48111],[135.58021,34.48096],[135.58032,34.48096],[135.58073,34.48106],[135.58085,34.48106],[135.58092,34.48107],[135.58095,34.48108],[135.58101,34.48115],[135.58104,34.4812],[135.58109,34.48122],[135.5813,34.48123],[135.58136,34.48124],[135.58139,34.48126],[135.58165,34.48157],[135.58184,34.48169],[135.58219,34.48186],[135.58225,34.48189],[135.58282,34.48186],[135.58332,34.48184],[135.58341,34.48167],[135.58352,34.48133],[135.58354,34.48128],[135.5836,34.48107],[135.58351,34.481]]]}},{"type":"Feature","properties":{"name":"錦織南二丁目","setai":334,"jinko":757,"key":"27214042402","units":1},"geometry":{"type":"Polygon","coordinates":[[[135.57763,34.47754],[135.57776,34.47753],[135.57783,34.47753],[135.57791,34.47751],[135.57807,34.4775],[135.5782,34.47748],[135.57831,34.47746],[135.5785,34.47744],[135.57863,34.47741],[135.57863,34.47741],[135.57871,34.4774],[135.57886,34.47735],[135.57896,34.47728],[135.57904,34.47724],[135.57914,34.47718],[135.57923,34.47709],[135.57929,34.47704],[135.57939,34.47698],[135.57942,34.47697],[135.57955,34.47693],[135.57969,34.47691],[135.57981,34.47691],[135.57992,34.4769],[135.58019,34.47687],[135.58041,34.47686],[135.58062,34.47683],[135.58066,34.47683],[135.58071,34.47682],[135.58097,34.4768],[135.5812,34.47678],[135.58149,34.4768],[135.58171,34.47682],[135.58186,34.47684],[135.58198,34.47686],[135.58205,34.4769],[135.58201,34.47666],[135.58133,34.47617],[135.58081,34.47572],[135.58065,34.47554],[135.58038,34.4753],[135.58015,34.47502],[135.57991,34.47473],[135.57979,34.47454],[135.5796,34.47428],[135.57943,34.474],[135.57917,34.47358],[135.579,34.47326],[135.57869,34.47276],[135.57841,34.47222],[135.57837,34.47208],[135.57826,34.47215],[135.57826,34.47215],[135.57807,34.47227],[135.57794,34.47235],[135.57785,34.47238],[135.57776,34.47242],[135.57767,34.47246],[135.57747,34.47252],[135.57738,34.47256],[135.57728,34.47261],[135.5772,34.47266],[135.57714,34.47272],[135.57708,34.47278],[135.57706,34.47281],[135.57707,34.47296],[135.57707,34.47303],[135.57708,34.47311],[135.57708,34.47312],[135.57708,34.47321],[135.57708,34.47326],[135.57707,34.47331],[135.57705,34.47334],[135.57699,34.47342],[135.57695,34.47348],[135.57692,34.47354],[135.57686,34.47365],[135.57679,34.47378],[135.57676,34.47385],[135.57676,34.47393],[135.57675,34.47398],[135.57676,34.47402],[135.57678,34.47409],[135.57683,34.47419],[135.57688,34.47428],[135.5769,34.47432],[135.57693,34.47438],[135.57694,34.47442],[135.57696,34.47445],[135.57699,34.47449],[135.57701,34.47454],[135.57704,34.47457],[135.57706,34.47461],[135.57711,34.47463],[135.577,34.47476],[135.57679,34.47489],[135.57673,34.47492],[135.57669,34.47498],[135.57668,34.47502],[135.57656,34.4751],[135.57644,34.47511],[135.57629,34.47513],[135.57603,34.47512],[135.57597,34.47533],[135.576,34.47563],[135.57603,34.47587],[135.57609,34.47638],[135.57613,34.47675],[135.57614,34.47683],[135.57624,34.47748],[135.57624,34.47751],[135.57678,34.47755],[135.57706,34.47756],[135.57715,34.47756],[135.57727,34.47756],[135.57753,34.47755],[135.57763,34.47754]]]}},{"type":"Feature","properties":{"name":"大字錦織","setai":3,"jinko":5,"key":"272140425","units":1},"geometry":{"type":"Polygon","coordinates":[[[135.56921,34.48664],[135.56924,34.48663],[135.56929,34.48663],[135.56933,34.48663],[135.56935,34.48663],[135.56936,34.48663],[135.56943,34.48666],[135.56952,34.48665],[135.56957,34.48665],[135.56961,34.48663],[135.56967,34.48656],[135.56974,34.48648],[135.5698,34.48642],[135.56984,34.48638],[135.56985,34.48638],[135.56986,34.48637],[135.56987,34.48637],[135.56993,34.48636],[135.56993,34.48635],[135.56996,34.48635],[135.56998,34.48634],[135.56999,34.48633],[135.56999,34.48633],[135.56999,34.48632],[135.57002,34.48629],[135.57006,34.48623],[135.57007,34.48619],[135.57009,34.48617],[135.57009,34.48616],[135.5701,34.48614],[135.57011,34.48612],[135.57013,34.4861],[135.57017,34.48609],[135.57017,34.48609],[135.57022,34.48607],[135.57028,34.48604],[135.57035,34.48598],[135.57042,34.48592],[135.57044,34.4859],[135.57048,34.48589],[135.5706,34.48584],[135.57061,34.48583],[135.57061,34.48583],[135.57072,34.48578],[135.57076,34.48577],[135.57081,34.48576],[135.57084,34.48575],[135.57098,34.48577],[135.57102,34.48575],[135.57119,34.4857],[135.57131,34.48568],[135.57139,34.48568],[135.5715,34.48574],[135.57163,34.48584],[135.5717,34.48588],[135.57183,34.48589],[135.57193,34.4859],[135.572,34.48593],[135.57214,34.48607],[135.57223,34.48618],[135.57231,34.48624],[135.57242,34.48633],[135.57253,34.48642],[135.5728,34.48661],[135.57305,34.48669],[135.57325,34.48672],[135.57359,34.48675],[135.57373,34.48672],[135.57386,34.48669],[135.57397,34.48669],[135.57403,34.48671],[135.57413,34.48674],[135.57429,34.48671],[135.57441,34.48665],[135.57456,34.48654],[135.57471,34.48641],[135.57489,34.48627],[135.57508,34.48612],[135.57519,34.48607],[135.57532,34.48606],[135.57548,34.48604],[135.57567,34.48596],[135.57598,34.48582],[135.57602,34.48583],[135.57607,34.48589],[135.57617,34.48595],[135.57633,34.48596],[135.57647,34.48594],[135.57668,34.48582],[135.57683,34.48576],[135.57691,34.48572],[135.57696,34.48566],[135.57694,34.4856],[135.57688,34.4855],[135.57689,34.48544],[135.57698,34.48542],[135.57705,34.48534],[135.57709,34.48535],[135.57714,34.48541],[135.57714,34.48551],[135.57717,34.48558],[135.57721,34.48564],[135.57722,34.4857],[135.57721,34.48578],[135.57718,34.48585],[135.57733,34.4859],[135.57745,34.48591],[135.57764,34.48594],[135.57805,34.48604],[135.57821,34.48605],[135.57835,34.48604],[135.57853,34.48605],[135.57904,34.48614],[135.5793,34.48619],[135.57944,34.48622],[135.57965,34.48624],[135.57973,34.48629],[135.57983,34.48638],[135.57993,34.48647],[135.58005,34.48618],[135.58036,34.48609],[135.58049,34.48608],[135.5805,34.48611],[135.58064,34.4861],[135.58073,34.48611],[135.58085,34.48616],[135.58093,34.48623],[135.58095,34.48631],[135.58104,34.48634],[135.58064,34.48571],[135.58052,34.48551],[135.58046,34.48543],[135.58012,34.48492],[135.57986,34.48453],[135.57959,34.48413],[135.57923,34.4836],[135.57909,34.48341],[135.57841,34.48242],[135.5783,34.48227],[135.57789,34.48164],[135.5778,34.48152],[135.57762,34.48123],[135.5774,34.48091],[135.57722,34.48061],[135.57717,34.48052],[135.57699,34.4801],[135.57684,34.47974],[135.57666,34.47927],[135.5766,34.47908],[135.57656,34.47896],[135.57646,34.47864],[135.57634,34.47816],[135.57633,34.47808],[135.57628,34.47772],[135.57624,34.47751],[135.57499,34.4773],[135.57479,34.47727],[135.57461,34.47724],[135.57446,34.47722],[135.57434,34.4772],[135.57417,34.47721],[135.5739,34.47722],[135.57357,34.47729],[135.57326,34.47731],[135.57308,34.47727],[135.57278,34.47719],[135.57281,34.4773],[135.57281,34.4773],[135.57279,34.47738],[135.57276,34.47741],[135.57271,34.47744],[135.57264,34.47745],[135.57254,34.47743],[135.57245,34.47743],[135.57231,34.47744],[135.57218,34.47745],[135.57199,34.47748],[135.57185,34.47754],[135.57181,34.47756],[135.57175,34.47758],[135.5717,34.47762],[135.57168,34.47763],[135.57161,34.47771],[135.57158,34.47781],[135.57159,34.47791],[135.57164,34.47801],[135.57168,34.47808],[135.57169,34.47809],[135.57176,34.47816],[135.5718,34.47821],[135.57179,34.47826],[135.57176,34.47831],[135.57173,34.47833],[135.57172,34.47833],[135.57172,34.47833],[135.57149,34.47851],[135.57124,34.4787],[135.5712,34.47874],[135.57107,34.47885],[135.57069,34.47905],[135.57038,34.47922],[135.57034,34.47926],[135.5703,34.47933],[135.57024,34.47941],[135.57018,34.47948],[135.57012,34.47954],[135.57006,34.47962],[135.56998,34.4797],[135.5699,34.47977],[135.56982,34.47985],[135.56973,34.47995],[135.5697,34.47999],[135.56968,34.48007],[135.56969,34.48014],[135.56972,34.48025],[135.56974,34.4803],[135.56976,34.48036],[135.56979,34.48042],[135.56983,34.4805],[135.56986,34.48059],[135.56981,34.48064],[135.56946,34.48073],[135.56942,34.48073],[135.56926,34.48075],[135.5692,34.48075],[135.56917,34.48079],[135.56918,34.48084],[135.56925,34.48092],[135.56926,34.48103],[135.56926,34.4811],[135.56927,34.48115],[135.56926,34.48118],[135.56923,34.48123],[135.56919,34.48129],[135.56914,34.48138],[135.56911,34.48149],[135.56909,34.48158],[135.56906,34.48167],[135.56909,34.48174],[135.56909,34.48183],[135.56914,34.48202],[135.56917,34.48211],[135.56918,34.48218],[135.56919,34.4823],[135.56919,34.48238],[135.5692,34.4825],[135.56914,34.48267],[135.56906,34.48278],[135.56901,34.4828],[135.5689,34.48284],[135.56871,34.48287],[135.56832,34.48294],[135.56819,34.48297],[135.5681,34.48298],[135.56813,34.48303],[135.56817,34.48312],[135.5682,34.48322],[135.5682,34.48326],[135.56815,34.48329],[135.56811,34.48328],[135.56803,34.48324],[135.56799,34.48322],[135.56794,34.48317],[135.56788,34.48313],[135.56779,34.48306],[135.56771,34.48301],[135.56765,34.483],[135.56761,34.48302],[135.56756,34.48307],[135.56751,34.48314],[135.5675,34.48319],[135.56749,34.48325],[135.56749,34.4833],[135.56742,34.48334],[135.56738,34.48337],[135.56725,34.48336],[135.56718,34.48339],[135.56709,34.48342],[135.56704,34.48342],[135.56697,34.48342],[135.56695,34.48335],[135.56694,34.48331],[135.56696,34.48326],[135.567,34.48321],[135.56702,34.48317],[135.56702,34.48306],[135.56701,34.483],[135.56699,34.48294],[135.56697,34.48288],[135.56692,34.48284],[135.56685,34.48279],[135.56677,34.48275],[135.5667,34.48268],[135.56666,34.48263],[135.56655,34.48257],[135.56643,34.48252],[135.56636,34.48248],[135.56626,34.48243],[135.56617,34.48237],[135.56609,34.48235],[135.56608,34.48235],[135.56603,34.48234],[135.56597,34.48232],[135.56595,34.48233],[135.56591,34.48232],[135.56589,34.48232],[135.56583,34.48258],[135.56628,34.48294],[135.56623,34.48328],[135.56624,34.48339],[135.56633,34.48355],[135.56636,34.4837],[135.56646,34.4837],[135.56643,34.48394],[135.56657,34.48396],[135.56657,34.48404],[135.56684,34.48413],[135.56681,34.48433],[135.56681,34.48435],[135.56687,34.48436],[135.56691,34.48436],[135.56695,34.48443],[135.56699,34.48444],[135.56711,34.48445],[135.56724,34.48446],[135.56732,34.48449],[135.56742,34.48455],[135.56745,34.48458],[135.56748,34.48462],[135.56762,34.48456],[135.56772,34.48452],[135.56777,34.4845],[135.56783,34.48447],[135.5679,34.48445],[135.56798,34.48442],[135.56807,34.48442],[135.56815,34.48444],[135.56819,34.48445],[135.56824,34.48444],[135.56832,34.48453],[135.56862,34.48504],[135.56865,34.48508],[135.56869,34.48507],[135.56881,34.48502],[135.56889,34.48499],[135.56896,34.48499],[135.56904,34.48501],[135.56912,34.48506],[135.56922,34.48524],[135.56928,34.48522],[135.56932,34.4852],[135.56941,34.48517],[135.56959,34.48549],[135.56969,34.48568],[135.56957,34.48572],[135.56961,34.48581],[135.56965,34.48589],[135.56966,34.48589],[135.56968,34.48589],[135.5698,34.48602],[135.56978,34.48605],[135.56975,34.4861],[135.56968,34.48612],[135.56959,34.48613],[135.56952,34.48614],[135.56943,34.48618],[135.56938,34.48623],[135.56937,34.48629],[135.56933,34.48637],[135.56932,34.48637],[135.56924,34.48638],[135.56915,34.48643],[135.56906,34.48649],[135.56896,34.48656],[135.56893,34.48663],[135.56894,34.48668],[135.56893,34.48672],[135.56894,34.48678],[135.56918,34.48678],[135.56917,34.48675],[135.56917,34.48668],[135.56918,34.48667],[135.5692,34.48665],[135.5692,34.48665],[135.56921,34.48664]]]}},{"type":"Feature","properties":{"name":"須賀一丁目","setai":440,"jinko":1094,"key":"27214043101","units":1},"geometry":{"type":"Polygon","coordinates":[[[135.56709,34.48342],[135.56718,34.48339],[135.56725,34.48336],[135.56738,34.48337],[135.56742,34.48334],[135.56749,34.4833],[135.56749,34.48325],[135.5675,34.48319],[135.56751,34.48314],[135.56756,34.48307],[135.56761,34.48302],[135.56765,34.483],[135.56771,34.48301],[135.56779,34.48306],[135.56788,34.48313],[135.56794,34.48317],[135.56799,34.48322],[135.56803,34.48324],[135.56811,34.48328],[135.56815,34.48329],[135.5682,34.48326],[135.5682,34.48322],[135.56817,34.48312],[135.56813,34.48303],[135.5681,34.48298],[135.56819,34.48297],[135.56832,34.48294],[135.56871,34.48287],[135.5689,34.48284],[135.56901,34.4828],[135.56906,34.48278],[135.56914,34.48267],[135.5692,34.4825],[135.56919,34.48238],[135.56919,34.4823],[135.56918,34.48218],[135.56917,34.48211],[135.56914,34.48202],[135.56909,34.48183],[135.56909,34.48174],[135.56906,34.48167],[135.56909,34.48158],[135.56911,34.48149],[135.56914,34.48138],[135.56919,34.48129],[135.56923,34.48123],[135.56926,34.48118],[135.56927,34.48115],[135.56926,34.4811],[135.56926,34.48103],[135.56925,34.48092],[135.56918,34.48084],[135.56917,34.48079],[135.5692,34.48075],[135.56926,34.48075],[135.56942,34.48073],[135.56946,34.48073],[135.56981,34.48064],[135.56986,34.48059],[135.56983,34.4805],[135.56979,34.48042],[135.56976,34.48036],[135.56974,34.4803],[135.56972,34.48025],[135.56969,34.48014],[135.56968,34.48007],[135.5697,34.47999],[135.56973,34.47995],[135.56982,34.47985],[135.5699,34.47977],[135.56998,34.4797],[135.57006,34.47962],[135.57012,34.47954],[135.57018,34.47948],[135.57024,34.47941],[135.5703,34.47933],[135.57034,34.47926],[135.57038,34.47922],[135.57069,34.47905],[135.57107,34.47885],[135.5712,34.47874],[135.57124,34.4787],[135.57149,34.47851],[135.57172,34.47833],[135.57172,34.47833],[135.57173,34.47833],[135.57176,34.47831],[135.57179,34.47826],[135.5718,34.47821],[135.57176,34.47816],[135.57169,34.47809],[135.57168,34.47808],[135.57164,34.47801],[135.57159,34.47791],[135.57158,34.47781],[135.57161,34.47771],[135.57168,34.47763],[135.5717,34.47762],[135.57175,34.47758],[135.57181,34.47756],[135.57185,34.47754],[135.57199,34.47748],[135.57218,34.47745],[135.57231,34.47744],[135.57245,34.47743],[135.57254,34.47743],[135.57264,34.47745],[135.57271,34.47744],[135.57276,34.47741],[135.57279,34.47738],[135.57281,34.4773],[135.57281,34.4773],[135.57278,34.47719],[135.57267,34.47714],[135.57263,34.4771],[135.57262,34.47707],[135.57262,34.47705],[135.57259,34.47701],[135.57254,34.47694],[135.57248,34.47687],[135.57246,34.47684],[135.57245,34.47684],[135.57239,34.47678],[135.57232,34.47671],[135.57228,34.47667],[135.57227,34.47665],[135.57224,34.47658],[135.57222,34.47649],[135.57222,34.47645],[135.57221,34.47642],[135.57223,34.47633],[135.57228,34.47623],[135.5723,34.47616],[135.57231,34.47607],[135.57229,34.47609],[135.57225,34.47611],[135.57221,34.47612],[135.57174,34.47631],[135.5717,34.47632],[135.57165,34.47633],[135.57159,34.47633],[135.57154,34.47632],[135.57144,34.47631],[135.57132,34.47631],[135.57119,34.47636],[135.5711,34.47637],[135.57106,34.47637],[135.57101,34.47637],[135.57098,34.47635],[135.57095,34.47634],[135.57087,34.47631],[135.57075,34.4763],[135.57064,34.47629],[135.57061,34.4763],[135.57059,34.4763],[135.57055,34.4763],[135.57049,34.47632],[135.57044,34.47633],[135.57037,34.47635],[135.57029,34.47638],[135.57023,34.47639],[135.57018,34.47638],[135.57012,34.47637],[135.57008,34.47636],[135.57005,34.47637],[135.57001,34.47638],[135.56996,34.47641],[135.5699,34.47645],[135.56986,34.47647],[135.5698,34.47646],[135.56971,34.47649],[135.56966,34.47651],[135.56963,34.47653],[135.56959,34.47655],[135.56954,34.47654],[135.56947,34.47654],[135.56941,34.47657],[135.56934,34.47659],[135.56928,34.4766],[135.56922,34.47661],[135.56916,34.47661],[135.56908,34.47665],[135.56896,34.47672],[135.56891,34.47674],[135.56878,34.47679],[135.56872,34.47681],[135.56858,34.47685],[135.56841,34.47694],[135.56838,34.47696],[135.56834,34.47697],[135.56828,34.477],[135.56821,34.47705],[135.56802,34.47714],[135.56792,34.4772],[135.56786,34.47723],[135.56778,34.47728],[135.56765,34.47735],[135.56758,34.47738],[135.56751,34.47741],[135.56748,34.47742],[135.56742,34.47744],[135.5672,34.47753],[135.56707,34.47757],[135.56699,34.4776],[135.56699,34.47764],[135.56724,34.47779],[135.56761,34.47795],[135.56796,34.47807],[135.56795,34.47819],[135.56799,34.47831],[135.56803,34.47841],[135.56808,34.47852],[135.56816,34.47872],[135.56826,34.47893],[135.56836,34.4791],[135.56843,34.47924],[135.56823,34.47939],[135.56818,34.47937],[135.5676,34.47964],[135.56766,34.47968],[135.56777,34.47977],[135.56777,34.47982],[135.56774,34.47985],[135.56754,34.47984],[135.56743,34.47989],[135.56731,34.47994],[135.56672,34.4802],[135.56643,34.48035],[135.56626,34.48034],[135.56614,34.48035],[135.56601,34.48036],[135.56587,34.48042],[135.56571,34.48047],[135.56562,34.48047],[135.56558,34.48052],[135.56523,34.48082],[135.5652,34.48087],[135.56513,34.48095],[135.56507,34.48105],[135.56505,34.48114],[135.56511,34.48126],[135.56519,34.48133],[135.56527,34.48139],[135.56523,34.4814],[135.56474,34.48104],[135.56454,34.48094],[135.56439,34.48094],[135.56432,34.481],[135.56401,34.48143],[135.56406,34.48145],[135.56415,34.48148],[135.56424,34.48148],[135.56436,34.48148],[135.56447,34.48149],[135.56462,34.48151],[135.56473,34.48155],[135.56477,34.48157],[135.5649,34.48165],[135.56504,34.48175],[135.56516,34.48184],[135.56525,34.48191],[135.56527,34.48193],[135.56535,34.48198],[135.56536,34.48199],[135.56546,34.48207],[135.56552,34.4821],[135.56555,34.48213],[135.56567,34.48221],[135.56569,34.48222],[135.56573,34.48225],[135.56574,34.48226],[135.56581,34.4823],[135.56583,34.48231],[135.56589,34.48232],[135.56591,34.48232],[135.56595,34.48233],[135.56597,34.48232],[135.56603,34.48234],[135.56608,34.48235],[135.56609,34.48235],[135.56617,34.48237],[135.56626,34.48243],[135.56636,34.48248],[135.56643,34.48252],[135.56655,34.48257],[135.56666,34.48263],[135.5667,34.48268],[135.56677,34.48275],[135.56685,34.48279],[135.56692,34.48284],[135.56697,34.48288],[135.56699,34.48294],[135.56701,34.483],[135.56702,34.48306],[135.56702,34.48317],[135.567,34.48321],[135.56696,34.48326],[135.56694,34.48331],[135.56695,34.48335],[135.56697,34.48342],[135.56704,34.48342],[135.56709,34.48342]]]}},{"type":"Feature","properties":{"name":"須賀二丁目","setai":432,"jinko":952,"key":"27214043102","units":1},"geometry":{"type":"Polygon","coordinates":[[[135.56252,34.48102],[135.56255,34.48101],[135.5626,34.48102],[135.56269,34.48102],[135.56286,34.48104],[135.5631,34.48103],[135.56329,34.48105],[135.56344,34.48105],[135.56359,34.48106],[135.56365,34.48109],[135.56366,34.4811],[135.56369,34.48113],[135.56374,34.48119],[135.56377,34.48124],[135.56378,34.48128],[135.56384,34.48132],[135.56388,34.48135],[135.56396,34.4814],[135.56401,34.48143],[135.56432,34.481],[135.56439,34.48094],[135.56454,34.48094],[135.56474,34.48104],[135.56523,34.4814],[135.56527,34.48139],[135.56519,34.48133],[135.56511,34.48126],[135.56505,34.48114],[135.56507,34.48105],[135.56513,34.48095],[135.5652,34.48087],[135.56523,34.48082],[135.56558,34.48052],[135.56562,34.48047],[135.56571,34.48047],[135.56587,34.48042],[135.56601,34.48036],[135.56614,34.48035],[135.56626,34.48034],[135.56643,34.48035],[135.56672,34.4802],[135.56731,34.47994],[135.56743,34.47989],[135.56754,34.47984],[135.56774,34.47985],[135.56777,34.47982],[135.56777,34.47977],[135.56766,34.47968],[135.5676,34.47964],[135.56818,34.47937],[135.56823,34.47939],[135.56843,34.47924],[135.56836,34.4791],[135.56826,34.47893],[135.56816,34.47872],[135.56808,34.47852],[135.56803,34.47841],[135.56799,34.47831],[135.56795,34.47819],[135.56796,34.47807],[135.56761,34.47795],[135.56724,34.47779],[135.56699,34.47764],[135.56699,34.4776],[135.56687,34.47751],[135.56671,34.47738],[135.5665,34.47721],[135.56635,34.4771],[135.56621,34.477],[135.56615,34.47697],[135.56609,34.47693],[135.56608,34.47693],[135.56597,34.47688],[135.56583,34.47683],[135.5657,34.47678],[135.56562,34.47676],[135.56545,34.47671],[135.56529,34.47665],[135.56515,34.47661],[135.56508,34.47659],[135.56505,34.47658],[135.56501,34.47657],[135.56494,34.47655],[135.56476,34.47649],[135.56449,34.47641],[135.56423,34.47634],[135.56428,34.47617],[135.564,34.47608],[135.56375,34.4761],[135.56363,34.47609],[135.56354,34.47608],[135.56345,34.47605],[135.56335,34.47603],[135.56321,34.476],[135.5632,34.476],[135.56297,34.4768],[135.5629,34.47706],[135.56282,34.47736],[135.56279,34.47745],[135.56268,34.47782],[135.5625,34.47842],[135.56239,34.47882],[135.56236,34.47891],[135.56235,34.47891],[135.56215,34.47962],[135.56213,34.47968],[135.56209,34.47982],[135.56203,34.48003],[135.56198,34.48021],[135.56183,34.48072],[135.56178,34.48088],[135.56151,34.48178],[135.56163,34.48176],[135.56165,34.48169],[135.56179,34.48124],[135.56233,34.48109],[135.56244,34.48105],[135.56246,34.48104],[135.56252,34.48102]]]}},{"type":"Feature","properties":{"name":"須賀三丁目","setai":217,"jinko":448,"key":"27214043103","units":1},"geometry":{"type":"Polygon","coordinates":[[[135.56114,34.48178],[135.56125,34.48157],[135.56136,34.4816],[135.5614,34.4818],[135.56151,34.48178],[135.56178,34.48088],[135.56183,34.48072],[135.56198,34.48021],[135.56203,34.48003],[135.56209,34.47982],[135.56213,34.47968],[135.56215,34.47962],[135.56235,34.47891],[135.56236,34.47891],[135.56239,34.47882],[135.5625,34.47842],[135.56268,34.47782],[135.56279,34.47745],[135.56282,34.47736],[135.5629,34.47706],[135.56297,34.4768],[135.5632,34.476],[135.56316,34.47603],[135.56309,34.47607],[135.56312,34.47613],[135.5631,34.47615],[135.56304,34.4762],[135.56288,34.47637],[135.56272,34.47653],[135.56253,34.4767],[135.56238,34.47685],[135.56226,34.477],[135.56222,34.47705],[135.56212,34.47718],[135.56205,34.47725],[135.562,34.4773],[135.56199,34.47731],[135.56197,34.47732],[135.56196,34.47732],[135.56184,34.47746],[135.56188,34.47754],[135.56174,34.47756],[135.5618,34.47772],[135.56172,34.47774],[135.56157,34.47778],[135.56148,34.47779],[135.56143,34.4778],[135.56138,34.4778],[135.56137,34.47788],[135.5613,34.47791],[135.56122,34.47793],[135.56114,34.47795],[135.56106,34.47797],[135.561,34.478],[135.56095,34.47806],[135.56083,34.47821],[135.56071,34.47839],[135.56063,34.47848],[135.56059,34.47854],[135.56056,34.47858],[135.56045,34.47874],[135.56041,34.47879],[135.56036,34.47884],[135.56032,34.47889],[135.56028,34.47894],[135.56021,34.47901],[135.56017,34.47906],[135.56019,34.47917],[135.56017,34.47928],[135.56017,34.47933],[135.56016,34.47936],[135.55994,34.47934],[135.55993,34.47945],[135.55992,34.4795],[135.5599,34.47955],[135.55986,34.47957],[135.55986,34.47957],[135.5597,34.47959],[135.55961,34.4796],[135.55955,34.47961],[135.55947,34.47964],[135.55939,34.47971],[135.55931,34.47978],[135.55926,34.47984],[135.55939,34.47993],[135.55955,34.48006],[135.55968,34.48017],[135.5598,34.48031],[135.55984,34.48036],[135.55991,34.48041],[135.56008,34.48049],[135.56011,34.48051],[135.56014,34.48052],[135.56015,34.48052],[135.56021,34.48053],[135.56025,34.48054],[135.5603,34.48056],[135.5604,34.48058],[135.56048,34.48059],[135.56049,34.48057],[135.56051,34.48055],[135.56056,34.48052],[135.56056,34.48054],[135.56055,34.48059],[135.56054,34.48067],[135.56055,34.48078],[135.56055,34.48081],[135.56055,34.48083],[135.56087,34.48103],[135.56087,34.48103],[135.56087,34.48113],[135.56097,34.48123],[135.56095,34.48153],[135.56094,34.48153],[135.56085,34.48158],[135.5608,34.48161],[135.5608,34.48161],[135.56086,34.48174],[135.5609,34.48177],[135.56093,34.48178],[135.56099,34.48184],[135.56114,34.48178]],[[135.56071,34.48002],[135.56078,34.47965],[135.56096,34.4797],[135.56097,34.47986],[135.56097,34.48001],[135.56097,34.48006],[135.56071,34.48002]]]}},{"type":"Feature","properties":{"name":"大字須賀","setai":27,"jinko":75,"key":"272140432","units":1},"geometry":{"type":"Polygon","coordinates":[[[135.57613,34.47675],[135.57609,34.47638],[135.57603,34.47587],[135.576,34.47563],[135.57597,34.47533],[135.57594,34.47532],[135.57586,34.47531],[135.57576,34.47531],[135.57572,34.4753],[135.57565,34.47532],[135.57559,34.47534],[135.57555,34.47534],[135.57549,34.47535],[135.57546,34.47537],[135.57543,34.47541],[135.57541,34.47545],[135.57538,34.4755],[135.57536,34.47554],[135.57532,34.47559],[135.57529,34.47562],[135.57524,34.47566],[135.57517,34.47568],[135.57509,34.47574],[135.57504,34.47579],[135.57503,34.47581],[135.57495,34.47583],[135.57485,34.47586],[135.57481,34.47589],[135.57477,34.47592],[135.57473,34.47595],[135.57472,34.47596],[135.57469,34.476],[135.57465,34.47604],[135.57463,34.4761],[135.57461,34.47616],[135.57459,34.47621],[135.57457,34.47622],[135.57454,34.47621],[135.57436,34.4761],[135.57436,34.4761],[135.57435,34.4761],[135.57432,34.47607],[135.57422,34.47603],[135.57413,34.47598],[135.57401,34.47595],[135.57393,34.47595],[135.57381,34.47596],[135.57372,34.47598],[135.57366,34.47602],[135.57361,34.47603],[135.57356,34.47607],[135.57351,34.47611],[135.57346,34.47615],[135.57342,34.47618],[135.57334,34.47619],[135.57327,34.47619],[135.57324,34.47619],[135.57318,34.47617],[135.57318,34.47617],[135.57316,34.4761],[135.57314,34.47602],[135.57314,34.476],[135.57306,34.476],[135.57305,34.476],[135.573,34.476],[135.57293,34.47597],[135.57288,34.47593],[135.57282,34.47588],[135.57276,34.47581],[135.57274,34.47581],[135.57273,34.47581],[135.57273,34.47581],[135.57272,34.4758],[135.5727,34.47581],[135.57269,34.47582],[135.57262,34.47584],[135.57257,34.47586],[135.57253,34.47589],[135.57251,34.4759],[135.57244,34.47596],[135.57241,34.47599],[135.57235,34.47603],[135.57233,34.47606],[135.57232,34.47607],[135.57231,34.47607],[135.5723,34.47616],[135.57228,34.47623],[135.57223,34.47633],[135.57221,34.47642],[135.57222,34.47645],[135.57222,34.47649],[135.57224,34.47658],[135.57227,34.47665],[135.57228,34.47667],[135.57232,34.47671],[135.57239,34.47678],[135.57245,34.47684],[135.57246,34.47684],[135.57248,34.47687],[135.57254,34.47694],[135.57259,34.47701],[135.57262,34.47705],[135.57262,34.47707],[135.57263,34.4771],[135.57267,34.47714],[135.57278,34.47719],[135.57308,34.47727],[135.57326,34.47731],[135.57357,34.47729],[135.5739,34.47722],[135.57417,34.47721],[135.57434,34.4772],[135.57446,34.47722],[135.57461,34.47724],[135.57479,34.47727],[135.57499,34.4773],[135.57624,34.47751],[135.57624,34.47748],[135.57614,34.47683],[135.57613,34.47675]]]}},{"type":"Feature","properties":{"name":"伏山一丁目","setai":176,"jinko":516,"key":"27214044001","units":1},"geometry":{"type":"Polygon","coordinates":[[[135.56035,34.49145],[135.56062,34.48987],[135.56066,34.48966],[135.56066,34.48943],[135.56073,34.48891],[135.56077,34.48856],[135.56078,34.48852],[135.56083,34.48797],[135.5609,34.48722],[135.56082,34.48722],[135.56092,34.48609],[135.56094,34.48591],[135.56105,34.4847],[135.56111,34.48401],[135.56113,34.4838],[135.56116,34.48359],[135.5612,34.48332],[135.56123,34.48315],[135.56125,34.48307],[135.56128,34.48288],[135.56133,34.48264],[135.56137,34.48243],[135.56151,34.48179],[135.56151,34.48178],[135.5614,34.4818],[135.56136,34.4816],[135.56125,34.48157],[135.56114,34.48178],[135.56099,34.48184],[135.56093,34.48178],[135.5609,34.48177],[135.56086,34.48174],[135.56085,34.48175],[135.56083,34.48179],[135.56074,34.48176],[135.56071,34.48175],[135.56044,34.48166],[135.5604,34.48171],[135.5604,34.48172],[135.56043,34.48178],[135.56043,34.48181],[135.56043,34.48185],[135.56044,34.48187],[135.56042,34.48198],[135.5604,34.482],[135.56033,34.48206],[135.56022,34.48255],[135.56016,34.4828],[135.56013,34.48293],[135.56012,34.48299],[135.56005,34.48327],[135.56005,34.48329],[135.55993,34.48328],[135.55988,34.48327],[135.55988,34.48331],[135.55988,34.48333],[135.55986,34.48344],[135.55985,34.48349],[135.55983,34.48379],[135.55982,34.48392],[135.55978,34.48406],[135.55964,34.48442],[135.55962,34.48449],[135.55961,34.48451],[135.55955,34.48451],[135.55955,34.48451],[135.55955,34.48451],[135.55947,34.48453],[135.55944,34.48453],[135.55939,34.48454],[135.55935,34.48454],[135.55935,34.48454],[135.55926,34.48451],[135.55901,34.48437],[135.55893,34.48442],[135.55892,34.48443],[135.55879,34.48448],[135.55866,34.48452],[135.55855,34.48452],[135.55846,34.48446],[135.55839,34.48438],[135.55837,34.48435],[135.55829,34.4842],[135.55822,34.48423],[135.55817,34.48428],[135.55814,34.48431],[135.55811,34.48446],[135.5581,34.48457],[135.55807,34.48466],[135.55805,34.48469],[135.55805,34.48471],[135.55797,34.48477],[135.55787,34.48485],[135.55782,34.4849],[135.55779,34.48497],[135.55778,34.48508],[135.55782,34.48518],[135.55792,34.4853],[135.55807,34.4855],[135.55814,34.48558],[135.55815,34.48557],[135.55822,34.48554],[135.55824,34.48553],[135.55825,34.48553],[135.55838,34.48547],[135.5584,34.48546],[135.55844,34.48544],[135.55846,34.48543],[135.5585,34.48539],[135.55852,34.48537],[135.55853,34.48536],[135.55857,34.48532],[135.5586,34.48532],[135.55868,34.48533],[135.55879,34.48537],[135.55887,34.48539],[135.55895,34.48538],[135.55903,34.48534],[135.55907,34.48532],[135.55937,34.4853],[135.55939,34.48517],[135.55942,34.48504],[135.55959,34.48509],[135.5596,34.4851],[135.55964,34.48514],[135.55966,34.48518],[135.55966,34.48524],[135.55964,34.48533],[135.55962,34.48541],[135.5596,34.48543],[135.55958,34.48544],[135.55954,34.48545],[135.55951,34.48545],[135.55946,34.48547],[135.55944,34.4855],[135.55943,34.48552],[135.55943,34.48553],[135.55944,34.48555],[135.55943,34.48558],[135.55941,34.48563],[135.5594,34.48563],[135.55937,34.48563],[135.55935,34.48562],[135.55935,34.48562],[135.55935,34.48561],[135.55934,34.48557],[135.55933,34.48555],[135.55933,34.48552],[135.55933,34.48544],[135.55933,34.48541],[135.55931,34.48539],[135.55925,34.48542],[135.5592,34.48544],[135.55912,34.48547],[135.559,34.48551],[135.5589,34.48554],[135.5588,34.48553],[135.55876,34.48552],[135.55869,34.4855],[135.5586,34.48548],[135.55852,34.48548],[135.55845,34.4855],[135.55838,34.48552],[135.5583,34.48555],[135.55837,34.4856],[135.5584,34.48564],[135.55841,34.48566],[135.55841,34.48568],[135.55839,34.48573],[135.55834,34.48577],[135.55827,34.48583],[135.5582,34.48586],[135.55814,34.48591],[135.5581,34.486],[135.55808,34.48609],[135.55807,34.48618],[135.55806,34.48627],[135.55808,34.48636],[135.55811,34.48643],[135.55817,34.48649],[135.55822,34.48656],[135.55824,34.48662],[135.55826,34.48668],[135.5583,34.48674],[135.55832,34.48675],[135.55833,34.48674],[135.55836,34.48673],[135.55842,34.48671],[135.55853,34.48666],[135.55866,34.4866],[135.55877,34.48654],[135.55883,34.48653],[135.55893,34.48651],[135.559,34.48651],[135.55906,34.48653],[135.55909,34.48656],[135.55909,34.48656],[135.5591,34.4866],[135.55909,34.48666],[135.55907,34.48668],[135.55906,34.4867],[135.55901,34.48675],[135.55895,34.4868],[135.55887,34.48686],[135.55872,34.487],[135.55855,34.48715],[135.55848,34.48735],[135.55846,34.48747],[135.55839,34.4876],[135.55838,34.48771],[135.55838,34.48778],[135.55841,34.48791],[135.55841,34.48797],[135.55839,34.48805],[135.5584,34.48807],[135.55841,34.48811],[135.55843,34.48818],[135.55847,34.48831],[135.55851,34.48837],[135.55869,34.48848],[135.55873,34.48857],[135.55873,34.48864],[135.55871,34.48872],[135.55868,34.48879],[135.55863,34.48888],[135.55856,34.48897],[135.55848,34.48906],[135.5584,34.48918],[135.55834,34.48932],[135.55832,34.48945],[135.55831,34.48959],[135.55832,34.48961],[135.55833,34.48965],[135.55834,34.48971],[135.55838,34.48973],[135.55838,34.48974],[135.55848,34.48979],[135.55856,34.48982],[135.55857,34.48982],[135.55864,34.48988],[135.55871,34.48996],[135.55884,34.49015],[135.55895,34.49027],[135.55905,34.49041],[135.5591,34.49045],[135.55914,34.4905],[135.55916,34.49052],[135.55919,34.49048],[135.55926,34.49041],[135.55936,34.49033],[135.55946,34.49025],[135.55958,34.49015],[135.55967,34.49007],[135.55973,34.49002],[135.55985,34.49015],[135.55979,34.49022],[135.55973,34.4903],[135.55966,34.4904],[135.55963,34.49046],[135.55965,34.4905],[135.55968,34.49053],[135.55971,34.49054],[135.55977,34.49056],[135.55982,34.49057],[135.55992,34.49059],[135.56002,34.49061],[135.56013,34.49064],[135.56023,34.49066],[135.56031,34.49068],[135.56033,34.49069],[135.56032,34.49073],[135.5603,34.49091],[135.56025,34.49119],[135.56021,34.49142],[135.56021,34.49143],[135.56035,34.49145]]]}},{"type":"Feature","properties":{"name":"伏山二丁目","setai":4,"jinko":24,"key":"27214044002","units":1},"geometry":{"type":"Polygon","coordinates":[[[135.56427,34.48877],[135.56461,34.48806],[135.56457,34.488],[135.56449,34.48789],[135.56444,34.4878],[135.56441,34.48775],[135.56441,34.48767],[135.56444,34.48761],[135.5646,34.48741],[135.56436,34.48727],[135.56432,34.48725],[135.56426,34.48721],[135.56409,34.4871],[135.56396,34.48702],[135.5639,34.48698],[135.56371,34.48685],[135.56354,34.48674],[135.56292,34.48666],[135.56291,34.48658],[135.56287,34.48649],[135.56283,34.48641],[135.56282,34.48626],[135.56283,34.48616],[135.56297,34.48606],[135.56305,34.48598],[135.56301,34.48588],[135.563,34.48582],[135.563,34.48575],[135.56303,34.48568],[135.56309,34.4856],[135.56306,34.48554],[135.56307,34.48549],[135.56309,34.48545],[135.56315,34.48541],[135.56311,34.48534],[135.56311,34.4853],[135.56312,34.48526],[135.56316,34.48522],[135.56306,34.48517],[135.56305,34.48513],[135.56306,34.48506],[135.56309,34.48504],[135.56315,34.48501],[135.56292,34.48496],[135.56284,34.48491],[135.56272,34.48488],[135.5626,34.48487],[135.56258,34.48481],[135.56256,34.48472],[135.56253,34.48454],[135.5625,34.48449],[135.56205,34.48408],[135.56195,34.48403],[135.56153,34.48393],[135.56147,34.48387],[135.56133,34.48361],[135.56116,34.48359],[135.56113,34.4838],[135.56111,34.48401],[135.56105,34.4847],[135.56094,34.48591],[135.56092,34.48609],[135.56082,34.48722],[135.5609,34.48722],[135.56083,34.48797],[135.56078,34.48852],[135.56077,34.48856],[135.56088,34.48856],[135.5611,34.48852],[135.56115,34.48852],[135.56141,34.48849],[135.56165,34.48849],[135.5618,34.48849],[135.5623,34.4885],[135.56243,34.48852],[135.56246,34.48856],[135.56249,34.48872],[135.56258,34.48878],[135.56266,34.48881],[135.56281,34.48884],[135.56398,34.48897],[135.56407,34.48896],[135.5641,34.48893],[135.56417,34.48886],[135.56427,34.48877]]]}},{"type":"Feature","properties":{"name":"伏山三丁目","setai":332,"jinko":886,"key":"27214044003","units":1},"geometry":{"type":"Polygon","coordinates":[[[135.56603,34.48495],[135.56615,34.48495],[135.56628,34.48497],[135.56639,34.48501],[135.56646,34.48506],[135.56653,34.48512],[135.56652,34.48519],[135.56655,34.48517],[135.56662,34.48513],[135.56661,34.48511],[135.5666,34.48508],[135.56658,34.48505],[135.5665,34.48494],[135.56654,34.48492],[135.56659,34.48489],[135.56662,34.48486],[135.56665,34.48482],[135.56669,34.48476],[135.56672,34.48469],[135.56673,34.48466],[135.56673,34.48466],[135.56673,34.48464],[135.56675,34.48458],[135.56678,34.48448],[135.56665,34.48446],[135.56667,34.48433],[135.56681,34.48435],[135.56681,34.48433],[135.56684,34.48413],[135.56657,34.48404],[135.56657,34.48396],[135.56643,34.48394],[135.56646,34.4837],[135.56636,34.4837],[135.56633,34.48355],[135.56624,34.48339],[135.56623,34.48328],[135.56628,34.48294],[135.56583,34.48258],[135.56589,34.48232],[135.56583,34.48231],[135.56581,34.4823],[135.56574,34.48226],[135.56573,34.48225],[135.56569,34.48222],[135.56567,34.48221],[135.56555,34.48213],[135.56552,34.4821],[135.56546,34.48207],[135.56536,34.48199],[135.56535,34.48198],[135.56527,34.48193],[135.56525,34.48191],[135.56516,34.48184],[135.56504,34.48175],[135.5649,34.48165],[135.56477,34.48157],[135.56473,34.48155],[135.56462,34.48151],[135.56447,34.48149],[135.56436,34.48148],[135.56424,34.48148],[135.56415,34.48148],[135.56406,34.48145],[135.56401,34.48143],[135.56396,34.4814],[135.56388,34.48135],[135.56384,34.48132],[135.56378,34.48128],[135.56377,34.48124],[135.56374,34.48119],[135.56369,34.48113],[135.56366,34.4811],[135.56365,34.48109],[135.56359,34.48106],[135.56344,34.48105],[135.56329,34.48105],[135.5631,34.48103],[135.56286,34.48104],[135.56269,34.48102],[135.5626,34.48102],[135.56255,34.48101],[135.56252,34.48102],[135.56246,34.48104],[135.56244,34.48105],[135.56233,34.48109],[135.56179,34.48124],[135.56165,34.48169],[135.56163,34.48176],[135.56151,34.48178],[135.56151,34.48179],[135.56137,34.48243],[135.56133,34.48264],[135.56128,34.48288],[135.56125,34.48307],[135.56123,34.48315],[135.5612,34.48332],[135.56116,34.48359],[135.56133,34.48361],[135.56147,34.48387],[135.56153,34.48393],[135.56195,34.48403],[135.56205,34.48408],[135.5625,34.48449],[135.56253,34.48454],[135.56256,34.48472],[135.56258,34.48481],[135.5626,34.48487],[135.56272,34.48488],[135.56284,34.48491],[135.56292,34.48496],[135.56315,34.48501],[135.56324,34.48504],[135.56334,34.48495],[135.56349,34.48489],[135.56367,34.48488],[135.56383,34.48487],[135.56391,34.48489],[135.56395,34.48491],[135.56395,34.48499],[135.56411,34.485],[135.56426,34.48502],[135.56452,34.48509],[135.56495,34.48536],[135.56506,34.48541],[135.56514,34.48545],[135.56515,34.48538],[135.56524,34.48532],[135.56549,34.48515],[135.56551,34.48514],[135.56574,34.48505],[135.56581,34.48502],[135.56589,34.485],[135.56603,34.48495]]]}},{"type":"Feature","properties":{"name":"大字彼方","setai":244,"jinko":592,"key":"272140450","units":1},"geometry":{"type":"Polygon","coordinates":[[[135.59794,34.48895],[135.59865,34.48881],[135.59953,34.48861],[135.60073,34.48834],[135.60127,34.48821],[135.60116,34.48799],[135.60115,34.4879],[135.6012,34.48772],[135.6012,34.48751],[135.6012,34.48742],[135.60113,34.48725],[135.60113,34.48714],[135.60112,34.48706],[135.60107,34.48698],[135.60099,34.48689],[135.60083,34.48678],[135.60043,34.48657],[135.60023,34.48649],[135.60013,34.48646],[135.59999,34.48644],[135.59986,34.48642],[135.59976,34.4864],[135.59964,34.48634],[135.59951,34.48629],[135.59926,34.48619],[135.59914,34.4861],[135.59905,34.48604],[135.59893,34.48599],[135.59845,34.48586],[135.598,34.48574],[135.59774,34.48565],[135.59757,34.48547],[135.59738,34.48531],[135.59725,34.48521],[135.59707,34.48509],[135.59697,34.48506],[135.59688,34.48504],[135.59677,34.48502],[135.59662,34.485],[135.59648,34.48498],[135.59641,34.48492],[135.59638,34.48488],[135.59634,34.48472],[135.59632,34.48468],[135.59622,34.4845],[135.59618,34.48444],[135.59611,34.48437],[135.596,34.48428],[135.59617,34.48411],[135.59627,34.484],[135.59634,34.48393],[135.59646,34.48389],[135.59653,34.48384],[135.59662,34.48379],[135.59671,34.48376],[135.59685,34.48375],[135.59694,34.48373],[135.597,34.48365],[135.59702,34.48355],[135.59701,34.48344],[135.597,34.48337],[135.59704,34.48329],[135.59717,34.48321],[135.59734,34.48311],[135.59751,34.48303],[135.5976,34.48298],[135.5977,34.483],[135.59782,34.48303],[135.59798,34.48306],[135.59818,34.48312],[135.59821,34.48312],[135.59823,34.48322],[135.59823,34.48326],[135.599,34.48324],[135.59898,34.48309],[135.59897,34.48301],[135.59899,34.48295],[135.59901,34.48286],[135.59903,34.48277],[135.59906,34.48269],[135.59925,34.48268],[135.59926,34.48272],[135.59929,34.48277],[135.59931,34.48281],[135.59935,34.48285],[135.59948,34.48288],[135.59944,34.48301],[135.59943,34.48304],[135.59933,34.4831],[135.59931,34.48336],[135.5994,34.48333],[135.59953,34.48331],[135.59977,34.48323],[135.59989,34.48319],[135.59994,34.48322],[135.59996,34.48327],[135.59992,34.48334],[135.59983,34.48341],[135.59966,34.48349],[135.5996,34.48354],[135.59961,34.4836],[135.59967,34.48364],[135.59977,34.48366],[135.59994,34.48367],[135.6001,34.48371],[135.60023,34.48374],[135.60032,34.48376],[135.60049,34.48379],[135.60057,34.48376],[135.60065,34.48375],[135.60073,34.48375],[135.60076,34.48376],[135.60111,34.48388],[135.60137,34.48395],[135.60144,34.484],[135.6015,34.48408],[135.60155,34.48411],[135.6017,34.48412],[135.60181,34.48414],[135.60189,34.48414],[135.60189,34.48408],[135.60198,34.48408],[135.60204,34.4841],[135.60215,34.48416],[135.60228,34.48423],[135.6024,34.48421],[135.60246,34.48416],[135.60249,34.4841],[135.60249,34.48404],[135.60249,34.48394],[135.60245,34.48382],[135.6024,34.48367],[135.6024,34.48353],[135.60237,34.48331],[135.60238,34.48314],[135.60253,34.48312],[135.60246,34.48306],[135.60247,34.48298],[135.6025,34.4828],[135.6025,34.48277],[135.60251,34.48272],[135.60251,34.48264],[135.60246,34.48256],[135.60239,34.48252],[135.60226,34.48249],[135.60213,34.48245],[135.60206,34.48241],[135.60206,34.48231],[135.60205,34.48224],[135.60205,34.48213],[135.60198,34.48204],[135.6019,34.48194],[135.60175,34.48178],[135.60165,34.48168],[135.60158,34.48159],[135.60153,34.48148],[135.60153,34.48134],[135.60155,34.48119],[135.6016,34.48108],[135.60165,34.48096],[135.60165,34.48092],[135.60166,34.48088],[135.60166,34.48075],[135.60166,34.48055],[135.60161,34.48031],[135.6016,34.48026],[135.60157,34.48008],[135.60155,34.47989],[135.6015,34.47969],[135.60149,34.47963],[135.60149,34.47961],[135.60148,34.47954],[135.60148,34.47945],[135.60149,34.47941],[135.60149,34.47935],[135.60151,34.47921],[135.60158,34.47905],[135.6016,34.47902],[135.60163,34.47887],[135.60162,34.47877],[135.6016,34.47869],[135.60148,34.47864],[135.60133,34.47856],[135.60128,34.4785],[135.60129,34.47845],[135.60129,34.4784],[135.60129,34.47839],[135.60127,34.47828],[135.6012,34.47821],[135.60109,34.47816],[135.60103,34.478],[135.60102,34.47795],[135.601,34.47781],[135.60095,34.47751],[135.60098,34.47751],[135.60101,34.47749],[135.60116,34.47743],[135.60116,34.47736],[135.60116,34.47721],[135.60117,34.47718],[135.60114,34.47705],[135.6009,34.47698],[135.60066,34.47692],[135.6004,34.47686],[135.6004,34.47675],[135.60045,34.4767],[135.60054,34.47663],[135.60065,34.47659],[135.60073,34.47659],[135.60076,34.47659],[135.60086,34.47663],[135.60087,34.4766],[135.60093,34.47662],[135.60095,34.47664],[135.60094,34.47654],[135.60091,34.47652],[135.60087,34.47647],[135.60077,34.47639],[135.60065,34.47633],[135.60054,34.47628],[135.60043,34.47627],[135.60034,34.47629],[135.60016,34.47634],[135.60009,34.47633],[135.59999,34.47626],[135.59988,34.47623],[135.59978,34.47623],[135.59976,34.47619],[135.59973,34.47615],[135.59972,34.47614],[135.59969,34.4761],[135.59966,34.47608],[135.59958,34.47598],[135.59957,34.47594],[135.59956,34.47592],[135.59956,34.47585],[135.59955,34.47582],[135.59955,34.47572],[135.59955,34.47565],[135.59954,34.47564],[135.59938,34.47562],[135.59918,34.47559],[135.59906,34.47553],[135.59899,34.47549],[135.59892,34.4755],[135.59888,34.47549],[135.59872,34.47549],[135.59856,34.4755],[135.59816,34.47546],[135.59816,34.47546],[135.59808,34.47546],[135.59785,34.47545],[135.59774,34.47545],[135.59767,34.47545],[135.59759,34.47544],[135.59743,34.4754],[135.59732,34.47537],[135.5972,34.47534],[135.59714,34.4753],[135.59712,34.47526],[135.59711,34.47516],[135.59712,34.47511],[135.59713,34.47508],[135.59715,34.47498],[135.59717,34.47488],[135.59718,34.47473],[135.59719,34.47457],[135.59718,34.47451],[135.59715,34.47445],[135.59716,34.4744],[135.59715,34.47437],[135.5972,34.47423],[135.5972,34.47423],[135.5972,34.47422],[135.59721,34.47415],[135.59721,34.47392],[135.59722,34.47376],[135.59726,34.47368],[135.59729,34.47361],[135.59738,34.47348],[135.59743,34.47327],[135.59742,34.47314],[135.59741,34.4731],[135.5974,34.47302],[135.5974,34.47282],[135.5974,34.47265],[135.5974,34.4726],[135.5974,34.47257],[135.5974,34.47254],[135.59741,34.47245],[135.59739,34.47244],[135.59737,34.47242],[135.59731,34.47237],[135.59722,34.47233],[135.59713,34.47234],[135.59709,34.47236],[135.59709,34.47235],[135.59699,34.47239],[135.59698,34.47231],[135.59697,34.47213],[135.59697,34.47208],[135.59697,34.47205],[135.59695,34.47196],[135.59691,34.4719],[135.59687,34.47186],[135.59683,34.47186],[135.59672,34.47187],[135.59665,34.47188],[135.59657,34.47186],[135.59648,34.47183],[135.59646,34.47179],[135.59643,34.47176],[135.59639,34.47174],[135.59633,34.47171],[135.59626,34.47168],[135.59624,34.47162],[135.59624,34.47157],[135.59622,34.47153],[135.59621,34.47149],[135.5962,34.47138],[135.59622,34.47131],[135.59622,34.47124],[135.59623,34.47119],[135.59622,34.47116],[135.59613,34.47108],[135.59602,34.47099],[135.59588,34.47097],[135.59584,34.47095],[135.59574,34.47087],[135.59567,34.47086],[135.5956,34.47084],[135.59547,34.47083],[135.59554,34.47072],[135.59556,34.47068],[135.59554,34.47061],[135.59554,34.47054],[135.59559,34.47047],[135.59565,34.47042],[135.59572,34.47029],[135.59568,34.47024],[135.59567,34.47017],[135.59567,34.47003],[135.59565,34.46995],[135.59559,34.4698],[135.59556,34.46975],[135.59546,34.46952],[135.5954,34.46922],[135.59533,34.46884],[135.59534,34.46853],[135.59535,34.46841],[135.59535,34.46836],[135.59536,34.46833],[135.59537,34.46821],[135.5954,34.46795],[135.59548,34.46758],[135.59555,34.46728],[135.59562,34.46701],[135.59563,34.46691],[135.59564,34.46683],[135.5956,34.4666],[135.59559,34.46656],[135.59556,34.4664],[135.59558,34.46625],[135.59558,34.46622],[135.59558,34.46617],[135.59555,34.4659],[135.59551,34.46571],[135.59544,34.46572],[135.5951,34.4658],[135.59488,34.46583],[135.59476,34.46583],[135.59461,34.46582],[135.59457,34.46582],[135.59456,34.46581],[135.59455,34.46581],[135.59439,34.46574],[135.59431,34.46572],[135.59412,34.46563],[135.59391,34.46553],[135.59356,34.4654],[135.59331,34.4653],[135.5933,34.46529],[135.59327,34.46529],[135.59324,34.46528],[135.59307,34.46525],[135.59273,34.46526],[135.59269,34.46528],[135.59253,34.46531],[135.59208,34.46543],[135.59184,34.46551],[135.5916,34.46561],[135.59141,34.4657],[135.59122,34.46579],[135.59108,34.46588],[135.59094,34.466],[135.59081,34.46625],[135.59079,34.4664],[135.59078,34.46645],[135.59079,34.46654],[135.59079,34.46665],[135.59078,34.46707],[135.5908,34.46717],[135.59081,34.4673],[135.59079,34.46735],[135.59077,34.4674],[135.59072,34.46745],[135.59067,34.4675],[135.59055,34.46766],[135.59049,34.46779],[135.59041,34.46799],[135.59033,34.46813],[135.59021,34.4683],[135.59018,34.46834],[135.59014,34.46843],[135.5901,34.46851],[135.59009,34.46854],[135.58996,34.46888],[135.58995,34.46891],[135.5899,34.46908],[135.58985,34.46934],[135.58983,34.46939],[135.5898,34.46957],[135.58977,34.46977],[135.58976,34.46991],[135.58974,34.47012],[135.58972,34.47024],[135.58972,34.47029],[135.58976,34.47043],[135.58978,34.4705],[135.58974,34.47053],[135.58971,34.47056],[135.5896,34.47071],[135.58946,34.47087],[135.58932,34.47109],[135.58928,34.47131],[135.58933,34.47151],[135.58933,34.4716],[135.58933,34.47161],[135.58933,34.4717],[135.58943,34.47186],[135.5895,34.47201],[135.58954,34.47204],[135.58956,34.4722],[135.58956,34.47234],[135.58948,34.47251],[135.58946,34.47255],[135.58934,34.47274],[135.58929,34.4728],[135.58926,34.47291],[135.58926,34.47291],[135.58926,34.47292],[135.58929,34.4732],[135.58925,34.47343],[135.58938,34.47365],[135.58926,34.47383],[135.5893,34.47389],[135.58954,34.47378],[135.58958,34.47371],[135.58966,34.47369],[135.58978,34.47369],[135.58986,34.4737],[135.58993,34.47375],[135.58993,34.47381],[135.58972,34.47407],[135.58967,34.47414],[135.58963,34.47416],[135.5896,34.47415],[135.58957,34.47411],[135.58954,34.47405],[135.58943,34.47408],[135.58931,34.47413],[135.58917,34.47419],[135.58915,34.47421],[135.58911,34.47427],[135.58909,34.47432],[135.58925,34.47439],[135.5893,34.4744],[135.58926,34.47446],[135.58923,34.47453],[135.58918,34.47462],[135.58907,34.47464],[135.58891,34.47476],[135.58882,34.47478],[135.58874,34.47483],[135.58864,34.47493],[135.58857,34.47504],[135.58853,34.47508],[135.58858,34.47515],[135.58849,34.47519],[135.58844,34.47524],[135.58839,34.47535],[135.58832,34.47552],[135.5882,34.47545],[135.58812,34.47541],[135.58806,34.47547],[135.58801,34.47554],[135.58795,34.47571],[135.58789,34.47595],[135.58787,34.47603],[135.58783,34.47609],[135.58775,34.47614],[135.58764,34.47616],[135.58752,34.47615],[135.58734,34.47611],[135.58722,34.47611],[135.58709,34.47615],[135.58685,34.47628],[135.58666,34.47639],[135.58568,34.47702],[135.5856,34.47706],[135.58594,34.47741],[135.58611,34.4776],[135.58621,34.47772],[135.58627,34.47777],[135.58641,34.47794],[135.58659,34.47816],[135.58662,34.47821],[135.58678,34.47838],[135.58682,34.47844],[135.58695,34.47859],[135.58711,34.47876],[135.58726,34.47891],[135.58731,34.47896],[135.58734,34.47899],[135.58741,34.47906],[135.58755,34.4792],[135.58787,34.47959],[135.5879,34.47963],[135.58828,34.48012],[135.58882,34.48086],[135.58889,34.48096],[135.58917,34.48134],[135.58921,34.48138],[135.5895,34.48181],[135.5898,34.48225],[135.59023,34.48282],[135.59035,34.48299],[135.59037,34.483],[135.59038,34.48303],[135.59055,34.48327],[135.59057,34.48333],[135.59085,34.48376],[135.59087,34.48378],[135.59087,34.4838],[135.59087,34.4838],[135.5912,34.48435],[135.59145,34.48473],[135.59152,34.48484],[135.59183,34.48532],[135.59203,34.48567],[135.59217,34.48587],[135.59224,34.48595],[135.59236,34.48607],[135.59239,34.48611],[135.59242,34.48614],[135.59248,34.48619],[135.59271,34.48642],[135.59282,34.48651],[135.59289,34.48658],[135.59295,34.48663],[135.59299,34.48668],[135.59308,34.48681],[135.59329,34.48706],[135.59335,34.48719],[135.59346,34.48739],[135.59358,34.48768],[135.59368,34.48785],[135.59382,34.48806],[135.59404,34.48852],[135.59416,34.4888],[135.5942,34.48888],[135.59424,34.48895],[135.59481,34.4889],[135.59546,34.48884],[135.59577,34.48885],[135.59589,34.48886],[135.59606,34.48884],[135.59616,34.48885],[135.59711,34.48889],[135.59759,34.48903],[135.59794,34.48895]]]}},{"type":"Feature","properties":{"name":"大字伏見堂","setai":187,"jinko":763,"key":"272140460","units":1},"geometry":{"type":"Polygon","coordinates":[[[135.58689,34.47424],[135.58689,34.47418],[135.58688,34.47409],[135.58684,34.47403],[135.58675,34.47395],[135.58665,34.47387],[135.58672,34.4738],[135.5866,34.47352],[135.58654,34.47339],[135.58652,34.47335],[135.58662,34.47331],[135.58641,34.47278],[135.58675,34.47267],[135.58695,34.4726],[135.587,34.47258],[135.58696,34.47248],[135.58712,34.47241],[135.58722,34.47236],[135.58731,34.47227],[135.58733,34.47225],[135.58736,34.47221],[135.58741,34.4722],[135.58746,34.47218],[135.58748,34.47216],[135.5875,34.47219],[135.58751,34.47219],[135.5875,34.47228],[135.58757,34.47237],[135.58763,34.47242],[135.58772,34.47239],[135.58777,34.47238],[135.58777,34.47238],[135.58785,34.47253],[135.58785,34.47254],[135.58808,34.47257],[135.58808,34.47256],[135.5882,34.47252],[135.58842,34.47252],[135.58882,34.47312],[135.58855,34.47327],[135.58849,34.47328],[135.58859,34.47345],[135.58873,34.47365],[135.58895,34.47356],[135.58925,34.47343],[135.58929,34.4732],[135.58926,34.47292],[135.58926,34.47291],[135.58926,34.47291],[135.58929,34.4728],[135.58934,34.47274],[135.58946,34.47255],[135.58948,34.47251],[135.58956,34.47234],[135.58956,34.4722],[135.58954,34.47204],[135.5895,34.47201],[135.58943,34.47186],[135.58933,34.4717],[135.58933,34.47161],[135.58933,34.4716],[135.58933,34.47151],[135.58928,34.47131],[135.58932,34.47109],[135.58946,34.47087],[135.5896,34.47071],[135.58971,34.47056],[135.58974,34.47053],[135.58978,34.4705],[135.58976,34.47043],[135.58972,34.47029],[135.58972,34.47024],[135.58974,34.47012],[135.58976,34.46991],[135.58977,34.46977],[135.5898,34.46957],[135.58983,34.46939],[135.58985,34.46934],[135.5899,34.46908],[135.58995,34.46891],[135.58996,34.46888],[135.59009,34.46854],[135.5901,34.46851],[135.59014,34.46843],[135.59018,34.46834],[135.59021,34.4683],[135.59033,34.46813],[135.59041,34.46799],[135.59049,34.46779],[135.59055,34.46766],[135.59067,34.4675],[135.59072,34.46745],[135.59077,34.4674],[135.59079,34.46735],[135.59081,34.4673],[135.5908,34.46717],[135.59078,34.46707],[135.59079,34.46665],[135.59025,34.46659],[135.58962,34.46653],[135.58905,34.46645],[135.58899,34.46654],[135.58889,34.46667],[135.58879,34.46676],[135.58861,34.46692],[135.5884,34.46705],[135.58829,34.46709],[135.5881,34.46715],[135.58796,34.46724],[135.58788,34.46728],[135.58775,34.46731],[135.58758,34.46735],[135.5874,34.46739],[135.58729,34.46739],[135.58727,34.46757],[135.58707,34.46755],[135.58674,34.46752],[135.58643,34.46765],[135.58627,34.46768],[135.58616,34.46771],[135.58603,34.46776],[135.58586,34.4678],[135.5857,34.46779],[135.58556,34.46775],[135.58547,34.46771],[135.58533,34.46816],[135.58515,34.46812],[135.58488,34.46807],[135.58468,34.468],[135.58465,34.4679],[135.58402,34.46793],[135.58404,34.46806],[135.58406,34.46823],[135.58411,34.4685],[135.58399,34.46854],[135.58376,34.46859],[135.58345,34.46861],[135.58317,34.46857],[135.58298,34.46849],[135.58276,34.46842],[135.58277,34.46846],[135.58277,34.46861],[135.58275,34.46875],[135.58273,34.46883],[135.58259,34.46899],[135.58239,34.46917],[135.58224,34.46926],[135.58201,34.46931],[135.58184,34.46933],[135.58164,34.46938],[135.58136,34.46946],[135.58114,34.46951],[135.58089,34.46961],[135.58067,34.46972],[135.58051,34.46982],[135.58033,34.46995],[135.58026,34.47007],[135.58022,34.47018],[135.58019,34.47035],[135.58019,34.47036],[135.58015,34.4705],[135.58009,34.47069],[135.58002,34.47088],[135.58,34.47098],[135.58,34.47099],[135.57998,34.47105],[135.57996,34.47109],[135.57994,34.47113],[135.57991,34.47117],[135.57988,34.4712],[135.57987,34.4712],[135.57983,34.4712],[135.57957,34.47119],[135.57957,34.47119],[135.57956,34.47169],[135.57959,34.47191],[135.57969,34.47203],[135.5798,34.47214],[135.57985,34.47223],[135.57988,34.47235],[135.57991,34.47253],[135.57992,34.47264],[135.57992,34.47278],[135.57993,34.47286],[135.57997,34.47309],[135.58005,34.47335],[135.58014,34.47357],[135.58031,34.4738],[135.58033,34.47382],[135.58039,34.47386],[135.58059,34.47397],[135.58074,34.47407],[135.58093,34.47416],[135.58112,34.47423],[135.58135,34.47428],[135.58158,34.47429],[135.58175,34.47429],[135.58176,34.47429],[135.5818,34.47429],[135.58204,34.47428],[135.5823,34.47425],[135.58239,34.47423],[135.58249,34.47422],[135.58267,34.4742],[135.58291,34.47417],[135.58309,34.47418],[135.58323,34.47424],[135.58348,34.47435],[135.58365,34.47437],[135.58391,34.47438],[135.58405,34.4744],[135.58413,34.47446],[135.58422,34.47454],[135.58435,34.47469],[135.58445,34.47482],[135.58448,34.47487],[135.58464,34.4751],[135.58478,34.4753],[135.5849,34.47547],[135.58494,34.47554],[135.58497,34.47558],[135.58498,34.47562],[135.58504,34.47571],[135.58512,34.47588],[135.58519,34.47607],[135.58526,34.47629],[135.58533,34.47645],[135.58535,34.47649],[135.58539,34.4766],[135.58544,34.47673],[135.5856,34.47706],[135.58568,34.47702],[135.58666,34.47639],[135.58685,34.47628],[135.58709,34.47615],[135.58689,34.47583],[135.58661,34.47539],[135.58649,34.47518],[135.5864,34.47505],[135.5864,34.47489],[135.5864,34.47488],[135.5865,34.47476],[135.58659,34.47467],[135.58668,34.47459],[135.58681,34.47443],[135.58688,34.47432],[135.58689,34.47424]]]}},{"type":"Feature","properties":{"name":"大字横山","setai":110,"jinko":278,"key":"272140470","units":1},"geometry":{"type":"Polygon","coordinates":[[[135.58402,34.46793],[135.58465,34.4679],[135.58468,34.468],[135.58488,34.46807],[135.58515,34.46812],[135.58533,34.46816],[135.58547,34.46771],[135.58556,34.46775],[135.5857,34.46779],[135.58586,34.4678],[135.58603,34.46776],[135.58616,34.46771],[135.58627,34.46768],[135.58643,34.46765],[135.58674,34.46752],[135.58707,34.46755],[135.58727,34.46757],[135.58729,34.46739],[135.5874,34.46739],[135.58758,34.46735],[135.58775,34.46731],[135.58788,34.46728],[135.58796,34.46724],[135.5881,34.46715],[135.58829,34.46709],[135.5884,34.46705],[135.58861,34.46692],[135.58879,34.46676],[135.58889,34.46667],[135.58899,34.46654],[135.58905,34.46645],[135.58962,34.46653],[135.59025,34.46659],[135.59079,34.46665],[135.59079,34.46654],[135.59078,34.46645],[135.59079,34.4664],[135.59081,34.46625],[135.59094,34.466],[135.59108,34.46588],[135.59122,34.46579],[135.59141,34.4657],[135.59129,34.4657],[135.5911,34.46557],[135.59089,34.46538],[135.5907,34.46522],[135.59036,34.46493],[135.59011,34.46474],[135.58979,34.46458],[135.58951,34.46442],[135.58925,34.46431],[135.58897,34.46419],[135.58893,34.46418],[135.58867,34.46409],[135.58844,34.46401],[135.58821,34.464],[135.58793,34.46402],[135.58761,34.46408],[135.58737,34.46415],[135.58719,34.46422],[135.58697,34.46437],[135.58684,34.46452],[135.58665,34.46479],[135.58651,34.4649],[135.58631,34.46501],[135.58603,34.46507],[135.58572,34.46509],[135.58533,34.46514],[135.58496,34.46519],[135.58471,34.46524],[135.58447,34.46526],[135.58441,34.46526],[135.58415,34.46527],[135.5839,34.46529],[135.58384,34.46529],[135.58375,34.46529],[135.58345,34.46532],[135.58321,34.46535],[135.58291,34.46539],[135.58268,34.46546],[135.58242,34.46559],[135.58218,34.46565],[135.58202,34.46572],[135.58213,34.46582],[135.58216,34.46585],[135.5822,34.46592],[135.58223,34.46604],[135.58226,34.46619],[135.58232,34.46633],[135.58237,34.46646],[135.58245,34.46657],[135.58249,34.46663],[135.5825,34.46663],[135.58251,34.46666],[135.58252,34.46667],[135.58253,34.46668],[135.58254,34.46669],[135.58255,34.46671],[135.58261,34.4668],[135.58264,34.46685],[135.58265,34.46687],[135.58266,34.46692],[135.58267,34.46696],[135.58268,34.46701],[135.58269,34.46706],[135.58272,34.46721],[135.58272,34.46727],[135.58272,34.46731],[135.58271,34.46735],[135.58271,34.46739],[135.58271,34.46743],[135.58272,34.46747],[135.58272,34.46751],[135.58272,34.46756],[135.58273,34.46761],[135.58273,34.46781],[135.58274,34.46787],[135.58275,34.46809],[135.58275,34.46828],[135.58275,34.4683],[135.58275,34.46831],[135.58276,34.46842],[135.58298,34.46849],[135.58317,34.46857],[135.58345,34.46861],[135.58376,34.46859],[135.58399,34.46854],[135.58411,34.4685],[135.58406,34.46823],[135.58404,34.46806],[135.58402,34.46793]]]}},{"type":"Feature","properties":{"name":"大字嬉","setai":267,"jinko":590,"key":"272140480","units":1},"geometry":{"type":"Polygon","coordinates":[[[135.5944,34.46536],[135.59431,34.46519],[135.59431,34.46507],[135.59436,34.46474],[135.59432,34.46452],[135.59432,34.46428],[135.59436,34.46369],[135.59443,34.46318],[135.59445,34.46296],[135.59422,34.46279],[135.59409,34.46265],[135.59393,34.46246],[135.59374,34.46227],[135.59349,34.46199],[135.59348,34.46195],[135.59346,34.46187],[135.59334,34.46185],[135.59321,34.46178],[135.59321,34.46173],[135.5931,34.46176],[135.59305,34.46178],[135.59283,34.4618],[135.59265,34.4618],[135.59261,34.46178],[135.5926,34.46178],[135.59252,34.46177],[135.59241,34.46168],[135.59235,34.46162],[135.59232,34.46153],[135.59221,34.4615],[135.59216,34.46143],[135.59198,34.46124],[135.59187,34.46121],[135.59169,34.46119],[135.59149,34.46114],[135.5913,34.46109],[135.59099,34.46099],[135.59097,34.46094],[135.59094,34.46084],[135.59086,34.46077],[135.5908,34.46064],[135.59071,34.46047],[135.59064,34.46041],[135.59054,34.46035],[135.59034,34.46026],[135.59012,34.46017],[135.59004,34.46011],[135.58993,34.46002],[135.58982,34.45993],[135.58968,34.4599],[135.58954,34.45987],[135.58926,34.45986],[135.58904,34.45983],[135.58909,34.45974],[135.58909,34.45962],[135.58907,34.45949],[135.58899,34.45938],[135.58893,34.45929],[135.5889,34.45919],[135.5889,34.45909],[135.5889,34.45909],[135.5889,34.45907],[135.5889,34.45901],[135.58888,34.45887],[135.58882,34.45864],[135.58875,34.45841],[135.58868,34.45835],[135.58854,34.45836],[135.58819,34.45838],[135.58797,34.45841],[135.58792,34.45833],[135.58788,34.4582],[135.58785,34.4581],[135.58779,34.45801],[135.5877,34.45788],[135.58762,34.45778],[135.58756,34.45767],[135.5875,34.4575],[135.58746,34.45736],[135.5873,34.45717],[135.58717,34.45699],[135.58712,34.4569],[135.58711,34.45666],[135.58709,34.45662],[135.58688,34.45655],[135.58664,34.4565],[135.58641,34.45642],[135.58628,34.45639],[135.58621,34.45641],[135.5861,34.4565],[135.58596,34.45662],[135.58581,34.45665],[135.58569,34.45659],[135.58552,34.45648],[135.58539,34.45635],[135.5853,34.4562],[135.58525,34.45608],[135.58524,34.45605],[135.58523,34.45601],[135.58522,34.45599],[135.58522,34.45598],[135.5852,34.45592],[135.58529,34.45581],[135.58534,34.45579],[135.58535,34.45573],[135.58536,34.45568],[135.58522,34.45551],[135.5851,34.45535],[135.58494,34.45516],[135.58473,34.45491],[135.58455,34.4548],[135.58438,34.45472],[135.58423,34.45461],[135.58408,34.45444],[135.58395,34.45425],[135.58377,34.45406],[135.58362,34.4539],[135.58355,34.45377],[135.58346,34.45357],[135.58336,34.4534],[135.58329,34.45328],[135.58328,34.45327],[135.5832,34.45316],[135.58306,34.45317],[135.58291,34.45311],[135.58286,34.45309],[135.58273,34.45298],[135.58257,34.45286],[135.58243,34.45275],[135.58226,34.45268],[135.58222,34.45266],[135.58213,34.45266],[135.58206,34.45267],[135.58195,34.45267],[135.58177,34.45267],[135.58158,34.45266],[135.58139,34.45265],[135.58134,34.45265],[135.58114,34.45274],[135.58104,34.45278],[135.58096,34.45281],[135.58071,34.45292],[135.58062,34.45295],[135.58051,34.45299],[135.58046,34.453],[135.58042,34.453],[135.58037,34.453],[135.58032,34.453],[135.58026,34.453],[135.58022,34.45301],[135.58017,34.45302],[135.58012,34.45304],[135.58009,34.45306],[135.58006,34.45309],[135.57997,34.45317],[135.57994,34.45319],[135.57991,34.45321],[135.57986,34.45323],[135.57982,34.45324],[135.57977,34.45325],[135.57972,34.45326],[135.57968,34.45326],[135.57963,34.45329],[135.57934,34.45346],[135.57924,34.45352],[135.57918,34.45354],[135.57917,34.45355],[135.57889,34.45369],[135.5788,34.45374],[135.57874,34.45377],[135.57869,34.45381],[135.57863,34.45386],[135.57859,34.45387],[135.57854,34.45389],[135.57848,34.45391],[135.5784,34.45394],[135.57833,34.45395],[135.57825,34.45397],[135.57821,34.454],[135.57818,34.45405],[135.57817,34.4541],[135.57818,34.45412],[135.57818,34.45414],[135.57819,34.45419],[135.57819,34.45423],[135.57819,34.45427],[135.57815,34.45432],[135.57801,34.45437],[135.5779,34.45423],[135.5778,34.45424],[135.57773,34.45427],[135.57776,34.45439],[135.57775,34.4544],[135.57781,34.45454],[135.57784,34.45465],[135.57788,34.45478],[135.5779,34.4548],[135.57797,34.45501],[135.57799,34.45501],[135.578,34.45505],[135.57804,34.45512],[135.57816,34.4554],[135.5783,34.45571],[135.5783,34.45572],[135.57832,34.45585],[135.57836,34.45604],[135.57836,34.45623],[135.57838,34.45647],[135.57839,34.45674],[135.57839,34.45718],[135.57838,34.45759],[135.5784,34.45791],[135.5784,34.45804],[135.57839,34.4581],[135.57839,34.45823],[135.57838,34.45854],[135.57834,34.45874],[135.57831,34.45895],[135.57831,34.45925],[135.57827,34.45948],[135.57819,34.45972],[135.57817,34.4599],[135.57815,34.46012],[135.57816,34.46037],[135.57819,34.46057],[135.57826,34.4607],[135.57841,34.46089],[135.5785,34.461],[135.57853,34.46132],[135.57859,34.46175],[135.57865,34.46208],[135.57871,34.46228],[135.57872,34.4623],[135.57873,34.46237],[135.57874,34.46241],[135.57877,34.46251],[135.5788,34.46257],[135.5788,34.46258],[135.57887,34.46282],[135.57888,34.46289],[135.57888,34.4629],[135.57883,34.46308],[135.57882,34.4631],[135.57882,34.46312],[135.57877,34.46328],[135.57876,34.46331],[135.57881,34.46354],[135.57885,34.4637],[135.57885,34.46372],[135.57889,34.46387],[135.57895,34.46406],[135.57905,34.46433],[135.57907,34.46442],[135.57909,34.46447],[135.57923,34.46491],[135.57924,34.46492],[135.57927,34.46504],[135.57934,34.46517],[135.57947,34.46532],[135.57961,34.46543],[135.57966,34.46545],[135.57968,34.46546],[135.57973,34.46548],[135.57994,34.46547],[135.5803,34.46542],[135.58065,34.46535],[135.58088,34.46527],[135.58115,34.46518],[135.58123,34.46517],[135.58131,34.46516],[135.58148,34.46514],[135.58157,34.46515],[135.58162,34.46516],[135.58175,34.46522],[135.58186,34.46528],[135.58188,34.46531],[135.58189,34.46534],[135.58183,34.4654],[135.58178,34.46549],[135.58183,34.46556],[135.58184,34.46558],[135.58194,34.46567],[135.58202,34.46572],[135.58218,34.46565],[135.58242,34.46559],[135.58268,34.46546],[135.58291,34.46539],[135.58321,34.46535],[135.58345,34.46532],[135.58375,34.46529],[135.58384,34.46529],[135.5839,34.46529],[135.58415,34.46527],[135.58441,34.46526],[135.58447,34.46526],[135.58471,34.46524],[135.58496,34.46519],[135.58533,34.46514],[135.58572,34.46509],[135.58603,34.46507],[135.58631,34.46501],[135.58651,34.4649],[135.58665,34.46479],[135.58684,34.46452],[135.58697,34.46437],[135.58719,34.46422],[135.58737,34.46415],[135.58761,34.46408],[135.58793,34.46402],[135.58821,34.464],[135.58844,34.46401],[135.58867,34.46409],[135.58893,34.46418],[135.58897,34.46419],[135.58925,34.46431],[135.58951,34.46442],[135.58979,34.46458],[135.59011,34.46474],[135.59036,34.46493],[135.5907,34.46522],[135.59089,34.46538],[135.5911,34.46557],[135.59129,34.4657],[135.59141,34.4657],[135.5916,34.46561],[135.59184,34.46551],[135.59208,34.46543],[135.59253,34.46531],[135.59269,34.46528],[135.59273,34.46526],[135.59307,34.46525],[135.59324,34.46528],[135.59327,34.46529],[135.5933,34.46529],[135.59331,34.4653],[135.59356,34.4654],[135.59391,34.46553],[135.59412,34.46563],[135.59431,34.46572],[135.59439,34.46574],[135.59455,34.46581],[135.59454,34.46579],[135.59453,34.46578],[135.59449,34.46572],[135.59442,34.46555],[135.5944,34.46536]]]}},{"type":"Feature","properties":{"name":"西板持町一丁目","setai":9,"jinko":27,"key":"27214049101","units":1},"geometry":{"type":"Polygon","coordinates":[[[135.60218,34.49724],[135.60211,34.49645],[135.60215,34.49635],[135.60215,34.49616],[135.60214,34.49589],[135.60213,34.49585],[135.6021,34.49568],[135.60209,34.49559],[135.6021,34.49538],[135.60212,34.49528],[135.6021,34.495],[135.60206,34.49475],[135.60204,34.49449],[135.60204,34.49442],[135.60203,34.49414],[135.60204,34.49362],[135.60206,34.49324],[135.6021,34.4929],[135.60209,34.4927],[135.60206,34.49249],[135.60201,34.49227],[135.60198,34.49206],[135.60198,34.49179],[135.60197,34.49111],[135.60199,34.49081],[135.60203,34.49032],[135.60203,34.49008],[135.60108,34.49008],[135.60077,34.49008],[135.59977,34.49009],[135.59906,34.49011],[135.59879,34.49015],[135.59855,34.49021],[135.59841,34.49026],[135.59823,34.49033],[135.59806,34.49038],[135.59732,34.49064],[135.59661,34.49089],[135.59562,34.49119],[135.59595,34.49154],[135.59636,34.49195],[135.59753,34.49295],[135.59808,34.49347],[135.59856,34.494],[135.599,34.49448],[135.5996,34.49509],[135.60018,34.49568],[135.60082,34.49626],[135.60123,34.49659],[135.60169,34.49693],[135.60218,34.49724]]]}},{"type":"Feature","properties":{"name":"西板持町二丁目","setai":401,"jinko":789,"key":"27214049102","units":1},"geometry":{"type":"Polygon","coordinates":[[[135.6056,34.49505],[135.60512,34.49404],[135.60468,34.49405],[135.60441,34.49406],[135.6042,34.49408],[135.6038,34.49409],[135.60372,34.49408],[135.60356,34.49406],[135.6035,34.49406],[135.60325,34.49404],[135.60288,34.49403],[135.60268,34.49405],[135.60256,34.49406],[135.60203,34.49414],[135.60204,34.49442],[135.60204,34.49449],[135.60206,34.49475],[135.6021,34.495],[135.60212,34.49528],[135.6021,34.49538],[135.60209,34.49559],[135.6021,34.49568],[135.60213,34.49585],[135.60214,34.49589],[135.60215,34.49616],[135.60215,34.49635],[135.60211,34.49645],[135.60218,34.49724],[135.60244,34.49739],[135.6052,34.49875],[135.6054,34.49774],[135.60543,34.49761],[135.60545,34.49756],[135.60553,34.49721],[135.60555,34.49711],[135.60603,34.49706],[135.60656,34.49703],[135.60617,34.49624],[135.60577,34.4954],[135.6056,34.49505]]]}},{"type":"Feature","properties":{"name":"西板持町三丁目","setai":34,"jinko":112,"key":"27214049103","units":1},"geometry":{"type":"Polygon","coordinates":[[[135.60268,34.49405],[135.60288,34.49403],[135.60325,34.49404],[135.6035,34.49406],[135.60356,34.49406],[135.60372,34.49408],[135.6038,34.49409],[135.6042,34.49408],[135.60441,34.49406],[135.60468,34.49405],[135.60512,34.49404],[135.60487,34.49357],[135.60467,34.49313],[135.60447,34.49272],[135.60443,34.49261],[135.60428,34.49222],[135.60422,34.49206],[135.60422,34.49204],[135.60419,34.49196],[135.60415,34.49179],[135.60412,34.49145],[135.60411,34.49113],[135.6041,34.4909],[135.60408,34.49044],[135.60407,34.49009],[135.60323,34.4901],[135.60301,34.4901],[135.60285,34.4901],[135.60203,34.49008],[135.60203,34.49032],[135.60199,34.49081],[135.60197,34.49111],[135.60198,34.49179],[135.60198,34.49206],[135.60201,34.49227],[135.60206,34.49249],[135.60209,34.4927],[135.6021,34.4929],[135.60206,34.49324],[135.60204,34.49362],[135.60203,34.49414],[135.60256,34.49406],[135.60268,34.49405]]]}},{"type":"Feature","properties":{"name":"西板持町四丁目","setai":31,"jinko":105,"key":"27214049104","units":1},"geometry":{"type":"Polygon","coordinates":[[[135.59977,34.49009],[135.60077,34.49008],[135.60108,34.49008],[135.60203,34.49008],[135.60285,34.4901],[135.60301,34.4901],[135.60323,34.4901],[135.60407,34.49009],[135.60405,34.48967],[135.60405,34.48933],[135.6041,34.48908],[135.60414,34.48892],[135.60421,34.48869],[135.60429,34.48842],[135.60438,34.48815],[135.60463,34.48744],[135.60445,34.48751],[135.60197,34.48805],[135.60127,34.48821],[135.60073,34.48834],[135.59953,34.48861],[135.59865,34.48881],[135.59794,34.48895],[135.59759,34.48903],[135.59748,34.48905],[135.59553,34.48945],[135.59557,34.48958],[135.59465,34.48975],[135.5948,34.49001],[135.59496,34.49027],[135.59525,34.49069],[135.59562,34.49119],[135.59661,34.49089],[135.59732,34.49064],[135.59806,34.49038],[135.59823,34.49033],[135.59841,34.49026],[135.59855,34.49021],[135.59879,34.49015],[135.59906,34.49011],[135.59977,34.49009]]]}},{"type":"Feature","properties":{"name":"西板持町五丁目","setai":20,"jinko":74,"key":"27214049105","units":1},"geometry":{"type":"Polygon","coordinates":[[[135.60197,34.48805],[135.60445,34.48751],[135.60463,34.48744],[135.60469,34.48722],[135.60475,34.48696],[135.60466,34.48692],[135.60461,34.48687],[135.60442,34.48672],[135.60427,34.48655],[135.60423,34.48646],[135.60424,34.4863],[135.60428,34.48611],[135.60432,34.48599],[135.60377,34.48599],[135.60358,34.48588],[135.60354,34.48592],[135.60351,34.48597],[135.60343,34.486],[135.60336,34.48598],[135.60332,34.48596],[135.60326,34.48596],[135.60324,34.48596],[135.60322,34.48592],[135.60307,34.48596],[135.60297,34.486],[135.60287,34.48605],[135.6028,34.48605],[135.60265,34.486],[135.60234,34.48591],[135.602,34.48591],[135.60199,34.48588],[135.60187,34.48591],[135.60177,34.48592],[135.60164,34.48589],[135.60135,34.48588],[135.60114,34.48588],[135.601,34.48591],[135.60092,34.48591],[135.60078,34.48587],[135.60061,34.48589],[135.60041,34.48589],[135.60026,34.48589],[135.60013,34.48587],[135.60005,34.48585],[135.59994,34.48583],[135.59985,34.48583],[135.59972,34.48587],[135.59962,34.48587],[135.59951,34.48586],[135.59937,34.48587],[135.59918,34.48586],[135.59893,34.48584],[135.59879,34.48581],[135.59864,34.48577],[135.59855,34.48566],[135.59845,34.48586],[135.59893,34.48599],[135.59905,34.48604],[135.59914,34.4861],[135.59926,34.48619],[135.59951,34.48629],[135.59964,34.48634],[135.59976,34.4864],[135.59986,34.48642],[135.59999,34.48644],[135.60013,34.48646],[135.60023,34.48649],[135.60043,34.48657],[135.60083,34.48678],[135.60099,34.48689],[135.60107,34.48698],[135.60112,34.48706],[135.60113,34.48714],[135.60113,34.48725],[135.6012,34.48742],[135.6012,34.48751],[135.6012,34.48772],[135.60115,34.4879],[135.60116,34.48799],[135.60127,34.48821],[135.60197,34.48805]]]}},{"type":"Feature","properties":{"name":"西板持町六丁目","setai":117,"jinko":266,"key":"27214049106","units":1},"geometry":{"type":"Polygon","coordinates":[[[135.60531,34.4901],[135.6056,34.49009],[135.60588,34.49009],[135.60609,34.49009],[135.60626,34.49009],[135.60675,34.49008],[135.60682,34.49002],[135.60733,34.48954],[135.60725,34.48932],[135.60721,34.4891],[135.60721,34.48905],[135.60721,34.48884],[135.60723,34.48873],[135.60704,34.48869],[135.60674,34.48869],[135.6067,34.48857],[135.60667,34.48845],[135.6066,34.48826],[135.60656,34.48812],[135.60658,34.48798],[135.60636,34.48798],[135.60619,34.48799],[135.606,34.48801],[135.60585,34.48803],[135.60568,34.48806],[135.60551,34.48811],[135.60549,34.48802],[135.60548,34.48787],[135.6055,34.48777],[135.60553,34.48765],[135.60556,34.48758],[135.60541,34.48754],[135.60547,34.48741],[135.60552,34.4873],[135.60558,34.48723],[135.60568,34.48715],[135.60578,34.48707],[135.60585,34.48699],[135.60593,34.48691],[135.60598,34.48682],[135.6058,34.48679],[135.60569,34.48677],[135.60567,34.4868],[135.60556,34.48677],[135.60553,34.48677],[135.60548,34.48688],[135.60513,34.4869],[135.60512,34.48677],[135.60486,34.48678],[135.60478,34.48678],[135.60475,34.48696],[135.60469,34.48722],[135.60463,34.48744],[135.60438,34.48815],[135.60429,34.48842],[135.60421,34.48869],[135.60414,34.48892],[135.6041,34.48908],[135.60405,34.48933],[135.60405,34.48967],[135.60407,34.49009],[135.60452,34.4901],[135.60461,34.4901],[135.6049,34.49011],[135.60531,34.4901]]]}},{"type":"Feature","properties":{"name":"西板持町七丁目","setai":308,"jinko":692,"key":"27214049107","units":1},"geometry":{"type":"Polygon","coordinates":[[[135.60573,34.49404],[135.60581,34.494],[135.60608,34.49401],[135.60678,34.49403],[135.60687,34.494],[135.60689,34.49392],[135.60689,34.49384],[135.60688,34.49373],[135.60688,34.49358],[135.6069,34.4934],[135.6069,34.49325],[135.60692,34.49312],[135.6069,34.49304],[135.60688,34.493],[135.60684,34.49288],[135.60679,34.49267],[135.60678,34.49253],[135.60679,34.4924],[135.60681,34.49205],[135.60683,34.4917],[135.60685,34.49108],[135.60687,34.49074],[135.60689,34.49044],[135.6069,34.49025],[135.60682,34.49012],[135.60675,34.49008],[135.60626,34.49009],[135.60609,34.49009],[135.60588,34.49009],[135.6056,34.49009],[135.60531,34.4901],[135.6049,34.49011],[135.60461,34.4901],[135.60452,34.4901],[135.60407,34.49009],[135.60408,34.49044],[135.6041,34.4909],[135.60411,34.49113],[135.60412,34.49145],[135.60415,34.49179],[135.60419,34.49196],[135.60422,34.49204],[135.60422,34.49206],[135.60428,34.49222],[135.60443,34.49261],[135.60447,34.49272],[135.60467,34.49313],[135.60487,34.49357],[135.60512,34.49404],[135.60573,34.49404]]]}},{"type":"Feature","properties":{"name":"西板持町八丁目","setai":253,"jinko":592,"key":"27214049108","units":1},"geometry":{"type":"Polygon","coordinates":[[[135.60694,34.49704],[135.60742,34.49702],[135.60807,34.49703],[135.6081,34.49604],[135.6081,34.49587],[135.60809,34.49507],[135.60809,34.49489],[135.60809,34.49481],[135.6081,34.49466],[135.6081,34.49421],[135.6081,34.49399],[135.6081,34.49356],[135.6081,34.49346],[135.60809,34.49301],[135.60809,34.49289],[135.6081,34.49234],[135.6081,34.4923],[135.60808,34.49203],[135.60809,34.49201],[135.60808,34.49179],[135.60791,34.4916],[135.60779,34.49144],[135.60767,34.4913],[135.60763,34.49122],[135.60755,34.49107],[135.6075,34.49096],[135.60745,34.49082],[135.6074,34.49069],[135.60733,34.49056],[135.60725,34.49044],[135.60707,34.49023],[135.60696,34.49013],[135.60682,34.49002],[135.60675,34.49008],[135.60682,34.49012],[135.6069,34.49025],[135.60689,34.49044],[135.60687,34.49074],[135.60685,34.49108],[135.60683,34.4917],[135.60681,34.49205],[135.60679,34.4924],[135.60678,34.49253],[135.60679,34.49267],[135.60684,34.49288],[135.60688,34.493],[135.6069,34.49304],[135.60692,34.49312],[135.6069,34.49325],[135.6069,34.4934],[135.60688,34.49358],[135.60688,34.49373],[135.60689,34.49384],[135.60689,34.49392],[135.60687,34.494],[135.60678,34.49403],[135.60608,34.49401],[135.60581,34.494],[135.60573,34.49404],[135.60512,34.49404],[135.6056,34.49505],[135.60577,34.4954],[135.60617,34.49624],[135.60656,34.49703],[135.60663,34.49718],[135.60665,34.49717],[135.60673,34.49711],[135.60694,34.49704]]]}},{"type":"Feature","properties":{"name":"西板持町九丁目","setai":33,"jinko":89,"key":"27214049109","units":1},"geometry":{"type":"Polygon","coordinates":[[[135.60827,34.49699],[135.60846,34.49697],[135.60874,34.49698],[135.60929,34.49697],[135.60985,34.49698],[135.61032,34.49698],[135.6106,34.49651],[135.61088,34.49643],[135.61086,34.49638],[135.61081,34.49616],[135.61079,34.49613],[135.6107,34.4958],[135.61069,34.49578],[135.61057,34.49543],[135.61053,34.49531],[135.61043,34.49507],[135.61042,34.49504],[135.61038,34.49487],[135.61033,34.49473],[135.61029,34.49461],[135.61021,34.49448],[135.61021,34.49448],[135.61018,34.49444],[135.61015,34.49439],[135.61011,34.49436],[135.6101,34.49434],[135.60994,34.49411],[135.60994,34.4941],[135.60981,34.49389],[135.60975,34.49367],[135.60968,34.49345],[135.60964,34.49325],[135.60962,34.49311],[135.60961,34.49307],[135.60956,34.49297],[135.60955,34.49293],[135.60949,34.49282],[135.60945,34.49274],[135.60942,34.49269],[135.60938,34.49261],[135.60926,34.49248],[135.60917,34.4924],[135.60895,34.49224],[135.6088,34.49217],[135.60862,34.49208],[135.60844,34.49199],[135.60832,34.49193],[135.60817,34.49184],[135.60808,34.49179],[135.60809,34.49201],[135.60808,34.49203],[135.6081,34.4923],[135.6081,34.49234],[135.60809,34.49289],[135.60809,34.49301],[135.6081,34.49346],[135.6081,34.49356],[135.6081,34.49399],[135.6081,34.49421],[135.6081,34.49466],[135.60809,34.49481],[135.60809,34.49489],[135.60809,34.49507],[135.6081,34.49587],[135.6081,34.49604],[135.60807,34.49703],[135.60827,34.49699]]]}},{"type":"Feature","properties":{"name":"大字西板持","setai":0,"jinko":0,"key":"272140492","units":1},"geometry":{"type":"Polygon","coordinates":[[[135.59465,34.48975],[135.59557,34.48958],[135.59553,34.48945],[135.59748,34.48905],[135.59759,34.48903],[135.59711,34.48889],[135.59616,34.48885],[135.59606,34.48884],[135.59589,34.48886],[135.59577,34.48885],[135.59546,34.48884],[135.59481,34.4889],[135.59424,34.48895],[135.59456,34.48958],[135.59463,34.48971],[135.59465,34.48975]]]}},{"type":"Feature","properties":{"name":"不動ケ丘町","setai":232,"jinko":568,"key":"272140500","units":1},"geometry":{"type":"Polygon","coordinates":[[[135.58775,34.47614],[135.58783,34.47609],[135.58787,34.47603],[135.58789,34.47595],[135.58795,34.47571],[135.58801,34.47554],[135.58806,34.47547],[135.58812,34.47541],[135.5882,34.47545],[135.58832,34.47552],[135.58839,34.47535],[135.58844,34.47524],[135.58849,34.47519],[135.58858,34.47515],[135.58853,34.47508],[135.58857,34.47504],[135.58864,34.47493],[135.58874,34.47483],[135.58882,34.47478],[135.58891,34.47476],[135.58907,34.47464],[135.58918,34.47462],[135.58923,34.47453],[135.58926,34.47446],[135.5893,34.4744],[135.58925,34.47439],[135.58909,34.47432],[135.58911,34.47427],[135.58915,34.47421],[135.58917,34.47419],[135.58931,34.47413],[135.58943,34.47408],[135.58954,34.47405],[135.58957,34.47411],[135.5896,34.47415],[135.58963,34.47416],[135.58967,34.47414],[135.58972,34.47407],[135.58993,34.47381],[135.58993,34.47375],[135.58986,34.4737],[135.58978,34.47369],[135.58966,34.47369],[135.58958,34.47371],[135.58954,34.47378],[135.5893,34.47389],[135.58926,34.47383],[135.58938,34.47365],[135.58925,34.47343],[135.58895,34.47356],[135.58873,34.47365],[135.58859,34.47345],[135.58849,34.47328],[135.58855,34.47327],[135.58882,34.47312],[135.58842,34.47252],[135.5882,34.47252],[135.58808,34.47256],[135.58808,34.47257],[135.58785,34.47254],[135.58785,34.47253],[135.58777,34.47238],[135.58777,34.47238],[135.58772,34.47239],[135.58763,34.47242],[135.58757,34.47237],[135.5875,34.47228],[135.58751,34.47219],[135.5875,34.47219],[135.58748,34.47216],[135.58746,34.47218],[135.58741,34.4722],[135.58736,34.47221],[135.58733,34.47225],[135.58731,34.47227],[135.58722,34.47236],[135.58712,34.47241],[135.58696,34.47248],[135.587,34.47258],[135.58695,34.4726],[135.58675,34.47267],[135.58641,34.47278],[135.58662,34.47331],[135.58652,34.47335],[135.58654,34.47339],[135.5866,34.47352],[135.58672,34.4738],[135.58665,34.47387],[135.58675,34.47395],[135.58684,34.47403],[135.58688,34.47409],[135.58689,34.47418],[135.58689,34.47424],[135.58688,34.47432],[135.58681,34.47443],[135.58668,34.47459],[135.58659,34.47467],[135.5865,34.47476],[135.5864,34.47488],[135.5864,34.47489],[135.5864,34.47505],[135.58649,34.47518],[135.58661,34.47539],[135.58689,34.47583],[135.58709,34.47615],[135.58722,34.47611],[135.58734,34.47611],[135.58752,34.47615],[135.58764,34.47616],[135.58775,34.47614]]]}},{"type":"Feature","properties":{"name":"楠風台一丁目","setai":202,"jinko":492,"key":"27214051001","units":1},"geometry":{"type":"Polygon","coordinates":[[[135.59983,34.48341],[135.59992,34.48334],[135.59996,34.48327],[135.59994,34.48322],[135.59989,34.48319],[135.59977,34.48323],[135.59953,34.48331],[135.5994,34.48333],[135.59931,34.48336],[135.59933,34.4831],[135.59943,34.48304],[135.59944,34.48301],[135.59948,34.48288],[135.59935,34.48285],[135.59931,34.48281],[135.59929,34.48277],[135.59926,34.48272],[135.59925,34.48268],[135.59906,34.48269],[135.59903,34.48277],[135.59901,34.48286],[135.59899,34.48295],[135.59897,34.48301],[135.59898,34.48309],[135.599,34.48324],[135.59823,34.48326],[135.59823,34.48322],[135.59821,34.48312],[135.59818,34.48312],[135.59798,34.48306],[135.59782,34.48303],[135.5977,34.483],[135.5976,34.48298],[135.59751,34.48303],[135.59734,34.48311],[135.59717,34.48321],[135.59704,34.48329],[135.597,34.48337],[135.59701,34.48344],[135.59702,34.48355],[135.597,34.48365],[135.59694,34.48373],[135.59685,34.48375],[135.59671,34.48376],[135.59662,34.48379],[135.59653,34.48384],[135.59646,34.48389],[135.59634,34.48393],[135.59627,34.484],[135.59617,34.48411],[135.596,34.48428],[135.59611,34.48437],[135.59618,34.48444],[135.59622,34.4845],[135.59632,34.48468],[135.59634,34.48472],[135.59638,34.48488],[135.59641,34.48492],[135.59648,34.48498],[135.59662,34.485],[135.59677,34.48502],[135.59688,34.48504],[135.59697,34.48506],[135.59707,34.48509],[135.59725,34.48521],[135.59738,34.48531],[135.59757,34.48547],[135.59774,34.48565],[135.598,34.48574],[135.59845,34.48586],[135.59855,34.48566],[135.59857,34.48558],[135.59861,34.48552],[135.59871,34.48539],[135.59905,34.48451],[135.59917,34.48425],[135.59923,34.48409],[135.5993,34.48394],[135.59936,34.48379],[135.59941,34.48366],[135.59914,34.4836],[135.5991,34.48357],[135.59909,34.48354],[135.59912,34.48352],[135.59966,34.48349],[135.59983,34.48341]]]}},{"type":"Feature","properties":{"name":"楠風台二丁目","setai":333,"jinko":586,"key":"27214051002","units":1},"geometry":{"type":"Polygon","coordinates":[[[135.60187,34.48591],[135.60199,34.48588],[135.6019,34.48552],[135.60188,34.4852],[135.60188,34.48488],[135.60188,34.48464],[135.60188,34.48455],[135.60189,34.48449],[135.60188,34.48431],[135.60189,34.48414],[135.60181,34.48414],[135.6017,34.48412],[135.60155,34.48411],[135.6015,34.48408],[135.60144,34.484],[135.60137,34.48395],[135.60111,34.48388],[135.60076,34.48376],[135.60073,34.48375],[135.60065,34.48375],[135.60057,34.48376],[135.60049,34.48379],[135.60032,34.48376],[135.60023,34.48374],[135.6001,34.48371],[135.59994,34.48367],[135.59977,34.48366],[135.59967,34.48364],[135.59961,34.4836],[135.5996,34.48354],[135.59966,34.48349],[135.59912,34.48352],[135.59909,34.48354],[135.5991,34.48357],[135.59914,34.4836],[135.59941,34.48366],[135.59936,34.48379],[135.5993,34.48394],[135.59923,34.48409],[135.59917,34.48425],[135.59905,34.48451],[135.59871,34.48539],[135.59861,34.48552],[135.59857,34.48558],[135.59855,34.48566],[135.59864,34.48577],[135.59879,34.48581],[135.59893,34.48584],[135.59918,34.48586],[135.59937,34.48587],[135.59951,34.48586],[135.59962,34.48587],[135.59972,34.48587],[135.59985,34.48583],[135.59994,34.48583],[135.60005,34.48585],[135.60013,34.48587],[135.60026,34.48589],[135.60041,34.48589],[135.60061,34.48589],[135.60078,34.48587],[135.60092,34.48591],[135.601,34.48591],[135.60114,34.48588],[135.60135,34.48588],[135.60164,34.48589],[135.60177,34.48592],[135.60187,34.48591]]]}},{"type":"Feature","properties":{"name":"楠風台三丁目","setai":85,"jinko":209,"key":"27214051003","units":1},"geometry":{"type":"Polygon","coordinates":[[[135.60474,34.48597],[135.60469,34.4858],[135.60456,34.48519],[135.60446,34.48514],[135.60447,34.4851],[135.60445,34.48433],[135.60445,34.48391],[135.60448,34.48371],[135.60446,34.4837],[135.60441,34.48368],[135.6041,34.48351],[135.60365,34.48352],[135.60353,34.48348],[135.6035,34.48351],[135.60339,34.48346],[135.6033,34.48338],[135.60321,34.48331],[135.60311,34.48325],[135.60298,34.48319],[135.60298,34.48313],[135.60286,34.48309],[135.60268,34.48303],[135.60247,34.48298],[135.60246,34.48306],[135.60253,34.48312],[135.60238,34.48314],[135.60237,34.48331],[135.6024,34.48353],[135.6024,34.48367],[135.60245,34.48382],[135.60249,34.48394],[135.60249,34.48404],[135.60249,34.4841],[135.60246,34.48416],[135.6024,34.48421],[135.60228,34.48423],[135.60215,34.48416],[135.60204,34.4841],[135.60198,34.48408],[135.60189,34.48408],[135.60189,34.48414],[135.60188,34.48431],[135.60189,34.48449],[135.60188,34.48455],[135.60188,34.48464],[135.60188,34.48488],[135.60188,34.4852],[135.6019,34.48552],[135.60199,34.48588],[135.602,34.48591],[135.60234,34.48591],[135.60265,34.486],[135.6028,34.48605],[135.60287,34.48605],[135.60297,34.486],[135.60307,34.48596],[135.60322,34.48592],[135.60324,34.48596],[135.60326,34.48596],[135.60332,34.48596],[135.60336,34.48598],[135.60343,34.486],[135.60351,34.48597],[135.60354,34.48592],[135.60358,34.48588],[135.60377,34.48599],[135.60432,34.48599],[135.60428,34.48611],[135.60424,34.4863],[135.60423,34.48646],[135.60427,34.48655],[135.60442,34.48672],[135.60461,34.48687],[135.60466,34.48692],[135.60475,34.48696],[135.60478,34.48678],[135.60478,34.48667],[135.60479,34.48655],[135.60479,34.48632],[135.60478,34.48617],[135.60476,34.48604],[135.60474,34.48597]]]}},{"type":"Feature","properties":{"name":"山中田町一丁目","setai":335,"jinko":856,"key":"27214053001","units":1},"geometry":{"type":"Polygon","coordinates":[[[135.61213,34.5022],[135.61214,34.50219],[135.61215,34.50219],[135.61224,34.50209],[135.61237,34.50195],[135.61261,34.50171],[135.61269,34.50162],[135.61272,34.5016],[135.61276,34.50157],[135.61277,34.50156],[135.613,34.50169],[135.61306,34.50166],[135.61299,34.50152],[135.61292,34.50144],[135.61297,34.50141],[135.61307,34.50135],[135.61307,34.50135],[135.61309,34.50133],[135.61301,34.50118],[135.61291,34.50101],[135.61288,34.50096],[135.61284,34.5009],[135.61284,34.5009],[135.61281,34.50079],[135.61281,34.50072],[135.61286,34.50064],[135.61295,34.50054],[135.61295,34.50053],[135.61288,34.50039],[135.61285,34.50031],[135.61287,34.50022],[135.61289,34.50016],[135.6129,34.50015],[135.61291,34.50011],[135.61294,34.50002],[135.61294,34.50001],[135.61294,34.49993],[135.6129,34.49975],[135.61284,34.49966],[135.61275,34.49956],[135.61274,34.49946],[135.61274,34.49937],[135.61279,34.49928],[135.61283,34.49919],[135.61285,34.4991],[135.61285,34.49907],[135.61285,34.49905],[135.61283,34.49899],[135.61279,34.49894],[135.61279,34.49894],[135.61281,34.49883],[135.61284,34.49874],[135.61286,34.49861],[135.61286,34.49846],[135.61286,34.49841],[135.61286,34.4984],[135.61287,34.49839],[135.6129,34.49835],[135.61289,34.49832],[135.61289,34.49824],[135.61287,34.4982],[135.61285,34.49814],[135.61284,34.498],[135.61284,34.49797],[135.6131,34.49798],[135.61333,34.49798],[135.61411,34.49797],[135.61491,34.49797],[135.61509,34.49791],[135.61524,34.49791],[135.61517,34.49706],[135.61521,34.49706],[135.61523,34.49706],[135.61526,34.49705],[135.61529,34.49704],[135.61533,34.49703],[135.61539,34.49702],[135.61547,34.49701],[135.61552,34.49701],[135.61559,34.49699],[135.61565,34.49699],[135.61569,34.49699],[135.61576,34.49698],[135.61584,34.497],[135.6159,34.497],[135.61626,34.49697],[135.61621,34.49626],[135.6158,34.4963],[135.61549,34.49634],[135.6153,34.49638],[135.61478,34.49645],[135.61413,34.49654],[135.61297,34.4967],[135.6128,34.49672],[135.61252,34.49675],[135.61167,34.49688],[135.61159,34.4969],[135.61124,34.49695],[135.61092,34.49698],[135.61094,34.49675],[135.61092,34.49661],[135.61088,34.49643],[135.6106,34.49651],[135.61032,34.49698],[135.60985,34.49698],[135.60929,34.49697],[135.6094,34.4972],[135.60931,34.49721],[135.60917,34.49723],[135.60922,34.49773],[135.60925,34.49773],[135.60929,34.49782],[135.60936,34.49782],[135.60944,34.49816],[135.60949,34.49842],[135.6093,34.49861],[135.60915,34.49879],[135.60903,34.49896],[135.60894,34.49917],[135.60884,34.49952],[135.60867,34.5003],[135.60907,34.50047],[135.61044,34.5011],[135.61088,34.50131],[135.61092,34.50133],[135.61135,34.50158],[135.61142,34.50162],[135.61146,34.50164],[135.61153,34.5017],[135.61156,34.50173],[135.61158,34.50175],[135.61181,34.50194],[135.61199,34.50211],[135.61213,34.5022]]]}},{"type":"Feature","properties":{"name":"山中田町二丁目","setai":241,"jinko":753,"key":"27214053002","units":1},"geometry":{"type":"Polygon","coordinates":[[[135.61626,34.49585],[135.6161,34.49581],[135.61602,34.49581],[135.61594,34.4958],[135.61578,34.49574],[135.6157,34.4957],[135.61555,34.49555],[135.61545,34.49544],[135.6154,34.49541],[135.61533,34.49536],[135.61521,34.49528],[135.61511,34.49523],[135.61499,34.4952],[135.61489,34.49516],[135.6148,34.4951],[135.61474,34.49504],[135.61469,34.495],[135.6145,34.49498],[135.61409,34.49494],[135.61409,34.49409],[135.61391,34.49395],[135.61375,34.494],[135.61279,34.494],[135.61185,34.49403],[135.61161,34.49403],[135.61161,34.49395],[135.61108,34.49397],[135.61086,34.49398],[135.6108,34.49398],[135.61058,34.49399],[135.61028,34.494],[135.61026,34.49421],[135.61026,34.49422],[135.61021,34.49448],[135.61021,34.49448],[135.61029,34.49461],[135.61033,34.49473],[135.61038,34.49487],[135.61042,34.49504],[135.61043,34.49507],[135.61053,34.49531],[135.61057,34.49543],[135.61069,34.49578],[135.6107,34.4958],[135.61079,34.49613],[135.61081,34.49616],[135.61086,34.49638],[135.61088,34.49643],[135.61092,34.49661],[135.61094,34.49675],[135.61092,34.49698],[135.61124,34.49695],[135.61159,34.4969],[135.61167,34.49688],[135.61252,34.49675],[135.6128,34.49672],[135.61297,34.4967],[135.61413,34.49654],[135.61478,34.49645],[135.6153,34.49638],[135.61549,34.49634],[135.6158,34.4963],[135.61621,34.49626],[135.61674,34.49619],[135.61681,34.49617],[135.61678,34.49616],[135.61646,34.49599],[135.61634,34.49591],[135.61626,34.49585]]]}},{"type":"Feature","properties":{"name":"山中田町三丁目","setai":1,"jinko":3,"key":"27214053003","units":1},"geometry":{"type":"Polygon","coordinates":[[[135.61563,34.49505],[135.61563,34.49502],[135.61544,34.49504],[135.61529,34.49495],[135.61517,34.49488],[135.61505,34.49471],[135.61492,34.49452],[135.61476,34.49429],[135.61461,34.49407],[135.61463,34.494],[135.61478,34.49387],[135.61482,34.49386],[135.61494,34.4938],[135.61493,34.4937],[135.61492,34.49368],[135.61483,34.49356],[135.61493,34.49351],[135.61479,34.4934],[135.61471,34.49332],[135.61463,34.49326],[135.61449,34.4933],[135.6144,34.49333],[135.61421,34.49339],[135.61385,34.49307],[135.61382,34.49293],[135.61371,34.49274],[135.61373,34.49268],[135.61396,34.49261],[135.61408,34.49261],[135.61436,34.49261],[135.61436,34.49218],[135.61436,34.49193],[135.61442,34.49184],[135.61438,34.49177],[135.61437,34.49146],[135.61436,34.49115],[135.61435,34.49094],[135.61448,34.49085],[135.61471,34.49071],[135.61478,34.49057],[135.61496,34.49055],[135.61534,34.49061],[135.6155,34.4907],[135.61549,34.49082],[135.61549,34.49086],[135.61554,34.4909],[135.61555,34.49082],[135.6156,34.49058],[135.61565,34.49051],[135.61572,34.49046],[135.61565,34.49045],[135.6155,34.49043],[135.6153,34.49039],[135.6151,34.49038],[135.61496,34.49039],[135.61478,34.4904],[135.61465,34.4904],[135.61456,34.4904],[135.6145,34.49048],[135.61445,34.49053],[135.61441,34.49063],[135.61435,34.49072],[135.61429,34.49078],[135.61429,34.49079],[135.61416,34.49084],[135.61403,34.49091],[135.61386,34.49096],[135.61371,34.49102],[135.6136,34.49111],[135.61348,34.4912],[135.61336,34.49131],[135.61331,34.49138],[135.61326,34.49145],[135.61326,34.49146],[135.61322,34.49155],[135.61322,34.49158],[135.61319,34.49165],[135.61317,34.4918],[135.61317,34.49184],[135.61315,34.49192],[135.61316,34.49194],[135.61304,34.49205],[135.61298,34.49212],[135.61288,34.49219],[135.61283,34.49219],[135.61276,34.49221],[135.61267,34.49218],[135.61258,34.49212],[135.61258,34.49212],[135.61257,34.49211],[135.61255,34.49204],[135.61252,34.49199],[135.61247,34.492],[135.61242,34.492],[135.61239,34.49202],[135.61218,34.49205],[135.61218,34.49211],[135.61219,34.49214],[135.61221,34.49221],[135.61222,34.49229],[135.61222,34.49229],[135.61221,34.49235],[135.61221,34.49236],[135.61221,34.49236],[135.61209,34.49248],[135.61208,34.49249],[135.61203,34.49253],[135.61183,34.49273],[135.61181,34.49278],[135.61181,34.49279],[135.61181,34.49284],[135.61181,34.49292],[135.6118,34.49295],[135.6118,34.49299],[135.61172,34.493],[135.61163,34.49301],[135.61164,34.49346],[135.61166,34.49395],[135.61161,34.49395],[135.61161,34.49403],[135.61185,34.49403],[135.61279,34.494],[135.61375,34.494],[135.61391,34.49395],[135.61409,34.49409],[135.61409,34.49494],[135.6145,34.49498],[135.61469,34.495],[135.61474,34.49504],[135.6148,34.4951],[135.61489,34.49516],[135.61499,34.4952],[135.61511,34.49523],[135.61521,34.49528],[135.61533,34.49536],[135.6154,34.49541],[135.61545,34.49544],[135.6155,34.49529],[135.6155,34.49519],[135.61563,34.49517],[135.61563,34.49506],[135.61563,34.49505]]]}},{"type":"Feature","properties":{"name":"南大伴町一丁目","setai":182,"jinko":501,"key":"27214055101","units":1},"geometry":{"type":"Polygon","coordinates":[[[135.61773,34.49753],[135.61774,34.49701],[135.61816,34.49701],[135.61844,34.49699],[135.61887,34.49699],[135.61891,34.49698],[135.61918,34.49698],[135.61948,34.49697],[135.61973,34.49695],[135.62,34.49694],[135.62011,34.49693],[135.62014,34.49657],[135.62019,34.49596],[135.6202,34.49566],[135.62022,34.4954],[135.62021,34.49491],[135.62016,34.4945],[135.6201,34.49412],[135.6201,34.494],[135.62006,34.494],[135.62006,34.49358],[135.6196,34.49357],[135.61959,34.4939],[135.61921,34.49388],[135.61908,34.49388],[135.61904,34.49401],[135.61898,34.49428],[135.61892,34.49457],[135.61887,34.49478],[135.61881,34.4949],[135.61869,34.49509],[135.6186,34.49523],[135.61847,34.49542],[135.61828,34.49567],[135.61817,34.49573],[135.61802,34.4958],[135.61772,34.49593],[135.61752,34.49601],[135.61733,34.49607],[135.61709,34.49613],[135.6169,34.49617],[135.61681,34.49617],[135.61674,34.49619],[135.61621,34.49626],[135.61626,34.49697],[135.6159,34.497],[135.61584,34.497],[135.61576,34.49698],[135.61569,34.49699],[135.61565,34.49699],[135.61559,34.49699],[135.61552,34.49701],[135.61547,34.49701],[135.61539,34.49702],[135.61533,34.49703],[135.61529,34.49704],[135.61526,34.49705],[135.61523,34.49706],[135.61521,34.49706],[135.61517,34.49706],[135.61524,34.49791],[135.61539,34.49792],[135.61595,34.49795],[135.61654,34.49797],[135.61772,34.49799],[135.61773,34.49753]]]}},{"type":"Feature","properties":{"name":"南大伴町二丁目","setai":98,"jinko":252,"key":"27214055102","units":1},"geometry":{"type":"Polygon","coordinates":[[[135.62169,34.499],[135.62165,34.49887],[135.62158,34.49871],[135.62153,34.49855],[135.6215,34.4984],[135.6215,34.49825],[135.62152,34.49812],[135.6216,34.49797],[135.62169,34.49782],[135.62176,34.49765],[135.62187,34.4974],[135.62202,34.49717],[135.62175,34.49708],[135.62149,34.49703],[135.62123,34.497],[135.62109,34.49699],[135.62088,34.49697],[135.62069,34.49696],[135.62053,34.49695],[135.6203,34.49694],[135.62011,34.49693],[135.62,34.49694],[135.61973,34.49695],[135.61948,34.49697],[135.61918,34.49698],[135.61891,34.49698],[135.61887,34.49699],[135.61844,34.49699],[135.61816,34.49701],[135.61774,34.49701],[135.61773,34.49753],[135.61772,34.49799],[135.61771,34.49814],[135.6177,34.49861],[135.61773,34.49893],[135.61828,34.49892],[135.61898,34.49892],[135.6198,34.49892],[135.62004,34.49889],[135.62048,34.49894],[135.62094,34.49898],[135.62143,34.49905],[135.62175,34.49911],[135.62169,34.499]]]}},{"type":"Feature","properties":{"name":"南大伴町三丁目","setai":62,"jinko":153,"key":"27214055103","units":1},"geometry":{"type":"Polygon","coordinates":[[[135.62266,34.49413],[135.62266,34.49405],[135.62266,34.494],[135.62264,34.49373],[135.62264,34.49339],[135.6226,34.49309],[135.62243,34.49277],[135.62239,34.49265],[135.62235,34.49252],[135.62232,34.49236],[135.6223,34.49223],[135.62229,34.49201],[135.6223,34.49186],[135.62233,34.49168],[135.62236,34.49141],[135.62242,34.49124],[135.62247,34.49113],[135.62258,34.49085],[135.62256,34.49084],[135.62243,34.49076],[135.62207,34.49055],[135.6219,34.49066],[135.62169,34.49077],[135.62169,34.49068],[135.62165,34.4906],[135.62162,34.49059],[135.62153,34.49064],[135.62131,34.49064],[135.6213,34.49092],[135.62126,34.49111],[135.62129,34.49121],[135.62128,34.49158],[135.62127,34.49206],[135.62135,34.4921],[135.62136,34.49249],[135.62136,34.49255],[135.62132,34.4926],[135.62127,34.49276],[135.62126,34.49292],[135.62125,34.49307],[135.62125,34.49316],[135.62126,34.49336],[135.62124,34.4936],[135.62124,34.49395],[135.62124,34.49407],[135.62109,34.49406],[135.62112,34.4938],[135.62065,34.49377],[135.62063,34.49403],[135.6201,34.494],[135.6201,34.49412],[135.62016,34.4945],[135.62021,34.49491],[135.62022,34.4954],[135.6202,34.49566],[135.62019,34.49596],[135.62014,34.49657],[135.62011,34.49693],[135.6203,34.49694],[135.62053,34.49695],[135.62069,34.49696],[135.62088,34.49697],[135.62109,34.49699],[135.62123,34.497],[135.62149,34.49703],[135.62175,34.49708],[135.62202,34.49717],[135.62216,34.49695],[135.62227,34.49673],[135.62238,34.49651],[135.62243,34.49636],[135.62247,34.49624],[135.62254,34.49597],[135.62259,34.49569],[135.62262,34.49549],[135.62262,34.49541],[135.62262,34.49497],[135.62262,34.4947],[135.62263,34.49449],[135.62263,34.49432],[135.62264,34.49423],[135.62265,34.49417],[135.62266,34.49413]]]}},{"type":"Feature","properties":{"name":"南大伴町四丁目","setai":24,"jinko":59,"key":"27214055104","units":1},"geometry":{"type":"Polygon","coordinates":[[[135.61772,34.49593],[135.61802,34.4958],[135.61817,34.49573],[135.61828,34.49567],[135.61847,34.49542],[135.6186,34.49523],[135.61869,34.49509],[135.61881,34.4949],[135.61887,34.49478],[135.61892,34.49457],[135.61898,34.49428],[135.61904,34.49401],[135.61908,34.49388],[135.61906,34.49388],[135.61902,34.49387],[135.61898,34.49391],[135.61873,34.49391],[135.61877,34.49405],[135.6188,34.49415],[135.6188,34.49422],[135.61877,34.49428],[135.61871,34.49438],[135.61871,34.49444],[135.61872,34.4945],[135.61773,34.49502],[135.61767,34.49522],[135.61719,34.49519],[135.61689,34.4954],[135.6168,34.49544],[135.6167,34.4954],[135.61661,34.49526],[135.61639,34.4953],[135.61615,34.49527],[135.61613,34.49527],[135.61611,34.49526],[135.61601,34.49525],[135.61588,34.49525],[135.61575,34.49527],[135.61564,34.49532],[135.61545,34.49544],[135.61555,34.49555],[135.6157,34.4957],[135.61578,34.49574],[135.61594,34.4958],[135.61602,34.49581],[135.6161,34.49581],[135.61626,34.49585],[135.61634,34.49591],[135.61646,34.49599],[135.61678,34.49616],[135.61681,34.49617],[135.6169,34.49617],[135.61709,34.49613],[135.61733,34.49607],[135.61752,34.49601],[135.61772,34.49593]]]}},{"type":"Feature","properties":{"name":"南大伴町","setai":0,"jinko":0,"key":"272140552","units":1},"geometry":{"type":"Polygon","coordinates":[[[135.61615,34.49527],[135.61639,34.4953],[135.61661,34.49526],[135.6167,34.4954],[135.6168,34.49544],[135.61689,34.4954],[135.61719,34.49519],[135.61767,34.49522],[135.61773,34.49502],[135.61872,34.4945],[135.61871,34.49444],[135.61871,34.49438],[135.61877,34.49428],[135.6188,34.49422],[135.6188,34.49415],[135.61877,34.49405],[135.61873,34.49391],[135.61861,34.49367],[135.61852,34.49347],[135.61849,34.49332],[135.61848,34.49316],[135.61847,34.49301],[135.61848,34.49285],[135.61854,34.49269],[135.6186,34.49254],[135.61866,34.49239],[135.61873,34.49224],[135.61879,34.4921],[135.61879,34.49204],[135.61877,34.49201],[135.61872,34.49198],[135.61865,34.49196],[135.61862,34.49194],[135.61854,34.49193],[135.61843,34.49195],[135.61819,34.49202],[135.61791,34.49208],[135.61775,34.4921],[135.61761,34.49212],[135.61748,34.49217],[135.61738,34.49219],[135.61732,34.49213],[135.61732,34.49207],[135.61739,34.49201],[135.61746,34.49199],[135.61771,34.49193],[135.61779,34.49189],[135.61791,34.49184],[135.61813,34.49177],[135.61826,34.49172],[135.61836,34.49169],[135.61846,34.49163],[135.61852,34.49157],[135.61857,34.49148],[135.61861,34.49134],[135.61864,34.49125],[135.61866,34.4912],[135.61868,34.49114],[135.61866,34.49111],[135.61862,34.49109],[135.61846,34.49108],[135.61843,34.49093],[135.6184,34.49083],[135.61837,34.49075],[135.61832,34.49064],[135.6183,34.49055],[135.61831,34.49047],[135.61826,34.49039],[135.61817,34.49029],[135.61806,34.49016],[135.61795,34.49005],[135.61786,34.48999],[135.61766,34.48992],[135.61759,34.48987],[135.61749,34.48979],[135.61743,34.48974],[135.61736,34.48968],[135.61729,34.48969],[135.6172,34.48971],[135.61709,34.48966],[135.61705,34.48963],[135.61695,34.48963],[135.6169,34.48965],[135.61682,34.48968],[135.61676,34.48971],[135.61667,34.48976],[135.61658,34.4898],[135.61649,34.48984],[135.61637,34.48989],[135.61626,34.48992],[135.61619,34.48998],[135.61607,34.49006],[135.61597,34.49012],[135.6159,34.49019],[135.61584,34.49026],[135.61578,34.49039],[135.61572,34.49046],[135.61565,34.49051],[135.6156,34.49058],[135.61555,34.49082],[135.61554,34.4909],[135.61586,34.49089],[135.61606,34.49107],[135.61609,34.49117],[135.61622,34.49122],[135.61625,34.49132],[135.61632,34.49135],[135.61636,34.49137],[135.61641,34.4914],[135.61646,34.49146],[135.6165,34.49154],[135.61653,34.49165],[135.61655,34.49176],[135.61654,34.49183],[135.61703,34.49179],[135.61708,34.49182],[135.61711,34.4919],[135.61716,34.49201],[135.61716,34.49212],[135.61722,34.49218],[135.61729,34.49219],[135.61722,34.49254],[135.61722,34.4928],[135.61728,34.49289],[135.61737,34.49304],[135.61737,34.49305],[135.61737,34.49312],[135.61737,34.49315],[135.61737,34.49325],[135.61738,34.49331],[135.61738,34.49337],[135.61739,34.49344],[135.61744,34.49358],[135.61746,34.49365],[135.61746,34.4937],[135.61741,34.49376],[135.61723,34.49384],[135.61703,34.49392],[135.61681,34.49398],[135.61663,34.49403],[135.61654,34.49404],[135.61654,34.49416],[135.61651,34.49431],[135.61638,34.49466],[135.61629,34.49467],[135.61632,34.49477],[135.61613,34.49527],[135.61615,34.49527]]]}},{"type":"Feature","properties":{"name":"北大伴町一丁目","setai":72,"jinko":173,"key":"27214057001","units":1},"geometry":{"type":"Polygon","coordinates":[[[135.61365,34.50238],[135.61374,34.50232],[135.61383,34.50235],[135.61399,34.50237],[135.61417,34.50238],[135.61432,34.50237],[135.61443,34.50233],[135.61456,34.50227],[135.61471,34.5022],[135.6148,34.50216],[135.61487,34.50212],[135.61496,34.50208],[135.61505,34.50205],[135.61514,34.50202],[135.61531,34.502],[135.6155,34.50201],[135.61562,34.50201],[135.61572,34.50201],[135.61588,34.502],[135.61598,34.50196],[135.61605,34.50194],[135.61614,34.50193],[135.61654,34.50193],[135.61685,34.50193],[135.61699,34.50193],[135.61709,34.50193],[135.61725,34.50193],[135.6174,34.50193],[135.61754,34.50192],[135.61771,34.50192],[135.61773,34.50192],[135.61771,34.50183],[135.61771,34.50158],[135.6177,34.50146],[135.61774,34.50114],[135.61774,34.5009],[135.61775,34.50063],[135.61776,34.50033],[135.61778,34.5],[135.61655,34.5],[135.61537,34.49999],[135.61419,34.49997],[135.61417,34.49997],[135.61294,34.49993],[135.61294,34.50001],[135.61294,34.50002],[135.61291,34.50011],[135.6129,34.50015],[135.61289,34.50016],[135.61287,34.50022],[135.61285,34.50031],[135.61288,34.50039],[135.61295,34.50053],[135.61295,34.50054],[135.61286,34.50064],[135.61281,34.50072],[135.61281,34.50079],[135.61284,34.5009],[135.61284,34.5009],[135.61288,34.50096],[135.61291,34.50101],[135.61301,34.50118],[135.61309,34.50133],[135.61307,34.50135],[135.61307,34.50135],[135.61297,34.50141],[135.61292,34.50144],[135.61299,34.50152],[135.61306,34.50166],[135.613,34.50169],[135.61277,34.50156],[135.61276,34.50157],[135.61272,34.5016],[135.61269,34.50162],[135.61261,34.50171],[135.61237,34.50195],[135.61224,34.50209],[135.61215,34.50219],[135.61214,34.50219],[135.61213,34.5022],[135.61213,34.5022],[135.61215,34.50222],[135.61215,34.50222],[135.61228,34.50233],[135.61247,34.5025],[135.61289,34.50289],[135.613,34.50299],[135.61346,34.50342],[135.61389,34.50311],[135.614,34.50304],[135.61394,34.50296],[135.61365,34.50238]]]}},{"type":"Feature","properties":{"name":"北大伴町二丁目","setai":110,"jinko":274,"key":"27214057002","units":1},"geometry":{"type":"Polygon","coordinates":[[[135.62051,34.50385],[135.62065,34.50363],[135.62082,34.50335],[135.62088,34.50323],[135.62092,34.50316],[135.62096,34.50309],[135.62096,34.50309],[135.6211,34.50278],[135.62115,34.5027],[135.62118,34.50263],[135.62102,34.50259],[135.62086,34.50253],[135.62077,34.50249],[135.62059,34.50239],[135.62048,34.50231],[135.62041,34.50223],[135.62029,34.50209],[135.62019,34.502],[135.62009,34.50195],[135.61999,34.50192],[135.61987,34.50189],[135.6196,34.50188],[135.61892,34.50191],[135.61834,34.50191],[135.61824,34.50191],[135.61773,34.50192],[135.61771,34.50192],[135.61754,34.50192],[135.6174,34.50193],[135.61725,34.50193],[135.61709,34.50193],[135.61699,34.50193],[135.61685,34.50193],[135.61654,34.50193],[135.61614,34.50193],[135.61605,34.50194],[135.61598,34.50196],[135.61588,34.502],[135.61594,34.50217],[135.61606,34.50243],[135.6162,34.50268],[135.61635,34.50297],[135.61646,34.50288],[135.61652,34.50282],[135.61658,34.50284],[135.61667,34.50288],[135.61672,34.50297],[135.61675,34.50301],[135.61682,34.50298],[135.61706,34.50322],[135.6169,34.50332],[135.61696,34.50336],[135.61702,34.50341],[135.61719,34.50374],[135.61733,34.50372],[135.61748,34.50373],[135.61762,34.50378],[135.61773,34.50384],[135.6178,34.50389],[135.61787,34.50393],[135.61801,34.5039],[135.61807,34.50385],[135.61814,34.50397],[135.61816,34.50401],[135.61818,34.50417],[135.61841,34.50416],[135.61852,34.50397],[135.61859,34.50397],[135.61874,34.50386],[135.61884,34.50376],[135.61884,34.50371],[135.61889,34.50365],[135.61907,34.50361],[135.61928,34.5037],[135.61945,34.50357],[135.61972,34.50376],[135.61985,34.50366],[135.62014,34.50384],[135.62011,34.50389],[135.61991,34.50408],[135.61981,34.50417],[135.61964,34.50434],[135.61963,34.50434],[135.61959,34.5044],[135.61953,34.50446],[135.61949,34.5045],[135.61936,34.50461],[135.61922,34.50473],[135.61908,34.50486],[135.61903,34.5049],[135.61889,34.50506],[135.61885,34.5051],[135.61868,34.5053],[135.61863,34.50536],[135.61843,34.50557],[135.61831,34.5057],[135.6182,34.50582],[135.61809,34.50594],[135.6179,34.50617],[135.61771,34.50636],[135.61765,34.50649],[135.61755,34.50673],[135.61765,34.50691],[135.61792,34.50673],[135.61815,34.50656],[135.6183,34.50641],[135.61848,34.50621],[135.61862,34.50605],[135.61873,34.50588],[135.61878,34.50572],[135.61883,34.50558],[135.61917,34.50555],[135.62,34.50544],[135.62012,34.50543],[135.61993,34.50458],[135.6202,34.50427],[135.62041,34.50398],[135.62051,34.50385]]]}},{"type":"Feature","properties":{"name":"北大伴町三丁目","setai":109,"jinko":264,"key":"27214057003","units":1},"geometry":{"type":"Polygon","coordinates":[[[135.62144,34.50198],[135.62155,34.50171],[135.62162,34.50155],[135.62165,34.50147],[135.62174,34.50123],[135.62187,34.5009],[135.6219,34.50079],[135.62191,34.50074],[135.62192,34.50074],[135.62192,34.50069],[135.62194,34.50065],[135.62195,34.50053],[135.62198,34.50042],[135.62197,34.5004],[135.62198,34.50023],[135.62198,34.50021],[135.62194,34.49997],[135.6219,34.49979],[135.62188,34.49968],[135.62186,34.49955],[135.6218,34.49934],[135.62178,34.49922],[135.62175,34.49911],[135.62143,34.49905],[135.62094,34.49898],[135.62048,34.49894],[135.62004,34.49889],[135.6198,34.49892],[135.61898,34.49892],[135.61828,34.49892],[135.61773,34.49893],[135.61773,34.49896],[135.61774,34.49911],[135.61777,34.49925],[135.61777,34.49952],[135.61778,34.5],[135.61776,34.50033],[135.61775,34.50063],[135.61774,34.5009],[135.61774,34.50114],[135.6177,34.50146],[135.61771,34.50158],[135.61771,34.50183],[135.61773,34.50192],[135.61824,34.50191],[135.61834,34.50191],[135.61892,34.50191],[135.6196,34.50188],[135.61987,34.50189],[135.61999,34.50192],[135.62009,34.50195],[135.62019,34.502],[135.62029,34.50209],[135.62041,34.50223],[135.62048,34.50231],[135.62059,34.50239],[135.62077,34.50249],[135.62086,34.50253],[135.62102,34.50259],[135.62118,34.50263],[135.62119,34.50261],[135.62122,34.50254],[135.62129,34.50236],[135.62144,34.50198]]]}},{"type":"Feature","properties":{"name":"北大伴町四丁目","setai":24,"jinko":54,"key":"27214057004","units":1},"geometry":{"type":"Polygon","coordinates":[[[135.61771,34.49814],[135.61772,34.49799],[135.61654,34.49797],[135.61595,34.49795],[135.61539,34.49792],[135.61524,34.49791],[135.61509,34.49791],[135.61491,34.49797],[135.61411,34.49797],[135.61333,34.49798],[135.6131,34.49798],[135.61284,34.49797],[135.61284,34.498],[135.61285,34.49814],[135.61287,34.4982],[135.61289,34.49824],[135.61289,34.49832],[135.6129,34.49835],[135.61287,34.49839],[135.61286,34.4984],[135.61286,34.49841],[135.61286,34.49846],[135.61286,34.49861],[135.61284,34.49874],[135.61281,34.49883],[135.61279,34.49894],[135.61279,34.49894],[135.61283,34.49899],[135.61285,34.49905],[135.61285,34.49907],[135.61285,34.4991],[135.61283,34.49919],[135.61279,34.49928],[135.61274,34.49937],[135.61274,34.49946],[135.61275,34.49956],[135.61284,34.49966],[135.6129,34.49975],[135.61294,34.49993],[135.61417,34.49997],[135.61419,34.49997],[135.61537,34.49999],[135.61655,34.5],[135.61778,34.5],[135.61777,34.49952],[135.61777,34.49925],[135.61774,34.49911],[135.61773,34.49896],[135.61773,34.49893],[135.6177,34.49861],[135.61771,34.49814]]]}},{"type":"Feature","properties":{"name":"別井一丁目","setai":19,"jinko":48,"key":"27214058001","units":1},"geometry":{"type":"Polygon","coordinates":[[[135.62272,34.49966],[135.62275,34.49966],[135.62281,34.49966],[135.62289,34.49967],[135.62293,34.49969],[135.62298,34.4997],[135.62307,34.49971],[135.62313,34.49971],[135.62318,34.4997],[135.62323,34.4997],[135.62334,34.49972],[135.62348,34.49974],[135.62358,34.49976],[135.6238,34.49981],[135.62385,34.49969],[135.624,34.49972],[135.62411,34.49971],[135.62418,34.49981],[135.62425,34.49989],[135.62437,34.49995],[135.62451,34.49996],[135.62453,34.49996],[135.62455,34.49995],[135.62455,34.49992],[135.62447,34.49982],[135.62441,34.49972],[135.62434,34.49963],[135.62431,34.49957],[135.62431,34.49947],[135.6244,34.49936],[135.62452,34.49921],[135.62452,34.49916],[135.62453,34.49907],[135.6246,34.49901],[135.62473,34.49895],[135.6248,34.49894],[135.62486,34.49896],[135.62491,34.49896],[135.62494,34.49896],[135.62496,34.49893],[135.62496,34.49889],[135.62499,34.49884],[135.62502,34.49882],[135.62512,34.49879],[135.62523,34.49876],[135.62529,34.49873],[135.62535,34.49867],[135.62541,34.4986],[135.62546,34.49855],[135.62552,34.49851],[135.62559,34.49848],[135.62564,34.49845],[135.62569,34.49842],[135.62572,34.49839],[135.62574,34.49835],[135.62573,34.49828],[135.62572,34.49824],[135.62569,34.49818],[135.62566,34.49813],[135.62563,34.49806],[135.62566,34.49802],[135.62561,34.49776],[135.6256,34.49756],[135.62559,34.49732],[135.62558,34.49708],[135.62559,34.49686],[135.62557,34.49669],[135.62556,34.4965],[135.62556,34.49648],[135.62554,34.49631],[135.6255,34.49617],[135.62549,34.49611],[135.62551,34.49604],[135.62553,34.4959],[135.6255,34.49575],[135.62545,34.49557],[135.62541,34.49541],[135.62538,34.49523],[135.62538,34.49516],[135.62538,34.49511],[135.62539,34.49487],[135.6254,34.49468],[135.6254,34.49465],[135.62545,34.4942],[135.62484,34.4942],[135.62422,34.49419],[135.62419,34.49419],[135.62402,34.49419],[135.62393,34.49419],[135.62377,34.49418],[135.6233,34.49416],[135.6229,34.49414],[135.62266,34.49413],[135.62265,34.49417],[135.62264,34.49423],[135.62263,34.49432],[135.62263,34.49449],[135.62262,34.4947],[135.62262,34.49497],[135.62262,34.49541],[135.62262,34.49549],[135.62259,34.49569],[135.62254,34.49597],[135.62247,34.49624],[135.62243,34.49636],[135.62238,34.49651],[135.62227,34.49673],[135.62216,34.49695],[135.62202,34.49717],[135.62187,34.4974],[135.62176,34.49765],[135.62169,34.49782],[135.6216,34.49797],[135.62152,34.49812],[135.6215,34.49825],[135.6215,34.4984],[135.62153,34.49855],[135.62158,34.49871],[135.62165,34.49887],[135.62169,34.499],[135.62175,34.49911],[135.62178,34.49922],[135.6218,34.49934],[135.62186,34.49955],[135.62188,34.49968],[135.6219,34.49979],[135.62194,34.49997],[135.62198,34.50021],[135.62198,34.50023],[135.62197,34.5004],[135.62198,34.50042],[135.62195,34.50053],[135.62194,34.50065],[135.62192,34.50069],[135.62192,34.50074],[135.62212,34.50064],[135.62221,34.50033],[135.62235,34.49996],[135.62242,34.49983],[135.62244,34.49979],[135.6225,34.49974],[135.62255,34.49971],[135.62259,34.49969],[135.62266,34.49967],[135.62272,34.49966]]]}},{"type":"Feature","properties":{"name":"別井二丁目","setai":45,"jinko":110,"key":"27214058002","units":1},"geometry":{"type":"Polygon","coordinates":[[[135.62616,34.49819],[135.62624,34.49819],[135.62637,34.49823],[135.62647,34.49823],[135.62657,34.49822],[135.62685,34.49821],[135.62696,34.49821],[135.62712,34.49822],[135.62737,34.49824],[135.62767,34.49827],[135.62773,34.49827],[135.62784,34.49827],[135.62776,34.49819],[135.62771,34.49814],[135.62772,34.498],[135.62772,34.49789],[135.62772,34.49776],[135.62773,34.49762],[135.62773,34.49751],[135.62774,34.49732],[135.62775,34.49712],[135.62776,34.49695],[135.62776,34.49692],[135.62776,34.49669],[135.62777,34.49654],[135.62781,34.49622],[135.62783,34.49593],[135.62784,34.49572],[135.62782,34.49558],[135.62782,34.49548],[135.62786,34.49535],[135.62787,34.49527],[135.62787,34.49521],[135.6279,34.49498],[135.62788,34.4947],[135.62789,34.49444],[135.62789,34.49421],[135.62733,34.49421],[135.62661,34.4942],[135.6259,34.4942],[135.62545,34.4942],[135.6254,34.49465],[135.6254,34.49468],[135.62539,34.49487],[135.62538,34.49511],[135.62538,34.49516],[135.62538,34.49523],[135.62541,34.49541],[135.62545,34.49557],[135.6255,34.49575],[135.62553,34.4959],[135.62551,34.49604],[135.62549,34.49611],[135.6255,34.49617],[135.62554,34.49631],[135.62556,34.49648],[135.62556,34.4965],[135.62557,34.49669],[135.62559,34.49686],[135.62558,34.49708],[135.62559,34.49732],[135.6256,34.49756],[135.62561,34.49776],[135.62566,34.49802],[135.62572,34.49801],[135.6258,34.49801],[135.62587,34.49806],[135.62594,34.49814],[135.62598,34.49827],[135.626,34.4984],[135.62598,34.49854],[135.62595,34.49865],[135.62592,34.49877],[135.62596,34.4988],[135.62601,34.49879],[135.62603,34.49871],[135.62604,34.49865],[135.62604,34.49856],[135.62606,34.49841],[135.62607,34.49831],[135.6261,34.49824],[135.62612,34.49822],[135.62616,34.49819]]]}},{"type":"Feature","properties":{"name":"別井三丁目","setai":73,"jinko":214,"key":"27214058003","units":1},"geometry":{"type":"Polygon","coordinates":[[[135.6259,34.4942],[135.62661,34.4942],[135.62733,34.49421],[135.62789,34.49421],[135.62787,34.49411],[135.62787,34.49379],[135.62786,34.4935],[135.62786,34.49345],[135.62787,34.49323],[135.62789,34.49309],[135.6279,34.49299],[135.62791,34.4929],[135.62791,34.49285],[135.62791,34.49267],[135.62791,34.49263],[135.62791,34.49241],[135.62788,34.49221],[135.62792,34.49222],[135.62793,34.49192],[135.62795,34.49165],[135.62796,34.49131],[135.62797,34.49124],[135.62797,34.49102],[135.62797,34.49082],[135.62798,34.49059],[135.62798,34.4904],[135.62798,34.49022],[135.62772,34.49021],[135.62756,34.49022],[135.62742,34.49022],[135.6273,34.49021],[135.62717,34.49021],[135.62679,34.49018],[135.62638,34.4902],[135.62638,34.4902],[135.62594,34.49018],[135.62544,34.49019],[135.62552,34.49023],[135.62551,34.49069],[135.6255,34.49092],[135.6255,34.49099],[135.62549,34.49105],[135.6255,34.4911],[135.62548,34.49115],[135.62548,34.49117],[135.62547,34.49125],[135.62547,34.49135],[135.62547,34.4914],[135.62547,34.49141],[135.62547,34.49148],[135.62551,34.49162],[135.62553,34.49172],[135.62554,34.4918],[135.62553,34.49218],[135.62553,34.49242],[135.62554,34.49266],[135.62554,34.49292],[135.62552,34.49319],[135.62552,34.49344],[135.6255,34.49366],[135.62545,34.4942],[135.6259,34.4942]]]}},{"type":"Feature","properties":{"name":"別井四丁目","setai":0,"jinko":0,"key":"27214058004","units":1},"geometry":{"type":"Polygon","coordinates":[[[135.6241,34.49022],[135.6241,34.49021],[135.62538,34.49022],[135.62544,34.49019],[135.62594,34.49018],[135.62638,34.4902],[135.62638,34.4902],[135.62679,34.49018],[135.62677,34.48992],[135.62677,34.4898],[135.62677,34.48958],[135.62677,34.48941],[135.62677,34.48935],[135.62678,34.48924],[135.62678,34.48923],[135.62678,34.48923],[135.62678,34.4892],[135.62678,34.48914],[135.62679,34.48893],[135.62679,34.4888],[135.62679,34.48859],[135.6268,34.48833],[135.62679,34.48825],[135.62683,34.48778],[135.62684,34.48752],[135.6269,34.48697],[135.62693,34.48671],[135.62695,34.48651],[135.62693,34.48638],[135.62692,34.48623],[135.62686,34.48623],[135.62683,34.48622],[135.62675,34.48622],[135.62626,34.48622],[135.62622,34.48622],[135.62615,34.48621],[135.62581,34.48619],[135.6254,34.48619],[135.62516,34.4862],[135.62516,34.48625],[135.62517,34.48634],[135.62517,34.4866],[135.62517,34.48692],[135.62516,34.48719],[135.62515,34.48745],[135.62513,34.48763],[135.62515,34.48771],[135.62518,34.48776],[135.62523,34.48778],[135.62534,34.48778],[135.62548,34.48779],[135.62558,34.48779],[135.6256,34.48785],[135.6256,34.48796],[135.62557,34.48811],[135.62555,34.48822],[135.62547,34.48822],[135.625,34.48822],[135.625,34.48822],[135.62454,34.48821],[135.62433,34.48818],[135.6242,34.48817],[135.62407,34.48817],[135.62387,34.48818],[135.62375,34.4882],[135.62369,34.48821],[135.62374,34.48861],[135.62372,34.48866],[135.62348,34.48874],[135.62342,34.48876],[135.62335,34.48878],[135.6231,34.48886],[135.62305,34.48888],[135.62304,34.48888],[135.623,34.4889],[135.62318,34.48919],[135.62325,34.4893],[135.62328,34.48939],[135.62332,34.4895],[135.62334,34.48962],[135.62334,34.48972],[135.62331,34.48982],[135.62325,34.48995],[135.62314,34.49009],[135.62299,34.4903],[135.6231,34.4903],[135.62326,34.49028],[135.62331,34.49027],[135.62356,34.49021],[135.62361,34.49021],[135.62366,34.49023],[135.62377,34.49033],[135.62385,34.49037],[135.62394,34.49036],[135.62403,34.49031],[135.6241,34.49022],[135.6241,34.49022]]]}},{"type":"Feature","properties":{"name":"別井五丁目","setai":39,"jinko":109,"key":"27214058005","units":1},"geometry":{"type":"Polygon","coordinates":[[[135.62551,34.49069],[135.62552,34.49023],[135.62544,34.49019],[135.62538,34.49022],[135.6241,34.49021],[135.6241,34.49022],[135.6241,34.49022],[135.62403,34.49031],[135.62394,34.49036],[135.62385,34.49037],[135.62377,34.49033],[135.62366,34.49023],[135.62361,34.49021],[135.62356,34.49021],[135.62331,34.49027],[135.62326,34.49028],[135.6231,34.4903],[135.62299,34.4903],[135.62294,34.49036],[135.62276,34.49061],[135.62267,34.49072],[135.62258,34.49085],[135.62247,34.49113],[135.62242,34.49124],[135.62236,34.49141],[135.62233,34.49168],[135.6223,34.49186],[135.62229,34.49201],[135.6223,34.49223],[135.62232,34.49236],[135.62235,34.49252],[135.62239,34.49265],[135.62243,34.49277],[135.6226,34.49309],[135.62264,34.49339],[135.62264,34.49373],[135.62266,34.494],[135.62266,34.49405],[135.62266,34.49413],[135.6229,34.49414],[135.6233,34.49416],[135.62377,34.49418],[135.62393,34.49419],[135.62402,34.49419],[135.62419,34.49419],[135.62422,34.49419],[135.62484,34.4942],[135.62545,34.4942],[135.6255,34.49366],[135.62552,34.49344],[135.62552,34.49319],[135.62554,34.49292],[135.62554,34.49266],[135.62553,34.49242],[135.62553,34.49218],[135.62554,34.4918],[135.62553,34.49172],[135.62551,34.49162],[135.62547,34.49148],[135.62547,34.49141],[135.62547,34.4914],[135.62547,34.49135],[135.62547,34.49125],[135.62548,34.49117],[135.62548,34.49115],[135.6255,34.4911],[135.62549,34.49105],[135.6255,34.49099],[135.6255,34.49092],[135.62551,34.49069]]]}},{"type":"Feature","properties":{"name":"東板持町一丁目","setai":84,"jinko":218,"key":"27214059101","units":1},"geometry":{"type":"Polygon","coordinates":[[[135.61108,34.49397],[135.61161,34.49395],[135.61166,34.49395],[135.61164,34.49346],[135.61163,34.49301],[135.61172,34.493],[135.6118,34.49299],[135.6118,34.49295],[135.61181,34.49292],[135.61181,34.49284],[135.61181,34.49279],[135.61181,34.49278],[135.61183,34.49273],[135.61203,34.49253],[135.61208,34.49249],[135.61209,34.49248],[135.61221,34.49236],[135.61221,34.49236],[135.61221,34.49235],[135.61222,34.49229],[135.61222,34.49229],[135.61221,34.49221],[135.61219,34.49214],[135.61218,34.49211],[135.61218,34.49205],[135.61214,34.49197],[135.61209,34.49186],[135.61204,34.49179],[135.61201,34.49168],[135.612,34.49158],[135.61201,34.49151],[135.61207,34.49131],[135.61213,34.49117],[135.61221,34.49103],[135.61224,34.49098],[135.61225,34.49093],[135.61226,34.49092],[135.61231,34.49089],[135.61239,34.49085],[135.61242,34.49081],[135.61244,34.49071],[135.61249,34.49057],[135.6125,34.49051],[135.61249,34.49039],[135.61249,34.49024],[135.61247,34.49013],[135.61248,34.49004],[135.61248,34.48979],[135.61248,34.48954],[135.61249,34.4895],[135.61249,34.48947],[135.61249,34.48945],[135.6125,34.4894],[135.61252,34.48936],[135.61258,34.48927],[135.61262,34.48922],[135.61263,34.4892],[135.61265,34.48917],[135.61265,34.48914],[135.61265,34.48912],[135.61265,34.48908],[135.61264,34.48904],[135.61263,34.489],[135.6126,34.48894],[135.61258,34.48891],[135.61256,34.48887],[135.61252,34.48883],[135.61248,34.48878],[135.61245,34.48875],[135.61244,34.48873],[135.61243,34.48872],[135.61243,34.4887],[135.61245,34.48851],[135.6123,34.48874],[135.61213,34.48886],[135.61212,34.48886],[135.61203,34.48898],[135.61197,34.48905],[135.61192,34.48911],[135.61186,34.48921],[135.6118,34.4893],[135.61175,34.48938],[135.61172,34.48946],[135.61172,34.48946],[135.6117,34.48956],[135.61169,34.48969],[135.61167,34.48983],[135.61165,34.4901],[135.61163,34.49029],[135.61153,34.49033],[135.61147,34.49038],[135.61141,34.49044],[135.61136,34.49049],[135.61131,34.49054],[135.61123,34.49061],[135.61114,34.49068],[135.61105,34.49075],[135.61098,34.4908],[135.61093,34.49081],[135.61087,34.49082],[135.6108,34.49083],[135.61066,34.49088],[135.61059,34.49119],[135.61054,34.49121],[135.61048,34.49123],[135.61043,34.49124],[135.61037,34.49122],[135.6103,34.4912],[135.61027,34.49117],[135.61021,34.49114],[135.61015,34.4911],[135.61008,34.49104],[135.61,34.49102],[135.60991,34.49099],[135.6098,34.49096],[135.60968,34.49093],[135.60959,34.49088],[135.60948,34.49081],[135.60939,34.49074],[135.6093,34.49072],[135.6093,34.49078],[135.60929,34.49084],[135.60929,34.49098],[135.60929,34.49109],[135.60929,34.49121],[135.60928,34.49138],[135.60928,34.49148],[135.60927,34.49171],[135.60926,34.49188],[135.60926,34.49211],[135.60926,34.49226],[135.60926,34.49231],[135.60917,34.4924],[135.60926,34.49248],[135.60938,34.49261],[135.60942,34.49269],[135.60945,34.49274],[135.60949,34.49282],[135.60955,34.49293],[135.60956,34.49297],[135.60961,34.49307],[135.60962,34.49311],[135.60964,34.49325],[135.60968,34.49345],[135.60975,34.49367],[135.60981,34.49389],[135.60994,34.4941],[135.60994,34.49411],[135.6101,34.49434],[135.61011,34.49436],[135.61015,34.49439],[135.61018,34.49444],[135.61021,34.49448],[135.61026,34.49422],[135.61026,34.49421],[135.61028,34.494],[135.61058,34.49399],[135.6108,34.49398],[135.61086,34.49398],[135.61108,34.49397]]]}},{"type":"Feature","properties":{"name":"東板持町二丁目","setai":257,"jinko":583,"key":"27214059102","units":1},"geometry":{"type":"Polygon","coordinates":[[[135.6093,34.49078],[135.6093,34.49072],[135.60939,34.49074],[135.60948,34.49081],[135.60959,34.49088],[135.60968,34.49093],[135.6098,34.49096],[135.60991,34.49099],[135.61,34.49102],[135.61008,34.49104],[135.61015,34.4911],[135.61021,34.49114],[135.61027,34.49117],[135.6103,34.4912],[135.61037,34.49122],[135.61043,34.49124],[135.61048,34.49123],[135.61054,34.49121],[135.61059,34.49119],[135.61066,34.49088],[135.6108,34.49083],[135.61087,34.49082],[135.61093,34.49081],[135.61098,34.4908],[135.61105,34.49075],[135.61114,34.49068],[135.61123,34.49061],[135.61131,34.49054],[135.61136,34.49049],[135.61141,34.49044],[135.61147,34.49038],[135.61153,34.49033],[135.61163,34.49029],[135.61165,34.4901],[135.61167,34.48983],[135.61169,34.48969],[135.6117,34.48956],[135.61172,34.48946],[135.61172,34.48946],[135.61175,34.48938],[135.6118,34.4893],[135.61186,34.48921],[135.61192,34.48911],[135.61197,34.48905],[135.61203,34.48898],[135.61212,34.48886],[135.61213,34.48886],[135.61133,34.48845],[135.61112,34.4886],[135.61112,34.48866],[135.61113,34.48878],[135.61114,34.4889],[135.61114,34.48906],[135.6109,34.48892],[135.61069,34.48879],[135.61064,34.48874],[135.61054,34.48869],[135.61046,34.48864],[135.6104,34.4886],[135.61037,34.48859],[135.61025,34.48851],[135.61021,34.48849],[135.6102,34.48848],[135.61014,34.48845],[135.61001,34.48837],[135.61001,34.48844],[135.60986,34.48853],[135.60981,34.48854],[135.60947,34.4887],[135.60908,34.48885],[135.60867,34.48903],[135.60861,34.48904],[135.60845,34.48912],[135.60834,34.48917],[135.60826,34.4892],[135.60814,34.48924],[135.60802,34.48907],[135.60798,34.489],[135.60795,34.48897],[135.60777,34.48914],[135.60764,34.48925],[135.60733,34.48954],[135.60682,34.49002],[135.60696,34.49013],[135.60707,34.49023],[135.60725,34.49044],[135.60733,34.49056],[135.6074,34.49069],[135.60745,34.49082],[135.6075,34.49096],[135.60755,34.49107],[135.60763,34.49122],[135.60767,34.4913],[135.60779,34.49144],[135.60791,34.4916],[135.60808,34.49179],[135.60817,34.49184],[135.60832,34.49193],[135.60844,34.49199],[135.60862,34.49208],[135.6088,34.49217],[135.60895,34.49224],[135.60917,34.4924],[135.60926,34.49231],[135.60926,34.49226],[135.60926,34.49211],[135.60926,34.49188],[135.60927,34.49171],[135.60928,34.49148],[135.60928,34.49138],[135.60929,34.49121],[135.60929,34.49109],[135.60929,34.49098],[135.60929,34.49084],[135.6093,34.49078]]]}},{"type":"Feature","properties":{"name":"東板持町三丁目","setai":276,"jinko":635,"key":"27214059103","units":1},"geometry":{"type":"Polygon","coordinates":[[[135.60777,34.48914],[135.60795,34.48897],[135.60798,34.489],[135.60802,34.48907],[135.60814,34.48924],[135.60826,34.4892],[135.60834,34.48917],[135.60845,34.48912],[135.60861,34.48904],[135.60867,34.48903],[135.60908,34.48885],[135.60947,34.4887],[135.60981,34.48854],[135.60986,34.48853],[135.61001,34.48844],[135.61001,34.48837],[135.61014,34.48845],[135.6102,34.48848],[135.61021,34.48849],[135.61025,34.48851],[135.61037,34.48859],[135.6104,34.4886],[135.61046,34.48864],[135.61054,34.48869],[135.61064,34.48874],[135.61069,34.48879],[135.6109,34.48892],[135.61114,34.48906],[135.61114,34.4889],[135.61113,34.48878],[135.61112,34.48866],[135.61112,34.4886],[135.61133,34.48845],[135.61127,34.48831],[135.61123,34.48822],[135.61116,34.48807],[135.61113,34.48803],[135.61115,34.48795],[135.61126,34.4878],[135.61135,34.48767],[135.61143,34.48756],[135.6115,34.48747],[135.61136,34.48739],[135.61125,34.48726],[135.61119,34.4872],[135.6111,34.48714],[135.61104,34.4871],[135.61094,34.48707],[135.61082,34.48704],[135.61069,34.487],[135.61058,34.48696],[135.61046,34.48689],[135.61035,34.48682],[135.61023,34.48672],[135.6102,34.4867],[135.61017,34.48669],[135.61004,34.48658],[135.60995,34.4865],[135.60985,34.4864],[135.60978,34.48633],[135.60976,34.48631],[135.60971,34.48628],[135.60966,34.48623],[135.60963,34.4862],[135.60961,34.48618],[135.60959,34.48614],[135.6094,34.48604],[135.60937,34.48601],[135.6093,34.48598],[135.60916,34.486],[135.60909,34.48599],[135.60904,34.48595],[135.60902,34.48593],[135.60902,34.48593],[135.60904,34.48588],[135.60907,34.48585],[135.60909,34.48583],[135.60908,34.48579],[135.60903,34.48575],[135.60896,34.48569],[135.60891,34.48565],[135.60888,34.48561],[135.60886,34.48557],[135.60885,34.4855],[135.60884,34.48544],[135.60882,34.4854],[135.60877,34.48533],[135.60873,34.48531],[135.60871,34.48526],[135.60868,34.48535],[135.60855,34.48536],[135.60853,34.48539],[135.60853,34.48543],[135.60852,34.48549],[135.60852,34.48556],[135.60853,34.4856],[135.60851,34.48565],[135.60845,34.48566],[135.60839,34.48567],[135.60834,34.48566],[135.6083,34.48565],[135.60825,34.48566],[135.60818,34.48567],[135.60814,34.48569],[135.60811,34.48569],[135.6081,34.48569],[135.60793,34.48558],[135.60784,34.48552],[135.6078,34.48552],[135.60773,34.48553],[135.60772,34.48553],[135.6077,34.4856],[135.6077,34.48564],[135.6077,34.48565],[135.60773,34.48567],[135.60771,34.48581],[135.60781,34.48589],[135.60784,34.48614],[135.60784,34.48632],[135.60782,34.48645],[135.60777,34.48657],[135.60769,34.48665],[135.6076,34.4867],[135.6075,34.48674],[135.60735,34.48678],[135.60729,34.48687],[135.60724,34.48696],[135.60724,34.48697],[135.60718,34.4871],[135.60715,34.48716],[135.60711,34.48724],[135.60707,34.48734],[135.60705,34.4874],[135.60702,34.48746],[135.60699,34.48749],[135.60695,34.48754],[135.60693,34.48756],[135.6069,34.48758],[135.60689,34.48765],[135.60689,34.48777],[135.60689,34.48782],[135.60688,34.48789],[135.6068,34.48793],[135.60666,34.48793],[135.60658,34.48798],[135.60656,34.48812],[135.6066,34.48826],[135.60667,34.48845],[135.6067,34.48857],[135.60674,34.48869],[135.60704,34.48869],[135.60723,34.48873],[135.60721,34.48884],[135.60721,34.48905],[135.60721,34.4891],[135.60725,34.48932],[135.60733,34.48954],[135.60764,34.48925],[135.60777,34.48914]]]}},{"type":"Feature","properties":{"name":"大字東板持","setai":0,"jinko":0,"key":"272140592","units":1},"geometry":{"type":"Polygon","coordinates":[[[135.61304,34.49205],[135.61316,34.49194],[135.61315,34.49192],[135.61317,34.49184],[135.61317,34.4918],[135.61319,34.49165],[135.61322,34.49158],[135.61322,34.49155],[135.61326,34.49146],[135.61326,34.49145],[135.61331,34.49138],[135.61336,34.49131],[135.61348,34.4912],[135.6136,34.49111],[135.61371,34.49102],[135.61386,34.49096],[135.61403,34.49091],[135.61416,34.49084],[135.61429,34.49079],[135.61429,34.49078],[135.61435,34.49072],[135.61441,34.49063],[135.61445,34.49053],[135.6145,34.49048],[135.61456,34.4904],[135.61454,34.49041],[135.61399,34.49031],[135.61388,34.49028],[135.61377,34.49027],[135.61365,34.4903],[135.61347,34.49036],[135.61338,34.49039],[135.61332,34.49039],[135.61323,34.49029],[135.6132,34.49026],[135.61311,34.49011],[135.61299,34.48988],[135.61317,34.48973],[135.6132,34.48969],[135.61319,34.48965],[135.61317,34.4896],[135.61318,34.48949],[135.61314,34.48932],[135.61311,34.48919],[135.61311,34.48915],[135.6131,34.48888],[135.6131,34.48885],[135.6131,34.48852],[135.61309,34.48829],[135.61308,34.48813],[135.61308,34.48812],[135.61309,34.48806],[135.61314,34.48801],[135.6131,34.48795],[135.61307,34.48793],[135.61306,34.48786],[135.61295,34.48777],[135.61291,34.48773],[135.61291,34.48767],[135.61293,34.48758],[135.61297,34.48751],[135.61302,34.48738],[135.61316,34.48723],[135.61335,34.48707],[135.61355,34.48692],[135.61375,34.48678],[135.61395,34.48656],[135.61409,34.48632],[135.6141,34.48631],[135.61417,34.48626],[135.61417,34.48601],[135.61413,34.48573],[135.61407,34.4855],[135.6141,34.48522],[135.61393,34.48509],[135.61361,34.48489],[135.61341,34.48507],[135.61313,34.48518],[135.61311,34.48514],[135.61311,34.48508],[135.61319,34.48495],[135.61322,34.48481],[135.6131,34.48465],[135.61301,34.48459],[135.61292,34.48459],[135.61283,34.48464],[135.61262,34.48483],[135.61255,34.4848],[135.61248,34.48474],[135.61245,34.48464],[135.6125,34.48454],[135.61262,34.48432],[135.61263,34.4842],[135.61257,34.48407],[135.61254,34.48396],[135.61255,34.48392],[135.61263,34.4839],[135.61279,34.48391],[135.61293,34.48388],[135.61296,34.48382],[135.61293,34.48365],[135.61284,34.48352],[135.61281,34.48344],[135.61283,34.48333],[135.61285,34.48325],[135.61286,34.48322],[135.61286,34.4832],[135.61281,34.48311],[135.61272,34.48292],[135.61264,34.48274],[135.61254,34.48263],[135.61249,34.48254],[135.6125,34.48242],[135.6126,34.4822],[135.61264,34.48208],[135.61271,34.48199],[135.61277,34.48197],[135.61289,34.48199],[135.61316,34.48198],[135.61315,34.48185],[135.61316,34.48181],[135.61318,34.48162],[135.6132,34.4815],[135.61332,34.48141],[135.61349,34.48135],[135.61367,34.48136],[135.61383,34.48129],[135.61417,34.48118],[135.61436,34.48116],[135.6145,34.48116],[135.61474,34.48114],[135.61493,34.4811],[135.61504,34.48105],[135.61505,34.48093],[135.61513,34.48082],[135.61528,34.48063],[135.61531,34.48044],[135.61534,34.48027],[135.61544,34.4801],[135.61558,34.47995],[135.61581,34.47977],[135.6159,34.47954],[135.61593,34.47952],[135.61606,34.47937],[135.61621,34.47922],[135.61637,34.47909],[135.6164,34.47907],[135.61658,34.47898],[135.61666,34.47894],[135.61662,34.47877],[135.6166,34.47869],[135.61653,34.47855],[135.61649,34.4785],[135.61648,34.47842],[135.61649,34.47839],[135.61651,34.47833],[135.61661,34.47831],[135.6169,34.47845],[135.61712,34.47832],[135.61716,34.47829],[135.61721,34.47826],[135.61723,34.47825],[135.61725,34.47796],[135.61731,34.47735],[135.61732,34.47705],[135.61729,34.47695],[135.61722,34.47669],[135.61707,34.47636],[135.617,34.47619],[135.61688,34.47567],[135.61686,34.47561],[135.61682,34.47531],[135.61678,34.47498],[135.61675,34.47477],[135.61676,34.47451],[135.61677,34.47435],[135.61677,34.4743],[135.61675,34.47417],[135.61673,34.47403],[135.61669,34.47386],[135.61652,34.47377],[135.61652,34.47376],[135.61637,34.47363],[135.61621,34.47353],[135.6161,34.47343],[135.61596,34.47327],[135.61581,34.47307],[135.61578,34.47304],[135.61571,34.47295],[135.61559,34.47279],[135.61556,34.47274],[135.61551,34.47257],[135.61542,34.47239],[135.61531,34.47224],[135.6153,34.47223],[135.61514,34.4721],[135.61491,34.47197],[135.61472,34.47199],[135.61454,34.47198],[135.61438,34.47202],[135.61421,34.4721],[135.61405,34.47216],[135.61386,34.47222],[135.6138,34.47225],[135.61363,34.47234],[135.61354,34.47245],[135.61346,34.4726],[135.61343,34.47269],[135.61338,34.47273],[135.61336,34.47278],[135.61329,34.47279],[135.61308,34.47296],[135.61293,34.47314],[135.61293,34.47322],[135.61284,34.47339],[135.61282,34.47354],[135.61285,34.47358],[135.61287,34.4736],[135.61292,34.4737],[135.61296,34.47385],[135.61298,34.47394],[135.61303,34.47414],[135.61304,34.47417],[135.61303,34.47417],[135.61308,34.47441],[135.61306,34.47449],[135.61305,34.47455],[135.61303,34.47467],[135.61298,34.47467],[135.61283,34.47467],[135.61269,34.4747],[135.61262,34.47473],[135.61247,34.47482],[135.61243,34.47486],[135.61236,34.4749],[135.61236,34.4749],[135.6123,34.47494],[135.6122,34.47513],[135.61218,34.47534],[135.61212,34.47557],[135.61211,34.47572],[135.61209,34.47586],[135.61205,34.47595],[135.61202,34.47612],[135.61193,34.47636],[135.61186,34.47647],[135.61178,34.47652],[135.61171,34.47661],[135.61169,34.47674],[135.6117,34.47684],[135.61171,34.47689],[135.61169,34.47707],[135.61169,34.47714],[135.61169,34.47728],[135.61168,34.47741],[135.61164,34.4775],[135.6116,34.47758],[135.61153,34.47775],[135.61148,34.47792],[135.61148,34.47794],[135.61149,34.47805],[135.61152,34.47821],[135.61157,34.47847],[135.6116,34.47863],[135.61161,34.47875],[135.61162,34.47877],[135.61162,34.47881],[135.61165,34.47906],[135.61165,34.47908],[135.61164,34.47919],[135.61162,34.47928],[135.61167,34.47936],[135.61171,34.47943],[135.61173,34.47953],[135.61169,34.47963],[135.61164,34.47979],[135.61161,34.47993],[135.6116,34.47999],[135.61163,34.48004],[135.61168,34.48007],[135.61178,34.48007],[135.61191,34.48006],[135.61199,34.48007],[135.61217,34.48015],[135.61231,34.48026],[135.61243,34.48041],[135.6125,34.48052],[135.61257,34.48076],[135.61258,34.48085],[135.61252,34.48101],[135.61253,34.48109],[135.61252,34.48128],[135.61248,34.48137],[135.61239,34.48149],[135.61228,34.48163],[135.61222,34.48171],[135.61206,34.48183],[135.61185,34.48201],[135.6118,34.48208],[135.61174,34.48215],[135.61162,34.48229],[135.61153,34.48234],[135.61136,34.48243],[135.61125,34.48245],[135.61106,34.48243],[135.61082,34.4824],[135.61069,34.48233],[135.61051,34.48223],[135.61032,34.4821],[135.61022,34.48208],[135.61005,34.48198],[135.61003,34.48192],[135.6099,34.48188],[135.60977,34.48187],[135.60965,34.48181],[135.6097,34.48187],[135.60975,34.48193],[135.60982,34.48195],[135.60993,34.48202],[135.60998,34.48205],[135.61003,34.48207],[135.61006,34.48214],[135.61013,34.48226],[135.61021,34.48238],[135.61032,34.48256],[135.61042,34.48282],[135.61048,34.48297],[135.61049,34.4831],[135.61047,34.48318],[135.61047,34.48318],[135.61047,34.48319],[135.61046,34.48321],[135.6104,34.48328],[135.61038,34.4833],[135.61034,34.48335],[135.61026,34.48341],[135.61013,34.48353],[135.61006,34.48361],[135.61002,34.4837],[135.61,34.48378],[135.61,34.4839],[135.61003,34.48402],[135.61006,34.48411],[135.61015,34.48433],[135.60998,34.48442],[135.6096,34.48443],[135.60954,34.48453],[135.60947,34.48455],[135.60937,34.48456],[135.60934,34.48467],[135.60932,34.48477],[135.60924,34.48482],[135.60921,34.48477],[135.60919,34.48473],[135.60912,34.48463],[135.60903,34.48462],[135.60892,34.48463],[135.60885,34.48463],[135.60878,34.48473],[135.60878,34.4848],[135.6088,34.48486],[135.60883,34.48495],[135.60885,34.48501],[135.60884,34.48507],[135.60882,34.48512],[135.6088,34.48517],[135.60878,34.48521],[135.60875,34.48524],[135.60871,34.48526],[135.60873,34.48531],[135.60877,34.48533],[135.60882,34.4854],[135.60884,34.48544],[135.60885,34.4855],[135.60886,34.48557],[135.60888,34.48561],[135.60891,34.48565],[135.60896,34.48569],[135.60903,34.48575],[135.60908,34.48579],[135.60909,34.48583],[135.60907,34.48585],[135.60904,34.48588],[135.60902,34.48593],[135.60902,34.48593],[135.60904,34.48595],[135.60909,34.48599],[135.60916,34.486],[135.6093,34.48598],[135.60937,34.48601],[135.6094,34.48604],[135.60959,34.48614],[135.60961,34.48618],[135.60963,34.4862],[135.60966,34.48623],[135.60971,34.48628],[135.60976,34.48631],[135.60978,34.48633],[135.60985,34.4864],[135.60995,34.4865],[135.61004,34.48658],[135.61017,34.48669],[135.6102,34.4867],[135.61023,34.48672],[135.61035,34.48682],[135.61046,34.48689],[135.61058,34.48696],[135.61069,34.487],[135.61082,34.48704],[135.61094,34.48707],[135.61104,34.4871],[135.6111,34.48714],[135.61119,34.4872],[135.61125,34.48726],[135.61136,34.48739],[135.6115,34.48747],[135.61143,34.48756],[135.61135,34.48767],[135.61126,34.4878],[135.61115,34.48795],[135.61113,34.48803],[135.61116,34.48807],[135.61123,34.48822],[135.61127,34.48831],[135.61133,34.48845],[135.61213,34.48886],[135.6123,34.48874],[135.61245,34.48851],[135.61243,34.4887],[135.61243,34.48872],[135.61244,34.48873],[135.61245,34.48875],[135.61248,34.48878],[135.61252,34.48883],[135.61256,34.48887],[135.61258,34.48891],[135.6126,34.48894],[135.61263,34.489],[135.61264,34.48904],[135.61265,34.48908],[135.61265,34.48912],[135.61265,34.48914],[135.61265,34.48917],[135.61263,34.4892],[135.61262,34.48922],[135.61258,34.48927],[135.61252,34.48936],[135.6125,34.4894],[135.61249,34.48945],[135.61249,34.48947],[135.61249,34.4895],[135.61248,34.48954],[135.61248,34.48979],[135.61248,34.49004],[135.61247,34.49013],[135.61249,34.49024],[135.61249,34.49039],[135.6125,34.49051],[135.61249,34.49057],[135.61244,34.49071],[135.61242,34.49081],[135.61239,34.49085],[135.61231,34.49089],[135.61226,34.49092],[135.61225,34.49093],[135.61224,34.49098],[135.61221,34.49103],[135.61213,34.49117],[135.61207,34.49131],[135.61201,34.49151],[135.612,34.49158],[135.61201,34.49168],[135.61204,34.49179],[135.61209,34.49186],[135.61214,34.49197],[135.61218,34.49205],[135.61239,34.49202],[135.61242,34.492],[135.61247,34.492],[135.61252,34.49199],[135.61255,34.49204],[135.61257,34.49211],[135.61258,34.49212],[135.61258,34.49212],[135.61267,34.49218],[135.61276,34.49221],[135.61283,34.49219],[135.61288,34.49219],[135.61298,34.49212],[135.61304,34.49205]]]}},{"type":"Feature","properties":{"name":"楠町","setai":502,"jinko":914,"key":"272140600","units":1},"geometry":{"type":"Polygon","coordinates":[[[135.61981,34.50417],[135.61991,34.50408],[135.62011,34.50389],[135.62014,34.50384],[135.61985,34.50366],[135.61972,34.50376],[135.61945,34.50357],[135.61928,34.5037],[135.61907,34.50361],[135.61889,34.50365],[135.61884,34.50371],[135.61884,34.50376],[135.61874,34.50386],[135.61859,34.50397],[135.61852,34.50397],[135.61841,34.50416],[135.61818,34.50417],[135.61816,34.50401],[135.61814,34.50397],[135.61807,34.50385],[135.61801,34.5039],[135.61787,34.50393],[135.6178,34.50389],[135.61773,34.50384],[135.61762,34.50378],[135.61748,34.50373],[135.61733,34.50372],[135.61719,34.50374],[135.61702,34.50341],[135.61696,34.50336],[135.6169,34.50332],[135.61706,34.50322],[135.61682,34.50298],[135.61675,34.50301],[135.61672,34.50297],[135.61667,34.50288],[135.61658,34.50284],[135.61652,34.50282],[135.61646,34.50288],[135.61635,34.50297],[135.6162,34.50268],[135.61606,34.50243],[135.61594,34.50217],[135.61588,34.502],[135.61572,34.50201],[135.61562,34.50201],[135.6155,34.50201],[135.61531,34.502],[135.61514,34.50202],[135.61505,34.50205],[135.61496,34.50208],[135.61487,34.50212],[135.6148,34.50216],[135.61471,34.5022],[135.61456,34.50227],[135.61443,34.50233],[135.61432,34.50237],[135.61417,34.50238],[135.61399,34.50237],[135.61383,34.50235],[135.61374,34.50232],[135.61365,34.50238],[135.61394,34.50296],[135.614,34.50304],[135.61389,34.50311],[135.61346,34.50342],[135.61402,34.50389],[135.61446,34.50429],[135.61488,34.50468],[135.61506,34.50485],[135.61538,34.50525],[135.61587,34.50589],[135.61632,34.50647],[135.61653,34.50685],[135.61675,34.50722],[135.61691,34.50721],[135.61717,34.50715],[135.61743,34.50702],[135.61765,34.50691],[135.61755,34.50673],[135.61765,34.50649],[135.61771,34.50636],[135.6179,34.50617],[135.61809,34.50594],[135.6182,34.50582],[135.61831,34.5057],[135.61843,34.50557],[135.61863,34.50536],[135.61868,34.5053],[135.61885,34.5051],[135.61889,34.50506],[135.61903,34.5049],[135.61908,34.50486],[135.61922,34.50473],[135.61936,34.50461],[135.61949,34.5045],[135.61953,34.50446],[135.61959,34.5044],[135.61963,34.50434],[135.61964,34.50434],[135.61981,34.50417]]]}},{"type":"Feature","properties":{"name":"川向町","setai":268,"jinko":494,"key":"272140610","units":1},"geometry":{"type":"Polygon","coordinates":[[[135.60944,34.49816],[135.60936,34.49782],[135.60929,34.49782],[135.60925,34.49773],[135.60922,34.49773],[135.60917,34.49723],[135.60931,34.49721],[135.6094,34.4972],[135.60929,34.49697],[135.60874,34.49698],[135.60846,34.49697],[135.60827,34.49699],[135.60807,34.49703],[135.60742,34.49702],[135.60694,34.49704],[135.60673,34.49711],[135.60665,34.49717],[135.60663,34.49718],[135.60656,34.49703],[135.60603,34.49706],[135.60555,34.49711],[135.60553,34.49721],[135.60545,34.49756],[135.60543,34.49761],[135.6054,34.49774],[135.6052,34.49875],[135.6057,34.49898],[135.60579,34.49903],[135.60599,34.49914],[135.60659,34.49944],[135.60682,34.49953],[135.60718,34.49967],[135.60723,34.4997],[135.60727,34.49971],[135.60731,34.49972],[135.6076,34.49984],[135.6079,34.49996],[135.60843,34.50019],[135.60867,34.5003],[135.60884,34.49952],[135.60894,34.49917],[135.60903,34.49896],[135.60915,34.49879],[135.6093,34.49861],[135.60949,34.49842],[135.60944,34.49816]]]}},{"type":"Feature","properties":{"name":"大字甘南備","setai":145,"jinko":811,"key":"272140620","units":1},"geometry":{"type":"Polygon","coordinates":[[[135.59406,34.45965],[135.59421,34.45959],[135.59428,34.45974],[135.59432,34.45982],[135.59445,34.45995],[135.59469,34.46015],[135.59492,34.45996],[135.59501,34.45991],[135.59509,34.4599],[135.59519,34.45991],[135.59528,34.46],[135.59537,34.4599],[135.59547,34.45975],[135.59556,34.45964],[135.59569,34.45951],[135.59576,34.45943],[135.59583,34.45938],[135.59593,34.45945],[135.59601,34.45951],[135.59613,34.45947],[135.59628,34.45935],[135.59639,34.45919],[135.59643,34.45904],[135.59641,34.45878],[135.5964,34.45856],[135.5964,34.45828],[135.59643,34.45812],[135.59647,34.45807],[135.59657,34.45802],[135.5967,34.45798],[135.59686,34.45791],[135.59709,34.45785],[135.59721,34.45781],[135.5974,34.4579],[135.59754,34.45797],[135.59768,34.45801],[135.5978,34.45806],[135.59793,34.45811],[135.59815,34.45812],[135.59825,34.45806],[135.59831,34.45802],[135.59836,34.45794],[135.59839,34.45786],[135.59841,34.45778],[135.5985,34.45778],[135.59881,34.45771],[135.59897,34.45772],[135.59908,34.45775],[135.59915,34.4578],[135.59923,34.45783],[135.59933,34.45782],[135.59942,34.45779],[135.59954,34.45779],[135.5996,34.45786],[135.59962,34.4579],[135.59964,34.45796],[135.59966,34.45796],[135.59968,34.45797],[135.59976,34.45802],[135.59993,34.45802],[135.60003,34.45801],[135.60012,34.45797],[135.60023,34.45802],[135.60043,34.45815],[135.60056,34.45822],[135.60065,34.45821],[135.60073,34.45821],[135.60088,34.4582],[135.60105,34.45819],[135.60119,34.45818],[135.60133,34.4582],[135.60151,34.45823],[135.60163,34.45827],[135.60182,34.4584],[135.60203,34.45847],[135.60221,34.45849],[135.60226,34.45843],[135.60233,34.45841],[135.60243,34.45843],[135.60261,34.45847],[135.60284,34.45845],[135.60342,34.45842],[135.60342,34.45818],[135.60341,34.45802],[135.60348,34.45802],[135.60361,34.45802],[135.60388,34.45801],[135.60404,34.45799],[135.6042,34.45797],[135.60429,34.45796],[135.60438,34.45797],[135.60464,34.45797],[135.60478,34.45797],[135.60486,34.45797],[135.60509,34.45784],[135.60519,34.45776],[135.60525,34.45769],[135.60535,34.45773],[135.60543,34.45776],[135.60549,34.45777],[135.60552,34.45774],[135.60554,34.45763],[135.6056,34.45758],[135.60572,34.4576],[135.60584,34.45767],[135.60593,34.4577],[135.60601,34.45773],[135.60603,34.45773],[135.60687,34.45801],[135.60748,34.45827],[135.60777,34.45877],[135.60799,34.45916],[135.60818,34.45931],[135.60829,34.45954],[135.60812,34.45956],[135.60814,34.45964],[135.60817,34.45979],[135.60839,34.45982],[135.60854,34.45985],[135.60858,34.45971],[135.60848,34.45963],[135.60884,34.45956],[135.60887,34.45944],[135.60882,34.45906],[135.60892,34.45891],[135.60923,34.45882],[135.6093,34.45877],[135.60935,34.45873],[135.60949,34.45853],[135.60952,34.45844],[135.60957,34.45823],[135.60962,34.45797],[135.60971,34.45762],[135.60974,34.45747],[135.60977,34.45735],[135.60982,34.45724],[135.61001,34.45691],[135.6102,34.45653],[135.61043,34.45595],[135.6105,34.45573],[135.61057,34.45553],[135.61065,34.45534],[135.6108,34.4552],[135.61098,34.45508],[135.61121,34.45492],[135.61138,34.45481],[135.61149,34.4547],[135.61155,34.45464],[135.61165,34.45459],[135.61182,34.45454],[135.61202,34.45448],[135.61212,34.45439],[135.61228,34.45424],[135.61239,34.45408],[135.61244,34.45389],[135.61244,34.45369],[135.61246,34.45351],[135.61256,34.4534],[135.61269,34.45338],[135.61288,34.45334],[135.6131,34.45326],[135.61337,34.45315],[135.6136,34.45304],[135.61365,34.4529],[135.61364,34.45277],[135.61371,34.45268],[135.61382,34.45255],[135.61386,34.45246],[135.61396,34.45226],[135.61408,34.45204],[135.61419,34.45193],[135.61433,34.45178],[135.61478,34.45117],[135.61472,34.45109],[135.61464,34.45094],[135.61458,34.45083],[135.61453,34.45072],[135.61451,34.45062],[135.61426,34.45057],[135.61414,34.45046],[135.61418,34.45006],[135.61421,34.45004],[135.61418,34.45],[135.61408,34.44984],[135.61399,34.44966],[135.61391,34.44951],[135.6138,34.44939],[135.61366,34.44928],[135.61351,34.44917],[135.6134,34.44909],[135.61327,34.44897],[135.61294,34.44873],[135.61269,34.44854],[135.61248,34.44837],[135.61238,34.44827],[135.6124,34.44811],[135.61242,34.44794],[135.61237,34.44777],[135.61226,34.44762],[135.6122,34.44753],[135.61211,34.4474],[135.61204,34.44728],[135.61192,34.44705],[135.61184,34.44693],[135.61183,34.44691],[135.61148,34.44628],[135.61136,34.44605],[135.6113,34.44592],[135.61129,34.44582],[135.61126,34.44578],[135.61119,34.44569],[135.6111,34.44563],[135.61096,34.44553],[135.61088,34.44546],[135.61081,34.44541],[135.61075,34.44537],[135.61057,34.44525],[135.6104,34.44519],[135.61021,34.44518],[135.61005,34.44511],[135.60989,34.44505],[135.60975,34.44504],[135.60963,34.44513],[135.60963,34.44514],[135.60944,34.44534],[135.60926,34.44556],[135.60919,34.44561],[135.60903,34.4457],[135.60885,34.44575],[135.60873,34.44578],[135.60858,34.44582],[135.60855,34.44582],[135.60835,34.44584],[135.60829,34.44584],[135.60818,34.44585],[135.60807,34.44581],[135.60783,34.44572],[135.60755,34.44563],[135.60735,34.44561],[135.60729,34.44561],[135.60717,34.44554],[135.60707,34.44543],[135.60696,34.44532],[135.60683,34.44518],[135.60654,34.44484],[135.6065,34.44479],[135.60643,34.44469],[135.60624,34.4445],[135.60621,34.44447],[135.60604,34.44423],[135.60582,34.444],[135.60559,34.44383],[135.60555,34.44379],[135.60545,34.44368],[135.60544,34.44367],[135.60531,34.44352],[135.60514,34.44326],[135.60512,34.44323],[135.6051,34.44311],[135.60501,34.44303],[135.60498,34.443],[135.60488,34.44292],[135.60485,34.44285],[135.60484,34.44284],[135.60482,34.44283],[135.60476,34.4428],[135.60474,34.44279],[135.60459,34.44276],[135.60458,34.44276],[135.60448,34.44275],[135.60446,34.44274],[135.60435,34.44262],[135.60435,34.44262],[135.60431,34.44256],[135.60427,34.4425],[135.6042,34.44236],[135.60419,34.44233],[135.60416,34.44227],[135.60411,34.44218],[135.60411,34.44217],[135.60409,34.44201],[135.60408,34.44189],[135.60405,34.44181],[135.60404,34.44178],[135.60404,34.44177],[135.60398,34.44159],[135.60397,34.44149],[135.60403,34.44139],[135.60404,34.44138],[135.60411,34.44127],[135.6042,34.44115],[135.60422,34.44101],[135.60417,34.44085],[135.60411,34.44067],[135.60406,34.44042],[135.60401,34.44036],[135.60398,34.44033],[135.60396,34.44031],[135.60395,34.4403],[135.60393,34.44028],[135.60391,34.44019],[135.60386,34.44011],[135.60383,34.44001],[135.60378,34.43995],[135.60373,34.43987],[135.60369,34.43985],[135.60364,34.43982],[135.60355,34.43977],[135.60344,34.43972],[135.60335,34.43964],[135.60327,34.43957],[135.60316,34.43951],[135.60304,34.43947],[135.60289,34.43946],[135.60272,34.43942],[135.60259,34.4394],[135.60248,34.43938],[135.60241,34.43936],[135.60228,34.43935],[135.60223,34.43938],[135.60219,34.43942],[135.60214,34.43946],[135.60201,34.43951],[135.60197,34.43952],[135.6019,34.43955],[135.60168,34.4396],[135.6015,34.43967],[135.60132,34.43982],[135.6011,34.44007],[135.60095,34.44025],[135.60076,34.44044],[135.6006,34.44048],[135.60046,34.44053],[135.6003,34.44063],[135.60017,34.44066],[135.6001,34.44066],[135.60009,34.44066],[135.59983,34.44067],[135.5998,34.44068],[135.59959,34.44072],[135.59952,34.44073],[135.59948,34.44073],[135.59939,34.44073],[135.59911,34.4407],[135.59892,34.44067],[135.59874,34.44068],[135.5985,34.44076],[135.59827,34.44082],[135.59811,34.44085],[135.59801,34.44086],[135.59789,34.44085],[135.59776,34.44088],[135.5977,34.44093],[135.59764,34.44105],[135.59757,34.44113],[135.5975,34.4412],[135.59747,34.44125],[135.59744,34.4413],[135.59742,34.44139],[135.59734,34.44138],[135.5972,34.44137],[135.59717,34.44136],[135.59707,34.44136],[135.59689,34.44131],[135.59684,34.44129],[135.59667,34.44122],[135.59649,34.44116],[135.59622,34.44106],[135.59607,34.44103],[135.59599,34.44103],[135.59589,34.44098],[135.59585,34.44093],[135.59584,34.44089],[135.59584,34.44083],[135.59582,34.44077],[135.59569,34.44075],[135.59548,34.44079],[135.59538,34.44084],[135.59536,34.44085],[135.59535,34.44086],[135.5953,34.44088],[135.59518,34.44096],[135.59505,34.44108],[135.59499,34.44127],[135.59488,34.44145],[135.59478,34.44155],[135.59466,34.44166],[135.59459,34.44176],[135.59454,34.44184],[135.59454,34.44184],[135.59445,34.44191],[135.59433,34.44195],[135.59419,34.44199],[135.59412,34.44201],[135.59396,34.44207],[135.59379,34.44207],[135.59361,34.44206],[135.59352,34.44204],[135.59337,34.44207],[135.59333,34.44209],[135.59327,34.44211],[135.59323,34.44219],[135.59318,34.44224],[135.59312,34.44228],[135.59304,34.44232],[135.59293,34.44235],[135.59277,34.44238],[135.59259,34.44249],[135.5924,34.44259],[135.59239,34.4426],[135.59239,34.4426],[135.5917,34.4432],[135.59159,34.44331],[135.59148,34.44344],[135.59127,34.4436],[135.59102,34.44378],[135.59076,34.44403],[135.59063,34.44417],[135.59054,34.44429],[135.59053,34.44436],[135.59054,34.44442],[135.59059,34.44457],[135.59062,34.44484],[135.59062,34.44497],[135.59052,34.44507],[135.5904,34.44523],[135.59029,34.44538],[135.59027,34.44541],[135.5903,34.44552],[135.59029,34.44559],[135.59015,34.44571],[135.59007,34.4458],[135.59006,34.44584],[135.59007,34.44596],[135.59005,34.44605],[135.58989,34.44617],[135.58979,34.44624],[135.58973,34.44632],[135.58972,34.44633],[135.58972,34.44634],[135.58965,34.44655],[135.58956,34.44672],[135.58948,34.44684],[135.58941,34.44698],[135.5893,34.44707],[135.58922,34.44713],[135.58908,34.44716],[135.58905,34.44717],[135.58894,34.4472],[135.58885,34.44729],[135.58872,34.44739],[135.58856,34.44748],[135.58836,34.44754],[135.58823,34.44759],[135.5881,34.44768],[135.58801,34.44777],[135.58798,34.44786],[135.58789,34.44801],[135.58783,34.44807],[135.58768,34.44814],[135.58766,34.44815],[135.5876,34.44817],[135.58753,34.44821],[135.58739,34.44825],[135.58732,34.44827],[135.58716,34.4482],[135.58707,34.44812],[135.58705,34.44811],[135.58696,34.44808],[135.58687,34.44807],[135.58684,34.44807],[135.58672,34.44807],[135.58653,34.44806],[135.5864,34.44806],[135.58626,34.44805],[135.58606,34.44807],[135.58585,34.44822],[135.58574,34.4483],[135.58554,34.4484],[135.58531,34.44851],[135.58512,34.44859],[135.585,34.44862],[135.58487,34.44862],[135.58473,34.44862],[135.58457,34.44856],[135.5845,34.4486],[135.58441,34.44864],[135.58425,34.44869],[135.5841,34.4487],[135.58397,34.4487],[135.5839,34.4487],[135.58389,34.4487],[135.5838,34.44873],[135.5837,34.44879],[135.58361,34.44886],[135.5835,34.44889],[135.58337,34.44896],[135.58325,34.44904],[135.5832,34.44909],[135.58318,34.44911],[135.58317,34.44913],[135.58314,34.44917],[135.58309,34.44926],[135.58306,34.44929],[135.58302,34.44933],[135.58298,34.44936],[135.58293,34.4494],[135.58288,34.44944],[135.58284,34.44947],[135.58275,34.44953],[135.58258,34.44963],[135.58254,34.44972],[135.58253,34.44972],[135.58245,34.44983],[135.58238,34.44992],[135.58236,34.44994],[135.58233,34.45006],[135.58232,34.45015],[135.58232,34.45022],[135.58233,34.45029],[135.58237,34.45037],[135.58246,34.45053],[135.58249,34.45065],[135.58248,34.4507],[135.58238,34.45083],[135.58229,34.45094],[135.58222,34.45101],[135.58219,34.45107],[135.58219,34.45108],[135.58216,34.45116],[135.58217,34.45125],[135.58217,34.45126],[135.58222,34.45133],[135.5823,34.4514],[135.58242,34.45151],[135.58245,34.45158],[135.58244,34.4517],[135.58243,34.45178],[135.58246,34.45187],[135.5826,34.45198],[135.58271,34.45206],[135.58278,34.45219],[135.5828,34.45228],[135.58291,34.45244],[135.583,34.45256],[135.58303,34.45262],[135.58305,34.45272],[135.58309,34.45281],[135.58312,34.45288],[135.5832,34.45316],[135.58328,34.45327],[135.58329,34.45328],[135.58336,34.4534],[135.58346,34.45357],[135.58355,34.45377],[135.58362,34.4539],[135.58377,34.45406],[135.58395,34.45425],[135.58408,34.45444],[135.58423,34.45461],[135.58438,34.45472],[135.58455,34.4548],[135.58473,34.45491],[135.58494,34.45516],[135.5851,34.45535],[135.58522,34.45551],[135.58536,34.45568],[135.58535,34.45573],[135.58534,34.45579],[135.58529,34.45581],[135.5852,34.45592],[135.58522,34.45598],[135.58522,34.45599],[135.58523,34.45601],[135.58524,34.45605],[135.58525,34.45608],[135.5853,34.4562],[135.58539,34.45635],[135.58552,34.45648],[135.58569,34.45659],[135.58581,34.45665],[135.58596,34.45662],[135.5861,34.4565],[135.58621,34.45641],[135.58628,34.45639],[135.58641,34.45642],[135.58664,34.4565],[135.58688,34.45655],[135.58709,34.45662],[135.58711,34.45666],[135.58712,34.4569],[135.58717,34.45699],[135.5873,34.45717],[135.58746,34.45736],[135.5875,34.4575],[135.58756,34.45767],[135.58762,34.45778],[135.5877,34.45788],[135.58779,34.45801],[135.58785,34.4581],[135.58788,34.4582],[135.58792,34.45833],[135.58797,34.45841],[135.58819,34.45838],[135.58854,34.45836],[135.58868,34.45835],[135.58875,34.45841],[135.58882,34.45864],[135.58888,34.45887],[135.5889,34.45901],[135.5889,34.45907],[135.5889,34.45909],[135.5889,34.45909],[135.5889,34.45919],[135.58893,34.45929],[135.58899,34.45938],[135.58907,34.45949],[135.58909,34.45962],[135.58909,34.45974],[135.58904,34.45983],[135.58926,34.45986],[135.58954,34.45987],[135.58968,34.4599],[135.58982,34.45993],[135.58993,34.46002],[135.59004,34.46011],[135.59012,34.46017],[135.59034,34.46026],[135.59054,34.46035],[135.59064,34.46041],[135.59071,34.46047],[135.5908,34.46064],[135.59086,34.46077],[135.59094,34.46084],[135.59097,34.46094],[135.59099,34.46099],[135.5913,34.46109],[135.59149,34.46114],[135.59169,34.46119],[135.59187,34.46121],[135.59198,34.46124],[135.59216,34.46143],[135.59221,34.4615],[135.59232,34.46153],[135.59235,34.46162],[135.59241,34.46168],[135.59252,34.46177],[135.5926,34.46178],[135.59261,34.46178],[135.59265,34.4618],[135.59283,34.4618],[135.59305,34.46178],[135.5931,34.46176],[135.59321,34.46173],[135.59329,34.46169],[135.59334,34.46166],[135.59338,34.46155],[135.5934,34.46146],[135.59346,34.46139],[135.59354,34.46137],[135.59365,34.46131],[135.59376,34.46117],[135.59395,34.46096],[135.59405,34.46077],[135.59409,34.46058],[135.59399,34.4603],[135.59385,34.46009],[135.59378,34.45995],[135.59388,34.45985],[135.59395,34.45978],[135.59406,34.45965]]]}},{"type":"Feature","properties":{"name":"大字龍泉","setai":142,"jinko":429,"key":"272140630","units":1},"geometry":{"type":"Polygon","coordinates":[[[135.60549,34.46761],[135.60574,34.46747],[135.60601,34.46729],[135.60615,34.46723],[135.6065,34.46699],[135.60661,34.467],[135.60671,34.467],[135.60687,34.46694],[135.60706,34.46687],[135.60749,34.46686],[135.60755,34.46686],[135.6076,34.46684],[135.60765,34.46679],[135.60787,34.46654],[135.60788,34.4665],[135.6079,34.46638],[135.60792,34.46628],[135.60795,34.46623],[135.60797,34.46619],[135.60799,34.4661],[135.60798,34.46603],[135.6081,34.46573],[135.60816,34.46553],[135.60818,34.46545],[135.60821,34.46537],[135.60843,34.46505],[135.60853,34.4649],[135.60863,34.46482],[135.60883,34.46474],[135.60929,34.4646],[135.60938,34.46444],[135.6096,34.46424],[135.60966,34.46409],[135.60974,34.46381],[135.60981,34.46354],[135.60982,34.46336],[135.60977,34.46321],[135.60967,34.46307],[135.60951,34.46293],[135.60923,34.46272],[135.60892,34.46251],[135.60875,34.46231],[135.60857,34.46204],[135.60851,34.46184],[135.60846,34.46159],[135.60852,34.46122],[135.60868,34.46046],[135.60869,34.46022],[135.60897,34.45947],[135.60897,34.45938],[135.60896,34.45919],[135.60901,34.45905],[135.6091,34.45892],[135.60923,34.45882],[135.60892,34.45891],[135.60882,34.45906],[135.60887,34.45944],[135.60884,34.45956],[135.60848,34.45963],[135.60858,34.45971],[135.60854,34.45985],[135.60839,34.45982],[135.60817,34.45979],[135.60814,34.45964],[135.60812,34.45956],[135.60829,34.45954],[135.60818,34.45931],[135.60799,34.45916],[135.60777,34.45877],[135.60748,34.45827],[135.60687,34.45801],[135.60603,34.45773],[135.60601,34.45773],[135.60593,34.4577],[135.60584,34.45767],[135.60572,34.4576],[135.6056,34.45758],[135.60554,34.45763],[135.60552,34.45774],[135.60549,34.45777],[135.60543,34.45776],[135.60535,34.45773],[135.60525,34.45769],[135.60519,34.45776],[135.60509,34.45784],[135.60486,34.45797],[135.60478,34.45797],[135.60464,34.45797],[135.60438,34.45797],[135.60429,34.45796],[135.6042,34.45797],[135.60404,34.45799],[135.60388,34.45801],[135.60361,34.45802],[135.60348,34.45802],[135.60341,34.45802],[135.60342,34.45818],[135.60342,34.45842],[135.60284,34.45845],[135.60261,34.45847],[135.60243,34.45843],[135.60233,34.45841],[135.60226,34.45843],[135.60221,34.45849],[135.60203,34.45847],[135.60182,34.4584],[135.60163,34.45827],[135.60151,34.45823],[135.60133,34.4582],[135.60119,34.45818],[135.60105,34.45819],[135.60088,34.4582],[135.60073,34.45821],[135.60065,34.45821],[135.60056,34.45822],[135.60043,34.45815],[135.60023,34.45802],[135.60012,34.45797],[135.60003,34.45801],[135.59993,34.45802],[135.59976,34.45802],[135.59968,34.45797],[135.59966,34.45796],[135.59964,34.45796],[135.59962,34.4579],[135.5996,34.45786],[135.59954,34.45779],[135.59942,34.45779],[135.59933,34.45782],[135.59923,34.45783],[135.59915,34.4578],[135.59908,34.45775],[135.59897,34.45772],[135.59881,34.45771],[135.5985,34.45778],[135.59841,34.45778],[135.59839,34.45786],[135.59836,34.45794],[135.59831,34.45802],[135.59825,34.45806],[135.59815,34.45812],[135.59793,34.45811],[135.5978,34.45806],[135.59768,34.45801],[135.59754,34.45797],[135.5974,34.4579],[135.59721,34.45781],[135.59709,34.45785],[135.59686,34.45791],[135.5967,34.45798],[135.59657,34.45802],[135.59647,34.45807],[135.59643,34.45812],[135.5964,34.45828],[135.5964,34.45856],[135.59641,34.45878],[135.59643,34.45904],[135.59639,34.45919],[135.59628,34.45935],[135.59613,34.45947],[135.59601,34.45951],[135.59593,34.45945],[135.59583,34.45938],[135.59576,34.45943],[135.59569,34.45951],[135.59556,34.45964],[135.59547,34.45975],[135.59537,34.4599],[135.59528,34.46],[135.59519,34.45991],[135.59509,34.4599],[135.59501,34.45991],[135.59492,34.45996],[135.59469,34.46015],[135.59445,34.45995],[135.59432,34.45982],[135.59428,34.45974],[135.59421,34.45959],[135.59406,34.45965],[135.59395,34.45978],[135.59388,34.45985],[135.59378,34.45995],[135.59385,34.46009],[135.59399,34.4603],[135.59409,34.46058],[135.59405,34.46077],[135.59395,34.46096],[135.59376,34.46117],[135.59365,34.46131],[135.59354,34.46137],[135.59346,34.46139],[135.5934,34.46146],[135.59338,34.46155],[135.59334,34.46166],[135.59329,34.46169],[135.59321,34.46173],[135.59321,34.46178],[135.59334,34.46185],[135.59346,34.46187],[135.59348,34.46195],[135.59349,34.46199],[135.59374,34.46227],[135.59393,34.46246],[135.59409,34.46265],[135.59422,34.46279],[135.59445,34.46296],[135.59443,34.46318],[135.59436,34.46369],[135.59432,34.46428],[135.59432,34.46452],[135.59436,34.46474],[135.59431,34.46507],[135.59431,34.46519],[135.5944,34.46536],[135.59442,34.46555],[135.59449,34.46572],[135.59453,34.46578],[135.59454,34.46579],[135.59455,34.46581],[135.59456,34.46581],[135.59457,34.46582],[135.59461,34.46582],[135.59476,34.46583],[135.59488,34.46583],[135.5951,34.4658],[135.59544,34.46572],[135.59551,34.46571],[135.59551,34.46571],[135.5955,34.4657],[135.59574,34.46565],[135.59599,34.46564],[135.59661,34.46562],[135.59699,34.46565],[135.59727,34.46569],[135.59755,34.46573],[135.59785,34.4658],[135.59811,34.46588],[135.59834,34.46592],[135.59858,34.46594],[135.59877,34.46594],[135.59883,34.46594],[135.59908,34.46593],[135.59935,34.4659],[135.59936,34.4659],[135.59949,34.46589],[135.59958,34.46588],[135.59988,34.46588],[135.6002,34.46587],[135.60049,34.46585],[135.60071,34.46585],[135.60091,34.46582],[135.60119,34.46579],[135.60147,34.46575],[135.60153,34.46574],[135.60155,34.46573],[135.60157,34.46572],[135.60164,34.46568],[135.60164,34.46568],[135.60166,34.46562],[135.6017,34.46553],[135.60174,34.46543],[135.6018,34.46528],[135.60189,34.46514],[135.60196,34.46504],[135.60203,34.46486],[135.60211,34.46487],[135.60216,34.46487],[135.60222,34.46487],[135.60224,34.46494],[135.60227,34.46504],[135.60229,34.46512],[135.60228,34.46523],[135.60229,34.46539],[135.60237,34.46545],[135.60241,34.46545],[135.60244,34.46545],[135.60255,34.46542],[135.60262,34.4654],[135.60273,34.4654],[135.60287,34.46538],[135.60292,34.46538],[135.603,34.46537],[135.60307,34.4654],[135.60315,34.46553],[135.60321,34.46565],[135.60329,34.46576],[135.60339,34.46584],[135.60341,34.46584],[135.60343,34.46587],[135.6036,34.46594],[135.60375,34.46597],[135.60382,34.46598],[135.60395,34.46602],[135.604,34.46604],[135.60401,34.46609],[135.60401,34.46613],[135.60392,34.46623],[135.60378,34.46633],[135.6036,34.46647],[135.60346,34.46659],[135.60324,34.46671],[135.60319,34.46674],[135.60315,34.46681],[135.60313,34.46687],[135.60313,34.46695],[135.60315,34.46702],[135.60319,34.4671],[135.60328,34.46718],[135.60337,34.46723],[135.60348,34.46729],[135.60355,34.46736],[135.6036,34.46741],[135.60361,34.46748],[135.60364,34.46759],[135.60368,34.46773],[135.60381,34.46762],[135.60393,34.46755],[135.60407,34.46748],[135.60442,34.46749],[135.60451,34.46763],[135.60464,34.46769],[135.60476,34.46769],[135.60482,34.46773],[135.60489,34.46781],[135.60499,34.46793],[135.60509,34.46795],[135.60519,34.46788],[135.60531,34.46776],[135.60549,34.46761]]]}},{"type":"Feature","properties":{"name":"大字佐備","setai":319,"jinko":923,"key":"272140640","units":1},"geometry":{"type":"Polygon","coordinates":[[[135.60619,34.48799],[135.60636,34.48798],[135.60658,34.48798],[135.60666,34.48793],[135.6068,34.48793],[135.60688,34.48789],[135.60689,34.48782],[135.60689,34.48777],[135.60689,34.48765],[135.6069,34.48758],[135.60693,34.48756],[135.60695,34.48754],[135.60699,34.48749],[135.60702,34.48746],[135.60705,34.4874],[135.60707,34.48734],[135.60711,34.48724],[135.60715,34.48716],[135.60718,34.4871],[135.60724,34.48697],[135.60724,34.48696],[135.60729,34.48687],[135.60735,34.48678],[135.6075,34.48674],[135.6076,34.4867],[135.60769,34.48665],[135.60777,34.48657],[135.60782,34.48645],[135.60784,34.48632],[135.60784,34.48614],[135.60781,34.48589],[135.60771,34.48581],[135.60773,34.48567],[135.6077,34.48565],[135.6077,34.48564],[135.6077,34.4856],[135.60772,34.48553],[135.60765,34.48552],[135.60754,34.48543],[135.60747,34.4854],[135.60738,34.48535],[135.60724,34.48528],[135.60714,34.48526],[135.60701,34.48529],[135.6069,34.48531],[135.60684,34.48532],[135.60681,34.48526],[135.60683,34.4852],[135.60685,34.48507],[135.60692,34.48487],[135.60696,34.4848],[135.60705,34.48472],[135.60714,34.48464],[135.6072,34.48455],[135.6073,34.48438],[135.60733,34.48432],[135.60734,34.48423],[135.60734,34.48412],[135.6073,34.484],[135.60724,34.48386],[135.60721,34.48381],[135.60714,34.48367],[135.6071,34.48354],[135.60711,34.4834],[135.60708,34.48331],[135.60707,34.48327],[135.60703,34.48318],[135.60705,34.48311],[135.60709,34.48304],[135.6072,34.4831],[135.60728,34.4831],[135.60755,34.48309],[135.60757,34.48305],[135.60763,34.48292],[135.60781,34.48264],[135.60793,34.48246],[135.60808,34.48229],[135.60817,34.48211],[135.60825,34.48194],[135.60834,34.48181],[135.60839,34.48173],[135.60848,34.48165],[135.60858,34.48159],[135.60868,34.48158],[135.60881,34.48161],[135.60897,34.48164],[135.60912,34.48165],[135.60922,34.48164],[135.60938,34.48165],[135.60952,34.48173],[135.60961,34.48177],[135.60965,34.48181],[135.60977,34.48187],[135.6099,34.48188],[135.61003,34.48192],[135.61005,34.48198],[135.61022,34.48208],[135.61032,34.4821],[135.61051,34.48223],[135.61069,34.48233],[135.61082,34.4824],[135.61106,34.48243],[135.61125,34.48245],[135.61136,34.48243],[135.61153,34.48234],[135.61162,34.48229],[135.61174,34.48215],[135.6118,34.48208],[135.61185,34.48201],[135.61206,34.48183],[135.61222,34.48171],[135.61228,34.48163],[135.61239,34.48149],[135.61248,34.48137],[135.61252,34.48128],[135.61253,34.48109],[135.61252,34.48101],[135.61258,34.48085],[135.61257,34.48076],[135.6125,34.48052],[135.61243,34.48041],[135.61231,34.48026],[135.61217,34.48015],[135.61199,34.48007],[135.61191,34.48006],[135.61178,34.48007],[135.61168,34.48007],[135.61163,34.48004],[135.6116,34.47999],[135.61161,34.47993],[135.61164,34.47979],[135.61169,34.47963],[135.61173,34.47953],[135.61171,34.47943],[135.61167,34.47936],[135.61162,34.47928],[135.61164,34.47919],[135.61165,34.47908],[135.61165,34.47906],[135.61162,34.47881],[135.61162,34.47877],[135.61161,34.47875],[135.6116,34.47863],[135.61157,34.47847],[135.61152,34.47821],[135.61149,34.47805],[135.61148,34.47794],[135.61148,34.47792],[135.61153,34.47775],[135.6116,34.47758],[135.61164,34.4775],[135.61168,34.47741],[135.61169,34.47728],[135.61169,34.47714],[135.61169,34.47707],[135.61171,34.47689],[135.6117,34.47684],[135.61169,34.47674],[135.61171,34.47661],[135.61178,34.47652],[135.61186,34.47647],[135.61193,34.47636],[135.61202,34.47612],[135.61205,34.47595],[135.61209,34.47586],[135.61211,34.47572],[135.61212,34.47557],[135.61218,34.47534],[135.6122,34.47513],[135.6123,34.47494],[135.61236,34.4749],[135.61236,34.4749],[135.61243,34.47486],[135.61247,34.47482],[135.61262,34.47473],[135.61269,34.4747],[135.61283,34.47467],[135.61298,34.47467],[135.61303,34.47467],[135.61305,34.47455],[135.61306,34.47449],[135.61308,34.47441],[135.61303,34.47417],[135.61304,34.47417],[135.61303,34.47414],[135.61298,34.47394],[135.61296,34.47385],[135.61292,34.4737],[135.61287,34.4736],[135.61285,34.47358],[135.61282,34.47354],[135.61284,34.47339],[135.61293,34.47322],[135.61293,34.47314],[135.61308,34.47296],[135.61329,34.47279],[135.61336,34.47278],[135.61338,34.47273],[135.61343,34.47269],[135.61346,34.4726],[135.61354,34.47245],[135.61363,34.47234],[135.6138,34.47225],[135.61386,34.47222],[135.61405,34.47216],[135.61421,34.4721],[135.61438,34.47202],[135.61454,34.47198],[135.61472,34.47199],[135.61491,34.47197],[135.61492,34.4719],[135.61492,34.47186],[135.6149,34.47173],[135.61491,34.47165],[135.61491,34.47153],[135.61491,34.47148],[135.61492,34.47135],[135.61492,34.47131],[135.61497,34.47127],[135.61504,34.4712],[135.61505,34.47113],[135.61504,34.47096],[135.61504,34.47081],[135.61506,34.47068],[135.61501,34.47052],[135.61489,34.47031],[135.61487,34.47024],[135.6149,34.47005],[135.61492,34.46993],[135.61493,34.46979],[135.61494,34.46965],[135.6149,34.46951],[135.61481,34.46935],[135.61473,34.46927],[135.61502,34.46916],[135.61508,34.4691],[135.61511,34.46904],[135.61517,34.46888],[135.6152,34.46879],[135.61523,34.46869],[135.61527,34.46866],[135.61543,34.46857],[135.61547,34.46852],[135.61553,34.46842],[135.61565,34.4683],[135.61571,34.4682],[135.61574,34.46808],[135.61574,34.46794],[135.6157,34.46781],[135.61563,34.46768],[135.61559,34.46763],[135.61568,34.46746],[135.61568,34.46724],[135.61573,34.46712],[135.61574,34.46698],[135.61574,34.46689],[135.61576,34.46683],[135.61576,34.46675],[135.61576,34.46668],[135.6158,34.46659],[135.61592,34.46649],[135.61597,34.46641],[135.61601,34.4663],[135.61605,34.46622],[135.6161,34.46617],[135.61622,34.46612],[135.61633,34.46613],[135.61643,34.46613],[135.61647,34.46602],[135.61652,34.46591],[135.6166,34.46576],[135.61662,34.4657],[135.6166,34.46561],[135.61658,34.46546],[135.61654,34.46516],[135.61654,34.46507],[135.61671,34.46499],[135.6168,34.46489],[135.61687,34.46484],[135.61692,34.46478],[135.61697,34.46465],[135.61698,34.46452],[135.61707,34.46436],[135.6171,34.46429],[135.61718,34.46414],[135.61727,34.46396],[135.61729,34.46387],[135.61729,34.46378],[135.61729,34.46368],[135.61728,34.46356],[135.61722,34.46337],[135.61721,34.46331],[135.61725,34.46321],[135.61731,34.46311],[135.61734,34.46305],[135.61736,34.46287],[135.61737,34.46272],[135.61737,34.46266],[135.61734,34.46258],[135.61735,34.4625],[135.61739,34.46245],[135.61751,34.4624],[135.61762,34.46237],[135.61767,34.46232],[135.6177,34.46224],[135.6177,34.46211],[135.61769,34.46197],[135.61769,34.46183],[135.61768,34.46178],[135.61753,34.46151],[135.61737,34.46127],[135.61729,34.4612],[135.61704,34.46105],[135.61687,34.46091],[135.61667,34.46073],[135.61648,34.4606],[135.61638,34.46052],[135.61642,34.46037],[135.61646,34.46013],[135.61647,34.46011],[135.6165,34.46007],[135.61666,34.45991],[135.61668,34.45988],[135.61681,34.45981],[135.61688,34.45969],[135.61692,34.45954],[135.6169,34.45935],[135.61684,34.45917],[135.61674,34.45894],[135.61672,34.45879],[135.61671,34.45869],[135.61662,34.4586],[135.61653,34.45853],[135.61647,34.45846],[135.61636,34.45842],[135.61629,34.45836],[135.61624,34.45828],[135.61626,34.45821],[135.61624,34.45815],[135.61617,34.45809],[135.61611,34.45801],[135.61606,34.45796],[135.61599,34.45791],[135.61585,34.45789],[135.61584,34.45789],[135.61572,34.45787],[135.61564,34.45778],[135.61558,34.45769],[135.61546,34.45761],[135.61537,34.45758],[135.61523,34.45756],[135.61516,34.45754],[135.61509,34.45746],[135.61506,34.45739],[135.61506,34.45734],[135.61506,34.45727],[135.61496,34.45719],[135.6149,34.45714],[135.61489,34.45711],[135.61503,34.45706],[135.61532,34.4569],[135.61561,34.45675],[135.61586,34.45666],[135.616,34.45653],[135.61612,34.45637],[135.6163,34.4562],[135.6163,34.45619],[135.6164,34.45612],[135.61641,34.45613],[135.61661,34.45599],[135.61662,34.45598],[135.61665,34.45596],[135.61665,34.45596],[135.61668,34.45594],[135.6167,34.45587],[135.61667,34.45578],[135.61666,34.45569],[135.61665,34.45556],[135.61665,34.45556],[135.61664,34.45544],[135.61655,34.45533],[135.61651,34.45525],[135.61635,34.4551],[135.61618,34.45496],[135.61606,34.45483],[135.61597,34.45475],[135.61582,34.45467],[135.61566,34.45461],[135.61555,34.45455],[135.61547,34.45444],[135.61547,34.45435],[135.61549,34.45424],[135.61551,34.45411],[135.61551,34.45399],[135.61551,34.45387],[135.61552,34.45373],[135.61554,34.45363],[135.61557,34.45351],[135.61562,34.45337],[135.61563,34.45328],[135.61563,34.45327],[135.61563,34.45324],[135.61564,34.45318],[135.61563,34.45298],[135.61564,34.4528],[135.61568,34.45269],[135.61573,34.45259],[135.61583,34.45249],[135.61594,34.45237],[135.61602,34.45225],[135.61603,34.45219],[135.61605,34.45217],[135.61613,34.452],[135.61615,34.45195],[135.61604,34.45183],[135.61596,34.4517],[135.61581,34.45162],[135.61576,34.4516],[135.6156,34.45157],[135.6154,34.4515],[135.61513,34.45138],[135.61493,34.45126],[135.61478,34.45117],[135.61433,34.45178],[135.61419,34.45193],[135.61408,34.45204],[135.61396,34.45226],[135.61386,34.45246],[135.61382,34.45255],[135.61371,34.45268],[135.61364,34.45277],[135.61365,34.4529],[135.6136,34.45304],[135.61337,34.45315],[135.6131,34.45326],[135.61288,34.45334],[135.61269,34.45338],[135.61256,34.4534],[135.61246,34.45351],[135.61244,34.45369],[135.61244,34.45389],[135.61239,34.45408],[135.61228,34.45424],[135.61212,34.45439],[135.61202,34.45448],[135.61182,34.45454],[135.61165,34.45459],[135.61155,34.45464],[135.61149,34.4547],[135.61138,34.45481],[135.61121,34.45492],[135.61098,34.45508],[135.6108,34.4552],[135.61065,34.45534],[135.61057,34.45553],[135.6105,34.45573],[135.61043,34.45595],[135.6102,34.45653],[135.61001,34.45691],[135.60982,34.45724],[135.60977,34.45735],[135.60974,34.45747],[135.60971,34.45762],[135.60962,34.45797],[135.60957,34.45823],[135.60952,34.45844],[135.60949,34.45853],[135.60935,34.45873],[135.6093,34.45877],[135.60923,34.45882],[135.6091,34.45892],[135.60901,34.45905],[135.60896,34.45919],[135.60897,34.45938],[135.60897,34.45947],[135.60869,34.46022],[135.60868,34.46046],[135.60852,34.46122],[135.60846,34.46159],[135.60851,34.46184],[135.60857,34.46204],[135.60875,34.46231],[135.60892,34.46251],[135.60923,34.46272],[135.60951,34.46293],[135.60967,34.46307],[135.60977,34.46321],[135.60982,34.46336],[135.60981,34.46354],[135.60974,34.46381],[135.60966,34.46409],[135.6096,34.46424],[135.60938,34.46444],[135.60929,34.4646],[135.60883,34.46474],[135.60863,34.46482],[135.60853,34.4649],[135.60843,34.46505],[135.60821,34.46537],[135.60818,34.46545],[135.60816,34.46553],[135.6081,34.46573],[135.60798,34.46603],[135.60799,34.4661],[135.60797,34.46619],[135.60795,34.46623],[135.60792,34.46628],[135.6079,34.46638],[135.60788,34.4665],[135.60787,34.46654],[135.60765,34.46679],[135.6076,34.46684],[135.60755,34.46686],[135.60749,34.46686],[135.60706,34.46687],[135.60687,34.46694],[135.60671,34.467],[135.60661,34.467],[135.6065,34.46699],[135.60615,34.46723],[135.60601,34.46729],[135.60574,34.46747],[135.60549,34.46761],[135.60531,34.46776],[135.60519,34.46788],[135.60509,34.46795],[135.60499,34.46793],[135.60489,34.46781],[135.60482,34.46773],[135.60476,34.46769],[135.60464,34.46769],[135.60451,34.46763],[135.60442,34.46749],[135.60407,34.46748],[135.60393,34.46755],[135.60381,34.46762],[135.60368,34.46773],[135.60364,34.46759],[135.60361,34.46748],[135.6036,34.46741],[135.60355,34.46736],[135.60348,34.46729],[135.60337,34.46723],[135.60328,34.46718],[135.60319,34.4671],[135.60315,34.46702],[135.60313,34.46695],[135.60313,34.46687],[135.60315,34.46681],[135.60319,34.46674],[135.60324,34.46671],[135.60346,34.46659],[135.6036,34.46647],[135.60378,34.46633],[135.60392,34.46623],[135.60401,34.46613],[135.60401,34.46609],[135.604,34.46604],[135.60395,34.46602],[135.60382,34.46598],[135.60375,34.46597],[135.6036,34.46594],[135.60343,34.46587],[135.60341,34.46584],[135.60339,34.46584],[135.60329,34.46576],[135.60321,34.46565],[135.60315,34.46553],[135.60307,34.4654],[135.603,34.46537],[135.60292,34.46538],[135.60287,34.46538],[135.60273,34.4654],[135.60262,34.4654],[135.60255,34.46542],[135.60244,34.46545],[135.60241,34.46545],[135.60237,34.46545],[135.60229,34.46539],[135.60228,34.46523],[135.60229,34.46512],[135.60227,34.46504],[135.60224,34.46494],[135.60222,34.46487],[135.60216,34.46487],[135.60211,34.46487],[135.60203,34.46486],[135.60196,34.46504],[135.60189,34.46514],[135.6018,34.46528],[135.60174,34.46543],[135.6017,34.46553],[135.60166,34.46562],[135.60164,34.46568],[135.60164,34.46568],[135.60157,34.46572],[135.60155,34.46573],[135.60153,34.46574],[135.60147,34.46575],[135.60119,34.46579],[135.60091,34.46582],[135.60071,34.46585],[135.60049,34.46585],[135.6002,34.46587],[135.59988,34.46588],[135.59958,34.46588],[135.59949,34.46589],[135.59936,34.4659],[135.59935,34.4659],[135.59908,34.46593],[135.59883,34.46594],[135.59877,34.46594],[135.59858,34.46594],[135.59834,34.46592],[135.59811,34.46588],[135.59785,34.4658],[135.59755,34.46573],[135.59727,34.46569],[135.59699,34.46565],[135.59661,34.46562],[135.59599,34.46564],[135.59574,34.46565],[135.5955,34.4657],[135.59551,34.46571],[135.59551,34.46571],[135.59555,34.4659],[135.59558,34.46617],[135.59558,34.46622],[135.59558,34.46625],[135.59556,34.4664],[135.59559,34.46656],[135.5956,34.4666],[135.59564,34.46683],[135.59563,34.46691],[135.59562,34.46701],[135.59555,34.46728],[135.59548,34.46758],[135.5954,34.46795],[135.59537,34.46821],[135.59536,34.46833],[135.59535,34.46836],[135.59535,34.46841],[135.59534,34.46853],[135.59533,34.46884],[135.5954,34.46922],[135.59546,34.46952],[135.59556,34.46975],[135.59559,34.4698],[135.59565,34.46995],[135.59567,34.47003],[135.59567,34.47017],[135.59568,34.47024],[135.59572,34.47029],[135.59565,34.47042],[135.59559,34.47047],[135.59554,34.47054],[135.59554,34.47061],[135.59556,34.47068],[135.59554,34.47072],[135.59547,34.47083],[135.5956,34.47084],[135.59567,34.47086],[135.59574,34.47087],[135.59584,34.47095],[135.59588,34.47097],[135.59602,34.47099],[135.59613,34.47108],[135.59622,34.47116],[135.59623,34.47119],[135.59622,34.47124],[135.59622,34.47131],[135.5962,34.47138],[135.59621,34.47149],[135.59622,34.47153],[135.59624,34.47157],[135.59624,34.47162],[135.59626,34.47168],[135.59633,34.47171],[135.59639,34.47174],[135.59643,34.47176],[135.59646,34.47179],[135.59648,34.47183],[135.59657,34.47186],[135.59665,34.47188],[135.59672,34.47187],[135.59683,34.47186],[135.59687,34.47186],[135.59691,34.4719],[135.59695,34.47196],[135.59697,34.47205],[135.59697,34.47208],[135.59697,34.47213],[135.59698,34.47231],[135.59699,34.47239],[135.59709,34.47235],[135.59709,34.47236],[135.59713,34.47234],[135.59722,34.47233],[135.59731,34.47237],[135.59737,34.47242],[135.59739,34.47244],[135.59741,34.47245],[135.5974,34.47254],[135.5974,34.47257],[135.5974,34.4726],[135.5974,34.47265],[135.5974,34.47282],[135.5974,34.47302],[135.59741,34.4731],[135.59742,34.47314],[135.59743,34.47327],[135.59738,34.47348],[135.59729,34.47361],[135.59726,34.47368],[135.59722,34.47376],[135.59721,34.47392],[135.59721,34.47415],[135.5972,34.47422],[135.5972,34.47423],[135.5972,34.47423],[135.59715,34.47437],[135.59716,34.4744],[135.59715,34.47445],[135.59718,34.47451],[135.59719,34.47457],[135.59718,34.47473],[135.59717,34.47488],[135.59715,34.47498],[135.59713,34.47508],[135.59712,34.47511],[135.59711,34.47516],[135.59712,34.47526],[135.59714,34.4753],[135.5972,34.47534],[135.59732,34.47537],[135.59743,34.4754],[135.59759,34.47544],[135.59767,34.47545],[135.59774,34.47545],[135.59785,34.47545],[135.59808,34.47546],[135.59816,34.47546],[135.59816,34.47546],[135.59856,34.4755],[135.59872,34.47549],[135.59888,34.47549],[135.59892,34.4755],[135.59899,34.47549],[135.59906,34.47553],[135.59918,34.47559],[135.59938,34.47562],[135.59954,34.47564],[135.59955,34.47565],[135.59955,34.47572],[135.59955,34.47582],[135.59956,34.47585],[135.59956,34.47592],[135.59957,34.47594],[135.59958,34.47598],[135.59966,34.47608],[135.59969,34.4761],[135.59972,34.47614],[135.59973,34.47615],[135.59976,34.47619],[135.59978,34.47623],[135.59988,34.47623],[135.59999,34.47626],[135.60009,34.47633],[135.60016,34.47634],[135.60034,34.47629],[135.60043,34.47627],[135.60054,34.47628],[135.60065,34.47633],[135.60077,34.47639],[135.60087,34.47647],[135.60091,34.47652],[135.60094,34.47654],[135.60095,34.47664],[135.60093,34.47662],[135.60087,34.4766],[135.60086,34.47663],[135.60076,34.47659],[135.60073,34.47659],[135.60065,34.47659],[135.60054,34.47663],[135.60045,34.4767],[135.6004,34.47675],[135.6004,34.47686],[135.60066,34.47692],[135.6009,34.47698],[135.60114,34.47705],[135.60117,34.47718],[135.60116,34.47721],[135.60116,34.47736],[135.60116,34.47743],[135.60101,34.47749],[135.60098,34.47751],[135.60095,34.47751],[135.601,34.47781],[135.60102,34.47795],[135.60103,34.478],[135.60109,34.47816],[135.6012,34.47821],[135.60127,34.47828],[135.60129,34.47839],[135.60129,34.4784],[135.60129,34.47845],[135.60128,34.4785],[135.60133,34.47856],[135.60148,34.47864],[135.6016,34.47869],[135.60162,34.47877],[135.60163,34.47887],[135.6016,34.47902],[135.60158,34.47905],[135.60151,34.47921],[135.60149,34.47935],[135.60149,34.47941],[135.60148,34.47945],[135.60148,34.47954],[135.60149,34.47961],[135.60149,34.47963],[135.6015,34.47969],[135.60155,34.47989],[135.60157,34.48008],[135.6016,34.48026],[135.60161,34.48031],[135.60166,34.48055],[135.60166,34.48075],[135.60166,34.48088],[135.60165,34.48092],[135.60165,34.48096],[135.6016,34.48108],[135.60155,34.48119],[135.60153,34.48134],[135.60153,34.48148],[135.60158,34.48159],[135.60165,34.48168],[135.60175,34.48178],[135.6019,34.48194],[135.60198,34.48204],[135.60205,34.48213],[135.60205,34.48224],[135.60206,34.48231],[135.60206,34.48241],[135.60213,34.48245],[135.60226,34.48249],[135.60239,34.48252],[135.60246,34.48256],[135.60251,34.48264],[135.60251,34.48272],[135.6025,34.48277],[135.6025,34.4828],[135.60247,34.48298],[135.60268,34.48303],[135.60286,34.48309],[135.60298,34.48313],[135.60298,34.48319],[135.60311,34.48325],[135.60321,34.48331],[135.6033,34.48338],[135.60339,34.48346],[135.6035,34.48351],[135.60353,34.48348],[135.60365,34.48352],[135.6041,34.48351],[135.60441,34.48368],[135.60446,34.4837],[135.60448,34.48371],[135.60445,34.48391],[135.60445,34.48433],[135.60447,34.4851],[135.60446,34.48514],[135.60456,34.48519],[135.60469,34.4858],[135.60474,34.48597],[135.60476,34.48604],[135.60478,34.48617],[135.60479,34.48632],[135.60479,34.48655],[135.60478,34.48667],[135.60478,34.48678],[135.60486,34.48678],[135.60512,34.48677],[135.60513,34.4869],[135.60548,34.48688],[135.60553,34.48677],[135.60556,34.48677],[135.60567,34.4868],[135.60569,34.48677],[135.6058,34.48679],[135.60598,34.48682],[135.60593,34.48691],[135.60585,34.48699],[135.60578,34.48707],[135.60568,34.48715],[135.60558,34.48723],[135.60552,34.4873],[135.60547,34.48741],[135.60541,34.48754],[135.60556,34.48758],[135.60553,34.48765],[135.6055,34.48777],[135.60548,34.48787],[135.60549,34.48802],[135.60551,34.48811],[135.60568,34.48806],[135.60585,34.48803],[135.606,34.48801],[135.60619,34.48799]]]}},{"type":"Feature","properties":{"name":"山手町","setai":269,"jinko":685,"key":"272140650","units":1},"geometry":{"type":"Polygon","coordinates":[[[135.60825,34.48566],[135.6083,34.48565],[135.60834,34.48566],[135.60839,34.48567],[135.60845,34.48566],[135.60851,34.48565],[135.60853,34.4856],[135.60852,34.48556],[135.60852,34.48549],[135.60853,34.48543],[135.60853,34.48539],[135.60855,34.48536],[135.60868,34.48535],[135.60871,34.48526],[135.60875,34.48524],[135.60878,34.48521],[135.6088,34.48517],[135.60882,34.48512],[135.60884,34.48507],[135.60885,34.48501],[135.60883,34.48495],[135.6088,34.48486],[135.60878,34.4848],[135.60878,34.48473],[135.60885,34.48463],[135.60892,34.48463],[135.60903,34.48462],[135.60912,34.48463],[135.60919,34.48473],[135.60921,34.48477],[135.60924,34.48482],[135.60932,34.48477],[135.60934,34.48467],[135.60937,34.48456],[135.60947,34.48455],[135.60954,34.48453],[135.6096,34.48443],[135.60998,34.48442],[135.61015,34.48433],[135.61006,34.48411],[135.61003,34.48402],[135.61,34.4839],[135.61,34.48378],[135.61002,34.4837],[135.61006,34.48361],[135.61013,34.48353],[135.61026,34.48341],[135.61034,34.48335],[135.61038,34.4833],[135.6104,34.48328],[135.61046,34.48321],[135.61047,34.48319],[135.61047,34.48318],[135.61047,34.48318],[135.61049,34.4831],[135.61048,34.48297],[135.61042,34.48282],[135.61032,34.48256],[135.61021,34.48238],[135.61013,34.48226],[135.61006,34.48214],[135.61003,34.48207],[135.60998,34.48205],[135.60993,34.48202],[135.60982,34.48195],[135.60975,34.48193],[135.6097,34.48187],[135.60965,34.48181],[135.60961,34.48177],[135.60952,34.48173],[135.60938,34.48165],[135.60922,34.48164],[135.60912,34.48165],[135.60897,34.48164],[135.60881,34.48161],[135.60868,34.48158],[135.60858,34.48159],[135.60848,34.48165],[135.60839,34.48173],[135.60834,34.48181],[135.60825,34.48194],[135.60817,34.48211],[135.60808,34.48229],[135.60793,34.48246],[135.60781,34.48264],[135.60763,34.48292],[135.60757,34.48305],[135.60755,34.48309],[135.60728,34.4831],[135.6072,34.4831],[135.60709,34.48304],[135.60705,34.48311],[135.60703,34.48318],[135.60707,34.48327],[135.60708,34.48331],[135.60711,34.4834],[135.6071,34.48354],[135.60714,34.48367],[135.60721,34.48381],[135.60724,34.48386],[135.6073,34.484],[135.60734,34.48412],[135.60734,34.48423],[135.60733,34.48432],[135.6073,34.48438],[135.6072,34.48455],[135.60714,34.48464],[135.60705,34.48472],[135.60696,34.4848],[135.60692,34.48487],[135.60685,34.48507],[135.60683,34.4852],[135.60681,34.48526],[135.60684,34.48532],[135.6069,34.48531],[135.60701,34.48529],[135.60714,34.48526],[135.60724,34.48528],[135.60738,34.48535],[135.60747,34.4854],[135.60754,34.48543],[135.60765,34.48552],[135.60772,34.48553],[135.60773,34.48553],[135.6078,34.48552],[135.60784,34.48552],[135.60793,34.48558],[135.6081,34.48569],[135.60811,34.48569],[135.60814,34.48569],[135.60818,34.48567],[135.60825,34.48566]]]}},{"type":"Feature","properties":{"name":"高辺台一丁目","setai":467,"jinko":1115,"key":"27214066001","units":1},"geometry":{"type":"Polygon","coordinates":[[[135.57081,34.50295],[135.57246,34.50232],[135.57259,34.50225],[135.57271,34.50238],[135.57294,34.50223],[135.57314,34.50211],[135.57332,34.50196],[135.57346,34.50181],[135.57359,34.50167],[135.57369,34.50151],[135.57379,34.50135],[135.5739,34.50117],[135.57396,34.50103],[135.57402,34.50087],[135.57407,34.5007],[135.57391,34.50068],[135.57386,34.50067],[135.57312,34.50055],[135.57254,34.50046],[135.57241,34.50044],[135.57191,34.50036],[135.5719,34.50036],[135.57142,34.50029],[135.57098,34.50021],[135.5705,34.50018],[135.56878,34.5001],[135.56842,34.50009],[135.56766,34.50005],[135.56741,34.50003],[135.56715,34.50002],[135.56648,34.49999],[135.56645,34.49998],[135.56633,34.49998],[135.56631,34.50049],[135.56628,34.50071],[135.56625,34.50078],[135.56601,34.50111],[135.56646,34.50132],[135.56636,34.50145],[135.56635,34.50152],[135.56635,34.50191],[135.56634,34.50253],[135.56634,34.50289],[135.56649,34.5029],[135.56665,34.50289],[135.56684,34.50286],[135.56703,34.50281],[135.56717,34.50276],[135.56764,34.50249],[135.56768,34.50238],[135.56771,34.50232],[135.56777,34.50229],[135.56786,34.50231],[135.56798,34.50231],[135.56816,34.50228],[135.5683,34.50221],[135.56837,34.50247],[135.56853,34.50268],[135.56889,34.5028],[135.56913,34.50254],[135.56925,34.50258],[135.56933,34.50261],[135.56945,34.50262],[135.56976,34.50263],[135.5698,34.50264],[135.57011,34.50292],[135.57081,34.50295]]]}},{"type":"Feature","properties":{"name":"高辺台二丁目","setai":358,"jinko":963,"key":"27214066002","units":1},"geometry":{"type":"Polygon","coordinates":[[[135.57526,34.49496],[135.57521,34.49493],[135.57511,34.49491],[135.57509,34.49495],[135.57467,34.49484],[135.57471,34.4945],[135.57472,34.49445],[135.57465,34.49438],[135.57463,34.4944],[135.57457,34.49443],[135.57444,34.49451],[135.57344,34.49505],[135.57294,34.49531],[135.57269,34.49545],[135.57255,34.49553],[135.57247,34.4956],[135.57233,34.49572],[135.57221,34.49591],[135.57208,34.49611],[135.57181,34.49664],[135.5717,34.49686],[135.57153,34.49716],[135.57126,34.49775],[135.5711,34.49805],[135.57097,34.49831],[135.57089,34.49851],[135.57071,34.49887],[135.57064,34.499],[135.57059,34.49915],[135.57052,34.49974],[135.5705,34.50018],[135.57098,34.50021],[135.57142,34.50029],[135.5719,34.50036],[135.57191,34.50036],[135.57241,34.50044],[135.57254,34.50046],[135.57312,34.50055],[135.57386,34.50067],[135.57391,34.50068],[135.57407,34.5007],[135.57455,34.50075],[135.57457,34.50071],[135.57471,34.50033],[135.57491,34.49976],[135.57501,34.49944],[135.57539,34.49837],[135.57572,34.49741],[135.57597,34.49668],[135.57617,34.49608],[135.5757,34.49597],[135.57582,34.4956],[135.57562,34.49556],[135.57558,34.49552],[135.57554,34.49543],[135.57536,34.49507],[135.57533,34.49503],[135.5753,34.495],[135.57526,34.49496]]]}},{"type":"Feature","properties":{"name":"高辺台三丁目","setai":1452,"jinko":2660,"key":"27214066003","units":1},"geometry":{"type":"Polygon","coordinates":[[[135.57441,34.49443],[135.57441,34.49435],[135.57435,34.49435],[135.574,34.49433],[135.57367,34.49434],[135.57359,34.49435],[135.57345,34.49436],[135.57332,34.49435],[135.57322,34.49434],[135.5731,34.49433],[135.57294,34.49431],[135.57265,34.49426],[135.57253,34.49423],[135.57226,34.49414],[135.57213,34.49407],[135.57197,34.49396],[135.57201,34.49388],[135.57202,34.49385],[135.57198,34.49383],[135.57196,34.49382],[135.57191,34.49375],[135.57184,34.49369],[135.57184,34.49369],[135.57182,34.49369],[135.57179,34.49369],[135.57154,34.49379],[135.57145,34.49378],[135.57127,34.4938],[135.5712,34.49377],[135.57116,34.49377],[135.57114,34.49378],[135.57104,34.49393],[135.57096,34.49406],[135.57048,34.49449],[135.57014,34.49479],[135.57011,34.49483],[135.5701,34.49484],[135.56985,34.49506],[135.56953,34.49533],[135.56942,34.49542],[135.56929,34.49554],[135.56881,34.49597],[135.56833,34.4964],[135.56808,34.49676],[135.56772,34.49739],[135.5673,34.49808],[135.56705,34.49849],[135.56698,34.4986],[135.5669,34.49871],[135.56666,34.49894],[135.56611,34.49944],[135.56564,34.49989],[135.56563,34.4999],[135.56616,34.49996],[135.56623,34.49996],[135.56633,34.49998],[135.56645,34.49998],[135.56648,34.49999],[135.56715,34.50002],[135.56741,34.50003],[135.56766,34.50005],[135.56842,34.50009],[135.56878,34.5001],[135.5705,34.50018],[135.57052,34.49974],[135.57059,34.49915],[135.57064,34.499],[135.57071,34.49887],[135.57089,34.49851],[135.57097,34.49831],[135.5711,34.49805],[135.57126,34.49775],[135.57153,34.49716],[135.5717,34.49686],[135.57181,34.49664],[135.57208,34.49611],[135.57221,34.49591],[135.57233,34.49572],[135.57247,34.4956],[135.57255,34.49553],[135.57269,34.49545],[135.57294,34.49531],[135.57344,34.49505],[135.57444,34.49451],[135.57441,34.49443]]]}},{"type":"Feature","properties":{"name":"久野喜台一丁目","setai":365,"jinko":866,"key":"27214067001","units":1},"geometry":{"type":"Polygon","coordinates":[[[135.56011,34.50246],[135.56056,34.50227],[135.56062,34.50237],[135.56077,34.50235],[135.56093,34.50228],[135.5608,34.50206],[135.56097,34.50208],[135.56109,34.50201],[135.56113,34.502],[135.56117,34.50205],[135.56122,34.50201],[135.56128,34.50198],[135.56135,34.50196],[135.56139,34.50196],[135.56144,34.50192],[135.56147,34.5019],[135.56152,34.50188],[135.56158,34.50188],[135.56162,34.50168],[135.56206,34.5015],[135.56223,34.50149],[135.56231,34.50152],[135.56236,34.50158],[135.5624,34.50165],[135.56242,34.50172],[135.56258,34.50163],[135.56292,34.50157],[135.56303,34.50195],[135.56313,34.50193],[135.56325,34.5019],[135.56333,34.50209],[135.56356,34.50204],[135.56359,34.50209],[135.56402,34.50192],[135.56399,34.50177],[135.56403,34.50176],[135.56416,34.50175],[135.56427,34.50173],[135.5643,34.50169],[135.56436,34.50166],[135.56442,34.50164],[135.56449,34.50163],[135.56456,34.50168],[135.56466,34.50175],[135.5647,34.50183],[135.56477,34.50191],[135.5649,34.50199],[135.56502,34.50205],[135.5651,34.50209],[135.56489,34.50228],[135.5645,34.5023],[135.56452,34.50232],[135.56467,34.50247],[135.56468,34.50247],[135.56482,34.50264],[135.56512,34.50279],[135.56525,34.50276],[135.56537,34.50274],[135.56548,34.5028],[135.56566,34.50282],[135.56595,34.50285],[135.56634,34.50289],[135.56634,34.50253],[135.56635,34.50191],[135.56635,34.50152],[135.56636,34.50145],[135.56646,34.50132],[135.56601,34.50111],[135.56625,34.50078],[135.56628,34.50071],[135.56631,34.50049],[135.56633,34.49998],[135.56623,34.49996],[135.56616,34.49996],[135.56563,34.4999],[135.56561,34.4999],[135.56477,34.49979],[135.56427,34.49973],[135.56324,34.49959],[135.56215,34.49943],[135.56158,34.49935],[135.56102,34.49926],[135.56093,34.49969],[135.56092,34.4998],[135.56091,34.49987],[135.56091,34.49996],[135.56097,34.50006],[135.56105,34.50014],[135.56115,34.50017],[135.56128,34.50019],[135.56132,34.50021],[135.56134,34.50024],[135.56134,34.50027],[135.56132,34.50039],[135.56124,34.50086],[135.56116,34.50099],[135.56106,34.50109],[135.56104,34.50111],[135.56093,34.50118],[135.56077,34.50095],[135.56013,34.50122],[135.56009,34.50124],[135.55968,34.5014],[135.55967,34.50141],[135.55967,34.50141],[135.55968,34.50142],[135.55969,34.50144],[135.55973,34.50151],[135.5599,34.50177],[135.5599,34.50179],[135.5599,34.5018],[135.5598,34.50187],[135.55977,34.5019],[135.55973,34.50193],[135.55967,34.502],[135.55964,34.50211],[135.55963,34.5022],[135.55963,34.50221],[135.55961,34.50261],[135.55957,34.50316],[135.55957,34.50318],[135.55958,34.50319],[135.55977,34.5032],[135.55979,34.50304],[135.56012,34.5028],[135.56004,34.50264],[135.56015,34.50259],[135.56011,34.50246]]]}},{"type":"Feature","properties":{"name":"久野喜台二丁目","setai":1221,"jinko":2388,"key":"27214067002","units":1},"geometry":{"type":"Polygon","coordinates":[[[135.56686,34.49639],[135.56628,34.49627],[135.56614,34.49627],[135.56496,34.49605],[135.56404,34.49588],[135.56333,34.49576],[135.56237,34.49561],[135.56056,34.49533],[135.56045,34.49582],[135.56043,34.49582],[135.55991,34.49575],[135.5599,34.49578],[135.55974,34.49659],[135.55973,34.4966],[135.55955,34.49741],[135.5601,34.49749],[135.56072,34.49759],[135.56049,34.49871],[135.5604,34.49915],[135.56094,34.49924],[135.56102,34.49926],[135.56158,34.49935],[135.56215,34.49943],[135.56324,34.49959],[135.56427,34.49973],[135.56477,34.49979],[135.56561,34.4999],[135.56563,34.4999],[135.56564,34.49989],[135.56611,34.49944],[135.56666,34.49894],[135.5669,34.49871],[135.56698,34.4986],[135.56705,34.49849],[135.5673,34.49808],[135.56772,34.49739],[135.56808,34.49676],[135.56733,34.49649],[135.56686,34.49639]]]}},{"type":"Feature","properties":{"name":"寺池台一丁目","setai":987,"jinko":2019,"key":"27214068001","units":1},"geometry":{"type":"Polygon","coordinates":[[[135.56833,34.4964],[135.56881,34.49597],[135.56929,34.49554],[135.56942,34.49542],[135.56953,34.49533],[135.56985,34.49506],[135.5701,34.49484],[135.57011,34.49483],[135.57014,34.49479],[135.56955,34.49434],[135.56932,34.49416],[135.56891,34.49385],[135.56886,34.49381],[135.56879,34.49377],[135.56858,34.49362],[135.56828,34.4934],[135.56814,34.49328],[135.56785,34.49308],[135.56736,34.49277],[135.56733,34.49277],[135.5673,34.49276],[135.56725,34.49277],[135.56723,34.49277],[135.5672,34.49279],[135.56716,34.49282],[135.56705,34.49294],[135.5668,34.49318],[135.56669,34.49326],[135.56649,34.49337],[135.56632,34.49342],[135.56601,34.49347],[135.56561,34.49357],[135.56531,34.49363],[135.56506,34.49367],[135.56489,34.49367],[135.56466,34.49366],[135.5645,34.49365],[135.5644,34.49364],[135.56376,34.49355],[135.56293,34.49346],[135.56294,34.49337],[135.56296,34.49323],[135.56294,34.49307],[135.56229,34.49299],[135.56225,34.493],[135.56174,34.49331],[135.56144,34.49351],[135.56115,34.49368],[135.56109,34.49371],[135.56098,34.4938],[135.5609,34.49388],[135.56088,34.4939],[135.56084,34.49401],[135.56079,34.49422],[135.56077,34.49433],[135.56071,34.49463],[135.56066,34.49491],[135.56056,34.49533],[135.56237,34.49561],[135.56333,34.49576],[135.56404,34.49588],[135.56496,34.49605],[135.56614,34.49627],[135.56628,34.49627],[135.56686,34.49639],[135.56733,34.49649],[135.56808,34.49676],[135.56833,34.4964]]]}},{"type":"Feature","properties":{"name":"寺池台二丁目","setai":352,"jinko":893,"key":"27214068002","units":1},"geometry":{"type":"Polygon","coordinates":[[[135.57114,34.49378],[135.57116,34.49377],[135.5712,34.49377],[135.57127,34.4938],[135.57145,34.49378],[135.57154,34.49375],[135.57166,34.49364],[135.57174,34.49357],[135.57182,34.49351],[135.5718,34.49335],[135.57169,34.49331],[135.57158,34.4933],[135.57161,34.49323],[135.57165,34.49313],[135.57169,34.49303],[135.57182,34.49285],[135.57185,34.49271],[135.5718,34.49262],[135.57176,34.49251],[135.57177,34.49241],[135.57187,34.49232],[135.57202,34.49223],[135.57224,34.49209],[135.57231,34.49204],[135.57241,34.49199],[135.57247,34.49196],[135.57257,34.49191],[135.57263,34.49188],[135.5727,34.49184],[135.57298,34.49182],[135.57305,34.49181],[135.57327,34.49172],[135.5734,34.49166],[135.57355,34.49157],[135.57359,34.49152],[135.5736,34.49147],[135.57371,34.49117],[135.57385,34.49105],[135.57396,34.49099],[135.57404,34.49069],[135.57409,34.49056],[135.57418,34.49048],[135.5743,34.49041],[135.57433,34.49029],[135.57435,34.49023],[135.57434,34.49015],[135.57442,34.49007],[135.57442,34.48988],[135.57443,34.48975],[135.57452,34.48961],[135.57452,34.48942],[135.57451,34.48922],[135.57406,34.48913],[135.57406,34.48906],[135.57373,34.48908],[135.5731,34.48913],[135.57256,34.48918],[135.5717,34.48923],[135.57114,34.4892],[135.57059,34.48913],[135.57053,34.48956],[135.57045,34.49006],[135.57043,34.49017],[135.57036,34.49064],[135.5703,34.49102],[135.57025,34.49136],[135.57014,34.49185],[135.56998,34.49228],[135.56989,34.4925],[135.56985,34.49259],[135.56981,34.49269],[135.56975,34.49283],[135.5696,34.49315],[135.56954,34.49323],[135.56949,34.49331],[135.56941,34.4934],[135.56927,34.49351],[135.56918,34.4936],[135.56904,34.49372],[135.56891,34.49385],[135.56932,34.49416],[135.56955,34.49434],[135.57014,34.49479],[135.57048,34.49449],[135.57096,34.49406],[135.57104,34.49393],[135.57114,34.49378]]]}},{"type":"Feature","properties":{"name":"寺池台三丁目","setai":406,"jinko":961,"key":"27214068003","units":1},"geometry":{"type":"Polygon","coordinates":[[[135.56945,34.48905],[135.56962,34.48904],[135.56982,34.48905],[135.57059,34.48913],[135.57114,34.4892],[135.5717,34.48923],[135.57256,34.48918],[135.5731,34.48913],[135.57373,34.48908],[135.57406,34.48906],[135.57405,34.48902],[135.57435,34.489],[135.57408,34.48886],[135.57408,34.48874],[135.57398,34.48859],[135.57402,34.48849],[135.57389,34.48843],[135.57389,34.48834],[135.57376,34.48825],[135.57376,34.48815],[135.57377,34.48809],[135.5739,34.48798],[135.57386,34.48795],[135.57378,34.48794],[135.57368,34.48797],[135.5736,34.48782],[135.57375,34.48779],[135.57368,34.48764],[135.57379,34.48762],[135.57374,34.48748],[135.57365,34.48751],[135.57363,34.48736],[135.57366,34.48728],[135.57372,34.48721],[135.57367,34.48699],[135.57359,34.48691],[135.57359,34.48675],[135.57325,34.48672],[135.57305,34.48669],[135.5728,34.48661],[135.57253,34.48642],[135.57242,34.48633],[135.57231,34.48624],[135.57223,34.48618],[135.57214,34.48607],[135.572,34.48593],[135.57193,34.4859],[135.57183,34.48589],[135.5717,34.48588],[135.57163,34.48584],[135.5715,34.48574],[135.57139,34.48568],[135.57131,34.48568],[135.57119,34.4857],[135.57102,34.48575],[135.57098,34.48577],[135.57084,34.48575],[135.57081,34.48576],[135.57076,34.48577],[135.57072,34.48578],[135.57061,34.48583],[135.57061,34.48583],[135.5706,34.48584],[135.57048,34.48589],[135.57044,34.4859],[135.57042,34.48592],[135.57035,34.48598],[135.57028,34.48604],[135.57022,34.48607],[135.57017,34.48609],[135.57017,34.48609],[135.57013,34.4861],[135.57011,34.48612],[135.5701,34.48614],[135.57009,34.48616],[135.57009,34.48617],[135.57007,34.48619],[135.57006,34.48623],[135.57002,34.48629],[135.56999,34.48632],[135.56999,34.48633],[135.56999,34.48633],[135.56998,34.48634],[135.56996,34.48635],[135.56993,34.48635],[135.56993,34.48636],[135.56987,34.48637],[135.56986,34.48637],[135.56985,34.48638],[135.56984,34.48638],[135.5698,34.48642],[135.56974,34.48648],[135.56967,34.48656],[135.56961,34.48663],[135.56957,34.48665],[135.56952,34.48665],[135.56943,34.48666],[135.56936,34.48663],[135.56935,34.48663],[135.56933,34.48663],[135.56929,34.48663],[135.56924,34.48663],[135.56921,34.48664],[135.5692,34.48665],[135.5692,34.48665],[135.56918,34.48667],[135.56917,34.48668],[135.56917,34.48675],[135.56918,34.48678],[135.56918,34.48678],[135.56919,34.4868],[135.56921,34.48681],[135.56922,34.48683],[135.56925,34.48686],[135.56926,34.48689],[135.56926,34.4869],[135.56926,34.48697],[135.56924,34.48705],[135.56921,34.48713],[135.5692,34.48713],[135.5692,34.48715],[135.56918,34.48715],[135.56917,34.48716],[135.56913,34.48717],[135.56901,34.48719],[135.56893,34.48724],[135.56891,34.48728],[135.56889,34.48732],[135.56887,34.4874],[135.56884,34.48745],[135.56881,34.48749],[135.56878,34.48752],[135.56864,34.48749],[135.56843,34.48751],[135.5686,34.48789],[135.5686,34.4879],[135.56848,34.48786],[135.56848,34.48786],[135.56825,34.48776],[135.56824,34.48772],[135.56823,34.4877],[135.56823,34.48769],[135.56805,34.48759],[135.56737,34.48822],[135.56723,34.48835],[135.56684,34.48881],[135.56672,34.48897],[135.56661,34.48906],[135.56658,34.48909],[135.56686,34.48931],[135.56708,34.48949],[135.567,34.48957],[135.56617,34.49005],[135.56617,34.49005],[135.5666,34.49001],[135.56685,34.48998],[135.56702,34.48993],[135.56718,34.48988],[135.56753,34.48974],[135.56783,34.4896],[135.56812,34.48949],[135.56815,34.48947],[135.56847,34.48934],[135.56877,34.48922],[135.56896,34.48915],[135.56912,34.4891],[135.56922,34.48907],[135.56945,34.48905]]]}},{"type":"Feature","properties":{"name":"寺池台四丁目","setai":1232,"jinko":2249,"key":"27214068004","units":1},"geometry":{"type":"Polygon","coordinates":[[[135.56975,34.49283],[135.56981,34.49269],[135.56985,34.49259],[135.56989,34.4925],[135.56998,34.49228],[135.57014,34.49185],[135.57025,34.49136],[135.5703,34.49102],[135.57036,34.49064],[135.57043,34.49017],[135.57045,34.49006],[135.57053,34.48956],[135.57059,34.48913],[135.56982,34.48905],[135.56962,34.48904],[135.56945,34.48905],[135.56922,34.48907],[135.56912,34.4891],[135.56896,34.48915],[135.56877,34.48922],[135.56847,34.48934],[135.56815,34.48947],[135.56812,34.48949],[135.56783,34.4896],[135.56753,34.48974],[135.56718,34.48988],[135.56702,34.48993],[135.56685,34.48998],[135.5666,34.49001],[135.56617,34.49005],[135.56617,34.49005],[135.56595,34.49007],[135.56573,34.49008],[135.56514,34.4901],[135.56506,34.49012],[135.56507,34.49021],[135.56506,34.49028],[135.56427,34.49085],[135.56414,34.4909],[135.56375,34.49099],[135.56352,34.49106],[135.56389,34.4932],[135.56359,34.49316],[135.56294,34.49307],[135.56296,34.49323],[135.56294,34.49337],[135.56293,34.49346],[135.56376,34.49355],[135.5644,34.49364],[135.5645,34.49365],[135.56466,34.49366],[135.56489,34.49367],[135.56506,34.49367],[135.56531,34.49363],[135.56561,34.49357],[135.56601,34.49347],[135.56632,34.49342],[135.56649,34.49337],[135.56669,34.49326],[135.5668,34.49318],[135.56705,34.49294],[135.56716,34.49282],[135.5672,34.49279],[135.56723,34.49277],[135.56725,34.49277],[135.5673,34.49276],[135.56733,34.49277],[135.56736,34.49277],[135.56785,34.49308],[135.56814,34.49328],[135.56828,34.4934],[135.56858,34.49362],[135.56879,34.49377],[135.56886,34.49381],[135.56891,34.49385],[135.56904,34.49372],[135.56918,34.4936],[135.56927,34.49351],[135.56941,34.4934],[135.56949,34.49331],[135.56954,34.49323],[135.5696,34.49315],[135.56975,34.49283]]]}},{"type":"Feature","properties":{"name":"寺池台五丁目","setai":609,"jinko":1374,"key":"27214068005","units":1},"geometry":{"type":"Polygon","coordinates":[[[135.56708,34.48949],[135.56686,34.48931],[135.56658,34.48909],[135.56651,34.48902],[135.56632,34.4892],[135.56614,34.48931],[135.56604,34.48936],[135.56595,34.48938],[135.56593,34.48939],[135.56581,34.48934],[135.56567,34.48927],[135.56555,34.48921],[135.5654,34.48912],[135.56532,34.48921],[135.5653,34.48922],[135.56526,34.48926],[135.56519,34.48929],[135.56505,34.4893],[135.56489,34.4893],[135.56454,34.48926],[135.56436,34.48921],[135.56419,34.48913],[135.56413,34.48906],[135.56407,34.48896],[135.56398,34.48897],[135.56281,34.48884],[135.56266,34.48881],[135.56258,34.48878],[135.56249,34.48872],[135.56246,34.48856],[135.56243,34.48852],[135.5623,34.4885],[135.5618,34.48849],[135.56165,34.48849],[135.56141,34.48849],[135.56115,34.48852],[135.5611,34.48852],[135.56088,34.48856],[135.56077,34.48856],[135.56073,34.48891],[135.56066,34.48943],[135.56066,34.48966],[135.56062,34.48987],[135.56035,34.49145],[135.56027,34.49181],[135.56046,34.49183],[135.56053,34.49184],[135.56054,34.49184],[135.56056,34.49184],[135.5609,34.49188],[135.56103,34.4919],[135.56103,34.4919],[135.56105,34.4919],[135.56136,34.49195],[135.56151,34.49196],[135.56158,34.49196],[135.56163,34.49196],[135.56198,34.49189],[135.562,34.49189],[135.56245,34.49183],[135.56248,34.49182],[135.56257,34.49176],[135.56259,34.49175],[135.56277,34.49163],[135.56285,34.49162],[135.56291,34.49161],[135.56297,34.49156],[135.56303,34.49149],[135.56306,34.49139],[135.56311,34.49135],[135.56321,34.49128],[135.56322,34.49126],[135.56323,34.49123],[135.56326,34.49119],[135.56335,34.49114],[135.56352,34.49106],[135.56375,34.49099],[135.56414,34.4909],[135.56427,34.49085],[135.56506,34.49028],[135.56507,34.49021],[135.56506,34.49012],[135.56514,34.4901],[135.56573,34.49008],[135.56595,34.49007],[135.56617,34.49005],[135.567,34.48957],[135.56708,34.48949]]]}},{"type":"Feature","properties":{"name":"向陽台一丁目","setai":92,"jinko":535,"key":"27214069001","units":1},"geometry":{"type":"Polygon","coordinates":[[[135.58548,34.50856],[135.58539,34.5084],[135.58526,34.50819],[135.58514,34.50806],[135.58508,34.508],[135.58501,34.50796],[135.58494,34.50793],[135.58479,34.50787],[135.58458,34.5078],[135.58439,34.50773],[135.58429,34.50769],[135.58419,34.50762],[135.58407,34.50752],[135.58398,34.50743],[135.5839,34.50724],[135.58386,34.50719],[135.58381,34.50713],[135.58372,34.50711],[135.58367,34.50707],[135.58369,34.50701],[135.58372,34.50696],[135.58375,34.50693],[135.58375,34.5069],[135.58375,34.50686],[135.58373,34.50684],[135.58368,34.5068],[135.58366,34.50674],[135.58366,34.50674],[135.58365,34.50673],[135.58363,34.50671],[135.58358,34.50667],[135.58353,34.50664],[135.58347,34.50664],[135.58341,34.50663],[135.58335,34.50656],[135.58329,34.50648],[135.5833,34.50647],[135.58328,34.50645],[135.58343,34.50645],[135.58347,34.50643],[135.58347,34.50642],[135.58345,34.5064],[135.58344,34.50634],[135.58344,34.50632],[135.58343,34.50628],[135.58344,34.50628],[135.58347,34.50622],[135.58347,34.50618],[135.58353,34.50615],[135.58361,34.50609],[135.58367,34.50605],[135.58369,34.50597],[135.58367,34.50594],[135.58369,34.50591],[135.58369,34.50585],[135.58365,34.50584],[135.58364,34.50575],[135.58364,34.50572],[135.58363,34.50572],[135.58356,34.5057],[135.58353,34.50569],[135.58334,34.50566],[135.58337,34.50561],[135.58336,34.50557],[135.58338,34.50555],[135.58332,34.50549],[135.58331,34.50548],[135.5833,34.50546],[135.58329,34.50545],[135.58329,34.50545],[135.58328,34.50543],[135.58328,34.5054],[135.58327,34.50537],[135.58325,34.50532],[135.58325,34.50532],[135.58319,34.50526],[135.58314,34.50522],[135.58311,34.50519],[135.58311,34.50515],[135.58318,34.50511],[135.5832,34.5051],[135.58321,34.50503],[135.58324,34.50502],[135.58328,34.50501],[135.58331,34.50502],[135.58334,34.50505],[135.58336,34.50509],[135.58337,34.5051],[135.58342,34.50512],[135.58345,34.50512],[135.58349,34.50516],[135.58352,34.50515],[135.58355,34.50513],[135.58358,34.50513],[135.5836,34.50515],[135.58363,34.50518],[135.58363,34.50523],[135.58365,34.50525],[135.58369,34.5053],[135.58375,34.50534],[135.58377,34.50535],[135.58381,34.50535],[135.58385,34.50531],[135.5839,34.50529],[135.58393,34.50526],[135.58392,34.50525],[135.58394,34.50521],[135.58396,34.50516],[135.58401,34.50514],[135.58405,34.50512],[135.58411,34.5051],[135.58413,34.50507],[135.58413,34.50504],[135.58412,34.50499],[135.58412,34.50497],[135.58412,34.50494],[135.58412,34.50494],[135.58413,34.50493],[135.58415,34.50489],[135.58419,34.50483],[135.58425,34.50478],[135.5843,34.50474],[135.5843,34.50469],[135.58438,34.50462],[135.58439,34.50457],[135.58436,34.50453],[135.58443,34.50434],[135.58432,34.5042],[135.58439,34.50417],[135.58445,34.50412],[135.58445,34.50406],[135.58449,34.504],[135.5845,34.50393],[135.58453,34.50389],[135.58456,34.50386],[135.58458,34.5038],[135.58458,34.50378],[135.58458,34.50376],[135.58459,34.50373],[135.58459,34.50372],[135.58457,34.50368],[135.58455,34.50364],[135.58453,34.50358],[135.58455,34.50354],[135.58456,34.50349],[135.58456,34.50345],[135.58454,34.50342],[135.58453,34.50337],[135.5845,34.50332],[135.58448,34.50329],[135.58448,34.50328],[135.5845,34.50326],[135.58452,34.50323],[135.58452,34.50326],[135.58456,34.50329],[135.58458,34.5033],[135.5846,34.50328],[135.5846,34.50326],[135.5846,34.50322],[135.58458,34.5032],[135.58456,34.50319],[135.58453,34.50315],[135.5845,34.50313],[135.58446,34.50308],[135.58441,34.50301],[135.5844,34.50299],[135.58436,34.50292],[135.58434,34.50291],[135.58429,34.50292],[135.58424,34.5029],[135.58424,34.50286],[135.5843,34.50282],[135.58443,34.50278],[135.58429,34.50261],[135.58426,34.50245],[135.58426,34.50236],[135.58432,34.50229],[135.58437,34.50224],[135.58437,34.50224],[135.58437,34.50223],[135.58434,34.50217],[135.58435,34.50209],[135.58437,34.50199],[135.5844,34.50191],[135.58446,34.50183],[135.58453,34.50176],[135.58456,34.50154],[135.58459,34.5009],[135.5846,34.50081],[135.58408,34.50081],[135.58356,34.5008],[135.58322,34.50078],[135.58256,34.50078],[135.58256,34.50131],[135.58255,34.50153],[135.58255,34.50194],[135.58255,34.50249],[135.58254,34.50281],[135.58255,34.50375],[135.58254,34.50406],[135.58252,34.50539],[135.5825,34.50621],[135.58251,34.50707],[135.58252,34.50759],[135.58251,34.50838],[135.58251,34.50875],[135.5825,34.50891],[135.5825,34.509],[135.58258,34.50892],[135.5827,34.50882],[135.58274,34.5088],[135.58288,34.5088],[135.58301,34.50878],[135.58318,34.50869],[135.58331,34.50862],[135.58344,34.50856],[135.58356,34.50851],[135.58373,34.50842],[135.58379,34.50842],[135.58391,34.50846],[135.58403,34.50852],[135.58412,34.50858],[135.58422,34.50865],[135.58435,34.50873],[135.58443,34.50879],[135.58452,34.50887],[135.58464,34.509],[135.58465,34.50901],[135.58507,34.50893],[135.58557,34.50885],[135.58565,34.50884],[135.58557,34.5087],[135.58548,34.50856]]]}},{"type":"Feature","properties":{"name":"向陽台二丁目","setai":376,"jinko":897,"key":"27214069002","units":1},"geometry":{"type":"Polygon","coordinates":[[[135.58256,34.50078],[135.58073,34.50076],[135.58068,34.50077],[135.58068,34.50132],[135.58067,34.50181],[135.58024,34.50181],[135.58023,34.50249],[135.58023,34.50343],[135.58023,34.50373],[135.58023,34.50401],[135.58022,34.50428],[135.58022,34.50457],[135.58022,34.50463],[135.58023,34.5054],[135.58022,34.50576],[135.58021,34.50621],[135.58108,34.50621],[135.58202,34.50622],[135.5825,34.50621],[135.58252,34.50539],[135.58254,34.50406],[135.58255,34.50375],[135.58254,34.50281],[135.58255,34.50249],[135.58255,34.50194],[135.58255,34.50153],[135.58256,34.50131],[135.58256,34.50078]]]}},{"type":"Feature","properties":{"name":"向陽台三丁目","setai":841,"jinko":2069,"key":"27214069003","units":1},"geometry":{"type":"Polygon","coordinates":[[[135.58021,34.50621],[135.58022,34.50576],[135.58023,34.5054],[135.58022,34.50463],[135.58022,34.50457],[135.58022,34.50428],[135.58023,34.50401],[135.58023,34.50373],[135.58023,34.50343],[135.58023,34.50249],[135.58024,34.50181],[135.58067,34.50181],[135.58068,34.50132],[135.58068,34.50077],[135.57921,34.50076],[135.57875,34.50075],[135.57842,34.50075],[135.57814,34.50179],[135.5779,34.50235],[135.57771,34.50278],[135.57755,34.50309],[135.57733,34.50343],[135.57711,34.50381],[135.57657,34.50483],[135.57584,34.50618],[135.57605,34.50619],[135.57725,34.50619],[135.57755,34.50619],[135.57837,34.5062],[135.57857,34.5062],[135.57913,34.5062],[135.57924,34.5062],[135.58021,34.50621]]]}},{"type":"Feature","properties":{"name":"向陽台四丁目","setai":622,"jinko":1826,"key":"27214069004","units":1},"geometry":{"type":"Polygon","coordinates":[[[135.57536,34.50856],[135.57546,34.50833],[135.57557,34.50834],[135.57577,34.50831],[135.57601,34.50828],[135.57626,34.50829],[135.5764,34.5083],[135.57657,34.50834],[135.57668,34.50838],[135.57674,34.50839],[135.57681,34.50836],[135.57692,34.50832],[135.57705,34.50834],[135.57716,34.50836],[135.57734,34.50838],[135.57737,34.50838],[135.57752,34.50845],[135.57792,34.50846],[135.57848,34.50873],[135.57845,34.50878],[135.57852,34.50888],[135.57863,34.50893],[135.57872,34.50896],[135.57888,34.50898],[135.57903,34.50894],[135.5792,34.50892],[135.57934,34.50892],[135.57957,34.50894],[135.57979,34.50897],[135.57998,34.50901],[135.58007,34.50905],[135.58021,34.50906],[135.58022,34.50887],[135.58023,34.50854],[135.58023,34.50844],[135.58023,34.50807],[135.58023,34.50798],[135.58022,34.50788],[135.58021,34.50757],[135.58022,34.50737],[135.58022,34.50733],[135.58021,34.50668],[135.58021,34.50621],[135.57924,34.5062],[135.57913,34.5062],[135.57857,34.5062],[135.57837,34.5062],[135.57755,34.50619],[135.57725,34.50619],[135.57605,34.50619],[135.57584,34.50618],[135.57581,34.50622],[135.57561,34.50655],[135.57549,34.50675],[135.57542,34.50686],[135.57522,34.50714],[135.57519,34.50718],[135.57501,34.50748],[135.57501,34.50748],[135.57481,34.50781],[135.57471,34.50798],[135.57454,34.50822],[135.57406,34.50887],[135.57357,34.50942],[135.57397,34.50936],[135.57429,34.50929],[135.57452,34.50922],[135.57476,34.5091],[135.57499,34.50896],[135.5752,34.50879],[135.57529,34.50868],[135.57536,34.50856]]]}},{"type":"Feature","properties":{"name":"向陽台五丁目","setai":95,"jinko":271,"key":"27214069005","units":1},"geometry":{"type":"Polygon","coordinates":[[[135.58229,34.50917],[135.5824,34.50907],[135.5825,34.509],[135.5825,34.50891],[135.58251,34.50875],[135.58251,34.50838],[135.58252,34.50759],[135.58251,34.50707],[135.5825,34.50621],[135.58202,34.50622],[135.58108,34.50621],[135.58021,34.50621],[135.58021,34.50668],[135.58022,34.50733],[135.58022,34.50737],[135.58021,34.50757],[135.58022,34.50788],[135.58023,34.50798],[135.58023,34.50807],[135.58023,34.50844],[135.58023,34.50854],[135.58022,34.50887],[135.58021,34.50906],[135.58028,34.50903],[135.58036,34.50902],[135.5804,34.50902],[135.58047,34.50903],[135.58059,34.50906],[135.58067,34.50909],[135.58076,34.50909],[135.58097,34.50905],[135.58127,34.50906],[135.58142,34.50908],[135.58156,34.50913],[135.58169,34.50911],[135.58183,34.50909],[135.58196,34.5091],[135.5821,34.50914],[135.58224,34.50917],[135.58229,34.50917]]]}},{"type":"Feature","properties":{"name":"藤沢台一丁目","setai":779,"jinko":1930,"key":"27214070001","units":1},"geometry":{"type":"Polygon","coordinates":[[[135.57814,34.50179],[135.57842,34.50075],[135.57756,34.50075],[135.57668,34.50075],[135.57569,34.50074],[135.57508,34.50072],[135.57457,34.50071],[135.57455,34.50075],[135.57443,34.50124],[135.57415,34.50169],[135.57384,34.50219],[135.57396,34.50227],[135.5743,34.5025],[135.57462,34.50273],[135.57468,34.50278],[135.57479,34.50291],[135.57484,34.50308],[135.57484,34.50328],[135.57485,34.50342],[135.57485,34.50373],[135.57484,34.50452],[135.57484,34.50466],[135.57484,34.50482],[135.57485,34.50619],[135.57546,34.50618],[135.57575,34.50618],[135.57584,34.50618],[135.57657,34.50483],[135.57711,34.50381],[135.57733,34.50343],[135.57755,34.50309],[135.57771,34.50278],[135.5779,34.50235],[135.57814,34.50179]]]}},{"type":"Feature","properties":{"name":"藤沢台二丁目","setai":407,"jinko":1090,"key":"27214070002","units":1},"geometry":{"type":"Polygon","coordinates":[[[135.57262,34.50618],[135.5729,34.50618],[135.57413,34.50619],[135.57485,34.50619],[135.57484,34.50482],[135.57484,34.50466],[135.57484,34.50452],[135.57485,34.50373],[135.57485,34.50342],[135.57484,34.50328],[135.57484,34.50308],[135.57479,34.50291],[135.57468,34.50278],[135.57462,34.50273],[135.5743,34.5025],[135.57396,34.50227],[135.57384,34.50219],[135.5734,34.50245],[135.573,34.5027],[135.57295,34.50272],[135.57285,34.50276],[135.57259,34.50286],[135.57236,34.50296],[135.57192,34.50313],[135.57157,34.50326],[135.5711,34.50344],[135.57099,34.50349],[135.57072,34.50363],[135.57049,34.50379],[135.57027,34.50395],[135.57013,34.50408],[135.56954,34.50467],[135.56889,34.50543],[135.5692,34.50563],[135.5694,34.50577],[135.56968,34.50594],[135.5697,34.50595],[135.56977,34.50599],[135.56991,34.50605],[135.57003,34.50609],[135.57031,34.50615],[135.5705,34.50617],[135.5707,34.50617],[135.57084,34.50617],[135.57172,34.50617],[135.57262,34.50618]]]}},{"type":"Feature","properties":{"name":"藤沢台三丁目","setai":273,"jinko":598,"key":"27214070003","units":1},"geometry":{"type":"Polygon","coordinates":[[[135.57236,34.50296],[135.57259,34.50286],[135.57285,34.50276],[135.57295,34.50272],[135.573,34.5027],[135.5734,34.50245],[135.57384,34.50219],[135.57415,34.50169],[135.57443,34.50124],[135.57455,34.50075],[135.57407,34.5007],[135.57402,34.50087],[135.57396,34.50103],[135.5739,34.50117],[135.57379,34.50135],[135.57369,34.50151],[135.57359,34.50167],[135.57346,34.50181],[135.57332,34.50196],[135.57314,34.50211],[135.57294,34.50223],[135.57271,34.50238],[135.57259,34.50225],[135.57246,34.50232],[135.57081,34.50295],[135.57011,34.50292],[135.5698,34.50264],[135.56976,34.50263],[135.56945,34.50262],[135.56933,34.50261],[135.56925,34.50258],[135.56913,34.50254],[135.56889,34.5028],[135.56853,34.50268],[135.56837,34.50247],[135.5683,34.50221],[135.56816,34.50228],[135.56798,34.50231],[135.56786,34.50231],[135.56777,34.50229],[135.56771,34.50232],[135.56768,34.50238],[135.56764,34.50249],[135.56717,34.50276],[135.56703,34.50281],[135.56684,34.50286],[135.56665,34.50289],[135.56649,34.5029],[135.56634,34.50289],[135.56595,34.50285],[135.56566,34.50282],[135.56548,34.5028],[135.56537,34.50274],[135.56525,34.50276],[135.56512,34.50279],[135.56482,34.50264],[135.56468,34.50247],[135.56467,34.50247],[135.56464,34.50249],[135.56454,34.50255],[135.56465,34.50282],[135.56478,34.50284],[135.56492,34.50285],[135.56508,34.50289],[135.5653,34.50302],[135.56561,34.50322],[135.56606,34.50352],[135.56638,34.50374],[135.56687,34.50407],[135.56729,34.50436],[135.56762,34.50458],[135.56849,34.50516],[135.56882,34.50539],[135.56889,34.50543],[135.56954,34.50467],[135.57013,34.50408],[135.57027,34.50395],[135.57049,34.50379],[135.57072,34.50363],[135.57099,34.50349],[135.5711,34.50344],[135.57157,34.50326],[135.57192,34.50313],[135.57236,34.50296]]]}},{"type":"Feature","properties":{"name":"藤沢台四丁目","setai":242,"jinko":578,"key":"27214070004","units":1},"geometry":{"type":"Polygon","coordinates":[[[135.56773,34.50665],[135.56847,34.50589],[135.56889,34.50543],[135.56882,34.50539],[135.56849,34.50516],[135.56762,34.50458],[135.56729,34.50436],[135.56687,34.50407],[135.56638,34.50374],[135.56606,34.50352],[135.56561,34.50322],[135.5653,34.50302],[135.56508,34.50289],[135.56492,34.50285],[135.56478,34.50284],[135.56465,34.50282],[135.56457,34.50283],[135.56451,34.50286],[135.56447,34.5029],[135.56431,34.50293],[135.56437,34.50314],[135.56456,34.50309],[135.56474,34.50304],[135.56489,34.5031],[135.56494,34.50343],[135.56491,34.50344],[135.56496,34.50366],[135.56507,34.50372],[135.56524,34.5036],[135.56514,34.50371],[135.56511,34.50375],[135.56503,34.50383],[135.56496,34.50386],[135.56487,34.50391],[135.56485,34.50398],[135.56475,34.50403],[135.56492,34.50411],[135.56506,34.50417],[135.56518,34.50421],[135.5654,34.50424],[135.56558,34.50427],[135.56581,34.50431],[135.56622,34.50437],[135.56651,34.50469],[135.56678,34.50498],[135.56675,34.50522],[135.56688,34.50536],[135.56702,34.50555],[135.5672,34.50585],[135.56715,34.50587],[135.56722,34.5059],[135.56724,34.50593],[135.56725,34.506],[135.56733,34.50617],[135.56722,34.5062],[135.56715,34.50622],[135.56713,34.50625],[135.56714,34.50627],[135.56708,34.50634],[135.56704,34.50636],[135.56694,34.50637],[135.56684,34.50641],[135.56679,34.50631],[135.56666,34.50637],[135.56652,34.50643],[135.56644,34.50649],[135.56633,34.50659],[135.56627,34.50668],[135.56611,34.50697],[135.56607,34.50703],[135.56603,34.50711],[135.56606,34.50717],[135.56603,34.50723],[135.56599,34.50731],[135.56596,34.50731],[135.56591,34.50732],[135.56585,34.5074],[135.56579,34.50751],[135.56572,34.5076],[135.56557,34.5077],[135.56547,34.50775],[135.56525,34.50781],[135.56507,34.50786],[135.56494,34.5079],[135.56493,34.50792],[135.56494,34.508],[135.56502,34.50816],[135.56512,34.50831],[135.5653,34.50852],[135.56537,34.5086],[135.56609,34.50817],[135.56615,34.50812],[135.56659,34.50777],[135.56664,34.50772],[135.56719,34.5072],[135.56762,34.50677],[135.56772,34.50666],[135.56773,34.50665]]]}},{"type":"Feature","properties":{"name":"藤沢台五丁目","setai":159,"jinko":453,"key":"27214070005","units":1},"geometry":{"type":"Polygon","coordinates":[[[135.57262,34.50618],[135.57172,34.50617],[135.57084,34.50617],[135.5707,34.50617],[135.5705,34.50617],[135.57031,34.50615],[135.57003,34.50609],[135.56991,34.50605],[135.56977,34.50599],[135.5697,34.50595],[135.56968,34.50594],[135.5694,34.50577],[135.5692,34.50563],[135.56889,34.50543],[135.56847,34.50589],[135.56773,34.50665],[135.56772,34.50666],[135.56808,34.50725],[135.56801,34.50728],[135.56878,34.50848],[135.56891,34.5087],[135.56946,34.50846],[135.57035,34.50806],[135.57079,34.50786],[135.57108,34.50774],[135.5724,34.50718],[135.57262,34.50708],[135.57262,34.50618]]]}},{"type":"Feature","properties":{"name":"藤沢台六丁目","setai":398,"jinko":1089,"key":"27214070006","units":1},"geometry":{"type":"Polygon","coordinates":[[[135.57581,34.50622],[135.57584,34.50618],[135.57575,34.50618],[135.57546,34.50618],[135.57485,34.50619],[135.57413,34.50619],[135.5729,34.50618],[135.57262,34.50618],[135.57262,34.50708],[135.5724,34.50718],[135.57108,34.50774],[135.57079,34.50786],[135.57035,34.50806],[135.56946,34.50846],[135.56891,34.5087],[135.56904,34.50892],[135.56951,34.50966],[135.56999,34.51039],[135.57012,34.51064],[135.57112,34.51022],[135.57202,34.50982],[135.57216,34.50977],[135.57269,34.50962],[135.57351,34.50944],[135.57357,34.50942],[135.57406,34.50887],[135.57454,34.50822],[135.57471,34.50798],[135.57481,34.50781],[135.57501,34.50748],[135.57501,34.50748],[135.57519,34.50718],[135.57522,34.50714],[135.57542,34.50686],[135.57549,34.50675],[135.57561,34.50655],[135.57581,34.50622]]]}},{"type":"Feature","properties":{"name":"藤沢台七丁目","setai":310,"jinko":837,"key":"27214070007","units":1},"geometry":{"type":"Polygon","coordinates":[[[135.56762,34.51152],[135.56809,34.51138],[135.56816,34.5114],[135.56834,34.51134],[135.56837,34.51133],[135.56894,34.51114],[135.56948,34.51091],[135.57012,34.51064],[135.56999,34.51039],[135.56951,34.50966],[135.56904,34.50892],[135.56891,34.5087],[135.56878,34.50848],[135.56801,34.50728],[135.56808,34.50725],[135.56772,34.50666],[135.56762,34.50677],[135.56719,34.5072],[135.56664,34.50772],[135.56659,34.50777],[135.56615,34.50812],[135.56609,34.50817],[135.56537,34.5086],[135.56557,34.50882],[135.56568,34.50881],[135.56574,34.50883],[135.56579,34.50888],[135.56588,34.50892],[135.56594,34.50895],[135.56605,34.50897],[135.56613,34.50897],[135.56618,34.50898],[135.56624,34.50908],[135.5663,34.50921],[135.56636,34.50932],[135.56638,34.50937],[135.56639,34.50939],[135.5664,34.50941],[135.56643,34.50949],[135.56643,34.50949],[135.56647,34.50959],[135.56653,34.50955],[135.56662,34.5095],[135.56671,34.50944],[135.56674,34.50944],[135.56675,34.50945],[135.56676,34.50945],[135.56679,34.50948],[135.56687,34.50958],[135.56684,34.50978],[135.56687,34.50992],[135.56692,34.51003],[135.56703,34.51015],[135.56716,34.51022],[135.56721,34.51025],[135.56715,34.51033],[135.56714,34.51044],[135.56725,34.51037],[135.56737,34.51036],[135.56743,34.51042],[135.56746,34.51053],[135.56745,34.51054],[135.56744,34.51055],[135.56743,34.51056],[135.56743,34.51062],[135.56752,34.5107],[135.56755,34.51072],[135.56758,34.51079],[135.56782,34.51084],[135.56781,34.51117],[135.5679,34.51126],[135.5679,34.51126],[135.5679,34.51126],[135.56773,34.51127],[135.56758,34.51132],[135.56758,34.51146],[135.56758,34.51146],[135.56761,34.51151],[135.56762,34.51152]]]}},{"type":"Feature","properties":{"name":"小金台一丁目","setai":171,"jinko":482,"key":"27214071001","units":1},"geometry":{"type":"Polygon","coordinates":[[[135.58507,34.49673],[135.58506,34.49672],[135.58504,34.49663],[135.58504,34.49661],[135.58455,34.49664],[135.58419,34.49666],[135.58378,34.49667],[135.5834,34.49669],[135.58273,34.49671],[135.58257,34.49663],[135.58257,34.49688],[135.58257,34.49729],[135.58257,34.49779],[135.58256,34.49794],[135.58257,34.49889],[135.58257,34.49931],[135.58257,34.49974],[135.58257,34.50034],[135.58256,34.50078],[135.58322,34.50078],[135.58356,34.5008],[135.58408,34.50081],[135.5846,34.50081],[135.58462,34.50073],[135.58475,34.50047],[135.58494,34.50028],[135.58496,34.50024],[135.5849,34.50019],[135.58494,34.50004],[135.58502,34.49997],[135.58508,34.49993],[135.58511,34.49988],[135.58513,34.49983],[135.58516,34.49976],[135.58517,34.49969],[135.58517,34.49964],[135.58515,34.4996],[135.58511,34.49956],[135.58499,34.49946],[135.58496,34.49939],[135.58491,34.49925],[135.58489,34.49918],[135.58486,34.49913],[135.58482,34.49908],[135.58477,34.49905],[135.58466,34.499],[135.5846,34.4989],[135.58436,34.49851],[135.58431,34.49846],[135.58448,34.49805],[135.5846,34.49794],[135.5847,34.49791],[135.5849,34.49787],[135.58497,34.49781],[135.58509,34.49776],[135.58519,34.49773],[135.58528,34.49771],[135.58524,34.49757],[135.58521,34.49748],[135.58518,34.49742],[135.58514,34.4973],[135.58515,34.49719],[135.58518,34.49709],[135.58517,34.49701],[135.58517,34.49694],[135.58515,34.49692],[135.58512,34.49684],[135.58508,34.49678],[135.58507,34.49673]]]}},{"type":"Feature","properties":{"name":"小金台二丁目","setai":167,"jinko":527,"key":"27214071002","units":1},"geometry":{"type":"Polygon","coordinates":[[[135.58257,34.49663],[135.58135,34.49598],[135.58073,34.49681],[135.58072,34.49714],[135.58072,34.49796],[135.58072,34.49819],[135.58072,34.49822],[135.58072,34.49879],[135.58072,34.49933],[135.58072,34.50036],[135.58073,34.50076],[135.58256,34.50078],[135.58257,34.50034],[135.58257,34.49974],[135.58257,34.49931],[135.58257,34.49889],[135.58256,34.49794],[135.58257,34.49779],[135.58257,34.49729],[135.58257,34.49688],[135.58257,34.49663]]]}},{"type":"Feature","properties":{"name":"小金台三丁目","setai":113,"jinko":325,"key":"27214071003","units":1},"geometry":{"type":"Polygon","coordinates":[[[135.58067,34.49564],[135.57936,34.49497],[135.57929,34.49511],[135.57911,34.49548],[135.57894,34.49586],[135.57883,34.49626],[135.57873,34.49666],[135.57871,34.49674],[135.57869,34.49699],[135.57867,34.49716],[135.57867,34.49727],[135.57865,34.49755],[135.57864,34.49785],[135.57865,34.49798],[135.57863,34.49822],[135.57861,34.49848],[135.57858,34.49891],[135.57859,34.49933],[135.57859,34.4994],[135.57853,34.5001],[135.57848,34.50047],[135.57842,34.50075],[135.57875,34.50075],[135.57921,34.50076],[135.58068,34.50077],[135.58073,34.50076],[135.58072,34.50036],[135.58072,34.49933],[135.58072,34.49879],[135.58072,34.49822],[135.58072,34.49819],[135.58072,34.49796],[135.58072,34.49714],[135.58073,34.49681],[135.58135,34.49598],[135.58067,34.49564]]]}},{"type":"Feature","properties":{"name":"小金台四丁目","setai":250,"jinko":741,"key":"27214071004","units":1},"geometry":{"type":"Polygon","coordinates":[[[135.58504,34.49661],[135.58503,34.49653],[135.58499,34.49648],[135.58483,34.49648],[135.58478,34.4965],[135.58466,34.49651],[135.58458,34.49653],[135.58451,34.49653],[135.58445,34.49649],[135.58437,34.49643],[135.58428,34.49637],[135.58421,34.49634],[135.58414,34.49636],[135.58409,34.4964],[135.58402,34.49643],[135.58399,34.49643],[135.58395,34.49644],[135.58382,34.49641],[135.58375,34.49637],[135.58367,34.49635],[135.58358,34.49632],[135.58353,34.49625],[135.58352,34.49618],[135.58351,34.4961],[135.58351,34.49603],[135.58352,34.49598],[135.58354,34.49592],[135.58349,34.49585],[135.58338,34.49566],[135.58337,34.49556],[135.58347,34.4955],[135.58359,34.49549],[135.58368,34.49549],[135.58365,34.49559],[135.5837,34.4956],[135.58371,34.49557],[135.58377,34.49547],[135.58383,34.49538],[135.58371,34.49535],[135.58362,34.49532],[135.58357,34.49522],[135.58378,34.49511],[135.58349,34.49487],[135.58342,34.4948],[135.58339,34.49476],[135.58337,34.49471],[135.58337,34.49465],[135.5834,34.4946],[135.5835,34.49458],[135.58356,34.49459],[135.58374,34.49467],[135.58388,34.49468],[135.58393,34.49468],[135.58402,34.49447],[135.58417,34.49442],[135.5841,34.49418],[135.5839,34.4942],[135.58383,34.49417],[135.58376,34.49411],[135.58373,34.49405],[135.58373,34.4939],[135.58371,34.49384],[135.58364,34.49377],[135.58356,34.49371],[135.58349,34.49368],[135.58337,34.49365],[135.58331,34.49365],[135.58324,34.49363],[135.58319,34.49359],[135.58316,34.49354],[135.58315,34.4935],[135.58316,34.49344],[135.58317,34.49339],[135.58318,34.49333],[135.58314,34.49325],[135.58286,34.4929],[135.58259,34.49244],[135.58249,34.49231],[135.58239,34.49222],[135.58231,34.4923],[135.5818,34.49265],[135.58159,34.49279],[135.58147,34.49287],[135.58129,34.49301],[135.58106,34.49318],[135.58095,34.49326],[135.58068,34.4935],[135.58052,34.49364],[135.58044,34.49371],[135.5802,34.49392],[135.58014,34.49399],[135.57989,34.49426],[135.57969,34.49453],[135.57962,34.49462],[135.57936,34.49497],[135.58067,34.49564],[135.58135,34.49598],[135.58257,34.49663],[135.58273,34.49671],[135.5834,34.49669],[135.58378,34.49667],[135.58419,34.49666],[135.58455,34.49664],[135.58504,34.49661]]]}},{"type":"Feature","properties":{"name":"津々山台一丁目","setai":854,"jinko":2130,"key":"27214072001","units":1},"geometry":{"type":"Polygon","coordinates":[[[135.57867,34.49716],[135.57869,34.49699],[135.57793,34.49698],[135.57741,34.49697],[135.57725,34.49697],[135.57722,34.49698],[135.57704,34.49694],[135.57694,34.49692],[135.57634,34.49677],[135.57597,34.49668],[135.57572,34.49741],[135.57539,34.49837],[135.57501,34.49944],[135.57491,34.49976],[135.57471,34.50033],[135.57457,34.50071],[135.57508,34.50072],[135.57569,34.50074],[135.57668,34.50075],[135.57756,34.50075],[135.57842,34.50075],[135.57848,34.50047],[135.57853,34.5001],[135.57859,34.4994],[135.57859,34.49933],[135.57858,34.49891],[135.57861,34.49848],[135.57863,34.49822],[135.57865,34.49798],[135.57864,34.49785],[135.57865,34.49755],[135.57867,34.49727],[135.57867,34.49716]]]}},{"type":"Feature","properties":{"name":"津々山台二丁目","setai":255,"jinko":664,"key":"27214072002","units":1},"geometry":{"type":"Polygon","coordinates":[[[135.57722,34.49698],[135.57725,34.49697],[135.57741,34.49697],[135.57793,34.49698],[135.57869,34.49699],[135.57871,34.49674],[135.57873,34.49666],[135.57883,34.49626],[135.57894,34.49586],[135.57911,34.49548],[135.57929,34.49511],[135.57936,34.49497],[135.57846,34.49449],[135.57822,34.49437],[135.57802,34.49427],[135.57701,34.49375],[135.5769,34.49397],[135.57676,34.49437],[135.57665,34.49468],[135.57658,34.49491],[135.57617,34.49608],[135.57597,34.49668],[135.57634,34.49677],[135.57694,34.49692],[135.57704,34.49694],[135.57722,34.49698]]]}},{"type":"Feature","properties":{"name":"津々山台三丁目","setai":258,"jinko":669,"key":"27214072003","units":1},"geometry":{"type":"Polygon","coordinates":[[[135.58082,34.49217],[135.58063,34.49196],[135.5804,34.49171],[135.58037,34.49173],[135.57997,34.49198],[135.57939,34.49135],[135.57925,34.49119],[135.57922,34.49117],[135.57889,34.49139],[135.57877,34.49151],[135.57864,34.49167],[135.5783,34.49206],[135.57792,34.49252],[135.57771,34.49276],[135.57757,34.49292],[135.57737,34.49315],[135.57725,34.49329],[135.57715,34.49344],[135.57711,34.49354],[135.57701,34.49375],[135.57802,34.49427],[135.57822,34.49437],[135.57846,34.49449],[135.57936,34.49497],[135.57962,34.49462],[135.57969,34.49453],[135.57989,34.49426],[135.58014,34.49399],[135.5802,34.49392],[135.58044,34.49371],[135.58052,34.49364],[135.58068,34.4935],[135.58095,34.49326],[135.58106,34.49318],[135.58129,34.49301],[135.58147,34.49287],[135.58111,34.4925],[135.58082,34.49217]]]}},{"type":"Feature","properties":{"name":"津々山台四丁目","setai":193,"jinko":565,"key":"27214072004","units":1},"geometry":{"type":"Polygon","coordinates":[[[135.58339,34.4918],[135.58354,34.49171],[135.58341,34.49153],[135.5835,34.49146],[135.58315,34.49113],[135.5825,34.49033],[135.58215,34.49008],[135.58175,34.48981],[135.58162,34.4897],[135.58135,34.48981],[135.58136,34.48988],[135.58109,34.48992],[135.58101,34.48985],[135.5808,34.48993],[135.58076,34.4899],[135.58056,34.49],[135.58041,34.49016],[135.58023,34.49014],[135.58003,34.49009],[135.57986,34.49011],[135.57972,34.49012],[135.57966,34.49039],[135.57962,34.49048],[135.57959,34.4905],[135.57946,34.49049],[135.57945,34.49054],[135.57943,34.49053],[135.57941,34.49056],[135.57939,34.4906],[135.57938,34.49066],[135.57938,34.49074],[135.57939,34.49078],[135.57934,34.49079],[135.57934,34.4908],[135.57943,34.4909],[135.57935,34.49095],[135.57935,34.49095],[135.57935,34.49095],[135.57915,34.4911],[135.57915,34.4911],[135.57922,34.49117],[135.57925,34.49119],[135.57939,34.49135],[135.57997,34.49198],[135.58037,34.49173],[135.5804,34.49171],[135.58063,34.49196],[135.58082,34.49217],[135.58111,34.4925],[135.58147,34.49287],[135.58159,34.49279],[135.5818,34.49265],[135.58231,34.4923],[135.58239,34.49222],[135.58244,34.49218],[135.58247,34.49217],[135.5825,34.49207],[135.58256,34.49204],[135.58258,34.49204],[135.58268,34.49203],[135.58272,34.49203],[135.58279,34.49203],[135.58282,34.49203],[135.58282,34.49202],[135.58285,34.49198],[135.58313,34.49196],[135.58326,34.49187],[135.58339,34.4918]]]}},{"type":"Feature","properties":{"name":"津々山台五丁目","setai":135,"jinko":327,"key":"27214072005","units":1},"geometry":{"type":"Polygon","coordinates":[[[135.57658,34.49491],[135.57665,34.49468],[135.57676,34.49437],[135.5769,34.49397],[135.57701,34.49375],[135.57711,34.49354],[135.57715,34.49344],[135.57725,34.49329],[135.57737,34.49315],[135.57757,34.49292],[135.57771,34.49276],[135.57792,34.49252],[135.5783,34.49206],[135.57864,34.49167],[135.57877,34.49151],[135.57889,34.49139],[135.57922,34.49117],[135.57915,34.4911],[135.57914,34.49109],[135.57904,34.49101],[135.57888,34.49111],[135.57867,34.49114],[135.57867,34.49117],[135.57847,34.49116],[135.57839,34.49126],[135.57832,34.49142],[135.57829,34.49155],[135.57826,34.49165],[135.57823,34.49178],[135.57816,34.49191],[135.57815,34.49196],[135.57808,34.49202],[135.57801,34.49205],[135.57796,34.49212],[135.57789,34.4922],[135.57782,34.49223],[135.57774,34.49225],[135.5776,34.49229],[135.57755,34.49232],[135.5775,34.49239],[135.5775,34.49244],[135.5775,34.49248],[135.5775,34.49251],[135.57749,34.49252],[135.57746,34.49253],[135.57738,34.49258],[135.57733,34.49258],[135.57719,34.49269],[135.57716,34.49271],[135.57716,34.49279],[135.57719,34.49291],[135.57712,34.49296],[135.57706,34.49304],[135.57703,34.49311],[135.577,34.4932],[135.577,34.49329],[135.577,34.49333],[135.57697,34.49336],[135.57684,34.49339],[135.57663,34.49331],[135.57667,34.49331],[135.57655,34.49324],[135.57652,34.49308],[135.57642,34.49307],[135.57622,34.49302],[135.57611,34.49298],[135.57602,34.49294],[135.57597,34.49291],[135.57591,34.49286],[135.57582,34.49278],[135.57573,34.49269],[135.57563,34.49258],[135.57558,34.49252],[135.57545,34.49253],[135.57503,34.49262],[135.57506,34.49272],[135.57507,34.49283],[135.57508,34.49297],[135.57525,34.49303],[135.57523,34.49319],[135.57515,34.49319],[135.57505,34.4932],[135.57505,34.4933],[135.57512,34.49332],[135.57512,34.49334],[135.57529,34.49336],[135.57537,34.49346],[135.57553,34.49355],[135.57547,34.4937],[135.57536,34.4937],[135.57522,34.49365],[135.57515,34.49362],[135.57507,34.49358],[135.57492,34.49358],[135.57485,34.49357],[135.57473,34.49358],[135.57456,34.49362],[135.57459,34.49376],[135.57472,34.49373],[135.57489,34.49384],[135.57498,34.49392],[135.57501,34.49396],[135.57497,34.4941],[135.57482,34.49437],[135.57506,34.49438],[135.57513,34.49442],[135.57523,34.49443],[135.57535,34.49444],[135.57534,34.49448],[135.57538,34.49449],[135.57537,34.49452],[135.57562,34.49459],[135.57565,34.49455],[135.5757,34.49456],[135.5755,34.49479],[135.57541,34.49477],[135.57539,34.49483],[135.57514,34.49477],[135.57511,34.49491],[135.57521,34.49493],[135.57526,34.49496],[135.5753,34.495],[135.57533,34.49503],[135.57536,34.49507],[135.57554,34.49543],[135.57558,34.49552],[135.57562,34.49556],[135.57582,34.4956],[135.5757,34.49597],[135.57617,34.49608],[135.57658,34.49491]]]}},{"type":"Feature","properties":{"name":"金剛伏山台","setai":398,"jinko":1229,"key":"272140731","units":1},"geometry":{"type":"Polygon","coordinates":[[[135.56632,34.4892],[135.56651,34.48902],[135.56658,34.48909],[135.56661,34.48906],[135.56672,34.48897],[135.56685,34.48806],[135.56692,34.48739],[135.56692,34.48737],[135.56701,34.48706],[135.56702,34.48688],[135.56704,34.48666],[135.567,34.48654],[135.56698,34.48646],[135.56699,34.48637],[135.56701,34.48629],[135.56684,34.48595],[135.56678,34.48582],[135.56653,34.48573],[135.56654,34.4857],[135.56654,34.48549],[135.56651,34.48542],[135.56656,34.48528],[135.56662,34.48523],[135.56666,34.48521],[135.56662,34.48513],[135.56655,34.48517],[135.56652,34.48519],[135.56653,34.48512],[135.56646,34.48506],[135.56639,34.48501],[135.56628,34.48497],[135.56615,34.48495],[135.56603,34.48495],[135.56589,34.485],[135.56581,34.48502],[135.56574,34.48505],[135.56551,34.48514],[135.56549,34.48515],[135.56524,34.48532],[135.56515,34.48538],[135.56514,34.48545],[135.56506,34.48541],[135.56495,34.48536],[135.56452,34.48509],[135.56426,34.48502],[135.56411,34.485],[135.56395,34.48499],[135.56395,34.48491],[135.56391,34.48489],[135.56383,34.48487],[135.56367,34.48488],[135.56349,34.48489],[135.56334,34.48495],[135.56324,34.48504],[135.56315,34.48501],[135.56309,34.48504],[135.56306,34.48506],[135.56305,34.48513],[135.56306,34.48517],[135.56316,34.48522],[135.56312,34.48526],[135.56311,34.4853],[135.56311,34.48534],[135.56315,34.48541],[135.56309,34.48545],[135.56307,34.48549],[135.56306,34.48554],[135.56309,34.4856],[135.56303,34.48568],[135.563,34.48575],[135.563,34.48582],[135.56301,34.48588],[135.56305,34.48598],[135.56297,34.48606],[135.56283,34.48616],[135.56282,34.48626],[135.56283,34.48641],[135.56287,34.48649],[135.56291,34.48658],[135.56292,34.48666],[135.56354,34.48674],[135.56371,34.48685],[135.5639,34.48698],[135.56396,34.48702],[135.56409,34.4871],[135.56426,34.48721],[135.56432,34.48725],[135.56436,34.48727],[135.5646,34.48741],[135.56444,34.48761],[135.56441,34.48767],[135.56441,34.48775],[135.56444,34.4878],[135.56449,34.48789],[135.56457,34.488],[135.56461,34.48806],[135.56427,34.48877],[135.56417,34.48886],[135.5641,34.48893],[135.56407,34.48896],[135.56413,34.48906],[135.56419,34.48913],[135.56436,34.48921],[135.56454,34.48926],[135.56489,34.4893],[135.56505,34.4893],[135.56519,34.48929],[135.56526,34.48926],[135.5653,34.48922],[135.56532,34.48921],[135.5654,34.48912],[135.56555,34.48921],[135.56567,34.48927],[135.56581,34.48934],[135.56593,34.48939],[135.56595,34.48938],[135.56604,34.48936],[135.56614,34.48931],[135.56632,34.4892]]]}},{"type":"Feature","properties":{"name":"美山台","setai":858,"jinko":2101,"key":"272140740","units":1},"geometry":{"type":"Polygon","coordinates":[[[135.58879,34.50103],[135.59037,34.50101],[135.59068,34.50101],[135.5904,34.5007],[135.59019,34.50047],[135.58998,34.50024],[135.58971,34.4999],[135.58941,34.49953],[135.58921,34.49927],[135.58902,34.49927],[135.58892,34.49934],[135.5888,34.4994],[135.58861,34.4995],[135.58838,34.4995],[135.58837,34.4996],[135.58829,34.49955],[135.58827,34.49947],[135.58821,34.49934],[135.58827,34.49931],[135.58835,34.4993],[135.58846,34.49931],[135.58857,34.49923],[135.58857,34.49909],[135.58855,34.49888],[135.58854,34.49865],[135.58867,34.49865],[135.58839,34.4984],[135.58835,34.49835],[135.58832,34.49834],[135.58815,34.49839],[135.58808,34.49841],[135.58802,34.49837],[135.58789,34.49824],[135.5877,34.49824],[135.5875,34.49816],[135.58743,34.49811],[135.58734,34.49806],[135.58725,34.49802],[135.58714,34.498],[135.58702,34.49798],[135.58685,34.49794],[135.58673,34.49793],[135.58659,34.49791],[135.58651,34.49786],[135.58639,34.49776],[135.58633,34.4977],[135.58624,34.49769],[135.58618,34.49771],[135.58593,34.49788],[135.5858,34.49765],[135.58572,34.4976],[135.58555,34.49757],[135.58543,34.49766],[135.58528,34.49771],[135.58519,34.49773],[135.58509,34.49776],[135.58497,34.49781],[135.5849,34.49787],[135.5847,34.49791],[135.5846,34.49794],[135.58448,34.49805],[135.58431,34.49846],[135.58436,34.49851],[135.5846,34.4989],[135.58466,34.499],[135.58477,34.49905],[135.58482,34.49908],[135.58486,34.49913],[135.58489,34.49918],[135.58491,34.49925],[135.58496,34.49939],[135.58499,34.49946],[135.58511,34.49956],[135.58515,34.4996],[135.58517,34.49964],[135.58517,34.49969],[135.58516,34.49976],[135.58513,34.49983],[135.58511,34.49988],[135.58508,34.49993],[135.58502,34.49997],[135.58494,34.50004],[135.5849,34.50019],[135.58496,34.50024],[135.58494,34.50028],[135.58475,34.50047],[135.58462,34.50073],[135.5846,34.50081],[135.58459,34.5009],[135.58506,34.5009],[135.58616,34.50091],[135.58691,34.50092],[135.58774,34.50093],[135.58838,34.50096],[135.58838,34.50103],[135.58879,34.50103]]]}},{"type":"Feature","properties":{"name":"かがり台","setai":319,"jinko":1004,"key":"272140750","units":1},"geometry":{"type":"Polygon","coordinates":[[[135.61575,34.49527],[135.61588,34.49525],[135.61601,34.49525],[135.61611,34.49526],[135.61613,34.49527],[135.61632,34.49477],[135.61629,34.49467],[135.61638,34.49466],[135.61651,34.49431],[135.61654,34.49416],[135.61654,34.49404],[135.61663,34.49403],[135.61681,34.49398],[135.61703,34.49392],[135.61723,34.49384],[135.61741,34.49376],[135.61746,34.4937],[135.61746,34.49365],[135.61744,34.49358],[135.61739,34.49344],[135.61738,34.49337],[135.61738,34.49331],[135.61737,34.49325],[135.61737,34.49315],[135.61737,34.49312],[135.61737,34.49305],[135.61737,34.49304],[135.61728,34.49289],[135.61722,34.4928],[135.61722,34.49254],[135.61729,34.49219],[135.61722,34.49218],[135.61716,34.49212],[135.61716,34.49201],[135.61711,34.4919],[135.61708,34.49182],[135.61703,34.49179],[135.61654,34.49183],[135.61655,34.49176],[135.61653,34.49165],[135.6165,34.49154],[135.61646,34.49146],[135.61641,34.4914],[135.61636,34.49137],[135.61632,34.49135],[135.61625,34.49132],[135.61622,34.49122],[135.61609,34.49117],[135.61606,34.49107],[135.61586,34.49089],[135.61554,34.4909],[135.61549,34.49086],[135.61549,34.49082],[135.6155,34.4907],[135.61534,34.49061],[135.61496,34.49055],[135.61478,34.49057],[135.61471,34.49071],[135.61448,34.49085],[135.61435,34.49094],[135.61436,34.49115],[135.61437,34.49146],[135.61438,34.49177],[135.61442,34.49184],[135.61436,34.49193],[135.61436,34.49218],[135.61436,34.49261],[135.61408,34.49261],[135.61396,34.49261],[135.61373,34.49268],[135.61371,34.49274],[135.61382,34.49293],[135.61385,34.49307],[135.61421,34.49339],[135.6144,34.49333],[135.61449,34.4933],[135.61463,34.49326],[135.61471,34.49332],[135.61479,34.4934],[135.61493,34.49351],[135.61483,34.49356],[135.61492,34.49368],[135.61493,34.4937],[135.61494,34.4938],[135.61482,34.49386],[135.61478,34.49387],[135.61463,34.494],[135.61461,34.49407],[135.61476,34.49429],[135.61492,34.49452],[135.61505,34.49471],[135.61517,34.49488],[135.61529,34.49495],[135.61544,34.49504],[135.61563,34.49502],[135.61563,34.49505],[135.61563,34.49506],[135.61563,34.49517],[135.6155,34.49519],[135.6155,34.49529],[135.61545,34.49544],[135.61564,34.49532],[135.61575,34.49527]]]}}]}