{"type":"FeatureCollection","features":[{"type":"Feature","properties":{"name":"口田一丁目","setai":787,"jinko":1960,"key":"34106715001","units":1},"geometry":{"type":"Polygon","coordinates":[[[132.49852,34.46599],[132.49866,34.46596],[132.49887,34.46596],[132.49905,34.46598],[132.49923,34.46589],[132.49923,34.46583],[132.49924,34.46581],[132.49925,34.46577],[132.49929,34.46574],[132.49931,34.46572],[132.49933,34.46567],[132.49934,34.46565],[132.49936,34.4656],[132.49939,34.46558],[132.49942,34.46558],[132.49946,34.4656],[132.4995,34.46564],[132.49954,34.46569],[132.49957,34.46572],[132.49962,34.46573],[132.49966,34.46573],[132.49971,34.46573],[132.49977,34.46572],[132.49982,34.46568],[132.49988,34.46565],[132.49992,34.46554],[132.49996,34.46542],[132.50002,34.46532],[132.50003,34.46531],[132.50007,34.46528],[132.50009,34.46527],[132.50003,34.46507],[132.50039,34.46499],[132.50083,34.46488],[132.50099,34.46473],[132.501,34.46472],[132.50107,34.46473],[132.50108,34.46474],[132.5013,34.46462],[132.50138,34.4646],[132.50145,34.46457],[132.50146,34.46457],[132.50186,34.46446],[132.50189,34.46438],[132.50204,34.4641],[132.5019,34.46404],[132.50147,34.46382],[132.50127,34.46372],[132.50121,34.46369],[132.49966,34.46291],[132.49951,34.46284],[132.49939,34.46278],[132.49936,34.46276],[132.49889,34.46252],[132.49882,34.46249],[132.49807,34.4621],[132.49799,34.46206],[132.49768,34.46189],[132.49717,34.46164],[132.49652,34.46132],[132.49615,34.46111],[132.49579,34.4609],[132.49548,34.46072],[132.49471,34.46015],[132.4943,34.45984],[132.49409,34.45986],[132.49386,34.4599],[132.4938,34.45991],[132.49307,34.46005],[132.49211,34.46031],[132.49255,34.46117],[132.49255,34.46117],[132.49264,34.46146],[132.49276,34.46186],[132.49288,34.46223],[132.49296,34.46258],[132.49296,34.46262],[132.49299,34.46275],[132.49314,34.4636],[132.49344,34.46542],[132.49347,34.46558],[132.49348,34.46563],[132.49495,34.46555],[132.49496,34.46558],[132.495,34.46558],[132.49513,34.46557],[132.49513,34.46552],[132.49538,34.46552],[132.49566,34.46556],[132.49574,34.46563],[132.49577,34.46572],[132.49609,34.46552],[132.49621,34.46545],[132.49621,34.46545],[132.49624,34.46549],[132.49625,34.4655],[132.49627,34.4655],[132.4963,34.4655],[132.49641,34.46555],[132.49655,34.4656],[132.4966,34.46563],[132.49669,34.46566],[132.49686,34.46573],[132.49694,34.46575],[132.49702,34.46577],[132.49722,34.46581],[132.4974,34.46585],[132.49761,34.46587],[132.49776,34.46582],[132.49779,34.46581],[132.49778,34.46577],[132.498,34.46562],[132.49827,34.4659],[132.49844,34.4659],[132.49849,34.46599],[132.49852,34.46599]]]}},{"type":"Feature","properties":{"name":"口田二丁目","setai":538,"jinko":1263,"key":"34106715002","units":1},"geometry":{"type":"Polygon","coordinates":[[[132.50256,34.4696],[132.50187,34.46906],[132.50102,34.4684],[132.49995,34.46757],[132.49886,34.46672],[132.49859,34.46696],[132.4983,34.46721],[132.49787,34.46689],[132.49816,34.46689],[132.49837,34.4668],[132.49835,34.46677],[132.4985,34.4667],[132.49828,34.46633],[132.49817,34.46638],[132.49809,34.46635],[132.498,34.46636],[132.49794,34.46634],[132.49788,34.46626],[132.49782,34.46625],[132.49771,34.46617],[132.49773,34.46606],[132.49767,34.466],[132.49773,34.46595],[132.49777,34.46588],[132.49779,34.46581],[132.49776,34.46582],[132.49761,34.46587],[132.4974,34.46585],[132.49722,34.46581],[132.49702,34.46577],[132.49694,34.46575],[132.49686,34.46573],[132.49669,34.46566],[132.4966,34.46563],[132.49655,34.4656],[132.49641,34.46555],[132.4963,34.4655],[132.49627,34.4655],[132.49625,34.4655],[132.49624,34.46549],[132.49621,34.46545],[132.49621,34.46545],[132.49609,34.46552],[132.49577,34.46572],[132.49574,34.46563],[132.49566,34.46556],[132.49538,34.46552],[132.49513,34.46552],[132.49513,34.46557],[132.495,34.46558],[132.49496,34.46558],[132.49495,34.46555],[132.49348,34.46563],[132.49371,34.46682],[132.49388,34.46753],[132.49396,34.46787],[132.49403,34.46809],[132.49419,34.46855],[132.49453,34.46947],[132.49463,34.46975],[132.49473,34.46994],[132.49474,34.46997],[132.49631,34.46938],[132.49636,34.4694],[132.49638,34.4694],[132.49658,34.46946],[132.49663,34.46948],[132.49673,34.46952],[132.49677,34.46944],[132.49677,34.46944],[132.49695,34.46945],[132.49712,34.46957],[132.49744,34.46983],[132.49764,34.47017],[132.49792,34.47041],[132.49811,34.47048],[132.49811,34.47065],[132.49818,34.47072],[132.49824,34.47087],[132.49846,34.47102],[132.49851,34.47104],[132.49959,34.47142],[132.49977,34.47114],[132.50006,34.47107],[132.5001,34.47107],[132.50026,34.47103],[132.50122,34.47081],[132.50168,34.47037],[132.50169,34.47036],[132.50171,34.47034],[132.50194,34.47014],[132.50256,34.4696]]]}},{"type":"Feature","properties":{"name":"口田三丁目","setai":631,"jinko":1557,"key":"34106715003","units":1},"geometry":{"type":"Polygon","coordinates":[[[132.50586,34.46673],[132.50622,34.46641],[132.50619,34.46637],[132.50617,34.46635],[132.50606,34.46626],[132.5059,34.46613],[132.50573,34.46601],[132.50569,34.46599],[132.50558,34.46591],[132.50542,34.46582],[132.50528,34.46575],[132.50525,34.46573],[132.50479,34.4655],[132.50448,34.46534],[132.50387,34.46502],[132.50338,34.46478],[132.50338,34.46478],[132.50317,34.46468],[132.50315,34.46466],[132.50271,34.46444],[132.5027,34.46444],[132.5027,34.46444],[132.50204,34.4641],[132.50189,34.46438],[132.50186,34.46446],[132.50146,34.46457],[132.50145,34.46457],[132.50138,34.4646],[132.5013,34.46462],[132.50108,34.46474],[132.50107,34.46473],[132.501,34.46472],[132.50099,34.46473],[132.50083,34.46488],[132.50039,34.46499],[132.50003,34.46507],[132.50009,34.46527],[132.50007,34.46528],[132.50003,34.46531],[132.50002,34.46532],[132.49996,34.46542],[132.49992,34.46554],[132.49988,34.46565],[132.49982,34.46568],[132.49977,34.46572],[132.49971,34.46573],[132.49966,34.46573],[132.49962,34.46573],[132.49957,34.46572],[132.49954,34.46569],[132.4995,34.46564],[132.49946,34.4656],[132.49942,34.46558],[132.49939,34.46558],[132.49936,34.4656],[132.49934,34.46565],[132.49933,34.46567],[132.49931,34.46572],[132.49929,34.46574],[132.49925,34.46577],[132.49924,34.46581],[132.49923,34.46583],[132.49923,34.46589],[132.49905,34.46598],[132.49887,34.46596],[132.49866,34.46596],[132.49852,34.46599],[132.49849,34.46599],[132.49844,34.4659],[132.49827,34.4659],[132.498,34.46562],[132.49778,34.46577],[132.49779,34.46581],[132.49777,34.46588],[132.49773,34.46595],[132.49767,34.466],[132.49773,34.46606],[132.49771,34.46617],[132.49782,34.46625],[132.49788,34.46626],[132.49794,34.46634],[132.498,34.46636],[132.49809,34.46635],[132.49817,34.46638],[132.49828,34.46633],[132.4985,34.4667],[132.49835,34.46677],[132.49837,34.4668],[132.49816,34.46689],[132.49787,34.46689],[132.4983,34.46721],[132.49859,34.46696],[132.49886,34.46672],[132.49995,34.46757],[132.50102,34.4684],[132.50187,34.46906],[132.50256,34.4696],[132.50276,34.46943],[132.50284,34.46935],[132.50303,34.46919],[132.50311,34.46912],[132.50339,34.46888],[132.5036,34.46869],[132.50381,34.46851],[132.50421,34.46816],[132.50449,34.46792],[132.50462,34.46781],[132.50479,34.46765],[132.50503,34.46745],[132.50516,34.46733],[132.50531,34.4672],[132.50547,34.46706],[132.50559,34.46696],[132.50577,34.4668],[132.50586,34.46673]]]}},{"type":"Feature","properties":{"name":"口田四丁目","setai":470,"jinko":1020,"key":"34106715004","units":1},"geometry":{"type":"Polygon","coordinates":[[[132.50776,34.47094],[132.50814,34.47069],[132.50819,34.4706],[132.50834,34.47029],[132.50835,34.47026],[132.50836,34.47019],[132.50834,34.47016],[132.50832,34.47012],[132.50829,34.4701],[132.50803,34.47003],[132.50799,34.47002],[132.50797,34.46985],[132.50798,34.46972],[132.50801,34.46967],[132.50806,34.46966],[132.5081,34.46958],[132.50814,34.46955],[132.50817,34.46954],[132.50813,34.4695],[132.50814,34.46948],[132.50823,34.46948],[132.50826,34.46945],[132.50824,34.46932],[132.50842,34.46918],[132.50837,34.46915],[132.50835,34.46913],[132.508,34.46885],[132.50796,34.46881],[132.50789,34.46875],[132.50786,34.46873],[132.50775,34.46865],[132.50772,34.46862],[132.50767,34.46859],[132.50764,34.46856],[132.5075,34.46842],[132.50747,34.46839],[132.50744,34.46836],[132.50736,34.46825],[132.50733,34.46821],[132.50729,34.46815],[132.50727,34.46813],[132.5072,34.46802],[132.5071,34.46784],[132.50709,34.46783],[132.50706,34.46778],[132.50687,34.46743],[132.50686,34.46741],[132.50685,34.46739],[132.50683,34.46736],[132.5068,34.46728],[132.50676,34.46713],[132.50675,34.46707],[132.50673,34.46703],[132.50633,34.46653],[132.50622,34.46641],[132.50586,34.46673],[132.50577,34.4668],[132.50559,34.46696],[132.50547,34.46706],[132.50531,34.4672],[132.50516,34.46733],[132.50503,34.46745],[132.50479,34.46765],[132.50462,34.46781],[132.50449,34.46792],[132.50421,34.46816],[132.50381,34.46851],[132.5036,34.46869],[132.50339,34.46888],[132.50311,34.46912],[132.50303,34.46919],[132.50331,34.46956],[132.50352,34.46985],[132.5037,34.47009],[132.50388,34.47034],[132.50412,34.47065],[132.50447,34.47049],[132.50447,34.47049],[132.50458,34.47057],[132.50466,34.47063],[132.50479,34.47068],[132.50481,34.47083],[132.50484,34.47106],[132.50489,34.4715],[132.50489,34.47152],[132.50492,34.47151],[132.505,34.47149],[132.50502,34.47146],[132.50509,34.47134],[132.50516,34.47123],[132.50523,34.47113],[132.50529,34.47104],[132.50536,34.47097],[132.50545,34.47089],[132.50556,34.47085],[132.50568,34.47084],[132.50577,34.47084],[132.50588,34.47086],[132.50598,34.47088],[132.50607,34.47092],[132.50619,34.47101],[132.50626,34.4711],[132.50633,34.4712],[132.5064,34.47128],[132.50648,34.47135],[132.50656,34.47141],[132.50664,34.47147],[132.50671,34.47155],[132.50702,34.47139],[132.50762,34.47107],[132.5077,34.47102],[132.50776,34.47094]]]}},{"type":"Feature","properties":{"name":"口田五丁目","setai":728,"jinko":1827,"key":"34106715005","units":1},"geometry":{"type":"Polygon","coordinates":[[[132.50132,34.47413],[132.50158,34.47396],[132.50187,34.47385],[132.50211,34.47374],[132.50228,34.47364],[132.50259,34.47373],[132.50263,34.47373],[132.50281,34.47373],[132.50306,34.47373],[132.50315,34.47375],[132.50322,34.47378],[132.50331,34.47381],[132.5034,34.47387],[132.50346,34.47391],[132.50349,34.47393],[132.50354,34.474],[132.50356,34.474],[132.50364,34.47399],[132.50372,34.47396],[132.5038,34.47397],[132.504,34.47401],[132.50409,34.47403],[132.50428,34.47403],[132.50441,34.47407],[132.50446,34.47408],[132.50448,34.4741],[132.50474,34.4739],[132.50463,34.47378],[132.50458,34.47373],[132.50507,34.47331],[132.50516,34.47326],[132.50522,34.47322],[132.5053,34.47321],[132.5054,34.47319],[132.5057,34.47317],[132.50591,34.47316],[132.506,34.4731],[132.50599,34.473],[132.50576,34.47275],[132.50559,34.47257],[132.50543,34.47231],[132.50536,34.47224],[132.50525,34.47217],[132.50516,34.47212],[132.50498,34.472],[132.50524,34.47174],[132.5049,34.47157],[132.50489,34.47152],[132.50489,34.4715],[132.50484,34.47106],[132.50481,34.47083],[132.50479,34.47068],[132.50466,34.47063],[132.50458,34.47057],[132.50447,34.47049],[132.50447,34.47049],[132.50412,34.47065],[132.50388,34.47034],[132.5037,34.47009],[132.50352,34.46985],[132.50331,34.46956],[132.50303,34.46919],[132.50284,34.46935],[132.50276,34.46943],[132.50256,34.4696],[132.50194,34.47014],[132.50171,34.47034],[132.50169,34.47036],[132.50168,34.47037],[132.50122,34.47081],[132.50026,34.47103],[132.5001,34.47107],[132.50006,34.47107],[132.49977,34.47114],[132.49959,34.47142],[132.49851,34.47104],[132.49846,34.47102],[132.49824,34.47087],[132.49818,34.47072],[132.49811,34.47065],[132.49811,34.47048],[132.49792,34.47041],[132.49764,34.47017],[132.49744,34.46983],[132.49712,34.46957],[132.49695,34.46945],[132.49677,34.46944],[132.49677,34.46944],[132.49673,34.46952],[132.49663,34.46948],[132.49658,34.46946],[132.49638,34.4694],[132.49636,34.4694],[132.49631,34.46938],[132.49474,34.46997],[132.49482,34.47013],[132.495,34.47042],[132.49516,34.47068],[132.49541,34.47111],[132.49592,34.47197],[132.49736,34.47153],[132.49762,34.47173],[132.49776,34.47184],[132.49792,34.47196],[132.49803,34.47206],[132.49812,34.47217],[132.49826,34.47235],[132.49846,34.47228],[132.49835,34.47216],[132.49823,34.47201],[132.49818,34.47194],[132.49821,34.47187],[132.4982,34.47179],[132.49819,34.47172],[132.49817,34.47164],[132.49818,34.47158],[132.49825,34.47154],[132.49854,34.47155],[132.49864,34.47163],[132.4987,34.47166],[132.49874,34.47166],[132.4988,34.47164],[132.49883,34.47162],[132.49904,34.47155],[132.49905,34.47157],[132.49907,34.47162],[132.4991,34.47168],[132.49917,34.47171],[132.49922,34.47173],[132.49926,34.47175],[132.49931,34.47177],[132.49938,34.47179],[132.49947,34.47201],[132.49948,34.47204],[132.49953,34.47219],[132.49966,34.47235],[132.49968,34.47238],[132.49973,34.47244],[132.4999,34.47267],[132.49993,34.4727],[132.49996,34.47275],[132.50008,34.47292],[132.50009,34.47295],[132.50011,34.47299],[132.50016,34.47318],[132.50016,34.47322],[132.50017,34.47326],[132.50022,34.47356],[132.50012,34.4736],[132.49979,34.47346],[132.49957,34.47353],[132.49961,34.47362],[132.49961,34.47364],[132.4996,34.4737],[132.4996,34.47371],[132.49957,34.47376],[132.49959,34.47382],[132.49965,34.47389],[132.49972,34.47394],[132.49978,34.47396],[132.49985,34.47397],[132.49992,34.474],[132.49999,34.474],[132.50008,34.47397],[132.50011,34.47392],[132.50014,34.47389],[132.50014,34.47388],[132.50015,34.47387],[132.50019,34.47382],[132.50042,34.4738],[132.50044,34.47388],[132.50049,34.47388],[132.50064,34.47393],[132.50076,34.47403],[132.50081,34.47407],[132.50088,34.4741],[132.50096,34.4741],[132.50105,34.47411],[132.50116,34.47412],[132.50129,34.47412],[132.50132,34.47413]]]}},{"type":"Feature","properties":{"name":"口田町","setai":0,"jinko":0,"key":"341067160","units":1},"geometry":{"type":"Polygon","coordinates":[[[132.50188,34.47435],[132.50229,34.47433],[132.50241,34.47434],[132.50279,34.47437],[132.50296,34.47438],[132.50324,34.47446],[132.5035,34.47455],[132.50375,34.47462],[132.50406,34.4747],[132.50426,34.47472],[132.50454,34.47471],[132.50479,34.47469],[132.50496,34.47466],[132.50524,34.47457],[132.50538,34.47451],[132.50549,34.47444],[132.50564,34.47434],[132.50576,34.47427],[132.50587,34.47419],[132.5059,34.47416],[132.50594,34.47413],[132.50611,34.47388],[132.50621,34.47366],[132.50629,34.47341],[132.50634,34.47321],[132.50641,34.47298],[132.50648,34.47274],[132.50653,34.47248],[132.50658,34.47227],[132.50687,34.47206],[132.50709,34.47192],[132.5073,34.47178],[132.50743,34.47163],[132.50758,34.47146],[132.50772,34.4713],[132.50814,34.47069],[132.50776,34.47094],[132.5077,34.47102],[132.50762,34.47107],[132.50702,34.47139],[132.50671,34.47155],[132.50664,34.47147],[132.50656,34.47141],[132.50648,34.47135],[132.5064,34.47128],[132.50633,34.4712],[132.50626,34.4711],[132.50619,34.47101],[132.50607,34.47092],[132.50598,34.47088],[132.50588,34.47086],[132.50577,34.47084],[132.50568,34.47084],[132.50556,34.47085],[132.50545,34.47089],[132.50536,34.47097],[132.50529,34.47104],[132.50523,34.47113],[132.50516,34.47123],[132.50509,34.47134],[132.50502,34.47146],[132.505,34.47149],[132.50492,34.47151],[132.50489,34.47152],[132.5049,34.47157],[132.50524,34.47174],[132.50498,34.472],[132.50516,34.47212],[132.50525,34.47217],[132.50536,34.47224],[132.50543,34.47231],[132.50559,34.47257],[132.50576,34.47275],[132.50599,34.473],[132.506,34.4731],[132.50591,34.47316],[132.5057,34.47317],[132.5054,34.47319],[132.5053,34.47321],[132.50522,34.47322],[132.50516,34.47326],[132.50507,34.47331],[132.50458,34.47373],[132.50463,34.47378],[132.50474,34.4739],[132.50448,34.4741],[132.50446,34.47408],[132.50441,34.47407],[132.50428,34.47403],[132.50409,34.47403],[132.504,34.47401],[132.5038,34.47397],[132.50372,34.47396],[132.50364,34.47399],[132.50356,34.474],[132.50354,34.474],[132.50349,34.47393],[132.50346,34.47391],[132.5034,34.47387],[132.50331,34.47381],[132.50322,34.47378],[132.50315,34.47375],[132.50306,34.47373],[132.50281,34.47373],[132.50263,34.47373],[132.50259,34.47373],[132.50228,34.47364],[132.50211,34.47374],[132.50187,34.47385],[132.50158,34.47396],[132.50132,34.47413],[132.50129,34.47412],[132.50116,34.47412],[132.50105,34.47411],[132.50096,34.4741],[132.50088,34.4741],[132.50081,34.47407],[132.50076,34.47403],[132.50064,34.47393],[132.50049,34.47388],[132.50044,34.47388],[132.50042,34.4738],[132.50019,34.47382],[132.50015,34.47387],[132.50014,34.47388],[132.50014,34.47389],[132.50011,34.47392],[132.50008,34.47397],[132.49999,34.474],[132.49992,34.474],[132.49985,34.47397],[132.49978,34.47396],[132.49972,34.47394],[132.49965,34.47389],[132.49959,34.47382],[132.49957,34.47376],[132.4996,34.47371],[132.4996,34.4737],[132.49961,34.47364],[132.49961,34.47362],[132.49957,34.47353],[132.49979,34.47346],[132.50012,34.4736],[132.50022,34.47356],[132.50017,34.47326],[132.50016,34.47322],[132.50016,34.47318],[132.50011,34.47299],[132.50009,34.47295],[132.50008,34.47292],[132.49996,34.47275],[132.49993,34.4727],[132.4999,34.47267],[132.49973,34.47244],[132.49968,34.47238],[132.49966,34.47235],[132.49953,34.47219],[132.49948,34.47204],[132.49947,34.47201],[132.49938,34.47179],[132.49931,34.47177],[132.49926,34.47175],[132.49922,34.47173],[132.49917,34.47171],[132.4991,34.47168],[132.49907,34.47162],[132.49905,34.47157],[132.49904,34.47155],[132.49883,34.47162],[132.4988,34.47164],[132.49874,34.47166],[132.4987,34.47166],[132.49864,34.47163],[132.49854,34.47155],[132.49825,34.47154],[132.49818,34.47158],[132.49817,34.47164],[132.49819,34.47172],[132.4982,34.47179],[132.49821,34.47187],[132.49818,34.47194],[132.49823,34.47201],[132.49835,34.47216],[132.49846,34.47228],[132.49826,34.47235],[132.49812,34.47217],[132.49803,34.47206],[132.49792,34.47196],[132.49776,34.47184],[132.49762,34.47173],[132.49736,34.47153],[132.49592,34.47197],[132.49602,34.47214],[132.49644,34.47286],[132.49684,34.47345],[132.49715,34.47389],[132.49752,34.47433],[132.49764,34.47446],[132.49764,34.47447],[132.49772,34.47456],[132.49802,34.47488],[132.49871,34.47474],[132.49878,34.47472],[132.49928,34.47462],[132.50006,34.47446],[132.50061,34.47442],[132.5013,34.47438],[132.50188,34.47435]]]}},{"type":"Feature","properties":{"name":"口田南一丁目","setai":516,"jinko":1335,"key":"34106717001","units":1},"geometry":{"type":"Polygon","coordinates":[[[132.49296,34.4546],[132.4928,34.45293],[132.49278,34.45294],[132.49273,34.45234],[132.49264,34.45141],[132.49252,34.45013],[132.4924,34.44894],[132.4924,34.44894],[132.49232,34.44803],[132.4922,34.44795],[132.49215,34.44749],[132.49212,34.44724],[132.49209,34.44718],[132.49223,34.44716],[132.49221,34.44701],[132.49234,34.44719],[132.49215,34.44639],[132.49245,34.44637],[132.49251,34.44637],[132.49251,34.44632],[132.49254,34.44619],[132.49258,34.44607],[132.4926,34.44599],[132.49258,34.44546],[132.4924,34.4453],[132.49231,34.44519],[132.49221,34.44504],[132.49213,34.44494],[132.49208,34.44491],[132.4921,34.44488],[132.49226,34.44467],[132.4923,34.44462],[132.49231,34.44454],[132.49231,34.44449],[132.4923,34.44444],[132.49223,34.44436],[132.4922,34.44433],[132.49216,34.44431],[132.49213,34.44428],[132.49211,34.44423],[132.49212,34.44416],[132.49213,34.44412],[132.49217,34.44407],[132.4922,34.44401],[132.49221,34.44395],[132.49222,34.44389],[132.4922,34.44383],[132.49217,34.44378],[132.49213,34.44375],[132.49205,34.44372],[132.492,34.44369],[132.49198,34.44367],[132.49197,34.44364],[132.49198,34.44362],[132.49201,34.44359],[132.49204,34.44357],[132.49207,34.44356],[132.49209,34.44356],[132.49213,34.44352],[132.49213,34.44349],[132.49215,34.44349],[132.49216,34.4435],[132.4922,34.44353],[132.49224,34.44352],[132.49224,34.4435],[132.49226,34.44348],[132.49229,34.44342],[132.49232,34.44342],[132.49237,34.44339],[132.49241,34.44336],[132.4925,34.44327],[132.4925,34.44325],[132.49249,34.44321],[132.49246,34.44319],[132.49238,34.44317],[132.49232,34.44316],[132.49227,34.44316],[132.4922,34.44318],[132.49213,34.44319],[132.49207,34.44319],[132.492,34.44317],[132.49197,34.44308],[132.49196,34.44306],[132.49195,34.44302],[132.49196,34.44296],[132.49196,34.44264],[132.49194,34.44259],[132.49187,34.44251],[132.49175,34.44244],[132.49165,34.44205],[132.4916,34.44205],[132.49156,34.44206],[132.49145,34.44207],[132.49129,34.44209],[132.49111,34.44216],[132.49098,34.44222],[132.4909,34.4422],[132.49072,34.44215],[132.49018,34.44236],[132.48977,34.4425],[132.4898,34.44258],[132.48983,34.44268],[132.48984,34.44276],[132.4898,34.44315],[132.48966,34.44437],[132.48948,34.44535],[132.48947,34.4454],[132.48942,34.44588],[132.48934,34.4465],[132.48924,34.44724],[132.4892,34.44759],[132.48916,34.44786],[132.48913,34.44807],[132.48912,34.44815],[132.48912,34.44815],[132.48909,34.44836],[132.48906,34.44856],[132.48906,34.44857],[132.489,34.44897],[132.48894,34.44935],[132.48886,34.44978],[132.48876,34.45029],[132.48871,34.45058],[132.48867,34.45076],[132.48865,34.45089],[132.4886,34.45109],[132.48854,34.45138],[132.48849,34.45151],[132.48847,34.45156],[132.48844,34.45163],[132.48841,34.45172],[132.48839,34.45176],[132.48837,34.45182],[132.48831,34.45201],[132.48827,34.45214],[132.48823,34.45227],[132.48818,34.45245],[132.48816,34.45255],[132.48814,34.45259],[132.48814,34.45262],[132.48813,34.45267],[132.48813,34.45274],[132.48812,34.45281],[132.48813,34.45288],[132.48814,34.45296],[132.48816,34.45309],[132.48816,34.4531],[132.48823,34.45352],[132.48828,34.45381],[132.48829,34.45384],[132.48834,34.45406],[132.48837,34.45422],[132.48839,34.45431],[132.48841,34.45437],[132.48842,34.45442],[132.48845,34.45448],[132.4885,34.45458],[132.48854,34.45467],[132.48859,34.45477],[132.48864,34.45487],[132.48864,34.45488],[132.48871,34.455],[132.48873,34.45505],[132.48876,34.45511],[132.48878,34.45516],[132.48879,34.45517],[132.48887,34.45532],[132.48894,34.45544],[132.48901,34.45556],[132.4891,34.45573],[132.48922,34.45592],[132.48935,34.45615],[132.4895,34.45637],[132.48969,34.45665],[132.48989,34.45694],[132.48998,34.45706],[132.49009,34.45722],[132.49011,34.45724],[132.49014,34.45729],[132.49016,34.45732],[132.49017,34.45734],[132.49033,34.45757],[132.49035,34.4576],[132.49036,34.4576],[132.49052,34.45785],[132.49064,34.45802],[132.49165,34.45941],[132.49211,34.46031],[132.49307,34.46005],[132.4938,34.45991],[132.49386,34.4599],[132.49372,34.4596],[132.49366,34.45946],[132.49359,34.45931],[132.49351,34.45911],[132.49345,34.45893],[132.49343,34.45888],[132.49337,34.45862],[132.49333,34.45841],[132.49333,34.45834],[132.49331,34.45816],[132.49327,34.45789],[132.49326,34.4578],[132.49326,34.45772],[132.49323,34.45744],[132.49323,34.45738],[132.49319,34.457],[132.49316,34.4567],[132.49307,34.45574],[132.49296,34.4546]]]}},{"type":"Feature","properties":{"name":"口田南二丁目","setai":492,"jinko":1172,"key":"34106717002","units":1},"geometry":{"type":"Polygon","coordinates":[[[132.49641,34.45964],[132.49641,34.45957],[132.49642,34.45956],[132.49643,34.45948],[132.49651,34.45921],[132.49656,34.45903],[132.49659,34.4589],[132.4966,34.45877],[132.4966,34.45863],[132.49658,34.45852],[132.49656,34.45846],[132.49651,34.45833],[132.49645,34.45822],[132.49638,34.4581],[132.49628,34.45796],[132.49617,34.45778],[132.49608,34.45766],[132.49604,34.4576],[132.49602,34.45757],[132.49595,34.45748],[132.49588,34.45735],[132.49586,34.45723],[132.49582,34.45673],[132.49583,34.45665],[132.49581,34.45655],[132.49577,34.45642],[132.49574,34.45636],[132.49573,34.45634],[132.49571,34.4563],[132.4956,34.4561],[132.49548,34.45587],[132.49526,34.45548],[132.49518,34.45532],[132.49516,34.45528],[132.49507,34.4551],[132.49501,34.45494],[132.49498,34.45484],[132.49497,34.45482],[132.49495,34.45478],[132.49484,34.45436],[132.49483,34.45436],[132.49445,34.45321],[132.49411,34.45232],[132.49411,34.45232],[132.49399,34.45198],[132.49372,34.45126],[132.49371,34.45125],[132.49371,34.45123],[132.49328,34.45007],[132.49327,34.45006],[132.49327,34.45004],[132.49315,34.44977],[132.49292,34.44925],[132.49277,34.44891],[132.49277,34.44891],[132.49275,34.44886],[132.49275,34.44886],[132.49254,34.44805],[132.49246,34.44756],[132.49242,34.44736],[132.49234,34.44719],[132.49221,34.44701],[132.49223,34.44716],[132.49209,34.44718],[132.49212,34.44724],[132.49215,34.44749],[132.4922,34.44795],[132.49232,34.44803],[132.4924,34.44894],[132.4924,34.44894],[132.49252,34.45013],[132.49264,34.45141],[132.49273,34.45234],[132.49278,34.45294],[132.4928,34.45293],[132.49296,34.4546],[132.49307,34.45574],[132.49316,34.4567],[132.49319,34.457],[132.49323,34.45738],[132.49323,34.45744],[132.49326,34.45772],[132.49326,34.4578],[132.49327,34.45789],[132.49331,34.45816],[132.49333,34.45834],[132.49333,34.45841],[132.49337,34.45862],[132.49343,34.45888],[132.49345,34.45893],[132.49351,34.45911],[132.49359,34.45931],[132.49366,34.45946],[132.49372,34.4596],[132.49386,34.4599],[132.49409,34.45986],[132.4943,34.45984],[132.49449,34.45982],[132.49451,34.45981],[132.49484,34.45977],[132.4951,34.45971],[132.49529,34.45966],[132.49531,34.45965],[132.49544,34.45962],[132.49551,34.45961],[132.49556,34.45961],[132.49568,34.45961],[132.49577,34.45963],[132.49588,34.45967],[132.49603,34.45976],[132.49609,34.4598],[132.49612,34.45983],[132.4962,34.4599],[132.4962,34.4599],[132.49623,34.45995],[132.49624,34.45996],[132.49631,34.46002],[132.49633,34.46004],[132.49639,34.46011],[132.49647,34.46017],[132.49651,34.4602],[132.49651,34.46008],[132.49647,34.45992],[132.49643,34.45971],[132.49641,34.45964]]]}},{"type":"Feature","properties":{"name":"口田南三丁目","setai":619,"jinko":1389,"key":"34106717003","units":1},"geometry":{"type":"Polygon","coordinates":[[[132.4966,34.45766],[132.49672,34.45763],[132.49704,34.45738],[132.49711,34.45732],[132.49705,34.45723],[132.49712,34.45718],[132.49718,34.45712],[132.49724,34.45706],[132.49729,34.45699],[132.49731,34.45693],[132.49733,34.45688],[132.49734,34.45686],[132.49723,34.45631],[132.49721,34.45623],[132.49716,34.45617],[132.49709,34.4561],[132.49699,34.45606],[132.49689,34.45603],[132.49677,34.45601],[132.49665,34.456],[132.49675,34.45585],[132.4968,34.45578],[132.49695,34.45565],[132.49698,34.45556],[132.4971,34.45524],[132.49707,34.45484],[132.49719,34.45469],[132.49728,34.45463],[132.49745,34.45442],[132.49751,34.45436],[132.49758,34.45426],[132.49762,34.45419],[132.49804,34.45355],[132.49827,34.45363],[132.49829,34.45328],[132.4985,34.4532],[132.49859,34.45315],[132.49874,34.45304],[132.49878,34.45297],[132.49879,34.45296],[132.49844,34.45278],[132.49838,34.45275],[132.49835,34.45272],[132.49833,34.4527],[132.49833,34.45267],[132.49833,34.45265],[132.49835,34.45262],[132.49837,34.4526],[132.4984,34.45254],[132.49839,34.45245],[132.49839,34.4524],[132.4984,34.45238],[132.49841,34.45235],[132.49844,34.45233],[132.49851,34.4523],[132.49854,34.45227],[132.49859,34.45222],[132.4986,34.45219],[132.4986,34.45216],[132.49857,34.45211],[132.49854,34.4521],[132.49845,34.45207],[132.49838,34.45207],[132.49828,34.45207],[132.49821,34.4521],[132.49815,34.45213],[132.49813,34.45216],[132.4981,34.45217],[132.49809,34.45215],[132.49808,34.45214],[132.49806,34.45212],[132.49803,34.45211],[132.49796,34.45208],[132.49788,34.45207],[132.49774,34.45208],[132.49766,34.45208],[132.49759,34.4521],[132.49754,34.4521],[132.49742,34.4521],[132.49694,34.45202],[132.49664,34.45194],[132.49651,34.45191],[132.49649,34.4519],[132.49657,34.45181],[132.49658,34.4518],[132.49661,34.45178],[132.49663,34.45179],[132.49666,34.4518],[132.49669,34.4518],[132.49676,34.4518],[132.49683,34.45177],[132.49686,34.45174],[132.4969,34.45168],[132.49693,34.45161],[132.49696,34.45153],[132.49699,34.4515],[132.49704,34.45146],[132.4971,34.45139],[132.49711,34.45134],[132.49716,34.45123],[132.49717,34.45111],[132.49715,34.45106],[132.49712,34.45098],[132.4971,34.45091],[132.49707,34.45084],[132.49707,34.4508],[132.49708,34.45073],[132.49707,34.45063],[132.49676,34.45057],[132.49647,34.45048],[132.49628,34.4504],[132.49609,34.45021],[132.49608,34.45019],[132.49614,34.45007],[132.49614,34.45007],[132.49616,34.45003],[132.49622,34.44994],[132.49625,34.44991],[132.49626,34.44989],[132.49627,34.44987],[132.49627,34.44985],[132.49627,34.44984],[132.49628,34.44981],[132.49629,34.44977],[132.49632,34.44974],[132.49637,34.44971],[132.49638,34.44969],[132.49646,34.44965],[132.49651,34.44962],[132.49656,34.44959],[132.49657,34.44956],[132.49655,34.44955],[132.49637,34.44957],[132.49623,34.44959],[132.49605,34.44964],[132.49588,34.4497],[132.49577,34.4497],[132.49577,34.44969],[132.49572,34.4497],[132.49567,34.44969],[132.49566,34.4497],[132.49565,34.44971],[132.49561,34.44972],[132.4956,34.44966],[132.4956,34.44956],[132.49562,34.44944],[132.49561,34.44932],[132.49561,34.44912],[132.49564,34.44903],[132.49574,34.44883],[132.49589,34.44852],[132.49587,34.44851],[132.49564,34.44884],[132.49556,34.44898],[132.4955,34.44914],[132.49543,34.44931],[132.49539,34.44938],[132.49529,34.44948],[132.49523,34.44955],[132.49508,34.44966],[132.49507,34.44967],[132.49501,34.44969],[132.49496,34.44971],[132.49493,34.44975],[132.49489,34.44978],[132.49488,34.44983],[132.49485,34.44996],[132.49483,34.45002],[132.4948,34.45007],[132.49479,34.45012],[132.49477,34.45018],[132.49475,34.45023],[132.49471,34.45029],[132.49467,34.45037],[132.49464,34.4504],[132.49461,34.45043],[132.49454,34.45044],[132.49445,34.45045],[132.49443,34.45045],[132.49439,34.45042],[132.49433,34.4504],[132.49426,34.45038],[132.49417,34.45023],[132.49417,34.45022],[132.49408,34.45011],[132.49406,34.45009],[132.49382,34.45001],[132.49395,34.44966],[132.49403,34.44962],[132.49408,34.4496],[132.49413,34.44959],[132.49418,34.44959],[132.49421,34.44959],[132.49424,34.44959],[132.49425,34.44958],[132.49426,34.44956],[132.49426,34.44953],[132.49425,34.4495],[132.49424,34.44946],[132.4942,34.44939],[132.49413,34.44929],[132.4941,34.44926],[132.49408,34.44924],[132.49416,34.4492],[132.49419,34.44919],[132.49424,34.44919],[132.49429,34.44919],[132.49433,34.44918],[132.49437,34.44916],[132.49439,34.44915],[132.49442,34.44913],[132.49443,34.44912],[132.49444,34.44907],[132.49443,34.44902],[132.49443,34.449],[132.49442,34.44897],[132.49441,34.44895],[132.49439,34.44892],[132.49436,34.44888],[132.49433,34.44884],[132.4943,34.44882],[132.49428,34.4488],[132.49425,34.44877],[132.49422,34.44875],[132.4942,34.44874],[132.49415,34.44871],[132.49412,34.4487],[132.49409,34.44869],[132.49405,34.44868],[132.49402,34.44867],[132.494,34.44867],[132.49397,34.44866],[132.49393,34.44864],[132.4939,34.44857],[132.49387,34.44854],[132.49378,34.4485],[132.49374,34.4485],[132.49369,34.44845],[132.49366,34.44842],[132.49362,34.44838],[132.4936,34.44836],[132.49358,34.44834],[132.49355,34.44832],[132.4935,34.4483],[132.49346,34.44828],[132.49342,34.44827],[132.49339,34.44824],[132.49336,34.44821],[132.49331,34.44813],[132.49326,34.44807],[132.49319,34.44801],[132.49316,34.44799],[132.49314,34.44798],[132.49313,34.44798],[132.49311,34.44797],[132.49307,34.44797],[132.49299,34.44794],[132.49288,34.44794],[132.49287,34.44783],[132.49285,34.4477],[132.49282,34.44769],[132.49277,34.44768],[132.49275,34.44764],[132.49274,34.44761],[132.49272,34.44757],[132.49271,34.44754],[132.49271,34.44752],[132.49278,34.44751],[132.4928,34.44749],[132.49281,34.44746],[132.49281,34.44742],[132.49281,34.44732],[132.4928,34.44731],[132.49277,34.44728],[132.49274,34.44726],[132.49273,34.44723],[132.4927,34.44719],[132.49266,34.44704],[132.4926,34.44675],[132.49251,34.44637],[132.49245,34.44637],[132.49215,34.44639],[132.49234,34.44719],[132.49242,34.44736],[132.49246,34.44756],[132.49254,34.44805],[132.49275,34.44886],[132.49275,34.44886],[132.49277,34.44891],[132.49277,34.44891],[132.49292,34.44925],[132.49315,34.44977],[132.49327,34.45004],[132.49327,34.45006],[132.49328,34.45007],[132.49371,34.45123],[132.49371,34.45125],[132.49372,34.45126],[132.49399,34.45198],[132.49411,34.45232],[132.49411,34.45232],[132.49445,34.45321],[132.49483,34.45436],[132.49484,34.45436],[132.49495,34.45478],[132.49497,34.45482],[132.49498,34.45484],[132.49501,34.45494],[132.49507,34.4551],[132.49516,34.45528],[132.49518,34.45532],[132.49526,34.45548],[132.49548,34.45587],[132.4956,34.4561],[132.49571,34.4563],[132.49573,34.45634],[132.49574,34.45636],[132.49577,34.45642],[132.49581,34.45655],[132.49583,34.45665],[132.49582,34.45673],[132.49586,34.45723],[132.49588,34.45735],[132.49595,34.45748],[132.49602,34.45757],[132.49604,34.4576],[132.49608,34.45766],[132.4962,34.45765],[132.49632,34.45765],[132.49643,34.45765],[132.49652,34.45766],[132.4966,34.45766]]]}},{"type":"Feature","properties":{"name":"口田南四丁目","setai":514,"jinko":1317,"key":"34106717004","units":1},"geometry":{"type":"Polygon","coordinates":[[[132.49767,34.45987],[132.49784,34.45976],[132.49791,34.45982],[132.49788,34.45991],[132.49797,34.45991],[132.49805,34.45992],[132.49811,34.45993],[132.49818,34.45995],[132.49828,34.45998],[132.49834,34.46002],[132.49836,34.46003],[132.49839,34.46004],[132.49849,34.46003],[132.49866,34.45997],[132.49884,34.45987],[132.49899,34.45974],[132.49912,34.45959],[132.49921,34.45944],[132.49924,34.45939],[132.49938,34.45914],[132.49942,34.45901],[132.49944,34.45896],[132.49945,34.45883],[132.49932,34.45872],[132.49923,34.45859],[132.49918,34.45848],[132.49919,34.45835],[132.49923,34.45833],[132.49933,34.4583],[132.49945,34.45829],[132.49955,34.45828],[132.49968,34.45832],[132.49976,34.45835],[132.4998,34.45836],[132.49984,34.45837],[132.49996,34.45841],[132.49992,34.45833],[132.49989,34.45827],[132.49988,34.45824],[132.49983,34.45815],[132.49976,34.45808],[132.49958,34.45795],[132.49967,34.45794],[132.49971,34.4579],[132.49979,34.45785],[132.49987,34.45783],[132.49997,34.45781],[132.50008,34.45776],[132.50008,34.45771],[132.50007,34.45764],[132.50009,34.45758],[132.50018,34.45754],[132.50025,34.45751],[132.50032,34.45748],[132.50039,34.45743],[132.5005,34.45742],[132.50089,34.45739],[132.50092,34.45734],[132.50098,34.45719],[132.50098,34.45714],[132.50098,34.45709],[132.50097,34.457],[132.50097,34.45697],[132.50097,34.45696],[132.50104,34.45686],[132.50103,34.45638],[132.50059,34.45608],[132.50057,34.45606],[132.5005,34.45601],[132.50043,34.45595],[132.50039,34.45594],[132.5003,34.45593],[132.50032,34.4557],[132.5005,34.45566],[132.50052,34.45557],[132.50053,34.45546],[132.50054,34.45535],[132.50051,34.45525],[132.50046,34.45517],[132.50043,34.45514],[132.50046,34.4549],[132.50042,34.45488],[132.50028,34.45487],[132.50041,34.45468],[132.50041,34.45457],[132.5004,34.45443],[132.50042,34.45438],[132.50047,34.45431],[132.50056,34.45416],[132.50061,34.45408],[132.50064,34.45395],[132.50069,34.45385],[132.50072,34.45367],[132.50071,34.45357],[132.50073,34.45349],[132.50072,34.45341],[132.50071,34.45335],[132.50067,34.45329],[132.50063,34.45323],[132.50062,34.45313],[132.50062,34.45306],[132.50059,34.45308],[132.50058,34.45309],[132.50052,34.45313],[132.50049,34.45317],[132.50045,34.45324],[132.50044,34.45332],[132.50044,34.45343],[132.5004,34.45343],[132.49997,34.45338],[132.49993,34.45324],[132.49992,34.45309],[132.49992,34.45308],[132.49993,34.45306],[132.49985,34.45296],[132.49967,34.45267],[132.49955,34.45269],[132.49948,34.45271],[132.49924,34.45279],[132.49923,34.45281],[132.49921,34.45284],[132.49916,34.45283],[132.49913,34.45283],[132.49886,34.45292],[132.49879,34.45296],[132.49878,34.45297],[132.49874,34.45304],[132.49859,34.45315],[132.4985,34.4532],[132.49829,34.45328],[132.49827,34.45363],[132.49804,34.45355],[132.49762,34.45419],[132.49758,34.45426],[132.49751,34.45436],[132.49745,34.45442],[132.49728,34.45463],[132.49719,34.45469],[132.49707,34.45484],[132.4971,34.45524],[132.49698,34.45556],[132.49695,34.45565],[132.4968,34.45578],[132.49675,34.45585],[132.49665,34.456],[132.49677,34.45601],[132.49689,34.45603],[132.49699,34.45606],[132.49709,34.4561],[132.49716,34.45617],[132.49721,34.45623],[132.49723,34.45631],[132.49734,34.45686],[132.49733,34.45688],[132.49731,34.45693],[132.49729,34.45699],[132.49724,34.45706],[132.49718,34.45712],[132.49712,34.45718],[132.49705,34.45723],[132.49711,34.45732],[132.49704,34.45738],[132.49672,34.45763],[132.4966,34.45766],[132.49652,34.45766],[132.49643,34.45765],[132.49632,34.45765],[132.4962,34.45765],[132.49608,34.45766],[132.49617,34.45778],[132.49628,34.45796],[132.49638,34.4581],[132.49645,34.45822],[132.49651,34.45833],[132.49656,34.45846],[132.49658,34.45852],[132.4966,34.45863],[132.4966,34.45877],[132.49659,34.4589],[132.49656,34.45903],[132.49651,34.45921],[132.49643,34.45948],[132.49642,34.45956],[132.49641,34.45957],[132.49641,34.45964],[132.49643,34.45971],[132.49657,34.45963],[132.4966,34.45965],[132.49671,34.45963],[132.49676,34.45962],[132.4968,34.45962],[132.49699,34.45978],[132.49699,34.45981],[132.49698,34.45984],[132.49685,34.46],[132.49692,34.46006],[132.49693,34.46017],[132.49713,34.4601],[132.49729,34.46008],[132.49741,34.46005],[132.49752,34.45999],[132.49755,34.45994],[132.49767,34.45987]]]}},{"type":"Feature","properties":{"name":"口田南五丁目","setai":89,"jinko":250,"key":"34106717005","units":1},"geometry":{"type":"Polygon","coordinates":[[[132.50222,34.45409],[132.5024,34.45386],[132.50247,34.45407],[132.50246,34.45423],[132.50245,34.45424],[132.50236,34.45453],[132.50236,34.45454],[132.50254,34.45451],[132.50265,34.45419],[132.50274,34.45399],[132.50276,34.45365],[132.50289,34.45329],[132.50304,34.45328],[132.50314,34.45322],[132.50306,34.45307],[132.50314,34.45292],[132.50314,34.45269],[132.50352,34.45219],[132.50394,34.45185],[132.50405,34.45167],[132.50406,34.45155],[132.50413,34.45146],[132.50425,34.45129],[132.50433,34.45105],[132.50429,34.45097],[132.50415,34.45086],[132.50413,34.45063],[132.50414,34.45052],[132.50417,34.45036],[132.50417,34.45028],[132.50417,34.4502],[132.50416,34.45013],[132.50413,34.44996],[132.50416,34.4499],[132.50417,34.44987],[132.50417,34.44979],[132.50417,34.44972],[132.50419,34.44964],[132.50423,34.44956],[132.50426,34.44951],[132.50432,34.44941],[132.5044,34.44931],[132.50444,34.44925],[132.50446,34.4492],[132.50453,34.44905],[132.50454,34.44904],[132.5046,34.44895],[132.50466,34.44885],[132.50472,34.44876],[132.50479,34.4487],[132.50486,34.44865],[132.50497,34.4486],[132.50505,34.44858],[132.50517,34.44855],[132.50531,34.44852],[132.50546,34.44848],[132.50557,34.44846],[132.50569,34.44843],[132.50582,34.44839],[132.50585,34.44839],[132.506,34.44837],[132.50617,34.44839],[132.5063,34.44843],[132.50641,34.44847],[132.50651,34.44852],[132.50663,34.44855],[132.50667,34.44858],[132.50677,34.44861],[132.50687,34.44863],[132.50684,34.44855],[132.50676,34.44845],[132.50675,34.44842],[132.50673,34.44835],[132.50657,34.44823],[132.50674,34.44818],[132.50694,34.44814],[132.50709,34.44812],[132.50726,34.44807],[132.5074,34.44804],[132.50749,34.44798],[132.50755,34.44788],[132.50761,34.4478],[132.50768,34.44766],[132.50771,34.44755],[132.50774,34.4475],[132.5076,34.44754],[132.50754,34.44755],[132.50727,34.44765],[132.50718,34.44768],[132.50702,34.44773],[132.50682,34.4478],[132.50659,34.44787],[132.50639,34.44791],[132.50627,34.44795],[132.50608,34.44803],[132.50594,34.44807],[132.50589,34.44802],[132.50582,34.44803],[132.50555,34.44808],[132.50551,34.44809],[132.5055,34.44799],[132.50534,34.44801],[132.505,34.44804],[132.50485,34.44807],[132.50478,34.44807],[132.50475,34.44808],[132.50469,34.44807],[132.50459,34.44805],[132.50453,34.44814],[132.50445,34.44826],[132.50438,34.44832],[132.5043,34.44837],[132.5042,34.44841],[132.50415,34.44845],[132.50402,34.44864],[132.50392,34.44881],[132.50385,34.44896],[132.50381,34.44909],[132.50377,34.44916],[132.50376,34.44927],[132.5038,34.44948],[132.50379,34.44954],[132.50377,34.44956],[132.50369,34.44959],[132.50364,34.4496],[132.5036,34.44964],[132.50354,34.44971],[132.50351,34.44976],[132.50347,34.44986],[132.50344,34.44994],[132.50342,34.45003],[132.50343,34.45009],[132.50343,34.4501],[132.50348,34.45021],[132.50351,34.45031],[132.50351,34.45042],[132.50349,34.45051],[132.5035,34.45057],[132.5035,34.45061],[132.50346,34.45064],[132.50339,34.45069],[132.50329,34.45073],[132.50323,34.45076],[132.50321,34.45081],[132.50322,34.45085],[132.50325,34.4509],[132.50328,34.45094],[132.50331,34.45095],[132.50302,34.45112],[132.50298,34.4511],[132.50296,34.45109],[132.50268,34.45115],[132.50254,34.45125],[132.50238,34.45141],[132.5022,34.45155],[132.502,34.45168],[132.50171,34.45187],[132.50165,34.45195],[132.50157,34.45209],[132.50148,34.45232],[132.50146,34.45237],[132.50134,34.45234],[132.50129,34.45234],[132.50125,34.45234],[132.50122,34.45235],[132.50103,34.45243],[132.50099,34.45251],[132.50102,34.45262],[132.50111,34.45272],[132.50111,34.45283],[132.50107,34.45294],[132.50099,34.45302],[132.5009,34.45304],[132.50088,34.45303],[132.50079,34.45298],[132.50069,34.45289],[132.50057,34.45287],[132.50058,34.45291],[132.50058,34.45291],[132.50059,34.45308],[132.50062,34.45306],[132.50062,34.45313],[132.50063,34.45323],[132.50067,34.45329],[132.50071,34.45335],[132.50072,34.45341],[132.50073,34.45349],[132.50071,34.45357],[132.50072,34.45367],[132.50069,34.45385],[132.50064,34.45395],[132.50061,34.45408],[132.50056,34.45416],[132.50047,34.45431],[132.50042,34.45438],[132.5004,34.45443],[132.50041,34.45457],[132.50041,34.45468],[132.50028,34.45487],[132.50042,34.45488],[132.50046,34.4549],[132.50073,34.45501],[132.50079,34.45508],[132.50123,34.45503],[132.50162,34.45493],[132.50214,34.45481],[132.50221,34.45474],[132.50223,34.45465],[132.50223,34.45449],[132.50221,34.45438],[132.50218,34.45429],[132.50218,34.45422],[132.5022,34.45414],[132.50222,34.45409]]]}},{"type":"Feature","properties":{"name":"口田南六丁目","setai":215,"jinko":534,"key":"34106717006","units":1},"geometry":{"type":"Polygon","coordinates":[[[132.50225,34.45975],[132.50242,34.45971],[132.50244,34.45971],[132.50248,34.45971],[132.5025,34.45972],[132.50263,34.45973],[132.50269,34.45977],[132.50275,34.45982],[132.50276,34.45983],[132.50277,34.45986],[132.50296,34.45978],[132.50309,34.45971],[132.50299,34.45959],[132.50279,34.45941],[132.50276,34.45938],[132.50263,34.45927],[132.50254,34.45917],[132.50245,34.45904],[132.50237,34.45893],[132.50249,34.45895],[132.50268,34.459],[132.50279,34.45904],[132.50285,34.45904],[132.50291,34.45901],[132.50295,34.45897],[132.50301,34.45892],[132.50307,34.45885],[132.50312,34.45881],[132.50319,34.45878],[132.50325,34.45874],[132.5033,34.45868],[132.50332,34.45862],[132.50337,34.45861],[132.50342,34.45861],[132.50344,34.45861],[132.50347,34.45861],[132.50348,34.45865],[132.5035,34.45867],[132.50352,34.45869],[132.50355,34.45871],[132.50358,34.45873],[132.50363,34.45873],[132.50382,34.45845],[132.50392,34.45845],[132.50399,34.45848],[132.50411,34.45846],[132.50427,34.45852],[132.50429,34.45851],[132.50436,34.4585],[132.50442,34.45843],[132.5043,34.45835],[132.504,34.45815],[132.50399,34.4581],[132.50401,34.45808],[132.50437,34.45789],[132.50445,34.45785],[132.50448,34.45783],[132.50456,34.45782],[132.50465,34.45778],[132.50466,34.45778],[132.50493,34.45765],[132.5051,34.45752],[132.50525,34.45733],[132.50531,34.45722],[132.50535,34.4572],[132.50566,34.45702],[132.50571,34.45667],[132.50561,34.45665],[132.50565,34.45637],[132.5055,34.45633],[132.50542,34.45625],[132.50558,34.45601],[132.50559,34.45583],[132.50556,34.45577],[132.50542,34.45571],[132.50534,34.45551],[132.50529,34.45541],[132.50519,34.45528],[132.50494,34.45517],[132.50509,34.45498],[132.50525,34.45488],[132.50551,34.45483],[132.50542,34.45472],[132.50533,34.45465],[132.50533,34.45453],[132.50528,34.45445],[132.50539,34.45436],[132.50535,34.45424],[132.50533,34.45418],[132.5053,34.45416],[132.50527,34.45415],[132.50522,34.45414],[132.50516,34.45415],[132.50502,34.45419],[132.50495,34.45422],[132.50481,34.45422],[132.50476,34.45425],[132.50459,34.45436],[132.50456,34.45438],[132.50433,34.45454],[132.50408,34.45462],[132.50398,34.4547],[132.50397,34.4547],[132.50394,34.45471],[132.50389,34.45473],[132.50382,34.45475],[132.50375,34.45479],[132.50369,34.45484],[132.50365,34.45498],[132.50363,34.45515],[132.50353,34.45524],[132.50333,34.45526],[132.50307,34.45522],[132.50288,34.45525],[132.50251,34.45538],[132.50244,34.45534],[132.50237,34.45522],[132.50235,34.45516],[132.50234,34.45508],[132.50234,34.45494],[132.50236,34.45454],[132.50236,34.45453],[132.50245,34.45424],[132.50246,34.45423],[132.50247,34.45407],[132.5024,34.45386],[132.50222,34.45409],[132.5022,34.45414],[132.50218,34.45422],[132.50218,34.45429],[132.50221,34.45438],[132.50223,34.45449],[132.50223,34.45465],[132.50221,34.45474],[132.50214,34.45481],[132.50162,34.45493],[132.50123,34.45503],[132.50079,34.45508],[132.50073,34.45501],[132.50046,34.4549],[132.50043,34.45514],[132.50046,34.45517],[132.50051,34.45525],[132.50054,34.45535],[132.50053,34.45546],[132.50052,34.45557],[132.5005,34.45566],[132.50032,34.4557],[132.5003,34.45593],[132.50039,34.45594],[132.50043,34.45595],[132.5005,34.45601],[132.50057,34.45606],[132.50059,34.45608],[132.50103,34.45638],[132.50104,34.45686],[132.50097,34.45696],[132.50097,34.45697],[132.50097,34.457],[132.50098,34.45709],[132.50098,34.45714],[132.50098,34.45719],[132.50092,34.45734],[132.50089,34.45739],[132.5005,34.45742],[132.50039,34.45743],[132.50032,34.45748],[132.50025,34.45751],[132.50018,34.45754],[132.50009,34.45758],[132.50007,34.45764],[132.50008,34.45771],[132.50008,34.45776],[132.49997,34.45781],[132.49987,34.45783],[132.49979,34.45785],[132.49971,34.4579],[132.49967,34.45794],[132.49958,34.45795],[132.49976,34.45808],[132.49983,34.45815],[132.49988,34.45824],[132.49989,34.45827],[132.49992,34.45833],[132.49996,34.45841],[132.49984,34.45837],[132.4998,34.45836],[132.49976,34.45835],[132.49968,34.45832],[132.49955,34.45828],[132.49945,34.45829],[132.49933,34.4583],[132.49923,34.45833],[132.49919,34.45835],[132.49918,34.45848],[132.49923,34.45859],[132.49932,34.45872],[132.49945,34.45883],[132.49944,34.45896],[132.49942,34.45901],[132.49938,34.45914],[132.49924,34.45939],[132.49921,34.45944],[132.49912,34.45959],[132.49899,34.45974],[132.49903,34.45988],[132.49906,34.45989],[132.49938,34.45987],[132.49944,34.45988],[132.49965,34.45993],[132.49973,34.45991],[132.49976,34.4599],[132.4999,34.45981],[132.50005,34.45974],[132.50026,34.45958],[132.50047,34.4594],[132.50059,34.45949],[132.50071,34.45958],[132.50083,34.45967],[132.50086,34.4597],[132.50088,34.45971],[132.50089,34.45973],[132.50103,34.45986],[132.50109,34.4599],[132.50115,34.45991],[132.50154,34.46005],[132.50159,34.46005],[132.50164,34.46004],[132.50176,34.45987],[132.50187,34.45983],[132.50199,34.45982],[132.50207,34.45981],[132.50225,34.45975]]]}},{"type":"Feature","properties":{"name":"口田南七丁目","setai":701,"jinko":1612,"key":"34106717007","units":1},"geometry":{"type":"Polygon","coordinates":[[[132.5043,34.46392],[132.50427,34.46384],[132.50422,34.46387],[132.50419,34.46388],[132.50416,34.46383],[132.50419,34.46377],[132.50402,34.46347],[132.50396,34.46337],[132.50409,34.46332],[132.50446,34.46317],[132.50471,34.4625],[132.50472,34.46248],[132.50472,34.46246],[132.50472,34.46244],[132.5046,34.46243],[132.50459,34.4624],[132.50449,34.46206],[132.50447,34.462],[132.50444,34.46197],[132.50429,34.46183],[132.50428,34.46165],[132.50411,34.46165],[132.50408,34.46165],[132.50409,34.46148],[132.5042,34.46148],[132.50422,34.46133],[132.50421,34.46125],[132.50421,34.4612],[132.50419,34.46114],[132.50418,34.46111],[132.50431,34.4611],[132.5044,34.46109],[132.50454,34.46109],[132.50456,34.46098],[132.50447,34.46095],[132.50444,34.46094],[132.50438,34.46088],[132.50433,34.4608],[132.50431,34.46074],[132.50431,34.46066],[132.50432,34.46061],[132.50443,34.46052],[132.50445,34.46054],[132.50452,34.46048],[132.5045,34.46045],[132.50458,34.46038],[132.50443,34.46025],[132.5044,34.46022],[132.50406,34.4603],[132.50401,34.46031],[132.50399,34.46032],[132.50394,34.46033],[132.50394,34.46033],[132.50388,34.46037],[132.5038,34.46035],[132.50371,34.46034],[132.5036,34.46031],[132.50354,34.46027],[132.5034,34.46021],[132.50339,34.46021],[132.50317,34.46008],[132.50286,34.45997],[132.5028,34.45995],[132.50277,34.45986],[132.50276,34.45983],[132.50275,34.45982],[132.50269,34.45977],[132.50263,34.45973],[132.5025,34.45972],[132.50248,34.45971],[132.50244,34.45971],[132.50242,34.45971],[132.50225,34.45975],[132.50207,34.45981],[132.50199,34.45982],[132.50187,34.45983],[132.50176,34.45987],[132.50164,34.46004],[132.50159,34.46005],[132.50154,34.46005],[132.50115,34.45991],[132.50109,34.4599],[132.50103,34.45986],[132.50089,34.45973],[132.50088,34.45971],[132.50086,34.4597],[132.50083,34.45967],[132.50071,34.45958],[132.50059,34.45949],[132.50047,34.4594],[132.50026,34.45958],[132.50005,34.45974],[132.4999,34.45981],[132.49976,34.4599],[132.49973,34.45991],[132.49965,34.45993],[132.49944,34.45988],[132.49938,34.45987],[132.49906,34.45989],[132.49903,34.45988],[132.49899,34.45974],[132.49884,34.45987],[132.49866,34.45997],[132.49849,34.46003],[132.49839,34.46004],[132.49836,34.46003],[132.49834,34.46002],[132.49828,34.45998],[132.49818,34.45995],[132.49811,34.45993],[132.49805,34.45992],[132.49797,34.45991],[132.49788,34.45991],[132.49791,34.45982],[132.49784,34.45976],[132.49767,34.45987],[132.49755,34.45994],[132.49752,34.45999],[132.49741,34.46005],[132.49729,34.46008],[132.49713,34.4601],[132.49693,34.46017],[132.49692,34.46006],[132.49685,34.46],[132.49698,34.45984],[132.49699,34.45981],[132.49699,34.45978],[132.4968,34.45962],[132.49676,34.45962],[132.49671,34.45963],[132.4966,34.45965],[132.49657,34.45963],[132.49643,34.45971],[132.49647,34.45992],[132.49651,34.46008],[132.49651,34.4602],[132.49647,34.46017],[132.49639,34.46011],[132.49633,34.46004],[132.49631,34.46002],[132.49624,34.45996],[132.49623,34.45995],[132.4962,34.4599],[132.4962,34.4599],[132.49612,34.45983],[132.49609,34.4598],[132.49603,34.45976],[132.49588,34.45967],[132.49577,34.45963],[132.49568,34.45961],[132.49556,34.45961],[132.49551,34.45961],[132.49544,34.45962],[132.49531,34.45965],[132.49529,34.45966],[132.4951,34.45971],[132.49484,34.45977],[132.49451,34.45981],[132.49449,34.45982],[132.4943,34.45984],[132.49471,34.46015],[132.49548,34.46072],[132.49579,34.4609],[132.49615,34.46111],[132.49652,34.46132],[132.49717,34.46164],[132.49768,34.46189],[132.49799,34.46206],[132.49807,34.4621],[132.49882,34.46249],[132.49889,34.46252],[132.49936,34.46276],[132.49939,34.46278],[132.49951,34.46284],[132.49966,34.46291],[132.50121,34.46369],[132.50127,34.46372],[132.50147,34.46382],[132.5019,34.46404],[132.50204,34.4641],[132.5027,34.46444],[132.5027,34.46444],[132.50271,34.46444],[132.50315,34.46466],[132.50317,34.46468],[132.50338,34.46478],[132.50338,34.46478],[132.50387,34.46502],[132.50448,34.46534],[132.50423,34.46516],[132.5042,34.46512],[132.50413,34.46503],[132.5041,34.46499],[132.50365,34.46459],[132.50364,34.46458],[132.50339,34.46424],[132.50357,34.46417],[132.50374,34.46409],[132.50399,34.46402],[132.50418,34.46397],[132.5043,34.46392]]]}},{"type":"Feature","properties":{"name":"口田南八丁目","setai":671,"jinko":1802,"key":"34106717008","units":1},"geometry":{"type":"Polygon","coordinates":[[[132.50867,34.46394],[132.50846,34.46379],[132.50845,34.46347],[132.50844,34.46345],[132.50842,34.46333],[132.50832,34.4632],[132.50801,34.46298],[132.50786,34.46285],[132.50784,34.46283],[132.50771,34.46258],[132.50771,34.46258],[132.50766,34.46237],[132.50765,34.46235],[132.50756,34.46186],[132.50785,34.4618],[132.50786,34.46179],[132.50844,34.46128],[132.50818,34.46106],[132.50786,34.46079],[132.50758,34.46057],[132.50729,34.46033],[132.50703,34.46011],[132.50673,34.45986],[132.50643,34.45962],[132.5064,34.45959],[132.5061,34.45934],[132.50581,34.45911],[132.50555,34.45889],[132.50522,34.45862],[132.50522,34.45862],[132.50496,34.45839],[132.50474,34.45821],[132.50437,34.45789],[132.50401,34.45808],[132.50399,34.4581],[132.504,34.45815],[132.5043,34.45835],[132.50442,34.45843],[132.50436,34.4585],[132.50429,34.45851],[132.50427,34.45852],[132.50411,34.45846],[132.50399,34.45848],[132.50392,34.45845],[132.50382,34.45845],[132.50363,34.45873],[132.50358,34.45873],[132.50355,34.45871],[132.50352,34.45869],[132.5035,34.45867],[132.50348,34.45865],[132.50347,34.45861],[132.50344,34.45861],[132.50342,34.45861],[132.50337,34.45861],[132.50332,34.45862],[132.5033,34.45868],[132.50325,34.45874],[132.50319,34.45878],[132.50312,34.45881],[132.50307,34.45885],[132.50301,34.45892],[132.50295,34.45897],[132.50291,34.45901],[132.50285,34.45904],[132.50279,34.45904],[132.50268,34.459],[132.50249,34.45895],[132.50237,34.45893],[132.50245,34.45904],[132.50254,34.45917],[132.50263,34.45927],[132.50276,34.45938],[132.50279,34.45941],[132.50299,34.45959],[132.50309,34.45971],[132.50296,34.45978],[132.50277,34.45986],[132.5028,34.45995],[132.50286,34.45997],[132.50317,34.46008],[132.50339,34.46021],[132.5034,34.46021],[132.50354,34.46027],[132.5036,34.46031],[132.50371,34.46034],[132.5038,34.46035],[132.50388,34.46037],[132.50394,34.46033],[132.50394,34.46033],[132.50399,34.46032],[132.50401,34.46031],[132.50406,34.4603],[132.5044,34.46022],[132.50443,34.46025],[132.50458,34.46038],[132.5045,34.46045],[132.50452,34.46048],[132.50445,34.46054],[132.50443,34.46052],[132.50432,34.46061],[132.50431,34.46066],[132.50431,34.46074],[132.50433,34.4608],[132.50438,34.46088],[132.50444,34.46094],[132.50447,34.46095],[132.50456,34.46098],[132.50454,34.46109],[132.5044,34.46109],[132.50431,34.4611],[132.50418,34.46111],[132.50419,34.46114],[132.50421,34.4612],[132.50421,34.46125],[132.50422,34.46133],[132.5042,34.46148],[132.50409,34.46148],[132.50408,34.46165],[132.50411,34.46165],[132.50428,34.46165],[132.50429,34.46183],[132.50444,34.46197],[132.50447,34.462],[132.50449,34.46206],[132.50459,34.4624],[132.5046,34.46243],[132.50472,34.46244],[132.50472,34.46246],[132.50472,34.46248],[132.50471,34.4625],[132.50446,34.46317],[132.50409,34.46332],[132.50396,34.46337],[132.50402,34.46347],[132.50419,34.46377],[132.50416,34.46383],[132.50419,34.46388],[132.50422,34.46387],[132.50427,34.46384],[132.5043,34.46392],[132.50418,34.46397],[132.50399,34.46402],[132.50374,34.46409],[132.50357,34.46417],[132.50339,34.46424],[132.50364,34.46458],[132.50365,34.46459],[132.5041,34.46499],[132.50413,34.46503],[132.5042,34.46512],[132.50423,34.46516],[132.50448,34.46534],[132.50479,34.4655],[132.50525,34.46573],[132.50528,34.46575],[132.50542,34.46582],[132.50558,34.46591],[132.50569,34.46599],[132.50573,34.46601],[132.5059,34.46613],[132.50606,34.46626],[132.50617,34.46635],[132.50619,34.46637],[132.50622,34.46641],[132.50633,34.46653],[132.50673,34.46703],[132.50681,34.46701],[132.50693,34.46695],[132.50704,34.46689],[132.50713,34.46681],[132.5072,34.4667],[132.50721,34.46669],[132.50726,34.4666],[132.50727,34.46659],[132.50732,34.46649],[132.50737,34.46636],[132.50741,34.46628],[132.50742,34.46626],[132.50744,34.46619],[132.50752,34.46611],[132.50765,34.46603],[132.50778,34.46599],[132.50798,34.46561],[132.5076,34.46538],[132.50761,34.46536],[132.50763,34.46531],[132.50766,34.46521],[132.50777,34.46506],[132.50785,34.46498],[132.50799,34.46482],[132.50816,34.46465],[132.50828,34.46451],[132.50839,34.46439],[132.5085,34.46425],[132.50862,34.46412],[132.50873,34.46399],[132.50867,34.46394]]]}},{"type":"Feature","properties":{"name":"口田南九丁目","setai":645,"jinko":1651,"key":"34106717009","units":1},"geometry":{"type":"Polygon","coordinates":[[[132.50921,34.46078],[132.50927,34.46072],[132.50939,34.46079],[132.50944,34.46084],[132.50946,34.46083],[132.5096,34.46069],[132.50962,34.46067],[132.50973,34.46077],[132.51,34.4609],[132.51019,34.46093],[132.51037,34.46094],[132.5105,34.46093],[132.51061,34.46092],[132.51073,34.46092],[132.51079,34.4609],[132.51085,34.46087],[132.51087,34.46083],[132.51088,34.46081],[132.51089,34.46077],[132.5109,34.46075],[132.5109,34.4607],[132.5109,34.4607],[132.5109,34.46067],[132.51091,34.46056],[132.51091,34.46041],[132.51092,34.46037],[132.51092,34.46028],[132.51092,34.46027],[132.51093,34.46018],[132.51093,34.46018],[132.51095,34.46013],[132.51096,34.46012],[132.511,34.46007],[132.51105,34.46002],[132.51119,34.46],[132.51117,34.45996],[132.51095,34.45991],[132.51091,34.45991],[132.51083,34.45984],[132.51065,34.45969],[132.51071,34.45966],[132.51084,34.4596],[132.51089,34.45951],[132.51096,34.45945],[132.51103,34.45931],[132.51103,34.4593],[132.51113,34.45923],[132.51105,34.45908],[132.51104,34.45905],[132.51118,34.45893],[132.51112,34.45884],[132.51106,34.45888],[132.511,34.45864],[132.51096,34.45849],[132.51101,34.45839],[132.51084,34.45827],[132.51096,34.45812],[132.51122,34.45776],[132.5115,34.45728],[132.51164,34.45704],[132.5117,34.45703],[132.51176,34.45702],[132.51179,34.45698],[132.51185,34.45685],[132.51158,34.45672],[132.51141,34.45684],[132.51129,34.45674],[132.51101,34.4565],[132.51074,34.45626],[132.51041,34.45654],[132.50995,34.45665],[132.50967,34.45672],[132.50956,34.45683],[132.50825,34.45607],[132.50824,34.45595],[132.50751,34.45581],[132.50711,34.45586],[132.50659,34.45603],[132.50577,34.4564],[132.50565,34.45637],[132.50561,34.45665],[132.50571,34.45667],[132.50566,34.45702],[132.50535,34.4572],[132.50531,34.45722],[132.50525,34.45733],[132.5051,34.45752],[132.50493,34.45765],[132.50466,34.45778],[132.50465,34.45778],[132.50456,34.45782],[132.50448,34.45783],[132.50445,34.45785],[132.50437,34.45789],[132.50474,34.45821],[132.50496,34.45839],[132.50522,34.45862],[132.50522,34.45862],[132.50555,34.45889],[132.50581,34.45911],[132.5061,34.45934],[132.5064,34.45959],[132.50643,34.45962],[132.50673,34.45986],[132.50703,34.46011],[132.50729,34.46033],[132.50758,34.46057],[132.50786,34.46079],[132.50818,34.46106],[132.50844,34.46128],[132.50847,34.46125],[132.50847,34.46125],[132.50892,34.46089],[132.50921,34.46078]]]}},{"type":"Feature","properties":{"name":"口田南町","setai":3,"jinko":11,"key":"341067180","units":1},"geometry":{"type":"Polygon","coordinates":[[[132.51147,34.45891],[132.51169,34.45848],[132.5119,34.4581],[132.51218,34.45766],[132.51236,34.45737],[132.5125,34.45709],[132.51261,34.4568],[132.51268,34.45652],[132.51267,34.45633],[132.51266,34.45609],[132.5127,34.45582],[132.5128,34.45552],[132.51295,34.45531],[132.5132,34.45496],[132.51324,34.4549],[132.51352,34.45462],[132.51371,34.4544],[132.51386,34.45418],[132.51404,34.45384],[132.51415,34.45357],[132.51434,34.45316],[132.51455,34.45266],[132.51498,34.45187],[132.51518,34.45148],[132.51542,34.45099],[132.51571,34.45031],[132.51592,34.44986],[132.51628,34.4492],[132.51602,34.44904],[132.51608,34.44885],[132.51592,34.44877],[132.51568,34.44868],[132.51532,34.44854],[132.51496,34.44832],[132.51475,34.44813],[132.5145,34.44798],[132.51421,34.44789],[132.51401,34.44781],[132.51379,34.4477],[132.51355,34.44754],[132.51329,34.44738],[132.51302,34.44721],[132.5127,34.44697],[132.51242,34.44676],[132.51213,34.44655],[132.51184,34.44624],[132.51167,34.44606],[132.51147,34.44596],[132.51124,34.44592],[132.51089,34.44591],[132.5106,34.44593],[132.5103,34.44592],[132.51005,34.44583],[132.50967,34.44576],[132.50923,34.44576],[132.50896,34.44587],[132.50874,34.44596],[132.50852,34.44609],[132.5083,34.44618],[132.50816,34.44628],[132.50798,34.44638],[132.50775,34.44645],[132.50754,34.44652],[132.50732,34.44657],[132.50719,34.44665],[132.5071,34.44675],[132.50694,34.44687],[132.50676,34.44694],[132.50656,34.44695],[132.50637,34.4469],[132.50618,34.44682],[132.50602,34.44676],[132.50575,34.44662],[132.50573,34.44661],[132.5055,34.44647],[132.50527,34.44634],[132.50518,34.44629],[132.50517,34.44627],[132.50488,34.44618],[132.50463,34.44605],[132.50447,34.44595],[132.50438,34.44583],[132.50436,34.44582],[132.50428,34.44573],[132.50419,34.44557],[132.50401,34.44535],[132.50365,34.44512],[132.50363,34.44512],[132.5032,34.44499],[132.5027,34.44487],[132.50241,34.44481],[132.50194,34.44477],[132.50181,34.44478],[132.50173,34.4448],[132.50136,34.44492],[132.50117,34.44499],[132.5011,34.4448],[132.50107,34.44473],[132.50096,34.44445],[132.50085,34.44415],[132.5008,34.44394],[132.50078,34.44386],[132.50073,34.44353],[132.50067,34.44319],[132.50065,34.44312],[132.5006,34.44289],[132.50053,34.44247],[132.50053,34.44246],[132.50051,34.44226],[132.50053,34.44216],[132.50062,34.44199],[132.50064,34.44194],[132.50066,34.4419],[132.50066,34.4418],[132.50066,34.4417],[132.5005,34.44155],[132.50029,34.44135],[132.50014,34.44118],[132.50009,34.441],[132.50012,34.44076],[132.5002,34.44056],[132.50032,34.4404],[132.50036,34.4403],[132.50025,34.44023],[132.49995,34.44014],[132.49973,34.44009],[132.49953,34.44011],[132.49923,34.44014],[132.49897,34.44024],[132.49871,34.44035],[132.49846,34.44041],[132.49823,34.44043],[132.49794,34.44041],[132.49764,34.44036],[132.49736,34.44027],[132.49732,34.44027],[132.49693,34.44024],[132.49683,34.44026],[132.49672,34.44031],[132.49667,34.44047],[132.49669,34.44063],[132.49669,34.44081],[132.49663,34.44104],[132.49649,34.44121],[132.49631,34.44124],[132.49616,34.44124],[132.49605,34.44126],[132.49596,34.4413],[132.49588,34.44135],[132.49571,34.44146],[132.49555,34.44157],[132.49535,34.44169],[132.49516,34.44178],[132.49511,34.4418],[132.49498,34.44181],[132.49492,34.44181],[132.49465,34.44178],[132.49452,34.44178],[132.49441,34.44179],[132.49418,34.44187],[132.494,34.44195],[132.4938,34.44202],[132.49351,34.44204],[132.49328,34.44204],[132.49305,34.44205],[132.49279,34.44202],[132.49256,34.44199],[132.49219,34.44202],[132.49203,34.44203],[132.4919,34.44207],[132.49187,34.44206],[132.49183,34.44205],[132.49179,34.44205],[132.49173,34.44204],[132.49165,34.44205],[132.49175,34.44244],[132.49187,34.44251],[132.49194,34.44259],[132.49196,34.44264],[132.49196,34.44296],[132.49195,34.44302],[132.49196,34.44306],[132.49197,34.44308],[132.492,34.44317],[132.49207,34.44319],[132.49213,34.44319],[132.4922,34.44318],[132.49227,34.44316],[132.49232,34.44316],[132.49238,34.44317],[132.49246,34.44319],[132.49249,34.44321],[132.4925,34.44325],[132.4925,34.44327],[132.49241,34.44336],[132.49237,34.44339],[132.49232,34.44342],[132.49229,34.44342],[132.49226,34.44348],[132.49224,34.4435],[132.49224,34.44352],[132.4922,34.44353],[132.49216,34.4435],[132.49215,34.44349],[132.49213,34.44349],[132.49213,34.44352],[132.49209,34.44356],[132.49207,34.44356],[132.49204,34.44357],[132.49201,34.44359],[132.49198,34.44362],[132.49197,34.44364],[132.49198,34.44367],[132.492,34.44369],[132.49205,34.44372],[132.49213,34.44375],[132.49217,34.44378],[132.4922,34.44383],[132.49222,34.44389],[132.49221,34.44395],[132.4922,34.44401],[132.49217,34.44407],[132.49213,34.44412],[132.49212,34.44416],[132.49211,34.44423],[132.49213,34.44428],[132.49216,34.44431],[132.4922,34.44433],[132.49223,34.44436],[132.4923,34.44444],[132.49231,34.44449],[132.49231,34.44454],[132.4923,34.44462],[132.49226,34.44467],[132.4921,34.44488],[132.49208,34.44491],[132.49213,34.44494],[132.49221,34.44504],[132.49231,34.44519],[132.4924,34.4453],[132.49258,34.44546],[132.4926,34.44599],[132.49258,34.44607],[132.49254,34.44619],[132.49251,34.44632],[132.49251,34.44637],[132.4926,34.44675],[132.49266,34.44704],[132.4927,34.44719],[132.49273,34.44723],[132.49274,34.44726],[132.49277,34.44728],[132.4928,34.44731],[132.49281,34.44732],[132.49281,34.44742],[132.49281,34.44746],[132.4928,34.44749],[132.49278,34.44751],[132.49271,34.44752],[132.49271,34.44754],[132.49272,34.44757],[132.49274,34.44761],[132.49275,34.44764],[132.49277,34.44768],[132.49282,34.44769],[132.49285,34.4477],[132.49287,34.44783],[132.49288,34.44794],[132.49299,34.44794],[132.49307,34.44797],[132.49311,34.44797],[132.49313,34.44798],[132.49314,34.44798],[132.49316,34.44799],[132.49319,34.44801],[132.49326,34.44807],[132.49331,34.44813],[132.49336,34.44821],[132.49339,34.44824],[132.49342,34.44827],[132.49346,34.44828],[132.4935,34.4483],[132.49355,34.44832],[132.49358,34.44834],[132.4936,34.44836],[132.49362,34.44838],[132.49366,34.44842],[132.49369,34.44845],[132.49374,34.4485],[132.49378,34.4485],[132.49387,34.44854],[132.4939,34.44857],[132.49393,34.44864],[132.49397,34.44866],[132.494,34.44867],[132.49402,34.44867],[132.49405,34.44868],[132.49409,34.44869],[132.49412,34.4487],[132.49415,34.44871],[132.4942,34.44874],[132.49422,34.44875],[132.49425,34.44877],[132.49428,34.4488],[132.4943,34.44882],[132.49433,34.44884],[132.49436,34.44888],[132.49439,34.44892],[132.49441,34.44895],[132.49442,34.44897],[132.49443,34.449],[132.49443,34.44902],[132.49444,34.44907],[132.49443,34.44912],[132.49442,34.44913],[132.49439,34.44915],[132.49437,34.44916],[132.49433,34.44918],[132.49429,34.44919],[132.49424,34.44919],[132.49419,34.44919],[132.49416,34.4492],[132.49408,34.44924],[132.4941,34.44926],[132.49413,34.44929],[132.4942,34.44939],[132.49424,34.44946],[132.49425,34.4495],[132.49426,34.44953],[132.49426,34.44956],[132.49425,34.44958],[132.49424,34.44959],[132.49421,34.44959],[132.49418,34.44959],[132.49413,34.44959],[132.49408,34.4496],[132.49403,34.44962],[132.49395,34.44966],[132.49382,34.45001],[132.49406,34.45009],[132.49408,34.45011],[132.49417,34.45022],[132.49417,34.45023],[132.49426,34.45038],[132.49433,34.4504],[132.49439,34.45042],[132.49443,34.45045],[132.49445,34.45045],[132.49454,34.45044],[132.49461,34.45043],[132.49464,34.4504],[132.49467,34.45037],[132.49471,34.45029],[132.49475,34.45023],[132.49477,34.45018],[132.49479,34.45012],[132.4948,34.45007],[132.49483,34.45002],[132.49485,34.44996],[132.49488,34.44983],[132.49489,34.44978],[132.49493,34.44975],[132.49496,34.44971],[132.49501,34.44969],[132.49507,34.44967],[132.49508,34.44966],[132.49523,34.44955],[132.49529,34.44948],[132.49539,34.44938],[132.49543,34.44931],[132.4955,34.44914],[132.49556,34.44898],[132.49564,34.44884],[132.49587,34.44851],[132.49589,34.44852],[132.49574,34.44883],[132.49564,34.44903],[132.49561,34.44912],[132.49561,34.44932],[132.49562,34.44944],[132.4956,34.44956],[132.4956,34.44966],[132.49561,34.44972],[132.49565,34.44971],[132.49566,34.4497],[132.49567,34.44969],[132.49572,34.4497],[132.49577,34.44969],[132.49577,34.4497],[132.49588,34.4497],[132.49605,34.44964],[132.49623,34.44959],[132.49637,34.44957],[132.49655,34.44955],[132.49657,34.44956],[132.49656,34.44959],[132.49651,34.44962],[132.49646,34.44965],[132.49638,34.44969],[132.49637,34.44971],[132.49632,34.44974],[132.49629,34.44977],[132.49628,34.44981],[132.49627,34.44984],[132.49627,34.44985],[132.49627,34.44987],[132.49626,34.44989],[132.49625,34.44991],[132.49622,34.44994],[132.49616,34.45003],[132.49614,34.45007],[132.49614,34.45007],[132.49608,34.45019],[132.49609,34.45021],[132.49628,34.4504],[132.49647,34.45048],[132.49676,34.45057],[132.49707,34.45063],[132.49708,34.45073],[132.49707,34.4508],[132.49707,34.45084],[132.4971,34.45091],[132.49712,34.45098],[132.49715,34.45106],[132.49717,34.45111],[132.49716,34.45123],[132.49711,34.45134],[132.4971,34.45139],[132.49704,34.45146],[132.49699,34.4515],[132.49696,34.45153],[132.49693,34.45161],[132.4969,34.45168],[132.49686,34.45174],[132.49683,34.45177],[132.49676,34.4518],[132.49669,34.4518],[132.49666,34.4518],[132.49663,34.45179],[132.49661,34.45178],[132.49658,34.4518],[132.49657,34.45181],[132.49649,34.4519],[132.49651,34.45191],[132.49664,34.45194],[132.49694,34.45202],[132.49742,34.4521],[132.49754,34.4521],[132.49759,34.4521],[132.49766,34.45208],[132.49774,34.45208],[132.49788,34.45207],[132.49796,34.45208],[132.49803,34.45211],[132.49806,34.45212],[132.49808,34.45214],[132.49809,34.45215],[132.4981,34.45217],[132.49813,34.45216],[132.49815,34.45213],[132.49821,34.4521],[132.49828,34.45207],[132.49838,34.45207],[132.49845,34.45207],[132.49854,34.4521],[132.49857,34.45211],[132.4986,34.45216],[132.4986,34.45219],[132.49859,34.45222],[132.49854,34.45227],[132.49851,34.4523],[132.49844,34.45233],[132.49841,34.45235],[132.4984,34.45238],[132.49839,34.4524],[132.49839,34.45245],[132.4984,34.45254],[132.49837,34.4526],[132.49835,34.45262],[132.49833,34.45265],[132.49833,34.45267],[132.49833,34.4527],[132.49835,34.45272],[132.49838,34.45275],[132.49844,34.45278],[132.49879,34.45296],[132.49886,34.45292],[132.49913,34.45283],[132.49916,34.45283],[132.49921,34.45284],[132.49923,34.45281],[132.49924,34.45279],[132.49948,34.45271],[132.49955,34.45269],[132.49967,34.45267],[132.49985,34.45296],[132.49993,34.45306],[132.49992,34.45308],[132.49992,34.45309],[132.49993,34.45324],[132.49997,34.45338],[132.5004,34.45343],[132.50044,34.45343],[132.50044,34.45332],[132.50045,34.45324],[132.50049,34.45317],[132.50052,34.45313],[132.50058,34.45309],[132.50059,34.45308],[132.50058,34.45291],[132.50058,34.45291],[132.50057,34.45287],[132.50069,34.45289],[132.50079,34.45298],[132.50088,34.45303],[132.5009,34.45304],[132.50099,34.45302],[132.50107,34.45294],[132.50111,34.45283],[132.50111,34.45272],[132.50102,34.45262],[132.50099,34.45251],[132.50103,34.45243],[132.50122,34.45235],[132.50125,34.45234],[132.50129,34.45234],[132.50134,34.45234],[132.50146,34.45237],[132.50148,34.45232],[132.50157,34.45209],[132.50165,34.45195],[132.50171,34.45187],[132.502,34.45168],[132.5022,34.45155],[132.50238,34.45141],[132.50254,34.45125],[132.50268,34.45115],[132.50296,34.45109],[132.50298,34.4511],[132.50302,34.45112],[132.50331,34.45095],[132.50328,34.45094],[132.50325,34.4509],[132.50322,34.45085],[132.50321,34.45081],[132.50323,34.45076],[132.50329,34.45073],[132.50339,34.45069],[132.50346,34.45064],[132.5035,34.45061],[132.5035,34.45057],[132.50349,34.45051],[132.50351,34.45042],[132.50351,34.45031],[132.50348,34.45021],[132.50343,34.4501],[132.50343,34.45009],[132.50342,34.45003],[132.50344,34.44994],[132.50347,34.44986],[132.50351,34.44976],[132.50354,34.44971],[132.5036,34.44964],[132.50364,34.4496],[132.50369,34.44959],[132.50377,34.44956],[132.50379,34.44954],[132.5038,34.44948],[132.50376,34.44927],[132.50377,34.44916],[132.50381,34.44909],[132.50385,34.44896],[132.50392,34.44881],[132.50402,34.44864],[132.50415,34.44845],[132.5042,34.44841],[132.5043,34.44837],[132.50438,34.44832],[132.50445,34.44826],[132.50453,34.44814],[132.50459,34.44805],[132.50469,34.44807],[132.50475,34.44808],[132.50478,34.44807],[132.50485,34.44807],[132.505,34.44804],[132.50534,34.44801],[132.5055,34.44799],[132.50551,34.44809],[132.50555,34.44808],[132.50582,34.44803],[132.50589,34.44802],[132.50594,34.44807],[132.50608,34.44803],[132.50627,34.44795],[132.50639,34.44791],[132.50659,34.44787],[132.50682,34.4478],[132.50702,34.44773],[132.50718,34.44768],[132.50727,34.44765],[132.50754,34.44755],[132.5076,34.44754],[132.50774,34.4475],[132.50771,34.44755],[132.50768,34.44766],[132.50761,34.4478],[132.50755,34.44788],[132.50749,34.44798],[132.5074,34.44804],[132.50726,34.44807],[132.50709,34.44812],[132.50694,34.44814],[132.50674,34.44818],[132.50657,34.44823],[132.50673,34.44835],[132.50675,34.44842],[132.50676,34.44845],[132.50684,34.44855],[132.50687,34.44863],[132.50677,34.44861],[132.50667,34.44858],[132.50663,34.44855],[132.50651,34.44852],[132.50641,34.44847],[132.5063,34.44843],[132.50617,34.44839],[132.506,34.44837],[132.50585,34.44839],[132.50582,34.44839],[132.50569,34.44843],[132.50557,34.44846],[132.50546,34.44848],[132.50531,34.44852],[132.50517,34.44855],[132.50505,34.44858],[132.50497,34.4486],[132.50486,34.44865],[132.50479,34.4487],[132.50472,34.44876],[132.50466,34.44885],[132.5046,34.44895],[132.50454,34.44904],[132.50453,34.44905],[132.50446,34.4492],[132.50444,34.44925],[132.5044,34.44931],[132.50432,34.44941],[132.50426,34.44951],[132.50423,34.44956],[132.50419,34.44964],[132.50417,34.44972],[132.50417,34.44979],[132.50417,34.44987],[132.50416,34.4499],[132.50413,34.44996],[132.50416,34.45013],[132.50417,34.4502],[132.50417,34.45028],[132.50417,34.45036],[132.50414,34.45052],[132.50413,34.45063],[132.50415,34.45086],[132.50429,34.45097],[132.50433,34.45105],[132.50425,34.45129],[132.50413,34.45146],[132.50406,34.45155],[132.50405,34.45167],[132.50394,34.45185],[132.50352,34.45219],[132.50314,34.45269],[132.50314,34.45292],[132.50306,34.45307],[132.50314,34.45322],[132.50304,34.45328],[132.50289,34.45329],[132.50276,34.45365],[132.50274,34.45399],[132.50265,34.45419],[132.50254,34.45451],[132.50236,34.45454],[132.50234,34.45494],[132.50234,34.45508],[132.50235,34.45516],[132.50237,34.45522],[132.50244,34.45534],[132.50251,34.45538],[132.50288,34.45525],[132.50307,34.45522],[132.50333,34.45526],[132.50353,34.45524],[132.50363,34.45515],[132.50365,34.45498],[132.50369,34.45484],[132.50375,34.45479],[132.50382,34.45475],[132.50389,34.45473],[132.50394,34.45471],[132.50397,34.4547],[132.50398,34.4547],[132.50408,34.45462],[132.50433,34.45454],[132.50456,34.45438],[132.50459,34.45436],[132.50476,34.45425],[132.50481,34.45422],[132.50495,34.45422],[132.50502,34.45419],[132.50516,34.45415],[132.50522,34.45414],[132.50527,34.45415],[132.5053,34.45416],[132.50533,34.45418],[132.50535,34.45424],[132.50539,34.45436],[132.50528,34.45445],[132.50533,34.45453],[132.50533,34.45465],[132.50542,34.45472],[132.50551,34.45483],[132.50525,34.45488],[132.50509,34.45498],[132.50494,34.45517],[132.50519,34.45528],[132.50529,34.45541],[132.50534,34.45551],[132.50542,34.45571],[132.50556,34.45577],[132.50559,34.45583],[132.50558,34.45601],[132.50542,34.45625],[132.5055,34.45633],[132.50565,34.45637],[132.50577,34.4564],[132.50659,34.45603],[132.50711,34.45586],[132.50751,34.45581],[132.50824,34.45595],[132.50825,34.45607],[132.50956,34.45683],[132.50967,34.45672],[132.50995,34.45665],[132.51041,34.45654],[132.51074,34.45626],[132.51101,34.4565],[132.51129,34.45674],[132.51141,34.45684],[132.51158,34.45672],[132.51185,34.45685],[132.51179,34.45698],[132.51176,34.45702],[132.5117,34.45703],[132.51164,34.45704],[132.5115,34.45728],[132.51122,34.45776],[132.51096,34.45812],[132.51084,34.45827],[132.51101,34.45839],[132.51096,34.45849],[132.511,34.45864],[132.51106,34.45888],[132.51112,34.45884],[132.51118,34.45893],[132.51104,34.45905],[132.51105,34.45908],[132.51113,34.45923],[132.51103,34.4593],[132.51103,34.45931],[132.51096,34.45945],[132.51089,34.45951],[132.51084,34.4596],[132.51071,34.45966],[132.51065,34.45969],[132.51083,34.45984],[132.5109,34.45982],[132.51097,34.45979],[132.51099,34.45973],[132.51107,34.45953],[132.51107,34.45952],[132.51125,34.45921],[132.51147,34.45891]]]}},{"type":"Feature","properties":{"name":"落合一丁目","setai":917,"jinko":1966,"key":"34106719001","units":1},"geometry":{"type":"Polygon","coordinates":[[[132.5092,34.47637],[132.50922,34.47631],[132.50923,34.4763],[132.50929,34.47616],[132.50937,34.47607],[132.50942,34.47599],[132.50948,34.47595],[132.50955,34.47593],[132.50966,34.47593],[132.50979,34.47593],[132.50992,34.47595],[132.51003,34.47596],[132.51013,34.47597],[132.51019,34.47595],[132.51026,34.47592],[132.51039,34.47583],[132.51046,34.47576],[132.51051,34.47571],[132.51057,34.47568],[132.51061,34.47565],[132.51063,34.47561],[132.51066,34.47555],[132.5107,34.47552],[132.51071,34.47551],[132.51076,34.4755],[132.51082,34.47549],[132.51083,34.47549],[132.5109,34.47544],[132.51101,34.47536],[132.51119,34.47518],[132.51128,34.47523],[132.51138,34.47526],[132.51146,34.47527],[132.51155,34.47528],[132.51165,34.47515],[132.51167,34.47513],[132.51167,34.47512],[132.51167,34.47512],[132.51172,34.47505],[132.51173,34.47496],[132.51174,34.47493],[132.51177,34.47483],[132.51205,34.47485],[132.51221,34.47486],[132.51256,34.47493],[132.51259,34.47494],[132.51264,34.47496],[132.51265,34.47476],[132.51239,34.47466],[132.51263,34.47455],[132.51266,34.47437],[132.51269,34.47437],[132.51383,34.47427],[132.5139,34.47427],[132.51419,34.47425],[132.51424,34.47416],[132.5143,34.47405],[132.51435,34.47395],[132.51438,34.47389],[132.51444,34.474],[132.51447,34.47402],[132.51451,34.47403],[132.51456,34.47403],[132.51459,34.47403],[132.51466,34.474],[132.51476,34.47396],[132.51479,34.47396],[132.51482,34.47397],[132.51484,34.47399],[132.51485,34.47402],[132.51486,34.47405],[132.51488,34.47411],[132.5149,34.47413],[132.51492,34.47415],[132.51496,34.47422],[132.51498,34.47425],[132.51501,34.4743],[132.51507,34.4743],[132.51512,34.4743],[132.51518,34.47429],[132.51523,34.47426],[132.51528,34.47424],[132.51527,34.47403],[132.51537,34.47393],[132.51533,34.4739],[132.51517,34.4738],[132.51513,34.47377],[132.51513,34.47377],[132.51403,34.47314],[132.51398,34.47311],[132.51379,34.473],[132.51375,34.47297],[132.51343,34.47277],[132.51296,34.47247],[132.51294,34.47246],[132.51291,34.47244],[132.51245,34.47215],[132.51237,34.4721],[132.51231,34.47206],[132.51214,34.47195],[132.51172,34.47166],[132.51127,34.47131],[132.51106,34.47116],[132.51067,34.47087],[132.51064,34.47085],[132.51006,34.47041],[132.50966,34.47012],[132.50954,34.47003],[132.50939,34.46991],[132.50924,34.4698],[132.50922,34.46978],[132.50916,34.46974],[132.50915,34.46973],[132.50902,34.46963],[132.50882,34.46948],[132.50877,34.46945],[132.50874,34.46942],[132.50854,34.46928],[132.50854,34.46927],[132.50842,34.46918],[132.50824,34.46932],[132.50826,34.46945],[132.50823,34.46948],[132.50814,34.46948],[132.50813,34.4695],[132.50817,34.46954],[132.50814,34.46955],[132.5081,34.46958],[132.50806,34.46966],[132.50801,34.46967],[132.50798,34.46972],[132.50797,34.46985],[132.50799,34.47002],[132.50803,34.47003],[132.50829,34.4701],[132.50832,34.47012],[132.50834,34.47016],[132.50836,34.47019],[132.50835,34.47026],[132.50834,34.47029],[132.50819,34.4706],[132.50822,34.47069],[132.50824,34.47084],[132.50825,34.47098],[132.50831,34.47099],[132.50834,34.47096],[132.50839,34.47091],[132.50842,34.47088],[132.50857,34.47113],[132.50809,34.47129],[132.50817,34.47176],[132.50837,34.47193],[132.50859,34.47214],[132.50869,34.47221],[132.50891,34.47232],[132.50895,34.47233],[132.50892,34.4724],[132.5089,34.47241],[132.50883,34.47241],[132.5087,34.47239],[132.50858,34.47235],[132.50861,34.4724],[132.5085,34.47236],[132.50836,34.47232],[132.50831,34.47245],[132.50839,34.47249],[132.50848,34.47256],[132.50852,34.47262],[132.50853,34.47267],[132.50852,34.47272],[132.50848,34.47276],[132.50845,34.47278],[132.50836,34.47279],[132.50835,34.47286],[132.50829,34.47291],[132.50823,34.47296],[132.5082,34.47302],[132.50822,34.47307],[132.50829,34.47309],[132.50838,34.4731],[132.50848,34.47312],[132.5085,34.47329],[132.50845,34.47331],[132.50827,34.47342],[132.50817,34.4735],[132.50815,34.4736],[132.50829,34.47362],[132.50845,34.47365],[132.50863,34.4737],[132.50895,34.47375],[132.50882,34.47384],[132.50909,34.47423],[132.50876,34.47435],[132.5087,34.47458],[132.50853,34.4744],[132.5084,34.47456],[132.50825,34.47445],[132.50807,34.47475],[132.50801,34.47474],[132.50801,34.47482],[132.5075,34.47529],[132.50733,34.47521],[132.50732,34.47527],[132.50715,34.47521],[132.50701,34.47536],[132.50721,34.47561],[132.50712,34.4757],[132.50719,34.47589],[132.50704,34.47606],[132.50722,34.47624],[132.50706,34.47637],[132.50702,34.47635],[132.50693,34.47634],[132.50683,34.47634],[132.50674,34.47634],[132.50669,34.47631],[132.50664,34.47631],[132.50663,34.47636],[132.5066,34.47642],[132.50658,34.4765],[132.50647,34.47661],[132.50636,34.47674],[132.50619,34.47683],[132.506,34.4769],[132.50581,34.477],[132.50561,34.47715],[132.50553,34.47727],[132.5055,34.47748],[132.50551,34.47748],[132.50549,34.47753],[132.50563,34.47756],[132.50593,34.47761],[132.50614,34.47765],[132.5069,34.47781],[132.50745,34.47792],[132.5076,34.47796],[132.50782,34.47798],[132.50827,34.47805],[132.50828,34.47789],[132.50829,34.47779],[132.5083,34.47775],[132.50811,34.47763],[132.5082,34.47752],[132.50846,34.47726],[132.50864,34.47704],[132.50869,34.47693],[132.50872,34.47686],[132.50874,34.47677],[132.50878,34.47669],[132.50883,34.47666],[132.50889,34.47665],[132.50898,34.47663],[132.50908,34.47662],[132.50913,34.4765],[132.50918,34.47641],[132.5092,34.47637]]]}},{"type":"Feature","properties":{"name":"落合二丁目","setai":671,"jinko":1583,"key":"34106719002","units":1},"geometry":{"type":"Polygon","coordinates":[[[132.51349,34.48472],[132.51356,34.48465],[132.51357,34.48464],[132.51362,34.4846],[132.51368,34.48455],[132.51376,34.48448],[132.51383,34.48442],[132.51387,34.48436],[132.51387,34.48435],[132.51389,34.48426],[132.51387,34.48419],[132.51387,34.48417],[132.51385,34.4841],[132.51382,34.48402],[132.51377,34.48397],[132.51371,34.48393],[132.51362,34.48388],[132.51352,34.48385],[132.51343,34.48385],[132.51334,34.48387],[132.51323,34.4839],[132.51314,34.48397],[132.51307,34.48403],[132.513,34.4841],[132.5128,34.48431],[132.51273,34.48439],[132.51263,34.48447],[132.5125,34.48455],[132.5123,34.48463],[132.51214,34.48467],[132.51191,34.48467],[132.5117,34.48466],[132.51152,34.48467],[132.51137,34.48467],[132.51125,34.48466],[132.51116,34.48463],[132.51107,34.48459],[132.51103,34.48455],[132.51098,34.4845],[132.51118,34.48456],[132.51119,34.48433],[132.51133,34.48442],[132.51191,34.4845],[132.51174,34.48437],[132.51167,34.48426],[132.51173,34.48421],[132.51166,34.48412],[132.51162,34.48413],[132.51154,34.48415],[132.51142,34.48419],[132.51137,34.48412],[132.51123,34.48414],[132.5113,34.48406],[132.51136,34.48399],[132.51139,34.48394],[132.51138,34.48389],[132.5113,34.48388],[132.5112,34.48386],[132.51108,34.48381],[132.51099,34.48374],[132.51091,34.48365],[132.51088,34.48359],[132.51089,34.48352],[132.51091,34.48342],[132.51093,34.48332],[132.51094,34.48326],[132.51093,34.48319],[132.5109,34.48313],[132.51087,34.48307],[132.51073,34.48291],[132.51068,34.48286],[132.51064,34.48278],[132.51055,34.48246],[132.51052,34.48236],[132.51048,34.4823],[132.51048,34.48228],[132.51042,34.48217],[132.51039,34.48208],[132.51034,34.48201],[132.51027,34.48193],[132.51021,34.48187],[132.51016,34.48181],[132.51011,34.48169],[132.51001,34.48151],[132.50996,34.4814],[132.50993,34.48131],[132.50993,34.48118],[132.50994,34.48107],[132.50997,34.48054],[132.50998,34.48048],[132.51029,34.48035],[132.51032,34.4804],[132.51043,34.48042],[132.51052,34.48041],[132.51065,34.48038],[132.51072,34.48034],[132.51085,34.48028],[132.51103,34.48021],[132.51118,34.4802],[132.51122,34.4802],[132.51131,34.48021],[132.51143,34.48022],[132.51149,34.48025],[132.51158,34.4803],[132.51162,34.48016],[132.51165,34.48004],[132.51164,34.48001],[132.51163,34.47994],[132.51161,34.47967],[132.51164,34.47967],[132.51306,34.47958],[132.51306,34.47958],[132.51296,34.47951],[132.51282,34.47944],[132.51266,34.47935],[132.51261,34.47931],[132.51252,34.47926],[132.51232,34.47915],[132.51228,34.47913],[132.51203,34.47897],[132.51196,34.47893],[132.5119,34.4789],[132.51162,34.47875],[132.51117,34.47856],[132.51078,34.47842],[132.51075,34.47841],[132.51053,34.47833],[132.51024,34.47828],[132.51019,34.47827],[132.50997,34.47822],[132.50966,34.47816],[132.50951,34.47813],[132.50902,34.4781],[132.5088,34.47808],[132.50873,34.47807],[132.50868,34.47807],[132.50865,34.47807],[132.50827,34.47805],[132.50782,34.47798],[132.5076,34.47796],[132.50745,34.47792],[132.5069,34.47781],[132.50614,34.47765],[132.50593,34.47761],[132.50563,34.47756],[132.50549,34.47753],[132.50508,34.47745],[132.50451,34.47732],[132.50393,34.47714],[132.50333,34.47694],[132.50274,34.47675],[132.50224,34.47653],[132.50174,34.4763],[132.5014,34.47611],[132.50005,34.47721],[132.50009,34.47725],[132.5001,34.47726],[132.50016,34.47733],[132.50053,34.47774],[132.50083,34.47807],[132.50089,34.47813],[132.50095,34.4782],[132.50098,34.47822],[132.501,34.47825],[132.50119,34.47842],[132.50133,34.47856],[132.50145,34.47868],[132.50166,34.47886],[132.50207,34.47918],[132.50239,34.47942],[132.50316,34.48003],[132.50323,34.48008],[132.5037,34.48044],[132.504,34.48067],[132.50453,34.48112],[132.5047,34.48126],[132.50505,34.48157],[132.50534,34.48182],[132.5057,34.48214],[132.50587,34.48228],[132.50616,34.48253],[132.50634,34.48268],[132.50646,34.48279],[132.50657,34.48289],[132.50694,34.48322],[132.50712,34.48341],[132.50724,34.48352],[132.50744,34.48373],[132.50804,34.48433],[132.50839,34.48467],[132.50887,34.48514],[132.50926,34.48554],[132.50965,34.48595],[132.50994,34.48628],[132.51002,34.48637],[132.51022,34.48658],[132.51037,34.48675],[132.51038,34.48677],[132.51086,34.48656],[132.51114,34.48643],[132.51162,34.48623],[132.51231,34.4859],[132.51272,34.48569],[132.51287,34.48565],[132.51301,34.48563],[132.51312,34.4856],[132.51319,34.48557],[132.51323,34.48554],[132.51333,34.48548],[132.51335,34.48545],[132.51339,34.4854],[132.5134,34.48538],[132.51352,34.4852],[132.51357,34.48511],[132.51357,34.48511],[132.51352,34.48505],[132.51352,34.48504],[132.5135,34.48502],[132.51346,34.48495],[132.51346,34.48486],[132.51347,34.4848],[132.51349,34.48472]]]}},{"type":"Feature","properties":{"name":"落合三丁目","setai":532,"jinko":1038,"key":"34106719003","units":1},"geometry":{"type":"Polygon","coordinates":[[[132.51535,34.47699],[132.51524,34.47682],[132.51515,34.4767],[132.51504,34.47661],[132.51491,34.47652],[132.5147,34.47638],[132.51461,34.47634],[132.51386,34.47602],[132.51386,34.47602],[132.5133,34.47696],[132.51179,34.47629],[132.51179,34.47621],[132.51208,34.47621],[132.51185,34.47592],[132.5117,34.47573],[132.51166,34.47566],[132.5116,34.47548],[132.51156,34.47533],[132.51155,34.47528],[132.51146,34.47527],[132.51138,34.47526],[132.51128,34.47523],[132.51119,34.47518],[132.51101,34.47536],[132.5109,34.47544],[132.51083,34.47549],[132.51082,34.47549],[132.51076,34.4755],[132.51071,34.47551],[132.5107,34.47552],[132.51066,34.47555],[132.51063,34.47561],[132.51061,34.47565],[132.51057,34.47568],[132.51051,34.47571],[132.51046,34.47576],[132.51039,34.47583],[132.51026,34.47592],[132.51019,34.47595],[132.51013,34.47597],[132.51003,34.47596],[132.50992,34.47595],[132.50979,34.47593],[132.50966,34.47593],[132.50955,34.47593],[132.50948,34.47595],[132.50942,34.47599],[132.50937,34.47607],[132.50929,34.47616],[132.50923,34.4763],[132.50922,34.47631],[132.5092,34.47637],[132.50918,34.47641],[132.50913,34.4765],[132.50908,34.47662],[132.50898,34.47663],[132.50889,34.47665],[132.50883,34.47666],[132.50878,34.47669],[132.50874,34.47677],[132.50872,34.47686],[132.50869,34.47693],[132.50864,34.47704],[132.50846,34.47726],[132.5082,34.47752],[132.50811,34.47763],[132.5083,34.47775],[132.50829,34.47779],[132.50828,34.47789],[132.50827,34.47805],[132.50865,34.47807],[132.50868,34.47807],[132.50873,34.47807],[132.5088,34.47808],[132.50902,34.4781],[132.50951,34.47813],[132.50966,34.47816],[132.50997,34.47822],[132.51019,34.47827],[132.51024,34.47828],[132.51053,34.47833],[132.51075,34.47841],[132.51078,34.47842],[132.51117,34.47856],[132.51162,34.47875],[132.5119,34.4789],[132.51196,34.47893],[132.51203,34.47897],[132.51228,34.47913],[132.51232,34.47915],[132.51252,34.47926],[132.51261,34.47931],[132.51266,34.47935],[132.51282,34.47944],[132.51296,34.47951],[132.51306,34.47958],[132.51306,34.47958],[132.51307,34.47958],[132.51308,34.47958],[132.5131,34.47958],[132.51342,34.4795],[132.51366,34.47943],[132.51377,34.47939],[132.51385,34.47936],[132.5139,34.47933],[132.51393,34.47932],[132.51417,34.4792],[132.51423,34.47916],[132.51426,34.47914],[132.51429,34.47912],[132.51447,34.47902],[132.51464,34.4789],[132.51481,34.47878],[132.51507,34.47858],[132.51536,34.47838],[132.51556,34.47826],[132.51557,34.47825],[132.51559,34.47824],[132.51582,34.4781],[132.51598,34.47804],[132.51592,34.47793],[132.51535,34.47699]]]}},{"type":"Feature","properties":{"name":"落合四丁目","setai":651,"jinko":1180,"key":"34106719004","units":1},"geometry":{"type":"Polygon","coordinates":[[[132.51933,34.47606],[132.5192,34.476],[132.51879,34.47578],[132.51864,34.4757],[132.51718,34.47493],[132.51667,34.47463],[132.51665,34.47462],[132.51658,34.47457],[132.51656,34.47457],[132.51651,34.47454],[132.51606,34.47432],[132.51572,34.47413],[132.5154,34.47396],[132.51537,34.47393],[132.51527,34.47403],[132.51528,34.47424],[132.51523,34.47426],[132.51518,34.47429],[132.51512,34.4743],[132.51507,34.4743],[132.51501,34.4743],[132.51498,34.47425],[132.51496,34.47422],[132.51492,34.47415],[132.5149,34.47413],[132.51488,34.47411],[132.51486,34.47405],[132.51485,34.47402],[132.51484,34.47399],[132.51482,34.47397],[132.51479,34.47396],[132.51476,34.47396],[132.51466,34.474],[132.51459,34.47403],[132.51456,34.47403],[132.51451,34.47403],[132.51447,34.47402],[132.51444,34.474],[132.51438,34.47389],[132.51435,34.47395],[132.5143,34.47405],[132.51424,34.47416],[132.51419,34.47425],[132.5139,34.47427],[132.51383,34.47427],[132.51269,34.47437],[132.51266,34.47437],[132.51263,34.47455],[132.51239,34.47466],[132.51265,34.47476],[132.51264,34.47496],[132.51259,34.47494],[132.51256,34.47493],[132.51221,34.47486],[132.51205,34.47485],[132.51177,34.47483],[132.51174,34.47493],[132.51173,34.47496],[132.51172,34.47505],[132.51167,34.47512],[132.51167,34.47512],[132.51167,34.47513],[132.51165,34.47515],[132.51155,34.47528],[132.51156,34.47533],[132.5116,34.47548],[132.51166,34.47566],[132.5117,34.47573],[132.51185,34.47592],[132.51208,34.47621],[132.51179,34.47621],[132.51179,34.47629],[132.5133,34.47696],[132.51386,34.47602],[132.51386,34.47602],[132.51461,34.47634],[132.5147,34.47638],[132.51491,34.47652],[132.51504,34.47661],[132.51515,34.4767],[132.51524,34.47682],[132.51535,34.47699],[132.51592,34.47793],[132.51598,34.47804],[132.51689,34.47765],[132.5174,34.47743],[132.51788,34.4772],[132.51809,34.47711],[132.51831,34.47701],[132.51852,34.47688],[132.51894,34.47658],[132.51909,34.47644],[132.51925,34.47622],[132.51933,34.47606]]]}},{"type":"Feature","properties":{"name":"落合五丁目","setai":325,"jinko":735,"key":"34106719005","units":1},"geometry":{"type":"Polygon","coordinates":[[[132.51478,34.48061],[132.51464,34.48049],[132.51464,34.48048],[132.51463,34.48047],[132.51459,34.4804],[132.51457,34.48031],[132.51458,34.4803],[132.51458,34.48027],[132.51464,34.48024],[132.51468,34.48023],[132.51476,34.48021],[132.51484,34.48021],[132.5149,34.48022],[132.51502,34.48025],[132.51504,34.48026],[132.51516,34.48032],[132.51526,34.48039],[132.51528,34.48039],[132.51528,34.48039],[132.5153,34.48039],[132.51539,34.48031],[132.5154,34.4803],[132.51533,34.48022],[132.51526,34.48013],[132.51525,34.48011],[132.51522,34.48006],[132.51519,34.47995],[132.5152,34.47987],[132.51526,34.47982],[132.51532,34.4798],[132.51534,34.47979],[132.51538,34.47979],[132.51542,34.47978],[132.51551,34.47979],[132.51556,34.47979],[132.51569,34.47987],[132.51571,34.47991],[132.51571,34.47997],[132.51571,34.48004],[132.5158,34.48001],[132.51592,34.47996],[132.51607,34.4799],[132.51616,34.47983],[132.51609,34.47975],[132.51604,34.4797],[132.51602,34.47969],[132.51601,34.47968],[132.5159,34.4796],[132.51586,34.47956],[132.51583,34.47954],[132.51579,34.47947],[132.51579,34.47947],[132.51576,34.47937],[132.51576,34.47936],[132.51577,34.4793],[132.51578,34.47924],[132.51578,34.47922],[132.51579,34.47921],[132.51582,34.47914],[132.51582,34.47913],[132.5159,34.47905],[132.51597,34.47897],[132.51607,34.47888],[132.51615,34.47886],[132.51624,34.47886],[132.51631,34.4789],[132.51638,34.47893],[132.51647,34.47894],[132.51647,34.47894],[132.51651,34.47895],[132.51657,34.47897],[132.51673,34.47906],[132.51681,34.47913],[132.51682,34.47914],[132.51688,34.47919],[132.51692,34.47925],[132.51694,34.47932],[132.51695,34.47935],[132.51696,34.47941],[132.51697,34.47951],[132.51709,34.4795],[132.51721,34.47947],[132.51731,34.47943],[132.51743,34.47938],[132.51739,34.47931],[132.51737,34.47924],[132.51738,34.47921],[132.51748,34.47914],[132.5175,34.47913],[132.51758,34.4791],[132.51767,34.47906],[132.51778,34.47904],[132.5179,34.47902],[132.518,34.47902],[132.51812,34.47902],[132.51818,34.47903],[132.51824,34.47902],[132.51831,34.47904],[132.51838,34.47908],[132.51844,34.47913],[132.51846,34.47916],[132.51846,34.47916],[132.51848,34.47917],[132.51854,34.47921],[132.51855,34.47921],[132.51864,34.47927],[132.5187,34.47928],[132.51876,34.47927],[132.51883,34.47927],[132.51891,34.47927],[132.51896,34.47929],[132.51908,34.47921],[132.51918,34.47916],[132.51922,34.47913],[132.51922,34.47913],[132.5194,34.47901],[132.51952,34.47891],[132.51967,34.47879],[132.51974,34.47874],[132.51981,34.47867],[132.51984,34.47862],[132.51985,34.47854],[132.51985,34.4785],[132.51985,34.47849],[132.51988,34.47842],[132.51995,34.47835],[132.52005,34.47831],[132.52014,34.4783],[132.52019,34.4782],[132.52022,34.4781],[132.52028,34.47794],[132.52031,34.47777],[132.52036,34.4774],[132.52044,34.47739],[132.52053,34.4774],[132.52072,34.47743],[132.52077,34.47747],[132.52078,34.47747],[132.52085,34.47749],[132.52088,34.47755],[132.52124,34.47757],[132.52127,34.47745],[132.52128,34.47737],[132.52131,34.4772],[132.52133,34.47711],[132.52139,34.47708],[132.5216,34.47709],[132.52181,34.4771],[132.52187,34.47712],[132.52193,34.47716],[132.52201,34.47723],[132.52208,34.47728],[132.52215,34.4774],[132.52221,34.4775],[132.52226,34.47759],[132.52233,34.47771],[132.52234,34.47777],[132.52278,34.4776],[132.52276,34.47748],[132.5228,34.47738],[132.52281,34.47731],[132.52277,34.47723],[132.52278,34.47719],[132.52281,34.47715],[132.52285,34.47712],[132.52308,34.47712],[132.52303,34.47689],[132.52319,34.47699],[132.52334,34.47724],[132.5235,34.47756],[132.52352,34.4775],[132.52354,34.47738],[132.52359,34.47719],[132.52374,34.47721],[132.52392,34.47727],[132.52406,34.47731],[132.52408,34.47731],[132.52416,34.47731],[132.52423,34.47728],[132.52425,34.47728],[132.52432,34.47725],[132.52462,34.47713],[132.52464,34.47711],[132.52467,34.47708],[132.52473,34.47701],[132.52486,34.47701],[132.5252,34.47719],[132.52542,34.47732],[132.52543,34.47739],[132.52541,34.47743],[132.52547,34.47747],[132.5255,34.4775],[132.52549,34.47752],[132.5254,34.47763],[132.52526,34.4777],[132.52553,34.47786],[132.52582,34.47804],[132.52603,34.47788],[132.52639,34.47808],[132.5264,34.47811],[132.52641,34.47814],[132.52639,34.4782],[132.52622,34.47843],[132.52607,34.47864],[132.52591,34.47865],[132.52619,34.47883],[132.52625,34.47877],[132.5269,34.47802],[132.52688,34.47801],[132.52687,34.478],[132.52619,34.47737],[132.52613,34.47733],[132.52593,34.47718],[132.52577,34.47709],[132.52563,34.477],[132.52552,34.47694],[132.52547,34.47691],[132.52516,34.47681],[132.52492,34.47673],[132.52474,34.47668],[132.52456,34.47663],[132.52423,34.47658],[132.52389,34.47655],[132.52317,34.47655],[132.523,34.47657],[132.52293,34.47657],[132.52228,34.47662],[132.52097,34.47673],[132.52084,34.47665],[132.52077,34.47661],[132.52041,34.47653],[132.51985,34.47631],[132.51982,34.4763],[132.51957,34.47618],[132.51947,34.47613],[132.51946,34.47613],[132.51933,34.47606],[132.51925,34.47622],[132.51909,34.47644],[132.51894,34.47658],[132.51852,34.47688],[132.51831,34.47701],[132.51809,34.47711],[132.51788,34.4772],[132.5174,34.47743],[132.51689,34.47765],[132.51598,34.47804],[132.51582,34.4781],[132.51559,34.47824],[132.51557,34.47825],[132.51556,34.47826],[132.51536,34.47838],[132.51507,34.47858],[132.51481,34.47878],[132.51464,34.4789],[132.51447,34.47902],[132.51429,34.47912],[132.51426,34.47914],[132.51423,34.47916],[132.51417,34.4792],[132.51393,34.47932],[132.5139,34.47933],[132.51385,34.47936],[132.51377,34.47939],[132.51366,34.47943],[132.51342,34.4795],[132.5131,34.47958],[132.51308,34.47958],[132.51307,34.47958],[132.51306,34.47958],[132.51164,34.47967],[132.51161,34.47967],[132.51163,34.47994],[132.51164,34.48001],[132.51165,34.48004],[132.51162,34.48016],[132.51158,34.4803],[132.51158,34.4803],[132.51168,34.48034],[132.51171,34.4803],[132.51171,34.48026],[132.51175,34.48017],[132.5118,34.48016],[132.51223,34.48047],[132.51225,34.48054],[132.51225,34.48059],[132.51231,34.48064],[132.5124,34.48072],[132.51248,34.48078],[132.51251,34.48081],[132.51243,34.48091],[132.51238,34.48097],[132.51237,34.481],[132.51257,34.48108],[132.51266,34.48112],[132.51274,34.48115],[132.51278,34.48115],[132.51286,34.48117],[132.51294,34.48116],[132.51298,34.48115],[132.51303,34.4811],[132.51307,34.48105],[132.51313,34.48096],[132.51316,34.48095],[132.51319,34.48095],[132.51325,34.48106],[132.51327,34.48106],[132.51355,34.48096],[132.51357,34.48094],[132.51357,34.48093],[132.51353,34.48079],[132.51354,34.48068],[132.51356,34.48063],[132.51366,34.48068],[132.51373,34.4807],[132.5138,34.48061],[132.51388,34.48051],[132.51395,34.48056],[132.51399,34.48061],[132.51402,34.48067],[132.51403,34.48073],[132.51397,34.4808],[132.51396,34.48084],[132.51394,34.48091],[132.51398,34.48097],[132.51403,34.48104],[132.51416,34.48106],[132.51421,34.48107],[132.51426,34.48114],[132.51434,34.48126],[132.51453,34.48121],[132.51459,34.48119],[132.51466,34.48116],[132.51473,34.48113],[132.51486,34.48106],[132.51498,34.48097],[132.51499,34.48096],[132.51505,34.48089],[132.51499,34.48082],[132.51489,34.48071],[132.51478,34.48061]]]}},{"type":"Feature","properties":{"name":"落合町","setai":0,"jinko":0,"key":"341067200","units":1},"geometry":{"type":"Polygon","coordinates":[[[132.50549,34.47753],[132.50551,34.47748],[132.5055,34.47748],[132.50553,34.47727],[132.50561,34.47715],[132.50581,34.477],[132.506,34.4769],[132.50619,34.47683],[132.50636,34.47674],[132.50647,34.47661],[132.50658,34.4765],[132.5066,34.47642],[132.50663,34.47636],[132.50664,34.47631],[132.50669,34.47631],[132.50674,34.47634],[132.50683,34.47634],[132.50693,34.47634],[132.50702,34.47635],[132.50706,34.47637],[132.50722,34.47624],[132.50704,34.47606],[132.50719,34.47589],[132.50712,34.4757],[132.50721,34.47561],[132.50701,34.47536],[132.50715,34.47521],[132.50732,34.47527],[132.50733,34.47521],[132.5075,34.47529],[132.50801,34.47482],[132.50801,34.47474],[132.50807,34.47475],[132.50825,34.47445],[132.5084,34.47456],[132.50853,34.4744],[132.5087,34.47458],[132.50876,34.47435],[132.50909,34.47423],[132.50882,34.47384],[132.50895,34.47375],[132.50863,34.4737],[132.50845,34.47365],[132.50829,34.47362],[132.50815,34.4736],[132.50817,34.4735],[132.50827,34.47342],[132.50845,34.47331],[132.5085,34.47329],[132.50848,34.47312],[132.50838,34.4731],[132.50829,34.47309],[132.50822,34.47307],[132.5082,34.47302],[132.50823,34.47296],[132.50829,34.47291],[132.50835,34.47286],[132.50836,34.47279],[132.50845,34.47278],[132.50848,34.47276],[132.50852,34.47272],[132.50853,34.47267],[132.50852,34.47262],[132.50848,34.47256],[132.50839,34.47249],[132.50831,34.47245],[132.50836,34.47232],[132.5085,34.47236],[132.50861,34.4724],[132.50858,34.47235],[132.5087,34.47239],[132.50883,34.47241],[132.5089,34.47241],[132.50892,34.4724],[132.50895,34.47233],[132.50891,34.47232],[132.50869,34.47221],[132.50859,34.47214],[132.50837,34.47193],[132.50817,34.47176],[132.50809,34.47129],[132.50857,34.47113],[132.50842,34.47088],[132.50839,34.47091],[132.50834,34.47096],[132.50831,34.47099],[132.50825,34.47098],[132.50824,34.47084],[132.50822,34.47069],[132.50819,34.4706],[132.50814,34.47069],[132.50772,34.4713],[132.50758,34.47146],[132.50743,34.47163],[132.5073,34.47178],[132.50709,34.47192],[132.50687,34.47206],[132.50658,34.47227],[132.50653,34.47248],[132.50648,34.47274],[132.50641,34.47298],[132.50634,34.47321],[132.50629,34.47341],[132.50621,34.47366],[132.50611,34.47388],[132.50594,34.47413],[132.5059,34.47416],[132.50587,34.47419],[132.50576,34.47427],[132.50564,34.47434],[132.50549,34.47444],[132.50538,34.47451],[132.50524,34.47457],[132.50496,34.47466],[132.50479,34.47469],[132.50454,34.47471],[132.50426,34.47472],[132.50406,34.4747],[132.50375,34.47462],[132.5035,34.47455],[132.50324,34.47446],[132.50296,34.47438],[132.50279,34.47437],[132.50241,34.47434],[132.50229,34.47433],[132.50188,34.47435],[132.5013,34.47438],[132.50061,34.47442],[132.50006,34.47446],[132.49928,34.47462],[132.49878,34.47472],[132.49871,34.47474],[132.49802,34.47488],[132.49819,34.47507],[132.49869,34.47562],[132.49916,34.47614],[132.49956,34.47661],[132.4998,34.47693],[132.49981,34.47694],[132.49984,34.47698],[132.49989,34.47703],[132.4999,34.47705],[132.50005,34.47721],[132.5014,34.47611],[132.50174,34.4763],[132.50224,34.47653],[132.50274,34.47675],[132.50333,34.47694],[132.50393,34.47714],[132.50451,34.47732],[132.50508,34.47745],[132.50549,34.47753]]]}},{"type":"Feature","properties":{"name":"落合南一丁目","setai":954,"jinko":2390,"key":"34106721001","units":1},"geometry":{"type":"Polygon","coordinates":[[[132.51012,34.46867],[132.51015,34.46865],[132.51016,34.46867],[132.51023,34.46872],[132.51032,34.46875],[132.51037,34.46875],[132.51048,34.4687],[132.51055,34.46865],[132.51057,34.46863],[132.5106,34.46854],[132.51058,34.46845],[132.5105,34.46829],[132.5105,34.46828],[132.51049,34.46821],[132.51049,34.46813],[132.5105,34.46806],[132.51051,34.46799],[132.51053,34.46789],[132.51056,34.46784],[132.51057,34.46783],[132.51059,34.4678],[132.51064,34.46774],[132.51066,34.46772],[132.51075,34.46758],[132.51079,34.46751],[132.51074,34.46748],[132.51073,34.46744],[132.51074,34.4674],[132.51075,34.46733],[132.51078,34.46721],[132.51083,34.46714],[132.51095,34.46698],[132.51098,34.46692],[132.51097,34.46689],[132.51092,34.46688],[132.51087,34.46687],[132.51079,34.4669],[132.51071,34.46691],[132.51063,34.46691],[132.51057,34.46691],[132.51052,34.46689],[132.51042,34.46682],[132.51035,34.46677],[132.51034,34.46674],[132.51034,34.46672],[132.51035,34.46669],[132.51038,34.46665],[132.51048,34.46654],[132.51052,34.46649],[132.51052,34.46647],[132.5105,34.46644],[132.51049,34.46644],[132.51044,34.4664],[132.51043,34.46637],[132.51044,34.46635],[132.51046,34.46634],[132.5105,34.46633],[132.51055,34.46633],[132.51059,34.46634],[132.51061,34.46633],[132.51072,34.46628],[132.51077,34.46625],[132.51081,34.46623],[132.51085,34.46617],[132.51083,34.46612],[132.51081,34.46609],[132.51081,34.46607],[132.51083,34.46605],[132.51086,34.46602],[132.51088,34.46601],[132.51097,34.46594],[132.5111,34.46581],[132.51112,34.46577],[132.51112,34.46573],[132.51108,34.46567],[132.51107,34.46563],[132.51109,34.4656],[132.51114,34.46557],[132.51118,34.46553],[132.51125,34.46547],[132.51129,34.46542],[132.51129,34.46541],[132.5113,34.46538],[132.5113,34.46533],[132.51126,34.46525],[132.51121,34.46522],[132.51115,34.4652],[132.51111,34.46519],[132.51109,34.46516],[132.51108,34.46513],[132.51103,34.46498],[132.51099,34.4649],[132.51094,34.46483],[132.51082,34.46471],[132.51082,34.46468],[132.511,34.46443],[132.51107,34.46423],[132.5109,34.46422],[132.51088,34.46412],[132.51094,34.46395],[132.51099,34.46389],[132.51105,34.46386],[132.51121,34.46364],[132.51123,34.46349],[132.51129,34.46343],[132.51136,34.46337],[132.51141,34.46332],[132.51147,34.46326],[132.51153,34.46319],[132.51158,34.46313],[132.51163,34.46307],[132.51168,34.46299],[132.51173,34.46292],[132.51177,34.46286],[132.5118,34.4628],[132.51179,34.46273],[132.51178,34.46269],[132.51178,34.46266],[132.51179,34.46259],[132.5118,34.46253],[132.5118,34.46249],[132.51181,34.46231],[132.51182,34.46227],[132.51185,34.46224],[132.51189,34.46222],[132.51194,34.46222],[132.51265,34.46231],[132.51273,34.46205],[132.51279,34.46182],[132.5128,34.46179],[132.51282,34.46164],[132.51289,34.46155],[132.513,34.46145],[132.51313,34.46132],[132.51323,34.46121],[132.51324,34.46113],[132.51324,34.46107],[132.51314,34.46091],[132.51311,34.46086],[132.51318,34.46059],[132.51305,34.46047],[132.51289,34.46044],[132.51287,34.46046],[132.51256,34.46044],[132.51251,34.46046],[132.51237,34.46045],[132.51234,34.46044],[132.51236,34.46008],[132.51236,34.45979],[132.51237,34.45975],[132.51231,34.4597],[132.51224,34.4597],[132.51195,34.45976],[132.5119,34.45977],[132.51179,34.45975],[132.51177,34.45977],[132.51174,34.4598],[132.51168,34.4598],[132.51104,34.45973],[132.51097,34.45979],[132.5109,34.45982],[132.51083,34.45984],[132.51091,34.45991],[132.51095,34.45991],[132.51117,34.45996],[132.51119,34.46],[132.51105,34.46002],[132.511,34.46007],[132.51096,34.46012],[132.51095,34.46013],[132.51093,34.46018],[132.51093,34.46018],[132.51092,34.46027],[132.51092,34.46028],[132.51092,34.46037],[132.51091,34.46041],[132.51091,34.46056],[132.5109,34.46067],[132.5109,34.4607],[132.5109,34.4607],[132.5109,34.46075],[132.51089,34.46077],[132.51088,34.46081],[132.51087,34.46083],[132.51085,34.46087],[132.51079,34.4609],[132.51073,34.46092],[132.51061,34.46092],[132.5105,34.46093],[132.51037,34.46094],[132.51019,34.46093],[132.51,34.4609],[132.50973,34.46077],[132.50962,34.46067],[132.5096,34.46069],[132.50946,34.46083],[132.50944,34.46084],[132.50939,34.46079],[132.50927,34.46072],[132.50921,34.46078],[132.50892,34.46089],[132.50847,34.46125],[132.50847,34.46125],[132.50844,34.46128],[132.50786,34.46179],[132.50785,34.4618],[132.50756,34.46186],[132.50765,34.46235],[132.50766,34.46237],[132.50771,34.46258],[132.50771,34.46258],[132.50784,34.46283],[132.50786,34.46285],[132.50801,34.46298],[132.50832,34.4632],[132.50842,34.46333],[132.50844,34.46345],[132.50845,34.46347],[132.50846,34.46379],[132.50867,34.46394],[132.50873,34.46399],[132.50862,34.46412],[132.5085,34.46425],[132.50839,34.46439],[132.50828,34.46451],[132.50816,34.46465],[132.50799,34.46482],[132.50785,34.46498],[132.50777,34.46506],[132.50766,34.46521],[132.50763,34.46531],[132.50761,34.46536],[132.5076,34.46538],[132.50798,34.46561],[132.50778,34.46599],[132.50765,34.46603],[132.50752,34.46611],[132.50744,34.46619],[132.50742,34.46626],[132.50741,34.46628],[132.50737,34.46636],[132.50732,34.46649],[132.50727,34.46659],[132.50726,34.4666],[132.50721,34.46669],[132.5072,34.4667],[132.50713,34.46681],[132.50704,34.46689],[132.50693,34.46695],[132.50681,34.46701],[132.50673,34.46703],[132.50675,34.46707],[132.50676,34.46713],[132.5068,34.46728],[132.50683,34.46736],[132.50685,34.46739],[132.50686,34.46741],[132.50687,34.46743],[132.50706,34.46778],[132.50709,34.46783],[132.5071,34.46784],[132.5072,34.46802],[132.50727,34.46813],[132.50729,34.46815],[132.50733,34.46821],[132.50736,34.46825],[132.50744,34.46836],[132.50747,34.46839],[132.5075,34.46842],[132.50764,34.46856],[132.50767,34.46859],[132.50772,34.46862],[132.50775,34.46865],[132.50786,34.46873],[132.50789,34.46875],[132.50796,34.46881],[132.508,34.46885],[132.50835,34.46913],[132.50837,34.46915],[132.50842,34.46918],[132.50854,34.46927],[132.50854,34.46928],[132.50874,34.46942],[132.50877,34.46945],[132.50882,34.46948],[132.50902,34.46963],[132.50915,34.46973],[132.50916,34.46974],[132.50922,34.46978],[132.50924,34.4698],[132.50939,34.46991],[132.50954,34.47003],[132.50966,34.47012],[132.50968,34.46989],[132.50976,34.46944],[132.50979,34.46917],[132.5098,34.46907],[132.50975,34.46903],[132.50973,34.46899],[132.50972,34.46896],[132.50974,34.46891],[132.50975,34.46885],[132.50978,34.46882],[132.50983,34.46878],[132.50989,34.46876],[132.51003,34.46871],[132.51012,34.46867]]]}},{"type":"Feature","properties":{"name":"落合南二丁目","setai":653,"jinko":1779,"key":"34106721002","units":1},"geometry":{"type":"Polygon","coordinates":[[[132.51267,34.46903],[132.51256,34.46869],[132.5125,34.46859],[132.51272,34.46853],[132.51273,34.46844],[132.5128,34.46845],[132.51291,34.46845],[132.51303,34.46842],[132.5132,34.46838],[132.51341,34.46831],[132.5138,34.46825],[132.514,34.46822],[132.51407,34.4682],[132.51423,34.46814],[132.51437,34.46806],[132.51471,34.46788],[132.51471,34.46744],[132.51489,34.46743],[132.51497,34.46743],[132.515,34.46745],[132.51501,34.46754],[132.51506,34.46762],[132.51512,34.46768],[132.5152,34.46772],[132.5153,34.46774],[132.51545,34.46774],[132.51561,34.46772],[132.51568,34.46771],[132.51578,34.46766],[132.51587,34.46759],[132.51591,34.46755],[132.51599,34.4674],[132.51602,34.46727],[132.51604,34.4672],[132.51605,34.46713],[132.51603,34.46702],[132.51596,34.46682],[132.5159,34.4667],[132.51586,34.46658],[132.51585,34.4665],[132.51584,34.46632],[132.51586,34.46624],[132.51586,34.46605],[132.51586,34.46604],[132.51587,34.46602],[132.51588,34.46592],[132.51591,34.46581],[132.51593,34.46574],[132.51597,34.46569],[132.5159,34.46559],[132.51578,34.4656],[132.5156,34.4656],[132.51543,34.46533],[132.51543,34.46531],[132.51543,34.46505],[132.51543,34.465],[132.51543,34.46494],[132.51555,34.46475],[132.5156,34.46466],[132.5158,34.46431],[132.51586,34.46419],[132.51595,34.46405],[132.51595,34.46311],[132.516,34.46311],[132.516,34.46311],[132.51621,34.46313],[132.51626,34.4631],[132.51602,34.46308],[132.51601,34.46304],[132.51595,34.46304],[132.51567,34.46303],[132.51569,34.4629],[132.51568,34.46286],[132.51564,34.46285],[132.51561,34.46284],[132.51532,34.46294],[132.51518,34.46299],[132.51504,34.46298],[132.51483,34.46297],[132.51493,34.46285],[132.51461,34.46279],[132.51457,34.46284],[132.51449,34.46284],[132.51445,34.46284],[132.51436,34.46284],[132.5141,34.46266],[132.51398,34.46267],[132.51389,34.4627],[132.51387,34.46269],[132.51378,34.46268],[132.51351,34.46265],[132.51347,34.46264],[132.51344,34.46264],[132.5134,34.46263],[132.51329,34.46261],[132.51321,34.4626],[132.51262,34.46252],[132.51261,34.46253],[132.5126,34.4625],[132.51265,34.46231],[132.51194,34.46222],[132.51189,34.46222],[132.51185,34.46224],[132.51182,34.46227],[132.51181,34.46231],[132.5118,34.46249],[132.5118,34.46253],[132.51179,34.46259],[132.51178,34.46266],[132.51178,34.46269],[132.51179,34.46273],[132.5118,34.4628],[132.51177,34.46286],[132.51173,34.46292],[132.51168,34.46299],[132.51163,34.46307],[132.51158,34.46313],[132.51153,34.46319],[132.51147,34.46326],[132.51141,34.46332],[132.51136,34.46337],[132.51129,34.46343],[132.51123,34.46349],[132.51121,34.46364],[132.51105,34.46386],[132.51099,34.46389],[132.51094,34.46395],[132.51088,34.46412],[132.5109,34.46422],[132.51107,34.46423],[132.511,34.46443],[132.51082,34.46468],[132.51082,34.46471],[132.51094,34.46483],[132.51099,34.4649],[132.51103,34.46498],[132.51108,34.46513],[132.51109,34.46516],[132.51111,34.46519],[132.51115,34.4652],[132.51121,34.46522],[132.51126,34.46525],[132.5113,34.46533],[132.5113,34.46538],[132.51129,34.46541],[132.51129,34.46542],[132.51125,34.46547],[132.51118,34.46553],[132.51114,34.46557],[132.51109,34.4656],[132.51107,34.46563],[132.51108,34.46567],[132.51112,34.46573],[132.51112,34.46577],[132.5111,34.46581],[132.51097,34.46594],[132.51088,34.46601],[132.51086,34.46602],[132.51083,34.46605],[132.51081,34.46607],[132.51081,34.46609],[132.51083,34.46612],[132.51085,34.46617],[132.51081,34.46623],[132.51077,34.46625],[132.51072,34.46628],[132.51061,34.46633],[132.51059,34.46634],[132.51055,34.46633],[132.5105,34.46633],[132.51046,34.46634],[132.51044,34.46635],[132.51043,34.46637],[132.51044,34.4664],[132.51049,34.46644],[132.5105,34.46644],[132.51052,34.46647],[132.51052,34.46649],[132.51048,34.46654],[132.51038,34.46665],[132.51035,34.46669],[132.51034,34.46672],[132.51034,34.46674],[132.51035,34.46677],[132.51042,34.46682],[132.51052,34.46689],[132.51057,34.46691],[132.51063,34.46691],[132.51071,34.46691],[132.51079,34.4669],[132.51087,34.46687],[132.51092,34.46688],[132.51097,34.46689],[132.51098,34.46692],[132.51095,34.46698],[132.51083,34.46714],[132.51078,34.46721],[132.51075,34.46733],[132.51074,34.4674],[132.51073,34.46744],[132.51074,34.46748],[132.51079,34.46751],[132.51075,34.46758],[132.51066,34.46772],[132.51064,34.46774],[132.51059,34.4678],[132.51057,34.46783],[132.51056,34.46784],[132.51053,34.46789],[132.51051,34.46799],[132.5105,34.46806],[132.51049,34.46813],[132.51049,34.46821],[132.5105,34.46828],[132.5105,34.46829],[132.51058,34.46845],[132.5106,34.46854],[132.51057,34.46863],[132.51055,34.46865],[132.51048,34.4687],[132.51037,34.46875],[132.51032,34.46875],[132.51023,34.46872],[132.51016,34.46867],[132.51015,34.46865],[132.51012,34.46867],[132.51003,34.46871],[132.50989,34.46876],[132.50983,34.46878],[132.50978,34.46882],[132.50975,34.46885],[132.50974,34.46891],[132.50972,34.46896],[132.50973,34.46899],[132.50975,34.46903],[132.5098,34.46907],[132.50979,34.46917],[132.50976,34.46944],[132.50968,34.46989],[132.50966,34.47012],[132.51006,34.47041],[132.51064,34.47085],[132.51067,34.47087],[132.51106,34.47116],[132.51117,34.47112],[132.51118,34.47112],[132.51127,34.47108],[132.51139,34.47103],[132.51146,34.47098],[132.51151,34.47094],[132.51153,34.47092],[132.51158,34.47086],[132.51159,34.47085],[132.51162,34.47078],[132.51167,34.47068],[132.5117,34.47062],[132.51176,34.47056],[132.51184,34.47049],[132.51188,34.47044],[132.51172,34.47028],[132.51182,34.47023],[132.51193,34.47018],[132.51201,34.47013],[132.51207,34.47008],[132.51212,34.47002],[132.51215,34.46997],[132.51222,34.46991],[132.51228,34.46986],[132.51235,34.46982],[132.51242,34.46978],[132.51249,34.46974],[132.51268,34.46968],[132.51275,34.46967],[132.51279,34.46966],[132.51287,34.46966],[132.51289,34.46966],[132.51297,34.46965],[132.51293,34.46952],[132.51291,34.46945],[132.51288,34.46934],[132.51287,34.4693],[132.51282,34.46923],[132.51279,34.46919],[132.51267,34.46903]]]}},{"type":"Feature","properties":{"name":"落合南三丁目","setai":653,"jinko":1537,"key":"34106721003","units":1},"geometry":{"type":"Polygon","coordinates":[[[132.51611,34.473],[132.51594,34.47258],[132.5159,34.4726],[132.51592,34.47249],[132.51593,34.47236],[132.51592,34.47225],[132.51592,34.4722],[132.51621,34.47138],[132.51642,34.47111],[132.51671,34.47118],[132.51674,34.47118],[132.51689,34.47081],[132.51701,34.47051],[132.51714,34.47017],[132.5173,34.46986],[132.51747,34.46953],[132.51777,34.4696],[132.5178,34.4696],[132.51795,34.46922],[132.51803,34.46901],[132.51815,34.46871],[132.51819,34.46859],[132.51816,34.46858],[132.51786,34.46841],[132.51767,34.46834],[132.51764,34.46831],[132.51775,34.46821],[132.51777,34.46819],[132.51768,34.4681],[132.51769,34.46804],[132.51757,34.46781],[132.51749,34.46782],[132.51735,34.46779],[132.51722,34.46768],[132.51716,34.46764],[132.51703,34.46763],[132.5169,34.46766],[132.5168,34.46765],[132.51674,34.46762],[132.51646,34.4678],[132.51628,34.46787],[132.51626,34.46787],[132.5162,34.4678],[132.51613,34.46776],[132.51604,34.46774],[132.51587,34.46759],[132.51578,34.46766],[132.51568,34.46771],[132.51561,34.46772],[132.51545,34.46774],[132.5153,34.46774],[132.5152,34.46772],[132.51512,34.46768],[132.51506,34.46762],[132.51501,34.46754],[132.515,34.46745],[132.51497,34.46743],[132.51489,34.46743],[132.51471,34.46744],[132.51471,34.46788],[132.51437,34.46806],[132.51423,34.46814],[132.51407,34.4682],[132.514,34.46822],[132.5138,34.46825],[132.51341,34.46831],[132.5132,34.46838],[132.51303,34.46842],[132.51291,34.46845],[132.5128,34.46845],[132.51273,34.46844],[132.51272,34.46853],[132.5125,34.46859],[132.51256,34.46869],[132.51267,34.46903],[132.51279,34.46919],[132.51282,34.46923],[132.51287,34.4693],[132.51288,34.46934],[132.51291,34.46945],[132.51293,34.46952],[132.51297,34.46965],[132.51289,34.46966],[132.51287,34.46966],[132.51279,34.46966],[132.51275,34.46967],[132.51268,34.46968],[132.51249,34.46974],[132.51242,34.46978],[132.51235,34.46982],[132.51228,34.46986],[132.51222,34.46991],[132.51215,34.46997],[132.51212,34.47002],[132.51207,34.47008],[132.51201,34.47013],[132.51193,34.47018],[132.51182,34.47023],[132.51172,34.47028],[132.51188,34.47044],[132.51184,34.47049],[132.51176,34.47056],[132.5117,34.47062],[132.51167,34.47068],[132.51162,34.47078],[132.51159,34.47085],[132.51158,34.47086],[132.51153,34.47092],[132.51151,34.47094],[132.51146,34.47098],[132.51139,34.47103],[132.51127,34.47108],[132.51118,34.47112],[132.51117,34.47112],[132.51106,34.47116],[132.51127,34.47131],[132.51172,34.47166],[132.51214,34.47195],[132.51231,34.47206],[132.51237,34.4721],[132.51245,34.47215],[132.51291,34.47244],[132.51294,34.47246],[132.51296,34.47247],[132.51343,34.47277],[132.51375,34.47297],[132.51379,34.473],[132.51398,34.47311],[132.51403,34.47314],[132.51513,34.47377],[132.51513,34.47377],[132.51517,34.4738],[132.51533,34.4739],[132.51535,34.47387],[132.5154,34.4738],[132.51535,34.47368],[132.51534,34.47366],[132.51524,34.47358],[132.51521,34.47356],[132.51611,34.473]]]}},{"type":"Feature","properties":{"name":"落合南四丁目","setai":890,"jinko":2400,"key":"34106721004","units":1},"geometry":{"type":"Polygon","coordinates":[[[132.51879,34.4748],[132.51893,34.47473],[132.51896,34.47473],[132.519,34.47473],[132.51905,34.47471],[132.51913,34.47465],[132.51916,34.47464],[132.51923,34.47465],[132.51925,34.47462],[132.51944,34.47464],[132.51947,34.47449],[132.51948,34.47442],[132.51949,34.47436],[132.51937,34.47431],[132.51921,34.47429],[132.5193,34.47388],[132.51931,34.47383],[132.51919,34.47371],[132.5191,34.47356],[132.51908,34.47353],[132.51916,34.47346],[132.51925,34.47322],[132.51929,34.4732],[132.51933,34.47321],[132.51946,34.47318],[132.5194,34.47294],[132.5194,34.47292],[132.51942,34.4729],[132.5193,34.47287],[132.51928,34.47286],[132.5193,34.47278],[132.51942,34.47277],[132.51946,34.47262],[132.51946,34.47258],[132.51946,34.47255],[132.51945,34.47252],[132.51956,34.47246],[132.5195,34.47233],[132.51947,34.47222],[132.51945,34.47217],[132.51943,34.47216],[132.51947,34.47212],[132.51948,34.47208],[132.51939,34.47196],[132.51936,34.47192],[132.51936,34.47185],[132.51926,34.4713],[132.51919,34.47127],[132.51903,34.47073],[132.51918,34.47056],[132.51919,34.47055],[132.5192,34.47052],[132.51928,34.47032],[132.51931,34.47001],[132.51922,34.46981],[132.51908,34.46947],[132.51911,34.46944],[132.51914,34.4694],[132.51914,34.46934],[132.51913,34.4693],[132.51913,34.46922],[132.51904,34.4691],[132.51896,34.46903],[132.51908,34.46894],[132.51927,34.46906],[132.51937,34.4691],[132.51947,34.46911],[132.51953,34.46912],[132.51973,34.46911],[132.51977,34.46898],[132.51978,34.46893],[132.51981,34.46886],[132.51982,34.46883],[132.51984,34.46874],[132.51985,34.4687],[132.51986,34.46865],[132.51986,34.46855],[132.51986,34.46849],[132.51988,34.46843],[132.51996,34.46834],[132.52001,34.4683],[132.52008,34.46825],[132.52009,34.46821],[132.52009,34.46813],[132.52008,34.46793],[132.52009,34.46781],[132.52009,34.46775],[132.52016,34.46758],[132.52016,34.46756],[132.52018,34.46752],[132.52024,34.4674],[132.52027,34.46735],[132.52024,34.46732],[132.52022,34.46729],[132.52023,34.46725],[132.52027,34.46707],[132.52034,34.46686],[132.52034,34.46685],[132.52032,34.46673],[132.52019,34.46652],[132.52018,34.46643],[132.51994,34.46632],[132.51994,34.46631],[132.51993,34.46628],[132.51993,34.46621],[132.51987,34.46622],[132.51978,34.46625],[132.51975,34.46624],[132.51968,34.46622],[132.51964,34.46621],[132.51959,34.46621],[132.51954,34.46619],[132.51948,34.46618],[132.5194,34.46616],[132.51929,34.46616],[132.51924,34.46617],[132.51919,34.46617],[132.51905,34.46617],[132.51896,34.46616],[132.51892,34.46616],[132.51886,34.46614],[132.51879,34.4661],[132.51869,34.46607],[132.51865,34.46605],[132.5187,34.46594],[132.51886,34.46597],[132.51896,34.46593],[132.51905,34.46582],[132.51902,34.46571],[132.51898,34.46553],[132.51889,34.46537],[132.5189,34.46532],[132.51891,34.46505],[132.51899,34.46492],[132.51899,34.46486],[132.51891,34.46482],[132.51878,34.46481],[132.51866,34.46475],[132.51859,34.46474],[132.5185,34.46481],[132.51847,34.46482],[132.51844,34.46481],[132.51838,34.46478],[132.51832,34.46478],[132.51819,34.46485],[132.51818,34.4649],[132.51816,34.4651],[132.51811,34.46521],[132.51809,34.46527],[132.51804,34.46536],[132.51795,34.46568],[132.51794,34.46572],[132.51787,34.4659],[132.51794,34.46595],[132.51802,34.46603],[132.51774,34.4663],[132.5177,34.46641],[132.51769,34.46651],[132.51775,34.46667],[132.51786,34.46677],[132.51787,34.46682],[132.51785,34.46688],[132.51776,34.46695],[132.51743,34.46719],[132.51759,34.46725],[132.51744,34.46737],[132.51742,34.46759],[132.51748,34.46774],[132.51749,34.46782],[132.51757,34.46781],[132.51769,34.46804],[132.51768,34.4681],[132.51777,34.46819],[132.51775,34.46821],[132.51764,34.46831],[132.51767,34.46834],[132.51786,34.46841],[132.51816,34.46858],[132.51819,34.46859],[132.51815,34.46871],[132.51803,34.46901],[132.51795,34.46922],[132.5178,34.4696],[132.51777,34.4696],[132.51747,34.46953],[132.5173,34.46986],[132.51714,34.47017],[132.51701,34.47051],[132.51689,34.47081],[132.51674,34.47118],[132.51671,34.47118],[132.51642,34.47111],[132.51621,34.47138],[132.51592,34.4722],[132.51592,34.47225],[132.51593,34.47236],[132.51592,34.47249],[132.5159,34.4726],[132.51594,34.47258],[132.51611,34.473],[132.51521,34.47356],[132.51524,34.47358],[132.51534,34.47366],[132.51535,34.47368],[132.5154,34.4738],[132.51535,34.47387],[132.51533,34.4739],[132.51537,34.47393],[132.5154,34.47396],[132.51572,34.47413],[132.51606,34.47432],[132.51651,34.47454],[132.51656,34.47457],[132.51658,34.47457],[132.51665,34.47462],[132.51667,34.47463],[132.51718,34.47493],[132.51864,34.4757],[132.51874,34.47558],[132.51884,34.47521],[132.51891,34.47509],[132.5188,34.47489],[132.51876,34.47482],[132.51879,34.4748]]]}},{"type":"Feature","properties":{"name":"落合南五丁目","setai":64,"jinko":163,"key":"34106721005","units":1},"geometry":{"type":"Polygon","coordinates":[[[132.51646,34.4678],[132.51674,34.46762],[132.5168,34.46765],[132.5169,34.46766],[132.51703,34.46763],[132.51716,34.46764],[132.51722,34.46768],[132.51735,34.46779],[132.51749,34.46782],[132.51748,34.46774],[132.51742,34.46759],[132.51744,34.46737],[132.51759,34.46725],[132.51743,34.46719],[132.51776,34.46695],[132.51785,34.46688],[132.51787,34.46682],[132.51786,34.46677],[132.51775,34.46667],[132.51769,34.46651],[132.5177,34.46641],[132.51774,34.4663],[132.51802,34.46603],[132.51794,34.46595],[132.51787,34.4659],[132.51794,34.46572],[132.51795,34.46568],[132.51804,34.46536],[132.51809,34.46527],[132.51811,34.46521],[132.51816,34.4651],[132.51818,34.4649],[132.51819,34.46485],[132.51832,34.46478],[132.51838,34.46478],[132.51844,34.46481],[132.51847,34.46482],[132.5185,34.46481],[132.51859,34.46474],[132.51866,34.46475],[132.51878,34.46481],[132.51891,34.46482],[132.51899,34.46486],[132.51899,34.46492],[132.51891,34.46505],[132.5189,34.46532],[132.51889,34.46537],[132.51898,34.46553],[132.51902,34.46571],[132.51905,34.46582],[132.51896,34.46593],[132.51886,34.46597],[132.5187,34.46594],[132.51865,34.46605],[132.51869,34.46607],[132.51879,34.4661],[132.51886,34.46614],[132.51892,34.46616],[132.51896,34.46616],[132.51905,34.46617],[132.51919,34.46617],[132.51924,34.46617],[132.51929,34.46616],[132.5194,34.46616],[132.51948,34.46618],[132.51954,34.46619],[132.51959,34.46621],[132.51964,34.46621],[132.51968,34.46622],[132.51975,34.46624],[132.51978,34.46625],[132.51987,34.46622],[132.51993,34.46621],[132.51993,34.46628],[132.51994,34.46631],[132.51994,34.46632],[132.52018,34.46643],[132.5201,34.46611],[132.52007,34.46584],[132.52007,34.46557],[132.5201,34.46541],[132.52013,34.46534],[132.52025,34.46502],[132.52038,34.46486],[132.52067,34.46473],[132.52079,34.46467],[132.52087,34.46457],[132.521,34.46414],[132.52116,34.46407],[132.52155,34.46404],[132.52179,34.464],[132.52191,34.46393],[132.52206,34.46382],[132.52244,34.4635],[132.52253,34.46345],[132.52221,34.46332],[132.52202,34.46322],[132.52194,34.46317],[132.52179,34.46307],[132.52156,34.46292],[132.52129,34.46284],[132.52116,34.46284],[132.52073,34.46292],[132.52065,34.46293],[132.52059,34.46291],[132.52048,34.4628],[132.52038,34.46295],[132.52013,34.46299],[132.52006,34.463],[132.52002,34.46297],[132.52001,34.46291],[132.51999,34.46291],[132.51993,34.46296],[132.51979,34.46302],[132.5196,34.46299],[132.51953,34.46293],[132.51952,34.46305],[132.51946,34.46309],[132.51938,34.46309],[132.51914,34.46307],[132.51888,34.46308],[132.51877,34.46313],[132.5181,34.46314],[132.51782,34.46309],[132.51767,34.4631],[132.51721,34.46311],[132.51675,34.46313],[132.51661,34.46314],[132.51626,34.4631],[132.51621,34.46313],[132.516,34.46311],[132.516,34.46311],[132.51595,34.46311],[132.51595,34.46405],[132.51586,34.46419],[132.5158,34.46431],[132.5156,34.46466],[132.51555,34.46475],[132.51543,34.46494],[132.51543,34.465],[132.51543,34.46505],[132.51543,34.46531],[132.51543,34.46533],[132.5156,34.4656],[132.51578,34.4656],[132.5159,34.46559],[132.51597,34.46569],[132.51593,34.46574],[132.51591,34.46581],[132.51588,34.46592],[132.51587,34.46602],[132.51586,34.46604],[132.51586,34.46605],[132.51586,34.46624],[132.51584,34.46632],[132.51585,34.4665],[132.51586,34.46658],[132.5159,34.4667],[132.51596,34.46682],[132.51603,34.46702],[132.51605,34.46713],[132.51604,34.4672],[132.51602,34.46727],[132.51599,34.4674],[132.51591,34.46755],[132.51587,34.46759],[132.51604,34.46774],[132.51613,34.46776],[132.5162,34.4678],[132.51626,34.46787],[132.51628,34.46787],[132.51646,34.4678]]]}},{"type":"Feature","properties":{"name":"落合南六丁目","setai":0,"jinko":0,"key":"34106721006","units":1},"geometry":{"type":"Polygon","coordinates":[[[132.52605,34.46984],[132.52603,34.46978],[132.52603,34.46972],[132.52605,34.46964],[132.52608,34.46957],[132.52617,34.46947],[132.52628,34.46937],[132.52661,34.46907],[132.527,34.46872],[132.52703,34.4687],[132.5273,34.46843],[132.52753,34.46823],[132.52773,34.46827],[132.5278,34.46828],[132.52783,34.46829],[132.52791,34.4683],[132.52792,34.46823],[132.528,34.46784],[132.52803,34.4678],[132.52807,34.46778],[132.52817,34.46779],[132.52829,34.4678],[132.52831,34.46759],[132.52854,34.4676],[132.52846,34.4675],[132.52852,34.46737],[132.5286,34.46723],[132.52867,34.46701],[132.52868,34.4669],[132.52869,34.4665],[132.52875,34.46623],[132.52883,34.46582],[132.52806,34.46539],[132.52788,34.46526],[132.52767,34.46511],[132.52745,34.46515],[132.52717,34.4652],[132.52726,34.46508],[132.52616,34.46464],[132.52561,34.46445],[132.52516,34.46435],[132.52452,34.46407],[132.52387,34.46369],[132.52309,34.46323],[132.52256,34.46303],[132.52194,34.46317],[132.52202,34.46322],[132.52221,34.46332],[132.52253,34.46345],[132.52244,34.4635],[132.52206,34.46382],[132.52191,34.46393],[132.52179,34.464],[132.52155,34.46404],[132.52116,34.46407],[132.521,34.46414],[132.52087,34.46457],[132.52079,34.46467],[132.52067,34.46473],[132.52038,34.46486],[132.52025,34.46502],[132.52013,34.46534],[132.5201,34.46541],[132.52023,34.46544],[132.52021,34.46559],[132.52023,34.46575],[132.52031,34.46602],[132.52042,34.46633],[132.52049,34.46641],[132.52057,34.46648],[132.52069,34.46656],[132.52079,34.46661],[132.52088,34.46667],[132.52099,34.46677],[132.52146,34.46744],[132.52151,34.46758],[132.52158,34.4679],[132.52162,34.46809],[132.52169,34.46818],[132.52203,34.46838],[132.52246,34.46866],[132.52256,34.46873],[132.52257,34.46873],[132.52269,34.46874],[132.52283,34.46874],[132.52312,34.46872],[132.52333,34.46868],[132.5236,34.46856],[132.52377,34.46851],[132.52379,34.46851],[132.52388,34.46851],[132.5243,34.46857],[132.52451,34.46858],[132.52463,34.46859],[132.52499,34.46857],[132.5251,34.46857],[132.52516,34.46859],[132.52526,34.46862],[132.52576,34.46879],[132.5259,34.46888],[132.52596,34.46893],[132.52548,34.46952],[132.52557,34.46974],[132.52564,34.46993],[132.52605,34.46984]]]}},{"type":"Feature","properties":{"name":"落合南七丁目","setai":250,"jinko":598,"key":"34106721007","units":1},"geometry":{"type":"Polygon","coordinates":[[[132.52307,34.4762],[132.52306,34.47583],[132.52289,34.47584],[132.52257,34.47587],[132.52234,34.47589],[132.52189,34.47593],[132.52183,34.47576],[132.52194,34.47569],[132.52199,34.47563],[132.52201,34.47557],[132.52201,34.47555],[132.522,34.4755],[132.52201,34.4754],[132.52203,34.47527],[132.52208,34.47515],[132.52213,34.47504],[132.52184,34.47496],[132.52183,34.47485],[132.52179,34.47478],[132.52181,34.47473],[132.52185,34.47468],[132.5219,34.47461],[132.52193,34.47455],[132.52197,34.47418],[132.52191,34.47412],[132.5219,34.47397],[132.52184,34.47382],[132.52174,34.47366],[132.52173,34.47353],[132.52174,34.47344],[132.52183,34.47337],[132.52193,34.47308],[132.52199,34.47303],[132.52207,34.47292],[132.52217,34.4729],[132.52216,34.47275],[132.52233,34.47257],[132.52252,34.47236],[132.52262,34.47225],[132.52263,34.47223],[132.52253,34.4722],[132.52265,34.47212],[132.52273,34.47202],[132.52277,34.47198],[132.5228,34.47195],[132.52286,34.47192],[132.52297,34.4719],[132.52316,34.47178],[132.52323,34.47165],[132.5233,34.47152],[132.52335,34.4714],[132.52342,34.47125],[132.52348,34.4711],[132.52354,34.47101],[132.52355,34.47092],[132.52353,34.47081],[132.52355,34.47071],[132.52357,34.47062],[132.52358,34.47061],[132.52374,34.47033],[132.52376,34.47023],[132.52382,34.47013],[132.52388,34.47005],[132.52392,34.46995],[132.52406,34.46983],[132.52418,34.46974],[132.52431,34.46963],[132.52439,34.46956],[132.52452,34.46953],[132.52466,34.46948],[132.52482,34.4694],[132.52503,34.46928],[132.52505,34.46927],[132.5253,34.46906],[132.52546,34.4689],[132.52551,34.46888],[132.52554,34.46888],[132.52559,34.46892],[132.5256,34.46895],[132.52565,34.46909],[132.52566,34.46911],[132.52568,34.46914],[132.5259,34.46888],[132.52576,34.46879],[132.52526,34.46862],[132.52516,34.46859],[132.5251,34.46857],[132.52499,34.46857],[132.52463,34.46859],[132.52451,34.46858],[132.5243,34.46857],[132.52388,34.46851],[132.52379,34.46851],[132.52377,34.46851],[132.5236,34.46856],[132.52333,34.46868],[132.52312,34.46872],[132.52283,34.46874],[132.52269,34.46874],[132.52257,34.46873],[132.52256,34.46873],[132.52246,34.46866],[132.52203,34.46838],[132.52169,34.46818],[132.52162,34.46809],[132.52158,34.4679],[132.52151,34.46758],[132.52146,34.46744],[132.52099,34.46677],[132.52088,34.46667],[132.52079,34.46661],[132.52069,34.46656],[132.52057,34.46648],[132.52049,34.46641],[132.52042,34.46633],[132.52031,34.46602],[132.52023,34.46575],[132.52021,34.46559],[132.52023,34.46544],[132.5201,34.46541],[132.52007,34.46557],[132.52007,34.46584],[132.5201,34.46611],[132.52018,34.46643],[132.52019,34.46652],[132.52032,34.46673],[132.52034,34.46685],[132.52034,34.46686],[132.52027,34.46707],[132.52023,34.46725],[132.52022,34.46729],[132.52024,34.46732],[132.52027,34.46735],[132.52024,34.4674],[132.52018,34.46752],[132.52016,34.46756],[132.52016,34.46758],[132.52009,34.46775],[132.52009,34.46781],[132.52008,34.46793],[132.52009,34.46813],[132.52009,34.46821],[132.52008,34.46825],[132.52001,34.4683],[132.51996,34.46834],[132.51988,34.46843],[132.51986,34.46849],[132.51986,34.46855],[132.51986,34.46865],[132.51985,34.4687],[132.51984,34.46874],[132.51982,34.46883],[132.51981,34.46886],[132.51978,34.46893],[132.51977,34.46898],[132.51973,34.46911],[132.51953,34.46912],[132.51947,34.46911],[132.51937,34.4691],[132.51927,34.46906],[132.51908,34.46894],[132.51896,34.46903],[132.51904,34.4691],[132.51913,34.46922],[132.51913,34.4693],[132.51914,34.46934],[132.51914,34.4694],[132.51911,34.46944],[132.51908,34.46947],[132.51922,34.46981],[132.51931,34.47001],[132.51928,34.47032],[132.5192,34.47052],[132.51919,34.47055],[132.51918,34.47056],[132.51903,34.47073],[132.51919,34.47127],[132.51926,34.4713],[132.51936,34.47185],[132.51936,34.47192],[132.51939,34.47196],[132.51948,34.47208],[132.51947,34.47212],[132.51943,34.47216],[132.51945,34.47217],[132.51947,34.47222],[132.5195,34.47233],[132.51956,34.47246],[132.51945,34.47252],[132.51946,34.47255],[132.51946,34.47258],[132.51946,34.47262],[132.51942,34.47277],[132.5193,34.47278],[132.51928,34.47286],[132.5193,34.47287],[132.51942,34.4729],[132.5194,34.47292],[132.5194,34.47294],[132.51946,34.47318],[132.51933,34.47321],[132.51929,34.4732],[132.51925,34.47322],[132.51916,34.47346],[132.51908,34.47353],[132.5191,34.47356],[132.51919,34.47371],[132.51931,34.47383],[132.5193,34.47388],[132.51921,34.47429],[132.51937,34.47431],[132.51949,34.47436],[132.51948,34.47442],[132.51947,34.47449],[132.51944,34.47464],[132.51925,34.47462],[132.51923,34.47465],[132.51916,34.47464],[132.51913,34.47465],[132.51905,34.47471],[132.519,34.47473],[132.51896,34.47473],[132.51893,34.47473],[132.51879,34.4748],[132.51876,34.47482],[132.5188,34.47489],[132.51891,34.47509],[132.51884,34.47521],[132.51874,34.47558],[132.51864,34.4757],[132.51879,34.47578],[132.5192,34.476],[132.51933,34.47606],[132.51946,34.47613],[132.51947,34.47613],[132.51957,34.47618],[132.51982,34.4763],[132.51985,34.47631],[132.52041,34.47653],[132.52077,34.47661],[132.52084,34.47665],[132.52097,34.47673],[132.52228,34.47662],[132.52293,34.47657],[132.523,34.47657],[132.52317,34.47655],[132.52315,34.47646],[132.52312,34.47638],[132.52308,34.47631],[132.52308,34.47628],[132.52307,34.47622],[132.52307,34.4762]]]}},{"type":"Feature","properties":{"name":"落合南八丁目","setai":190,"jinko":475,"key":"34106721008","units":1},"geometry":{"type":"Polygon","coordinates":[[[132.52328,34.47591],[132.52339,34.47583],[132.52375,34.47585],[132.52389,34.47587],[132.52395,34.47587],[132.52408,34.4758],[132.52437,34.47565],[132.52444,34.47557],[132.52451,34.47546],[132.52461,34.47536],[132.52466,34.47534],[132.5247,34.47532],[132.5248,34.47529],[132.52487,34.47527],[132.52497,34.47524],[132.52498,34.47514],[132.52499,34.47493],[132.52495,34.47479],[132.52505,34.47416],[132.52522,34.47401],[132.52525,34.47392],[132.52526,34.47382],[132.52526,34.47377],[132.52545,34.47304],[132.52547,34.47291],[132.52541,34.47288],[132.52536,34.47279],[132.52534,34.47275],[132.52533,34.47268],[132.52538,34.47261],[132.52541,34.47255],[132.5254,34.47251],[132.52533,34.47233],[132.52533,34.4722],[132.52529,34.47205],[132.52524,34.47197],[132.52519,34.47193],[132.52512,34.47181],[132.52496,34.47172],[132.52509,34.47163],[132.52512,34.47152],[132.52508,34.47138],[132.52511,34.47126],[132.52511,34.47126],[132.52512,34.47121],[132.52512,34.47114],[132.52511,34.47105],[132.5251,34.47099],[132.52512,34.47077],[132.52466,34.47067],[132.5246,34.47064],[132.52476,34.47038],[132.52496,34.47014],[132.52544,34.46956],[132.52548,34.46952],[132.52596,34.46893],[132.5259,34.46888],[132.52568,34.46914],[132.52566,34.46911],[132.52565,34.46909],[132.5256,34.46895],[132.52559,34.46892],[132.52554,34.46888],[132.52551,34.46888],[132.52546,34.4689],[132.5253,34.46906],[132.52505,34.46927],[132.52503,34.46928],[132.52482,34.4694],[132.52466,34.46948],[132.52452,34.46953],[132.52439,34.46956],[132.52431,34.46963],[132.52418,34.46974],[132.52406,34.46983],[132.52392,34.46995],[132.52388,34.47005],[132.52382,34.47013],[132.52376,34.47023],[132.52374,34.47033],[132.52358,34.47061],[132.52357,34.47062],[132.52355,34.47071],[132.52353,34.47081],[132.52355,34.47092],[132.52354,34.47101],[132.52348,34.4711],[132.52342,34.47125],[132.52335,34.4714],[132.5233,34.47152],[132.52323,34.47165],[132.52316,34.47178],[132.52297,34.4719],[132.52286,34.47192],[132.5228,34.47195],[132.52277,34.47198],[132.52273,34.47202],[132.52265,34.47212],[132.52253,34.4722],[132.52263,34.47223],[132.52262,34.47225],[132.52252,34.47236],[132.52233,34.47257],[132.52216,34.47275],[132.52217,34.4729],[132.52207,34.47292],[132.52199,34.47303],[132.52193,34.47308],[132.52183,34.47337],[132.52174,34.47344],[132.52173,34.47353],[132.52174,34.47366],[132.52184,34.47382],[132.5219,34.47397],[132.52191,34.47412],[132.52197,34.47418],[132.52193,34.47455],[132.5219,34.47461],[132.52185,34.47468],[132.52181,34.47473],[132.52179,34.47478],[132.52183,34.47485],[132.52184,34.47496],[132.52213,34.47504],[132.52208,34.47515],[132.52203,34.47527],[132.52201,34.4754],[132.522,34.4755],[132.52201,34.47555],[132.52201,34.47557],[132.52199,34.47563],[132.52194,34.47569],[132.52183,34.47576],[132.52189,34.47593],[132.52234,34.47589],[132.52257,34.47587],[132.52289,34.47584],[132.52306,34.47583],[132.52307,34.4762],[132.52328,34.47591]]]}},{"type":"Feature","properties":{"name":"落合南九丁目","setai":289,"jinko":755,"key":"34106721009","units":1},"geometry":{"type":"Polygon","coordinates":[[[132.52649,34.47739],[132.52647,34.47723],[132.52649,34.47722],[132.52659,34.47715],[132.52659,34.47714],[132.52676,34.477],[132.52678,34.477],[132.52696,34.47689],[132.52697,34.47687],[132.52699,34.47684],[132.52701,34.47679],[132.52705,34.47674],[132.5271,34.4767],[132.52716,34.47666],[132.5273,34.47658],[132.5275,34.47641],[132.52693,34.47606],[132.5269,34.47611],[132.52685,34.47616],[132.52677,34.47621],[132.52665,34.47626],[132.52655,34.47626],[132.52639,34.47625],[132.52621,34.47625],[132.52603,34.47624],[132.52602,34.47624],[132.52589,34.47622],[132.52581,34.4762],[132.52579,34.47613],[132.52579,34.47609],[132.52583,34.47605],[132.52593,34.47594],[132.52596,34.47588],[132.52599,34.47581],[132.52604,34.47567],[132.52604,34.47567],[132.52613,34.47551],[132.52621,34.47544],[132.52622,34.47543],[132.52627,34.4754],[132.52634,34.47534],[132.52635,34.47533],[132.52642,34.47529],[132.52645,34.47527],[132.52659,34.47522],[132.52667,34.47518],[132.52678,34.47511],[132.52689,34.47503],[132.52695,34.47494],[132.52701,34.47486],[132.52708,34.47483],[132.52718,34.47478],[132.52724,34.47472],[132.52728,34.47464],[132.52729,34.47463],[132.52732,34.47454],[132.52739,34.47446],[132.5275,34.47435],[132.52741,34.47432],[132.52732,34.47429],[132.5273,34.47427],[132.52696,34.47388],[132.52688,34.47382],[132.52686,34.47383],[132.52682,34.47385],[132.52675,34.47387],[132.52643,34.47398],[132.52639,34.47399],[132.52637,34.47395],[132.52636,34.47392],[132.52635,34.47383],[132.52635,34.47375],[132.52637,34.47356],[132.52635,34.47345],[132.52637,34.47302],[132.52634,34.47299],[132.52632,34.473],[132.52619,34.47303],[132.52618,34.47289],[132.52608,34.4727],[132.52604,34.4726],[132.52605,34.47253],[132.52606,34.47239],[132.52602,34.47227],[132.52598,34.47222],[132.52601,34.47221],[132.52594,34.47213],[132.52584,34.47207],[132.52575,34.47202],[132.52572,34.47201],[132.5257,34.47196],[132.52569,34.47192],[132.52572,34.47186],[132.52575,34.47183],[132.52581,34.47181],[132.52561,34.47176],[132.52561,34.47176],[132.52559,34.47174],[132.52536,34.47141],[132.52521,34.47123],[132.52511,34.47126],[132.52511,34.47126],[132.52508,34.47138],[132.52512,34.47152],[132.52509,34.47163],[132.52496,34.47172],[132.52512,34.47181],[132.52519,34.47193],[132.52524,34.47197],[132.52529,34.47205],[132.52533,34.4722],[132.52533,34.47233],[132.5254,34.47251],[132.52541,34.47255],[132.52538,34.47261],[132.52533,34.47268],[132.52534,34.47275],[132.52536,34.47279],[132.52541,34.47288],[132.52547,34.47291],[132.52545,34.47304],[132.52526,34.47377],[132.52526,34.47382],[132.52525,34.47392],[132.52522,34.47401],[132.52505,34.47416],[132.52495,34.47479],[132.52499,34.47493],[132.52498,34.47514],[132.52497,34.47524],[132.52487,34.47527],[132.5248,34.47529],[132.5247,34.47532],[132.52466,34.47534],[132.52461,34.47536],[132.52451,34.47546],[132.52444,34.47557],[132.52437,34.47565],[132.52408,34.4758],[132.52395,34.47587],[132.52389,34.47587],[132.52375,34.47585],[132.52339,34.47583],[132.52328,34.47591],[132.52307,34.4762],[132.52307,34.47622],[132.52308,34.47628],[132.52308,34.47631],[132.52312,34.47638],[132.52315,34.47646],[132.52317,34.47655],[132.52389,34.47655],[132.52423,34.47658],[132.52456,34.47663],[132.52474,34.47668],[132.52492,34.47673],[132.52516,34.47681],[132.52547,34.47691],[132.52552,34.47694],[132.52563,34.477],[132.52577,34.47709],[132.52593,34.47718],[132.52613,34.47733],[132.52619,34.47737],[132.52629,34.47731],[132.52636,34.47728],[132.52649,34.47739]]]}},{"type":"Feature","properties":{"name":"落合南町","setai":5,"jinko":145,"key":"341067220","units":1},"geometry":{"type":"Polygon","coordinates":[[[132.53344,34.47643],[132.5342,34.47489],[132.53456,34.47415],[132.53477,34.47359],[132.5349,34.47313],[132.53502,34.47259],[132.5352,34.47156],[132.53511,34.47005],[132.53493,34.46912],[132.53462,34.46833],[132.5343,34.46765],[132.53249,34.46357],[132.53204,34.46229],[132.532,34.46214],[132.53199,34.46207],[132.53198,34.46203],[132.53197,34.46194],[132.53183,34.46169],[132.53174,34.46145],[132.53168,34.46133],[132.5316,34.4612],[132.53159,34.46118],[132.53145,34.4609],[132.53145,34.46084],[132.53145,34.46069],[132.53156,34.46045],[132.53161,34.4603],[132.53164,34.4602],[132.53161,34.46003],[132.53166,34.4599],[132.53168,34.45969],[132.53167,34.45967],[132.5316,34.45953],[132.53148,34.45933],[132.5314,34.45923],[132.53128,34.45901],[132.53117,34.45879],[132.53114,34.45871],[132.53111,34.45866],[132.53065,34.45805],[132.53063,34.45802],[132.5306,34.45798],[132.5306,34.45797],[132.53029,34.4575],[132.52986,34.4569],[132.52925,34.45648],[132.52865,34.45611],[132.52856,34.45608],[132.52825,34.45596],[132.52806,34.45594],[132.52797,34.45578],[132.52799,34.45555],[132.52797,34.4555],[132.52797,34.45526],[132.52797,34.45526],[132.52786,34.4548],[132.52758,34.45442],[132.52737,34.45417],[132.52726,34.45391],[132.52708,34.45333],[132.52698,34.45291],[132.52687,34.45259],[132.52685,34.45202],[132.52682,34.45179],[132.52679,34.45173],[132.52668,34.45148],[132.52665,34.45131],[132.52666,34.45123],[132.52666,34.45113],[132.52661,34.45112],[132.52662,34.45101],[132.52657,34.45088],[132.52652,34.45075],[132.52643,34.45063],[132.52637,34.45055],[132.52631,34.45047],[132.52628,34.45043],[132.52619,34.45027],[132.52611,34.45013],[132.52612,34.45005],[132.5261,34.44989],[132.52605,34.44975],[132.52598,34.44951],[132.5259,34.44934],[132.5257,34.4491],[132.52562,34.44891],[132.52565,34.44872],[132.52576,34.44859],[132.5259,34.44842],[132.52594,34.44837],[132.52595,34.44835],[132.52595,34.4481],[132.52582,34.44804],[132.52556,34.44799],[132.52534,34.44795],[132.52529,34.44794],[132.52511,34.4479],[132.52484,34.44782],[132.5246,34.44772],[132.52441,34.44769],[132.52433,34.44769],[132.52409,34.44769],[132.52375,34.44771],[132.52352,34.44772],[132.52333,34.44768],[132.5231,34.44757],[132.52301,34.44752],[132.52295,34.4475],[132.52244,34.44721],[132.52199,34.44695],[132.52155,34.44677],[132.52121,34.44674],[132.52107,34.44683],[132.52086,34.44695],[132.52069,34.44705],[132.52047,34.44713],[132.52021,34.44712],[132.52004,34.44713],[132.51977,34.4472],[132.51944,34.44731],[132.51915,34.44738],[132.51908,34.44746],[132.51903,34.44764],[132.51894,34.44781],[132.51888,34.44793],[132.51883,34.44798],[132.51874,34.44807],[132.51856,34.44815],[132.51824,34.44823],[132.51823,34.44823],[132.51784,34.44832],[132.51757,34.44835],[132.51733,34.4484],[132.51715,34.44846],[132.51707,34.44857],[132.51691,34.44872],[132.51663,34.44883],[132.51645,34.44888],[132.51631,34.44892],[132.51611,34.44887],[132.51608,34.44885],[132.51602,34.44904],[132.51628,34.4492],[132.51592,34.44986],[132.51571,34.45031],[132.51542,34.45099],[132.51518,34.45148],[132.51498,34.45187],[132.51455,34.45266],[132.51434,34.45316],[132.51415,34.45357],[132.51404,34.45384],[132.51386,34.45418],[132.51371,34.4544],[132.51352,34.45462],[132.51324,34.4549],[132.5132,34.45496],[132.51295,34.45531],[132.5128,34.45552],[132.5127,34.45582],[132.51266,34.45609],[132.51267,34.45633],[132.51268,34.45652],[132.51261,34.4568],[132.5125,34.45709],[132.51236,34.45737],[132.51218,34.45766],[132.5119,34.4581],[132.51169,34.45848],[132.51147,34.45891],[132.51125,34.45921],[132.51107,34.45952],[132.51107,34.45953],[132.51099,34.45973],[132.51097,34.45979],[132.51104,34.45973],[132.51168,34.4598],[132.51174,34.4598],[132.51177,34.45977],[132.51179,34.45975],[132.5119,34.45977],[132.51195,34.45976],[132.51224,34.4597],[132.51231,34.4597],[132.51237,34.45975],[132.51236,34.45979],[132.51236,34.46008],[132.51234,34.46044],[132.51237,34.46045],[132.51251,34.46046],[132.51256,34.46044],[132.51287,34.46046],[132.51289,34.46044],[132.51305,34.46047],[132.51318,34.46059],[132.51311,34.46086],[132.51314,34.46091],[132.51324,34.46107],[132.51324,34.46113],[132.51323,34.46121],[132.51313,34.46132],[132.513,34.46145],[132.51289,34.46155],[132.51282,34.46164],[132.5128,34.46179],[132.51279,34.46182],[132.51273,34.46205],[132.51265,34.46231],[132.5126,34.4625],[132.51261,34.46253],[132.51262,34.46252],[132.51321,34.4626],[132.51329,34.46261],[132.5134,34.46263],[132.51344,34.46264],[132.51347,34.46264],[132.51351,34.46265],[132.51378,34.46268],[132.51387,34.46269],[132.51389,34.4627],[132.51398,34.46267],[132.5141,34.46266],[132.51436,34.46284],[132.51445,34.46284],[132.51449,34.46284],[132.51457,34.46284],[132.51461,34.46279],[132.51493,34.46285],[132.51483,34.46297],[132.51504,34.46298],[132.51518,34.46299],[132.51532,34.46294],[132.51561,34.46284],[132.51564,34.46285],[132.51568,34.46286],[132.51569,34.4629],[132.51567,34.46303],[132.51595,34.46304],[132.51601,34.46304],[132.51602,34.46308],[132.51626,34.4631],[132.51661,34.46314],[132.51675,34.46313],[132.51721,34.46311],[132.51767,34.4631],[132.51782,34.46309],[132.5181,34.46314],[132.51877,34.46313],[132.51888,34.46308],[132.51914,34.46307],[132.51938,34.46309],[132.51946,34.46309],[132.51952,34.46305],[132.51953,34.46293],[132.5196,34.46299],[132.51979,34.46302],[132.51993,34.46296],[132.51999,34.46291],[132.52001,34.46291],[132.52002,34.46297],[132.52006,34.463],[132.52013,34.46299],[132.52038,34.46295],[132.52048,34.4628],[132.52059,34.46291],[132.52065,34.46293],[132.52073,34.46292],[132.52116,34.46284],[132.52129,34.46284],[132.52156,34.46292],[132.52179,34.46307],[132.52194,34.46317],[132.52256,34.46303],[132.52309,34.46323],[132.52387,34.46369],[132.52452,34.46407],[132.52516,34.46435],[132.52561,34.46445],[132.52616,34.46464],[132.52726,34.46508],[132.52717,34.4652],[132.52745,34.46515],[132.52767,34.46511],[132.52788,34.46526],[132.52806,34.46539],[132.52883,34.46582],[132.52875,34.46623],[132.52869,34.4665],[132.52868,34.4669],[132.52867,34.46701],[132.5286,34.46723],[132.52852,34.46737],[132.52846,34.4675],[132.52854,34.4676],[132.52858,34.4676],[132.52863,34.4676],[132.52871,34.46761],[132.52901,34.46764],[132.52908,34.46764],[132.52939,34.46766],[132.52944,34.46766],[132.52978,34.46769],[132.52981,34.46771],[132.52977,34.46804],[132.52975,34.46819],[132.52975,34.46824],[132.53007,34.46828],[132.53011,34.46828],[132.53036,34.46831],[132.53038,34.46831],[132.53043,34.46832],[132.53046,34.46833],[132.53046,34.46848],[132.53045,34.46858],[132.53071,34.46868],[132.53077,34.4687],[132.53082,34.46871],[132.53118,34.46883],[132.53112,34.46898],[132.53116,34.46899],[132.53171,34.46915],[132.53375,34.47021],[132.53381,34.47036],[132.53377,34.47058],[132.53335,34.47116],[132.53283,34.47195],[132.53281,34.472],[132.5328,34.4722],[132.5328,34.47228],[132.53283,34.47233],[132.53285,34.47239],[132.53285,34.47248],[132.53279,34.47259],[132.53251,34.47301],[132.53231,34.47332],[132.53224,34.4735],[132.53227,34.47366],[132.53243,34.47397],[132.53265,34.47425],[132.53275,34.47439],[132.53276,34.47441],[132.53282,34.47446],[132.53288,34.47447],[132.53294,34.47446],[132.53295,34.47446],[132.53296,34.47446],[132.53304,34.47442],[132.53312,34.47434],[132.5332,34.47432],[132.53321,34.47433],[132.53324,34.47435],[132.53329,34.47443],[132.53327,34.47447],[132.53322,34.47453],[132.53309,34.47462],[132.53296,34.47471],[132.53289,34.47478],[132.53288,34.47484],[132.53291,34.47488],[132.53298,34.47491],[132.53306,34.47497],[132.53306,34.47497],[132.53307,34.47503],[132.53297,34.47511],[132.53286,34.47514],[132.53274,34.47509],[132.53267,34.47506],[132.53256,34.47616],[132.53249,34.47619],[132.53248,34.47619],[132.53236,34.47622],[132.53232,34.47623],[132.53225,34.47618],[132.53223,34.47611],[132.53223,34.47605],[132.53221,34.47601],[132.53215,34.47598],[132.53205,34.47593],[132.53194,34.47586],[132.53185,34.4758],[132.53174,34.47588],[132.53181,34.47602],[132.53182,34.47606],[132.53182,34.47606],[132.53191,34.47605],[132.53199,34.47611],[132.532,34.4762],[132.53208,34.47627],[132.53213,34.47637],[132.53219,34.47644],[132.53229,34.47645],[132.53243,34.47646],[132.53245,34.47651],[132.53244,34.47656],[132.53238,34.47659],[132.53232,34.47663],[132.53229,34.47666],[132.53225,34.4767],[132.53224,34.47671],[132.53223,34.47677],[132.5322,34.47692],[132.53221,34.47702],[132.53231,34.47712],[132.53234,34.47717],[132.53233,34.47721],[132.53228,34.47723],[132.53219,34.47726],[132.53214,34.47727],[132.53212,34.47728],[132.5321,34.47729],[132.53199,34.4773],[132.53186,34.47731],[132.53181,34.47741],[132.53181,34.47742],[132.53177,34.47747],[132.53166,34.4776],[132.53153,34.47773],[132.53153,34.47773],[132.53156,34.47777],[132.53163,34.47782],[132.53168,34.47788],[132.53177,34.47794],[132.53176,34.4782],[132.53177,34.47843],[132.53177,34.47865],[132.53166,34.47876],[132.53153,34.4789],[132.53153,34.47901],[132.53143,34.47902],[132.53141,34.47909],[132.5314,34.4791],[132.5314,34.47912],[132.53136,34.47922],[132.53135,34.47929],[132.53137,34.47943],[132.53138,34.47943],[132.53147,34.47944],[132.53149,34.47944],[132.5316,34.47945],[132.53164,34.47946],[132.53206,34.47906],[132.53259,34.47842],[132.53284,34.47788],[132.533,34.47743],[132.53344,34.47643]]]}},{"type":"Feature","properties":{"name":"真亀一丁目","setai":175,"jinko":449,"key":"34106723001","units":1},"geometry":{"type":"Polygon","coordinates":[[[132.5223,34.48058],[132.52231,34.48056],[132.52242,34.48029],[132.52244,34.48026],[132.52245,34.48023],[132.52254,34.47999],[132.52259,34.47993],[132.52259,34.47992],[132.52265,34.47981],[132.52273,34.47963],[132.52273,34.47962],[132.52275,34.47958],[132.52279,34.47946],[132.5228,34.47943],[132.52282,34.47939],[132.52292,34.47912],[132.52295,34.47902],[132.52302,34.47875],[132.52302,34.47871],[132.52303,34.47871],[132.52303,34.47853],[132.52304,34.47846],[132.52304,34.47844],[132.52307,34.47817],[132.52308,34.47811],[132.52309,34.47809],[132.52309,34.47805],[132.5231,34.47789],[132.52311,34.47752],[132.52308,34.47712],[132.52285,34.47712],[132.52281,34.47715],[132.52278,34.47719],[132.52277,34.47723],[132.52281,34.47731],[132.5228,34.47738],[132.52276,34.47748],[132.52278,34.4776],[132.52234,34.47777],[132.52233,34.47771],[132.52226,34.47759],[132.52221,34.4775],[132.52215,34.4774],[132.52208,34.47728],[132.52201,34.47723],[132.52193,34.47716],[132.52187,34.47712],[132.52181,34.4771],[132.5216,34.47709],[132.52139,34.47708],[132.52133,34.47711],[132.52131,34.4772],[132.52128,34.47737],[132.52127,34.47745],[132.52124,34.47757],[132.52088,34.47755],[132.52085,34.47749],[132.52078,34.47747],[132.52077,34.47747],[132.52072,34.47743],[132.52053,34.4774],[132.52044,34.47739],[132.52036,34.4774],[132.52031,34.47777],[132.52028,34.47794],[132.52022,34.4781],[132.52019,34.4782],[132.52014,34.4783],[132.52005,34.47831],[132.51995,34.47835],[132.51988,34.47842],[132.51985,34.47849],[132.51985,34.4785],[132.51985,34.47854],[132.51984,34.47862],[132.51981,34.47867],[132.51974,34.47874],[132.51967,34.47879],[132.51952,34.47891],[132.5194,34.47901],[132.51922,34.47913],[132.51922,34.47913],[132.51918,34.47916],[132.51908,34.47921],[132.51896,34.47929],[132.51891,34.47927],[132.51883,34.47927],[132.51876,34.47927],[132.5187,34.47928],[132.51864,34.47927],[132.51855,34.47921],[132.51854,34.47921],[132.51848,34.47917],[132.51846,34.47916],[132.51846,34.47916],[132.51844,34.47913],[132.51838,34.47908],[132.51831,34.47904],[132.51824,34.47902],[132.51818,34.47903],[132.51812,34.47902],[132.518,34.47902],[132.5179,34.47902],[132.51778,34.47904],[132.51767,34.47906],[132.51758,34.4791],[132.5175,34.47913],[132.51748,34.47914],[132.51738,34.47921],[132.51737,34.47924],[132.51739,34.47931],[132.51743,34.47938],[132.51731,34.47943],[132.51721,34.47947],[132.51709,34.4795],[132.51697,34.47951],[132.51696,34.47941],[132.51695,34.47935],[132.51694,34.47932],[132.51692,34.47925],[132.51688,34.47919],[132.51682,34.47914],[132.51681,34.47913],[132.51673,34.47906],[132.51657,34.47897],[132.51666,34.47914],[132.51673,34.47926],[132.51683,34.47945],[132.51692,34.47961],[132.51711,34.47983],[132.51728,34.48004],[132.51742,34.4802],[132.51791,34.48057],[132.51789,34.48057],[132.51824,34.48085],[132.51856,34.48111],[132.51868,34.4812],[132.51885,34.48131],[132.51908,34.48142],[132.51943,34.48157],[132.51973,34.48169],[132.52057,34.48194],[132.52152,34.48221],[132.52158,34.48221],[132.52159,34.48219],[132.52182,34.48167],[132.52194,34.48139],[132.52197,34.48133],[132.5222,34.48082],[132.52221,34.48081],[132.52222,34.48078],[132.52229,34.4806],[132.5223,34.48058]]]}},{"type":"Feature","properties":{"name":"真亀二丁目","setai":452,"jinko":1102,"key":"34106723002","units":1},"geometry":{"type":"Polygon","coordinates":[[[132.51813,34.48253],[132.51827,34.48253],[132.51841,34.48253],[132.51867,34.48247],[132.51882,34.48242],[132.51893,34.48238],[132.51912,34.48229],[132.51927,34.48222],[132.51943,34.48206],[132.51957,34.48192],[132.51973,34.48169],[132.51943,34.48157],[132.51908,34.48142],[132.51885,34.48131],[132.51868,34.4812],[132.51856,34.48111],[132.51824,34.48085],[132.51789,34.48057],[132.51791,34.48057],[132.51742,34.4802],[132.51728,34.48004],[132.51711,34.47983],[132.51692,34.47961],[132.51683,34.47945],[132.51673,34.47926],[132.51666,34.47914],[132.51657,34.47897],[132.51651,34.47895],[132.51647,34.47894],[132.51647,34.47894],[132.51638,34.47893],[132.51631,34.4789],[132.51624,34.47886],[132.51615,34.47886],[132.51607,34.47888],[132.51597,34.47897],[132.5159,34.47905],[132.51582,34.47913],[132.51582,34.47914],[132.51579,34.47921],[132.51578,34.47922],[132.51578,34.47924],[132.51577,34.4793],[132.51576,34.47936],[132.51576,34.47937],[132.51579,34.47947],[132.51579,34.47947],[132.51583,34.47954],[132.51586,34.47956],[132.5159,34.4796],[132.51601,34.47968],[132.51602,34.47969],[132.51604,34.4797],[132.51609,34.47975],[132.51616,34.47983],[132.51607,34.4799],[132.51592,34.47996],[132.5158,34.48001],[132.51571,34.48004],[132.51571,34.47997],[132.51571,34.47991],[132.51569,34.47987],[132.51556,34.47979],[132.51551,34.47979],[132.51542,34.47978],[132.51538,34.47979],[132.51534,34.47979],[132.51532,34.4798],[132.51526,34.47982],[132.5152,34.47987],[132.51519,34.47995],[132.51522,34.48006],[132.51525,34.48011],[132.51526,34.48013],[132.51533,34.48022],[132.5154,34.4803],[132.51539,34.48031],[132.5153,34.48039],[132.51528,34.48039],[132.51528,34.48039],[132.51526,34.48039],[132.51516,34.48032],[132.51504,34.48026],[132.51502,34.48025],[132.5149,34.48022],[132.51484,34.48021],[132.51476,34.48021],[132.51468,34.48023],[132.51464,34.48024],[132.51458,34.48027],[132.51458,34.4803],[132.51457,34.48031],[132.51459,34.4804],[132.51463,34.48047],[132.51464,34.48048],[132.51464,34.48049],[132.51478,34.48061],[132.51489,34.48071],[132.51499,34.48082],[132.51505,34.48089],[132.51499,34.48096],[132.51498,34.48097],[132.51486,34.48106],[132.51473,34.48113],[132.51466,34.48116],[132.51459,34.48119],[132.51453,34.48121],[132.51434,34.48126],[132.51426,34.48114],[132.51421,34.48107],[132.51416,34.48106],[132.51403,34.48104],[132.51398,34.48097],[132.51394,34.48091],[132.51396,34.48084],[132.51397,34.4808],[132.51403,34.48073],[132.51402,34.48067],[132.51399,34.48061],[132.51395,34.48056],[132.51388,34.48051],[132.5138,34.48061],[132.51373,34.4807],[132.51366,34.48068],[132.51356,34.48063],[132.51354,34.48068],[132.51353,34.48079],[132.51357,34.48093],[132.51357,34.48094],[132.51355,34.48096],[132.51327,34.48106],[132.51325,34.48106],[132.51319,34.48095],[132.51316,34.48095],[132.51313,34.48096],[132.51307,34.48105],[132.51303,34.4811],[132.51298,34.48115],[132.51294,34.48116],[132.51286,34.48117],[132.51278,34.48115],[132.51274,34.48115],[132.51266,34.48112],[132.51257,34.48108],[132.51259,34.48112],[132.51265,34.4812],[132.51274,34.48129],[132.51283,34.48134],[132.51291,34.48139],[132.51295,34.48146],[132.51297,34.48161],[132.51298,34.48195],[132.51298,34.48205],[132.51297,34.48245],[132.51445,34.48246],[132.51451,34.48246],[132.51582,34.48249],[132.51619,34.4825],[132.51658,34.48251],[132.51764,34.48252],[132.51795,34.48254],[132.51813,34.48253]]]}},{"type":"Feature","properties":{"name":"真亀三丁目","setai":263,"jinko":575,"key":"34106723003","units":1},"geometry":{"type":"Polygon","coordinates":[[[132.51607,34.48465],[132.51604,34.48451],[132.51614,34.48452],[132.51612,34.48415],[132.51614,34.48363],[132.51618,34.48309],[132.51619,34.4825],[132.51582,34.48249],[132.51451,34.48246],[132.51445,34.48246],[132.51297,34.48245],[132.51298,34.48205],[132.51298,34.48195],[132.51297,34.48161],[132.51295,34.48146],[132.51291,34.48139],[132.51283,34.48134],[132.51274,34.48129],[132.51265,34.4812],[132.51259,34.48112],[132.51257,34.48108],[132.51237,34.481],[132.51238,34.48097],[132.51243,34.48091],[132.51251,34.48081],[132.51248,34.48078],[132.5124,34.48072],[132.51231,34.48064],[132.51225,34.48059],[132.51225,34.48054],[132.51223,34.48047],[132.5118,34.48016],[132.51175,34.48017],[132.51171,34.48026],[132.51171,34.4803],[132.51168,34.48034],[132.51158,34.4803],[132.51158,34.4803],[132.51149,34.48025],[132.51143,34.48022],[132.51131,34.48021],[132.51122,34.4802],[132.51118,34.4802],[132.51103,34.48021],[132.51085,34.48028],[132.51072,34.48034],[132.51065,34.48038],[132.51052,34.48041],[132.51043,34.48042],[132.51032,34.4804],[132.51029,34.48035],[132.50998,34.48048],[132.50997,34.48054],[132.50994,34.48107],[132.50993,34.48118],[132.50993,34.48131],[132.50996,34.4814],[132.51001,34.48151],[132.51011,34.48169],[132.51016,34.48181],[132.51021,34.48187],[132.51027,34.48193],[132.51034,34.48201],[132.51039,34.48208],[132.51042,34.48217],[132.51048,34.48228],[132.51048,34.4823],[132.51052,34.48236],[132.51055,34.48246],[132.51064,34.48278],[132.51068,34.48286],[132.51073,34.48291],[132.51087,34.48307],[132.5109,34.48313],[132.51093,34.48319],[132.51094,34.48326],[132.51093,34.48332],[132.51091,34.48342],[132.51089,34.48352],[132.51088,34.48359],[132.51091,34.48365],[132.51099,34.48374],[132.51108,34.48381],[132.5112,34.48386],[132.5113,34.48388],[132.51138,34.48389],[132.51139,34.48394],[132.51136,34.48399],[132.5113,34.48406],[132.51123,34.48414],[132.51137,34.48412],[132.51142,34.48419],[132.51154,34.48415],[132.51162,34.48413],[132.51166,34.48412],[132.51173,34.48421],[132.51167,34.48426],[132.51174,34.48437],[132.51191,34.4845],[132.51133,34.48442],[132.51119,34.48433],[132.51118,34.48456],[132.51098,34.4845],[132.51103,34.48455],[132.51107,34.48459],[132.51116,34.48463],[132.51125,34.48466],[132.51137,34.48467],[132.51152,34.48467],[132.5117,34.48466],[132.51191,34.48467],[132.51214,34.48467],[132.5123,34.48463],[132.5125,34.48455],[132.51263,34.48447],[132.51273,34.48439],[132.5128,34.48431],[132.513,34.4841],[132.51307,34.48403],[132.51314,34.48397],[132.51323,34.4839],[132.51334,34.48387],[132.51343,34.48385],[132.51352,34.48385],[132.51362,34.48388],[132.51371,34.48393],[132.51377,34.48397],[132.51382,34.48402],[132.51385,34.4841],[132.51387,34.48417],[132.51387,34.48419],[132.51389,34.48426],[132.51387,34.48435],[132.51387,34.48436],[132.51383,34.48442],[132.51376,34.48448],[132.51368,34.48455],[132.51362,34.4846],[132.51357,34.48464],[132.51356,34.48465],[132.51349,34.48472],[132.51347,34.4848],[132.51346,34.48486],[132.51346,34.48495],[132.5135,34.48502],[132.51352,34.48504],[132.51352,34.48505],[132.51357,34.48511],[132.51357,34.48511],[132.51373,34.48525],[132.51386,34.48534],[132.51405,34.48548],[132.51411,34.48551],[132.51419,34.48552],[132.51482,34.48557],[132.51497,34.48558],[132.51611,34.48561],[132.51613,34.48504],[132.51614,34.48479],[132.51607,34.48465]]]}},{"type":"Feature","properties":{"name":"真亀四丁目","setai":471,"jinko":1014,"key":"34106723004","units":1},"geometry":{"type":"Polygon","coordinates":[[[132.51531,34.48786],[132.51539,34.48781],[132.51547,34.48776],[132.51551,34.48776],[132.51555,34.48776],[132.51576,34.48783],[132.5159,34.48767],[132.51594,34.48751],[132.51605,34.48751],[132.51609,34.48752],[132.51609,34.48765],[132.51614,34.48767],[132.51621,34.48768],[132.51631,34.48767],[132.51637,34.48768],[132.5164,34.4877],[132.51652,34.48778],[132.51672,34.4878],[132.51676,34.48778],[132.5168,34.48775],[132.51673,34.48745],[132.5165,34.48728],[132.51648,34.48727],[132.51652,34.48716],[132.51655,34.48713],[132.51669,34.48706],[132.51695,34.4869],[132.51697,34.48688],[132.51713,34.48688],[132.51726,34.48677],[132.51729,34.48677],[132.5175,34.48676],[132.51728,34.48664],[132.5169,34.48643],[132.51644,34.48641],[132.51609,34.4864],[132.51611,34.48561],[132.51497,34.48558],[132.51482,34.48557],[132.51438,34.48561],[132.51409,34.48561],[132.51401,34.4856],[132.51393,34.48557],[132.51385,34.48554],[132.51378,34.48551],[132.51366,34.48546],[132.51362,34.48564],[132.51349,34.48569],[132.51312,34.48583],[132.51312,34.48583],[132.51293,34.48573],[132.51285,34.48575],[132.51278,34.48575],[132.5127,34.48577],[132.51263,34.48582],[132.51264,34.48584],[132.51267,34.48589],[132.51268,34.48594],[132.51266,34.48597],[132.51265,34.48605],[132.51268,34.48608],[132.5127,34.48611],[132.5127,34.48616],[132.51274,34.48617],[132.51279,34.48613],[132.51284,34.4861],[132.5129,34.4861],[132.51296,34.4861],[132.51302,34.48611],[132.51307,34.48613],[132.51311,34.48616],[132.51314,34.4862],[132.51315,34.48627],[132.51318,34.48629],[132.51321,34.48635],[132.51323,34.48643],[132.51323,34.48651],[132.51325,34.48657],[132.51329,34.48659],[132.51336,34.48658],[132.5134,34.48656],[132.51346,34.48653],[132.51355,34.48646],[132.51365,34.48642],[132.51373,34.48643],[132.51379,34.48644],[132.51381,34.48643],[132.51382,34.48642],[132.51384,34.48639],[132.51388,34.48636],[132.51396,34.48631],[132.51402,34.48629],[132.51407,34.48625],[132.51411,34.48621],[132.51412,34.48617],[132.51415,34.4861],[132.51417,34.48601],[132.5142,34.48595],[132.51423,34.4859],[132.51427,34.48588],[132.51435,34.48589],[132.51448,34.48589],[132.51463,34.48587],[132.51475,34.48593],[132.51489,34.48603],[132.51498,34.48606],[132.51503,34.48611],[132.51505,34.48617],[132.51507,34.48623],[132.51504,34.48629],[132.51498,34.48635],[132.515,34.48644],[132.51493,34.48651],[132.51483,34.48657],[132.51475,34.48661],[132.51471,34.48665],[132.51467,34.48676],[132.51465,34.48682],[132.51462,34.48694],[132.51461,34.48701],[132.51477,34.48706],[132.51498,34.48714],[132.51496,34.48719],[132.51504,34.48721],[132.51504,34.48723],[132.51504,34.4873],[132.51492,34.48732],[132.5148,34.48732],[132.51466,34.48735],[132.51451,34.48735],[132.51443,34.48734],[132.51426,34.4873],[132.51416,34.48729],[132.51408,34.48738],[132.51408,34.48741],[132.51412,34.48742],[132.51418,34.48743],[132.51425,34.48745],[132.51434,34.48749],[132.51439,34.48752],[132.51445,34.48753],[132.51455,34.48754],[132.51466,34.48754],[132.51479,34.48757],[132.51484,34.48759],[132.51488,34.48763],[132.51494,34.48767],[132.51496,34.48786],[132.51501,34.48785],[132.51506,34.48784],[132.51513,34.48783],[132.5152,34.48783],[132.51526,34.48786],[132.51531,34.48786]]]}},{"type":"Feature","properties":{"name":"真亀五丁目","setai":540,"jinko":1243,"key":"34106723005","units":1},"geometry":{"type":"Polygon","coordinates":[[[132.51539,34.48843],[132.51548,34.48838],[132.51556,34.48836],[132.51566,34.48836],[132.51574,34.48836],[132.51583,34.48836],[132.51591,34.48836],[132.51596,34.48833],[132.51606,34.48829],[132.51617,34.48825],[132.51627,34.48823],[132.5164,34.48822],[132.51657,34.48823],[132.51687,34.48826],[132.51705,34.48829],[132.51711,34.48831],[132.51714,34.48832],[132.5172,34.48831],[132.51724,34.48831],[132.51731,34.48824],[132.51739,34.48816],[132.51744,34.48808],[132.51746,34.48798],[132.51746,34.48795],[132.51746,34.48795],[132.51749,34.48787],[132.51748,34.48778],[132.51754,34.4877],[132.51758,34.48761],[132.51767,34.4875],[132.51775,34.48743],[132.51782,34.48738],[132.51792,34.48735],[132.51801,34.48731],[132.5181,34.48728],[132.51818,34.48723],[132.51828,34.48716],[132.51833,34.48712],[132.51835,34.4871],[132.51836,34.48709],[132.5184,34.48706],[132.51845,34.48711],[132.51848,34.48713],[132.51855,34.48714],[132.51877,34.48715],[132.51887,34.48716],[132.51907,34.48716],[132.51911,34.48716],[132.51913,34.48714],[132.51914,34.48714],[132.5193,34.48682],[132.51933,34.48676],[132.51935,34.48671],[132.51965,34.48616],[132.51965,34.48616],[132.51967,34.48613],[132.52001,34.48547],[132.52001,34.48546],[132.52005,34.48539],[132.52033,34.48488],[132.52067,34.48424],[132.52068,34.48422],[132.52069,34.4842],[132.52084,34.48385],[132.52101,34.48346],[132.52119,34.48307],[132.52136,34.48269],[132.52138,34.48265],[132.52141,34.48258],[132.52157,34.48223],[132.52158,34.48221],[132.52152,34.48221],[132.52057,34.48194],[132.51973,34.48169],[132.51957,34.48192],[132.51943,34.48206],[132.51927,34.48222],[132.51912,34.48229],[132.51893,34.48238],[132.51882,34.48242],[132.51867,34.48247],[132.51841,34.48253],[132.51827,34.48253],[132.51813,34.48253],[132.51795,34.48254],[132.51764,34.48252],[132.51658,34.48251],[132.51619,34.4825],[132.51618,34.48309],[132.51614,34.48363],[132.51612,34.48415],[132.51614,34.48452],[132.51604,34.48451],[132.51607,34.48465],[132.51614,34.48479],[132.51613,34.48504],[132.51611,34.48561],[132.51609,34.4864],[132.51644,34.48641],[132.5169,34.48643],[132.51728,34.48664],[132.5175,34.48676],[132.51729,34.48677],[132.51726,34.48677],[132.51713,34.48688],[132.51697,34.48688],[132.51695,34.4869],[132.51669,34.48706],[132.51655,34.48713],[132.51652,34.48716],[132.51648,34.48727],[132.5165,34.48728],[132.51673,34.48745],[132.5168,34.48775],[132.51676,34.48778],[132.51672,34.4878],[132.51652,34.48778],[132.5164,34.4877],[132.51637,34.48768],[132.51631,34.48767],[132.51621,34.48768],[132.51614,34.48767],[132.51609,34.48765],[132.51609,34.48752],[132.51605,34.48751],[132.51594,34.48751],[132.5159,34.48767],[132.51576,34.48783],[132.51555,34.48776],[132.51551,34.48776],[132.51547,34.48776],[132.51539,34.48781],[132.51531,34.48786],[132.51526,34.48786],[132.5152,34.48783],[132.51513,34.48783],[132.51506,34.48784],[132.51501,34.48785],[132.51496,34.48786],[132.51494,34.48767],[132.51488,34.48763],[132.51484,34.48759],[132.51479,34.48757],[132.51466,34.48754],[132.51455,34.48754],[132.51445,34.48753],[132.51439,34.48752],[132.51434,34.48749],[132.51425,34.48745],[132.51418,34.48743],[132.51412,34.48742],[132.51408,34.48741],[132.51408,34.48738],[132.51416,34.48729],[132.51426,34.4873],[132.51443,34.48734],[132.51451,34.48735],[132.51466,34.48735],[132.5148,34.48732],[132.51492,34.48732],[132.51504,34.4873],[132.51504,34.48723],[132.51504,34.48721],[132.51496,34.48719],[132.51498,34.48714],[132.51477,34.48706],[132.51461,34.48701],[132.51462,34.48694],[132.51465,34.48682],[132.51467,34.48676],[132.51471,34.48665],[132.51475,34.48661],[132.51483,34.48657],[132.51493,34.48651],[132.515,34.48644],[132.51498,34.48635],[132.51504,34.48629],[132.51507,34.48623],[132.51505,34.48617],[132.51503,34.48611],[132.51498,34.48606],[132.51489,34.48603],[132.51475,34.48593],[132.51463,34.48587],[132.51448,34.48589],[132.51435,34.48589],[132.51427,34.48588],[132.51423,34.4859],[132.5142,34.48595],[132.51417,34.48601],[132.51415,34.4861],[132.51412,34.48617],[132.51411,34.48621],[132.51407,34.48625],[132.51402,34.48629],[132.51396,34.48631],[132.51388,34.48636],[132.51384,34.48639],[132.51382,34.48642],[132.51381,34.48643],[132.51379,34.48644],[132.51373,34.48643],[132.51365,34.48642],[132.51355,34.48646],[132.51346,34.48653],[132.5134,34.48656],[132.51336,34.48658],[132.51329,34.48659],[132.51325,34.48657],[132.51323,34.48651],[132.51323,34.48643],[132.51321,34.48635],[132.51318,34.48629],[132.51315,34.48627],[132.51314,34.4862],[132.51311,34.48616],[132.51307,34.48613],[132.51302,34.48611],[132.51296,34.4861],[132.5129,34.4861],[132.51284,34.4861],[132.51279,34.48613],[132.51274,34.48617],[132.5127,34.48616],[132.5127,34.48611],[132.51268,34.48608],[132.51265,34.48605],[132.51266,34.48597],[132.51268,34.48594],[132.51267,34.48589],[132.51264,34.48584],[132.51263,34.48582],[132.5127,34.48577],[132.51278,34.48575],[132.51285,34.48575],[132.51293,34.48573],[132.51312,34.48583],[132.51312,34.48583],[132.51349,34.48569],[132.51362,34.48564],[132.51366,34.48546],[132.51378,34.48551],[132.51385,34.48554],[132.51393,34.48557],[132.51401,34.4856],[132.51409,34.48561],[132.51438,34.48561],[132.51482,34.48557],[132.51419,34.48552],[132.51411,34.48551],[132.51405,34.48548],[132.51386,34.48534],[132.51373,34.48525],[132.51357,34.48511],[132.51352,34.4852],[132.5134,34.48538],[132.51339,34.4854],[132.51335,34.48545],[132.51333,34.48548],[132.51323,34.48554],[132.51319,34.48557],[132.51312,34.4856],[132.51301,34.48563],[132.51287,34.48565],[132.51272,34.48569],[132.51231,34.4859],[132.51162,34.48623],[132.51114,34.48643],[132.51086,34.48656],[132.51417,34.48806],[132.51419,34.48807],[132.51424,34.48815],[132.5143,34.48821],[132.51436,34.48828],[132.51438,34.48828],[132.51439,34.48829],[132.51459,34.48835],[132.51479,34.48839],[132.51499,34.48841],[132.51516,34.48842],[132.51521,34.48842],[132.51525,34.48842],[132.51534,34.48842],[132.51539,34.48843]]]}},{"type":"Feature","properties":{"name":"亀崎一丁目","setai":324,"jinko":764,"key":"34106724001","units":1},"geometry":{"type":"Polygon","coordinates":[[[132.52639,34.47808],[132.52603,34.47788],[132.52582,34.47804],[132.52553,34.47786],[132.52526,34.4777],[132.5254,34.47763],[132.52549,34.47752],[132.5255,34.4775],[132.52547,34.47747],[132.52541,34.47743],[132.52543,34.47739],[132.52542,34.47732],[132.5252,34.47719],[132.52486,34.47701],[132.52473,34.47701],[132.52467,34.47708],[132.52464,34.47711],[132.52462,34.47713],[132.52432,34.47725],[132.52425,34.47728],[132.52423,34.47728],[132.52416,34.47731],[132.52408,34.47731],[132.52406,34.47731],[132.52392,34.47727],[132.52374,34.47721],[132.52359,34.47719],[132.52354,34.47738],[132.52352,34.4775],[132.5235,34.47756],[132.52334,34.47724],[132.52319,34.47699],[132.52303,34.47689],[132.52308,34.47712],[132.52311,34.47752],[132.5231,34.47789],[132.52309,34.47805],[132.52309,34.47809],[132.52308,34.47811],[132.52307,34.47817],[132.52304,34.47844],[132.52304,34.47846],[132.52303,34.47853],[132.52303,34.47871],[132.52302,34.47871],[132.52302,34.47875],[132.52295,34.47902],[132.52292,34.47912],[132.52282,34.47939],[132.5228,34.47943],[132.52279,34.47946],[132.52275,34.47958],[132.52273,34.47962],[132.52273,34.47963],[132.52265,34.47981],[132.52259,34.47992],[132.52259,34.47993],[132.52254,34.47999],[132.52245,34.48023],[132.52244,34.48026],[132.52242,34.48029],[132.52231,34.48056],[132.5223,34.48058],[132.52229,34.4806],[132.52222,34.48078],[132.52221,34.48081],[132.5222,34.48082],[132.52197,34.48133],[132.52194,34.48139],[132.52182,34.48167],[132.52159,34.48219],[132.52158,34.48221],[132.52292,34.48261],[132.52395,34.48292],[132.52425,34.48225],[132.52425,34.48224],[132.52434,34.48206],[132.52454,34.48158],[132.52457,34.48152],[132.52471,34.48118],[132.52475,34.48108],[132.52489,34.48076],[132.52496,34.4806],[132.52506,34.48037],[132.52509,34.48031],[132.52517,34.48014],[132.5252,34.48008],[132.52521,34.48006],[132.52532,34.47987],[132.52539,34.47978],[132.52546,34.47969],[132.52573,34.47935],[132.52573,34.47935],[132.5258,34.47926],[132.52594,34.47911],[132.52619,34.47883],[132.52591,34.47865],[132.52607,34.47864],[132.52622,34.47843],[132.52639,34.4782],[132.52641,34.47814],[132.5264,34.47811],[132.52639,34.47808]]]}},{"type":"Feature","properties":{"name":"亀崎二丁目","setai":469,"jinko":1019,"key":"34106724002","units":1},"geometry":{"type":"Polygon","coordinates":[[[132.52102,34.48701],[132.52126,34.48692],[132.5213,34.48711],[132.52134,34.4872],[132.52141,34.48726],[132.52148,34.48729],[132.52153,34.48734],[132.52161,34.48735],[132.52176,34.48741],[132.52182,34.4874],[132.52207,34.48753],[132.52208,34.48755],[132.52212,34.48759],[132.52229,34.48755],[132.52223,34.48736],[132.52264,34.48711],[132.52267,34.48701],[132.52292,34.48689],[132.52327,34.48684],[132.52364,34.48676],[132.52353,34.48639],[132.52343,34.48603],[132.52337,34.48579],[132.52331,34.48558],[132.52327,34.4854],[132.52326,34.48536],[132.52323,34.48526],[132.52322,34.48505],[132.52323,34.48487],[132.52323,34.48485],[132.52324,34.48479],[132.52325,34.48467],[132.52329,34.48447],[132.52335,34.4843],[132.5234,34.48417],[132.5234,34.48416],[132.52349,34.48397],[132.52353,34.48386],[132.52359,34.48371],[132.52365,34.48359],[132.5237,34.48346],[132.52378,34.48329],[132.52395,34.48292],[132.52292,34.48261],[132.52158,34.48221],[132.52157,34.48223],[132.52141,34.48258],[132.52138,34.48265],[132.52136,34.48269],[132.52119,34.48307],[132.52101,34.48346],[132.52084,34.48385],[132.52069,34.4842],[132.52068,34.48422],[132.52067,34.48424],[132.52033,34.48488],[132.52005,34.48539],[132.52001,34.48546],[132.52001,34.48547],[132.51967,34.48613],[132.51965,34.48616],[132.51965,34.48616],[132.51935,34.48671],[132.51933,34.48676],[132.5193,34.48682],[132.51937,34.48685],[132.51948,34.48691],[132.51969,34.48699],[132.51976,34.48705],[132.51976,34.48707],[132.5198,34.48716],[132.51983,34.4872],[132.51984,34.48726],[132.51987,34.48733],[132.51994,34.48741],[132.51997,34.48746],[132.51999,34.48752],[132.52,34.48757],[132.52,34.48763],[132.52001,34.48769],[132.52001,34.48771],[132.52003,34.48774],[132.52001,34.48777],[132.51999,34.48782],[132.51994,34.4879],[132.51993,34.48792],[132.51991,34.48794],[132.52009,34.48795],[132.52038,34.48792],[132.52084,34.48781],[132.52101,34.48776],[132.5211,34.48773],[132.52113,34.48772],[132.52116,34.48771],[132.52117,34.48769],[132.52118,34.48768],[132.5212,34.48759],[132.52121,34.4875],[132.52121,34.48742],[132.52117,34.48731],[132.52115,34.48723],[132.5211,34.48715],[132.52102,34.48701]]]}},{"type":"Feature","properties":{"name":"亀崎三丁目","setai":569,"jinko":1282,"key":"34106724003","units":1},"geometry":{"type":"Polygon","coordinates":[[[132.5241,34.48338],[132.52378,34.48329],[132.5237,34.48346],[132.52365,34.48359],[132.52359,34.48371],[132.52353,34.48386],[132.52349,34.48397],[132.5234,34.48416],[132.5234,34.48417],[132.52335,34.4843],[132.52329,34.48447],[132.52325,34.48467],[132.52324,34.48479],[132.52323,34.48485],[132.52323,34.48487],[132.52322,34.48505],[132.52323,34.48526],[132.52326,34.48536],[132.52327,34.4854],[132.52331,34.48558],[132.52337,34.48579],[132.52343,34.48603],[132.52353,34.48639],[132.52364,34.48676],[132.52327,34.48684],[132.52292,34.48689],[132.52267,34.48701],[132.52264,34.48711],[132.52223,34.48736],[132.52229,34.48755],[132.52212,34.48759],[132.5221,34.48763],[132.52205,34.4877],[132.52201,34.48781],[132.52199,34.48792],[132.52202,34.48805],[132.52207,34.48815],[132.52214,34.48823],[132.5222,34.48829],[132.52225,34.48833],[132.52228,34.48836],[132.52241,34.48844],[132.52245,34.48856],[132.5225,34.4887],[132.52249,34.48874],[132.52248,34.48877],[132.52266,34.48892],[132.52274,34.48896],[132.52325,34.48886],[132.52329,34.48885],[132.52369,34.48877],[132.52395,34.48871],[132.52408,34.48868],[132.52441,34.48861],[132.52479,34.48854],[132.52509,34.48849],[132.52516,34.48848],[132.52532,34.48846],[132.52564,34.48842],[132.52586,34.4884],[132.52586,34.48838],[132.52584,34.48819],[132.52566,34.48798],[132.52563,34.48793],[132.52569,34.48788],[132.52574,34.48784],[132.52589,34.4876],[132.52608,34.48732],[132.52609,34.4873],[132.52622,34.48705],[132.5264,34.48675],[132.5262,34.48657],[132.5261,34.4862],[132.52591,34.48605],[132.52584,34.48579],[132.52582,34.4857],[132.52584,34.48567],[132.52584,34.48559],[132.52578,34.48547],[132.52572,34.48539],[132.52567,34.4853],[132.52561,34.48521],[132.5256,34.48516],[132.52557,34.4851],[132.52554,34.48504],[132.52566,34.48496],[132.52568,34.48495],[132.52572,34.48492],[132.52576,34.48489],[132.52587,34.4848],[132.52593,34.48472],[132.52595,34.48468],[132.52598,34.48462],[132.526,34.48459],[132.52604,34.48453],[132.52609,34.48447],[132.52613,34.48443],[132.52635,34.48434],[132.52653,34.48428],[132.52662,34.48425],[132.52664,34.4842],[132.52666,34.48414],[132.52657,34.48412],[132.52479,34.48359],[132.52471,34.48356],[132.52462,34.48353],[132.52413,34.48339],[132.5241,34.48338]]]}},{"type":"Feature","properties":{"name":"亀崎四丁目","setai":167,"jinko":547,"key":"34106724004","units":1},"geometry":{"type":"Polygon","coordinates":[[[132.52852,34.4858],[132.52858,34.48572],[132.52861,34.48568],[132.52852,34.48554],[132.5285,34.48551],[132.52835,34.48528],[132.52836,34.48528],[132.52835,34.48525],[132.52849,34.48521],[132.5286,34.48519],[132.52867,34.48516],[132.52875,34.4851],[132.52879,34.48504],[132.52884,34.48498],[132.52892,34.48496],[132.52899,34.48493],[132.52894,34.48485],[132.52893,34.48482],[132.52886,34.48483],[132.52877,34.48483],[132.52871,34.4848],[132.5287,34.4848],[132.52869,34.48479],[132.52867,34.48476],[132.52865,34.48471],[132.52866,34.48467],[132.52866,34.48466],[132.52869,34.48463],[132.52877,34.48462],[132.52888,34.48459],[132.52882,34.48449],[132.5288,34.48443],[132.52882,34.48437],[132.52885,34.48431],[132.52885,34.48426],[132.52883,34.48417],[132.52876,34.48411],[132.5287,34.48406],[132.52864,34.48401],[132.52849,34.48397],[132.52848,34.48397],[132.52838,34.48396],[132.52828,34.48392],[132.52819,34.48394],[132.52812,34.48394],[132.52809,34.48393],[132.52807,34.48393],[132.52795,34.48387],[132.52777,34.48379],[132.52767,34.48386],[132.5276,34.48391],[132.52751,34.48393],[132.5275,34.48393],[132.5275,34.48393],[132.52745,34.48393],[132.52742,34.48392],[132.52742,34.48391],[132.52742,34.48391],[132.5274,34.48387],[132.5274,34.48383],[132.52742,34.48379],[132.52782,34.4835],[132.52764,34.48321],[132.52748,34.48331],[132.52726,34.48343],[132.52705,34.48322],[132.52704,34.48321],[132.52712,34.48314],[132.52717,34.48308],[132.52724,34.48299],[132.52727,34.48292],[132.52724,34.48286],[132.52719,34.4828],[132.52712,34.48276],[132.52701,34.48271],[132.52698,34.48269],[132.52689,34.48268],[132.52689,34.48266],[132.52683,34.48264],[132.52681,34.48257],[132.52681,34.48251],[132.52684,34.48249],[132.5269,34.48248],[132.527,34.48249],[132.5271,34.48252],[132.52721,34.48255],[132.52721,34.48255],[132.52722,34.48255],[132.52728,34.48254],[132.52728,34.48253],[132.52728,34.48251],[132.52726,34.48249],[132.52724,34.48247],[132.52717,34.48242],[132.52712,34.48237],[132.52709,34.48232],[132.52707,34.4823],[132.52707,34.48223],[132.52706,34.48218],[132.52701,34.48216],[132.52696,34.48216],[132.52688,34.48217],[132.5268,34.48218],[132.52678,34.48218],[132.52673,34.48218],[132.5267,34.48214],[132.5267,34.48209],[132.52674,34.48203],[132.52679,34.48198],[132.52685,34.48193],[132.52691,34.48188],[132.52693,34.48183],[132.5269,34.48176],[132.52685,34.4817],[132.52682,34.48168],[132.5268,34.48166],[132.52684,34.48158],[132.52685,34.48157],[132.52689,34.48151],[132.5269,34.4815],[132.52694,34.48143],[132.52696,34.48136],[132.52694,34.48132],[132.52693,34.48128],[132.52692,34.48118],[132.52693,34.48108],[132.52693,34.48103],[132.52691,34.48071],[132.52696,34.48053],[132.52699,34.48049],[132.52705,34.48047],[132.52713,34.48045],[132.52736,34.48044],[132.52737,34.48044],[132.52764,34.48047],[132.5279,34.48049],[132.52811,34.4805],[132.52812,34.4805],[132.52814,34.4805],[132.52819,34.48049],[132.52829,34.48041],[132.52842,34.48024],[132.52844,34.48023],[132.52827,34.48006],[132.52825,34.47997],[132.52824,34.47992],[132.52824,34.47991],[132.52824,34.47991],[132.52813,34.47985],[132.52804,34.47983],[132.52794,34.47982],[132.52793,34.47981],[132.52791,34.47981],[132.5279,34.47981],[132.52785,34.47979],[132.5278,34.47975],[132.52777,34.47969],[132.52774,34.47962],[132.52771,34.47951],[132.5277,34.47942],[132.5277,34.47941],[132.52768,34.47933],[132.52769,34.47927],[132.52772,34.47917],[132.52774,34.4791],[132.52775,34.47906],[132.52777,34.47892],[132.52777,34.4788],[132.52773,34.47869],[132.5277,34.47867],[132.52749,34.4785],[132.52691,34.47803],[132.5269,34.47802],[132.52625,34.47877],[132.52619,34.47883],[132.52594,34.47911],[132.5258,34.47926],[132.52573,34.47935],[132.52573,34.47935],[132.52546,34.47969],[132.52539,34.47978],[132.52532,34.47987],[132.52521,34.48006],[132.5252,34.48008],[132.52517,34.48014],[132.52509,34.48031],[132.52506,34.48037],[132.52496,34.4806],[132.52489,34.48076],[132.52475,34.48108],[132.52471,34.48118],[132.52457,34.48152],[132.52454,34.48158],[132.52434,34.48206],[132.52425,34.48224],[132.52425,34.48225],[132.52395,34.48292],[132.52378,34.48329],[132.5241,34.48338],[132.52413,34.48339],[132.52462,34.48353],[132.52471,34.48356],[132.52479,34.48359],[132.52657,34.48412],[132.52666,34.48414],[132.52664,34.4842],[132.52662,34.48425],[132.52656,34.48437],[132.52651,34.48447],[132.5265,34.48447],[132.52649,34.48452],[132.52649,34.48457],[132.52661,34.48474],[132.5268,34.48496],[132.52698,34.48536],[132.52715,34.48576],[132.52718,34.48575],[132.52725,34.48573],[132.52743,34.48579],[132.5275,34.48587],[132.52757,34.48592],[132.52765,34.48597],[132.52769,34.486],[132.52776,34.486],[132.52777,34.486],[132.52778,34.48601],[132.5278,34.48602],[132.52783,34.48613],[132.52785,34.48614],[132.52789,34.48614],[132.52796,34.4861],[132.52798,34.48609],[132.52811,34.48606],[132.52823,34.48601],[132.52835,34.48596],[132.52845,34.48587],[132.52852,34.4858]]]}},{"type":"Feature","properties":{"name":"倉掛一丁目","setai":359,"jinko":876,"key":"34106725001","units":1},"geometry":{"type":"Polygon","coordinates":[[[132.52705,34.47784],[132.5276,34.47721],[132.52803,34.47671],[132.52805,34.47672],[132.52832,34.47643],[132.52883,34.47585],[132.52959,34.475],[132.52942,34.47488],[132.52918,34.47471],[132.52915,34.47464],[132.52913,34.47452],[132.52912,34.47443],[132.52914,34.4743],[132.52919,34.47418],[132.5292,34.47414],[132.5293,34.47385],[132.52948,34.47332],[132.52962,34.4729],[132.52963,34.47287],[132.5297,34.47264],[132.52969,34.4725],[132.52969,34.47249],[132.52964,34.47224],[132.52951,34.47188],[132.52937,34.47146],[132.52933,34.47135],[132.52927,34.47124],[132.52921,34.47115],[132.52914,34.47107],[132.52907,34.471],[132.529,34.47095],[132.52891,34.47089],[132.52881,34.47085],[132.5287,34.4708],[132.52856,34.47076],[132.5285,34.47073],[132.52847,34.47072],[132.52841,34.4707],[132.52824,34.47067],[132.52814,34.47064],[132.52809,34.47062],[132.52809,34.47062],[132.52791,34.47056],[132.52776,34.47052],[132.52765,34.47049],[132.52752,34.47047],[132.5274,34.47047],[132.52725,34.47048],[132.52708,34.47051],[132.52688,34.47055],[132.52675,34.47058],[132.52671,34.47059],[132.52654,34.47063],[132.52638,34.47067],[132.52636,34.47068],[132.52614,34.47072],[132.52599,34.47075],[132.52593,34.47076],[132.52584,34.47077],[132.52566,34.47079],[132.52555,34.4708],[132.52552,34.4708],[132.52537,34.4708],[132.52523,34.47079],[132.52512,34.47077],[132.5251,34.47099],[132.52511,34.47105],[132.52512,34.47114],[132.52512,34.47121],[132.52511,34.47126],[132.52521,34.47123],[132.52536,34.47141],[132.52559,34.47174],[132.52561,34.47176],[132.52561,34.47176],[132.52581,34.47181],[132.52575,34.47183],[132.52572,34.47186],[132.52569,34.47192],[132.5257,34.47196],[132.52572,34.47201],[132.52575,34.47202],[132.52584,34.47207],[132.52594,34.47213],[132.52601,34.47221],[132.52598,34.47222],[132.52602,34.47227],[132.52606,34.47239],[132.52605,34.47253],[132.52604,34.4726],[132.52608,34.4727],[132.52618,34.47289],[132.52619,34.47303],[132.52632,34.473],[132.52634,34.47299],[132.52637,34.47302],[132.52635,34.47345],[132.52637,34.47356],[132.52635,34.47375],[132.52635,34.47383],[132.52636,34.47392],[132.52637,34.47395],[132.52639,34.47399],[132.52643,34.47398],[132.52675,34.47387],[132.52682,34.47385],[132.52686,34.47383],[132.52688,34.47382],[132.52696,34.47388],[132.5273,34.47427],[132.52732,34.47429],[132.52741,34.47432],[132.5275,34.47435],[132.52739,34.47446],[132.52732,34.47454],[132.52729,34.47463],[132.52728,34.47464],[132.52724,34.47472],[132.52718,34.47478],[132.52708,34.47483],[132.52701,34.47486],[132.52695,34.47494],[132.52689,34.47503],[132.52678,34.47511],[132.52667,34.47518],[132.52659,34.47522],[132.52645,34.47527],[132.52642,34.47529],[132.52635,34.47533],[132.52634,34.47534],[132.52627,34.4754],[132.52622,34.47543],[132.52621,34.47544],[132.52613,34.47551],[132.52604,34.47567],[132.52604,34.47567],[132.52599,34.47581],[132.52596,34.47588],[132.52593,34.47594],[132.52583,34.47605],[132.52579,34.47609],[132.52579,34.47613],[132.52581,34.4762],[132.52589,34.47622],[132.52602,34.47624],[132.52603,34.47624],[132.52621,34.47625],[132.52639,34.47625],[132.52655,34.47626],[132.52665,34.47626],[132.52677,34.47621],[132.52685,34.47616],[132.5269,34.47611],[132.52693,34.47606],[132.5275,34.47641],[132.5273,34.47658],[132.52716,34.47666],[132.5271,34.4767],[132.52705,34.47674],[132.52701,34.47679],[132.52699,34.47684],[132.52697,34.47687],[132.52696,34.47689],[132.52678,34.477],[132.52676,34.477],[132.52659,34.47714],[132.52659,34.47715],[132.52649,34.47722],[132.52647,34.47723],[132.52649,34.47739],[132.52636,34.47728],[132.52629,34.47731],[132.52619,34.47737],[132.52687,34.478],[132.52688,34.47801],[132.5269,34.47802],[132.527,34.4779],[132.527,34.4779],[132.52705,34.47784]]]}},{"type":"Feature","properties":{"name":"倉掛二丁目","setai":486,"jinko":1144,"key":"34106725002","units":1},"geometry":{"type":"Polygon","coordinates":[[[132.53014,34.47451],[132.53017,34.4745],[132.5303,34.47458],[132.5305,34.47469],[132.53059,34.47462],[132.53065,34.47453],[132.5307,34.47447],[132.53072,34.47442],[132.53073,34.4744],[132.53076,34.4743],[132.53077,34.47425],[132.5308,34.47416],[132.53082,34.47407],[132.53084,34.47398],[132.53084,34.47398],[132.53086,34.47391],[132.53089,34.47382],[132.53091,34.47377],[132.53092,34.47375],[132.53094,34.47367],[132.53099,34.47359],[132.53101,34.47352],[132.53102,34.47349],[132.53107,34.47335],[132.53111,34.47319],[132.53104,34.47317],[132.53108,34.47307],[132.53112,34.473],[132.53119,34.47291],[132.53131,34.47275],[132.53141,34.47263],[132.53147,34.47256],[132.53149,34.47255],[132.53154,34.4725],[132.53161,34.47244],[132.53177,34.47233],[132.53202,34.47217],[132.53243,34.47192],[132.5326,34.4721],[132.53279,34.47234],[132.5328,34.47228],[132.5328,34.4722],[132.53281,34.472],[132.53283,34.47195],[132.53335,34.47116],[132.53377,34.47058],[132.53381,34.47036],[132.53375,34.47021],[132.53171,34.46915],[132.53116,34.46899],[132.53112,34.46898],[132.53118,34.46883],[132.53082,34.46871],[132.53077,34.4687],[132.53071,34.46868],[132.53045,34.46858],[132.53046,34.46848],[132.53046,34.46833],[132.53043,34.46832],[132.53038,34.46831],[132.53036,34.46831],[132.53011,34.46828],[132.53007,34.46828],[132.52975,34.46824],[132.52975,34.46819],[132.52977,34.46804],[132.52981,34.46771],[132.52978,34.46769],[132.52944,34.46766],[132.52939,34.46766],[132.52908,34.46764],[132.52901,34.46764],[132.52871,34.46761],[132.52863,34.4676],[132.52858,34.4676],[132.52854,34.4676],[132.52831,34.46759],[132.52829,34.4678],[132.52817,34.46779],[132.52807,34.46778],[132.52803,34.4678],[132.528,34.46784],[132.52792,34.46823],[132.52791,34.4683],[132.52783,34.46829],[132.5278,34.46828],[132.52773,34.46827],[132.52753,34.46823],[132.5273,34.46843],[132.52703,34.4687],[132.527,34.46872],[132.52661,34.46907],[132.52628,34.46937],[132.52617,34.46947],[132.52608,34.46957],[132.52605,34.46964],[132.52603,34.46972],[132.52603,34.46978],[132.52605,34.46984],[132.52564,34.46993],[132.52557,34.46974],[132.52548,34.46952],[132.52544,34.46956],[132.52496,34.47014],[132.52476,34.47038],[132.5246,34.47064],[132.52466,34.47067],[132.52512,34.47077],[132.52523,34.47079],[132.52537,34.4708],[132.52552,34.4708],[132.52555,34.4708],[132.52566,34.47079],[132.52584,34.47077],[132.52593,34.47076],[132.52599,34.47075],[132.52614,34.47072],[132.52636,34.47068],[132.52638,34.47067],[132.52654,34.47063],[132.52671,34.47059],[132.52675,34.47058],[132.52688,34.47055],[132.52708,34.47051],[132.52725,34.47048],[132.5274,34.47047],[132.52752,34.47047],[132.52765,34.47049],[132.52776,34.47052],[132.52791,34.47056],[132.52809,34.47062],[132.52809,34.47062],[132.52814,34.47064],[132.52824,34.47067],[132.52841,34.4707],[132.52847,34.47072],[132.5285,34.47073],[132.52856,34.47076],[132.5287,34.4708],[132.52881,34.47085],[132.52891,34.47089],[132.529,34.47095],[132.52907,34.471],[132.52914,34.47107],[132.52921,34.47115],[132.52927,34.47124],[132.52933,34.47135],[132.52937,34.47146],[132.52951,34.47188],[132.52964,34.47224],[132.52969,34.47249],[132.52969,34.4725],[132.5297,34.47264],[132.52963,34.47287],[132.52962,34.4729],[132.52948,34.47332],[132.5293,34.47385],[132.5292,34.47414],[132.52919,34.47418],[132.52914,34.4743],[132.52912,34.47443],[132.52913,34.47452],[132.52915,34.47464],[132.52918,34.47471],[132.52942,34.47488],[132.52959,34.475],[132.52968,34.47506],[132.53014,34.47451]]]}},{"type":"Feature","properties":{"name":"倉掛三丁目","setai":376,"jinko":1172,"key":"34106725003","units":1},"geometry":{"type":"Polygon","coordinates":[[[132.53094,34.47936],[132.53113,34.47933],[132.53117,34.47939],[132.53118,34.47939],[132.53124,34.47942],[132.53128,34.47942],[132.53137,34.47943],[132.53135,34.47929],[132.53136,34.47922],[132.5314,34.47912],[132.5314,34.4791],[132.53141,34.47909],[132.53143,34.47902],[132.53153,34.47901],[132.53153,34.4789],[132.53166,34.47876],[132.53177,34.47865],[132.53177,34.47843],[132.53176,34.4782],[132.53177,34.47794],[132.53168,34.47788],[132.53163,34.47782],[132.53156,34.47777],[132.53153,34.47773],[132.53153,34.47773],[132.53166,34.4776],[132.53177,34.47747],[132.53181,34.47742],[132.53181,34.47741],[132.53186,34.47731],[132.53199,34.4773],[132.5321,34.47729],[132.53212,34.47728],[132.53214,34.47727],[132.53219,34.47726],[132.53228,34.47723],[132.53233,34.47721],[132.53234,34.47717],[132.53231,34.47712],[132.53221,34.47702],[132.5322,34.47692],[132.53223,34.47677],[132.53224,34.47671],[132.53225,34.4767],[132.53229,34.47666],[132.53232,34.47663],[132.53238,34.47659],[132.53244,34.47656],[132.53245,34.47651],[132.53243,34.47646],[132.53229,34.47645],[132.53219,34.47644],[132.53213,34.47637],[132.53208,34.47627],[132.532,34.4762],[132.53199,34.47611],[132.53191,34.47605],[132.53182,34.47606],[132.53182,34.47606],[132.53181,34.47602],[132.53174,34.47588],[132.53185,34.4758],[132.53194,34.47586],[132.53205,34.47593],[132.53215,34.47598],[132.53221,34.47601],[132.53223,34.47605],[132.53223,34.47611],[132.53225,34.47618],[132.53232,34.47623],[132.53236,34.47622],[132.53248,34.47619],[132.53249,34.47619],[132.53256,34.47616],[132.53267,34.47506],[132.53274,34.47509],[132.53286,34.47514],[132.53297,34.47511],[132.53307,34.47503],[132.53306,34.47497],[132.53306,34.47497],[132.53298,34.47491],[132.53291,34.47488],[132.53288,34.47484],[132.53289,34.47478],[132.53296,34.47471],[132.53309,34.47462],[132.53322,34.47453],[132.53327,34.47447],[132.53329,34.47443],[132.53324,34.47435],[132.53321,34.47433],[132.5332,34.47432],[132.53312,34.47434],[132.53304,34.47442],[132.53296,34.47446],[132.53295,34.47446],[132.53294,34.47446],[132.53288,34.47447],[132.53282,34.47446],[132.53276,34.47441],[132.53275,34.47439],[132.53265,34.47425],[132.53243,34.47397],[132.53227,34.47366],[132.53224,34.4735],[132.53231,34.47332],[132.53251,34.47301],[132.53279,34.47259],[132.53285,34.47248],[132.53285,34.47239],[132.53283,34.47233],[132.5328,34.47228],[132.53279,34.47234],[132.5326,34.4721],[132.53243,34.47192],[132.53202,34.47217],[132.53177,34.47233],[132.53161,34.47244],[132.53154,34.4725],[132.53149,34.47255],[132.53147,34.47256],[132.53141,34.47263],[132.53131,34.47275],[132.53119,34.47291],[132.53112,34.473],[132.53108,34.47307],[132.53104,34.47317],[132.53111,34.47319],[132.53107,34.47335],[132.53102,34.47349],[132.53101,34.47352],[132.53099,34.47359],[132.53094,34.47367],[132.53092,34.47375],[132.53091,34.47377],[132.53089,34.47382],[132.53086,34.47391],[132.53084,34.47398],[132.53084,34.47398],[132.53082,34.47407],[132.5308,34.47416],[132.53077,34.47425],[132.53076,34.4743],[132.53073,34.4744],[132.53072,34.47442],[132.5307,34.47447],[132.53065,34.47453],[132.53059,34.47462],[132.5305,34.47469],[132.5303,34.47458],[132.53017,34.4745],[132.53014,34.47451],[132.52968,34.47506],[132.52959,34.475],[132.52883,34.47585],[132.52832,34.47643],[132.52805,34.47672],[132.52803,34.47671],[132.5276,34.47721],[132.52705,34.47784],[132.527,34.4779],[132.527,34.4779],[132.5269,34.47802],[132.52691,34.47803],[132.52749,34.4785],[132.5277,34.47867],[132.52773,34.47869],[132.5278,34.47864],[132.52785,34.4786],[132.52813,34.47833],[132.52821,34.47825],[132.52822,34.47824],[132.52822,34.47825],[132.52826,34.47828],[132.52851,34.47847],[132.52862,34.47861],[132.52868,34.47871],[132.52871,34.47885],[132.52872,34.47907],[132.52881,34.4791],[132.52913,34.47922],[132.52935,34.47928],[132.5294,34.47925],[132.52945,34.47922],[132.52959,34.47924],[132.52969,34.47924],[132.52971,34.47925],[132.52983,34.47925],[132.52984,34.47925],[132.52987,34.47933],[132.5299,34.47936],[132.52991,34.47937],[132.52992,34.47938],[132.52993,34.4794],[132.52998,34.47946],[132.53004,34.47948],[132.53012,34.47949],[132.53017,34.47949],[132.53021,34.47949],[132.53026,34.47953],[132.53032,34.47957],[132.53033,34.47957],[132.53034,34.47957],[132.53041,34.47958],[132.53052,34.47959],[132.53062,34.47959],[132.5307,34.47958],[132.53071,34.47957],[132.53083,34.47948],[132.53088,34.47942],[132.53091,34.47939],[132.53094,34.47936]]]}},{"type":"Feature","properties":{"name":"深川一丁目","setai":514,"jinko":1406,"key":"34106726001","units":1},"geometry":{"type":"Polygon","coordinates":[[[132.52338,34.49148],[132.52352,34.49145],[132.52368,34.49146],[132.52404,34.49136],[132.52411,34.49134],[132.5244,34.49127],[132.5247,34.4912],[132.52485,34.49118],[132.5248,34.49105],[132.52475,34.49091],[132.52474,34.49089],[132.52471,34.49077],[132.52475,34.49053],[132.52475,34.49053],[132.52463,34.48999],[132.52468,34.48998],[132.52487,34.48992],[132.52516,34.48983],[132.52517,34.48983],[132.52491,34.48892],[132.52523,34.48887],[132.52522,34.48885],[132.52515,34.48866],[132.52515,34.48865],[132.52509,34.48849],[132.52479,34.48854],[132.52441,34.48861],[132.52408,34.48868],[132.52395,34.48871],[132.52369,34.48877],[132.52329,34.48885],[132.52325,34.48886],[132.52274,34.48896],[132.52266,34.48892],[132.52248,34.48877],[132.52249,34.48874],[132.5225,34.4887],[132.52245,34.48856],[132.52241,34.48844],[132.52228,34.48836],[132.52225,34.48833],[132.5222,34.48829],[132.52214,34.48823],[132.52207,34.48815],[132.52202,34.48805],[132.52199,34.48792],[132.52201,34.48781],[132.52205,34.4877],[132.5221,34.48763],[132.52212,34.48759],[132.52208,34.48755],[132.52207,34.48753],[132.52182,34.4874],[132.52176,34.48741],[132.52161,34.48735],[132.52153,34.48734],[132.52148,34.48729],[132.52141,34.48726],[132.52134,34.4872],[132.5213,34.48711],[132.52126,34.48692],[132.52102,34.48701],[132.5211,34.48715],[132.52115,34.48723],[132.52117,34.48731],[132.52121,34.48742],[132.52121,34.4875],[132.5212,34.48759],[132.52118,34.48768],[132.52117,34.48769],[132.52116,34.48771],[132.52113,34.48772],[132.5211,34.48773],[132.52101,34.48776],[132.52084,34.48781],[132.52038,34.48792],[132.52009,34.48795],[132.51991,34.48794],[132.51993,34.48792],[132.51994,34.4879],[132.51999,34.48782],[132.52001,34.48777],[132.52003,34.48774],[132.52001,34.48771],[132.52001,34.48769],[132.52,34.48763],[132.52,34.48757],[132.51999,34.48752],[132.51997,34.48746],[132.51994,34.48741],[132.51987,34.48733],[132.51984,34.48726],[132.51983,34.4872],[132.5198,34.48716],[132.51976,34.48707],[132.51976,34.48705],[132.51969,34.48699],[132.51948,34.48691],[132.51937,34.48685],[132.5193,34.48682],[132.51914,34.48714],[132.51913,34.48714],[132.51911,34.48716],[132.51907,34.48716],[132.51887,34.48716],[132.51877,34.48715],[132.51855,34.48714],[132.51848,34.48713],[132.51845,34.48711],[132.5184,34.48706],[132.51836,34.48709],[132.51835,34.4871],[132.51833,34.48712],[132.51828,34.48716],[132.51818,34.48723],[132.5181,34.48728],[132.51801,34.48731],[132.51792,34.48735],[132.51782,34.48738],[132.51775,34.48743],[132.51767,34.4875],[132.51758,34.48761],[132.51754,34.4877],[132.51748,34.48778],[132.51749,34.48787],[132.51746,34.48795],[132.51746,34.48795],[132.51746,34.48798],[132.51744,34.48808],[132.51739,34.48816],[132.51731,34.48824],[132.51724,34.48831],[132.5172,34.48831],[132.51714,34.48832],[132.51711,34.48831],[132.51705,34.48829],[132.51687,34.48826],[132.51657,34.48823],[132.5164,34.48822],[132.51627,34.48823],[132.51617,34.48825],[132.51606,34.48829],[132.51596,34.48833],[132.51591,34.48836],[132.51583,34.48836],[132.51574,34.48836],[132.51566,34.48836],[132.51556,34.48836],[132.51548,34.48838],[132.51539,34.48843],[132.51534,34.48842],[132.51525,34.48842],[132.51521,34.48842],[132.51516,34.48842],[132.51499,34.48841],[132.51479,34.48839],[132.51459,34.48835],[132.51439,34.48829],[132.51438,34.48828],[132.51436,34.48828],[132.5143,34.48821],[132.51424,34.48815],[132.51419,34.48807],[132.51417,34.48806],[132.51373,34.48819],[132.51385,34.48859],[132.51391,34.48883],[132.51397,34.48897],[132.514,34.48913],[132.51405,34.4893],[132.51405,34.48933],[132.51428,34.4895],[132.51438,34.48957],[132.5145,34.48965],[132.51454,34.48968],[132.51476,34.48985],[132.51501,34.49001],[132.51526,34.49018],[132.51547,34.49034],[132.51567,34.49049],[132.51589,34.49063],[132.51608,34.49074],[132.51634,34.49087],[132.51658,34.491],[132.51683,34.49112],[132.51709,34.49123],[132.51713,34.49124],[132.51715,34.49125],[132.51732,34.49132],[132.51748,34.49138],[132.51751,34.49139],[132.51777,34.49146],[132.51801,34.49153],[132.51812,34.49156],[132.51823,34.49159],[132.51851,34.49164],[132.51878,34.49171],[132.51901,34.49175],[132.51924,34.49178],[132.51948,34.49182],[132.51964,34.49184],[132.51977,34.49186],[132.52,34.49189],[132.52008,34.4919],[132.5204,34.49193],[132.52064,34.49194],[132.52089,34.49195],[132.52114,34.49198],[132.52144,34.49203],[132.52172,34.49205],[132.52181,34.49206],[132.522,34.49208],[132.52229,34.49209],[132.52255,34.49208],[132.52287,34.49206],[132.52314,34.49205],[132.52333,34.49202],[132.5235,34.492],[132.52338,34.49148]]]}},{"type":"Feature","properties":{"name":"深川二丁目","setai":471,"jinko":1127,"key":"34106726002","units":1},"geometry":{"type":"Polygon","coordinates":[[[132.52078,34.49483],[132.52096,34.49483],[132.52125,34.49483],[132.52141,34.49488],[132.52145,34.49495],[132.52147,34.495],[132.52165,34.49509],[132.5219,34.49522],[132.52214,34.49531],[132.52236,34.49503],[132.52213,34.49494],[132.52187,34.49484],[132.52164,34.49472],[132.5214,34.49462],[132.52122,34.49476],[132.52117,34.49478],[132.52098,34.4948],[132.52081,34.49475],[132.52054,34.49476],[132.52042,34.49462],[132.52053,34.49463],[132.52054,34.49463],[132.52066,34.49458],[132.52078,34.49453],[132.52085,34.49448],[132.52091,34.49441],[132.52131,34.49415],[132.52148,34.49407],[132.52156,34.49403],[132.52163,34.49398],[132.5217,34.49395],[132.52175,34.49394],[132.52178,34.49393],[132.52196,34.49395],[132.52205,34.49397],[132.52213,34.494],[132.5222,34.49403],[132.52222,34.49404],[132.52234,34.49414],[132.5224,34.49419],[132.52246,34.49423],[132.52252,34.4943],[132.52254,34.49432],[132.52256,34.49435],[132.52266,34.49442],[132.52269,34.49443],[132.52276,34.49445],[132.52292,34.49452],[132.52304,34.49455],[132.5232,34.4946],[132.52336,34.49468],[132.52349,34.49474],[132.52365,34.49482],[132.52378,34.49488],[132.52394,34.49492],[132.52401,34.49493],[132.52402,34.49494],[132.52404,34.49497],[132.52411,34.49504],[132.52423,34.49511],[132.52433,34.49515],[132.52447,34.49517],[132.52492,34.49501],[132.52521,34.49488],[132.52549,34.49478],[132.52551,34.49477],[132.52554,34.49475],[132.52536,34.49446],[132.52531,34.4944],[132.52517,34.4942],[132.52515,34.49417],[132.52509,34.49406],[132.52507,34.49397],[132.52503,34.49393],[132.525,34.49388],[132.52494,34.49379],[132.52492,34.49376],[132.5248,34.49349],[132.52479,34.49347],[132.5248,34.49342],[132.52477,34.4934],[132.52466,34.49305],[132.52477,34.49301],[132.52479,34.493],[132.52497,34.49294],[132.52498,34.49272],[132.52509,34.49265],[132.52518,34.49261],[132.52536,34.49254],[132.52536,34.49253],[132.5255,34.49246],[132.5257,34.49231],[132.526,34.49216],[132.52624,34.49207],[132.52626,34.49206],[132.52639,34.49201],[132.52648,34.49199],[132.52656,34.49197],[132.52663,34.492],[132.52674,34.49206],[132.52695,34.49217],[132.52708,34.49225],[132.52721,34.4923],[132.52727,34.49224],[132.52728,34.49224],[132.52743,34.49232],[132.52761,34.49238],[132.52781,34.49241],[132.52797,34.49242],[132.52811,34.49244],[132.52827,34.49246],[132.52831,34.49247],[132.52839,34.49248],[132.5285,34.49248],[132.52861,34.49242],[132.52862,34.49236],[132.52862,34.49234],[132.52851,34.49228],[132.5284,34.49223],[132.52827,34.49218],[132.52813,34.49209],[132.52797,34.49203],[132.52789,34.492],[132.52792,34.49193],[132.52758,34.49167],[132.5276,34.49164],[132.52759,34.4916],[132.52751,34.49155],[132.52731,34.49171],[132.52722,34.49154],[132.52729,34.49152],[132.52739,34.49144],[132.52749,34.49133],[132.52749,34.49133],[132.5277,34.49116],[132.52782,34.49095],[132.52787,34.49086],[132.52783,34.49082],[132.52762,34.4906],[132.52751,34.49064],[132.52718,34.49078],[132.52685,34.49093],[132.52669,34.491],[132.52666,34.49102],[132.52645,34.49112],[132.52624,34.4912],[132.52596,34.49131],[132.52573,34.49139],[132.52549,34.49148],[132.52526,34.49155],[132.52504,34.49162],[132.525,34.49164],[132.5247,34.49172],[132.52438,34.49181],[132.52414,34.49187],[132.52391,34.49193],[132.5235,34.492],[132.52333,34.49202],[132.52314,34.49205],[132.52287,34.49206],[132.52255,34.49208],[132.52229,34.49209],[132.522,34.49208],[132.52181,34.49206],[132.52172,34.49205],[132.52144,34.49203],[132.52114,34.49198],[132.52089,34.49195],[132.52064,34.49194],[132.5204,34.49193],[132.52008,34.4919],[132.52,34.49189],[132.51977,34.49186],[132.51964,34.49184],[132.51948,34.49182],[132.51924,34.49178],[132.51901,34.49175],[132.51878,34.49171],[132.51851,34.49164],[132.51823,34.49159],[132.51812,34.49156],[132.51801,34.49153],[132.51777,34.49146],[132.51751,34.49139],[132.51748,34.49138],[132.51732,34.49132],[132.51715,34.49125],[132.51713,34.49124],[132.51709,34.49123],[132.51683,34.49112],[132.51658,34.491],[132.51634,34.49087],[132.51608,34.49074],[132.51589,34.49063],[132.51567,34.49049],[132.51547,34.49034],[132.51526,34.49018],[132.51501,34.49001],[132.51476,34.48985],[132.51454,34.48968],[132.5145,34.48965],[132.51438,34.48957],[132.51428,34.4895],[132.51405,34.48933],[132.51414,34.48989],[132.51402,34.48998],[132.5141,34.49023],[132.51418,34.49052],[132.51424,34.49074],[132.51432,34.49099],[132.51439,34.49125],[132.51445,34.49148],[132.51451,34.49172],[132.5146,34.492],[132.51466,34.49223],[132.51475,34.49253],[132.51484,34.4928],[132.51491,34.49305],[132.51497,34.49329],[132.51503,34.49347],[132.51511,34.49368],[132.5152,34.49389],[132.51526,34.49406],[132.5153,34.49412],[132.51537,34.49427],[132.5155,34.49451],[132.5157,34.49477],[132.5159,34.49498],[132.51625,34.4953],[132.51661,34.4956],[132.51697,34.49589],[132.51729,34.49615],[132.51751,34.49633],[132.5177,34.49644],[132.51779,34.49648],[132.51786,34.49651],[132.51791,34.49652],[132.518,34.49657],[132.51807,34.49661],[132.51808,34.49662],[132.51826,34.49678],[132.51856,34.4971],[132.51877,34.49733],[132.51881,34.49748],[132.51881,34.49752],[132.51883,34.49759],[132.51885,34.49765],[132.51894,34.49762],[132.51906,34.49756],[132.51941,34.4974],[132.51927,34.49708],[132.51921,34.49695],[132.51918,34.49672],[132.51915,34.49656],[132.51916,34.49646],[132.51916,34.4964],[132.51922,34.49625],[132.51935,34.49612],[132.51948,34.49599],[132.5196,34.49588],[132.51972,34.49576],[132.51979,34.49568],[132.51987,34.4956],[132.51995,34.49553],[132.52005,34.49549],[132.52014,34.49544],[132.5202,34.49542],[132.52033,34.49535],[132.52036,34.49531],[132.5204,34.49526],[132.52044,34.49521],[132.52049,34.49517],[132.52052,34.49514],[132.52053,34.49511],[132.52065,34.49505],[132.5208,34.495],[132.52083,34.49497],[132.52082,34.4949],[132.52078,34.49483]]]}},{"type":"Feature","properties":{"name":"深川三丁目","setai":383,"jinko":1008,"key":"34106726003","units":1},"geometry":{"type":"Polygon","coordinates":[[[132.52549,34.49148],[132.52573,34.49139],[132.52596,34.49131],[132.52624,34.4912],[132.52645,34.49112],[132.52666,34.49102],[132.52669,34.491],[132.52685,34.49093],[132.52718,34.49078],[132.52751,34.49064],[132.52762,34.4906],[132.52779,34.49052],[132.52818,34.49036],[132.5286,34.49015],[132.52897,34.48995],[132.52899,34.48994],[132.52926,34.48977],[132.52947,34.48963],[132.52959,34.48952],[132.52991,34.48919],[132.52991,34.48919],[132.53008,34.48885],[132.53019,34.48856],[132.53029,34.48829],[132.53037,34.48809],[132.5305,34.48777],[132.53054,34.48764],[132.53061,34.48748],[132.53062,34.48746],[132.53074,34.48708],[132.53084,34.48673],[132.53094,34.48632],[132.53102,34.48592],[132.53105,34.48567],[132.53107,34.48542],[132.53102,34.4852],[132.53101,34.4852],[132.53094,34.48519],[132.53094,34.48518],[132.53035,34.48508],[132.53026,34.48515],[132.53021,34.48521],[132.53018,34.48529],[132.5301,34.48548],[132.53004,34.4856],[132.52997,34.4857],[132.52988,34.48579],[132.52975,34.48586],[132.52965,34.4859],[132.52964,34.48591],[132.52949,34.48597],[132.5293,34.48602],[132.5291,34.48606],[132.5291,34.48606],[132.52903,34.48607],[132.52876,34.48622],[132.52861,34.48632],[132.52865,34.48618],[132.52869,34.48604],[132.52873,34.48587],[132.52864,34.48573],[132.52861,34.48568],[132.52858,34.48572],[132.52852,34.4858],[132.52845,34.48587],[132.52835,34.48596],[132.52823,34.48601],[132.52811,34.48606],[132.52798,34.48609],[132.52796,34.4861],[132.52789,34.48614],[132.52785,34.48614],[132.52783,34.48613],[132.5278,34.48602],[132.52778,34.48601],[132.52777,34.486],[132.52776,34.486],[132.52769,34.486],[132.52765,34.48597],[132.52757,34.48592],[132.5275,34.48587],[132.52743,34.48579],[132.52725,34.48573],[132.52718,34.48575],[132.52715,34.48576],[132.52698,34.48536],[132.5268,34.48496],[132.52661,34.48474],[132.52649,34.48457],[132.52649,34.48452],[132.5265,34.48447],[132.52651,34.48447],[132.52656,34.48437],[132.52662,34.48425],[132.52653,34.48428],[132.52635,34.48434],[132.52613,34.48443],[132.52609,34.48447],[132.52604,34.48453],[132.526,34.48459],[132.52598,34.48462],[132.52595,34.48468],[132.52593,34.48472],[132.52587,34.4848],[132.52576,34.48489],[132.52572,34.48492],[132.52568,34.48495],[132.52566,34.48496],[132.52554,34.48504],[132.52557,34.4851],[132.5256,34.48516],[132.52561,34.48521],[132.52567,34.4853],[132.52572,34.48539],[132.52578,34.48547],[132.52584,34.48559],[132.52584,34.48567],[132.52582,34.4857],[132.52584,34.48579],[132.52591,34.48605],[132.5261,34.4862],[132.5262,34.48657],[132.5264,34.48675],[132.52622,34.48705],[132.52609,34.4873],[132.52608,34.48732],[132.52589,34.4876],[132.52574,34.48784],[132.52569,34.48788],[132.52563,34.48793],[132.52566,34.48798],[132.52584,34.48819],[132.52586,34.48838],[132.52586,34.4884],[132.52564,34.48842],[132.52532,34.48846],[132.52516,34.48848],[132.52509,34.48849],[132.52515,34.48865],[132.52515,34.48866],[132.52522,34.48885],[132.52523,34.48887],[132.52491,34.48892],[132.52517,34.48983],[132.52516,34.48983],[132.52487,34.48992],[132.52468,34.48998],[132.52463,34.48999],[132.52475,34.49053],[132.52475,34.49053],[132.52471,34.49077],[132.52474,34.49089],[132.52475,34.49091],[132.5248,34.49105],[132.52485,34.49118],[132.5247,34.4912],[132.5244,34.49127],[132.52411,34.49134],[132.52404,34.49136],[132.52368,34.49146],[132.52352,34.49145],[132.52338,34.49148],[132.5235,34.492],[132.52391,34.49193],[132.52414,34.49187],[132.52438,34.49181],[132.5247,34.49172],[132.525,34.49164],[132.52504,34.49162],[132.52526,34.49155],[132.52549,34.49148]]]}},{"type":"Feature","properties":{"name":"深川四丁目","setai":240,"jinko":606,"key":"34106726004","units":1},"geometry":{"type":"Polygon","coordinates":[[[132.53124,34.48863],[132.53131,34.48833],[132.53139,34.48835],[132.53147,34.48837],[132.5316,34.48817],[132.53169,34.488],[132.53162,34.48794],[132.5318,34.4877],[132.53189,34.48758],[132.53196,34.48752],[132.53202,34.4875],[132.53213,34.48751],[132.53227,34.48754],[132.5324,34.48757],[132.5325,34.48757],[132.53253,34.48756],[132.5326,34.48754],[132.5327,34.48752],[132.53279,34.48751],[132.53289,34.48754],[132.5329,34.48754],[132.5329,34.48755],[132.53306,34.48764],[132.53324,34.48774],[132.53337,34.4878],[132.53344,34.48783],[132.53353,34.48785],[132.53367,34.48781],[132.53376,34.48774],[132.53383,34.48769],[132.53393,34.48776],[132.5341,34.488],[132.53423,34.48814],[132.53437,34.4882],[132.53437,34.4882],[132.53444,34.48801],[132.5345,34.48793],[132.53441,34.4878],[132.53418,34.48739],[132.53406,34.48713],[132.53404,34.48704],[132.53404,34.48684],[132.53403,34.48674],[132.53419,34.48671],[132.53428,34.48669],[132.53425,34.48661],[132.53436,34.48657],[132.53441,34.48655],[132.5345,34.48664],[132.53458,34.48678],[132.53468,34.48677],[132.53475,34.48677],[132.53489,34.4867],[132.53497,34.48667],[132.53492,34.48656],[132.53501,34.48653],[132.53499,34.4865],[132.53502,34.48648],[132.53515,34.48643],[132.53542,34.48638],[132.53574,34.48629],[132.53603,34.48618],[132.53615,34.48624],[132.53636,34.48632],[132.53649,34.48625],[132.5366,34.48626],[132.53674,34.4863],[132.53681,34.48633],[132.53688,34.48641],[132.53691,34.48648],[132.53698,34.48655],[132.53706,34.4866],[132.5372,34.48665],[132.53732,34.48665],[132.53743,34.48661],[132.53751,34.48656],[132.53765,34.48652],[132.53784,34.48648],[132.53801,34.48641],[132.53811,34.48635],[132.53812,34.48633],[132.53809,34.4863],[132.53792,34.48621],[132.53802,34.48616],[132.53813,34.48613],[132.53823,34.48611],[132.53835,34.48609],[132.53851,34.48608],[132.53852,34.48605],[132.53843,34.48591],[132.5383,34.48577],[132.53815,34.48559],[132.53808,34.48548],[132.53804,34.48544],[132.53801,34.48541],[132.53782,34.4854],[132.53772,34.48539],[132.53771,34.48539],[132.53765,34.48538],[132.53758,34.48531],[132.5375,34.48521],[132.53743,34.48516],[132.53726,34.48511],[132.53714,34.48504],[132.53707,34.48501],[132.53706,34.485],[132.53696,34.48497],[132.53683,34.48495],[132.53667,34.48493],[132.53648,34.48492],[132.53631,34.48492],[132.53622,34.48495],[132.53616,34.48498],[132.53608,34.48497],[132.53601,34.485],[132.53588,34.48502],[132.53581,34.48504],[132.53572,34.48503],[132.53562,34.48504],[132.53554,34.48502],[132.53548,34.48503],[132.53538,34.48503],[132.53524,34.48507],[132.53513,34.4851],[132.53501,34.48504],[132.53483,34.48498],[132.53495,34.48496],[132.53499,34.48491],[132.53503,34.48483],[132.53509,34.48473],[132.53522,34.48464],[132.53527,34.48456],[132.53527,34.48435],[132.53526,34.48416],[132.53527,34.4841],[132.53531,34.48405],[132.53532,34.48401],[132.53533,34.48393],[132.53532,34.48383],[132.53541,34.48373],[132.53554,34.48367],[132.53554,34.48366],[132.53565,34.48362],[132.53578,34.48359],[132.53599,34.48355],[132.53614,34.48353],[132.5362,34.48352],[132.53637,34.48347],[132.53651,34.48344],[132.53665,34.48342],[132.53675,34.48338],[132.53687,34.48333],[132.5371,34.48327],[132.53735,34.48323],[132.53753,34.48321],[132.53773,34.48316],[132.53787,34.48313],[132.53806,34.48313],[132.53819,34.48315],[132.53838,34.48311],[132.53841,34.4831],[132.53864,34.48305],[132.53901,34.483],[132.53921,34.48297],[132.5394,34.48297],[132.53961,34.48296],[132.53978,34.48293],[132.53988,34.48292],[132.53993,34.48295],[132.54,34.48298],[132.54003,34.48299],[132.5401,34.48302],[132.54024,34.483],[132.54146,34.48237],[132.54155,34.48233],[132.54208,34.48208],[132.54246,34.48189],[132.5427,34.48173],[132.54316,34.48147],[132.54284,34.48067],[132.5422,34.48085],[132.54115,34.4812],[132.53997,34.48155],[132.53978,34.48161],[132.53922,34.48178],[132.5388,34.48192],[132.53882,34.48207],[132.53859,34.48212],[132.53807,34.48225],[132.53766,34.48238],[132.53729,34.4825],[132.53696,34.4826],[132.53653,34.48273],[132.53622,34.48283],[132.53587,34.48293],[132.53555,34.48298],[132.53531,34.483],[132.53497,34.48302],[132.53457,34.48305],[132.53441,34.48306],[132.53422,34.48308],[132.53379,34.48312],[132.53349,34.48319],[132.53302,34.4833],[132.53257,34.48343],[132.53256,34.48343],[132.53236,34.48349],[132.53207,34.48357],[132.53183,34.48376],[132.53158,34.484],[132.53147,34.48414],[132.53138,34.48426],[132.53118,34.48461],[132.53105,34.4849],[132.53103,34.48493],[132.53094,34.48519],[132.53101,34.4852],[132.53102,34.4852],[132.53107,34.48542],[132.53105,34.48567],[132.53102,34.48592],[132.53094,34.48632],[132.53084,34.48673],[132.53074,34.48708],[132.53062,34.48746],[132.53061,34.48748],[132.53054,34.48764],[132.5305,34.48777],[132.53037,34.48809],[132.53029,34.48829],[132.53019,34.48856],[132.53008,34.48885],[132.52991,34.48919],[132.53081,34.4894],[132.53097,34.48944],[132.531,34.48952],[132.53128,34.48946],[132.53129,34.48932],[132.53124,34.48923],[132.53105,34.48917],[132.53113,34.48906],[132.53117,34.48897],[132.53124,34.48863]]]}},{"type":"Feature","properties":{"name":"深川五丁目","setai":284,"jinko":671,"key":"34106726005","units":1},"geometry":{"type":"Polygon","coordinates":[[[132.52903,34.48607],[132.5291,34.48606],[132.5291,34.48606],[132.5293,34.48602],[132.52949,34.48597],[132.52964,34.48591],[132.52965,34.4859],[132.52975,34.48586],[132.52988,34.48579],[132.52997,34.4857],[132.53004,34.4856],[132.5301,34.48548],[132.53018,34.48529],[132.53021,34.48521],[132.53026,34.48515],[132.53035,34.48508],[132.53094,34.48518],[132.53094,34.48519],[132.53103,34.48493],[132.53105,34.4849],[132.53118,34.48461],[132.53138,34.48426],[132.53147,34.48414],[132.53158,34.484],[132.53183,34.48376],[132.53207,34.48357],[132.53236,34.48349],[132.53256,34.48343],[132.53257,34.48343],[132.53302,34.4833],[132.53349,34.48319],[132.53379,34.48312],[132.53422,34.48308],[132.53441,34.48306],[132.53457,34.48305],[132.53497,34.48302],[132.53531,34.483],[132.53555,34.48298],[132.53587,34.48293],[132.53622,34.48283],[132.53653,34.48273],[132.53696,34.4826],[132.53729,34.4825],[132.53766,34.48238],[132.53807,34.48225],[132.53792,34.48202],[132.53776,34.4818],[132.53772,34.4818],[132.53739,34.48197],[132.53721,34.48208],[132.53699,34.48218],[132.53682,34.48227],[132.53669,34.48232],[132.53657,34.48236],[132.53643,34.48241],[132.53628,34.48246],[132.53611,34.4825],[132.53598,34.48252],[132.53587,34.48254],[132.53586,34.48254],[132.53573,34.48254],[132.5356,34.48256],[132.53539,34.48257],[132.53519,34.48258],[132.53501,34.48258],[132.5348,34.48259],[132.53457,34.48259],[132.53435,34.4826],[132.53428,34.48238],[132.53422,34.48217],[132.53418,34.48201],[132.53418,34.48199],[132.53415,34.48189],[132.53414,34.48169],[132.53418,34.48156],[132.5342,34.48149],[132.53421,34.48141],[132.53423,34.48125],[132.53423,34.48113],[132.53424,34.48101],[132.53424,34.48097],[132.53426,34.48083],[132.53427,34.4808],[132.53301,34.48088],[132.53292,34.48089],[132.5322,34.48094],[132.5317,34.48098],[132.53137,34.481],[132.5313,34.481],[132.53105,34.48102],[132.53104,34.48102],[132.53085,34.48101],[132.53069,34.48099],[132.53063,34.48098],[132.53055,34.48095],[132.53036,34.48089],[132.53027,34.48084],[132.53023,34.48083],[132.53014,34.48077],[132.53001,34.48069],[132.52987,34.48059],[132.52982,34.48055],[132.52974,34.48048],[132.52971,34.48045],[132.52965,34.48038],[132.5294,34.48011],[132.52877,34.47944],[132.5287,34.47938],[132.52859,34.47927],[132.52849,34.47919],[132.5284,34.47913],[132.52837,34.4791],[132.5278,34.47864],[132.52773,34.47869],[132.52777,34.4788],[132.52777,34.47892],[132.52775,34.47906],[132.52774,34.4791],[132.52772,34.47917],[132.52769,34.47927],[132.52768,34.47933],[132.5277,34.47941],[132.5277,34.47942],[132.52771,34.47951],[132.52774,34.47962],[132.52777,34.47969],[132.5278,34.47975],[132.52785,34.47979],[132.5279,34.47981],[132.52791,34.47981],[132.52793,34.47981],[132.52794,34.47982],[132.52804,34.47983],[132.52813,34.47985],[132.52824,34.47991],[132.52824,34.47991],[132.52824,34.47992],[132.52825,34.47997],[132.52827,34.48006],[132.52844,34.48023],[132.52842,34.48024],[132.52829,34.48041],[132.52819,34.48049],[132.52814,34.4805],[132.52812,34.4805],[132.52811,34.4805],[132.5279,34.48049],[132.52764,34.48047],[132.52737,34.48044],[132.52736,34.48044],[132.52713,34.48045],[132.52705,34.48047],[132.52699,34.48049],[132.52696,34.48053],[132.52691,34.48071],[132.52693,34.48103],[132.52693,34.48108],[132.52692,34.48118],[132.52693,34.48128],[132.52694,34.48132],[132.52696,34.48136],[132.52694,34.48143],[132.5269,34.4815],[132.52689,34.48151],[132.52685,34.48157],[132.52684,34.48158],[132.5268,34.48166],[132.52682,34.48168],[132.52685,34.4817],[132.5269,34.48176],[132.52693,34.48183],[132.52691,34.48188],[132.52685,34.48193],[132.52679,34.48198],[132.52674,34.48203],[132.5267,34.48209],[132.5267,34.48214],[132.52673,34.48218],[132.52678,34.48218],[132.5268,34.48218],[132.52688,34.48217],[132.52696,34.48216],[132.52701,34.48216],[132.52706,34.48218],[132.52707,34.48223],[132.52707,34.4823],[132.52709,34.48232],[132.52712,34.48237],[132.52717,34.48242],[132.52724,34.48247],[132.52726,34.48249],[132.52728,34.48251],[132.52728,34.48253],[132.52728,34.48254],[132.52722,34.48255],[132.52721,34.48255],[132.52721,34.48255],[132.5271,34.48252],[132.527,34.48249],[132.5269,34.48248],[132.52684,34.48249],[132.52681,34.48251],[132.52681,34.48257],[132.52683,34.48264],[132.52689,34.48266],[132.52689,34.48268],[132.52698,34.48269],[132.52701,34.48271],[132.52712,34.48276],[132.52719,34.4828],[132.52724,34.48286],[132.52727,34.48292],[132.52724,34.48299],[132.52717,34.48308],[132.52712,34.48314],[132.52704,34.48321],[132.52705,34.48322],[132.52726,34.48343],[132.52748,34.48331],[132.52764,34.48321],[132.52782,34.4835],[132.52742,34.48379],[132.5274,34.48383],[132.5274,34.48387],[132.52742,34.48391],[132.52742,34.48391],[132.52742,34.48392],[132.52745,34.48393],[132.5275,34.48393],[132.5275,34.48393],[132.52751,34.48393],[132.5276,34.48391],[132.52767,34.48386],[132.52777,34.48379],[132.52795,34.48387],[132.52807,34.48393],[132.52809,34.48393],[132.52812,34.48394],[132.52819,34.48394],[132.52828,34.48392],[132.52838,34.48396],[132.52848,34.48397],[132.52849,34.48397],[132.52864,34.48401],[132.5287,34.48406],[132.52876,34.48411],[132.52883,34.48417],[132.52885,34.48426],[132.52885,34.48431],[132.52882,34.48437],[132.5288,34.48443],[132.52882,34.48449],[132.52888,34.48459],[132.52877,34.48462],[132.52869,34.48463],[132.52866,34.48466],[132.52866,34.48467],[132.52865,34.48471],[132.52867,34.48476],[132.52869,34.48479],[132.5287,34.4848],[132.52871,34.4848],[132.52877,34.48483],[132.52886,34.48483],[132.52893,34.48482],[132.52894,34.48485],[132.52899,34.48493],[132.52892,34.48496],[132.52884,34.48498],[132.52879,34.48504],[132.52875,34.4851],[132.52867,34.48516],[132.5286,34.48519],[132.52849,34.48521],[132.52835,34.48525],[132.52836,34.48528],[132.52835,34.48528],[132.5285,34.48551],[132.52852,34.48554],[132.52861,34.48568],[132.52864,34.48573],[132.52873,34.48587],[132.52869,34.48604],[132.52865,34.48618],[132.52861,34.48632],[132.52876,34.48622],[132.52903,34.48607]]]}},{"type":"Feature","properties":{"name":"深川六丁目","setai":537,"jinko":1431,"key":"34106726006","units":1},"geometry":{"type":"Polygon","coordinates":[[[132.53301,34.48088],[132.53427,34.4808],[132.53426,34.48083],[132.53584,34.48074],[132.53608,34.48071],[132.53608,34.48071],[132.53686,34.48062],[132.53713,34.48059],[132.53743,34.48059],[132.53777,34.48056],[132.53822,34.48049],[132.53853,34.48041],[132.53879,34.48019],[132.53898,34.48004],[132.53903,34.48],[132.53921,34.47983],[132.5393,34.47963],[132.5394,34.47945],[132.53942,34.47938],[132.53942,34.47921],[132.5395,34.47907],[132.5395,34.47906],[132.53956,34.47898],[132.5396,34.47886],[132.53958,34.47869],[132.5396,34.47852],[132.53969,34.47832],[132.53975,34.47818],[132.53976,34.47816],[132.53983,34.47801],[132.53986,34.47784],[132.53981,34.47771],[132.53981,34.47771],[132.53978,34.47763],[132.53976,34.47762],[132.53966,34.47754],[132.53948,34.4775],[132.53931,34.47752],[132.53916,34.47755],[132.53904,34.47743],[132.53911,34.47736],[132.53913,34.47736],[132.53917,34.47733],[132.53924,34.47722],[132.5393,34.47713],[132.53936,34.47707],[132.53948,34.47696],[132.5395,34.47694],[132.53984,34.47659],[132.53983,34.47657],[132.53976,34.47648],[132.53958,34.47641],[132.53935,34.47631],[132.5393,34.47629],[132.5393,34.47627],[132.53926,34.47586],[132.53925,34.47575],[132.53934,34.47572],[132.5394,34.47559],[132.53932,34.47538],[132.53926,34.47536],[132.53907,34.47539],[132.53875,34.47547],[132.53866,34.47549],[132.5386,34.47547],[132.53857,34.47537],[132.53825,34.47533],[132.53818,34.47532],[132.53813,34.4753],[132.53796,34.47524],[132.53785,34.4752],[132.53774,34.47517],[132.53767,34.47516],[132.5376,34.47515],[132.53748,34.47504],[132.53743,34.47488],[132.53724,34.47475],[132.53719,34.4747],[132.53699,34.47447],[132.53687,34.47438],[132.53683,34.47434],[132.53684,34.47394],[132.53684,34.47387],[132.53653,34.47403],[132.53642,34.47458],[132.53642,34.47468],[132.53644,34.47478],[132.53644,34.47484],[132.53641,34.47489],[132.53634,34.47494],[132.53631,34.47496],[132.53604,34.4752],[132.53597,34.47528],[132.5359,34.4754],[132.53585,34.47556],[132.53582,34.47569],[132.53582,34.47578],[132.53579,34.47584],[132.53573,34.47589],[132.53567,34.47594],[132.53564,34.47603],[132.53562,34.47615],[132.53561,34.47624],[132.53559,34.47625],[132.53554,34.47629],[132.53543,34.47623],[132.5353,34.47617],[132.53519,34.47611],[132.5351,34.47609],[132.535,34.47614],[132.53504,34.47624],[132.53508,34.47638],[132.53505,34.47653],[132.53499,34.47668],[132.53489,34.47681],[132.53475,34.47686],[132.53454,34.47686],[132.53439,34.47718],[132.53455,34.47732],[132.53463,34.47744],[132.53468,34.47757],[132.5347,34.47773],[132.53466,34.47785],[132.53461,34.4779],[132.53464,34.47805],[132.53442,34.47803],[132.53441,34.47794],[132.5344,34.4779],[132.53432,34.47781],[132.53425,34.47773],[132.5342,34.47752],[132.53376,34.47756],[132.53379,34.47766],[132.53379,34.47774],[132.53379,34.4778],[132.53377,34.47786],[132.53371,34.4779],[132.53363,34.47791],[132.53355,34.47792],[132.53348,34.47794],[132.53343,34.47798],[132.5334,34.47803],[132.53339,34.47809],[132.53341,34.47814],[132.53349,34.47816],[132.53359,34.47817],[132.53346,34.47829],[132.53337,34.4784],[132.53335,34.47843],[132.53331,34.47849],[132.53325,34.4786],[132.53321,34.47868],[132.53323,34.47874],[132.5333,34.47886],[132.53335,34.47895],[132.53335,34.47901],[132.53335,34.47907],[132.53335,34.47908],[132.53334,34.47909],[132.53328,34.47914],[132.53321,34.47917],[132.5332,34.47917],[132.53311,34.47921],[132.53308,34.47923],[132.53303,34.47926],[132.53298,34.47932],[132.53292,34.47936],[132.53291,34.47936],[132.53281,34.47941],[132.53266,34.47947],[132.53249,34.47956],[132.53248,34.47956],[132.5323,34.47967],[132.53215,34.47977],[132.53206,34.47984],[132.53199,34.47987],[132.5319,34.4799],[132.53185,34.47994],[132.53174,34.48002],[132.53155,34.48017],[132.53142,34.48028],[132.53131,34.48036],[132.53129,34.48038],[132.53107,34.48053],[132.53109,34.48052],[132.53118,34.48042],[132.53144,34.48015],[132.53161,34.47995],[132.5317,34.47987],[132.53172,34.47985],[132.53177,34.47979],[132.53179,34.47972],[132.53176,34.47967],[132.53176,34.47966],[132.53175,34.47964],[132.53175,34.47963],[132.53171,34.47956],[132.53168,34.47951],[132.53165,34.47947],[132.53164,34.47946],[132.5316,34.47945],[132.53149,34.47944],[132.53147,34.47944],[132.53138,34.47943],[132.53137,34.47943],[132.53128,34.47942],[132.53124,34.47942],[132.53118,34.47939],[132.53117,34.47939],[132.53113,34.47933],[132.53094,34.47936],[132.53091,34.47939],[132.53088,34.47942],[132.53083,34.47948],[132.53071,34.47957],[132.5307,34.47958],[132.53062,34.47959],[132.53052,34.47959],[132.53041,34.47958],[132.53034,34.47957],[132.53033,34.47957],[132.53032,34.47957],[132.53026,34.47953],[132.53021,34.47949],[132.53017,34.47949],[132.53012,34.47949],[132.53004,34.47948],[132.52998,34.47946],[132.52993,34.4794],[132.52992,34.47938],[132.52991,34.47937],[132.5299,34.47936],[132.52987,34.47933],[132.52984,34.47925],[132.52983,34.47925],[132.52971,34.47925],[132.52969,34.47924],[132.52959,34.47924],[132.52945,34.47922],[132.5294,34.47925],[132.52935,34.47928],[132.52913,34.47922],[132.52881,34.4791],[132.52872,34.47907],[132.52871,34.47885],[132.52868,34.47871],[132.52862,34.47861],[132.52851,34.47847],[132.52826,34.47828],[132.52822,34.47825],[132.52822,34.47824],[132.52821,34.47825],[132.52813,34.47833],[132.52785,34.4786],[132.5278,34.47864],[132.52837,34.4791],[132.5284,34.47913],[132.52849,34.47919],[132.52859,34.47927],[132.5287,34.47938],[132.52877,34.47944],[132.5294,34.48011],[132.52965,34.48038],[132.52971,34.48045],[132.52974,34.48048],[132.52982,34.48055],[132.52987,34.48059],[132.53001,34.48069],[132.53014,34.48077],[132.53023,34.48083],[132.53027,34.48084],[132.53036,34.48089],[132.53055,34.48095],[132.53063,34.48098],[132.53069,34.48099],[132.53085,34.48101],[132.53104,34.48102],[132.53105,34.48102],[132.5313,34.481],[132.53137,34.481],[132.5317,34.48098],[132.5322,34.48094],[132.53292,34.48089],[132.53301,34.48088]]]}},{"type":"Feature","properties":{"name":"深川七丁目","setai":293,"jinko":863,"key":"34106726007","units":1},"geometry":{"type":"Polygon","coordinates":[[[132.53435,34.4826],[132.53457,34.48259],[132.5348,34.48259],[132.53501,34.48258],[132.53519,34.48258],[132.53539,34.48257],[132.5356,34.48256],[132.53573,34.48254],[132.53586,34.48254],[132.53587,34.48254],[132.53598,34.48252],[132.53611,34.4825],[132.53628,34.48246],[132.53643,34.48241],[132.53657,34.48236],[132.53669,34.48232],[132.53682,34.48227],[132.53699,34.48218],[132.53721,34.48208],[132.53739,34.48197],[132.53772,34.4818],[132.53776,34.4818],[132.53792,34.48202],[132.53807,34.48225],[132.53859,34.48212],[132.53882,34.48207],[132.5388,34.48192],[132.53922,34.48178],[132.53978,34.48161],[132.53997,34.48155],[132.54115,34.4812],[132.5422,34.48085],[132.54284,34.48067],[132.54354,34.48047],[132.54423,34.48033],[132.54436,34.48029],[132.54471,34.48019],[132.54475,34.48018],[132.54526,34.48007],[132.54562,34.47997],[132.54599,34.47987],[132.5463,34.47976],[132.5466,34.47964],[132.54689,34.47944],[132.54715,34.47918],[132.54728,34.47904],[132.5474,34.47892],[132.54756,34.47873],[132.5476,34.4787],[132.54775,34.47851],[132.54793,34.47826],[132.54793,34.47825],[132.54807,34.47793],[132.5482,34.4776],[132.54833,34.47725],[132.54849,34.47685],[132.54856,34.47661],[132.54864,34.47632],[132.54871,34.47608],[132.54886,34.47562],[132.54887,34.47559],[132.54836,34.4757],[132.54833,34.47571],[132.54818,34.47575],[132.5478,34.47586],[132.5474,34.47596],[132.54702,34.4761],[132.54694,34.47614],[132.5461,34.47653],[132.54568,34.47675],[132.54537,34.47697],[132.54501,34.47723],[132.54472,34.47739],[132.54452,34.4776],[132.54432,34.47773],[132.54397,34.47787],[132.54392,34.47789],[132.54329,34.47821],[132.54229,34.4787],[132.54181,34.47895],[132.54169,34.479],[132.54167,34.47901],[132.54157,34.47906],[132.54071,34.47949],[132.53994,34.47985],[132.53977,34.47994],[132.53934,34.48014],[132.53912,34.48022],[132.53853,34.48041],[132.53822,34.48049],[132.53777,34.48056],[132.53743,34.48059],[132.53713,34.48059],[132.53686,34.48062],[132.53608,34.48071],[132.53608,34.48071],[132.53584,34.48074],[132.53426,34.48083],[132.53424,34.48097],[132.53424,34.48101],[132.53423,34.48113],[132.53423,34.48125],[132.53421,34.48141],[132.5342,34.48149],[132.53418,34.48156],[132.53414,34.48169],[132.53415,34.48189],[132.53418,34.48199],[132.53418,34.48201],[132.53422,34.48217],[132.53428,34.48238],[132.53435,34.4826]]]}},{"type":"Feature","properties":{"name":"深川八丁目","setai":88,"jinko":274,"key":"34106726008","units":1},"geometry":{"type":"Polygon","coordinates":[[[132.54432,34.47773],[132.54452,34.4776],[132.54472,34.47739],[132.54463,34.47736],[132.54455,34.4773],[132.54447,34.47724],[132.54438,34.47719],[132.54431,34.47719],[132.54423,34.47722],[132.54416,34.47728],[132.54412,34.47733],[132.54409,34.47739],[132.54407,34.47746],[132.54402,34.47753],[132.54387,34.47762],[132.54375,34.47765],[132.54363,34.47763],[132.54349,34.47759],[132.54334,34.4775],[132.54329,34.47738],[132.54334,34.47721],[132.54338,34.47698],[132.54344,34.47669],[132.54342,34.47642],[132.54328,34.47619],[132.54316,34.4761],[132.54301,34.476],[132.5428,34.47599],[132.54266,34.47604],[132.54245,34.47602],[132.54237,34.47599],[132.54227,34.47593],[132.5422,34.47584],[132.54221,34.47569],[132.54227,34.47555],[132.54227,34.47545],[132.54228,34.47528],[132.54222,34.47497],[132.54219,34.47469],[132.5421,34.47451],[132.54197,34.47434],[132.54183,34.47418],[132.54174,34.47406],[132.54155,34.47365],[132.54143,34.47349],[132.54128,34.47325],[132.54121,34.47305],[132.54119,34.47283],[132.54121,34.47256],[132.54125,34.47231],[132.54128,34.47203],[132.54122,34.47179],[132.54122,34.47138],[132.5412,34.4712],[132.54118,34.47103],[132.54123,34.47089],[132.54122,34.47075],[132.54114,34.47058],[132.54093,34.47042],[132.54074,34.47025],[132.5409,34.4701],[132.54109,34.46998],[132.54125,34.46984],[132.54136,34.46971],[132.54136,34.46957],[132.54133,34.4695],[132.54126,34.46948],[132.54115,34.46953],[132.54104,34.46964],[132.54094,34.46974],[132.54087,34.46976],[132.54079,34.46962],[132.54077,34.46944],[132.54077,34.46923],[132.54081,34.46911],[132.54092,34.46899],[132.54112,34.4689],[132.54111,34.4687],[132.54093,34.46866],[132.54083,34.46862],[132.54077,34.46851],[132.54078,34.46831],[132.54082,34.46814],[132.54087,34.46802],[132.54078,34.46796],[132.54069,34.46788],[132.54051,34.46787],[132.54033,34.46782],[132.54013,34.46776],[132.54019,34.46737],[132.54019,34.46716],[132.54012,34.46685],[132.54009,34.4666],[132.54001,34.46658],[132.54003,34.46643],[132.53994,34.46626],[132.53988,34.4662],[132.53982,34.46638],[132.53974,34.46651],[132.53971,34.46655],[132.53964,34.46665],[132.53953,34.46684],[132.5395,34.46688],[132.5394,34.46689],[132.53931,34.46696],[132.53927,34.46701],[132.53933,34.46719],[132.53944,34.46733],[132.53959,34.46747],[132.53971,34.46764],[132.53972,34.46765],[132.53984,34.46783],[132.53986,34.46788],[132.53976,34.46789],[132.53971,34.46789],[132.53967,34.46789],[132.53965,34.46797],[132.53965,34.46802],[132.5395,34.46798],[132.53935,34.46793],[132.53915,34.4679],[132.53905,34.4679],[132.53901,34.46794],[132.5391,34.46801],[132.53925,34.46807],[132.53937,34.46815],[132.53939,34.46829],[132.53939,34.46837],[132.53947,34.46851],[132.53945,34.46867],[132.53943,34.46879],[132.5395,34.46887],[132.53959,34.46895],[132.53963,34.46909],[132.53964,34.46925],[132.53972,34.46944],[132.53974,34.46948],[132.53972,34.46949],[132.53957,34.46965],[132.53932,34.46994],[132.53912,34.47029],[132.5389,34.47052],[132.53861,34.47043],[132.53817,34.4703],[132.53787,34.47028],[132.53759,34.4703],[132.53741,34.47034],[132.53728,34.47033],[132.53705,34.47026],[132.5369,34.47015],[132.53675,34.47007],[132.53667,34.47004],[132.5366,34.47007],[132.53646,34.47024],[132.53652,34.47048],[132.53659,34.47077],[132.53665,34.47099],[132.53678,34.47134],[132.53684,34.47155],[132.53682,34.47165],[132.53676,34.47173],[132.53664,34.47181],[132.53655,34.47187],[132.53643,34.47199],[132.53637,34.4721],[132.53634,34.47223],[132.53649,34.47229],[132.53669,34.47233],[132.53683,34.4724],[132.53696,34.47252],[132.53708,34.47258],[132.53724,34.47257],[132.53738,34.47254],[132.53752,34.47261],[132.53764,34.4727],[132.53771,34.4727],[132.53771,34.47298],[132.53795,34.47283],[132.53816,34.4727],[132.53835,34.4726],[132.53846,34.47252],[132.53859,34.47247],[132.53877,34.47247],[132.53908,34.47253],[132.53932,34.47256],[132.53961,34.47265],[132.53971,34.47278],[132.53974,34.47281],[132.53983,34.47294],[132.53993,34.47301],[132.54008,34.47309],[132.5402,34.47315],[132.54022,34.4733],[132.54021,34.47347],[132.54021,34.47361],[132.54038,34.47385],[132.54061,34.47378],[132.54072,34.4741],[132.54057,34.47416],[132.54065,34.47439],[132.54078,34.47463],[132.54088,34.47489],[132.54098,34.47513],[132.54103,34.47533],[132.54098,34.47554],[132.5409,34.47573],[132.54088,34.4759],[132.54093,34.47609],[132.54102,34.47624],[132.54116,34.47639],[132.54125,34.47647],[132.54149,34.47655],[132.54162,34.47667],[132.54172,34.47675],[132.54182,34.47685],[132.54189,34.47693],[132.54187,34.47703],[132.54175,34.47715],[132.54161,34.47723],[132.5415,34.47727],[132.54135,34.47727],[132.54119,34.47725],[132.541,34.47727],[132.54082,34.47733],[132.54061,34.47741],[132.54047,34.47726],[132.54035,34.47712],[132.54032,34.47706],[132.54023,34.47693],[132.54015,34.47685],[132.54006,34.47678],[132.53998,34.47672],[132.53989,34.47665],[132.53984,34.47659],[132.5395,34.47694],[132.53948,34.47696],[132.53936,34.47707],[132.5393,34.47713],[132.53924,34.47722],[132.53917,34.47733],[132.53913,34.47736],[132.53911,34.47736],[132.53904,34.47743],[132.53916,34.47755],[132.53931,34.47752],[132.53948,34.4775],[132.53966,34.47754],[132.53976,34.47762],[132.53978,34.47763],[132.53981,34.47771],[132.53981,34.47771],[132.53986,34.47784],[132.53983,34.47801],[132.53976,34.47816],[132.53975,34.47818],[132.53969,34.47832],[132.5396,34.47852],[132.53958,34.47869],[132.5396,34.47886],[132.53956,34.47898],[132.5395,34.47906],[132.5395,34.47907],[132.53942,34.47921],[132.53942,34.47938],[132.5394,34.47945],[132.5393,34.47963],[132.53921,34.47983],[132.53903,34.48],[132.53898,34.48004],[132.53879,34.48019],[132.53853,34.48041],[132.53912,34.48022],[132.53934,34.48014],[132.53977,34.47994],[132.53994,34.47985],[132.54071,34.47949],[132.54157,34.47906],[132.54167,34.47901],[132.54169,34.479],[132.54181,34.47895],[132.54229,34.4787],[132.54329,34.47821],[132.54392,34.47789],[132.54397,34.47787],[132.54432,34.47773]]]}},{"type":"Feature","properties":{"name":"深川町","setai":0,"jinko":0,"key":"341067270","units":1},"geometry":{"type":"MultiPolygon","coordinates":[[[[132.54957,34.50591],[132.55004,34.50507],[132.55007,34.50503],[132.55007,34.50503],[132.55136,34.50544],[132.55195,34.50576],[132.55233,34.50607],[132.55271,34.50618],[132.55325,34.50597],[132.5539,34.5056],[132.55484,34.50583],[132.5557,34.50587],[132.55641,34.50576],[132.55673,34.50561],[132.55686,34.50555],[132.55731,34.50496],[132.55776,34.50428],[132.55769,34.50316],[132.55763,34.50293],[132.55755,34.50262],[132.55745,34.5023],[132.55737,34.502],[132.55719,34.5009],[132.55719,34.49971],[132.55759,34.49856],[132.55776,34.49818],[132.55811,34.49753],[132.55747,34.49747],[132.55645,34.49736],[132.55539,34.49718],[132.55427,34.49676],[132.55348,34.4964],[132.5532,34.49608],[132.5531,34.4958],[132.55288,34.49334],[132.55302,34.49186],[132.55361,34.48966],[132.55384,34.48867],[132.5541,34.48756],[132.55444,34.48588],[132.55408,34.48457],[132.5537,34.48322],[132.55339,34.48216],[132.55325,34.48162],[132.55307,34.48089],[132.55142,34.48029],[132.55044,34.47975],[132.54994,34.47947],[132.54922,34.47904],[132.54892,34.47886],[132.54814,34.47803],[132.54793,34.47825],[132.54793,34.47826],[132.54775,34.47851],[132.5476,34.4787],[132.54756,34.47873],[132.5474,34.47892],[132.54728,34.47904],[132.54715,34.47918],[132.54689,34.47944],[132.5466,34.47964],[132.5463,34.47976],[132.54599,34.47987],[132.54562,34.47997],[132.54526,34.48007],[132.54475,34.48018],[132.54471,34.48019],[132.54436,34.48029],[132.54423,34.48033],[132.54354,34.48047],[132.54284,34.48067],[132.54316,34.48147],[132.5427,34.48173],[132.54246,34.48189],[132.54208,34.48208],[132.54155,34.48233],[132.54146,34.48237],[132.54024,34.483],[132.5401,34.48302],[132.54003,34.48299],[132.54,34.48298],[132.53993,34.48295],[132.53988,34.48292],[132.53978,34.48293],[132.53961,34.48296],[132.5394,34.48297],[132.53921,34.48297],[132.53901,34.483],[132.53864,34.48305],[132.53841,34.4831],[132.53838,34.48311],[132.53819,34.48315],[132.53806,34.48313],[132.53787,34.48313],[132.53773,34.48316],[132.53753,34.48321],[132.53735,34.48323],[132.5371,34.48327],[132.53687,34.48333],[132.53675,34.48338],[132.53665,34.48342],[132.53651,34.48344],[132.53637,34.48347],[132.5362,34.48352],[132.53614,34.48353],[132.53599,34.48355],[132.53578,34.48359],[132.53565,34.48362],[132.53554,34.48366],[132.53554,34.48367],[132.53541,34.48373],[132.53532,34.48383],[132.53533,34.48393],[132.53532,34.48401],[132.53531,34.48405],[132.53527,34.4841],[132.53526,34.48416],[132.53527,34.48435],[132.53527,34.48456],[132.53522,34.48464],[132.53509,34.48473],[132.53503,34.48483],[132.53499,34.48491],[132.53495,34.48496],[132.53483,34.48498],[132.53501,34.48504],[132.53513,34.4851],[132.53524,34.48507],[132.53538,34.48503],[132.53548,34.48503],[132.53554,34.48502],[132.53562,34.48504],[132.53572,34.48503],[132.53581,34.48504],[132.53588,34.48502],[132.53601,34.485],[132.53608,34.48497],[132.53616,34.48498],[132.53622,34.48495],[132.53631,34.48492],[132.53648,34.48492],[132.53667,34.48493],[132.53683,34.48495],[132.53696,34.48497],[132.53706,34.485],[132.53707,34.48501],[132.53714,34.48504],[132.53726,34.48511],[132.53743,34.48516],[132.5375,34.48521],[132.53758,34.48531],[132.53765,34.48538],[132.53771,34.48539],[132.53772,34.48539],[132.53782,34.4854],[132.53801,34.48541],[132.53804,34.48544],[132.53808,34.48548],[132.53815,34.48559],[132.5383,34.48577],[132.53843,34.48591],[132.53852,34.48605],[132.53851,34.48608],[132.53835,34.48609],[132.53823,34.48611],[132.53813,34.48613],[132.53802,34.48616],[132.53792,34.48621],[132.53809,34.4863],[132.53812,34.48633],[132.53811,34.48635],[132.53801,34.48641],[132.53784,34.48648],[132.53765,34.48652],[132.53751,34.48656],[132.53743,34.48661],[132.53732,34.48665],[132.5372,34.48665],[132.53706,34.4866],[132.53698,34.48655],[132.53691,34.48648],[132.53688,34.48641],[132.53681,34.48633],[132.53674,34.4863],[132.5366,34.48626],[132.53649,34.48625],[132.53636,34.48632],[132.53615,34.48624],[132.53603,34.48618],[132.53574,34.48629],[132.53542,34.48638],[132.53515,34.48643],[132.53502,34.48648],[132.53499,34.4865],[132.53501,34.48653],[132.53492,34.48656],[132.53497,34.48667],[132.53489,34.4867],[132.53475,34.48677],[132.53468,34.48677],[132.53458,34.48678],[132.5345,34.48664],[132.53441,34.48655],[132.53436,34.48657],[132.53425,34.48661],[132.53428,34.48669],[132.53419,34.48671],[132.53403,34.48674],[132.53404,34.48684],[132.53404,34.48704],[132.53406,34.48713],[132.53418,34.48739],[132.53441,34.4878],[132.5345,34.48793],[132.53444,34.48801],[132.53437,34.4882],[132.53437,34.4882],[132.53423,34.48814],[132.5341,34.488],[132.53393,34.48776],[132.53383,34.48769],[132.53376,34.48774],[132.53367,34.48781],[132.53353,34.48785],[132.53344,34.48783],[132.53337,34.4878],[132.53324,34.48774],[132.53306,34.48764],[132.5329,34.48755],[132.5329,34.48754],[132.53289,34.48754],[132.53279,34.48751],[132.5327,34.48752],[132.5326,34.48754],[132.53253,34.48756],[132.5325,34.48757],[132.5324,34.48757],[132.53227,34.48754],[132.53213,34.48751],[132.53202,34.4875],[132.53196,34.48752],[132.53189,34.48758],[132.5318,34.4877],[132.53162,34.48794],[132.53169,34.488],[132.5316,34.48817],[132.53147,34.48837],[132.53139,34.48835],[132.53131,34.48833],[132.53124,34.48863],[132.53117,34.48897],[132.53113,34.48906],[132.53105,34.48917],[132.53124,34.48923],[132.53129,34.48932],[132.53128,34.48946],[132.531,34.48952],[132.53097,34.48944],[132.53081,34.4894],[132.52991,34.48919],[132.52991,34.48919],[132.52959,34.48952],[132.52947,34.48963],[132.52926,34.48977],[132.52899,34.48994],[132.52897,34.48995],[132.5286,34.49015],[132.52818,34.49036],[132.52779,34.49052],[132.52762,34.4906],[132.52783,34.49082],[132.52787,34.49086],[132.52782,34.49095],[132.5277,34.49116],[132.52749,34.49133],[132.52749,34.49133],[132.52739,34.49144],[132.52729,34.49152],[132.52722,34.49154],[132.52731,34.49171],[132.52751,34.49155],[132.52759,34.4916],[132.5276,34.49164],[132.52758,34.49167],[132.52792,34.49193],[132.52789,34.492],[132.52797,34.49203],[132.52813,34.49209],[132.52827,34.49218],[132.5284,34.49223],[132.52851,34.49228],[132.52862,34.49234],[132.52862,34.49236],[132.52861,34.49242],[132.5285,34.49248],[132.52839,34.49248],[132.52831,34.49247],[132.52827,34.49246],[132.52811,34.49244],[132.52797,34.49242],[132.52781,34.49241],[132.52761,34.49238],[132.52743,34.49232],[132.52728,34.49224],[132.52727,34.49224],[132.52721,34.4923],[132.52708,34.49225],[132.52695,34.49217],[132.52674,34.49206],[132.52663,34.492],[132.52656,34.49197],[132.52648,34.49199],[132.52639,34.49201],[132.52626,34.49206],[132.52624,34.49207],[132.526,34.49216],[132.5257,34.49231],[132.5255,34.49246],[132.52536,34.49253],[132.52536,34.49254],[132.52518,34.49261],[132.52509,34.49265],[132.52498,34.49272],[132.52497,34.49294],[132.52479,34.493],[132.52477,34.49301],[132.52466,34.49305],[132.52477,34.4934],[132.5248,34.49342],[132.52479,34.49347],[132.5248,34.49349],[132.52492,34.49376],[132.52494,34.49379],[132.525,34.49388],[132.52503,34.49393],[132.52507,34.49397],[132.52509,34.49406],[132.52515,34.49417],[132.52517,34.4942],[132.52531,34.4944],[132.52536,34.49446],[132.52554,34.49475],[132.52551,34.49477],[132.52549,34.49478],[132.52521,34.49488],[132.52492,34.49501],[132.52447,34.49517],[132.52433,34.49515],[132.52423,34.49511],[132.52411,34.49504],[132.52404,34.49497],[132.52402,34.49494],[132.52401,34.49493],[132.52394,34.49492],[132.52378,34.49488],[132.52365,34.49482],[132.52349,34.49474],[132.52336,34.49468],[132.5232,34.4946],[132.52304,34.49455],[132.52292,34.49452],[132.52276,34.49445],[132.52269,34.49443],[132.52266,34.49442],[132.52256,34.49435],[132.52254,34.49432],[132.52252,34.4943],[132.52246,34.49423],[132.5224,34.49419],[132.52234,34.49414],[132.52222,34.49404],[132.5222,34.49403],[132.52213,34.494],[132.52205,34.49397],[132.52196,34.49395],[132.52178,34.49393],[132.52175,34.49394],[132.5217,34.49395],[132.52163,34.49398],[132.52156,34.49403],[132.52148,34.49407],[132.52131,34.49415],[132.52091,34.49441],[132.52085,34.49448],[132.52078,34.49453],[132.52066,34.49458],[132.52054,34.49463],[132.52053,34.49463],[132.52042,34.49462],[132.52054,34.49476],[132.52081,34.49475],[132.52098,34.4948],[132.52117,34.49478],[132.52122,34.49476],[132.5214,34.49462],[132.52164,34.49472],[132.52187,34.49484],[132.52213,34.49494],[132.52236,34.49503],[132.52214,34.49531],[132.5219,34.49522],[132.52165,34.49509],[132.52147,34.495],[132.52145,34.49495],[132.52141,34.49488],[132.52125,34.49483],[132.52096,34.49483],[132.52078,34.49483],[132.52082,34.4949],[132.52083,34.49497],[132.5208,34.495],[132.52065,34.49505],[132.52053,34.49511],[132.52052,34.49514],[132.52049,34.49517],[132.52044,34.49521],[132.5204,34.49526],[132.52036,34.49531],[132.52033,34.49535],[132.5202,34.49542],[132.52014,34.49544],[132.52005,34.49549],[132.51995,34.49553],[132.51987,34.4956],[132.51979,34.49568],[132.51972,34.49576],[132.5196,34.49588],[132.51948,34.49599],[132.51935,34.49612],[132.51922,34.49625],[132.51916,34.4964],[132.51916,34.49646],[132.51915,34.49656],[132.51918,34.49672],[132.51921,34.49695],[132.51927,34.49708],[132.51941,34.4974],[132.5245,34.49738],[132.52602,34.49737],[132.52598,34.50095],[132.5261,34.50101],[132.52636,34.50111],[132.52655,34.5013],[132.52676,34.50154],[132.527,34.50189],[132.52765,34.50247],[132.5277,34.50252],[132.52821,34.503],[132.52871,34.50344],[132.529,34.50358],[132.5293,34.50374],[132.52956,34.50379],[132.52989,34.5038],[132.53051,34.50387],[132.53101,34.50404],[132.53142,34.50433],[132.53178,34.50464],[132.53218,34.50497],[132.53265,34.50533],[132.53313,34.50582],[132.53376,34.50624],[132.53431,34.50649],[132.53458,34.50659],[132.53485,34.50669],[132.53559,34.5067],[132.53595,34.50669],[132.53627,34.50659],[132.53667,34.50639],[132.53698,34.50613],[132.53747,34.50591],[132.53805,34.50593],[132.53911,34.50596],[132.53974,34.50597],[132.53988,34.50598],[132.54002,34.50599],[132.5402,34.50615],[132.54035,34.50643],[132.54065,34.50673],[132.54119,34.50719],[132.5417,34.50759],[132.54229,34.50798],[132.54278,34.50834],[132.54327,34.50868],[132.54378,34.50884],[132.54408,34.5089],[132.54422,34.50893],[132.54462,34.50906],[132.54493,34.50911],[132.54518,34.50908],[132.54544,34.50904],[132.54571,34.50895],[132.54592,34.5088],[132.54619,34.50862],[132.54658,34.50836],[132.54707,34.50807],[132.54756,34.50787],[132.54816,34.50763],[132.54824,34.5076],[132.54826,34.50759],[132.5489,34.50662],[132.54911,34.50645],[132.54957,34.50591]]],[[[132.53376,34.47756],[132.5342,34.47752],[132.53425,34.47773],[132.53432,34.47781],[132.5344,34.4779],[132.53441,34.47794],[132.53442,34.47803],[132.53464,34.47805],[132.53461,34.4779],[132.53466,34.47785],[132.5347,34.47773],[132.53468,34.47757],[132.53463,34.47744],[132.53455,34.47732],[132.53439,34.47718],[132.53454,34.47686],[132.53475,34.47686],[132.53489,34.47681],[132.53499,34.47668],[132.53505,34.47653],[132.53508,34.47638],[132.53504,34.47624],[132.535,34.47614],[132.5351,34.47609],[132.53519,34.47611],[132.5353,34.47617],[132.53543,34.47623],[132.53554,34.47629],[132.53559,34.47625],[132.53561,34.47624],[132.53562,34.47615],[132.53564,34.47603],[132.53567,34.47594],[132.53573,34.47589],[132.53579,34.47584],[132.53582,34.47578],[132.53582,34.47569],[132.53585,34.47556],[132.5359,34.4754],[132.53597,34.47528],[132.53604,34.4752],[132.53631,34.47496],[132.53634,34.47494],[132.53641,34.47489],[132.53644,34.47484],[132.53644,34.47478],[132.53642,34.47468],[132.53642,34.47458],[132.53653,34.47403],[132.53684,34.47387],[132.53684,34.47394],[132.53683,34.47434],[132.53687,34.47438],[132.53699,34.47447],[132.53719,34.4747],[132.53724,34.47475],[132.53743,34.47488],[132.53748,34.47504],[132.5376,34.47515],[132.53767,34.47516],[132.53774,34.47517],[132.53785,34.4752],[132.53796,34.47524],[132.53813,34.4753],[132.53818,34.47532],[132.53825,34.47533],[132.53857,34.47537],[132.5386,34.47547],[132.53866,34.47549],[132.53875,34.47547],[132.53907,34.47539],[132.53926,34.47536],[132.53932,34.47538],[132.5394,34.47559],[132.53934,34.47572],[132.53925,34.47575],[132.53926,34.47586],[132.5393,34.47627],[132.5393,34.47629],[132.53935,34.47631],[132.53958,34.47641],[132.53976,34.47648],[132.53983,34.47657],[132.53984,34.47659],[132.53989,34.47665],[132.53998,34.47672],[132.54006,34.47678],[132.54015,34.47685],[132.54023,34.47693],[132.54032,34.47706],[132.54035,34.47712],[132.54047,34.47726],[132.54061,34.47741],[132.54082,34.47733],[132.541,34.47727],[132.54119,34.47725],[132.54135,34.47727],[132.5415,34.47727],[132.54161,34.47723],[132.54175,34.47715],[132.54187,34.47703],[132.54189,34.47693],[132.54182,34.47685],[132.54172,34.47675],[132.54162,34.47667],[132.54149,34.47655],[132.54125,34.47647],[132.54116,34.47639],[132.54102,34.47624],[132.54093,34.47609],[132.54088,34.4759],[132.5409,34.47573],[132.54098,34.47554],[132.54103,34.47533],[132.54098,34.47513],[132.54088,34.47489],[132.54078,34.47463],[132.54065,34.47439],[132.54057,34.47416],[132.54072,34.4741],[132.54061,34.47378],[132.54038,34.47385],[132.54021,34.47361],[132.54021,34.47347],[132.54022,34.4733],[132.5402,34.47315],[132.54008,34.47309],[132.53993,34.47301],[132.53983,34.47294],[132.53974,34.47281],[132.53971,34.47278],[132.53961,34.47265],[132.53932,34.47256],[132.53908,34.47253],[132.53877,34.47247],[132.53859,34.47247],[132.53846,34.47252],[132.53835,34.4726],[132.53816,34.4727],[132.53795,34.47283],[132.53771,34.47298],[132.53771,34.4727],[132.53764,34.4727],[132.53752,34.47261],[132.53738,34.47254],[132.53724,34.47257],[132.53708,34.47258],[132.53696,34.47252],[132.53683,34.4724],[132.53669,34.47233],[132.53649,34.47229],[132.53634,34.47223],[132.53637,34.4721],[132.53643,34.47199],[132.53655,34.47187],[132.53664,34.47181],[132.53676,34.47173],[132.53682,34.47165],[132.53684,34.47155],[132.53678,34.47134],[132.53665,34.47099],[132.53659,34.47077],[132.53652,34.47048],[132.53646,34.47024],[132.5366,34.47007],[132.53667,34.47004],[132.53675,34.47007],[132.5369,34.47015],[132.53705,34.47026],[132.53728,34.47033],[132.53741,34.47034],[132.53759,34.4703],[132.53787,34.47028],[132.53817,34.4703],[132.53861,34.47043],[132.5389,34.47052],[132.53912,34.47029],[132.53932,34.46994],[132.53957,34.46965],[132.53972,34.46949],[132.53974,34.46948],[132.53972,34.46944],[132.53964,34.46925],[132.53963,34.46909],[132.53959,34.46895],[132.5395,34.46887],[132.53943,34.46879],[132.53945,34.46867],[132.53947,34.46851],[132.53939,34.46837],[132.53939,34.46829],[132.53937,34.46815],[132.53925,34.46807],[132.5391,34.46801],[132.53901,34.46794],[132.53905,34.4679],[132.53915,34.4679],[132.53935,34.46793],[132.5395,34.46798],[132.53965,34.46802],[132.53965,34.46797],[132.53967,34.46789],[132.53971,34.46789],[132.53976,34.46789],[132.53986,34.46788],[132.53984,34.46783],[132.53972,34.46765],[132.53971,34.46764],[132.53959,34.46747],[132.53944,34.46733],[132.53933,34.46719],[132.53927,34.46701],[132.53931,34.46696],[132.5394,34.46689],[132.5395,34.46688],[132.53953,34.46684],[132.53964,34.46665],[132.53971,34.46655],[132.53974,34.46651],[132.53982,34.46638],[132.53988,34.4662],[132.53994,34.46626],[132.54003,34.46643],[132.54001,34.46658],[132.54009,34.4666],[132.54012,34.46685],[132.54019,34.46716],[132.54019,34.46737],[132.54013,34.46776],[132.54033,34.46782],[132.54051,34.46787],[132.54069,34.46788],[132.54078,34.46796],[132.54087,34.46802],[132.54082,34.46814],[132.54078,34.46831],[132.54077,34.46851],[132.54083,34.46862],[132.54093,34.46866],[132.54111,34.4687],[132.54112,34.4689],[132.54092,34.46899],[132.54081,34.46911],[132.54077,34.46923],[132.54077,34.46944],[132.54079,34.46962],[132.54087,34.46976],[132.54094,34.46974],[132.54104,34.46964],[132.54115,34.46953],[132.54126,34.46948],[132.54133,34.4695],[132.54136,34.46957],[132.54136,34.46971],[132.54125,34.46984],[132.54109,34.46998],[132.5409,34.4701],[132.54074,34.47025],[132.54093,34.47042],[132.54114,34.47058],[132.54122,34.47075],[132.54123,34.47089],[132.54118,34.47103],[132.5412,34.4712],[132.54122,34.47138],[132.54122,34.47179],[132.54128,34.47203],[132.54125,34.47231],[132.54121,34.47256],[132.54119,34.47283],[132.54121,34.47305],[132.54128,34.47325],[132.54143,34.47349],[132.54155,34.47365],[132.54174,34.47406],[132.54183,34.47418],[132.54197,34.47434],[132.5421,34.47451],[132.54219,34.47469],[132.54222,34.47497],[132.54228,34.47528],[132.54227,34.47545],[132.54227,34.47555],[132.54221,34.47569],[132.5422,34.47584],[132.54227,34.47593],[132.54237,34.47599],[132.54245,34.47602],[132.54266,34.47604],[132.5428,34.47599],[132.54301,34.476],[132.54316,34.4761],[132.54328,34.47619],[132.54342,34.47642],[132.54344,34.47669],[132.54338,34.47698],[132.54334,34.47721],[132.54329,34.47738],[132.54334,34.4775],[132.54349,34.47759],[132.54363,34.47763],[132.54375,34.47765],[132.54387,34.47762],[132.54402,34.47753],[132.54407,34.47746],[132.54409,34.47739],[132.54412,34.47733],[132.54416,34.47728],[132.54423,34.47722],[132.54431,34.47719],[132.54438,34.47719],[132.54447,34.47724],[132.54455,34.4773],[132.54463,34.47736],[132.54472,34.47739],[132.54501,34.47723],[132.54537,34.47697],[132.54568,34.47675],[132.5461,34.47653],[132.54694,34.47614],[132.54702,34.4761],[132.5474,34.47596],[132.5478,34.47586],[132.54818,34.47575],[132.54792,34.47561],[132.54768,34.47543],[132.54742,34.47518],[132.54711,34.47481],[132.54684,34.47445],[132.54677,34.47423],[132.54677,34.47394],[132.54679,34.47368],[132.54674,34.47339],[132.54681,34.47309],[132.54685,34.47301],[132.54697,34.47278],[132.54707,34.47242],[132.54714,34.47211],[132.54714,34.472],[132.54712,34.47178],[132.54705,34.47144],[132.54701,34.47116],[132.54699,34.47085],[132.54702,34.47054],[132.54705,34.47016],[132.54711,34.46983],[132.54716,34.4696],[132.54717,34.46955],[132.54722,34.46934],[132.54711,34.46891],[132.54699,34.46852],[132.5468,34.46807],[132.5466,34.46748],[132.54632,34.46691],[132.5463,34.46688],[132.54621,34.46668],[132.54594,34.4662],[132.54579,34.46602],[132.54577,34.46572],[132.54587,34.46541],[132.54596,34.46511],[132.54606,34.46469],[132.54619,34.46442],[132.54638,34.4641],[132.54641,34.46403],[132.54649,34.46387],[132.54668,34.46355],[132.5467,34.46352],[132.54687,34.46333],[132.54711,34.46307],[132.54694,34.46302],[132.54663,34.4629],[132.54643,34.46276],[132.54615,34.46263],[132.54593,34.46255],[132.54571,34.46241],[132.54547,34.46229],[132.5452,34.46212],[132.54493,34.46201],[132.5447,34.46191],[132.54467,34.46189],[132.54451,34.46182],[132.54423,34.46171],[132.5441,34.46167],[132.54378,34.46164],[132.54357,34.46168],[132.54341,34.46175],[132.5432,34.46183],[132.54298,34.46195],[132.54282,34.46208],[132.54266,34.46219],[132.54251,34.46223],[132.54243,34.46221],[132.5423,34.46217],[132.54215,34.4621],[132.54199,34.46201],[132.54196,34.46199],[132.5417,34.46185],[132.54149,34.46178],[132.5413,34.4617],[132.54106,34.46164],[132.54083,34.4616],[132.54068,34.46164],[132.54051,34.46175],[132.54043,34.46187],[132.54026,34.46201],[132.54009,34.46212],[132.53992,34.4622],[132.53988,34.46221],[132.53972,34.46224],[132.53969,34.46225],[132.53959,34.46226],[132.53947,34.46223],[132.53945,34.46223],[132.53942,34.46223],[132.53937,34.4623],[132.53941,34.46243],[132.5394,34.46251],[132.5393,34.46247],[132.53917,34.46239],[132.53917,34.46239],[132.53902,34.46229],[132.53898,34.46226],[132.53878,34.46213],[132.53855,34.46204],[132.53827,34.46207],[132.53796,34.46215],[132.53757,34.46223],[132.53727,34.46228],[132.5372,34.4623],[132.53684,34.46236],[132.53652,34.46242],[132.53626,34.46251],[132.53598,34.46266],[132.53579,34.46278],[132.53558,34.46293],[132.53535,34.46304],[132.53513,34.46316],[132.53491,34.46322],[132.53468,34.46319],[132.53462,34.46315],[132.53451,34.46309],[132.53441,34.46298],[132.53428,34.46285],[132.53412,34.46274],[132.53406,34.4627],[132.53395,34.46267],[132.53368,34.46261],[132.53341,34.46252],[132.53338,34.46252],[132.53311,34.46241],[132.53287,34.46224],[132.53269,34.46204],[132.5326,34.4619],[132.53258,34.46188],[132.53248,34.46177],[132.53248,34.46177],[132.53229,34.46186],[132.5322,34.46187],[132.53207,34.46188],[132.53209,34.46193],[132.53205,34.46196],[132.53197,34.46194],[132.53198,34.46203],[132.53199,34.46207],[132.532,34.46214],[132.53204,34.46229],[132.53249,34.46357],[132.5343,34.46765],[132.53462,34.46833],[132.53493,34.46912],[132.53511,34.47005],[132.5352,34.47156],[132.53502,34.47259],[132.5349,34.47313],[132.53477,34.47359],[132.53456,34.47415],[132.5342,34.47489],[132.53344,34.47643],[132.533,34.47743],[132.53284,34.47788],[132.53259,34.47842],[132.53206,34.47906],[132.53164,34.47946],[132.53165,34.47947],[132.53168,34.47951],[132.53171,34.47956],[132.53175,34.47963],[132.53175,34.47964],[132.53176,34.47966],[132.53176,34.47967],[132.53179,34.47972],[132.53177,34.47979],[132.53172,34.47985],[132.5317,34.47987],[132.53161,34.47995],[132.53144,34.48015],[132.53118,34.48042],[132.53109,34.48052],[132.53107,34.48053],[132.53129,34.48038],[132.53131,34.48036],[132.53142,34.48028],[132.53155,34.48017],[132.53174,34.48002],[132.53185,34.47994],[132.5319,34.4799],[132.53199,34.47987],[132.53206,34.47984],[132.53215,34.47977],[132.5323,34.47967],[132.53248,34.47956],[132.53249,34.47956],[132.53266,34.47947],[132.53281,34.47941],[132.53291,34.47936],[132.53292,34.47936],[132.53298,34.47932],[132.53303,34.47926],[132.53308,34.47923],[132.53311,34.47921],[132.5332,34.47917],[132.53321,34.47917],[132.53328,34.47914],[132.53334,34.47909],[132.53335,34.47908],[132.53335,34.47907],[132.53335,34.47901],[132.53335,34.47895],[132.5333,34.47886],[132.53323,34.47874],[132.53321,34.47868],[132.53325,34.4786],[132.53331,34.47849],[132.53335,34.47843],[132.53337,34.4784],[132.53346,34.47829],[132.53359,34.47817],[132.53349,34.47816],[132.53341,34.47814],[132.53339,34.47809],[132.5334,34.47803],[132.53343,34.47798],[132.53348,34.47794],[132.53355,34.47792],[132.53363,34.47791],[132.53371,34.4779],[132.53377,34.47786],[132.53379,34.4778],[132.53379,34.47774],[132.53379,34.47766],[132.53376,34.47756]]]]}},{"type":"Feature","properties":{"name":"上深川町","setai":824,"jinko":1835,"key":"341067280","units":1},"geometry":{"type":"Polygon","coordinates":[[[132.56518,34.48329],[132.56522,34.48277],[132.56497,34.4828],[132.56471,34.4828],[132.56461,34.48265],[132.56465,34.48246],[132.56513,34.48237],[132.56607,34.48236],[132.5674,34.48246],[132.56834,34.48248],[132.56925,34.48252],[132.56926,34.48233],[132.56928,34.48211],[132.56932,34.48198],[132.5694,34.48187],[132.56957,34.48179],[132.56968,34.48174],[132.56968,34.48171],[132.56977,34.4816],[132.57008,34.48125],[132.57057,34.48087],[132.57116,34.48037],[132.57161,34.47996],[132.57202,34.47956],[132.57213,34.47922],[132.57214,34.47896],[132.57214,34.47877],[132.57206,34.47835],[132.572,34.47806],[132.57168,34.4775],[132.57134,34.47685],[132.57126,34.47666],[132.57111,34.47633],[132.57104,34.47583],[132.57104,34.47562],[132.57104,34.47561],[132.57104,34.47561],[132.57083,34.47512],[132.57057,34.47459],[132.57017,34.47409],[132.56975,34.47371],[132.56924,34.47341],[132.56867,34.47319],[132.56786,34.47296],[132.56662,34.4725],[132.56557,34.47214],[132.56417,34.47186],[132.56399,34.47182],[132.56263,34.47144],[132.5622,34.4713],[132.56218,34.47122],[132.56174,34.47114],[132.56116,34.47153],[132.56086,34.47161],[132.56026,34.47179],[132.5598,34.47185],[132.55945,34.47187],[132.55875,34.47189],[132.55857,34.47133],[132.55846,34.47085],[132.55814,34.47034],[132.5577,34.46957],[132.5572,34.46864],[132.55684,34.46794],[132.55662,34.46733],[132.55628,34.46668],[132.55593,34.4661],[132.55554,34.46536],[132.55528,34.46516],[132.55482,34.4649],[132.55396,34.46449],[132.55276,34.46405],[132.55178,34.46378],[132.55135,34.46362],[132.55074,34.46326],[132.55068,34.46334],[132.54981,34.46307],[132.54952,34.46297],[132.54927,34.4629],[132.54905,34.4629],[132.54887,34.46293],[132.54855,34.46299],[132.54827,34.46307],[132.54791,34.4631],[132.5475,34.4631],[132.54735,34.46309],[132.5472,34.46309],[132.54712,34.46307],[132.54711,34.46307],[132.54687,34.46333],[132.5467,34.46352],[132.54668,34.46355],[132.54649,34.46387],[132.54641,34.46403],[132.54638,34.4641],[132.54619,34.46442],[132.54606,34.46469],[132.54596,34.46511],[132.54587,34.46541],[132.54577,34.46572],[132.54579,34.46602],[132.54594,34.4662],[132.54621,34.46668],[132.5463,34.46688],[132.54632,34.46691],[132.5466,34.46748],[132.5468,34.46807],[132.54699,34.46852],[132.54711,34.46891],[132.54722,34.46934],[132.54717,34.46955],[132.54716,34.4696],[132.54711,34.46983],[132.54705,34.47016],[132.54702,34.47054],[132.54699,34.47085],[132.54701,34.47116],[132.54705,34.47144],[132.54712,34.47178],[132.54714,34.472],[132.54714,34.47211],[132.54707,34.47242],[132.54697,34.47278],[132.54685,34.47301],[132.54681,34.47309],[132.54674,34.47339],[132.54679,34.47368],[132.54677,34.47394],[132.54677,34.47423],[132.54684,34.47445],[132.54711,34.47481],[132.54742,34.47518],[132.54768,34.47543],[132.54792,34.47561],[132.54818,34.47575],[132.54833,34.47571],[132.54836,34.4757],[132.54887,34.47559],[132.54886,34.47562],[132.54871,34.47608],[132.54864,34.47632],[132.54856,34.47661],[132.54849,34.47685],[132.54833,34.47725],[132.5482,34.4776],[132.54807,34.47793],[132.54793,34.47825],[132.54814,34.47803],[132.54892,34.47886],[132.54922,34.47904],[132.54994,34.47947],[132.55044,34.47975],[132.55142,34.48029],[132.55307,34.48089],[132.55325,34.48162],[132.55339,34.48216],[132.5537,34.48322],[132.55408,34.48457],[132.55444,34.48588],[132.5541,34.48756],[132.55384,34.48867],[132.55361,34.48966],[132.55302,34.49186],[132.55288,34.49334],[132.5531,34.4958],[132.5532,34.49608],[132.55348,34.4964],[132.55427,34.49676],[132.55539,34.49718],[132.55645,34.49736],[132.55747,34.49747],[132.55811,34.49753],[132.55776,34.49818],[132.55759,34.49856],[132.55719,34.49971],[132.55719,34.5009],[132.55737,34.502],[132.55745,34.5023],[132.55755,34.50262],[132.55763,34.50293],[132.55769,34.50316],[132.55776,34.50428],[132.55731,34.50496],[132.55686,34.50555],[132.55673,34.50561],[132.55712,34.5063],[132.5578,34.50758],[132.55839,34.50859],[132.55869,34.5094],[132.55932,34.51007],[132.56027,34.51048],[132.56101,34.51067],[132.56118,34.51049],[132.56178,34.5099],[132.56229,34.50917],[132.56234,34.50882],[132.56232,34.50856],[132.5626,34.50737],[132.5628,34.50693],[132.56292,34.50656],[132.56307,34.5063],[132.56338,34.50558],[132.56372,34.50483],[132.56402,34.50415],[132.56437,34.50288],[132.56446,34.50207],[132.56445,34.50159],[132.56445,34.50134],[132.56427,34.50052],[132.56397,34.49977],[132.56371,34.49918],[132.56323,34.49829],[132.56274,34.49739],[132.56231,34.49647],[132.5622,34.49599],[132.56222,34.49548],[132.56243,34.49473],[132.56246,34.4946],[132.56294,34.49338],[132.56334,34.49252],[132.56341,34.49234],[132.56357,34.49192],[132.56391,34.49165],[132.56395,34.49159],[132.56457,34.49087],[132.56509,34.49022],[132.56555,34.48956],[132.56555,34.48955],[132.56568,34.48911],[132.56567,34.48868],[132.5656,34.48804],[132.56548,34.48732],[132.56516,34.48624],[132.56503,34.48596],[132.5649,34.48567],[132.56494,34.48517],[132.56511,34.48452],[132.56515,34.48391],[132.56518,34.48329]]]}},{"type":"Feature","properties":{"name":"小河原町","setai":764,"jinko":1799,"key":"341067290","units":1},"geometry":{"type":"Polygon","coordinates":[[[132.57755,34.47124],[132.57765,34.47106],[132.5778,34.47097],[132.57798,34.47075],[132.57799,34.47064],[132.578,34.47052],[132.57803,34.47032],[132.57893,34.46984],[132.57913,34.46973],[132.5795,34.46959],[132.57972,34.46953],[132.58031,34.4693],[132.58047,34.46922],[132.58113,34.46891],[132.58182,34.46868],[132.58255,34.4684],[132.58268,34.46829],[132.58296,34.46808],[132.58357,34.46781],[132.58409,34.46759],[132.58319,34.46742],[132.58317,34.46687],[132.58315,34.46653],[132.58318,34.46624],[132.58324,34.46589],[132.58325,34.46562],[132.5832,34.46541],[132.58317,34.46529],[132.58328,34.46498],[132.58349,34.46462],[132.58349,34.46462],[132.58377,34.46432],[132.58391,34.46391],[132.58391,34.46348],[132.58357,34.4627],[132.58335,34.46219],[132.58317,34.46188],[132.58304,34.46138],[132.58269,34.46065],[132.58209,34.45996],[132.5815,34.45972],[132.5813,34.45949],[132.5813,34.45949],[132.58083,34.45916],[132.58082,34.45915],[132.58133,34.45907],[132.58165,34.45767],[132.58198,34.45687],[132.58243,34.45611],[132.58321,34.45518],[132.58386,34.45452],[132.58442,34.45345],[132.58445,34.4534],[132.58451,34.453],[132.58457,34.45261],[132.58451,34.45226],[132.58439,34.4518],[132.58432,34.45118],[132.58432,34.45109],[132.58445,34.45083],[132.58452,34.4507],[132.58473,34.45012],[132.58488,34.44944],[132.5849,34.44927],[132.58482,34.44872],[132.58445,34.44799],[132.58391,34.4476],[132.58329,34.44714],[132.58246,34.44645],[132.58177,34.44597],[132.5812,34.44579],[132.58085,34.44534],[132.58071,34.44493],[132.58029,34.44444],[132.57989,34.44418],[132.57931,34.44378],[132.57847,34.44338],[132.57804,34.44307],[132.57778,34.44288],[132.57777,34.44288],[132.57703,34.44258],[132.57659,34.44244],[132.57642,34.44228],[132.57636,34.44218],[132.57635,34.44216],[132.57627,34.44186],[132.57623,34.44168],[132.57603,34.4414],[132.5757,34.44095],[132.57522,34.44036],[132.57512,34.44022],[132.57494,34.43993],[132.5748,34.43943],[132.5747,34.43926],[132.57457,34.43904],[132.57455,34.43902],[132.57418,34.43887],[132.57409,34.43883],[132.57368,34.43858],[132.57304,34.43804],[132.57281,34.43773],[132.57254,34.43738],[132.57235,34.43695],[132.57216,34.4367],[132.57213,34.4367],[132.57178,34.43673],[132.57149,34.43705],[132.57097,34.43745],[132.56982,34.43762],[132.56909,34.43794],[132.56876,34.43819],[132.56851,34.43838],[132.56843,34.43844],[132.56821,34.4386],[132.56787,34.4388],[132.56758,34.43889],[132.5674,34.43893],[132.56716,34.43908],[132.56682,34.4394],[132.5666,34.44003],[132.5666,34.44006],[132.56653,34.44058],[132.56601,34.44139],[132.56568,34.44175],[132.56568,34.44178],[132.56558,34.44191],[132.56548,34.44197],[132.56516,34.44232],[132.56515,34.44233],[132.56509,34.44265],[132.56501,34.44293],[132.56501,34.44294],[132.56494,34.44323],[132.56478,34.44361],[132.56462,34.444],[132.56451,34.44434],[132.56451,34.44436],[132.56438,34.44467],[132.56419,34.44502],[132.56396,34.44534],[132.56374,34.44561],[132.5636,34.44582],[132.56358,34.446],[132.56358,34.44616],[132.56355,34.44636],[132.56356,34.44639],[132.56362,34.44653],[132.56364,34.44657],[132.564,34.44727],[132.56444,34.44775],[132.56454,34.44815],[132.56409,34.44866],[132.56389,34.4489],[132.56407,34.44886],[132.56421,34.44884],[132.56429,34.44894],[132.56424,34.44907],[132.56413,34.44923],[132.56397,34.44943],[132.56377,34.44965],[132.5636,34.44986],[132.56334,34.45005],[132.56322,34.45014],[132.56315,34.45019],[132.56305,34.45034],[132.56299,34.45054],[132.56297,34.45073],[132.56296,34.45089],[132.56286,34.45111],[132.56276,34.45132],[132.56272,34.45154],[132.5628,34.45172],[132.56283,34.45187],[132.56264,34.45196],[132.56231,34.45204],[132.56223,34.45205],[132.56119,34.45264],[132.56119,34.45266],[132.56115,34.45283],[132.56113,34.45284],[132.561,34.45293],[132.56082,34.45292],[132.56073,34.45293],[132.56061,34.45295],[132.56041,34.45301],[132.56018,34.45308],[132.55986,34.45317],[132.55953,34.45329],[132.55932,34.45342],[132.55912,34.4536],[132.55902,34.45372],[132.55885,34.45387],[132.55868,34.45404],[132.5585,34.4542],[132.55824,34.45438],[132.558,34.45462],[132.5578,34.45475],[132.55747,34.45481],[132.55735,34.45488],[132.55731,34.4549],[132.55728,34.45491],[132.55722,34.45495],[132.55716,34.45497],[132.55711,34.45499],[132.55709,34.455],[132.55701,34.45503],[132.55699,34.45503],[132.55693,34.45505],[132.55684,34.45507],[132.55678,34.45508],[132.55675,34.45509],[132.55623,34.45528],[132.55598,34.45539],[132.55576,34.45547],[132.55543,34.45559],[132.5554,34.4556],[132.55507,34.45572],[132.55477,34.45583],[132.55473,34.45586],[132.55466,34.45589],[132.55459,34.45591],[132.5545,34.45595],[132.55442,34.45598],[132.55435,34.45601],[132.55428,34.45605],[132.55396,34.4564],[132.55371,34.45673],[132.55359,34.45686],[132.55347,34.457],[132.55343,34.45704],[132.55339,34.45704],[132.55337,34.45706],[132.55332,34.45712],[132.55327,34.4572],[132.55321,34.45726],[132.55315,34.45732],[132.55319,34.45742],[132.55318,34.45749],[132.55316,34.45757],[132.55315,34.45764],[132.5531,34.45766],[132.55306,34.45768],[132.55305,34.45769],[132.553,34.45771],[132.55294,34.45774],[132.55292,34.45774],[132.55286,34.45778],[132.55282,34.45782],[132.55279,34.45786],[132.55278,34.45789],[132.55277,34.4579],[132.55276,34.45796],[132.55274,34.45801],[132.55273,34.45807],[132.55273,34.45812],[132.55275,34.45816],[132.55275,34.45818],[132.55276,34.4582],[132.55275,34.45823],[132.55274,34.45838],[132.55276,34.45838],[132.55281,34.45838],[132.55284,34.45853],[132.55288,34.45873],[132.55297,34.45889],[132.55315,34.45906],[132.55335,34.45919],[132.55346,34.45926],[132.55359,34.45931],[132.55365,34.45934],[132.55314,34.46021],[132.55298,34.46027],[132.55282,34.46037],[132.55269,34.46052],[132.55257,34.46071],[132.55243,34.46096],[132.55182,34.46185],[132.55074,34.46326],[132.55135,34.46362],[132.55178,34.46378],[132.55276,34.46405],[132.55396,34.46449],[132.55482,34.4649],[132.55528,34.46516],[132.55554,34.46536],[132.55593,34.4661],[132.55628,34.46668],[132.55662,34.46733],[132.55684,34.46794],[132.5572,34.46864],[132.5577,34.46957],[132.55814,34.47034],[132.55846,34.47085],[132.55857,34.47133],[132.55875,34.47189],[132.55945,34.47187],[132.5598,34.47185],[132.56026,34.47179],[132.56086,34.47161],[132.56116,34.47153],[132.56174,34.47114],[132.56218,34.47122],[132.5622,34.4713],[132.56263,34.47144],[132.56399,34.47182],[132.56417,34.47186],[132.56557,34.47214],[132.56662,34.4725],[132.56786,34.47296],[132.56867,34.47319],[132.56924,34.47341],[132.56975,34.47371],[132.57017,34.47409],[132.57057,34.47459],[132.57083,34.47512],[132.57104,34.47561],[132.57104,34.47561],[132.5723,34.475],[132.57292,34.47483],[132.57351,34.4745],[132.57396,34.47437],[132.57449,34.47423],[132.57515,34.47394],[132.57517,34.47393],[132.57538,34.4737],[132.57614,34.47356],[132.57655,34.47346],[132.57692,34.47329],[132.57697,34.47293],[132.57701,34.4729],[132.57701,34.47263],[132.57702,34.47225],[132.57709,34.472],[132.57727,34.47176],[132.5775,34.4715],[132.57755,34.47124]]]}},{"type":"Feature","properties":{"name":"狩留家町","setai":455,"jinko":1102,"key":"341067300","units":1},"geometry":{"type":"Polygon","coordinates":[[[132.56706,34.50349],[132.56754,34.50343],[132.56805,34.50346],[132.56837,34.50346],[132.56839,34.50345],[132.56869,34.5032],[132.569,34.50294],[132.5691,34.50239],[132.56932,34.50216],[132.56939,34.50187],[132.56929,34.50135],[132.56899,34.50056],[132.56885,34.49978],[132.56891,34.49916],[132.5689,34.49906],[132.569,34.4986],[132.56912,34.49841],[132.56913,34.49839],[132.56918,34.49831],[132.56934,34.49804],[132.56938,34.49801],[132.56946,34.4979],[132.56994,34.49748],[132.57053,34.49718],[132.57058,34.49715],[132.57066,34.49712],[132.57078,34.49706],[132.57163,34.49673],[132.57176,34.49669],[132.57216,34.49653],[132.57238,34.4965],[132.57248,34.49647],[132.5732,34.49629],[132.57393,34.49613],[132.57473,34.49601],[132.5756,34.49577],[132.57612,34.49542],[132.57642,34.49502],[132.57676,34.49461],[132.57692,34.49448],[132.57722,34.49424],[132.57775,34.49391],[132.57791,34.4938],[132.5783,34.49351],[132.5785,34.49336],[132.57858,34.49334],[132.5786,34.49332],[132.57868,34.49331],[132.57887,34.49325],[132.57908,34.49322],[132.57919,34.4932],[132.57959,34.4931],[132.58026,34.4929],[132.58103,34.49273],[132.58125,34.49267],[132.58177,34.49253],[132.58255,34.49213],[132.58299,34.4921],[132.58317,34.49202],[132.58334,34.49194],[132.58346,34.49179],[132.58357,34.49165],[132.58376,34.49134],[132.58403,34.49114],[132.58445,34.49086],[132.58474,34.49079],[132.58518,34.4906],[132.58567,34.49034],[132.58585,34.49017],[132.58613,34.49005],[132.58655,34.48984],[132.5867,34.48981],[132.58693,34.48976],[132.58755,34.48959],[132.58805,34.48944],[132.58818,34.48925],[132.5883,34.48895],[132.58853,34.48869],[132.589,34.48854],[132.58928,34.48848],[132.58946,34.48844],[132.58957,34.48836],[132.58972,34.48826],[132.59001,34.48797],[132.5903,34.48761],[132.59058,34.48721],[132.59084,34.48702],[132.59121,34.48695],[132.59128,34.48694],[132.59129,34.48693],[132.59177,34.48667],[132.59203,34.48671],[132.5926,34.48684],[132.59287,34.4869],[132.59327,34.48685],[132.59369,34.48658],[132.59391,34.48648],[132.59408,34.48636],[132.59418,34.48633],[132.59451,34.48597],[132.59475,34.48561],[132.59504,34.48512],[132.59517,34.48499],[132.59521,34.48495],[132.59577,34.48485],[132.59663,34.48492],[132.59735,34.48504],[132.59753,34.48506],[132.59777,34.48499],[132.59815,34.48513],[132.59824,34.48516],[132.59898,34.48525],[132.59999,34.48538],[132.60092,34.48555],[132.60143,34.48561],[132.60195,34.48552],[132.60204,34.48522],[132.60202,34.4849],[132.60174,34.48466],[132.60169,34.4846],[132.60168,34.48457],[132.60151,34.48407],[132.60156,34.48372],[132.60163,34.48361],[132.60191,34.48349],[132.60302,34.48287],[132.60437,34.48219],[132.6051,34.48177],[132.60545,34.48156],[132.60563,34.48152],[132.60549,34.48148],[132.6055,34.48145],[132.60554,34.48129],[132.60613,34.48098],[132.60617,34.48081],[132.60653,34.48058],[132.60798,34.47953],[132.60905,34.47884],[132.60928,34.47869],[132.60943,34.47833],[132.6094,34.47816],[132.60938,34.47807],[132.60911,34.47793],[132.60875,34.47774],[132.60878,34.47771],[132.60863,34.47766],[132.60836,34.47757],[132.60808,34.47755],[132.60784,34.47753],[132.60764,34.47749],[132.60746,34.47747],[132.60721,34.47748],[132.60709,34.47746],[132.60681,34.47733],[132.60646,34.47698],[132.60622,34.47667],[132.60593,34.47638],[132.60592,34.47591],[132.60611,34.47534],[132.60634,34.4749],[132.60671,34.47452],[132.60702,34.47426],[132.60702,34.47425],[132.6071,34.47396],[132.60682,34.47348],[132.60635,34.47304],[132.60619,34.47271],[132.60616,34.47231],[132.60609,34.47189],[132.60596,34.47174],[132.6058,34.47157],[132.60536,34.47127],[132.60507,34.47109],[132.60507,34.47109],[132.60504,34.47106],[132.60461,34.47055],[132.60411,34.47002],[132.60401,34.46972],[132.60394,34.46945],[132.60359,34.46929],[132.60356,34.46926],[132.60354,34.46924],[132.60335,34.4689],[132.60289,34.46852],[132.60263,34.46835],[132.60268,34.46784],[132.60276,34.46726],[132.60295,34.46686],[132.60306,34.46655],[132.60288,34.46618],[132.60256,34.46597],[132.6024,34.46565],[132.60246,34.46534],[132.6025,34.46507],[132.60231,34.46495],[132.60229,34.46494],[132.60217,34.46456],[132.60201,34.46421],[132.60188,34.46407],[132.60172,34.46392],[132.60171,34.46391],[132.60169,34.46363],[132.60168,34.46334],[132.60143,34.46293],[132.60106,34.46267],[132.60079,34.46239],[132.60077,34.462],[132.60081,34.46158],[132.60095,34.46138],[132.60095,34.46096],[132.60093,34.46059],[132.60109,34.46039],[132.60148,34.46002],[132.60165,34.45978],[132.60128,34.45881],[132.6009,34.45815],[132.60075,34.45773],[132.6008,34.45756],[132.60064,34.45745],[132.60063,34.45745],[132.60007,34.45707],[132.59912,34.45648],[132.5984,34.45597],[132.59809,34.45573],[132.59778,34.45549],[132.59707,34.45508],[132.59664,34.45485],[132.59633,34.45474],[132.5962,34.45463],[132.59618,34.45461],[132.596,34.45446],[132.59577,34.45405],[132.59552,34.45363],[132.59513,34.45318],[132.59477,34.4531],[132.59454,34.45289],[132.59425,34.45277],[132.59415,34.45252],[132.59398,34.4522],[132.59394,34.45208],[132.59324,34.45155],[132.59306,34.45137],[132.5928,34.45131],[132.59244,34.45128],[132.59218,34.45112],[132.59202,34.4508],[132.59178,34.45064],[132.59136,34.45061],[132.5908,34.45054],[132.59073,34.45051],[132.59029,34.45026],[132.59011,34.4502],[132.58964,34.45004],[132.58964,34.45004],[132.58963,34.45003],[132.58932,34.4493],[132.58895,34.4489],[132.58858,34.44847],[132.58811,34.44812],[132.5877,34.44782],[132.58751,34.44774],[132.5872,34.44761],[132.58716,34.44762],[132.58675,34.4477],[132.58652,34.44782],[132.58613,34.44795],[132.58527,34.44815],[132.58487,34.4481],[132.58445,34.44799],[132.58482,34.44872],[132.5849,34.44927],[132.58488,34.44944],[132.58473,34.45012],[132.58452,34.4507],[132.58445,34.45083],[132.58432,34.45109],[132.58432,34.45118],[132.58439,34.4518],[132.58451,34.45226],[132.58457,34.45261],[132.58451,34.453],[132.58445,34.4534],[132.58442,34.45345],[132.58386,34.45452],[132.58321,34.45518],[132.58243,34.45611],[132.58198,34.45687],[132.58165,34.45767],[132.58133,34.45907],[132.58082,34.45915],[132.58083,34.45916],[132.5813,34.45949],[132.5813,34.45949],[132.5815,34.45972],[132.58209,34.45996],[132.58269,34.46065],[132.58304,34.46138],[132.58317,34.46188],[132.58335,34.46219],[132.58357,34.4627],[132.58391,34.46348],[132.58391,34.46391],[132.58377,34.46432],[132.58349,34.46462],[132.58349,34.46462],[132.58328,34.46498],[132.58317,34.46529],[132.5832,34.46541],[132.58325,34.46562],[132.58324,34.46589],[132.58318,34.46624],[132.58315,34.46653],[132.58317,34.46687],[132.58319,34.46742],[132.58409,34.46759],[132.58357,34.46781],[132.58296,34.46808],[132.58268,34.46829],[132.58255,34.4684],[132.58182,34.46868],[132.58113,34.46891],[132.58047,34.46922],[132.58031,34.4693],[132.57972,34.46953],[132.5795,34.46959],[132.57913,34.46973],[132.57893,34.46984],[132.57803,34.47032],[132.578,34.47052],[132.57799,34.47064],[132.57798,34.47075],[132.5778,34.47097],[132.57765,34.47106],[132.57755,34.47124],[132.5775,34.4715],[132.57727,34.47176],[132.57709,34.472],[132.57702,34.47225],[132.57701,34.47263],[132.57701,34.4729],[132.57697,34.47293],[132.57692,34.47329],[132.57655,34.47346],[132.57614,34.47356],[132.57538,34.4737],[132.57517,34.47393],[132.57515,34.47394],[132.57449,34.47423],[132.57396,34.47437],[132.57351,34.4745],[132.57292,34.47483],[132.5723,34.475],[132.57104,34.47561],[132.57104,34.47562],[132.57104,34.47583],[132.57111,34.47633],[132.57126,34.47666],[132.57134,34.47685],[132.57168,34.4775],[132.572,34.47806],[132.57206,34.47835],[132.57214,34.47877],[132.57214,34.47896],[132.57213,34.47922],[132.57202,34.47956],[132.57161,34.47996],[132.57116,34.48037],[132.57057,34.48087],[132.57008,34.48125],[132.56977,34.4816],[132.56968,34.48171],[132.56968,34.48174],[132.56957,34.48179],[132.5694,34.48187],[132.56932,34.48198],[132.56928,34.48211],[132.56926,34.48233],[132.56925,34.48252],[132.56834,34.48248],[132.5674,34.48246],[132.56607,34.48236],[132.56513,34.48237],[132.56465,34.48246],[132.56461,34.48265],[132.56471,34.4828],[132.56497,34.4828],[132.56522,34.48277],[132.56518,34.48329],[132.56515,34.48391],[132.56511,34.48452],[132.56494,34.48517],[132.5649,34.48567],[132.56503,34.48596],[132.56516,34.48624],[132.56548,34.48732],[132.5656,34.48804],[132.56567,34.48868],[132.56568,34.48911],[132.56555,34.48955],[132.56555,34.48956],[132.56509,34.49022],[132.56457,34.49087],[132.56395,34.49159],[132.56391,34.49165],[132.56357,34.49192],[132.56341,34.49234],[132.56334,34.49252],[132.56294,34.49338],[132.56246,34.4946],[132.56243,34.49473],[132.56222,34.49548],[132.5622,34.49599],[132.56231,34.49647],[132.56274,34.49739],[132.56323,34.49829],[132.56371,34.49918],[132.56397,34.49977],[132.56427,34.50052],[132.56445,34.50134],[132.56445,34.50159],[132.56446,34.50207],[132.56437,34.50288],[132.56402,34.50415],[132.56372,34.50483],[132.56338,34.50558],[132.56307,34.5063],[132.56292,34.50656],[132.5628,34.50693],[132.5626,34.50737],[132.56232,34.50856],[132.56234,34.50882],[132.56229,34.50917],[132.56178,34.5099],[132.56118,34.51049],[132.5615,34.51054],[132.56164,34.51064],[132.56193,34.51042],[132.56235,34.50986],[132.56243,34.50973],[132.56268,34.50929],[132.56281,34.5091],[132.56309,34.50859],[132.56366,34.50806],[132.56389,34.50791],[132.5643,34.50724],[132.56457,34.50691],[132.56479,34.50657],[132.56489,34.50642],[132.56492,34.50635],[132.56517,34.50578],[132.56558,34.50505],[132.56593,34.50445],[132.56671,34.50378],[132.56692,34.50365],[132.56706,34.50349]]]}},{"type":"Feature","properties":{"name":"可部一丁目","setai":528,"jinko":1147,"key":"34106740001","units":1},"geometry":{"type":"Polygon","coordinates":[[[132.50626,34.51661],[132.50641,34.51659],[132.50652,34.51656],[132.50656,34.51655],[132.50685,34.51648],[132.50694,34.51646],[132.50708,34.51642],[132.50725,34.51636],[132.50731,34.51634],[132.50747,34.51628],[132.50778,34.51615],[132.50789,34.51609],[132.508,34.51603],[132.50812,34.51596],[132.50827,34.51587],[132.50839,34.51579],[132.50851,34.51571],[132.5086,34.51563],[132.50868,34.51557],[132.50876,34.51551],[132.50881,34.51546],[132.50886,34.51542],[132.50888,34.51539],[132.50898,34.5153],[132.50904,34.51525],[132.50907,34.51522],[132.50909,34.5152],[132.50922,34.51506],[132.50927,34.515],[132.50933,34.51494],[132.50939,34.51487],[132.50943,34.51482],[132.50948,34.51476],[132.50954,34.51469],[132.50943,34.51435],[132.50941,34.51427],[132.50941,34.51418],[132.50941,34.51409],[132.50942,34.514],[132.50944,34.51391],[132.50947,34.5138],[132.50951,34.51368],[132.50958,34.51351],[132.50959,34.51349],[132.50964,34.51336],[132.50972,34.51315],[132.50973,34.51312],[132.50974,34.51309],[132.50995,34.51258],[132.50999,34.51248],[132.51056,34.51105],[132.50933,34.51129],[132.50928,34.51128],[132.50928,34.51128],[132.50893,34.51121],[132.50846,34.51112],[132.50843,34.51111],[132.50764,34.51095],[132.50626,34.51006],[132.50623,34.51011],[132.50583,34.51062],[132.50562,34.51085],[132.5053,34.51118],[132.50515,34.51133],[132.50486,34.51162],[132.50482,34.51167],[132.50445,34.51203],[132.50418,34.5123],[132.50403,34.51245],[132.50377,34.51269],[132.50369,34.51276],[132.50363,34.51281],[132.50348,34.5129],[132.50277,34.51322],[132.50273,34.51324],[132.5028,34.51335],[132.50318,34.514],[132.50319,34.51403],[132.5032,34.51409],[132.50323,34.51413],[132.50328,34.51421],[132.50331,34.51437],[132.50333,34.51447],[132.50337,34.51452],[132.50353,34.51455],[132.50359,34.51457],[132.50376,34.51468],[132.50389,34.51481],[132.50409,34.5149],[132.50413,34.51494],[132.50423,34.51521],[132.50425,34.51523],[132.50427,34.51526],[132.50431,34.51528],[132.50437,34.51529],[132.50442,34.5153],[132.50472,34.5153],[132.5048,34.51533],[132.50485,34.51537],[132.50488,34.51541],[132.5049,34.51544],[132.50491,34.51549],[132.50494,34.51566],[132.50494,34.51571],[132.50493,34.51574],[132.5049,34.51577],[132.50484,34.51582],[132.50478,34.51587],[132.50477,34.51601],[132.50473,34.51614],[132.50473,34.51617],[132.50473,34.51619],[132.50475,34.51621],[132.50477,34.51622],[132.50492,34.5163],[132.50496,34.51633],[132.50498,34.51635],[132.50505,34.51646],[132.5051,34.51653],[132.50514,34.51657],[132.50518,34.51659],[132.50522,34.5166],[132.50529,34.51661],[132.50535,34.51661],[132.5054,34.5166],[132.50542,34.51661],[132.50542,34.51661],[132.50543,34.51662],[132.50543,34.51663],[132.50544,34.51667],[132.50546,34.51667],[132.50562,34.51666],[132.50626,34.51661]]]}},{"type":"Feature","properties":{"name":"可部二丁目","setai":521,"jinko":1098,"key":"34106740002","units":1},"geometry":{"type":"Polygon","coordinates":[[[132.51325,34.5158],[132.51334,34.51577],[132.51354,34.51622],[132.51379,34.51618],[132.51385,34.51617],[132.51423,34.51611],[132.51425,34.51609],[132.51428,34.5161],[132.5143,34.51611],[132.51464,34.51604],[132.51486,34.516],[132.51481,34.51594],[132.51479,34.51592],[132.51476,34.51587],[132.51476,34.51587],[132.51462,34.51571],[132.5145,34.51558],[132.51439,34.51543],[132.5143,34.5153],[132.51423,34.5152],[132.51421,34.51518],[132.51408,34.51499],[132.51402,34.51491],[132.51398,34.51484],[132.51391,34.51473],[132.51385,34.5146],[132.51378,34.51445],[132.51371,34.51431],[132.51368,34.51424],[132.51362,34.51412],[132.51355,34.51398],[132.51345,34.51381],[132.51339,34.51367],[132.51336,34.51361],[132.51334,34.51356],[132.51327,34.51343],[132.5132,34.51327],[132.51314,34.51312],[132.5131,34.51298],[132.51306,34.51287],[132.513,34.51271],[132.51293,34.51255],[132.51287,34.51237],[132.51286,34.51236],[132.51283,34.51225],[132.513,34.51217],[132.51305,34.51215],[132.51303,34.5121],[132.51299,34.51188],[132.51295,34.51164],[132.51294,34.51155],[132.51292,34.5114],[132.5129,34.51125],[132.5129,34.51107],[132.5129,34.51092],[132.51292,34.51079],[132.51296,34.51069],[132.51302,34.51058],[132.51306,34.51053],[132.51296,34.51049],[132.51267,34.51038],[132.51264,34.51036],[132.51254,34.51033],[132.51239,34.51037],[132.51232,34.51037],[132.51224,34.51036],[132.51223,34.51036],[132.51223,34.51036],[132.51216,34.51039],[132.51197,34.51046],[132.51185,34.51044],[132.51184,34.51051],[132.51174,34.51054],[132.51161,34.51058],[132.51147,34.51061],[132.51135,34.51065],[132.51128,34.51067],[132.51119,34.5107],[132.51116,34.51088],[132.51115,34.51094],[132.51056,34.51105],[132.50999,34.51248],[132.50995,34.51258],[132.50974,34.51309],[132.50973,34.51312],[132.50972,34.51315],[132.50964,34.51336],[132.50959,34.51349],[132.50958,34.51351],[132.50951,34.51368],[132.50947,34.5138],[132.50944,34.51391],[132.50942,34.514],[132.50941,34.51409],[132.50941,34.51418],[132.50941,34.51427],[132.50943,34.51435],[132.50954,34.51469],[132.50971,34.51522],[132.50981,34.51553],[132.50983,34.51559],[132.51009,34.5164],[132.51042,34.51637],[132.51098,34.51632],[132.51165,34.51625],[132.51246,34.51616],[132.51251,34.51615],[132.51263,34.51613],[132.51272,34.51607],[132.51298,34.5159],[132.51325,34.5158]]]}},{"type":"Feature","properties":{"name":"可部三丁目","setai":935,"jinko":2035,"key":"34106740003","units":1},"geometry":{"type":"Polygon","coordinates":[[[132.5144,34.52571],[132.51447,34.5257],[132.51477,34.52565],[132.51477,34.52564],[132.51471,34.52554],[132.51464,34.52542],[132.51459,34.52531],[132.51454,34.5252],[132.51448,34.52507],[132.51443,34.52494],[132.51442,34.52493],[132.5144,34.52487],[132.51436,34.52477],[132.51434,34.52472],[132.5143,34.52462],[132.51426,34.52446],[132.51424,34.52437],[132.51423,34.52429],[132.51421,34.52415],[132.5142,34.52402],[132.5142,34.52392],[132.5142,34.5238],[132.51421,34.52369],[132.51423,34.52358],[132.51425,34.52345],[132.51416,34.52345],[132.51419,34.52338],[132.51428,34.52315],[132.5143,34.52307],[132.51434,34.52296],[132.51437,34.52287],[132.51441,34.52279],[132.51443,34.52271],[132.51447,34.52261],[132.51452,34.5225],[132.51455,34.52242],[132.51459,34.52232],[132.51464,34.52218],[132.51466,34.52215],[132.51468,34.52208],[132.51471,34.522],[132.51475,34.5219],[132.51475,34.52189],[132.51475,34.52188],[132.51477,34.52181],[132.51484,34.52164],[132.51489,34.52151],[132.51493,34.5214],[132.51498,34.52129],[132.51505,34.52115],[132.51507,34.52112],[132.51509,34.52106],[132.51516,34.5209],[132.51525,34.52067],[132.51532,34.52053],[132.51537,34.52042],[132.51538,34.5204],[132.51538,34.52039],[132.51543,34.52028],[132.51549,34.52016],[132.5155,34.52014],[132.51553,34.52006],[132.51556,34.51997],[132.51557,34.51996],[132.5156,34.5199],[132.51562,34.51978],[132.51565,34.51968],[132.51567,34.51958],[132.51568,34.51949],[132.51568,34.51939],[132.51568,34.51932],[132.51568,34.51927],[132.51568,34.51922],[132.51568,34.51914],[132.51568,34.51904],[132.51567,34.51895],[132.51566,34.51887],[132.51566,34.51885],[132.51566,34.51884],[132.51565,34.51869],[132.51563,34.51857],[132.51561,34.51844],[132.5156,34.51831],[132.51559,34.51829],[132.51558,34.51824],[132.51558,34.51822],[132.51557,34.51814],[132.51554,34.51798],[132.51551,34.51784],[132.51548,34.51769],[132.51546,34.51755],[132.51543,34.51741],[132.51542,34.51737],[132.51542,34.51728],[132.51541,34.5172],[132.51541,34.51719],[132.51539,34.51707],[132.51536,34.51687],[132.51531,34.51668],[132.51527,34.51657],[132.51524,34.51649],[132.5152,34.51642],[132.51513,34.51632],[132.51511,34.5163],[132.51502,34.51619],[132.51494,34.51609],[132.51489,34.51603],[132.51486,34.516],[132.51464,34.51604],[132.5143,34.51611],[132.51428,34.5161],[132.51425,34.51609],[132.51423,34.51611],[132.51385,34.51617],[132.51379,34.51618],[132.51354,34.51622],[132.51334,34.51577],[132.51325,34.5158],[132.51298,34.5159],[132.51272,34.51607],[132.51263,34.51613],[132.51251,34.51615],[132.51246,34.51616],[132.51165,34.51625],[132.51098,34.51632],[132.51042,34.51637],[132.51009,34.5164],[132.51009,34.5164],[132.51048,34.51729],[132.51051,34.51734],[132.51093,34.51828],[132.51095,34.51831],[132.51144,34.5194],[132.51144,34.51941],[132.51155,34.51965],[132.51162,34.5198],[132.51175,34.5201],[132.51189,34.52039],[132.51223,34.52116],[132.51258,34.52206],[132.51258,34.52208],[132.51259,34.5221],[132.51266,34.52239],[132.51269,34.52246],[132.51315,34.52369],[132.51315,34.52371],[132.51316,34.52373],[132.51343,34.52449],[132.51359,34.52489],[132.51387,34.52566],[132.51389,34.52571],[132.51395,34.5257],[132.5144,34.52571]]]}},{"type":"Feature","properties":{"name":"可部四丁目","setai":353,"jinko":728,"key":"34106740004","units":1},"geometry":{"type":"Polygon","coordinates":[[[132.50971,34.51522],[132.50954,34.51469],[132.50948,34.51476],[132.50943,34.51482],[132.50939,34.51487],[132.50933,34.51494],[132.50927,34.515],[132.50922,34.51506],[132.50909,34.5152],[132.50907,34.51522],[132.50904,34.51525],[132.50898,34.5153],[132.50888,34.51539],[132.50886,34.51542],[132.50881,34.51546],[132.50876,34.51551],[132.50868,34.51557],[132.5086,34.51563],[132.50851,34.51571],[132.50839,34.51579],[132.50827,34.51587],[132.50812,34.51596],[132.508,34.51603],[132.50789,34.51609],[132.50778,34.51615],[132.50747,34.51628],[132.50731,34.51634],[132.50725,34.51636],[132.50708,34.51642],[132.50694,34.51646],[132.50685,34.51648],[132.50656,34.51655],[132.50652,34.51656],[132.50641,34.51659],[132.50626,34.51661],[132.50562,34.51666],[132.50546,34.51667],[132.50544,34.51667],[132.50545,34.51674],[132.50546,34.51678],[132.50549,34.51685],[132.50554,34.51696],[132.50555,34.51698],[132.50562,34.51706],[132.50567,34.51711],[132.50572,34.51717],[132.50573,34.51719],[132.50574,34.5172],[132.50577,34.51725],[132.50579,34.51731],[132.50585,34.51755],[132.50587,34.51764],[132.50588,34.51774],[132.5059,34.5178],[132.50594,34.51786],[132.506,34.51793],[132.50602,34.51799],[132.50604,34.51806],[132.50604,34.51812],[132.50604,34.51814],[132.50603,34.51818],[132.50602,34.51824],[132.50602,34.51828],[132.50609,34.51851],[132.5061,34.51854],[132.50614,34.5186],[132.50615,34.51862],[132.50616,34.51864],[132.50618,34.51884],[132.50622,34.51898],[132.50623,34.519],[132.50627,34.51917],[132.50627,34.5192],[132.50633,34.5194],[132.50638,34.5195],[132.50646,34.51959],[132.50654,34.51969],[132.50671,34.51987],[132.50677,34.51996],[132.50739,34.51989],[132.50791,34.51983],[132.5086,34.51975],[132.50968,34.51962],[132.50972,34.51961],[132.5107,34.51949],[132.51144,34.51941],[132.51144,34.5194],[132.51095,34.51831],[132.51093,34.51828],[132.51051,34.51734],[132.51048,34.51729],[132.51009,34.5164],[132.51009,34.5164],[132.50983,34.51559],[132.50981,34.51553],[132.50971,34.51522]]]}},{"type":"Feature","properties":{"name":"可部五丁目","setai":331,"jinko":747,"key":"34106740005","units":1},"geometry":{"type":"Polygon","coordinates":[[[132.50795,34.5224],[132.5085,34.52224],[132.50909,34.52207],[132.51032,34.5217],[132.51035,34.52169],[132.51079,34.52157],[132.5109,34.52154],[132.51143,34.52139],[132.51162,34.52133],[132.51223,34.52116],[132.51189,34.52039],[132.51175,34.5201],[132.51162,34.5198],[132.51155,34.51965],[132.51144,34.51941],[132.5107,34.51949],[132.50972,34.51961],[132.50968,34.51962],[132.5086,34.51975],[132.50791,34.51983],[132.50739,34.51989],[132.50677,34.51996],[132.50677,34.51997],[132.50677,34.52005],[132.50676,34.52012],[132.50669,34.52054],[132.50667,34.52063],[132.50665,34.52066],[132.50659,34.52072],[132.50658,34.52073],[132.50658,34.52076],[132.5066,34.52084],[132.5066,34.52087],[132.50656,34.52111],[132.50656,34.52123],[132.50656,34.52135],[132.50654,34.52139],[132.50651,34.52146],[132.5065,34.52156],[132.50649,34.52164],[132.5065,34.5217],[132.5065,34.52176],[132.50654,34.52184],[132.50661,34.52193],[132.50668,34.522],[132.50671,34.52204],[132.50659,34.52203],[132.50639,34.52201],[132.50639,34.52202],[132.50639,34.52206],[132.50639,34.52212],[132.5064,34.52219],[132.50598,34.5222],[132.50567,34.5222],[132.50538,34.52226],[132.50528,34.52231],[132.50523,34.52233],[132.50499,34.52224],[132.50485,34.52222],[132.50483,34.52222],[132.5047,34.52221],[132.50462,34.52223],[132.50461,34.52231],[132.50462,34.52243],[132.50467,34.52268],[132.50465,34.52285],[132.50469,34.52305],[132.50471,34.52321],[132.50475,34.52329],[132.5053,34.52314],[132.5063,34.52286],[132.50679,34.52272],[132.50792,34.52241],[132.50795,34.5224]]]}},{"type":"Feature","properties":{"name":"可部六丁目","setai":850,"jinko":2096,"key":"34106740006","units":1},"geometry":{"type":"Polygon","coordinates":[[[132.50387,34.53115],[132.50391,34.53111],[132.50391,34.53111],[132.50411,34.53108],[132.50425,34.53106],[132.5043,34.53107],[132.50434,34.53108],[132.50447,34.53107],[132.50459,34.53102],[132.50471,34.53097],[132.50491,34.53096],[132.50504,34.53091],[132.50516,34.53084],[132.50525,34.53079],[132.50551,34.53086],[132.5057,34.53107],[132.50584,34.53116],[132.50585,34.53116],[132.50585,34.53116],[132.50588,34.53119],[132.50597,34.53117],[132.50606,34.53113],[132.5061,34.53112],[132.50614,34.5311],[132.50614,34.5311],[132.50618,34.53109],[132.50623,34.53106],[132.50628,34.53103],[132.50629,34.53099],[132.50628,34.53095],[132.50627,34.53092],[132.50625,34.53087],[132.50626,34.53081],[132.50632,34.53076],[132.50637,34.53069],[132.50639,34.53064],[132.50639,34.53058],[132.50638,34.53051],[132.50638,34.53047],[132.50635,34.53039],[132.5063,34.53032],[132.50627,34.53027],[132.50625,34.53024],[132.50626,34.5302],[132.50626,34.53018],[132.5063,34.53011],[132.50632,34.53007],[132.50627,34.52996],[132.5062,34.52983],[132.50616,34.52971],[132.50608,34.52961],[132.50585,34.52921],[132.50581,34.5291],[132.50577,34.52902],[132.50574,34.52892],[132.50574,34.52892],[132.50575,34.52868],[132.50575,34.52845],[132.50574,34.52833],[132.50576,34.52819],[132.50573,34.52808],[132.50576,34.52785],[132.50579,34.52786],[132.50603,34.52791],[132.50622,34.52795],[132.50625,34.52792],[132.50626,34.52791],[132.50627,34.52788],[132.50627,34.52785],[132.50627,34.52784],[132.50621,34.52781],[132.50617,34.5278],[132.50618,34.52775],[132.50619,34.52768],[132.50618,34.52759],[132.50619,34.52759],[132.50623,34.52748],[132.50623,34.52743],[132.50621,34.52739],[132.50621,34.52739],[132.50619,34.52736],[132.50618,34.5273],[132.50618,34.52727],[132.50618,34.52726],[132.50617,34.52724],[132.50618,34.52709],[132.50622,34.52707],[132.50625,34.52703],[132.50629,34.527],[132.50633,34.52695],[132.50637,34.52696],[132.50647,34.52677],[132.5065,34.52667],[132.50652,34.52658],[132.50649,34.52652],[132.50645,34.52647],[132.50642,34.52645],[132.50637,34.52641],[132.50644,34.52628],[132.50646,34.52622],[132.50648,34.52615],[132.5065,34.52608],[132.50649,34.52602],[132.50648,34.52602],[132.50647,34.52596],[132.5066,34.52586],[132.50661,34.52585],[132.50665,34.52583],[132.50667,34.52582],[132.50668,34.52581],[132.50669,34.5258],[132.5067,34.5258],[132.50671,34.52579],[132.50677,34.52576],[132.50682,34.52572],[132.50693,34.52566],[132.507,34.52562],[132.50701,34.52561],[132.50704,34.52559],[132.50719,34.52553],[132.50729,34.52549],[132.50729,34.52549],[132.5073,34.52548],[132.50735,34.52547],[132.50737,34.52547],[132.50746,34.52534],[132.50754,34.52521],[132.50762,34.52508],[132.50769,34.525],[132.5077,34.52498],[132.50776,34.5249],[132.50784,34.52457],[132.50786,34.52451],[132.50787,34.52444],[132.50788,34.52438],[132.50791,34.52431],[132.50793,34.52425],[132.50793,34.52395],[132.50791,34.52361],[132.50797,34.52345],[132.50801,34.52339],[132.50804,34.52333],[132.50809,34.52325],[132.5081,34.52323],[132.5081,34.52322],[132.50811,34.52314],[132.508,34.52293],[132.508,34.52292],[132.50799,34.52286],[132.50794,34.52255],[132.50792,34.52241],[132.50679,34.52272],[132.5063,34.52286],[132.5053,34.52314],[132.50475,34.52329],[132.50476,34.52331],[132.50477,34.52333],[132.50482,34.52335],[132.50482,34.52335],[132.50487,34.52338],[132.50489,34.52341],[132.50492,34.52346],[132.50494,34.5235],[132.50493,34.52351],[132.50489,34.52356],[132.50476,34.52365],[132.50474,34.52372],[132.5047,34.52376],[132.50465,34.52378],[132.50454,34.5238],[132.50449,34.52389],[132.50442,34.52399],[132.50431,34.52415],[132.50418,34.52426],[132.50412,34.52432],[132.50407,34.52449],[132.50405,34.5245],[132.50402,34.52452],[132.50394,34.52454],[132.50381,34.52457],[132.50375,34.52458],[132.50369,34.52462],[132.50368,34.52465],[132.50367,34.52471],[132.50367,34.52472],[132.50366,34.52475],[132.50364,34.52477],[132.50354,34.52483],[132.50349,34.52488],[132.50347,34.5249],[132.50344,34.52493],[132.50335,34.52496],[132.5033,34.52501],[132.5033,34.52504],[132.5033,34.52505],[132.50328,34.52507],[132.50325,34.52509],[132.50315,34.52515],[132.50315,34.52515],[132.50316,34.52518],[132.50319,34.52527],[132.50321,34.52529],[132.5031,34.52537],[132.50309,34.5254],[132.50308,34.52543],[132.50306,34.52545],[132.50304,34.52549],[132.50304,34.52552],[132.503,34.52557],[132.50293,34.5256],[132.50287,34.52561],[132.50281,34.52563],[132.50272,34.52568],[132.50267,34.52572],[132.50266,34.52573],[132.50263,34.52584],[132.50262,34.52587],[132.50252,34.5259],[132.50253,34.52598],[132.50251,34.52611],[132.50241,34.52614],[132.50239,34.52626],[132.50241,34.52632],[132.50241,34.52637],[132.50244,34.52638],[132.50247,34.52641],[132.50248,34.52642],[132.50249,34.52644],[132.50249,34.52645],[132.50248,34.52651],[132.50244,34.52658],[132.50242,34.52664],[132.50244,34.52675],[132.50242,34.52677],[132.50237,34.5268],[132.50236,34.52687],[132.50237,34.52693],[132.50239,34.52702],[132.50237,34.52703],[132.50238,34.5271],[132.50233,34.52713],[132.50227,34.5272],[132.50229,34.52729],[132.50233,34.52737],[132.50217,34.52818],[132.50217,34.5282],[132.50217,34.52821],[132.50225,34.52852],[132.50229,34.52871],[132.50252,34.52918],[132.5026,34.52942],[132.50262,34.52953],[132.50263,34.52955],[132.50267,34.52963],[132.50269,34.52965],[132.50274,34.52968],[132.50279,34.52969],[132.50281,34.52969],[132.50283,34.52976],[132.50295,34.53005],[132.503,34.53018],[132.50313,34.53037],[132.50316,34.53039],[132.50338,34.53038],[132.50339,34.53042],[132.50331,34.53043],[132.50311,34.53047],[132.50308,34.5305],[132.50308,34.53056],[132.50307,34.53087],[132.50306,34.53089],[132.50305,34.53103],[132.50307,34.53113],[132.50316,34.53125],[132.50331,34.53137],[132.50333,34.53133],[132.50335,34.53131],[132.50341,34.53129],[132.50344,34.53129],[132.50359,34.53126],[132.50359,34.53124],[132.50361,34.53124],[132.50363,34.53122],[132.50363,34.5312],[132.50365,34.53119],[132.50376,34.53118],[132.50382,34.53117],[132.50386,34.53116],[132.50387,34.53115]]]}},{"type":"Feature","properties":{"name":"可部七丁目","setai":578,"jinko":1924,"key":"34106740007","units":1},"geometry":{"type":"Polygon","coordinates":[[[132.50986,34.52648],[132.50995,34.52646],[132.51003,34.52646],[132.51012,34.52648],[132.51019,34.5265],[132.51025,34.52649],[132.51031,34.52647],[132.51054,34.52668],[132.51064,34.52676],[132.51073,34.52683],[132.51095,34.527],[132.51111,34.52709],[132.51116,34.52711],[132.51133,34.52714],[132.51148,34.52715],[132.51162,34.52717],[132.51175,34.52722],[132.51182,34.52724],[132.5119,34.52725],[132.51189,34.52731],[132.51189,34.52737],[132.51201,34.52744],[132.51206,34.52741],[132.51212,34.5274],[132.51219,34.52744],[132.51224,34.5275],[132.51228,34.52762],[132.5123,34.52767],[132.51233,34.52771],[132.51235,34.52773],[132.51237,34.52774],[132.51239,34.52775],[132.51238,34.52781],[132.51236,34.52786],[132.51243,34.52789],[132.51252,34.52792],[132.51264,34.52794],[132.51272,34.52796],[132.51282,34.52797],[132.51285,34.52797],[132.51287,34.52795],[132.51289,34.52792],[132.51293,34.52789],[132.51297,34.52783],[132.51296,34.52773],[132.51297,34.52772],[132.51304,34.5277],[132.51313,34.52767],[132.5132,34.52764],[132.51325,34.52761],[132.51328,34.52759],[132.51331,34.52755],[132.51331,34.52754],[132.51327,34.52751],[132.51323,34.52746],[132.51317,34.52737],[132.51307,34.52724],[132.51298,34.52715],[132.51289,34.52707],[132.51279,34.52698],[132.51272,34.52692],[132.51267,34.52686],[132.51265,34.52682],[132.51267,34.52672],[132.51265,34.52669],[132.51264,34.52664],[132.51258,34.52649],[132.51253,34.52642],[132.51239,34.5263],[132.51237,34.52627],[132.51237,34.5262],[132.51238,34.52616],[132.51239,34.52608],[132.51237,34.52594],[132.51239,34.52596],[132.51244,34.52596],[132.51249,34.52596],[132.51261,34.52594],[132.51278,34.52592],[132.51311,34.52587],[132.51348,34.52579],[132.51359,34.52575],[132.51362,34.52575],[132.51366,34.52574],[132.51384,34.52572],[132.51389,34.52571],[132.51387,34.52566],[132.51359,34.52489],[132.51343,34.52449],[132.51316,34.52373],[132.51315,34.52371],[132.51315,34.52369],[132.51269,34.52246],[132.51266,34.52239],[132.51259,34.5221],[132.51258,34.52208],[132.51258,34.52206],[132.51223,34.52116],[132.51162,34.52133],[132.51143,34.52139],[132.5109,34.52154],[132.51079,34.52157],[132.51035,34.52169],[132.51032,34.5217],[132.50909,34.52207],[132.5085,34.52224],[132.50795,34.5224],[132.50792,34.52241],[132.50794,34.52255],[132.50799,34.52286],[132.508,34.52292],[132.508,34.52293],[132.50811,34.52314],[132.5081,34.52322],[132.5081,34.52323],[132.50809,34.52325],[132.50804,34.52333],[132.50801,34.52339],[132.50797,34.52345],[132.50791,34.52361],[132.50793,34.52395],[132.50793,34.52425],[132.50791,34.52431],[132.50788,34.52438],[132.50787,34.52444],[132.50786,34.52451],[132.50784,34.52457],[132.50776,34.5249],[132.5077,34.52498],[132.50769,34.525],[132.50762,34.52508],[132.50754,34.52521],[132.50746,34.52534],[132.50737,34.52547],[132.50735,34.52547],[132.5073,34.52548],[132.50729,34.52549],[132.50729,34.52549],[132.50719,34.52553],[132.50704,34.52559],[132.50701,34.52561],[132.507,34.52562],[132.50693,34.52566],[132.50682,34.52572],[132.50677,34.52576],[132.50671,34.52579],[132.5067,34.5258],[132.50669,34.5258],[132.50668,34.52581],[132.50667,34.52582],[132.50665,34.52583],[132.50661,34.52585],[132.5066,34.52586],[132.50647,34.52596],[132.50648,34.52602],[132.50649,34.52602],[132.5065,34.52608],[132.50648,34.52615],[132.50646,34.52622],[132.50644,34.52628],[132.50637,34.52641],[132.50642,34.52645],[132.50645,34.52647],[132.50649,34.52652],[132.50652,34.52658],[132.5065,34.52667],[132.50647,34.52677],[132.50637,34.52696],[132.50633,34.52695],[132.50629,34.527],[132.50625,34.52703],[132.50622,34.52707],[132.50618,34.52709],[132.50617,34.52724],[132.50618,34.52726],[132.50618,34.52727],[132.50618,34.5273],[132.50619,34.52736],[132.50621,34.52739],[132.50647,34.52746],[132.5066,34.5275],[132.50664,34.52737],[132.50668,34.52728],[132.50671,34.5272],[132.50673,34.52715],[132.50676,34.52712],[132.50681,34.52709],[132.5069,34.52705],[132.50699,34.52703],[132.50707,34.52701],[132.50714,34.52701],[132.50719,34.52699],[132.50721,34.52697],[132.50724,34.52696],[132.50729,34.52692],[132.50736,34.52692],[132.50745,34.52699],[132.50746,34.52699],[132.50757,34.52703],[132.50765,34.52706],[132.50772,34.52707],[132.5078,34.5271],[132.50783,34.5271],[132.50782,34.52706],[132.5078,34.527],[132.50778,34.52697],[132.50774,34.52693],[132.50768,34.52688],[132.50766,34.52686],[132.50761,34.52683],[132.50755,34.52681],[132.50749,34.52679],[132.50743,34.52676],[132.50742,34.52675],[132.50735,34.52664],[132.50736,34.52659],[132.5074,34.52653],[132.50761,34.52647],[132.50762,34.52646],[132.50764,34.52642],[132.50767,34.52638],[132.50771,34.52632],[132.50774,34.52628],[132.5078,34.52622],[132.50784,34.52618],[132.50788,34.52614],[132.50793,34.52611],[132.50797,34.5261],[132.50803,34.52607],[132.50812,34.52611],[132.50828,34.52623],[132.50845,34.52632],[132.50853,34.52635],[132.5086,34.52638],[132.50871,34.52642],[132.50883,34.52646],[132.50892,34.52648],[132.50902,34.5265],[132.50915,34.52653],[132.50931,34.52656],[132.50943,34.5266],[132.5095,34.52665],[132.50955,34.52669],[132.5096,34.52673],[132.50963,34.52685],[132.50965,34.527],[132.50965,34.52717],[132.50965,34.52735],[132.50964,34.52748],[132.50966,34.52762],[132.50968,34.52776],[132.50971,34.52786],[132.50973,34.52792],[132.50975,34.52801],[132.50975,34.52805],[132.51007,34.528],[132.51007,34.52796],[132.51026,34.52793],[132.51031,34.52791],[132.51035,34.5278],[132.51038,34.5277],[132.51035,34.52759],[132.51035,34.52748],[132.51034,34.52741],[132.51033,34.52728],[132.5103,34.52719],[132.51027,34.52708],[132.51024,34.52697],[132.51019,34.52683],[132.51017,34.52678],[132.51017,34.5267],[132.51017,34.52665],[132.51015,34.52662],[132.51015,34.52661],[132.51011,34.52658],[132.51006,34.52657],[132.50998,34.52655],[132.5098,34.52654],[132.50973,34.52654],[132.50981,34.52651],[132.50986,34.52648]]]}},{"type":"Feature","properties":{"name":"可部八丁目","setai":413,"jinko":959,"key":"34106740008","units":1},"geometry":{"type":"Polygon","coordinates":[[[132.51553,34.53085],[132.51562,34.53068],[132.51562,34.53067],[132.51581,34.53076],[132.51595,34.53053],[132.51624,34.53008],[132.51629,34.53002],[132.51633,34.52996],[132.51645,34.52979],[132.51645,34.52977],[132.51646,34.52976],[132.51652,34.5297],[132.51665,34.5296],[132.51678,34.52951],[132.51692,34.52944],[132.51696,34.52943],[132.517,34.52942],[132.51704,34.52941],[132.5177,34.52913],[132.51783,34.52907],[132.51792,34.52899],[132.5183,34.52867],[132.51825,34.52866],[132.51821,34.52864],[132.51818,34.52859],[132.51814,34.52852],[132.51785,34.52824],[132.51778,34.52818],[132.51761,34.52804],[132.51762,34.52803],[132.51747,34.52787],[132.51714,34.52761],[132.51712,34.52759],[132.51693,34.52744],[132.51686,34.52741],[132.51684,34.52743],[132.51668,34.5273],[132.51665,34.52729],[132.51647,34.52719],[132.51632,34.52709],[132.5162,34.52702],[132.51618,34.527],[132.51612,34.52696],[132.51603,34.52692],[132.51593,34.52685],[132.5158,34.52676],[132.51569,34.52668],[132.51558,34.5266],[132.5155,34.52654],[132.51544,34.52648],[132.51536,34.52642],[132.51527,34.52633],[132.51521,34.52626],[132.51513,34.52618],[132.51507,34.52611],[132.51498,34.52599],[132.51491,34.52588],[132.51485,34.52579],[132.51477,34.52565],[132.51477,34.52565],[132.51447,34.5257],[132.5144,34.52571],[132.51395,34.5257],[132.51389,34.52571],[132.51384,34.52572],[132.51366,34.52574],[132.51362,34.52575],[132.51359,34.52575],[132.51348,34.52579],[132.51311,34.52587],[132.51278,34.52592],[132.51261,34.52594],[132.51249,34.52596],[132.51244,34.52596],[132.51239,34.52596],[132.51237,34.52594],[132.51239,34.52608],[132.51238,34.52616],[132.51237,34.5262],[132.51237,34.52627],[132.51239,34.5263],[132.51253,34.52642],[132.51258,34.52649],[132.51264,34.52664],[132.51265,34.52669],[132.51267,34.52672],[132.51265,34.52682],[132.51267,34.52686],[132.51272,34.52692],[132.51279,34.52698],[132.51289,34.52707],[132.51298,34.52715],[132.51307,34.52724],[132.51317,34.52737],[132.51323,34.52746],[132.51327,34.52751],[132.51331,34.52754],[132.51331,34.52755],[132.51328,34.52759],[132.51325,34.52761],[132.5132,34.52764],[132.51313,34.52767],[132.51304,34.5277],[132.51297,34.52772],[132.51296,34.52773],[132.51297,34.52783],[132.51293,34.52789],[132.51289,34.52792],[132.51287,34.52795],[132.51285,34.52797],[132.51285,34.52799],[132.51294,34.52809],[132.51301,34.52824],[132.51305,34.52835],[132.51309,34.52845],[132.51311,34.52853],[132.51313,34.52859],[132.51321,34.52857],[132.51323,34.52857],[132.51327,34.52874],[132.51334,34.5289],[132.51341,34.52901],[132.51346,34.52918],[132.51346,34.52935],[132.51342,34.5295],[132.51337,34.5296],[132.51334,34.52971],[132.51331,34.5298],[132.51323,34.52983],[132.51316,34.52987],[132.51315,34.52987],[132.51306,34.52996],[132.51305,34.52997],[132.51304,34.52998],[132.51292,34.53009],[132.51285,34.53021],[132.51281,34.5303],[132.51277,34.53044],[132.51276,34.53045],[132.51272,34.5305],[132.51256,34.53059],[132.51241,34.53065],[132.5123,34.53065],[132.51221,34.53064],[132.51209,34.53061],[132.51203,34.53059],[132.51197,34.53056],[132.51193,34.53055],[132.51188,34.53053],[132.51185,34.53052],[132.51182,34.53053],[132.5118,34.53054],[132.51178,34.53056],[132.51176,34.5306],[132.51176,34.53065],[132.51174,34.5307],[132.51173,34.53072],[132.5117,34.53074],[132.51165,34.53077],[132.51174,34.53078],[132.51178,34.53079],[132.51183,34.53079],[132.51189,34.5308],[132.51192,34.53081],[132.51196,34.53084],[132.51198,34.53088],[132.51201,34.5309],[132.51204,34.53091],[132.51215,34.53092],[132.51224,34.53092],[132.51232,34.53091],[132.51235,34.53089],[132.51241,34.53088],[132.51253,34.53087],[132.5126,34.53089],[132.51269,34.53088],[132.51276,34.53085],[132.51285,34.53085],[132.51296,34.53083],[132.51299,34.53083],[132.51301,34.53083],[132.51313,34.53082],[132.51322,34.53081],[132.51329,34.5308],[132.51336,34.53079],[132.51355,34.53078],[132.51366,34.53079],[132.51371,34.5308],[132.51378,34.53082],[132.51382,34.53082],[132.51405,34.53083],[132.51405,34.53088],[132.5141,34.53089],[132.51431,34.53091],[132.51439,34.53093],[132.51443,34.53093],[132.51457,34.53095],[132.51506,34.531],[132.51525,34.53101],[132.51531,34.53102],[132.51538,34.53104],[132.51541,34.53102],[132.5155,34.53092],[132.51553,34.53085]]]}},{"type":"Feature","properties":{"name":"可部九丁目","setai":382,"jinko":955,"key":"34106740009","units":1},"geometry":{"type":"Polygon","coordinates":[[[132.51209,34.54024],[132.5124,34.54015],[132.51242,34.54018],[132.51246,34.54022],[132.51254,34.5402],[132.51264,34.54019],[132.51273,34.54016],[132.51282,34.54017],[132.51292,34.54018],[132.51303,34.5402],[132.51312,34.54021],[132.51316,34.54021],[132.51323,34.54022],[132.51337,34.54022],[132.51347,34.54023],[132.51357,34.54021],[132.5137,34.54019],[132.51382,34.54016],[132.51387,34.54014],[132.51389,34.54013],[132.51393,34.5401],[132.51396,34.54006],[132.514,34.54],[132.51413,34.53969],[132.51405,34.53959],[132.51406,34.53951],[132.51403,34.53944],[132.51397,34.53932],[132.51393,34.53925],[132.51392,34.53923],[132.51386,34.53912],[132.51383,34.53899],[132.51378,34.53891],[132.51375,34.53881],[132.51374,34.53879],[132.51372,34.53873],[132.51364,34.53839],[132.51363,34.5383],[132.51358,34.53816],[132.51353,34.53807],[132.5135,34.53795],[132.51349,34.53789],[132.51342,34.53771],[132.51341,34.53769],[132.51333,34.53754],[132.51327,34.53741],[132.51321,34.5373],[132.51317,34.53715],[132.51313,34.53709],[132.51311,34.53706],[132.51306,34.53693],[132.51303,34.53667],[132.51301,34.53653],[132.51301,34.53643],[132.51301,34.53642],[132.51306,34.53627],[132.51308,34.53622],[132.5131,34.53614],[132.51313,34.53603],[132.51314,34.53601],[132.5132,34.53587],[132.51326,34.53576],[132.51334,34.53574],[132.51336,34.53574],[132.51345,34.53573],[132.51345,34.53569],[132.51345,34.53566],[132.51348,34.53557],[132.51359,34.53527],[132.51366,34.53505],[132.51371,34.53489],[132.51381,34.53459],[132.51388,34.53436],[132.51392,34.53418],[132.51395,34.53411],[132.51397,34.53397],[132.51401,34.5338],[132.51409,34.53364],[132.51415,34.53349],[132.51423,34.53335],[132.51435,34.5332],[132.51451,34.53298],[132.51463,34.5328],[132.51467,34.53275],[132.51472,34.5326],[132.51493,34.53221],[132.51519,34.53174],[132.51538,34.53146],[132.51581,34.53076],[132.51562,34.53067],[132.51562,34.53068],[132.51553,34.53085],[132.5155,34.53092],[132.51541,34.53102],[132.51538,34.53104],[132.51531,34.53102],[132.51525,34.53101],[132.51506,34.531],[132.51457,34.53095],[132.51443,34.53093],[132.51439,34.53093],[132.51431,34.53091],[132.5141,34.53089],[132.51405,34.53088],[132.51405,34.53083],[132.51382,34.53082],[132.51378,34.53082],[132.51371,34.5308],[132.51366,34.53079],[132.51355,34.53078],[132.51336,34.53079],[132.51329,34.5308],[132.51322,34.53081],[132.51313,34.53082],[132.51301,34.53083],[132.51299,34.53083],[132.51296,34.53083],[132.51285,34.53085],[132.51276,34.53085],[132.51269,34.53088],[132.5126,34.53089],[132.51253,34.53087],[132.51241,34.53088],[132.51235,34.53089],[132.51232,34.53091],[132.51224,34.53092],[132.51215,34.53092],[132.51204,34.53091],[132.51201,34.5309],[132.51198,34.53088],[132.51196,34.53084],[132.51192,34.53081],[132.51189,34.5308],[132.51183,34.53079],[132.51178,34.53079],[132.51174,34.53078],[132.51165,34.53077],[132.5116,34.5308],[132.5116,34.53083],[132.51163,34.53089],[132.51173,34.53094],[132.51178,34.53097],[132.51183,34.531],[132.5119,34.53106],[132.51199,34.53109],[132.51206,34.53111],[132.5122,34.53112],[132.51228,34.53113],[132.51231,34.53117],[132.51231,34.53125],[132.5123,34.53131],[132.51225,34.53134],[132.51212,34.53141],[132.51205,34.53144],[132.51201,34.53147],[132.51196,34.53151],[132.51191,34.53158],[132.51188,34.53165],[132.51187,34.53173],[132.51186,34.53182],[132.51187,34.53201],[132.51187,34.53203],[132.51186,34.53223],[132.51179,34.53225],[132.51171,34.53232],[132.51152,34.53243],[132.51146,34.53249],[132.51138,34.53255],[132.51134,34.53259],[132.51128,34.53262],[132.51119,34.53266],[132.5111,34.53269],[132.51101,34.53272],[132.51098,34.53273],[132.51089,34.53284],[132.51088,34.53289],[132.51089,34.53298],[132.5109,34.53301],[132.51091,34.53306],[132.51093,34.53313],[132.51094,34.53316],[132.51097,34.53325],[132.51097,34.53329],[132.51098,34.53342],[132.51099,34.53352],[132.51099,34.53363],[132.51098,34.53368],[132.51097,34.53374],[132.51102,34.53375],[132.51104,34.53385],[132.51104,34.53386],[132.51107,34.53394],[132.5111,34.53402],[132.51112,34.53412],[132.51109,34.53414],[132.51101,34.5342],[132.51091,34.53425],[132.51091,34.53441],[132.5109,34.53449],[132.51089,34.53454],[132.51089,34.53456],[132.51093,34.53461],[132.51097,34.53462],[132.51102,34.53463],[132.51103,34.53468],[132.51103,34.5347],[132.51105,34.53494],[132.51105,34.53507],[132.51105,34.53507],[132.51105,34.5352],[132.51108,34.5353],[132.5111,34.53535],[132.5111,34.53536],[132.51113,34.53539],[132.51119,34.53542],[132.51123,34.53547],[132.51127,34.53555],[132.51129,34.5356],[132.51131,34.53564],[132.51127,34.53566],[132.51123,34.5357],[132.51115,34.5357],[132.51108,34.5357],[132.51106,34.5357],[132.51096,34.53574],[132.51084,34.53586],[132.51073,34.53596],[132.51066,34.53604],[132.51058,34.53615],[132.51051,34.53623],[132.51048,34.53629],[132.51046,34.53635],[132.51047,34.53638],[132.51052,34.53642],[132.51054,34.53644],[132.51055,34.53644],[132.51062,34.53649],[132.51075,34.53655],[132.51086,34.53659],[132.51095,34.53661],[132.51096,34.53661],[132.51103,34.53661],[132.51109,34.53661],[132.51113,34.53669],[132.51117,34.53675],[132.51119,34.53676],[132.5113,34.53676],[132.51138,34.53674],[132.51144,34.53673],[132.51171,34.53668],[132.51175,34.53674],[132.5118,34.53693],[132.51184,34.53701],[132.51188,34.53709],[132.5118,34.53716],[132.51177,34.53727],[132.51179,34.5374],[132.5118,34.53747],[132.5118,34.53753],[132.51181,34.53753],[132.5118,34.53759],[132.51198,34.53763],[132.51197,34.53768],[132.51191,34.53789],[132.51189,34.53795],[132.51189,34.53798],[132.51173,34.53798],[132.5117,34.53805],[132.51167,34.53815],[132.51162,34.53829],[132.5116,34.53833],[132.51154,34.53835],[132.51147,34.53836],[132.51143,34.53845],[132.5114,34.53861],[132.5114,34.53871],[132.51139,34.53882],[132.51133,34.53895],[132.51127,34.53902],[132.51125,34.53904],[132.51121,34.53909],[132.51116,34.53919],[132.5111,34.53927],[132.51109,34.53932],[132.5111,34.53937],[132.51137,34.53942],[132.51133,34.53953],[132.51132,34.53961],[132.51129,34.53968],[132.51131,34.5397],[132.51134,34.53972],[132.51137,34.53973],[132.51144,34.53976],[132.51152,34.53976],[132.51163,34.53977],[132.51171,34.5398],[132.51179,34.53986],[132.5118,34.5399],[132.51185,34.53991],[132.51184,34.53992],[132.51174,34.54018],[132.51172,34.54022],[132.51178,34.54025],[132.5119,34.54035],[132.51209,34.54024]]]}},{"type":"Feature","properties":{"name":"可部東一丁目","setai":167,"jinko":555,"key":"34106741001","units":1},"geometry":{"type":"Polygon","coordinates":[[[132.52127,34.51061],[132.52121,34.51056],[132.52107,34.51054],[132.521,34.51056],[132.52087,34.51056],[132.52079,34.51049],[132.52071,34.51039],[132.52066,34.51031],[132.52062,34.51023],[132.52061,34.51016],[132.52063,34.51009],[132.52064,34.51004],[132.52071,34.50995],[132.52078,34.50984],[132.52082,34.50977],[132.52084,34.50972],[132.52087,34.50966],[132.52093,34.50951],[132.52104,34.50955],[132.52109,34.50957],[132.52116,34.50959],[132.52123,34.5096],[132.52126,34.50959],[132.52132,34.5095],[132.52136,34.50947],[132.52146,34.50937],[132.52157,34.50921],[132.52166,34.50906],[132.52174,34.50894],[132.52191,34.50883],[132.52191,34.50875],[132.5218,34.5087],[132.52182,34.50814],[132.52182,34.50813],[132.52184,34.50807],[132.52212,34.5071],[132.52207,34.50676],[132.52206,34.50676],[132.52205,34.50671],[132.52202,34.50647],[132.522,34.50633],[132.52201,34.5063],[132.52203,34.50628],[132.52207,34.50624],[132.52209,34.50623],[132.5221,34.50622],[132.52226,34.50618],[132.52229,34.50615],[132.52232,34.50613],[132.52232,34.5061],[132.52207,34.50609],[132.52184,34.50609],[132.52155,34.50606],[132.52154,34.50606],[132.5213,34.50602],[132.52119,34.50598],[132.52113,34.50594],[132.52111,34.5059],[132.52109,34.50586],[132.52109,34.50582],[132.52109,34.50578],[132.5211,34.50574],[132.52111,34.50569],[132.52112,34.50565],[132.52114,34.50562],[132.52114,34.50557],[132.52114,34.50553],[132.52114,34.50548],[132.52112,34.50542],[132.5211,34.50538],[132.52107,34.50536],[132.52107,34.50535],[132.52112,34.50525],[132.52117,34.50515],[132.52123,34.50505],[132.52124,34.50496],[132.52125,34.50484],[132.52127,34.50472],[132.52128,34.5046],[132.52127,34.50447],[132.52124,34.50423],[132.52121,34.50398],[132.52116,34.50364],[132.52113,34.50339],[132.52113,34.50322],[132.5211,34.5031],[132.52107,34.50297],[132.52105,34.50289],[132.521,34.5028],[132.52093,34.50276],[132.52083,34.5027],[132.5207,34.50259],[132.5207,34.5026],[132.52067,34.50276],[132.52065,34.50287],[132.52059,34.503],[132.52052,34.50314],[132.52046,34.50324],[132.52037,34.50333],[132.52023,34.50344],[132.52008,34.50359],[132.51992,34.50373],[132.51973,34.50391],[132.51955,34.50406],[132.51929,34.50429],[132.51909,34.50448],[132.51892,34.50464],[132.51875,34.50479],[132.51866,34.50487],[132.51865,34.50488],[132.51876,34.50491],[132.51873,34.50494],[132.51863,34.50502],[132.51841,34.50522],[132.51819,34.50545],[132.51802,34.50564],[132.5179,34.50578],[132.51784,34.50584],[132.51782,34.50586],[132.51778,34.50591],[132.51771,34.50598],[132.51752,34.50617],[132.51732,34.50638],[132.51715,34.50655],[132.51695,34.50676],[132.51673,34.50702],[132.51655,34.50723],[132.51651,34.50727],[132.51694,34.50751],[132.5173,34.50771],[132.51734,34.50774],[132.51736,34.50778],[132.51737,34.50783],[132.51738,34.50787],[132.5174,34.50793],[132.51741,34.50798],[132.51752,34.50808],[132.51758,34.50812],[132.51762,34.50814],[132.51787,34.5083],[132.51791,34.50836],[132.51796,34.50842],[132.51798,34.50844],[132.518,34.50846],[132.51808,34.50854],[132.51816,34.50862],[132.51822,34.50868],[132.51823,34.50869],[132.51828,34.50877],[132.51842,34.50889],[132.51856,34.50892],[132.51861,34.50893],[132.51864,34.50895],[132.51867,34.50898],[132.51868,34.50906],[132.5187,34.50909],[132.51874,34.50911],[132.51879,34.50911],[132.51883,34.50909],[132.51892,34.50904],[132.51899,34.50903],[132.51907,34.50903],[132.51908,34.50908],[132.51907,34.50913],[132.51906,34.50918],[132.51907,34.50923],[132.5192,34.50929],[132.51922,34.50931],[132.51923,34.50934],[132.51926,34.50942],[132.51929,34.50946],[132.51932,34.50947],[132.51935,34.50947],[132.51948,34.50945],[132.51952,34.50945],[132.51955,34.50947],[132.51957,34.50951],[132.5196,34.50967],[132.51972,34.50978],[132.51979,34.50985],[132.51982,34.50991],[132.51982,34.50993],[132.51983,34.50997],[132.51984,34.51002],[132.51986,34.51015],[132.51987,34.51019],[132.5199,34.51022],[132.51994,34.51025],[132.52021,34.51041],[132.52046,34.51054],[132.52063,34.51061],[132.52063,34.51066],[132.52063,34.5107],[132.52062,34.51074],[132.5206,34.51078],[132.52072,34.51083],[132.52083,34.51086],[132.52087,34.51087],[132.52087,34.51087],[132.521,34.51089],[132.52116,34.51089],[132.52148,34.51083],[132.52166,34.51077],[132.52165,34.51075],[132.52163,34.51069],[132.52154,34.51067],[132.52144,34.51066],[132.52134,34.51066],[132.52127,34.51061]]]}},{"type":"Feature","properties":{"name":"可部東二丁目","setai":453,"jinko":1042,"key":"34106741002","units":1},"geometry":{"type":"Polygon","coordinates":[[[132.51963,34.51218],[132.51968,34.51211],[132.51979,34.51203],[132.51984,34.51201],[132.52002,34.51209],[132.52055,34.51194],[132.52062,34.51191],[132.5207,34.51185],[132.52073,34.51181],[132.52074,34.51167],[132.52078,34.5116],[132.52101,34.51142],[132.52108,34.51139],[132.52137,34.51128],[132.52158,34.51117],[132.52164,34.51113],[132.52171,34.51107],[132.52169,34.51098],[132.5217,34.51093],[132.52169,34.51087],[132.52167,34.5108],[132.52166,34.51077],[132.52148,34.51083],[132.52116,34.51089],[132.521,34.51089],[132.52087,34.51087],[132.52087,34.51087],[132.52083,34.51086],[132.52072,34.51083],[132.5206,34.51078],[132.52062,34.51074],[132.52063,34.5107],[132.52063,34.51066],[132.52063,34.51061],[132.52046,34.51054],[132.52021,34.51041],[132.51994,34.51025],[132.5199,34.51022],[132.51987,34.51019],[132.51986,34.51015],[132.51984,34.51002],[132.51983,34.50997],[132.51982,34.50993],[132.51982,34.50991],[132.51979,34.50985],[132.51972,34.50978],[132.5196,34.50967],[132.51957,34.50951],[132.51955,34.50947],[132.51952,34.50945],[132.51948,34.50945],[132.51935,34.50947],[132.51932,34.50947],[132.51929,34.50946],[132.51926,34.50942],[132.51923,34.50934],[132.51922,34.50931],[132.5192,34.50929],[132.51907,34.50923],[132.51906,34.50918],[132.51907,34.50913],[132.51908,34.50908],[132.51907,34.50903],[132.51899,34.50903],[132.51892,34.50904],[132.51883,34.50909],[132.51879,34.50911],[132.51874,34.50911],[132.5187,34.50909],[132.51868,34.50906],[132.51867,34.50898],[132.51864,34.50895],[132.51861,34.50893],[132.51856,34.50892],[132.51842,34.50889],[132.51828,34.50877],[132.51823,34.50869],[132.51822,34.50868],[132.51816,34.50862],[132.51808,34.50854],[132.518,34.50846],[132.51798,34.50844],[132.51796,34.50842],[132.51791,34.50836],[132.51787,34.5083],[132.51762,34.50814],[132.51758,34.50812],[132.51752,34.50808],[132.51741,34.50798],[132.5174,34.50793],[132.51738,34.50787],[132.51737,34.50783],[132.51736,34.50778],[132.51734,34.50774],[132.5173,34.50771],[132.51694,34.50751],[132.51651,34.50727],[132.51641,34.5074],[132.51624,34.50759],[132.51614,34.50773],[132.51605,34.50785],[132.51592,34.508],[132.51583,34.5081],[132.5157,34.50825],[132.51565,34.50831],[132.51558,34.50839],[132.51539,34.50861],[132.51515,34.50884],[132.51504,34.50894],[132.515,34.50898],[132.51488,34.50909],[132.51473,34.50921],[132.51461,34.5093],[132.51456,34.50934],[132.51452,34.50938],[132.51449,34.5094],[132.51436,34.5095],[132.51424,34.50959],[132.51412,34.50966],[132.51399,34.50975],[132.51388,34.50983],[132.51375,34.50992],[132.51363,34.51001],[132.51353,34.51008],[132.51344,34.51015],[132.51335,34.51023],[132.51327,34.5103],[132.51318,34.51039],[132.51309,34.51049],[132.51306,34.51053],[132.51302,34.51058],[132.51296,34.51069],[132.51292,34.51079],[132.5129,34.51092],[132.5129,34.51107],[132.5129,34.51125],[132.51292,34.5114],[132.51294,34.51155],[132.51295,34.51164],[132.51299,34.51188],[132.51303,34.5121],[132.51305,34.51215],[132.51314,34.51211],[132.51316,34.51211],[132.51318,34.5121],[132.51327,34.51207],[132.51352,34.51198],[132.51374,34.51189],[132.51396,34.51181],[132.51407,34.51175],[132.51408,34.51175],[132.51413,34.51173],[132.51423,34.51168],[132.51428,34.51166],[132.51437,34.51163],[132.5145,34.51156],[132.51461,34.5115],[132.51471,34.51144],[132.51479,34.51142],[132.51486,34.51141],[132.51489,34.5114],[132.5149,34.51141],[132.51499,34.51141],[132.51508,34.5114],[132.51517,34.51139],[132.51527,34.51139],[132.51522,34.51141],[132.51522,34.51144],[132.51524,34.51148],[132.51527,34.5115],[132.5153,34.51153],[132.51528,34.51154],[132.51523,34.51156],[132.51517,34.5116],[132.51511,34.51164],[132.51508,34.51168],[132.51506,34.51172],[132.51506,34.51177],[132.51508,34.5118],[132.51512,34.51183],[132.51517,34.51187],[132.51523,34.51189],[132.51529,34.5119],[132.51533,34.51189],[132.51538,34.51187],[132.5154,34.51183],[132.51541,34.51178],[132.51542,34.51174],[132.51545,34.51168],[132.51549,34.51163],[132.51555,34.51158],[132.51563,34.51157],[132.51573,34.51158],[132.51583,34.5116],[132.51594,34.51162],[132.51606,34.51165],[132.51623,34.51173],[132.51627,34.51176],[132.51639,34.51185],[132.51647,34.51193],[132.51656,34.51199],[132.51658,34.512],[132.51663,34.51196],[132.51666,34.5119],[132.51669,34.51182],[132.51671,34.51181],[132.51673,34.51178],[132.51677,34.51171],[132.5168,34.51168],[132.51688,34.51163],[132.51692,34.51162],[132.5171,34.51162],[132.51722,34.5117],[132.51757,34.51178],[132.51761,34.51178],[132.51769,34.5118],[132.51777,34.51184],[132.51779,34.51186],[132.5179,34.51195],[132.51801,34.51201],[132.51814,34.51206],[132.51822,34.51211],[132.5183,34.51215],[132.51834,34.51217],[132.5184,34.51217],[132.51846,34.51218],[132.51855,34.51218],[132.51865,34.51217],[132.51873,34.51214],[132.51886,34.51214],[132.51891,34.51218],[132.51894,34.51225],[132.519,34.51232],[132.51906,34.51239],[132.5191,34.51238],[132.51932,34.51235],[132.5194,34.51235],[132.51954,34.51232],[132.5196,34.51227],[132.51963,34.51218]]]}},{"type":"Feature","properties":{"name":"可部東三丁目","setai":491,"jinko":1153,"key":"34106741003","units":1},"geometry":{"type":"Polygon","coordinates":[[[132.52311,34.51345],[132.52314,34.51334],[132.52317,34.51334],[132.52339,34.51329],[132.52342,34.51328],[132.5241,34.51299],[132.52411,34.51299],[132.52419,34.51293],[132.52424,34.51286],[132.52429,34.5126],[132.52446,34.51249],[132.52453,34.51244],[132.52482,34.51237],[132.52502,34.51232],[132.52524,34.51245],[132.52521,34.5127],[132.52547,34.51275],[132.52557,34.51262],[132.52553,34.51257],[132.52555,34.51256],[132.52584,34.51218],[132.52591,34.51209],[132.52571,34.5121],[132.52568,34.51213],[132.52526,34.51221],[132.52533,34.51215],[132.52571,34.51183],[132.52573,34.51179],[132.52572,34.51161],[132.52573,34.51161],[132.52579,34.51159],[132.52582,34.51157],[132.52585,34.51156],[132.52587,34.51154],[132.52587,34.51154],[132.52597,34.51159],[132.52621,34.51166],[132.5264,34.5117],[132.52665,34.51169],[132.52686,34.51167],[132.5271,34.51165],[132.52733,34.51164],[132.52733,34.51161],[132.52731,34.51132],[132.52737,34.51129],[132.52737,34.51117],[132.52709,34.51116],[132.52686,34.5111],[132.52677,34.51112],[132.52671,34.51112],[132.52653,34.51113],[132.52639,34.51114],[132.52632,34.51115],[132.52627,34.51114],[132.52623,34.51114],[132.52616,34.51113],[132.5261,34.51112],[132.52609,34.51112],[132.52593,34.51113],[132.52578,34.51115],[132.52564,34.51114],[132.5255,34.51113],[132.5254,34.51112],[132.52529,34.51112],[132.52516,34.51115],[132.52508,34.51118],[132.52495,34.51117],[132.5245,34.51115],[132.52451,34.51103],[132.52447,34.51101],[132.52441,34.511],[132.52437,34.511],[132.5243,34.51101],[132.52426,34.51104],[132.52423,34.51105],[132.52421,34.51105],[132.52418,34.51105],[132.52414,34.51103],[132.52409,34.511],[132.52402,34.51096],[132.52397,34.51094],[132.52394,34.51093],[132.52392,34.51092],[132.5239,34.5109],[132.52389,34.51088],[132.52388,34.51077],[132.52387,34.51055],[132.52386,34.51035],[132.52385,34.5102],[132.52381,34.51012],[132.52381,34.51011],[132.5238,34.51007],[132.52378,34.50982],[132.52379,34.50951],[132.52378,34.50925],[132.52379,34.50918],[132.52378,34.50915],[132.52375,34.50912],[132.52369,34.50909],[132.52363,34.50906],[132.52358,34.50904],[132.52354,34.50901],[132.52352,34.50899],[132.52348,34.50894],[132.52344,34.50888],[132.52342,34.50874],[132.52339,34.50866],[132.52339,34.50863],[132.52337,34.50854],[132.52334,34.50847],[132.52328,34.5084],[132.5232,34.50835],[132.52314,34.50829],[132.52311,34.50825],[132.52303,34.50816],[132.52298,34.50809],[132.52294,34.50799],[132.52295,34.50791],[132.52306,34.50755],[132.52319,34.50687],[132.52319,34.50684],[132.52314,34.50684],[132.52295,34.50681],[132.52292,34.50681],[132.52292,34.50672],[132.523,34.50652],[132.523,34.50649],[132.52297,34.50645],[132.52264,34.5064],[132.52254,34.50639],[132.52216,34.50626],[132.52209,34.50623],[132.52207,34.50624],[132.52203,34.50628],[132.52201,34.5063],[132.522,34.50633],[132.52202,34.50647],[132.52205,34.50671],[132.52206,34.50676],[132.52207,34.50676],[132.52212,34.5071],[132.52184,34.50807],[132.52182,34.50813],[132.52182,34.50814],[132.5218,34.5087],[132.52191,34.50875],[132.52191,34.50883],[132.52174,34.50894],[132.52166,34.50906],[132.52157,34.50921],[132.52146,34.50937],[132.52136,34.50947],[132.52132,34.5095],[132.52126,34.50959],[132.52123,34.5096],[132.52116,34.50959],[132.52109,34.50957],[132.52104,34.50955],[132.52093,34.50951],[132.52087,34.50966],[132.52084,34.50972],[132.52082,34.50977],[132.52078,34.50984],[132.52071,34.50995],[132.52064,34.51004],[132.52063,34.51009],[132.52061,34.51016],[132.52062,34.51023],[132.52066,34.51031],[132.52071,34.51039],[132.52079,34.51049],[132.52087,34.51056],[132.521,34.51056],[132.52107,34.51054],[132.52121,34.51056],[132.52127,34.51061],[132.52134,34.51066],[132.52144,34.51066],[132.52154,34.51067],[132.52163,34.51069],[132.52165,34.51075],[132.52166,34.51077],[132.52167,34.5108],[132.52169,34.51087],[132.5217,34.51093],[132.52169,34.51098],[132.52171,34.51107],[132.52164,34.51113],[132.52158,34.51117],[132.52137,34.51128],[132.52108,34.51139],[132.52101,34.51142],[132.52078,34.5116],[132.52074,34.51167],[132.52073,34.51181],[132.5207,34.51185],[132.52062,34.51191],[132.52055,34.51194],[132.52002,34.51209],[132.52035,34.51235],[132.52042,34.51237],[132.52072,34.51235],[132.52082,34.51238],[132.52105,34.51247],[132.52122,34.51253],[132.52127,34.51254],[132.52134,34.51254],[132.5215,34.51253],[132.52178,34.51251],[132.52193,34.51253],[132.52198,34.51254],[132.52218,34.51258],[132.52246,34.51282],[132.52261,34.51298],[132.52267,34.51309],[132.5227,34.51316],[132.5227,34.51336],[132.52282,34.51355],[132.52278,34.51375],[132.52285,34.51377],[132.523,34.5138],[132.52312,34.51388],[132.52313,34.51385],[132.52319,34.51375],[132.52307,34.51368],[132.52305,34.51366],[132.52304,34.51363],[132.52311,34.51345]]]}},{"type":"Feature","properties":{"name":"可部東四丁目","setai":244,"jinko":540,"key":"34106741004","units":1},"geometry":{"type":"Polygon","coordinates":[[[132.51928,34.5173],[132.51942,34.51727],[132.51963,34.51727],[132.51984,34.51728],[132.51998,34.51728],[132.52004,34.51727],[132.52024,34.51726],[132.52029,34.51725],[132.52036,34.51723],[132.52032,34.51713],[132.5206,34.51706],[132.52081,34.51683],[132.52108,34.51699],[132.52113,34.51701],[132.5212,34.517],[132.52136,34.51696],[132.52162,34.51685],[132.52165,34.51684],[132.52169,34.51683],[132.52174,34.51683],[132.52194,34.51683],[132.52206,34.51685],[132.52213,34.51686],[132.52241,34.51685],[132.52246,34.51677],[132.52249,34.51674],[132.52244,34.51673],[132.52242,34.5167],[132.52241,34.51668],[132.52238,34.51668],[132.52235,34.51669],[132.52232,34.5167],[132.52229,34.51671],[132.52228,34.5167],[132.52225,34.51666],[132.52221,34.51658],[132.5222,34.51654],[132.52219,34.51649],[132.52217,34.51644],[132.52215,34.5164],[132.52213,34.51638],[132.52209,34.51635],[132.52199,34.51633],[132.52192,34.5163],[132.52184,34.51628],[132.52175,34.51626],[132.52167,34.51622],[132.52159,34.51618],[132.52155,34.51614],[132.52152,34.51605],[132.5215,34.51593],[132.52146,34.51584],[132.52142,34.51579],[132.52138,34.51576],[132.52133,34.51572],[132.52141,34.51566],[132.52143,34.5157],[132.52144,34.51571],[132.52146,34.51571],[132.5215,34.51569],[132.52154,34.51565],[132.52158,34.51561],[132.52164,34.51555],[132.52169,34.51552],[132.52175,34.51549],[132.5218,34.51549],[132.52184,34.51548],[132.52184,34.51546],[132.52183,34.5154],[132.52183,34.51535],[132.52183,34.51531],[132.52186,34.51527],[132.52192,34.51522],[132.52194,34.51518],[132.52195,34.51517],[132.52201,34.51513],[132.52209,34.51509],[132.52216,34.51507],[132.5222,34.51505],[132.52224,34.51506],[132.52228,34.51507],[132.52232,34.51507],[132.52232,34.51504],[132.52229,34.51499],[132.52226,34.51495],[132.52224,34.51492],[132.52221,34.51489],[132.52219,34.51489],[132.52216,34.51488],[132.52217,34.51485],[132.5222,34.51484],[132.52223,34.51481],[132.52226,34.51478],[132.5223,34.51475],[132.52235,34.51473],[132.52239,34.51473],[132.52244,34.51472],[132.52249,34.51474],[132.52253,34.51477],[132.52258,34.5148],[132.52261,34.51482],[132.52263,34.51482],[132.52266,34.51482],[132.52269,34.5148],[132.52274,34.51476],[132.52276,34.51471],[132.52278,34.51465],[132.52279,34.5146],[132.5228,34.51456],[132.52282,34.51452],[132.52286,34.51446],[132.52294,34.5144],[132.52302,34.51436],[132.52306,34.51433],[132.5231,34.51432],[132.52312,34.51429],[132.52312,34.51424],[132.52312,34.51418],[132.5231,34.51413],[132.52307,34.51407],[132.52305,34.51404],[132.52309,34.51395],[132.52312,34.51388],[132.523,34.5138],[132.52285,34.51377],[132.52278,34.51375],[132.52282,34.51355],[132.5227,34.51336],[132.5227,34.51316],[132.52267,34.51309],[132.52261,34.51298],[132.52246,34.51282],[132.52218,34.51258],[132.52198,34.51254],[132.52193,34.51253],[132.52178,34.51251],[132.5215,34.51253],[132.52134,34.51254],[132.52127,34.51254],[132.52122,34.51253],[132.52105,34.51247],[132.52082,34.51238],[132.52072,34.51235],[132.52042,34.51237],[132.52035,34.51235],[132.52002,34.51209],[132.51984,34.51201],[132.51979,34.51203],[132.51968,34.51211],[132.51963,34.51218],[132.5196,34.51227],[132.51954,34.51232],[132.5194,34.51235],[132.51932,34.51235],[132.5191,34.51238],[132.51906,34.51239],[132.519,34.51232],[132.51894,34.51225],[132.51891,34.51218],[132.51886,34.51214],[132.51873,34.51214],[132.51865,34.51217],[132.51855,34.51218],[132.51846,34.51218],[132.5184,34.51217],[132.51834,34.51217],[132.5183,34.51215],[132.51822,34.51211],[132.51814,34.51206],[132.51801,34.51201],[132.5179,34.51195],[132.51779,34.51186],[132.51777,34.51184],[132.51769,34.5118],[132.51761,34.51178],[132.51757,34.51178],[132.51722,34.5117],[132.5171,34.51162],[132.51692,34.51162],[132.51688,34.51163],[132.5168,34.51168],[132.51677,34.51171],[132.51673,34.51178],[132.51671,34.51181],[132.51669,34.51182],[132.51666,34.5119],[132.51663,34.51196],[132.51658,34.512],[132.51656,34.51199],[132.51647,34.51193],[132.51639,34.51185],[132.51627,34.51176],[132.51623,34.51173],[132.51606,34.51165],[132.51594,34.51162],[132.51583,34.5116],[132.51573,34.51158],[132.51563,34.51157],[132.51555,34.51158],[132.51549,34.51163],[132.51545,34.51168],[132.51542,34.51174],[132.51541,34.51178],[132.5154,34.51183],[132.51538,34.51187],[132.51533,34.51189],[132.51529,34.5119],[132.51523,34.51189],[132.51517,34.51187],[132.51512,34.51183],[132.51508,34.5118],[132.51506,34.51177],[132.51506,34.51172],[132.51508,34.51168],[132.51511,34.51164],[132.51517,34.5116],[132.51523,34.51156],[132.51528,34.51154],[132.5153,34.51153],[132.51527,34.5115],[132.51524,34.51148],[132.51522,34.51144],[132.51522,34.51141],[132.51527,34.51139],[132.51517,34.51139],[132.51508,34.5114],[132.51499,34.51141],[132.5149,34.51141],[132.51489,34.5114],[132.51486,34.51141],[132.51479,34.51142],[132.51471,34.51144],[132.51461,34.5115],[132.5145,34.51156],[132.51437,34.51163],[132.51428,34.51166],[132.51423,34.51168],[132.51413,34.51173],[132.51408,34.51175],[132.51407,34.51175],[132.51396,34.51181],[132.51374,34.51189],[132.51352,34.51198],[132.51327,34.51207],[132.51318,34.5121],[132.51316,34.51211],[132.51314,34.51211],[132.51305,34.51215],[132.513,34.51217],[132.51283,34.51225],[132.51286,34.51236],[132.51287,34.51237],[132.51293,34.51255],[132.513,34.51271],[132.51306,34.51287],[132.5131,34.51298],[132.51314,34.51312],[132.5132,34.51327],[132.51327,34.51343],[132.51334,34.51356],[132.51336,34.51361],[132.51339,34.51367],[132.51345,34.51381],[132.51355,34.51398],[132.51362,34.51412],[132.51368,34.51424],[132.51371,34.51431],[132.51378,34.51445],[132.51385,34.5146],[132.51391,34.51473],[132.51398,34.51484],[132.51402,34.51491],[132.51408,34.51499],[132.51421,34.51518],[132.51423,34.5152],[132.5143,34.5153],[132.51439,34.51543],[132.5145,34.51558],[132.51462,34.51571],[132.51476,34.51587],[132.51476,34.51587],[132.51479,34.51592],[132.51481,34.51594],[132.51486,34.516],[132.51489,34.51603],[132.51494,34.51609],[132.51502,34.51619],[132.51511,34.5163],[132.51542,34.51631],[132.5156,34.51643],[132.5157,34.51648],[132.51579,34.5165],[132.51589,34.5165],[132.51602,34.5165],[132.51608,34.5165],[132.51612,34.51651],[132.51617,34.51656],[132.51625,34.51654],[132.51655,34.51648],[132.51663,34.51661],[132.51669,34.51668],[132.51677,34.51674],[132.51684,34.51678],[132.51693,34.51686],[132.51695,34.51692],[132.51698,34.51705],[132.51701,34.51717],[132.51712,34.5172],[132.51721,34.51722],[132.51731,34.51726],[132.51741,34.51731],[132.51745,34.51732],[132.51751,34.51733],[132.51758,34.51734],[132.51765,34.51732],[132.51767,34.51732],[132.51773,34.51729],[132.51785,34.51722],[132.51793,34.5172],[132.51801,34.51719],[132.51825,34.51721],[132.51842,34.51723],[132.51852,34.51724],[132.5186,34.51723],[132.51872,34.51723],[132.51876,34.51724],[132.51884,34.51728],[132.51897,34.51733],[132.51897,34.51734],[132.51907,34.51737],[132.51928,34.5173]]]}},{"type":"Feature","properties":{"name":"可部東五丁目","setai":149,"jinko":371,"key":"34106741005","units":1},"geometry":{"type":"Polygon","coordinates":[[[132.51625,34.52047],[132.51616,34.52043],[132.51627,34.52043],[132.51628,34.52044],[132.51631,34.52044],[132.51635,34.5204],[132.51636,34.52036],[132.51639,34.5203],[132.51644,34.52024],[132.51642,34.52018],[132.51642,34.52017],[132.51642,34.52016],[132.51643,34.52015],[132.51656,34.5201],[132.51658,34.52009],[132.51664,34.52006],[132.51667,34.52004],[132.51669,34.52002],[132.5167,34.52001],[132.51671,34.51993],[132.51671,34.51985],[132.51671,34.51979],[132.51671,34.51975],[132.51671,34.51966],[132.51671,34.51957],[132.51673,34.51947],[132.51674,34.51941],[132.51678,34.5194],[132.5168,34.5194],[132.51681,34.51939],[132.51683,34.51937],[132.51685,34.51936],[132.51689,34.51934],[132.51692,34.51931],[132.51692,34.51929],[132.51692,34.51927],[132.51693,34.51926],[132.51695,34.51924],[132.51698,34.51923],[132.51701,34.51922],[132.51711,34.5192],[132.5172,34.51918],[132.51721,34.51918],[132.51723,34.51918],[132.51731,34.51922],[132.51741,34.51927],[132.51748,34.51927],[132.51753,34.51928],[132.51762,34.5193],[132.51768,34.51932],[132.51774,34.51935],[132.51778,34.51937],[132.51783,34.51939],[132.5179,34.51941],[132.51793,34.51943],[132.51796,34.51943],[132.51799,34.51943],[132.51802,34.51941],[132.51812,34.51933],[132.51819,34.51927],[132.51823,34.51923],[132.51825,34.51919],[132.51826,34.51917],[132.51825,34.51915],[132.51821,34.51913],[132.51818,34.51911],[132.51814,34.5191],[132.51809,34.51907],[132.5181,34.51903],[132.5182,34.519],[132.51835,34.51898],[132.51854,34.51895],[132.51866,34.51893],[132.51874,34.51891],[132.5188,34.51887],[132.51889,34.51883],[132.51889,34.51883],[132.51895,34.51884],[132.519,34.51886],[132.51908,34.51889],[132.51911,34.5189],[132.51915,34.51891],[132.51919,34.51891],[132.51923,34.51891],[132.51927,34.51891],[132.51931,34.5189],[132.51938,34.51887],[132.51945,34.51885],[132.5195,34.51885],[132.51957,34.51884],[132.51963,34.51884],[132.51971,34.51884],[132.51982,34.51885],[132.51989,34.51887],[132.52009,34.51887],[132.5202,34.51887],[132.52025,34.51888],[132.52032,34.51891],[132.52046,34.51884],[132.52048,34.51893],[132.52079,34.51893],[132.52067,34.5188],[132.52072,34.51868],[132.52069,34.51864],[132.52059,34.51861],[132.52052,34.51859],[132.52019,34.51847],[132.52014,34.51845],[132.51994,34.5184],[132.51985,34.51837],[132.51975,34.51832],[132.5199,34.51827],[132.52005,34.51822],[132.52016,34.51816],[132.52024,34.51815],[132.52039,34.51815],[132.52044,34.51813],[132.52072,34.51781],[132.52084,34.51771],[132.5208,34.51759],[132.52077,34.51745],[132.52074,34.51738],[132.52069,34.51732],[132.52056,34.51719],[132.52055,34.51717],[132.52058,34.51708],[132.5206,34.51706],[132.52032,34.51713],[132.52036,34.51723],[132.52029,34.51725],[132.52024,34.51726],[132.52004,34.51727],[132.51998,34.51728],[132.51984,34.51728],[132.51963,34.51727],[132.51942,34.51727],[132.51928,34.5173],[132.51907,34.51737],[132.51897,34.51734],[132.51897,34.51733],[132.51884,34.51728],[132.51876,34.51724],[132.51872,34.51723],[132.5186,34.51723],[132.51852,34.51724],[132.51842,34.51723],[132.51825,34.51721],[132.51801,34.51719],[132.51793,34.5172],[132.51785,34.51722],[132.51773,34.51729],[132.51767,34.51732],[132.51765,34.51732],[132.51758,34.51734],[132.51751,34.51733],[132.51745,34.51732],[132.51741,34.51731],[132.51731,34.51726],[132.51721,34.51722],[132.51712,34.5172],[132.51701,34.51717],[132.51698,34.51705],[132.51695,34.51692],[132.51693,34.51686],[132.51684,34.51678],[132.51677,34.51674],[132.51669,34.51668],[132.51663,34.51661],[132.51655,34.51648],[132.51625,34.51654],[132.51617,34.51656],[132.51612,34.51651],[132.51608,34.5165],[132.51602,34.5165],[132.51589,34.5165],[132.51579,34.5165],[132.5157,34.51648],[132.5156,34.51643],[132.51542,34.51631],[132.51511,34.5163],[132.51513,34.51632],[132.5152,34.51642],[132.51524,34.51649],[132.51527,34.51657],[132.51531,34.51668],[132.51536,34.51687],[132.51539,34.51707],[132.51541,34.51719],[132.51541,34.5172],[132.51542,34.51728],[132.51542,34.51737],[132.51543,34.51741],[132.51546,34.51755],[132.51548,34.51769],[132.51551,34.51784],[132.51554,34.51798],[132.51557,34.51814],[132.51558,34.51822],[132.51558,34.51824],[132.51559,34.51829],[132.5156,34.51831],[132.51561,34.51844],[132.51563,34.51857],[132.51565,34.51869],[132.51566,34.51884],[132.51566,34.51885],[132.51566,34.51887],[132.51567,34.51895],[132.51568,34.51904],[132.51568,34.51914],[132.51568,34.51922],[132.51568,34.51927],[132.51568,34.51932],[132.51568,34.51939],[132.51568,34.51949],[132.51567,34.51958],[132.51565,34.51968],[132.51562,34.51978],[132.5156,34.5199],[132.51557,34.51996],[132.51556,34.51997],[132.51553,34.52006],[132.5155,34.52014],[132.51549,34.52016],[132.51543,34.52028],[132.51538,34.52039],[132.51538,34.5204],[132.51537,34.52042],[132.51532,34.52053],[132.51525,34.52067],[132.51516,34.5209],[132.51509,34.52106],[132.51507,34.52112],[132.51505,34.52115],[132.51498,34.52129],[132.51493,34.5214],[132.51489,34.52151],[132.51484,34.52164],[132.51477,34.52181],[132.51475,34.52188],[132.51475,34.52189],[132.51475,34.5219],[132.51471,34.522],[132.51468,34.52208],[132.51466,34.52215],[132.51464,34.52218],[132.51459,34.52232],[132.51455,34.52242],[132.51452,34.5225],[132.51447,34.52261],[132.51443,34.52271],[132.51441,34.52279],[132.51437,34.52287],[132.51434,34.52296],[132.5143,34.52307],[132.51428,34.52315],[132.51419,34.52338],[132.51416,34.52345],[132.51425,34.52345],[132.51423,34.52358],[132.51421,34.52369],[132.5142,34.5238],[132.5142,34.52392],[132.5142,34.52402],[132.51421,34.52415],[132.51423,34.52429],[132.51424,34.52437],[132.51426,34.52446],[132.5143,34.52462],[132.51434,34.52472],[132.51436,34.52477],[132.5144,34.52487],[132.51442,34.52493],[132.51443,34.52494],[132.51448,34.52507],[132.51454,34.5252],[132.51459,34.52531],[132.51464,34.52542],[132.51471,34.52554],[132.51477,34.52564],[132.51477,34.52565],[132.51477,34.52565],[132.51485,34.52579],[132.51491,34.52588],[132.51498,34.52599],[132.51507,34.52611],[132.51513,34.52618],[132.51521,34.52626],[132.51527,34.52633],[132.51536,34.52642],[132.51544,34.52648],[132.5155,34.52654],[132.51558,34.5266],[132.51569,34.52668],[132.5158,34.52676],[132.51593,34.52685],[132.51603,34.52692],[132.51612,34.52696],[132.51618,34.527],[132.5162,34.52702],[132.51632,34.52709],[132.51647,34.52719],[132.51665,34.52729],[132.51668,34.5273],[132.51684,34.52743],[132.51686,34.52741],[132.51701,34.52724],[132.51696,34.52723],[132.51692,34.52721],[132.51688,34.52718],[132.51685,34.52716],[132.51682,34.52712],[132.5168,34.52708],[132.51677,34.52703],[132.51674,34.52698],[132.51673,34.52693],[132.51671,34.52688],[132.51669,34.52685],[132.51668,34.52682],[132.51666,34.52678],[132.51664,34.52676],[132.51664,34.52674],[132.51663,34.52672],[132.51662,34.5267],[132.51662,34.52668],[132.51663,34.52666],[132.51665,34.52662],[132.51667,34.52659],[132.51668,34.52657],[132.5167,34.52654],[132.5167,34.52653],[132.51672,34.52652],[132.51672,34.52648],[132.5167,34.52644],[132.51666,34.52639],[132.51664,34.52635],[132.51661,34.52633],[132.51659,34.52631],[132.51657,34.52629],[132.51655,34.52627],[132.51652,34.52624],[132.5165,34.5262],[132.51648,34.52617],[132.51646,34.52614],[132.51645,34.52611],[132.51643,34.52603],[132.51641,34.52597],[132.51641,34.52593],[132.5164,34.52588],[132.51636,34.52577],[132.51633,34.52571],[132.5163,34.52564],[132.51627,34.52557],[132.51624,34.52552],[132.51624,34.52551],[132.51607,34.5254],[132.51609,34.52534],[132.5161,34.52531],[132.51611,34.52529],[132.51612,34.52525],[132.51613,34.52523],[132.51613,34.5252],[132.51614,34.52517],[132.51613,34.52512],[132.5161,34.52505],[132.51608,34.525],[132.51606,34.52493],[132.51603,34.52486],[132.516,34.52477],[132.51596,34.52471],[132.51593,34.52465],[132.51593,34.52462],[132.51593,34.52456],[132.51592,34.52447],[132.51593,34.52441],[132.51593,34.52437],[132.51595,34.52425],[132.51596,34.5241],[132.516,34.52398],[132.51601,34.52388],[132.51602,34.52383],[132.51601,34.52379],[132.516,34.52376],[132.51599,34.52375],[132.51597,34.52373],[132.51597,34.52372],[132.51597,34.52369],[132.51599,34.52366],[132.516,34.52364],[132.51601,34.52361],[132.51601,34.52356],[132.51601,34.52351],[132.51602,34.52347],[132.51603,34.52346],[132.51605,34.52345],[132.51606,34.52342],[132.51606,34.52339],[132.51606,34.52336],[132.51606,34.52332],[132.51604,34.52327],[132.51604,34.52323],[132.51605,34.52319],[132.51605,34.52315],[132.51606,34.52311],[132.51606,34.52309],[132.51607,34.52305],[132.51608,34.52296],[132.51613,34.52268],[132.51615,34.52253],[132.51616,34.5225],[132.51621,34.52218],[132.51626,34.52191],[132.51629,34.52167],[132.51629,34.52162],[132.51632,34.52137],[132.51633,34.52116],[132.51633,34.52091],[132.51633,34.52076],[132.51632,34.52065],[132.51631,34.52059],[132.5163,34.52055],[132.51627,34.5205],[132.51626,34.52049],[132.51625,34.52047]]]}},{"type":"Feature","properties":{"name":"可部東六丁目","setai":283,"jinko":669,"key":"34106741006","units":1},"geometry":{"type":"Polygon","coordinates":[[[132.52664,34.52043],[132.52665,34.52039],[132.52663,34.52038],[132.52661,34.52037],[132.52659,34.52034],[132.5266,34.52016],[132.5266,34.51978],[132.52659,34.51968],[132.5265,34.5196],[132.52643,34.51956],[132.52635,34.5195],[132.52629,34.51946],[132.52625,34.51942],[132.5262,34.51937],[132.52619,34.51932],[132.52618,34.51929],[132.52618,34.51927],[132.52618,34.51923],[132.52618,34.51919],[132.52619,34.51913],[132.52619,34.51911],[132.5262,34.51907],[132.52622,34.51899],[132.52627,34.51892],[132.5263,34.51888],[132.52636,34.51882],[132.52645,34.51876],[132.52653,34.51871],[132.52657,34.51869],[132.52659,34.51868],[132.5266,34.51867],[132.5266,34.51866],[132.52659,34.51865],[132.52652,34.51858],[132.5265,34.51857],[132.52638,34.51849],[132.52631,34.51845],[132.52629,34.51845],[132.52618,34.51839],[132.52607,34.51832],[132.52594,34.51822],[132.52589,34.51818],[132.52584,34.51812],[132.52581,34.51809],[132.52576,34.51801],[132.5257,34.51793],[132.52567,34.5179],[132.52562,34.51787],[132.5255,34.51783],[132.52524,34.51768],[132.5245,34.51743],[132.52435,34.51736],[132.52415,34.51733],[132.52388,34.51728],[132.52371,34.51724],[132.52377,34.51711],[132.52402,34.51703],[132.52412,34.51698],[132.52414,34.51696],[132.52415,34.51694],[132.52415,34.51692],[132.52417,34.5169],[132.52415,34.5168],[132.52413,34.51665],[132.52407,34.51661],[132.52397,34.51663],[132.52382,34.51668],[132.52372,34.51671],[132.52358,34.51674],[132.52345,34.51677],[132.52329,34.5168],[132.52329,34.5168],[132.52313,34.51682],[132.52303,34.51683],[132.52296,34.51683],[132.5225,34.51674],[132.52249,34.51674],[132.52246,34.51677],[132.52241,34.51685],[132.52213,34.51686],[132.52206,34.51685],[132.52194,34.51683],[132.52174,34.51683],[132.52169,34.51683],[132.52165,34.51684],[132.52162,34.51685],[132.52136,34.51696],[132.5212,34.517],[132.52113,34.51701],[132.52108,34.51699],[132.52081,34.51683],[132.5206,34.51706],[132.52058,34.51708],[132.52055,34.51717],[132.52056,34.51719],[132.52069,34.51732],[132.52074,34.51738],[132.52077,34.51745],[132.5208,34.51759],[132.52084,34.51771],[132.52072,34.51781],[132.52044,34.51813],[132.52039,34.51815],[132.52024,34.51815],[132.52016,34.51816],[132.52005,34.51822],[132.5199,34.51827],[132.51975,34.51832],[132.51985,34.51837],[132.51994,34.5184],[132.52014,34.51845],[132.52019,34.51847],[132.52052,34.51859],[132.52059,34.51861],[132.52069,34.51864],[132.52072,34.51868],[132.52067,34.5188],[132.52079,34.51893],[132.52086,34.51898],[132.52103,34.51905],[132.52103,34.51907],[132.52104,34.5191],[132.52104,34.51911],[132.52104,34.51913],[132.52105,34.51915],[132.52107,34.51919],[132.52111,34.51923],[132.52116,34.51927],[132.52116,34.51927],[132.5212,34.51929],[132.52122,34.5193],[132.52127,34.51933],[132.52133,34.51935],[132.52137,34.51937],[132.5214,34.51937],[132.52142,34.51938],[132.52145,34.51937],[132.52151,34.51935],[132.52156,34.51933],[132.52157,34.51932],[132.52162,34.51934],[132.52168,34.51936],[132.52175,34.51939],[132.5218,34.51942],[132.52182,34.51944],[132.52186,34.51945],[132.52192,34.51946],[132.52196,34.51947],[132.52196,34.51969],[132.52203,34.51983],[132.52216,34.51986],[132.5223,34.51982],[132.52253,34.51968],[132.52258,34.51976],[132.52263,34.51981],[132.52268,34.51986],[132.52274,34.51992],[132.52281,34.51995],[132.5229,34.51998],[132.52297,34.52],[132.5231,34.52004],[132.52316,34.52007],[132.52323,34.52008],[132.52328,34.5201],[132.52334,34.52011],[132.52341,34.52013],[132.52347,34.52014],[132.52354,34.52016],[132.52359,34.52018],[132.52364,34.52021],[132.52374,34.52025],[132.52385,34.52031],[132.52395,34.52038],[132.52404,34.52045],[132.52409,34.52048],[132.52412,34.5205],[132.5242,34.52044],[132.52423,34.52042],[132.5243,34.5205],[132.52437,34.52059],[132.52454,34.5208],[132.52458,34.52085],[132.52459,34.52087],[132.52464,34.52093],[132.52472,34.52102],[132.52478,34.52108],[132.52481,34.52111],[132.52483,34.52113],[132.52485,34.52115],[132.52486,34.52116],[132.52494,34.52122],[132.52501,34.52125],[132.52508,34.52127],[132.52512,34.52128],[132.52521,34.52131],[132.52531,34.52133],[132.52543,34.52137],[132.52559,34.52142],[132.5256,34.52143],[132.52568,34.52146],[132.52575,34.52148],[132.52581,34.5215],[132.52581,34.5215],[132.5259,34.52152],[132.52596,34.52154],[132.52602,34.52158],[132.52605,34.5216],[132.52613,34.52167],[132.5264,34.5218],[132.5266,34.52182],[132.52674,34.52179],[132.52681,34.52172],[132.52679,34.52158],[132.52655,34.52127],[132.52632,34.52097],[132.52632,34.52094],[132.52634,34.5209],[132.52641,34.52081],[132.52648,34.52072],[132.52653,34.52064],[132.52658,34.52058],[132.52661,34.52053],[132.52663,34.52049],[132.52664,34.52043]]]}},{"type":"Feature","properties":{"name":"可部南一丁目","setai":808,"jinko":1768,"key":"34106742001","units":1},"geometry":{"type":"Polygon","coordinates":[[[132.51316,34.50088],[132.5138,34.50072],[132.51386,34.50072],[132.51391,34.50079],[132.51397,34.50082],[132.51402,34.50081],[132.51411,34.50078],[132.5145,34.50069],[132.51451,34.50055],[132.51456,34.49969],[132.5146,34.49882],[132.51461,34.49868],[132.51462,34.49861],[132.51463,34.49858],[132.51464,34.49854],[132.51465,34.4985],[132.51466,34.49846],[132.51469,34.49842],[132.51471,34.49838],[132.51473,34.49834],[132.51476,34.49829],[132.51479,34.49826],[132.51481,34.49824],[132.51486,34.49818],[132.51493,34.49812],[132.515,34.49807],[132.51508,34.49803],[132.51518,34.49799],[132.51528,34.49795],[132.51537,34.49792],[132.51552,34.49788],[132.51558,34.49786],[132.51578,34.49779],[132.51597,34.49772],[132.51609,34.49769],[132.51632,34.49761],[132.51646,34.49756],[132.5166,34.49752],[132.51689,34.49742],[132.51711,34.49736],[132.51718,34.49733],[132.51731,34.49723],[132.51738,34.49715],[132.51745,34.49704],[132.51752,34.49693],[132.51758,34.49684],[132.51759,34.49682],[132.51769,34.49668],[132.51778,34.49659],[132.51786,34.49651],[132.51779,34.49648],[132.5177,34.49644],[132.51751,34.49633],[132.51729,34.49615],[132.51697,34.49589],[132.51661,34.4956],[132.51625,34.4953],[132.5159,34.49498],[132.5157,34.49477],[132.5155,34.49451],[132.51537,34.49427],[132.5153,34.49412],[132.51526,34.49406],[132.5152,34.49389],[132.51511,34.49368],[132.51503,34.49347],[132.51497,34.49329],[132.51491,34.49305],[132.51484,34.4928],[132.51475,34.49253],[132.51466,34.49223],[132.5146,34.492],[132.51451,34.49172],[132.51445,34.49148],[132.51439,34.49125],[132.51432,34.49099],[132.51424,34.49074],[132.51418,34.49052],[132.5141,34.49023],[132.51402,34.48998],[132.51414,34.48989],[132.51405,34.48933],[132.51405,34.4893],[132.514,34.48913],[132.51397,34.48897],[132.51391,34.48883],[132.51385,34.48859],[132.51373,34.48819],[132.51417,34.48806],[132.51086,34.48656],[132.51038,34.48677],[132.51047,34.48687],[132.51067,34.48709],[132.51079,34.48725],[132.5109,34.4874],[132.51099,34.48754],[132.51108,34.48769],[132.51118,34.48792],[132.51123,34.48807],[132.51128,34.48823],[132.51132,34.48844],[132.51135,34.48865],[132.51137,34.48891],[132.51138,34.48914],[132.51138,34.48952],[132.51138,34.49012],[132.51138,34.49032],[132.51136,34.49053],[132.51135,34.49063],[132.51135,34.49068],[132.51132,34.49083],[132.51113,34.49165],[132.51092,34.49248],[132.51087,34.49268],[132.51078,34.49304],[132.51072,34.49333],[132.51067,34.49351],[132.5106,34.49374],[132.51049,34.49402],[132.51043,34.49416],[132.51034,34.49439],[132.51031,34.49445],[132.51028,34.49453],[132.51022,34.49475],[132.5102,34.49484],[132.51019,34.4949],[132.51018,34.49495],[132.51014,34.49526],[132.51013,34.49538],[132.51011,34.49554],[132.5101,34.49568],[132.5101,34.49583],[132.5101,34.49631],[132.5101,34.49634],[132.51011,34.49642],[132.51022,34.49678],[132.51032,34.49704],[132.51041,34.4973],[132.51052,34.49762],[132.51065,34.49795],[132.51076,34.49823],[132.51085,34.49846],[132.51086,34.49849],[132.51088,34.49864],[132.51091,34.49891],[132.51091,34.49893],[132.51091,34.49899],[132.51092,34.49921],[132.51092,34.49951],[132.51092,34.49974],[132.51092,34.5],[132.51092,34.50002],[132.51092,34.50009],[132.51091,34.50018],[132.51091,34.50031],[132.51232,34.50034],[132.51233,34.50033],[132.51237,34.50026],[132.51242,34.50018],[132.51245,34.50013],[132.51246,34.50014],[132.51249,34.50017],[132.51254,34.50024],[132.51254,34.50024],[132.51262,34.50034],[132.51267,34.50047],[132.51277,34.50075],[132.51283,34.50094],[132.51284,34.50096],[132.51296,34.50094],[132.51301,34.50092],[132.51306,34.5009],[132.51316,34.50088]]]}},{"type":"Feature","properties":{"name":"可部南二丁目","setai":535,"jinko":1132,"key":"34106742002","units":1},"geometry":{"type":"Polygon","coordinates":[[[132.51655,34.50723],[132.51673,34.50702],[132.51695,34.50676],[132.51715,34.50655],[132.51732,34.50638],[132.51752,34.50617],[132.51771,34.50598],[132.51778,34.50591],[132.51782,34.50586],[132.51784,34.50584],[132.5179,34.50578],[132.51802,34.50564],[132.51819,34.50545],[132.51841,34.50522],[132.51863,34.50502],[132.51873,34.50494],[132.51876,34.50491],[132.51865,34.50488],[132.51866,34.50487],[132.51875,34.50479],[132.51892,34.50464],[132.51909,34.50448],[132.51929,34.50429],[132.51955,34.50406],[132.51973,34.50391],[132.51992,34.50373],[132.52008,34.50359],[132.52023,34.50344],[132.52037,34.50333],[132.52046,34.50324],[132.52052,34.50314],[132.52059,34.503],[132.52065,34.50287],[132.52067,34.50276],[132.5207,34.5026],[132.5207,34.50259],[132.5207,34.50241],[132.5207,34.50224],[132.52069,34.50207],[132.52065,34.50188],[132.5206,34.50173],[132.52061,34.50154],[132.52052,34.50141],[132.52043,34.50132],[132.52028,34.50116],[132.52014,34.501],[132.51996,34.50077],[132.51977,34.50057],[132.51969,34.50047],[132.51957,34.50033],[132.51946,34.5002],[132.51938,34.50008],[132.51937,34.50007],[132.51932,34.49998],[132.51921,34.49985],[132.51908,34.49974],[132.51903,34.49968],[132.51899,34.49962],[132.51896,34.49955],[132.51894,34.4995],[132.51893,34.49941],[132.51893,34.49937],[132.51892,34.4993],[132.5189,34.49906],[132.51891,34.49898],[132.51892,34.4988],[132.51893,34.49872],[132.51894,34.49867],[132.51892,34.49853],[132.51891,34.4982],[132.51888,34.49778],[132.51885,34.49765],[132.51883,34.49759],[132.51881,34.49752],[132.51881,34.49748],[132.51877,34.49733],[132.51856,34.4971],[132.51826,34.49678],[132.51808,34.49662],[132.51807,34.49661],[132.518,34.49657],[132.51791,34.49652],[132.51786,34.49651],[132.51778,34.49659],[132.51769,34.49668],[132.51759,34.49682],[132.51758,34.49684],[132.51752,34.49693],[132.51745,34.49704],[132.51738,34.49715],[132.51731,34.49723],[132.51718,34.49733],[132.51711,34.49736],[132.51689,34.49742],[132.5166,34.49752],[132.51646,34.49756],[132.51632,34.49761],[132.51609,34.49769],[132.51606,34.49777],[132.51604,34.49784],[132.51604,34.49789],[132.51606,34.49793],[132.51611,34.4981],[132.51611,34.49812],[132.5161,34.49817],[132.51603,34.49826],[132.51592,34.49839],[132.5159,34.49842],[132.51582,34.4985],[132.5158,34.49851],[132.51583,34.49853],[132.51597,34.49871],[132.51601,34.49873],[132.51605,34.49877],[132.51613,34.49904],[132.51616,34.49908],[132.51622,34.4991],[132.51636,34.49958],[132.51638,34.4996],[132.51639,34.49963],[132.51647,34.49963],[132.5165,34.49963],[132.5165,34.49966],[132.51652,34.49978],[132.51656,34.50014],[132.51664,34.50068],[132.51665,34.50076],[132.51675,34.501],[132.51677,34.5011],[132.51678,34.50114],[132.51679,34.50117],[132.51683,34.50133],[132.5168,34.5014],[132.5167,34.50152],[132.51663,34.50159],[132.51663,34.50159],[132.51659,34.50163],[132.51637,34.50183],[132.5161,34.5021],[132.51608,34.50214],[132.51605,34.50221],[132.51603,34.50225],[132.51593,34.50242],[132.51589,34.50245],[132.51566,34.50272],[132.51564,34.50277],[132.51561,34.50284],[132.51552,34.50298],[132.51548,34.50303],[132.51534,34.50326],[132.51532,34.5033],[132.51478,34.50418],[132.51481,34.50433],[132.51483,34.50434],[132.51485,34.50435],[132.51485,34.50435],[132.5145,34.50463],[132.51453,34.50477],[132.51454,34.50493],[132.51453,34.50508],[132.51455,34.50509],[132.51524,34.50535],[132.51522,34.5054],[132.51508,34.50565],[132.51503,34.50575],[132.51494,34.50594],[132.5149,34.50602],[132.51487,34.50608],[132.51486,34.50612],[132.51483,34.5062],[132.51477,34.50645],[132.51472,34.50659],[132.51474,34.50667],[132.51504,34.50676],[132.51539,34.50687],[132.51547,34.50691],[132.51563,34.507],[132.51577,34.50706],[132.51581,34.50706],[132.51598,34.50707],[132.51611,34.5071],[132.51619,34.50709],[132.51651,34.50727],[132.51655,34.50723]]]}},{"type":"Feature","properties":{"name":"可部南三丁目","setai":394,"jinko":879,"key":"34106742003","units":1},"geometry":{"type":"Polygon","coordinates":[[[132.51675,34.501],[132.51665,34.50076],[132.51664,34.50068],[132.51656,34.50014],[132.51652,34.49978],[132.5165,34.49966],[132.5165,34.49963],[132.51647,34.49963],[132.51639,34.49963],[132.51638,34.4996],[132.51636,34.49958],[132.51622,34.4991],[132.51616,34.49908],[132.51613,34.49904],[132.51605,34.49877],[132.51601,34.49873],[132.51597,34.49871],[132.51583,34.49853],[132.5158,34.49851],[132.51582,34.4985],[132.5159,34.49842],[132.51592,34.49839],[132.51603,34.49826],[132.5161,34.49817],[132.51611,34.49812],[132.51611,34.4981],[132.51606,34.49793],[132.51604,34.49789],[132.51604,34.49784],[132.51606,34.49777],[132.51609,34.49769],[132.51597,34.49772],[132.51578,34.49779],[132.51558,34.49786],[132.51552,34.49788],[132.51537,34.49792],[132.51528,34.49795],[132.51518,34.49799],[132.51508,34.49803],[132.515,34.49807],[132.51493,34.49812],[132.51486,34.49818],[132.51481,34.49824],[132.51479,34.49826],[132.51476,34.49829],[132.51473,34.49834],[132.51471,34.49838],[132.51469,34.49842],[132.51466,34.49846],[132.51465,34.4985],[132.51464,34.49854],[132.51463,34.49858],[132.51462,34.49861],[132.51461,34.49868],[132.5146,34.49882],[132.51456,34.49969],[132.51451,34.50055],[132.5145,34.50069],[132.51411,34.50078],[132.51402,34.50081],[132.51397,34.50082],[132.51391,34.50079],[132.51386,34.50072],[132.5138,34.50072],[132.51316,34.50088],[132.51306,34.5009],[132.51301,34.50092],[132.51296,34.50094],[132.51284,34.50096],[132.51305,34.50154],[132.51327,34.50223],[132.51328,34.50226],[132.51331,34.50236],[132.51364,34.50344],[132.51365,34.50345],[132.51367,34.50352],[132.51382,34.5041],[132.51384,34.50428],[132.51385,34.50439],[132.51385,34.50449],[132.5138,34.50477],[132.51379,34.5048],[132.51387,34.50481],[132.51416,34.50489],[132.51418,34.5049],[132.5142,34.50491],[132.51444,34.50505],[132.51447,34.50506],[132.51453,34.50508],[132.51454,34.50493],[132.51453,34.50477],[132.5145,34.50463],[132.51485,34.50435],[132.51485,34.50435],[132.51483,34.50434],[132.51481,34.50433],[132.51478,34.50418],[132.51532,34.5033],[132.51534,34.50326],[132.51548,34.50303],[132.51552,34.50298],[132.51561,34.50284],[132.51564,34.50277],[132.51566,34.50272],[132.51589,34.50245],[132.51593,34.50242],[132.51603,34.50225],[132.51605,34.50221],[132.51608,34.50214],[132.5161,34.5021],[132.51637,34.50183],[132.51659,34.50163],[132.51663,34.50159],[132.51663,34.50159],[132.5167,34.50152],[132.5168,34.5014],[132.51683,34.50133],[132.51679,34.50117],[132.51678,34.50114],[132.51677,34.5011],[132.51675,34.501]]]}},{"type":"Feature","properties":{"name":"可部南四丁目","setai":655,"jinko":1113,"key":"34106742004","units":1},"geometry":{"type":"Polygon","coordinates":[[[132.50933,34.51129],[132.51056,34.51105],[132.51058,34.511],[132.51067,34.51075],[132.51087,34.51026],[132.51107,34.50973],[132.51109,34.50972],[132.51115,34.50957],[132.51119,34.5095],[132.51132,34.50932],[132.51133,34.5093],[132.51136,34.50926],[132.51241,34.50796],[132.51251,34.50784],[132.51259,34.50773],[132.51265,34.50766],[132.51281,34.50728],[132.51283,34.50722],[132.51285,34.5072],[132.51309,34.50669],[132.51311,34.50665],[132.51346,34.50591],[132.51348,34.50587],[132.51359,34.50562],[132.51367,34.50532],[132.51377,34.50489],[132.51378,34.50487],[132.51379,34.5048],[132.5138,34.50477],[132.51385,34.50449],[132.51385,34.50439],[132.51384,34.50428],[132.51382,34.5041],[132.51367,34.50352],[132.51365,34.50345],[132.51364,34.50344],[132.51331,34.50236],[132.51328,34.50226],[132.51327,34.50223],[132.51305,34.50154],[132.51284,34.50096],[132.51283,34.50094],[132.51277,34.50075],[132.51267,34.50047],[132.51262,34.50034],[132.51254,34.50024],[132.51254,34.50024],[132.51249,34.50017],[132.51246,34.50014],[132.51245,34.50013],[132.51242,34.50018],[132.51237,34.50026],[132.51233,34.50033],[132.51232,34.50034],[132.51091,34.50031],[132.5109,34.50037],[132.51089,34.50056],[132.51088,34.50076],[132.51087,34.50091],[132.51086,34.50109],[132.51084,34.50137],[132.51081,34.50162],[132.51078,34.50191],[132.51076,34.50214],[132.51076,34.50216],[132.51075,34.50223],[132.51073,34.50231],[132.5107,34.5024],[132.51067,34.5025],[132.51059,34.50272],[132.51039,34.50327],[132.50999,34.50423],[132.50971,34.50492],[132.50955,34.5053],[132.50941,34.50562],[132.50925,34.50598],[132.50919,34.50611],[132.50902,34.5064],[132.50896,34.50652],[132.50891,34.50658],[132.50879,34.50675],[132.50852,34.50711],[132.50841,34.50726],[132.50778,34.50809],[132.5076,34.50834],[132.5075,34.50846],[132.50739,34.50859],[132.50739,34.5086],[132.50722,34.50881],[132.5072,34.50884],[132.50719,34.50885],[132.50706,34.50902],[132.50702,34.50907],[132.50626,34.51006],[132.50764,34.51095],[132.50843,34.51111],[132.50846,34.51112],[132.50893,34.51121],[132.50928,34.51128],[132.50928,34.51128],[132.50933,34.51129]]]}},{"type":"Feature","properties":{"name":"可部南五丁目","setai":322,"jinko":652,"key":"34106742005","units":1},"geometry":{"type":"Polygon","coordinates":[[[132.51184,34.51051],[132.51185,34.51044],[132.51197,34.51046],[132.51216,34.51039],[132.51223,34.51036],[132.51223,34.51036],[132.51224,34.51036],[132.51232,34.51037],[132.51239,34.51037],[132.51254,34.51033],[132.51264,34.51036],[132.51267,34.51038],[132.51296,34.51049],[132.51306,34.51053],[132.51309,34.51049],[132.51318,34.51039],[132.51327,34.5103],[132.51335,34.51023],[132.51344,34.51015],[132.51353,34.51008],[132.51363,34.51001],[132.51375,34.50992],[132.51388,34.50983],[132.51399,34.50975],[132.51412,34.50966],[132.51424,34.50959],[132.51436,34.5095],[132.51449,34.5094],[132.51452,34.50938],[132.51456,34.50934],[132.51461,34.5093],[132.51473,34.50921],[132.51488,34.50909],[132.515,34.50898],[132.51504,34.50894],[132.51515,34.50884],[132.51539,34.50861],[132.51558,34.50839],[132.51565,34.50831],[132.5157,34.50825],[132.51583,34.5081],[132.51592,34.508],[132.51605,34.50785],[132.51614,34.50773],[132.51624,34.50759],[132.51641,34.5074],[132.51651,34.50727],[132.51619,34.50709],[132.51611,34.5071],[132.51598,34.50707],[132.51581,34.50706],[132.51577,34.50706],[132.51563,34.507],[132.51547,34.50691],[132.51539,34.50687],[132.51504,34.50676],[132.51474,34.50667],[132.51472,34.50659],[132.51477,34.50645],[132.51483,34.5062],[132.51486,34.50612],[132.51487,34.50608],[132.5149,34.50602],[132.51494,34.50594],[132.51503,34.50575],[132.51508,34.50565],[132.51522,34.5054],[132.51524,34.50535],[132.51455,34.50509],[132.51453,34.50508],[132.51447,34.50506],[132.51444,34.50505],[132.5142,34.50491],[132.51418,34.5049],[132.51416,34.50489],[132.51387,34.50481],[132.51379,34.5048],[132.51378,34.50487],[132.51377,34.50489],[132.51367,34.50532],[132.51359,34.50562],[132.51348,34.50587],[132.51346,34.50591],[132.51311,34.50665],[132.51309,34.50669],[132.51285,34.5072],[132.51283,34.50722],[132.51281,34.50728],[132.51265,34.50766],[132.51259,34.50773],[132.51251,34.50784],[132.51241,34.50796],[132.51136,34.50926],[132.51133,34.5093],[132.51132,34.50932],[132.51119,34.5095],[132.51115,34.50957],[132.51109,34.50972],[132.51107,34.50973],[132.51087,34.51026],[132.51067,34.51075],[132.51058,34.511],[132.51056,34.51105],[132.51115,34.51094],[132.51116,34.51088],[132.51119,34.5107],[132.51128,34.51067],[132.51135,34.51065],[132.51147,34.51061],[132.51161,34.51058],[132.51174,34.51054],[132.51184,34.51051]]]}},{"type":"Feature","properties":{"name":"亀山一丁目","setai":356,"jinko":894,"key":"34106743001","units":1},"geometry":{"type":"Polygon","coordinates":[[[132.50542,34.51661],[132.50542,34.51661],[132.5054,34.5166],[132.50535,34.51661],[132.50529,34.51661],[132.50522,34.5166],[132.50518,34.51659],[132.50514,34.51657],[132.5051,34.51653],[132.50505,34.51646],[132.50498,34.51635],[132.50496,34.51633],[132.50492,34.5163],[132.50477,34.51622],[132.50475,34.51621],[132.50473,34.51619],[132.50473,34.51617],[132.50473,34.51614],[132.50477,34.51601],[132.50478,34.51587],[132.50484,34.51582],[132.5049,34.51577],[132.50493,34.51574],[132.50494,34.51571],[132.50494,34.51566],[132.50491,34.51549],[132.5049,34.51544],[132.50488,34.51541],[132.50485,34.51537],[132.5048,34.51533],[132.50472,34.5153],[132.50442,34.5153],[132.50437,34.51529],[132.50431,34.51528],[132.50427,34.51526],[132.50425,34.51523],[132.50423,34.51521],[132.50413,34.51494],[132.50409,34.5149],[132.50389,34.51481],[132.50376,34.51468],[132.50359,34.51457],[132.50353,34.51455],[132.50337,34.51452],[132.50333,34.51447],[132.50331,34.51437],[132.50328,34.51421],[132.50323,34.51413],[132.5032,34.51409],[132.50319,34.51403],[132.50318,34.514],[132.5028,34.51335],[132.50273,34.51324],[132.50217,34.51349],[132.50205,34.51354],[132.5019,34.51362],[132.5018,34.51366],[132.50175,34.51367],[132.50153,34.51375],[132.50125,34.51385],[132.50105,34.51391],[132.50078,34.51399],[132.50055,34.51405],[132.49999,34.51419],[132.49992,34.51421],[132.49984,34.51422],[132.49977,34.51424],[132.4997,34.51425],[132.49956,34.51428],[132.4993,34.51432],[132.49909,34.51436],[132.49907,34.51437],[132.49904,34.51437],[132.49885,34.51439],[132.49853,34.51443],[132.49836,34.51444],[132.49829,34.51445],[132.49837,34.51496],[132.49838,34.5151],[132.49841,34.51525],[132.49841,34.51525],[132.49842,34.51534],[132.49839,34.51556],[132.49837,34.51575],[132.49837,34.51576],[132.49837,34.51576],[132.49835,34.51592],[132.49833,34.51597],[132.4983,34.5161],[132.49828,34.51626],[132.49827,34.51639],[132.49826,34.51652],[132.49827,34.51659],[132.49827,34.51667],[132.49828,34.51676],[132.49828,34.51678],[132.49828,34.51687],[132.49829,34.51695],[132.49828,34.5171],[132.49828,34.51716],[132.49828,34.51717],[132.49827,34.51722],[132.49914,34.51716],[132.50034,34.51706],[132.50055,34.51705],[132.50194,34.51694],[132.50229,34.51691],[132.50253,34.51689],[132.50336,34.51683],[132.50479,34.51672],[132.50544,34.51667],[132.50543,34.51663],[132.50543,34.51662],[132.50542,34.51661]]]}},{"type":"Feature","properties":{"name":"亀山二丁目","setai":689,"jinko":1487,"key":"34106743002","units":1},"geometry":{"type":"Polygon","coordinates":[[[132.50545,34.51674],[132.50544,34.51667],[132.50479,34.51672],[132.50336,34.51683],[132.50253,34.51689],[132.50229,34.51691],[132.50194,34.51694],[132.50055,34.51705],[132.50034,34.51706],[132.49914,34.51716],[132.49827,34.51722],[132.49825,34.51728],[132.49822,34.51737],[132.49822,34.51738],[132.49819,34.51745],[132.49818,34.51749],[132.49812,34.51767],[132.49809,34.5178],[132.49806,34.51788],[132.49805,34.51795],[132.49807,34.5181],[132.49811,34.51829],[132.49817,34.51849],[132.49822,34.51866],[132.49824,34.51878],[132.49826,34.51892],[132.49827,34.51901],[132.49826,34.51909],[132.49823,34.51917],[132.49818,34.51926],[132.49813,34.51935],[132.49809,34.51942],[132.49807,34.51948],[132.49806,34.51949],[132.49804,34.51955],[132.49803,34.51955],[132.498,34.5197],[132.49797,34.51983],[132.49797,34.51994],[132.49798,34.52009],[132.49803,34.52024],[132.49805,34.52031],[132.49809,34.52037],[132.49817,34.5205],[132.49826,34.52069],[132.4983,34.52076],[132.49833,34.52078],[132.49835,34.52083],[132.4984,34.5209],[132.49841,34.52093],[132.49842,34.52096],[132.49846,34.52104],[132.49847,34.5211],[132.49849,34.52119],[132.49852,34.52132],[132.4985,34.52138],[132.49849,34.52143],[132.49864,34.52139],[132.49881,34.52135],[132.50094,34.52088],[132.50099,34.52087],[132.50177,34.5207],[132.50181,34.5207],[132.50261,34.52053],[132.50305,34.52044],[132.50388,34.52033],[132.50511,34.52017],[132.50623,34.52003],[132.50674,34.51997],[132.50677,34.51996],[132.50671,34.51987],[132.50654,34.51969],[132.50646,34.51959],[132.50638,34.5195],[132.50633,34.5194],[132.50627,34.5192],[132.50627,34.51917],[132.50623,34.519],[132.50622,34.51898],[132.50618,34.51884],[132.50616,34.51864],[132.50615,34.51862],[132.50614,34.5186],[132.5061,34.51854],[132.50609,34.51851],[132.50602,34.51828],[132.50602,34.51824],[132.50603,34.51818],[132.50604,34.51814],[132.50604,34.51812],[132.50604,34.51806],[132.50602,34.51799],[132.506,34.51793],[132.50594,34.51786],[132.5059,34.5178],[132.50588,34.51774],[132.50587,34.51764],[132.50585,34.51755],[132.50579,34.51731],[132.50577,34.51725],[132.50574,34.5172],[132.50573,34.51719],[132.50572,34.51717],[132.50567,34.51711],[132.50562,34.51706],[132.50555,34.51698],[132.50554,34.51696],[132.50549,34.51685],[132.50546,34.51678],[132.50545,34.51674]]]}},{"type":"Feature","properties":{"name":"亀山三丁目","setai":601,"jinko":1412,"key":"34106743003","units":1},"geometry":{"type":"Polygon","coordinates":[[[132.50462,34.52223],[132.5047,34.52221],[132.50483,34.52222],[132.50485,34.52222],[132.50499,34.52224],[132.50523,34.52233],[132.50528,34.52231],[132.50538,34.52226],[132.50567,34.5222],[132.50598,34.5222],[132.5064,34.52219],[132.50639,34.52212],[132.50639,34.52206],[132.50639,34.52202],[132.50639,34.52201],[132.50659,34.52203],[132.50671,34.52204],[132.50668,34.522],[132.50661,34.52193],[132.50654,34.52184],[132.5065,34.52176],[132.5065,34.5217],[132.50649,34.52164],[132.5065,34.52156],[132.50651,34.52146],[132.50654,34.52139],[132.50656,34.52135],[132.50656,34.52123],[132.50656,34.52111],[132.5066,34.52087],[132.5066,34.52084],[132.50658,34.52076],[132.50658,34.52073],[132.50659,34.52072],[132.50665,34.52066],[132.50667,34.52063],[132.50669,34.52054],[132.50676,34.52012],[132.50677,34.52005],[132.50677,34.51997],[132.50677,34.51996],[132.50674,34.51997],[132.50623,34.52003],[132.50511,34.52017],[132.50388,34.52033],[132.50305,34.52044],[132.50261,34.52053],[132.50181,34.5207],[132.50177,34.5207],[132.50099,34.52087],[132.50094,34.52088],[132.49881,34.52135],[132.49886,34.52207],[132.49891,34.52283],[132.49895,34.52362],[132.49898,34.52399],[132.49904,34.52495],[132.49929,34.52488],[132.50003,34.52467],[132.50007,34.52466],[132.50029,34.5246],[132.50168,34.52421],[132.5023,34.52404],[132.50286,34.52386],[132.50429,34.52341],[132.50475,34.52329],[132.50471,34.52321],[132.50469,34.52305],[132.50465,34.52285],[132.50467,34.52268],[132.50462,34.52243],[132.50461,34.52231],[132.50462,34.52223]]]}},{"type":"Feature","properties":{"name":"亀山四丁目","setai":359,"jinko":880,"key":"34106743004","units":1},"geometry":{"type":"Polygon","coordinates":[[[132.49904,34.52495],[132.49898,34.52399],[132.49895,34.52362],[132.49891,34.52283],[132.49886,34.52207],[132.49881,34.52135],[132.49864,34.52139],[132.49849,34.52143],[132.49847,34.52153],[132.49843,34.52159],[132.49839,34.52163],[132.49836,34.52168],[132.4983,34.52174],[132.49828,34.52175],[132.49825,34.52178],[132.49822,34.52179],[132.49818,34.52182],[132.49814,34.52184],[132.49809,34.52185],[132.49804,34.52188],[132.49769,34.522],[132.49764,34.52202],[132.49759,34.52204],[132.49755,34.52205],[132.49751,34.52208],[132.49745,34.52211],[132.4974,34.52215],[132.49736,34.52217],[132.49735,34.52219],[132.49733,34.52221],[132.49732,34.52222],[132.49728,34.52227],[132.49726,34.52231],[132.49724,34.52234],[132.49723,34.52238],[132.49721,34.52242],[132.49719,34.52247],[132.49719,34.52248],[132.49718,34.52251],[132.49717,34.52255],[132.49717,34.52258],[132.49716,34.52262],[132.49715,34.52266],[132.49713,34.5227],[132.49712,34.52274],[132.4971,34.52278],[132.49707,34.52282],[132.49706,34.52284],[132.49695,34.52293],[132.49691,34.52296],[132.49689,34.52298],[132.49687,34.52299],[132.49685,34.523],[132.49679,34.52303],[132.49675,34.52305],[132.49674,34.52305],[132.49673,34.52305],[132.49668,34.52307],[132.49664,34.52308],[132.49658,34.5231],[132.49654,34.52311],[132.49649,34.52313],[132.49643,34.52315],[132.49639,34.52316],[132.49633,34.52318],[132.49628,34.5232],[132.4962,34.52323],[132.49619,34.52324],[132.49608,34.52317],[132.49605,34.52314],[132.49601,34.52312],[132.49598,34.52311],[132.49595,34.5231],[132.49579,34.52305],[132.49568,34.52302],[132.49561,34.523],[132.49545,34.52294],[132.49537,34.5229],[132.49522,34.52306],[132.49506,34.52324],[132.49494,34.52337],[132.49477,34.52354],[132.49468,34.52363],[132.49449,34.52382],[132.49448,34.52383],[132.49447,34.52384],[132.49429,34.52384],[132.49426,34.52384],[132.49385,34.5237],[132.49383,34.52369],[132.49379,34.52368],[132.49376,34.52368],[132.49368,34.5236],[132.49359,34.52368],[132.49356,34.5237],[132.49339,34.52379],[132.49332,34.52396],[132.4933,34.5241],[132.49329,34.52417],[132.49324,34.52421],[132.49326,34.52427],[132.49332,34.52437],[132.49334,34.52441],[132.49335,34.52442],[132.49333,34.52462],[132.49331,34.52469],[132.49332,34.52477],[132.4934,34.52475],[132.49343,34.52476],[132.49344,34.52476],[132.4935,34.52486],[132.4935,34.52492],[132.49357,34.52509],[132.49361,34.52524],[132.49366,34.52537],[132.49371,34.5255],[132.4942,34.52553],[132.49421,34.52555],[132.49422,34.52559],[132.49422,34.52561],[132.49425,34.52576],[132.49428,34.52587],[132.49429,34.52593],[132.4943,34.52599],[132.4943,34.52607],[132.4943,34.52612],[132.49429,34.52624],[132.49429,34.52631],[132.49434,34.52631],[132.49443,34.5263],[132.49462,34.52623],[132.49465,34.52621],[132.49482,34.52615],[132.49541,34.52598],[132.49548,34.52596],[132.49551,34.52595],[132.49609,34.52579],[132.49656,34.52565],[132.49833,34.52514],[132.49904,34.52495]]]}},{"type":"Feature","properties":{"name":"亀山五丁目","setai":719,"jinko":1743,"key":"34106743005","units":1},"geometry":{"type":"Polygon","coordinates":[[[132.49588,34.53004],[132.49589,34.52998],[132.49593,34.53001],[132.49596,34.53002],[132.49603,34.53],[132.49601,34.52997],[132.49598,34.52988],[132.49595,34.52974],[132.49594,34.52965],[132.49596,34.52956],[132.49598,34.52945],[132.496,34.52936],[132.49601,34.52928],[132.49602,34.52921],[132.49602,34.52914],[132.49602,34.52911],[132.49602,34.52909],[132.49601,34.52906],[132.4961,34.529],[132.4962,34.52893],[132.49628,34.52885],[132.49634,34.52874],[132.49637,34.52865],[132.49637,34.52864],[132.49642,34.52862],[132.49649,34.52862],[132.49673,34.52863],[132.49703,34.52865],[132.49716,34.52865],[132.49716,34.52864],[132.49722,34.52864],[132.49728,34.52861],[132.49737,34.52856],[132.49748,34.52847],[132.4976,34.52839],[132.49767,34.52835],[132.49772,34.52834],[132.49778,34.52834],[132.49784,34.52834],[132.4979,34.52836],[132.49795,34.52841],[132.49801,34.52846],[132.49806,34.52857],[132.4981,34.52866],[132.49813,34.52875],[132.49817,34.52888],[132.4982,34.52897],[132.49823,34.52904],[132.49827,34.52911],[132.4983,34.52913],[132.49831,34.52913],[132.49834,34.52914],[132.49842,34.52914],[132.49851,34.52909],[132.49863,34.52901],[132.49884,34.52887],[132.49892,34.52886],[132.49904,34.52886],[132.49915,34.52889],[132.49924,34.52888],[132.49926,34.52884],[132.49927,34.52884],[132.4993,34.52879],[132.4993,34.52869],[132.49931,34.5286],[132.49931,34.52854],[132.49932,34.52849],[132.49934,34.52845],[132.49941,34.52841],[132.49961,34.52837],[132.49973,34.52835],[132.49983,34.52834],[132.49992,34.52832],[132.49992,34.52837],[132.49994,34.52844],[132.49996,34.52859],[132.50006,34.52902],[132.5002,34.529],[132.50032,34.52895],[132.50038,34.52888],[132.50039,34.52882],[132.5004,34.52879],[132.50039,34.52875],[132.50046,34.52874],[132.5005,34.52882],[132.50054,34.5289],[132.50056,34.52895],[132.50062,34.52893],[132.50072,34.52889],[132.50074,34.52887],[132.50083,34.52882],[132.50096,34.52878],[132.50105,34.52875],[132.50108,34.52875],[132.50113,34.52876],[132.50123,34.52879],[132.50134,34.52884],[132.50142,34.52887],[132.50145,34.52893],[132.50137,34.52921],[132.50252,34.52918],[132.50229,34.52871],[132.50225,34.52852],[132.50217,34.52821],[132.50217,34.5282],[132.50217,34.52818],[132.50233,34.52737],[132.50229,34.52729],[132.50227,34.5272],[132.50233,34.52713],[132.50238,34.5271],[132.50237,34.52703],[132.50239,34.52702],[132.50237,34.52693],[132.50236,34.52687],[132.50237,34.5268],[132.50242,34.52677],[132.50244,34.52675],[132.50242,34.52664],[132.50244,34.52658],[132.50248,34.52651],[132.50249,34.52645],[132.50249,34.52644],[132.50248,34.52642],[132.50247,34.52641],[132.50244,34.52638],[132.50241,34.52637],[132.50241,34.52632],[132.50239,34.52626],[132.50241,34.52614],[132.50251,34.52611],[132.50253,34.52598],[132.50252,34.5259],[132.50262,34.52587],[132.50263,34.52584],[132.50266,34.52573],[132.50267,34.52572],[132.50272,34.52568],[132.50281,34.52563],[132.50287,34.52561],[132.50293,34.5256],[132.503,34.52557],[132.50304,34.52552],[132.50304,34.52549],[132.50306,34.52545],[132.50308,34.52543],[132.50309,34.5254],[132.5031,34.52537],[132.50321,34.52529],[132.50319,34.52527],[132.50316,34.52518],[132.50315,34.52515],[132.50315,34.52515],[132.50325,34.52509],[132.50328,34.52507],[132.5033,34.52505],[132.5033,34.52504],[132.5033,34.52501],[132.50335,34.52496],[132.50344,34.52493],[132.50347,34.5249],[132.50349,34.52488],[132.50354,34.52483],[132.50364,34.52477],[132.50366,34.52475],[132.50367,34.52472],[132.50367,34.52471],[132.50368,34.52465],[132.50369,34.52462],[132.50375,34.52458],[132.50381,34.52457],[132.50394,34.52454],[132.50402,34.52452],[132.50405,34.5245],[132.50407,34.52449],[132.50412,34.52432],[132.50418,34.52426],[132.50431,34.52415],[132.50442,34.52399],[132.50449,34.52389],[132.50454,34.5238],[132.50465,34.52378],[132.5047,34.52376],[132.50474,34.52372],[132.50476,34.52365],[132.50489,34.52356],[132.50493,34.52351],[132.50494,34.5235],[132.50492,34.52346],[132.50489,34.52341],[132.50487,34.52338],[132.50482,34.52335],[132.50482,34.52335],[132.50477,34.52333],[132.50476,34.52331],[132.50475,34.52329],[132.50429,34.52341],[132.50286,34.52386],[132.5023,34.52404],[132.50168,34.52421],[132.50029,34.5246],[132.50007,34.52466],[132.50003,34.52467],[132.49929,34.52488],[132.49904,34.52495],[132.49833,34.52514],[132.49656,34.52565],[132.49609,34.52579],[132.49551,34.52595],[132.49548,34.52596],[132.49541,34.52598],[132.49482,34.52615],[132.49465,34.52621],[132.49463,34.52627],[132.49462,34.52633],[132.49457,34.52649],[132.49455,34.52653],[132.49456,34.52656],[132.49456,34.52661],[132.49458,34.52666],[132.49459,34.52671],[132.49461,34.52676],[132.49464,34.52679],[132.49467,34.52682],[132.49467,34.52684],[132.49467,34.52688],[132.49464,34.52691],[132.49461,34.52694],[132.49455,34.52699],[132.49454,34.52702],[132.49453,34.52718],[132.49457,34.52733],[132.49457,34.52734],[132.49456,34.52738],[132.49454,34.52745],[132.49452,34.5275],[132.49452,34.52756],[132.49454,34.52761],[132.49456,34.52769],[132.4946,34.52775],[132.49464,34.52782],[132.49466,34.52786],[132.49467,34.52792],[132.49466,34.52796],[132.49461,34.52798],[132.49458,34.52802],[132.49457,34.52807],[132.49458,34.52822],[132.49459,34.52829],[132.4946,34.52838],[132.49461,34.52845],[132.49464,34.52856],[132.49467,34.52864],[132.49468,34.52871],[132.4947,34.52876],[132.4947,34.52879],[132.49474,34.52877],[132.49476,34.52878],[132.49481,34.52875],[132.49487,34.52872],[132.4949,34.52871],[132.49494,34.5287],[132.49504,34.52868],[132.49509,34.52868],[132.49511,34.52878],[132.49516,34.52883],[132.49518,34.52887],[132.49518,34.52903],[132.49525,34.52918],[132.49525,34.52923],[132.49525,34.5293],[132.49525,34.5294],[132.49525,34.52949],[132.49534,34.52981],[132.49537,34.52984],[132.49537,34.52986],[132.49539,34.5299],[132.49543,34.52996],[132.49545,34.53001],[132.49546,34.53006],[132.49545,34.53011],[132.49546,34.53016],[132.49548,34.53022],[132.4955,34.53027],[132.49553,34.53031],[132.49558,34.53038],[132.4956,34.53036],[132.49563,34.53035],[132.49572,34.53028],[132.49578,34.53019],[132.49584,34.53011],[132.49588,34.53004]]]}},{"type":"Feature","properties":{"name":"亀山六丁目","setai":529,"jinko":1245,"key":"34106743006","units":1},"geometry":{"type":"Polygon","coordinates":[[[132.49465,34.53204],[132.49466,34.53203],[132.4947,34.53203],[132.4947,34.53199],[132.49471,34.53194],[132.49469,34.53188],[132.49466,34.53187],[132.49463,34.53186],[132.49459,34.53184],[132.49456,34.5318],[132.49453,34.53177],[132.49447,34.53162],[132.49444,34.53151],[132.49442,34.53149],[132.49439,34.53147],[132.49435,34.53146],[132.49431,34.53148],[132.49427,34.5315],[132.49423,34.53154],[132.49415,34.53164],[132.49412,34.53167],[132.49412,34.53167],[132.49409,34.53168],[132.49405,34.53167],[132.49405,34.53166],[132.49406,34.53165],[132.49406,34.53162],[132.49405,34.53159],[132.49392,34.53151],[132.49392,34.5315],[132.49376,34.53142],[132.49381,34.53132],[132.49385,34.53123],[132.49388,34.53113],[132.49391,34.531],[132.49388,34.53093],[132.49387,34.53085],[132.49384,34.53072],[132.49384,34.53068],[132.49387,34.53063],[132.4939,34.53062],[132.49394,34.53061],[132.49399,34.53062],[132.49412,34.53066],[132.4942,34.53068],[132.49427,34.53067],[132.49433,34.53065],[132.49437,34.53058],[132.49439,34.53049],[132.49438,34.53038],[132.49436,34.53025],[132.49436,34.5302],[132.49439,34.53015],[132.49445,34.53012],[132.49451,34.53013],[132.49456,34.53015],[132.49462,34.53024],[132.49469,34.53035],[132.49477,34.53039],[132.49486,34.53044],[132.49491,34.53046],[132.49492,34.53047],[132.49492,34.53047],[132.49497,34.53052],[132.49506,34.53057],[132.49515,34.53062],[132.49524,34.53064],[132.49532,34.53063],[132.49541,34.53059],[132.49547,34.53056],[132.49553,34.53052],[132.49556,34.5305],[132.49558,34.53047],[132.49558,34.53042],[132.49558,34.53038],[132.49553,34.53031],[132.4955,34.53027],[132.49548,34.53022],[132.49546,34.53016],[132.49545,34.53011],[132.49546,34.53006],[132.49545,34.53001],[132.49543,34.52996],[132.49539,34.5299],[132.49537,34.52986],[132.49537,34.52984],[132.49534,34.52981],[132.49525,34.52949],[132.49525,34.5294],[132.49525,34.5293],[132.49525,34.52923],[132.49525,34.52918],[132.49518,34.52903],[132.49518,34.52887],[132.49516,34.52883],[132.49511,34.52878],[132.49509,34.52868],[132.49504,34.52868],[132.49494,34.5287],[132.4949,34.52871],[132.49487,34.52872],[132.49481,34.52875],[132.49476,34.52878],[132.49474,34.52877],[132.4947,34.52879],[132.4947,34.52876],[132.49468,34.52871],[132.49467,34.52864],[132.49464,34.52856],[132.49461,34.52845],[132.4946,34.52838],[132.49459,34.52829],[132.49458,34.52822],[132.49457,34.52807],[132.49458,34.52802],[132.49461,34.52798],[132.49466,34.52796],[132.49467,34.52792],[132.49466,34.52786],[132.49464,34.52782],[132.4946,34.52775],[132.49456,34.52769],[132.49454,34.52761],[132.49452,34.52756],[132.49452,34.5275],[132.49454,34.52745],[132.49456,34.52738],[132.49457,34.52734],[132.49457,34.52733],[132.49453,34.52718],[132.49454,34.52702],[132.49455,34.52699],[132.49461,34.52694],[132.49464,34.52691],[132.49467,34.52688],[132.49467,34.52684],[132.49467,34.52682],[132.49464,34.52679],[132.49461,34.52676],[132.49459,34.52671],[132.49458,34.52666],[132.49456,34.52661],[132.49456,34.52656],[132.49455,34.52653],[132.49457,34.52649],[132.49462,34.52633],[132.49463,34.52627],[132.49465,34.52621],[132.49462,34.52623],[132.49443,34.5263],[132.49417,34.52647],[132.494,34.52656],[132.49392,34.52667],[132.49365,34.52701],[132.49304,34.52765],[132.49292,34.52774],[132.49284,34.52781],[132.49273,34.52789],[132.49262,34.52795],[132.49257,34.52798],[132.49253,34.528],[132.49251,34.52802],[132.49244,34.52805],[132.49213,34.52819],[132.492,34.52823],[132.49152,34.52835],[132.49121,34.52841],[132.49102,34.52846],[132.49096,34.52849],[132.49081,34.52856],[132.49059,34.52871],[132.49042,34.52882],[132.49031,34.5289],[132.49025,34.52896],[132.49018,34.52902],[132.49013,34.52908],[132.49008,34.52915],[132.48996,34.52933],[132.49,34.52936],[132.49007,34.52941],[132.49013,34.52948],[132.49016,34.52954],[132.49015,34.52961],[132.49013,34.52969],[132.49013,34.52969],[132.49028,34.52968],[132.49054,34.52971],[132.49048,34.53013],[132.49041,34.5305],[132.49039,34.53061],[132.49034,34.53083],[132.49037,34.53086],[132.49044,34.5309],[132.4905,34.53095],[132.49058,34.53103],[132.49064,34.53111],[132.4907,34.53117],[132.49074,34.53126],[132.49078,34.53134],[132.49083,34.53143],[132.49086,34.53151],[132.4909,34.53159],[132.49095,34.53167],[132.491,34.53179],[132.49105,34.53196],[132.49109,34.53203],[132.4911,34.53203],[132.49117,34.5321],[132.49123,34.53215],[132.4913,34.53218],[132.49137,34.5322],[132.49144,34.53222],[132.49147,34.53223],[132.49153,34.53225],[132.49152,34.53233],[132.49148,34.53244],[132.49141,34.53256],[132.49137,34.53262],[132.49136,34.53267],[132.49135,34.53269],[132.49134,34.53273],[132.49135,34.5328],[132.49138,34.53288],[132.4914,34.53294],[132.49142,34.53299],[132.49143,34.53303],[132.49145,34.53313],[132.49144,34.5332],[132.49144,34.53326],[132.49143,34.53331],[132.49144,34.53334],[132.49145,34.53337],[132.49148,34.53341],[132.49152,34.53346],[132.49154,34.53349],[132.4916,34.53358],[132.49164,34.53365],[132.49166,34.5337],[132.4917,34.53374],[132.49174,34.53377],[132.49177,34.5338],[132.4918,34.53382],[132.49182,34.53384],[132.49184,34.53386],[132.49187,34.53387],[132.49189,34.53388],[132.49204,34.53394],[132.49211,34.53396],[132.49217,34.53396],[132.49225,34.53397],[132.49231,34.53397],[132.49232,34.53398],[132.49238,34.53398],[132.49235,34.53401],[132.49234,34.53402],[132.49229,34.53405],[132.49224,34.53408],[132.4922,34.53411],[132.49219,34.53414],[132.4922,34.53417],[132.49222,34.5342],[132.49223,34.53421],[132.49226,34.53422],[132.49233,34.53421],[132.49259,34.53413],[132.49276,34.53407],[132.49291,34.53404],[132.49303,34.53401],[132.49315,34.53398],[132.4932,34.53397],[132.49325,34.53393],[132.49327,34.53391],[132.49338,34.53382],[132.49342,34.53379],[132.49346,34.53376],[132.49356,34.53371],[132.49361,34.53369],[132.49365,34.53367],[132.49369,34.53366],[132.49382,34.53361],[132.4939,34.53359],[132.49392,34.53358],[132.49401,34.53355],[132.4942,34.5335],[132.49434,34.53345],[132.49441,34.53342],[132.49457,34.53336],[132.49453,34.53331],[132.49404,34.53278],[132.49385,34.53253],[132.49394,34.53242],[132.49409,34.53228],[132.49419,34.53218],[132.49427,34.53213],[132.49437,34.5321],[132.49444,34.53207],[132.49448,34.53206],[132.49449,34.53205],[132.49458,34.53204],[132.49465,34.53204]]]}},{"type":"Feature","properties":{"name":"亀山七丁目","setai":329,"jinko":811,"key":"34106743007","units":1},"geometry":{"type":"Polygon","coordinates":[[[132.48288,34.53179],[132.48299,34.5317],[132.483,34.53171],[132.48307,34.53171],[132.48318,34.53169],[132.4833,34.53167],[132.48341,34.53166],[132.48351,34.53169],[132.48363,34.53173],[132.48376,34.53177],[132.48386,34.53179],[132.48397,34.5318],[132.48409,34.53182],[132.48422,34.53183],[132.48433,34.53183],[132.48446,34.53181],[132.48449,34.53181],[132.48457,34.53179],[132.48469,34.53176],[132.48483,34.53174],[132.48496,34.53173],[132.48509,34.53171],[132.48522,34.5317],[132.48531,34.5317],[132.48539,34.53169],[132.4855,34.53164],[132.48555,34.53161],[132.48584,34.53124],[132.48598,34.53104],[132.48612,34.53085],[132.48623,34.53071],[132.48627,34.53065],[132.48632,34.53061],[132.48638,34.53058],[132.48645,34.53054],[132.48647,34.53054],[132.48669,34.53048],[132.48689,34.53045],[132.48699,34.53043],[132.48706,34.53041],[132.4871,34.53039],[132.48711,34.53039],[132.48718,34.53035],[132.4873,34.53025],[132.48744,34.53016],[132.48756,34.53006],[132.48763,34.53002],[132.4877,34.52998],[132.48783,34.52994],[132.48803,34.52989],[132.48826,34.52985],[132.4885,34.52981],[132.48878,34.52974],[132.48889,34.52972],[132.48907,34.52968],[132.48938,34.5296],[132.48955,34.52957],[132.48965,34.52954],[132.48972,34.52951],[132.48983,34.52945],[132.48996,34.52933],[132.49008,34.52915],[132.49013,34.52908],[132.49018,34.52902],[132.49025,34.52896],[132.49031,34.5289],[132.49042,34.52882],[132.49059,34.52871],[132.49081,34.52856],[132.49096,34.52849],[132.49102,34.52846],[132.49121,34.52841],[132.49152,34.52835],[132.492,34.52823],[132.49213,34.52819],[132.49244,34.52805],[132.49251,34.52802],[132.49253,34.528],[132.49257,34.52798],[132.49262,34.52795],[132.49273,34.52789],[132.49284,34.52781],[132.49292,34.52774],[132.49304,34.52765],[132.49365,34.52701],[132.49392,34.52667],[132.494,34.52656],[132.49417,34.52647],[132.49443,34.5263],[132.49434,34.52631],[132.49429,34.52631],[132.49429,34.52624],[132.4943,34.52612],[132.4943,34.52607],[132.4943,34.52599],[132.49429,34.52593],[132.49428,34.52587],[132.49425,34.52576],[132.49422,34.52561],[132.49422,34.52559],[132.49421,34.52555],[132.4942,34.52553],[132.49371,34.5255],[132.49366,34.52537],[132.49361,34.52524],[132.49357,34.52509],[132.4935,34.52492],[132.4935,34.52486],[132.49344,34.52476],[132.49343,34.52476],[132.4934,34.52475],[132.49332,34.52477],[132.49333,34.52478],[132.49331,34.52482],[132.49327,34.52483],[132.49311,34.52487],[132.49302,34.52492],[132.49297,34.52499],[132.49293,34.52505],[132.4929,34.52513],[132.49287,34.52518],[132.49284,34.52522],[132.4928,34.52526],[132.49275,34.5253],[132.49271,34.52532],[132.49268,34.52534],[132.49262,34.52536],[132.49257,34.52536],[132.4925,34.52537],[132.49244,34.52536],[132.4924,34.52532],[132.49237,34.52535],[132.49232,34.5254],[132.49226,34.52547],[132.49216,34.52555],[132.49212,34.52559],[132.49207,34.52564],[132.49204,34.5257],[132.492,34.52576],[132.49199,34.52584],[132.49198,34.52594],[132.49198,34.52601],[132.49197,34.52609],[132.49196,34.52617],[132.49192,34.52621],[132.49188,34.52627],[132.49186,34.5263],[132.49184,34.52632],[132.49183,34.52633],[132.49183,34.52633],[132.49178,34.52638],[132.49172,34.52644],[132.49166,34.52651],[132.4916,34.52656],[132.49155,34.52664],[132.49152,34.52671],[132.49149,34.52677],[132.49144,34.52681],[132.49142,34.52682],[132.49141,34.52684],[132.49139,34.52686],[132.49136,34.52687],[132.49134,34.52688],[132.49132,34.52688],[132.49127,34.52689],[132.49117,34.52689],[132.49103,34.5269],[132.491,34.5269],[132.49095,34.52688],[132.49093,34.52688],[132.49091,34.52687],[132.49086,34.52686],[132.49079,34.52688],[132.49074,34.52691],[132.49069,34.52693],[132.49066,34.52695],[132.49061,34.52698],[132.49057,34.527],[132.49052,34.52705],[132.49046,34.52711],[132.49038,34.52722],[132.49038,34.52722],[132.49032,34.52729],[132.49019,34.52741],[132.49005,34.52748],[132.48991,34.52756],[132.48988,34.52757],[132.48982,34.5276],[132.48971,34.52764],[132.48953,34.5277],[132.48939,34.52776],[132.48937,34.52777],[132.48922,34.52782],[132.48922,34.52782],[132.48911,34.52785],[132.48899,34.52788],[132.48888,34.52791],[132.48883,34.52792],[132.48877,34.52793],[132.48872,34.52794],[132.48868,34.52796],[132.48866,34.52798],[132.48861,34.52801],[132.48851,34.52812],[132.48833,34.52829],[132.48819,34.52841],[132.48819,34.52841],[132.48815,34.52844],[132.48811,34.52846],[132.48799,34.52855],[132.4878,34.52868],[132.48772,34.52874],[132.48766,34.52871],[132.48763,34.52871],[132.48758,34.52873],[132.4875,34.52874],[132.48735,34.52879],[132.48717,34.52886],[132.48715,34.52887],[132.48703,34.52893],[132.48697,34.52897],[132.48669,34.52912],[132.48665,34.52913],[132.48665,34.52913],[132.48663,34.52913],[132.48656,34.52915],[132.48645,34.52917],[132.48632,34.52921],[132.48612,34.52926],[132.48606,34.52927],[132.48594,34.52929],[132.48584,34.5293],[132.4857,34.52932],[132.48542,34.52941],[132.48519,34.52948],[132.48518,34.52948],[132.48509,34.52953],[132.48502,34.52957],[132.48494,34.52961],[132.48491,34.52961],[132.48487,34.52961],[132.48482,34.52962],[132.48478,34.52965],[132.48471,34.52972],[132.48464,34.5298],[132.48457,34.52984],[132.48455,34.52985],[132.48453,34.52986],[132.48452,34.52986],[132.48448,34.52988],[132.48445,34.5299],[132.48441,34.52994],[132.4844,34.52995],[132.4844,34.52998],[132.48438,34.5301],[132.48433,34.53026],[132.48428,34.5304],[132.48424,34.53052],[132.48425,34.53054],[132.48426,34.53055],[132.48428,34.53058],[132.48429,34.5306],[132.48428,34.53062],[132.48428,34.53063],[132.48429,34.53064],[132.4843,34.53068],[132.48428,34.53072],[132.48425,34.53076],[132.48423,34.53079],[132.48423,34.5308],[132.48424,34.53082],[132.48423,34.53083],[132.48423,34.53084],[132.48423,34.53087],[132.48419,34.53092],[132.48408,34.531],[132.48395,34.53107],[132.48381,34.5311],[132.48372,34.53111],[132.48358,34.53111],[132.48356,34.53111],[132.4835,34.53113],[132.48326,34.53112],[132.48316,34.53112],[132.48309,34.53108],[132.48307,34.53107],[132.48306,34.53106],[132.48303,34.53103],[132.48302,34.53103],[132.48296,34.53109],[132.48295,34.5311],[132.48284,34.5312],[132.48272,34.53133],[132.48259,34.53146],[132.4825,34.53159],[132.48245,34.53166],[132.4824,34.53174],[132.48234,34.53185],[132.48228,34.53195],[132.48226,34.532],[132.48225,34.53201],[132.48231,34.53203],[132.4825,34.532],[132.48258,34.53197],[132.48278,34.53185],[132.48288,34.53179]]]}},{"type":"Feature","properties":{"name":"亀山八丁目","setai":271,"jinko":664,"key":"34106743008","units":1},"geometry":{"type":"Polygon","coordinates":[[[132.48469,34.53556],[132.48466,34.53549],[132.48462,34.5354],[132.48452,34.53527],[132.48446,34.53515],[132.48442,34.53509],[132.48437,34.53502],[132.4843,34.53495],[132.48418,34.53485],[132.48413,34.53477],[132.48411,34.53472],[132.48409,34.53467],[132.48402,34.53459],[132.48399,34.53453],[132.48395,34.53451],[132.48395,34.53442],[132.48393,34.53432],[132.48391,34.53423],[132.48386,34.53414],[132.4838,34.53409],[132.48378,34.53404],[132.48373,34.53399],[132.48371,34.53395],[132.48371,34.53391],[132.48374,34.5335],[132.4838,34.53348],[132.48386,34.53345],[132.48392,34.5335],[132.48399,34.53354],[132.48412,34.53349],[132.4842,34.53348],[132.48427,34.53347],[132.48433,34.53346],[132.4844,34.53349],[132.48445,34.53351],[132.48449,34.53352],[132.48454,34.53357],[132.48458,34.53365],[132.48458,34.53369],[132.48458,34.53373],[132.48457,34.53376],[132.48458,34.53378],[132.48462,34.53376],[132.48467,34.53372],[132.48475,34.53365],[132.4848,34.53358],[132.48481,34.53352],[132.48481,34.53332],[132.48482,34.53322],[132.48482,34.53316],[132.48485,34.53318],[132.48496,34.53325],[132.48495,34.53315],[132.48501,34.53304],[132.48502,34.53299],[132.4851,34.53298],[132.48514,34.53296],[132.48518,34.53293],[132.4852,34.5329],[132.48522,34.53283],[132.48539,34.53273],[132.48544,34.53273],[132.48551,34.53272],[132.48556,34.53269],[132.48559,34.53267],[132.48564,34.53263],[132.48575,34.53262],[132.4858,34.5326],[132.48582,34.53265],[132.48588,34.53269],[132.48599,34.53273],[132.48604,34.53276],[132.48608,34.53278],[132.48616,34.53283],[132.48624,34.53288],[132.4863,34.5329],[132.48634,34.5329],[132.48641,34.53287],[132.48647,34.53281],[132.48657,34.53271],[132.48661,34.5327],[132.48664,34.53274],[132.48668,34.53279],[132.48673,34.53286],[132.48676,34.53293],[132.4868,34.53302],[132.48683,34.5331],[132.48685,34.53319],[132.48688,34.53326],[132.4869,34.53336],[132.4869,34.53343],[132.48692,34.53349],[132.48694,34.53357],[132.48699,34.5336],[132.48703,34.53357],[132.48712,34.53342],[132.48715,34.53341],[132.48721,34.53341],[132.48722,34.53341],[132.48729,34.53342],[132.48737,34.53343],[132.48744,34.53344],[132.4875,34.53343],[132.48755,34.53342],[132.48765,34.53339],[132.48768,34.53338],[132.48777,34.53334],[132.48781,34.53334],[132.48785,34.53334],[132.48791,34.53333],[132.48791,34.53339],[132.48794,34.53344],[132.48796,34.53346],[132.48798,34.53348],[132.48801,34.53351],[132.48803,34.53352],[132.48805,34.53352],[132.48807,34.53352],[132.48804,34.53363],[132.48827,34.53362],[132.48834,34.53362],[132.48847,34.53361],[132.48848,34.53363],[132.48855,34.53363],[132.48855,34.53357],[132.48858,34.53357],[132.48902,34.53353],[132.48901,34.53342],[132.48901,34.53339],[132.489,34.53334],[132.48899,34.53327],[132.48896,34.53323],[132.48893,34.53319],[132.48891,34.53316],[132.48889,34.53311],[132.48888,34.53306],[132.48888,34.53303],[132.48888,34.53299],[132.48888,34.53294],[132.4889,34.53289],[132.48891,34.53286],[132.48892,34.53281],[132.48894,34.53277],[132.48894,34.53275],[132.48896,34.53268],[132.489,34.53252],[132.48901,34.53249],[132.48901,34.53245],[132.48902,34.53243],[132.48903,34.5324],[132.48904,34.53237],[132.48904,34.53229],[132.48901,34.53224],[132.48897,34.5322],[132.48893,34.53218],[132.48888,34.53216],[132.48887,34.53216],[132.48859,34.53215],[132.48849,34.53198],[132.48844,34.53193],[132.48842,34.53191],[132.48842,34.53191],[132.48839,34.53186],[132.48833,34.5319],[132.4882,34.53196],[132.48804,34.53204],[132.48802,34.53199],[132.48791,34.53165],[132.48787,34.53153],[132.48786,34.53149],[132.48773,34.5312],[132.48762,34.53098],[132.48773,34.53094],[132.48781,34.53091],[132.48788,34.53089],[132.48792,34.53086],[132.48797,34.53081],[132.488,34.53076],[132.488,34.53074],[132.48802,34.5307],[132.48815,34.53065],[132.48835,34.53055],[132.48852,34.53048],[132.48867,34.53041],[132.48885,34.53033],[132.48897,34.53028],[132.48902,34.53025],[132.48909,34.53017],[132.48917,34.53007],[132.48921,34.53002],[132.48924,34.52998],[132.48927,34.52997],[132.48941,34.52991],[132.48959,34.52985],[132.48979,34.52979],[132.48993,34.52975],[132.49002,34.52973],[132.49007,34.52971],[132.4901,34.52969],[132.49013,34.52969],[132.49015,34.52961],[132.49016,34.52954],[132.49013,34.52948],[132.49007,34.52941],[132.49,34.52936],[132.48996,34.52933],[132.48983,34.52945],[132.48972,34.52951],[132.48965,34.52954],[132.48955,34.52957],[132.48938,34.5296],[132.48907,34.52968],[132.48889,34.52972],[132.48878,34.52974],[132.4885,34.52981],[132.48826,34.52985],[132.48803,34.52989],[132.48783,34.52994],[132.4877,34.52998],[132.48763,34.53002],[132.48756,34.53006],[132.48744,34.53016],[132.4873,34.53025],[132.48718,34.53035],[132.48711,34.53039],[132.4871,34.53039],[132.48706,34.53041],[132.48699,34.53043],[132.48689,34.53045],[132.48669,34.53048],[132.48647,34.53054],[132.48645,34.53054],[132.48638,34.53058],[132.48632,34.53061],[132.48627,34.53065],[132.48623,34.53071],[132.48612,34.53085],[132.48598,34.53104],[132.48584,34.53124],[132.48555,34.53161],[132.4855,34.53164],[132.48539,34.53169],[132.48531,34.5317],[132.48522,34.5317],[132.48509,34.53171],[132.48496,34.53173],[132.48483,34.53174],[132.48469,34.53176],[132.48457,34.53179],[132.48449,34.53181],[132.48446,34.53181],[132.48433,34.53183],[132.48422,34.53183],[132.48409,34.53182],[132.48397,34.5318],[132.48386,34.53179],[132.48376,34.53177],[132.48363,34.53173],[132.48351,34.53169],[132.48341,34.53166],[132.4833,34.53167],[132.48318,34.53169],[132.48307,34.53171],[132.483,34.53171],[132.48299,34.5317],[132.48288,34.53179],[132.48278,34.53185],[132.48258,34.53197],[132.4825,34.532],[132.48231,34.53203],[132.48225,34.53201],[132.48209,34.53206],[132.48188,34.53216],[132.48171,34.53225],[132.4816,34.53234],[132.48154,34.53238],[132.48157,34.53242],[132.48157,34.53247],[132.48153,34.53255],[132.48142,34.53267],[132.48122,34.53302],[132.48106,34.53326],[132.481,34.53351],[132.48096,34.53365],[132.48092,34.53377],[132.48092,34.53383],[132.48102,34.53403],[132.48109,34.53412],[132.48119,34.53429],[132.4812,34.5345],[132.48125,34.5347],[132.48128,34.53482],[132.48129,34.53491],[132.48128,34.53507],[132.48128,34.53516],[132.48125,34.53526],[132.48121,34.53534],[132.4812,34.53536],[132.48117,34.53544],[132.48114,34.53552],[132.48111,34.53574],[132.48118,34.53559],[132.48125,34.53555],[132.48129,34.53551],[132.48133,34.53543],[132.48136,34.53538],[132.48138,34.53533],[132.48141,34.53529],[132.48144,34.53525],[132.48148,34.53521],[132.48152,34.53519],[132.48159,34.53516],[132.48163,34.53513],[132.48169,34.5351],[132.48174,34.53508],[132.4818,34.53503],[132.48185,34.53498],[132.48188,34.53494],[132.4819,34.53493],[132.48204,34.53478],[132.4821,34.53469],[132.48228,34.53448],[132.48266,34.53453],[132.48275,34.53458],[132.4828,34.5347],[132.48284,34.53478],[132.48287,34.53484],[132.48293,34.53489],[132.48318,34.53509],[132.48325,34.53516],[132.48328,34.53523],[132.48336,34.53532],[132.48341,34.53539],[132.48348,34.5355],[132.48352,34.53557],[132.48378,34.53553],[132.48381,34.53552],[132.48404,34.53576],[132.48422,34.53601],[132.48431,34.53611],[132.48472,34.53596],[132.48464,34.5358],[132.4846,34.53572],[132.4846,34.53567],[132.48462,34.53563],[132.48464,34.53561],[132.48469,34.53556]]]}},{"type":"Feature","properties":{"name":"亀山九丁目","setai":188,"jinko":496,"key":"34106743009","units":1},"geometry":{"type":"Polygon","coordinates":[[[132.48032,34.54313],[132.48025,34.54299],[132.48019,34.54288],[132.48014,34.54275],[132.48008,34.54264],[132.48003,34.54251],[132.47996,34.54237],[132.4799,34.54227],[132.47986,34.54222],[132.47982,34.54217],[132.4798,34.54213],[132.47976,34.5421],[132.47973,34.54207],[132.47968,34.54205],[132.47961,34.54203],[132.47956,34.54201],[132.47955,34.54201],[132.4795,34.54199],[132.47946,34.54198],[132.47942,34.54197],[132.47938,34.54195],[132.47935,34.54193],[132.47931,34.54191],[132.47921,34.54179],[132.47911,34.5417],[132.47905,34.54165],[132.47899,34.54159],[132.47896,34.54156],[132.47892,34.54151],[132.47887,34.54148],[132.47882,34.54142],[132.47879,34.54129],[132.47877,34.5412],[132.47878,34.54111],[132.47881,34.54105],[132.4789,34.54089],[132.4791,34.54066],[132.47921,34.54049],[132.47928,34.54036],[132.47936,34.54028],[132.47945,34.54021],[132.47954,34.54016],[132.47961,34.54009],[132.4797,34.54002],[132.47977,34.53994],[132.47983,34.53988],[132.47988,34.53983],[132.47991,34.5398],[132.47994,34.53978],[132.47997,34.53976],[132.48001,34.53978],[132.48007,34.53979],[132.48011,34.53973],[132.48015,34.53965],[132.48014,34.53953],[132.48011,34.53941],[132.48009,34.53932],[132.48009,34.53924],[132.48014,34.53916],[132.48019,34.53904],[132.48022,34.53893],[132.48023,34.53886],[132.48027,34.53874],[132.48032,34.53859],[132.48034,34.53847],[132.48033,34.53835],[132.48033,34.53826],[132.48033,34.53821],[132.48036,34.53816],[132.4804,34.53809],[132.48042,34.53807],[132.48048,34.53803],[132.48051,34.53799],[132.48055,34.53792],[132.48057,34.53786],[132.4806,34.53774],[132.48059,34.53769],[132.4806,34.53765],[132.48057,34.53759],[132.48053,34.53751],[132.48054,34.53747],[132.48057,34.53743],[132.48063,34.53741],[132.4807,34.53729],[132.48064,34.53717],[132.48068,34.53712],[132.48074,34.53709],[132.48075,34.53709],[132.48079,34.53705],[132.48084,34.53701],[132.4809,34.53694],[132.48095,34.53689],[132.48099,34.53683],[132.48103,34.53674],[132.48106,34.53664],[132.48108,34.53656],[132.48111,34.53646],[132.48112,34.5364],[132.48115,34.53628],[132.48115,34.53624],[132.48113,34.53622],[132.4811,34.5362],[132.48108,34.53617],[132.48108,34.5361],[132.48111,34.53604],[132.48111,34.53599],[132.48111,34.5359],[132.48111,34.53583],[132.48111,34.53574],[132.48114,34.53552],[132.48117,34.53544],[132.4812,34.53536],[132.48121,34.53534],[132.48125,34.53526],[132.48128,34.53516],[132.48128,34.53507],[132.48129,34.53491],[132.48128,34.53482],[132.48125,34.5347],[132.4812,34.5345],[132.48119,34.53429],[132.48109,34.53412],[132.48102,34.53403],[132.48092,34.53383],[132.48092,34.53377],[132.48096,34.53365],[132.481,34.53351],[132.48106,34.53326],[132.48122,34.53302],[132.48142,34.53267],[132.48153,34.53255],[132.48157,34.53247],[132.48157,34.53242],[132.48154,34.53238],[132.4816,34.53234],[132.48171,34.53225],[132.48188,34.53216],[132.48209,34.53206],[132.48225,34.53201],[132.48226,34.532],[132.48228,34.53195],[132.48234,34.53185],[132.4824,34.53174],[132.48245,34.53166],[132.4825,34.53159],[132.48259,34.53146],[132.48272,34.53133],[132.48284,34.5312],[132.48295,34.5311],[132.48296,34.53109],[132.48302,34.53103],[132.48287,34.5311],[132.48264,34.53121],[132.48256,34.53124],[132.4825,34.53124],[132.48244,34.53124],[132.48236,34.53123],[132.4823,34.53122],[132.48205,34.53133],[132.48204,34.53141],[132.482,34.53152],[132.48197,34.53157],[132.48196,34.5316],[132.48196,34.53162],[132.48185,34.53171],[132.48174,34.53179],[132.48164,34.53187],[132.48153,34.53197],[132.48144,34.53207],[132.48138,34.53217],[132.48133,34.53226],[132.48129,34.53231],[132.48128,34.53234],[132.48119,34.53234],[132.48109,34.5323],[132.481,34.53229],[132.48089,34.53233],[132.48063,34.53246],[132.48044,34.53236],[132.48034,34.53231],[132.48022,34.53228],[132.48012,34.53227],[132.48005,34.53226],[132.48001,34.53227],[132.47997,34.53228],[132.47991,34.53224],[132.47983,34.53217],[132.47979,34.5321],[132.47975,34.53203],[132.47971,34.53197],[132.47972,34.5319],[132.47972,34.53185],[132.47971,34.5318],[132.47952,34.53175],[132.47945,34.53172],[132.47942,34.53171],[132.47941,34.53171],[132.47943,34.53143],[132.47936,34.53138],[132.47922,34.53132],[132.47906,34.53128],[132.47899,34.53126],[132.47907,34.53135],[132.47914,34.53142],[132.47918,34.5315],[132.47918,34.53153],[132.47915,34.53166],[132.47915,34.53171],[132.47918,34.53182],[132.4792,34.53185],[132.47922,34.5319],[132.47925,34.53198],[132.47926,34.53204],[132.47924,34.53214],[132.47923,34.5322],[132.47922,34.53227],[132.47922,34.53233],[132.47924,34.53245],[132.47925,34.53249],[132.47907,34.53254],[132.47906,34.53254],[132.47901,34.53251],[132.47901,34.5325],[132.47877,34.5322],[132.47871,34.53209],[132.47846,34.53197],[132.47845,34.53196],[132.47817,34.53195],[132.47813,34.53195],[132.47812,34.53195],[132.47813,34.53202],[132.47814,34.53225],[132.47815,34.53226],[132.47822,34.53236],[132.47823,34.53243],[132.47823,34.53252],[132.47818,34.53257],[132.47812,34.53265],[132.47805,34.5327],[132.47799,34.53275],[132.47787,34.5328],[132.47786,34.5328],[132.47779,34.53281],[132.47776,34.53288],[132.4777,34.53298],[132.47766,34.53307],[132.47769,34.53317],[132.47717,34.53363],[132.4764,34.53425],[132.47695,34.53497],[132.47695,34.53498],[132.47693,34.53505],[132.47689,34.53515],[132.47685,34.53525],[132.47687,34.53533],[132.47693,34.53543],[132.47654,34.53567],[132.47628,34.53575],[132.47601,34.53564],[132.47559,34.53546],[132.47544,34.53568],[132.47611,34.53598],[132.47626,34.53601],[132.47644,34.53603],[132.47646,34.53603],[132.47673,34.53604],[132.47692,34.536],[132.47713,34.53591],[132.4773,34.53591],[132.4774,34.53592],[132.47741,34.53597],[132.47737,34.53601],[132.47733,34.53611],[132.47733,34.5362],[132.47734,34.53622],[132.47736,34.53631],[132.4774,34.53648],[132.47744,34.5366],[132.47745,34.53672],[132.47747,34.5368],[132.47749,34.53687],[132.47754,34.53698],[132.4776,34.53703],[132.47763,34.53706],[132.47766,34.53718],[132.47767,34.53734],[132.4777,34.53752],[132.47774,34.53763],[132.47777,34.53783],[132.47779,34.53804],[132.47778,34.53807],[132.47775,34.53819],[132.47768,34.53829],[132.4776,34.53833],[132.47755,34.53838],[132.47745,34.53842],[132.47745,34.53842],[132.47736,34.53846],[132.4773,34.53854],[132.47726,34.53863],[132.47727,34.53871],[132.4773,34.53878],[132.47732,34.53887],[132.47733,34.53894],[132.47733,34.53899],[132.47731,34.53904],[132.47727,34.53909],[132.47722,34.53916],[132.47718,34.53923],[132.47718,34.53927],[132.47719,34.53932],[132.4772,34.53942],[132.47721,34.53952],[132.47726,34.53969],[132.47731,34.53981],[132.47734,34.53992],[132.47735,34.54],[132.47736,34.54006],[132.47741,34.54008],[132.47748,34.54009],[132.47754,34.54009],[132.47759,34.54009],[132.47763,34.5401],[132.47768,34.54013],[132.47773,34.54017],[132.47776,34.54021],[132.47777,34.54029],[132.47776,34.54035],[132.47773,34.5404],[132.47766,34.54052],[132.47761,34.5406],[132.47758,34.54065],[132.47757,34.54067],[132.47754,34.54073],[132.47752,34.54078],[132.47751,34.54083],[132.47754,34.54093],[132.47762,34.54122],[132.47762,34.54123],[132.47771,34.54148],[132.47786,34.54179],[132.47801,34.5421],[132.47819,34.54239],[132.47836,34.54263],[132.47855,34.54281],[132.47855,34.54282],[132.47876,34.54298],[132.47895,34.54312],[132.47912,34.54315],[132.47923,34.54314],[132.47968,34.54306],[132.47997,34.54301],[132.48008,34.54325],[132.48033,34.54318],[132.48032,34.54313]]]}},{"type":"Feature","properties":{"name":"亀山南一丁目","setai":26,"jinko":55,"key":"34106744001","units":1},"geometry":{"type":"Polygon","coordinates":[[[132.49837,34.51496],[132.49829,34.51445],[132.49807,34.51447],[132.49754,34.51451],[132.49686,34.51451],[132.49687,34.51451],[132.49648,34.5145],[132.49636,34.51449],[132.49618,34.51449],[132.49614,34.51448],[132.49596,34.51448],[132.49566,34.51446],[132.49511,34.51442],[132.49437,34.51437],[132.49396,34.51435],[132.49342,34.5143],[132.49321,34.51427],[132.49293,34.51424],[132.49265,34.5142],[132.49262,34.51419],[132.49259,34.51418],[132.49254,34.51417],[132.49238,34.51413],[132.49211,34.51407],[132.49199,34.51403],[132.49185,34.51399],[132.49169,34.51395],[132.49146,34.51387],[132.49114,34.51376],[132.49091,34.51369],[132.48947,34.51321],[132.48921,34.51369],[132.48929,34.51375],[132.48937,34.51382],[132.48947,34.51394],[132.48954,34.51402],[132.48961,34.51409],[132.48965,34.51415],[132.48965,34.51416],[132.48986,34.51433],[132.49007,34.51449],[132.49012,34.51454],[132.49018,34.51461],[132.49021,34.51465],[132.49041,34.5148],[132.49055,34.51489],[132.49063,34.51496],[132.49072,34.51501],[132.49092,34.51513],[132.49105,34.5152],[132.49117,34.51527],[132.49142,34.51541],[132.49227,34.51588],[132.4929,34.51622],[132.49337,34.51648],[132.49362,34.51661],[132.49364,34.51662],[132.49385,34.51671],[132.49408,34.5168],[132.49433,34.51689],[132.49435,34.5169],[132.49449,34.51694],[132.49478,34.51703],[132.49484,34.51705],[132.49505,34.5171],[132.49522,34.51714],[132.49536,34.51717],[132.49547,34.51719],[132.49573,34.51723],[132.49593,34.51726],[132.49595,34.51726],[132.49613,34.51728],[132.49638,34.5173],[132.49647,34.5173],[132.49676,34.51731],[132.497,34.51731],[132.49708,34.51731],[132.49721,34.5173],[132.49756,34.51728],[132.49827,34.51722],[132.49828,34.51717],[132.49828,34.51716],[132.49828,34.5171],[132.49829,34.51695],[132.49828,34.51687],[132.49828,34.51678],[132.49828,34.51676],[132.49827,34.51667],[132.49827,34.51659],[132.49826,34.51652],[132.49827,34.51639],[132.49828,34.51626],[132.4983,34.5161],[132.49833,34.51597],[132.49835,34.51592],[132.49837,34.51576],[132.49837,34.51576],[132.49837,34.51575],[132.49839,34.51556],[132.49842,34.51534],[132.49841,34.51525],[132.49841,34.51525],[132.49838,34.5151],[132.49837,34.51496]]]}},{"type":"Feature","properties":{"name":"亀山南二丁目","setai":689,"jinko":1792,"key":"34106744002","units":1},"geometry":{"type":"Polygon","coordinates":[[[132.49186,34.51985],[132.49196,34.51973],[132.49211,34.51955],[132.49203,34.51948],[132.49219,34.51932],[132.49221,34.5193],[132.49222,34.51928],[132.49224,34.51923],[132.49228,34.51915],[132.49233,34.51905],[132.49239,34.51897],[132.49245,34.51893],[132.49247,34.51891],[132.49258,34.51871],[132.49262,34.51865],[132.49263,34.51864],[132.49264,34.51864],[132.49265,34.51863],[132.49271,34.51858],[132.49272,34.51857],[132.49277,34.51853],[132.49288,34.51846],[132.493,34.5184],[132.49314,34.51836],[132.49326,34.51835],[132.49356,34.51835],[132.49383,34.51836],[132.49384,34.51836],[132.49398,34.51837],[132.4941,34.5184],[132.49416,34.51842],[132.49421,34.51845],[132.4946,34.51861],[132.49517,34.51858],[132.49515,34.5185],[132.49507,34.51842],[132.49501,34.51834],[132.4951,34.51838],[132.49536,34.51851],[132.4954,34.51847],[132.49543,34.51844],[132.49564,34.51855],[132.49557,34.51863],[132.49574,34.51873],[132.49578,34.51877],[132.49594,34.51883],[132.49606,34.51887],[132.49622,34.51894],[132.49635,34.51897],[132.49645,34.51899],[132.49657,34.51899],[132.49666,34.519],[132.49677,34.51893],[132.49682,34.5189],[132.49682,34.51891],[132.49685,34.51893],[132.49688,34.51894],[132.49692,34.51895],[132.49696,34.51895],[132.49701,34.51895],[132.49707,34.51896],[132.49712,34.51897],[132.49716,34.51899],[132.49719,34.51902],[132.49725,34.51905],[132.49728,34.51907],[132.49731,34.51909],[132.49738,34.51912],[132.49748,34.51916],[132.49754,34.5192],[132.49761,34.51923],[132.49765,34.51926],[132.49766,34.51928],[132.49766,34.51931],[132.49764,34.51938],[132.49761,34.51945],[132.49794,34.51953],[132.49803,34.51955],[132.49804,34.51955],[132.49806,34.51949],[132.49807,34.51948],[132.49809,34.51942],[132.49813,34.51935],[132.49818,34.51926],[132.49823,34.51917],[132.49826,34.51909],[132.49827,34.51901],[132.49826,34.51892],[132.49824,34.51878],[132.49822,34.51866],[132.49817,34.51849],[132.49811,34.51829],[132.49807,34.5181],[132.49805,34.51795],[132.49806,34.51788],[132.49809,34.5178],[132.49812,34.51767],[132.49818,34.51749],[132.49819,34.51745],[132.49822,34.51738],[132.49822,34.51737],[132.49825,34.51728],[132.49827,34.51722],[132.49756,34.51728],[132.49721,34.5173],[132.49708,34.51731],[132.497,34.51731],[132.49676,34.51731],[132.49647,34.5173],[132.49638,34.5173],[132.49613,34.51728],[132.49595,34.51726],[132.49593,34.51726],[132.49573,34.51723],[132.49547,34.51719],[132.49536,34.51717],[132.49522,34.51714],[132.49505,34.5171],[132.49484,34.51705],[132.49478,34.51703],[132.49449,34.51694],[132.49435,34.5169],[132.49433,34.51689],[132.49408,34.5168],[132.49385,34.51671],[132.49364,34.51662],[132.49362,34.51661],[132.49337,34.51648],[132.4929,34.51622],[132.49227,34.51588],[132.49142,34.51541],[132.49117,34.51527],[132.49105,34.5152],[132.49092,34.51513],[132.49072,34.51501],[132.49063,34.51496],[132.49055,34.51489],[132.49041,34.5148],[132.49021,34.51465],[132.49024,34.51469],[132.4903,34.51477],[132.49032,34.51485],[132.49034,34.51491],[132.4904,34.51499],[132.49043,34.51506],[132.49045,34.51513],[132.49041,34.51513],[132.49028,34.51511],[132.49022,34.51526],[132.49017,34.51525],[132.49009,34.51524],[132.49012,34.51516],[132.49012,34.51511],[132.49012,34.51505],[132.49007,34.51496],[132.49001,34.51488],[132.49,34.51486],[132.48995,34.51485],[132.48987,34.51484],[132.48977,34.51484],[132.48967,34.51486],[132.48959,34.51488],[132.48954,34.51494],[132.4895,34.51498],[132.48949,34.51499],[132.48947,34.51502],[132.48945,34.51504],[132.48934,34.51503],[132.48928,34.51503],[132.48913,34.51505],[132.48902,34.51506],[132.48897,34.51508],[132.4889,34.51516],[132.48887,34.51519],[132.48884,34.51522],[132.48884,34.51523],[132.4888,34.51527],[132.4888,34.51528],[132.48872,34.51538],[132.48866,34.51548],[132.48861,34.51559],[132.48856,34.51571],[132.48853,34.51579],[132.4885,34.51585],[132.48849,34.51586],[132.48848,34.51587],[132.48839,34.51596],[132.48833,34.51602],[132.48829,34.51606],[132.48825,34.51607],[132.48816,34.51615],[132.48811,34.51623],[132.48808,34.51629],[132.48805,34.51634],[132.48804,34.51634],[132.48797,34.5164],[132.48786,34.51644],[132.48777,34.51647],[132.48774,34.51648],[132.48771,34.51649],[132.48764,34.51653],[132.48758,34.51657],[132.48751,34.5166],[132.48746,34.51663],[132.48743,34.51664],[132.48738,34.51663],[132.48737,34.51663],[132.48732,34.51664],[132.48727,34.51666],[132.48725,34.51671],[132.48726,34.51678],[132.48726,34.51679],[132.48726,34.51683],[132.48726,34.51686],[132.48725,34.51687],[132.48721,34.51689],[132.48705,34.51693],[132.48705,34.51693],[132.48682,34.51699],[132.48678,34.51695],[132.48649,34.51693],[132.48623,34.51691],[132.48601,34.51688],[132.48583,34.51683],[132.48575,34.51681],[132.48569,34.5169],[132.48566,34.51694],[132.48563,34.51694],[132.4856,34.51696],[132.48556,34.51692],[132.48554,34.51688],[132.48553,34.51681],[132.48554,34.51669],[132.48551,34.51663],[132.4855,34.5166],[132.48534,34.51646],[132.48502,34.5162],[132.48488,34.5161],[132.4848,34.51607],[132.48456,34.51602],[132.48445,34.51602],[132.48436,34.51604],[132.48426,34.51608],[132.48415,34.51615],[132.48399,34.51628],[132.48386,34.5165],[132.48384,34.51654],[132.48451,34.51682],[132.48454,34.51687],[132.48463,34.51697],[132.48468,34.51703],[132.48473,34.51706],[132.48477,34.51709],[132.48508,34.51721],[132.48522,34.51726],[132.48513,34.5173],[132.48501,34.51736],[132.48487,34.5174],[132.48475,34.51744],[132.48475,34.51744],[132.48463,34.51749],[132.48458,34.51753],[132.48458,34.51753],[132.48445,34.51761],[132.48436,34.51765],[132.48431,34.51768],[132.48431,34.51768],[132.4842,34.51772],[132.48415,34.51774],[132.48413,34.51774],[132.48404,34.51779],[132.48402,34.5178],[132.48398,34.51784],[132.48399,34.51789],[132.48409,34.51808],[132.48411,34.51812],[132.48418,34.5182],[132.48422,34.51823],[132.4843,34.51826],[132.48441,34.51829],[132.48444,34.51828],[132.48449,34.51828],[132.48458,34.51827],[132.48465,34.51826],[132.48468,34.51826],[132.48477,34.51823],[132.48485,34.51822],[132.48493,34.5182],[132.485,34.5182],[132.48502,34.51821],[132.48513,34.51821],[132.48525,34.51822],[132.48536,34.51823],[132.48539,34.51824],[132.48546,34.51825],[132.48557,34.51825],[132.48566,34.51825],[132.48576,34.51822],[132.48577,34.51829],[132.48579,34.51834],[132.48587,34.5184],[132.48602,34.51849],[132.48616,34.51858],[132.48625,34.51866],[132.48628,34.51871],[132.48632,34.51873],[132.48641,34.51874],[132.48652,34.51869],[132.48659,34.51867],[132.4865,34.51879],[132.48645,34.51886],[132.48647,34.51888],[132.48651,34.5189],[132.48652,34.51891],[132.48654,34.51891],[132.48673,34.51882],[132.48679,34.5188],[132.4869,34.51875],[132.48692,34.51869],[132.48705,34.51864],[132.48707,34.5186],[132.48709,34.51856],[132.48709,34.51856],[132.4872,34.51849],[132.48724,34.51848],[132.48739,34.51848],[132.4875,34.51848],[132.4876,34.51845],[132.48776,34.51839],[132.48786,34.51838],[132.48802,34.51829],[132.48813,34.51824],[132.48824,34.51822],[132.48835,34.51827],[132.48843,34.51831],[132.48847,34.51835],[132.48851,34.51841],[132.4886,34.51842],[132.4886,34.51842],[132.4886,34.51843],[132.48864,34.51848],[132.48867,34.51853],[132.48872,34.5186],[132.48876,34.51867],[132.4888,34.51873],[132.48883,34.51877],[132.48886,34.51882],[132.48889,34.51888],[132.48897,34.519],[132.48903,34.51909],[132.48908,34.51918],[132.48913,34.51924],[132.48913,34.51925],[132.48915,34.51928],[132.48917,34.5193],[132.48919,34.51932],[132.48922,34.51934],[132.48932,34.51936],[132.48945,34.51938],[132.4895,34.51938],[132.48957,34.51938],[132.48961,34.51939],[132.48965,34.51941],[132.48968,34.51943],[132.4897,34.51946],[132.48979,34.51958],[132.4898,34.51961],[132.48986,34.51966],[132.48994,34.51968],[132.49002,34.51972],[132.49012,34.51976],[132.49025,34.51977],[132.49052,34.51968],[132.49044,34.51979],[132.49048,34.51978],[132.49053,34.51978],[132.49074,34.51985],[132.49086,34.5199],[132.49087,34.5199],[132.4911,34.52001],[132.49135,34.52014],[132.49142,34.52017],[132.49156,34.52021],[132.4918,34.52027],[132.4919,34.52027],[132.49189,34.52024],[132.49186,34.5202],[132.49182,34.52013],[132.4918,34.52005],[132.4918,34.51997],[132.49183,34.51988],[132.49186,34.51985]]]}},{"type":"Feature","properties":{"name":"亀山南三丁目","setai":356,"jinko":887,"key":"34106744003","units":1},"geometry":{"type":"Polygon","coordinates":[[[132.49522,34.52306],[132.49537,34.5229],[132.49545,34.52294],[132.49561,34.523],[132.49568,34.52302],[132.49579,34.52305],[132.49595,34.5231],[132.49598,34.52311],[132.49601,34.52312],[132.49605,34.52314],[132.49608,34.52317],[132.49619,34.52324],[132.4962,34.52323],[132.49628,34.5232],[132.49633,34.52318],[132.49639,34.52316],[132.49643,34.52315],[132.49649,34.52313],[132.49654,34.52311],[132.49658,34.5231],[132.49664,34.52308],[132.49668,34.52307],[132.49673,34.52305],[132.49674,34.52305],[132.49675,34.52305],[132.49679,34.52303],[132.49685,34.523],[132.49687,34.52299],[132.49689,34.52298],[132.49691,34.52296],[132.49695,34.52293],[132.49706,34.52284],[132.49707,34.52282],[132.4971,34.52278],[132.49712,34.52274],[132.49713,34.5227],[132.49715,34.52266],[132.49716,34.52262],[132.49717,34.52258],[132.49717,34.52255],[132.49718,34.52251],[132.49719,34.52248],[132.49719,34.52247],[132.49721,34.52242],[132.49723,34.52238],[132.49724,34.52234],[132.49726,34.52231],[132.49728,34.52227],[132.49732,34.52222],[132.49733,34.52221],[132.49735,34.52219],[132.49736,34.52217],[132.4974,34.52215],[132.49745,34.52211],[132.49751,34.52208],[132.49755,34.52205],[132.49759,34.52204],[132.49764,34.52202],[132.49769,34.522],[132.49804,34.52188],[132.49809,34.52185],[132.49814,34.52184],[132.49818,34.52182],[132.49822,34.52179],[132.49825,34.52178],[132.49828,34.52175],[132.4983,34.52174],[132.49836,34.52168],[132.49839,34.52163],[132.49843,34.52159],[132.49847,34.52153],[132.49849,34.52143],[132.4985,34.52138],[132.49852,34.52132],[132.49849,34.52119],[132.49847,34.5211],[132.49846,34.52104],[132.49842,34.52096],[132.49841,34.52093],[132.4984,34.5209],[132.49835,34.52083],[132.49833,34.52078],[132.4983,34.52076],[132.49826,34.52069],[132.49817,34.5205],[132.49809,34.52037],[132.49805,34.52031],[132.49803,34.52024],[132.49798,34.52009],[132.49797,34.51994],[132.49797,34.51983],[132.498,34.5197],[132.49803,34.51955],[132.49794,34.51953],[132.49761,34.51945],[132.49764,34.51938],[132.49766,34.51931],[132.49766,34.51928],[132.49765,34.51926],[132.49761,34.51923],[132.49754,34.5192],[132.49748,34.51916],[132.49738,34.51912],[132.49731,34.51909],[132.49728,34.51907],[132.49725,34.51905],[132.49719,34.51902],[132.49716,34.51899],[132.49712,34.51897],[132.49707,34.51896],[132.49701,34.51895],[132.49696,34.51895],[132.49692,34.51895],[132.49688,34.51894],[132.49685,34.51893],[132.49682,34.51891],[132.49682,34.5189],[132.49677,34.51893],[132.49666,34.519],[132.49657,34.51899],[132.49645,34.51899],[132.49635,34.51897],[132.49622,34.51894],[132.49606,34.51887],[132.49594,34.51883],[132.49578,34.51877],[132.49574,34.51873],[132.49557,34.51863],[132.49564,34.51855],[132.49543,34.51844],[132.4954,34.51847],[132.49536,34.51851],[132.4951,34.51838],[132.49501,34.51834],[132.49507,34.51842],[132.49515,34.5185],[132.49517,34.51858],[132.4946,34.51861],[132.49421,34.51845],[132.49416,34.51842],[132.4941,34.5184],[132.49398,34.51837],[132.49384,34.51836],[132.49383,34.51836],[132.49356,34.51835],[132.49326,34.51835],[132.49314,34.51836],[132.493,34.5184],[132.49288,34.51846],[132.49277,34.51853],[132.49272,34.51857],[132.49271,34.51858],[132.49265,34.51863],[132.49264,34.51864],[132.49263,34.51864],[132.49262,34.51865],[132.49258,34.51871],[132.49247,34.51891],[132.49245,34.51893],[132.49239,34.51897],[132.49233,34.51905],[132.49228,34.51915],[132.49224,34.51923],[132.49222,34.51928],[132.49221,34.5193],[132.49219,34.51932],[132.49203,34.51948],[132.49211,34.51955],[132.49196,34.51973],[132.49186,34.51985],[132.49183,34.51988],[132.4918,34.51997],[132.4918,34.52005],[132.49182,34.52013],[132.49186,34.5202],[132.49189,34.52024],[132.4919,34.52027],[132.4918,34.52027],[132.49156,34.52021],[132.49142,34.52017],[132.49135,34.52014],[132.4911,34.52001],[132.49087,34.5199],[132.49086,34.5199],[132.49074,34.51985],[132.49053,34.51978],[132.49048,34.51978],[132.49044,34.51979],[132.49053,34.51983],[132.49063,34.5199],[132.49069,34.51995],[132.49079,34.52005],[132.49083,34.5201],[132.49085,34.52012],[132.49086,34.52016],[132.49075,34.52053],[132.49039,34.52152],[132.49037,34.52158],[132.49031,34.52173],[132.49026,34.52188],[132.49025,34.52193],[132.49025,34.52198],[132.49027,34.52203],[132.49029,34.52208],[132.49034,34.52215],[132.49036,34.52217],[132.49043,34.52221],[132.49049,34.52226],[132.4907,34.52235],[132.49086,34.52242],[132.49091,34.52235],[132.49096,34.52228],[132.49097,34.52224],[132.49097,34.52222],[132.491,34.52223],[132.49104,34.52224],[132.49107,34.52227],[132.49109,34.52227],[132.49113,34.52227],[132.49116,34.52227],[132.49119,34.52226],[132.49121,34.52227],[132.49122,34.52228],[132.49123,34.52228],[132.49126,34.5223],[132.4913,34.52232],[132.49135,34.52234],[132.4914,34.52235],[132.49144,34.52235],[132.49147,34.52235],[132.49149,34.52236],[132.4915,34.52238],[132.49151,34.52241],[132.49152,34.52244],[132.49154,34.52248],[132.49156,34.52251],[132.4916,34.52252],[132.49169,34.52259],[132.49204,34.52274],[132.49208,34.52276],[132.49217,34.52279],[132.49218,34.52271],[132.49218,34.52268],[132.49219,34.52263],[132.49219,34.52256],[132.49219,34.52251],[132.49222,34.52249],[132.49225,34.52245],[132.49228,34.52243],[132.49231,34.52241],[132.4924,34.52238],[132.49249,34.52237],[132.49253,34.52237],[132.49255,34.52238],[132.4927,34.52247],[132.49274,34.52249],[132.4928,34.52251],[132.49286,34.52254],[132.49292,34.52255],[132.49297,34.52256],[132.49302,34.52258],[132.49311,34.52255],[132.49322,34.52251],[132.49333,34.52251],[132.49349,34.52253],[132.49353,34.52256],[132.49354,34.52256],[132.49368,34.52266],[132.49374,34.52273],[132.49377,34.52277],[132.49376,34.52282],[132.49373,34.52286],[132.49367,34.52298],[132.49366,34.52302],[132.49365,34.52307],[132.49365,34.52311],[132.49365,34.52315],[132.49365,34.5232],[132.49364,34.52324],[132.49356,34.52337],[132.49351,34.52342],[132.49354,34.52344],[132.49368,34.5236],[132.49376,34.52368],[132.49379,34.52368],[132.49383,34.52369],[132.49385,34.5237],[132.49426,34.52384],[132.49429,34.52384],[132.49447,34.52384],[132.49448,34.52383],[132.49449,34.52382],[132.49468,34.52363],[132.49477,34.52354],[132.49494,34.52337],[132.49506,34.52324],[132.49522,34.52306]]]}},{"type":"Feature","properties":{"name":"亀山南四丁目","setai":377,"jinko":914,"key":"34106744004","units":1},"geometry":{"type":"Polygon","coordinates":[[[132.49356,34.52337],[132.49364,34.52324],[132.49365,34.5232],[132.49365,34.52315],[132.49365,34.52311],[132.49365,34.52307],[132.49366,34.52302],[132.49367,34.52298],[132.49373,34.52286],[132.49376,34.52282],[132.49377,34.52277],[132.49374,34.52273],[132.49368,34.52266],[132.49354,34.52256],[132.49353,34.52256],[132.49349,34.52253],[132.49333,34.52251],[132.49322,34.52251],[132.49311,34.52255],[132.49302,34.52258],[132.49297,34.52256],[132.49292,34.52255],[132.49286,34.52254],[132.4928,34.52251],[132.49274,34.52249],[132.4927,34.52247],[132.49255,34.52238],[132.49253,34.52237],[132.49249,34.52237],[132.4924,34.52238],[132.49231,34.52241],[132.49228,34.52243],[132.49225,34.52245],[132.49222,34.52249],[132.49219,34.52251],[132.49219,34.52256],[132.49219,34.52263],[132.49218,34.52268],[132.49218,34.52271],[132.49217,34.52279],[132.49208,34.52276],[132.49204,34.52274],[132.49169,34.52259],[132.4916,34.52252],[132.49156,34.52251],[132.49154,34.52248],[132.49152,34.52244],[132.49151,34.52241],[132.4915,34.52238],[132.49149,34.52236],[132.49147,34.52235],[132.49144,34.52235],[132.4914,34.52235],[132.49135,34.52234],[132.4913,34.52232],[132.49126,34.5223],[132.49123,34.52228],[132.49122,34.52228],[132.49121,34.52227],[132.49119,34.52226],[132.49116,34.52227],[132.49113,34.52227],[132.49109,34.52227],[132.49107,34.52227],[132.49104,34.52224],[132.491,34.52223],[132.49097,34.52222],[132.49097,34.52224],[132.49096,34.52228],[132.49091,34.52235],[132.49086,34.52242],[132.4907,34.52235],[132.49049,34.52226],[132.49043,34.52221],[132.49036,34.52217],[132.49034,34.52215],[132.49029,34.52208],[132.49027,34.52203],[132.49025,34.52198],[132.49025,34.52193],[132.49026,34.52188],[132.49031,34.52173],[132.49037,34.52158],[132.49039,34.52152],[132.49075,34.52053],[132.49086,34.52016],[132.49085,34.52012],[132.49083,34.5201],[132.49079,34.52005],[132.49069,34.51995],[132.49063,34.5199],[132.49053,34.51983],[132.49044,34.51979],[132.49052,34.51968],[132.49025,34.51977],[132.49012,34.51976],[132.49002,34.51972],[132.48994,34.51968],[132.48986,34.51966],[132.4898,34.51961],[132.48979,34.51958],[132.4897,34.51946],[132.48968,34.51943],[132.48965,34.51941],[132.48961,34.51939],[132.48957,34.51938],[132.4895,34.51938],[132.48945,34.51938],[132.48932,34.51936],[132.48922,34.51934],[132.48919,34.51932],[132.48917,34.5193],[132.48915,34.51928],[132.48913,34.51925],[132.48913,34.51924],[132.48908,34.51918],[132.48903,34.51909],[132.48897,34.519],[132.48889,34.51888],[132.48886,34.51882],[132.48883,34.51877],[132.4888,34.51873],[132.48876,34.51867],[132.48872,34.5186],[132.48867,34.51853],[132.48864,34.51848],[132.4886,34.51843],[132.4886,34.51842],[132.4886,34.51842],[132.48851,34.51841],[132.48823,34.51859],[132.48818,34.5186],[132.48805,34.51864],[132.48801,34.51866],[132.48782,34.51875],[132.48772,34.51882],[132.48739,34.51904],[132.48723,34.51916],[132.48676,34.51944],[132.4867,34.51948],[132.48672,34.51954],[132.48676,34.51966],[132.48677,34.51971],[132.48671,34.51977],[132.48658,34.5198],[132.48652,34.51983],[132.48647,34.51987],[132.4864,34.51994],[132.48633,34.52003],[132.48669,34.52016],[132.48719,34.52033],[132.48762,34.52048],[132.48772,34.52053],[132.48788,34.52064],[132.48798,34.52061],[132.48807,34.52061],[132.48808,34.52061],[132.48818,34.52062],[132.48824,34.52064],[132.48829,34.5207],[132.4883,34.52077],[132.4883,34.52087],[132.4883,34.52093],[132.48826,34.521],[132.48823,34.52105],[132.48821,34.52109],[132.48816,34.52115],[132.48823,34.52119],[132.48812,34.52126],[132.48805,34.5213],[132.48799,34.52133],[132.48796,34.52135],[132.48795,34.52138],[132.48797,34.52143],[132.48803,34.52147],[132.48812,34.52149],[132.48819,34.5215],[132.48816,34.52154],[132.48823,34.52161],[132.48827,34.5216],[132.48831,34.52161],[132.48843,34.52168],[132.4885,34.52171],[132.48855,34.52171],[132.48871,34.52176],[132.48873,34.52174],[132.48878,34.52176],[132.48903,34.5219],[132.48921,34.522],[132.48921,34.52221],[132.4892,34.52224],[132.4892,34.52229],[132.48921,34.52239],[132.48923,34.52246],[132.48926,34.52252],[132.48928,34.52255],[132.4893,34.5226],[132.48906,34.52316],[132.48903,34.52321],[132.48904,34.52326],[132.4891,34.52331],[132.4893,34.5234],[132.48946,34.52347],[132.48954,34.52349],[132.48963,34.52349],[132.48971,34.52346],[132.48994,34.52333],[132.49007,34.52327],[132.49016,34.52326],[132.49021,34.52326],[132.49029,34.52333],[132.49033,34.52337],[132.49035,34.52341],[132.49036,34.52346],[132.49036,34.52351],[132.49034,34.52354],[132.49031,34.52357],[132.49023,34.52363],[132.49018,34.52368],[132.49015,34.52372],[132.49014,34.52374],[132.49086,34.52354],[132.49097,34.52351],[132.4911,34.5235],[132.4912,34.52338],[132.49123,34.52333],[132.49158,34.52348],[132.49194,34.52363],[132.49234,34.5238],[132.49268,34.52394],[132.49274,34.52397],[132.4928,34.524],[132.4929,34.52405],[132.493,34.52411],[132.49304,34.52417],[132.49306,34.52419],[132.49308,34.5242],[132.4931,34.52424],[132.49313,34.5243],[132.49315,34.52438],[132.49318,34.52448],[132.49322,34.52458],[132.49323,34.52468],[132.49325,34.52475],[132.49327,34.52483],[132.49331,34.52482],[132.49333,34.52478],[132.49332,34.52477],[132.49331,34.52469],[132.49333,34.52462],[132.49335,34.52442],[132.49334,34.52441],[132.49332,34.52437],[132.49326,34.52427],[132.49324,34.52421],[132.49329,34.52417],[132.4933,34.5241],[132.49332,34.52396],[132.49339,34.52379],[132.49356,34.5237],[132.49359,34.52368],[132.49368,34.5236],[132.49354,34.52344],[132.49351,34.52342],[132.49356,34.52337]]]}},{"type":"Feature","properties":{"name":"亀山南五丁目","setai":713,"jinko":1680,"key":"34106744005","units":1},"geometry":{"type":"Polygon","coordinates":[[[132.48356,34.53111],[132.48358,34.53111],[132.48372,34.53111],[132.48381,34.5311],[132.48395,34.53107],[132.48408,34.531],[132.48419,34.53092],[132.48423,34.53087],[132.48423,34.53084],[132.48423,34.53083],[132.48424,34.53082],[132.48423,34.5308],[132.48423,34.53079],[132.48425,34.53076],[132.48428,34.53072],[132.4843,34.53068],[132.48429,34.53064],[132.48428,34.53063],[132.48428,34.53062],[132.48429,34.5306],[132.48428,34.53058],[132.48426,34.53055],[132.48425,34.53054],[132.48424,34.53052],[132.48428,34.5304],[132.48433,34.53026],[132.48438,34.5301],[132.4844,34.52998],[132.4844,34.52995],[132.48441,34.52994],[132.48445,34.5299],[132.48448,34.52988],[132.48452,34.52986],[132.48453,34.52986],[132.48455,34.52985],[132.48457,34.52984],[132.48464,34.5298],[132.48471,34.52972],[132.48478,34.52965],[132.48482,34.52962],[132.48487,34.52961],[132.48491,34.52961],[132.48494,34.52961],[132.48502,34.52957],[132.48509,34.52953],[132.48518,34.52948],[132.48519,34.52948],[132.48542,34.52941],[132.4857,34.52932],[132.48584,34.5293],[132.48594,34.52929],[132.48606,34.52927],[132.48612,34.52926],[132.48632,34.52921],[132.48645,34.52917],[132.48656,34.52915],[132.48663,34.52913],[132.48665,34.52913],[132.48665,34.52913],[132.48669,34.52912],[132.48697,34.52897],[132.48703,34.52893],[132.48715,34.52887],[132.48717,34.52886],[132.48735,34.52879],[132.4875,34.52874],[132.48758,34.52873],[132.48763,34.52871],[132.48766,34.52871],[132.48772,34.52874],[132.4878,34.52868],[132.48799,34.52855],[132.48811,34.52846],[132.48815,34.52844],[132.48819,34.52841],[132.48819,34.52841],[132.48833,34.52829],[132.48851,34.52812],[132.48861,34.52801],[132.48866,34.52798],[132.48868,34.52796],[132.48872,34.52794],[132.48877,34.52793],[132.48883,34.52792],[132.48888,34.52791],[132.48899,34.52788],[132.48911,34.52785],[132.48922,34.52782],[132.48922,34.52782],[132.48937,34.52777],[132.48939,34.52776],[132.48953,34.5277],[132.48971,34.52764],[132.48982,34.5276],[132.48988,34.52757],[132.48991,34.52756],[132.49005,34.52748],[132.49019,34.52741],[132.49032,34.52729],[132.49038,34.52722],[132.49038,34.52722],[132.49046,34.52711],[132.49052,34.52705],[132.49057,34.527],[132.49061,34.52698],[132.49066,34.52695],[132.49069,34.52693],[132.49074,34.52691],[132.49079,34.52688],[132.49086,34.52686],[132.49091,34.52687],[132.49093,34.52688],[132.49095,34.52688],[132.491,34.5269],[132.49103,34.5269],[132.49117,34.52689],[132.49127,34.52689],[132.49132,34.52688],[132.49134,34.52688],[132.49136,34.52687],[132.49139,34.52686],[132.49141,34.52684],[132.49142,34.52682],[132.49144,34.52681],[132.49149,34.52677],[132.49152,34.52671],[132.49155,34.52664],[132.4916,34.52656],[132.49166,34.52651],[132.49172,34.52644],[132.49178,34.52638],[132.49183,34.52633],[132.49183,34.52633],[132.49184,34.52632],[132.49186,34.5263],[132.49188,34.52627],[132.49192,34.52621],[132.49196,34.52617],[132.49197,34.52609],[132.49198,34.52601],[132.49198,34.52594],[132.49199,34.52584],[132.492,34.52576],[132.49204,34.5257],[132.49207,34.52564],[132.49212,34.52559],[132.49216,34.52555],[132.49226,34.52547],[132.49232,34.5254],[132.49237,34.52535],[132.4924,34.52532],[132.49244,34.52536],[132.4925,34.52537],[132.49257,34.52536],[132.49262,34.52536],[132.49268,34.52534],[132.49271,34.52532],[132.49275,34.5253],[132.4928,34.52526],[132.49284,34.52522],[132.49287,34.52518],[132.4929,34.52513],[132.49293,34.52505],[132.49297,34.52499],[132.49302,34.52492],[132.49311,34.52487],[132.49327,34.52483],[132.49325,34.52475],[132.49323,34.52468],[132.49322,34.52458],[132.49318,34.52448],[132.49315,34.52438],[132.49313,34.5243],[132.4931,34.52424],[132.49308,34.5242],[132.49306,34.52419],[132.49304,34.52417],[132.493,34.52411],[132.4929,34.52405],[132.4928,34.524],[132.49274,34.52397],[132.49268,34.52394],[132.49234,34.5238],[132.49194,34.52363],[132.49158,34.52348],[132.49123,34.52333],[132.4912,34.52338],[132.4911,34.5235],[132.49097,34.52351],[132.49086,34.52354],[132.49014,34.52374],[132.49011,34.5238],[132.49011,34.52387],[132.49012,34.52398],[132.49017,34.52412],[132.4902,34.52416],[132.49011,34.52419],[132.49005,34.52422],[132.49004,34.52426],[132.49002,34.52434],[132.49001,34.52441],[132.48999,34.52444],[132.48993,34.52446],[132.48986,34.52448],[132.48984,34.52454],[132.48982,34.52457],[132.4898,34.5246],[132.48976,34.5246],[132.48938,34.52448],[132.48919,34.52437],[132.48911,34.52432],[132.48898,34.52427],[132.48891,34.52424],[132.4888,34.52426],[132.48874,34.52427],[132.48868,34.52428],[132.48862,34.52427],[132.48851,34.52424],[132.48838,34.52423],[132.48828,34.52423],[132.48814,34.5242],[132.48807,34.52417],[132.48804,34.52416],[132.48808,34.52421],[132.48809,34.52425],[132.48826,34.52436],[132.48846,34.52442],[132.48861,34.52447],[132.48876,34.52452],[132.48887,34.52456],[132.48905,34.52468],[132.48914,34.52473],[132.48914,34.52474],[132.4891,34.52479],[132.48924,34.52488],[132.48934,34.52497],[132.48936,34.52499],[132.48902,34.52502],[132.48885,34.52505],[132.4888,34.52506],[132.48872,34.52508],[132.48861,34.52514],[132.48858,34.52518],[132.48856,34.52522],[132.48856,34.52539],[132.48855,34.52548],[132.48847,34.5254],[132.48845,34.52538],[132.48841,34.52538],[132.48834,34.52548],[132.4883,34.52554],[132.48824,34.52561],[132.48812,34.5257],[132.487,34.52566],[132.48701,34.52576],[132.48715,34.52582],[132.48736,34.52584],[132.48737,34.52591],[132.48733,34.52598],[132.48712,34.52617],[132.48703,34.52621],[132.48683,34.52633],[132.48663,34.52647],[132.48658,34.52651],[132.48649,34.52647],[132.48641,34.52644],[132.48635,34.52642],[132.48626,34.52642],[132.48623,34.52644],[132.48619,34.52648],[132.48619,34.52651],[132.48619,34.52657],[132.48622,34.52661],[132.48625,34.52668],[132.48629,34.52672],[132.48633,34.52676],[132.48632,34.5269],[132.48615,34.52706],[132.48615,34.52714],[132.48609,34.52708],[132.486,34.52699],[132.48593,34.52695],[132.48586,34.5269],[132.48575,34.52681],[132.48566,34.52681],[132.48554,34.5268],[132.48529,34.52678],[132.48498,34.52673],[132.48488,34.52668],[132.48483,34.52662],[132.48475,34.52654],[132.48468,34.52639],[132.48467,34.52637],[132.48465,34.5263],[132.48462,34.52621],[132.48455,34.52606],[132.4845,34.52597],[132.48439,34.52591],[132.48433,34.52589],[132.48427,34.52589],[132.48378,34.52615],[132.48371,34.5262],[132.4837,34.52623],[132.48372,34.52626],[132.48393,34.52641],[132.48399,34.52644],[132.48388,34.52657],[132.48383,34.52664],[132.4838,34.52672],[132.48381,34.52676],[132.48394,34.52692],[132.48398,34.52698],[132.48404,34.52705],[132.48406,34.52708],[132.48404,34.52708],[132.484,34.52708],[132.48398,34.52708],[132.48394,34.5271],[132.48391,34.52714],[132.4839,34.5272],[132.48392,34.52725],[132.48405,34.52733],[132.4841,34.52736],[132.48411,34.5274],[132.48411,34.52743],[132.48406,34.52763],[132.48409,34.52775],[132.48411,34.52783],[132.48417,34.52796],[132.48416,34.52811],[132.48413,34.52812],[132.48417,34.52823],[132.48399,34.52831],[132.48392,34.52835],[132.48389,34.52854],[132.48381,34.52859],[132.48373,34.52866],[132.48366,34.52871],[132.48356,34.5288],[132.48332,34.52882],[132.48324,34.52891],[132.48321,34.52895],[132.48238,34.52863],[132.48236,34.52862],[132.48231,34.52853],[132.48222,34.52838],[132.48206,34.52847],[132.48218,34.52862],[132.48225,34.52867],[132.48247,34.52879],[132.4825,34.52881],[132.48255,34.52884],[132.48258,34.52885],[132.48263,34.52889],[132.48269,34.52893],[132.48269,34.52894],[132.48272,34.52895],[132.48287,34.52906],[132.48296,34.52911],[132.48273,34.52917],[132.48272,34.52918],[132.48268,34.52918],[132.48257,34.52921],[132.48249,34.52924],[132.4824,34.52929],[132.48236,34.52933],[132.48234,34.52937],[132.48234,34.52941],[132.48234,34.52942],[132.48237,34.52949],[132.48244,34.52959],[132.48248,34.52965],[132.4825,34.52971],[132.48251,34.52979],[132.4825,34.52985],[132.48248,34.52993],[132.48243,34.53003],[132.48242,34.53005],[132.48239,34.5301],[132.48238,34.5302],[132.48238,34.53026],[132.4824,34.53034],[132.48241,34.53035],[132.48245,34.53042],[132.48248,34.53048],[132.48255,34.53057],[132.48264,34.53063],[132.4827,34.53066],[132.48275,34.53067],[132.48279,34.53068],[132.48281,34.53068],[132.48298,34.53096],[132.48302,34.53103],[132.48303,34.53103],[132.48306,34.53106],[132.48307,34.53107],[132.48309,34.53108],[132.48316,34.53112],[132.48326,34.53112],[132.4835,34.53113],[132.48356,34.53111]]]}},{"type":"Feature","properties":{"name":"三入一丁目","setai":269,"jinko":575,"key":"34106745001","units":1},"geometry":{"type":"Polygon","coordinates":[[[132.52284,34.53608],[132.5226,34.53596],[132.52247,34.5359],[132.52232,34.53583],[132.52219,34.53575],[132.52216,34.53574],[132.52198,34.53565],[132.52183,34.53552],[132.52172,34.53541],[132.52158,34.5353],[132.52127,34.53486],[132.52125,34.53482],[132.52114,34.53469],[132.52105,34.53458],[132.52096,34.53446],[132.52086,34.53436],[132.5204,34.53391],[132.51992,34.53343],[132.5199,34.53342],[132.5197,34.53322],[132.5194,34.53292],[132.51925,34.53274],[132.51922,34.53271],[132.51857,34.53191],[132.51855,34.53188],[132.51852,34.53181],[132.51848,34.53155],[132.51843,34.53128],[132.51839,34.53092],[132.51837,34.53083],[132.51836,34.5307],[132.51836,34.53002],[132.51837,34.52998],[132.51837,34.52991],[132.51837,34.52978],[132.51837,34.52965],[132.51837,34.52951],[132.51837,34.52937],[132.51837,34.52923],[132.51838,34.52914],[132.51837,34.52906],[132.51838,34.52898],[132.51839,34.52887],[132.51839,34.52879],[132.51838,34.5287],[132.51837,34.5287],[132.51832,34.52868],[132.5183,34.52867],[132.51792,34.52899],[132.51783,34.52907],[132.5177,34.52913],[132.51704,34.52941],[132.517,34.52942],[132.51696,34.52943],[132.51692,34.52944],[132.51678,34.52951],[132.51665,34.5296],[132.51652,34.5297],[132.51646,34.52976],[132.51645,34.52977],[132.51645,34.52979],[132.51633,34.52996],[132.51629,34.53002],[132.51624,34.53008],[132.51595,34.53053],[132.51581,34.53076],[132.51538,34.53146],[132.51519,34.53174],[132.51493,34.53221],[132.51472,34.5326],[132.51467,34.53275],[132.51468,34.53273],[132.51486,34.53249],[132.51498,34.53231],[132.51512,34.53213],[132.51528,34.53198],[132.51542,34.53185],[132.51555,34.53176],[132.51556,34.53174],[132.51574,34.53158],[132.51594,34.53134],[132.51599,34.5313],[132.51607,34.53147],[132.51617,34.53156],[132.51624,34.53164],[132.51635,34.53193],[132.51645,34.53221],[132.51648,34.53237],[132.51654,34.53265],[132.51656,34.5327],[132.51667,34.53306],[132.51677,34.53347],[132.51691,34.5338],[132.517,34.534],[132.51708,34.53414],[132.51715,34.53425],[132.51717,34.53428],[132.51738,34.53459],[132.51747,34.53473],[132.51762,34.53486],[132.51765,34.53488],[132.51768,34.5349],[132.51766,34.53494],[132.51762,34.53499],[132.51764,34.53502],[132.51787,34.53527],[132.51793,34.53525],[132.51806,34.53541],[132.5182,34.53557],[132.51822,34.53559],[132.51813,34.53566],[132.51812,34.53567],[132.51825,34.53582],[132.51881,34.53621],[132.51886,34.53623],[132.51892,34.5362],[132.51898,34.53619],[132.51906,34.53618],[132.51912,34.53614],[132.51913,34.53612],[132.51919,34.53607],[132.51922,34.53605],[132.51927,34.53611],[132.51931,34.53615],[132.51945,34.53632],[132.51947,34.53634],[132.51981,34.53669],[132.51987,34.53677],[132.51994,34.53681],[132.52008,34.53686],[132.52029,34.53696],[132.52047,34.53705],[132.52061,34.53716],[132.52078,34.53734],[132.52108,34.53764],[132.5211,34.53765],[132.5213,34.53779],[132.52144,34.53792],[132.52161,34.53806],[132.52191,34.53832],[132.52221,34.53863],[132.52239,34.53877],[132.52239,34.53877],[132.5229,34.5385],[132.52306,34.53838],[132.52308,34.53837],[132.52315,34.53832],[132.52325,34.53825],[132.5233,34.53822],[132.52323,34.5381],[132.52381,34.5378],[132.52388,34.53775],[132.52387,34.53773],[132.52388,34.53769],[132.52405,34.53717],[132.52406,34.53715],[132.52429,34.53696],[132.5244,34.53688],[132.52449,34.53681],[132.52422,34.53663],[132.5241,34.53654],[132.52402,34.53648],[132.52394,34.53645],[132.52393,34.53644],[132.52393,34.53644],[132.52393,34.53644],[132.52365,34.53637],[132.52326,34.53624],[132.52325,34.53624],[132.52313,34.53621],[132.52302,34.53616],[132.52284,34.53608]]]}},{"type":"Feature","properties":{"name":"三入二丁目","setai":475,"jinko":1190,"key":"34106745002","units":1},"geometry":{"type":"Polygon","coordinates":[[[132.52698,34.54641],[132.52708,34.54636],[132.52716,34.54631],[132.52723,34.54629],[132.52737,34.54631],[132.52756,34.54632],[132.52762,34.54631],[132.52767,34.5463],[132.52771,34.54626],[132.52775,34.54622],[132.52778,34.54617],[132.52779,34.5461],[132.52779,34.54609],[132.52778,34.54598],[132.52778,34.54589],[132.52782,34.54557],[132.52782,34.54549],[132.52789,34.54531],[132.52798,34.54507],[132.52806,34.54493],[132.52813,34.54482],[132.52821,34.5447],[132.52843,34.54441],[132.52851,34.5443],[132.52857,34.54427],[132.5286,34.54423],[132.52869,34.54412],[132.52872,34.54408],[132.52878,34.54404],[132.52892,34.54395],[132.52898,34.5439],[132.52903,34.54386],[132.52905,34.54384],[132.52931,34.54355],[132.52943,34.54345],[132.52946,34.54344],[132.52951,34.54342],[132.52965,34.54335],[132.52987,34.54328],[132.52995,34.54324],[132.52997,34.54323],[132.53,34.54322],[132.53006,34.54318],[132.53027,34.54303],[132.53024,34.54299],[132.53009,34.54287],[132.52955,34.54238],[132.52951,34.54234],[132.52943,34.54227],[132.52941,34.54225],[132.5287,34.5416],[132.52834,34.54129],[132.52812,34.54112],[132.52808,34.54109],[132.52751,34.54067],[132.52687,34.54019],[132.52643,34.53986],[132.52594,34.53947],[132.52593,34.53946],[132.52559,34.53917],[132.52501,34.53869],[132.52478,34.53851],[132.52444,34.53823],[132.52429,34.5381],[132.52388,34.53775],[132.52381,34.5378],[132.52323,34.5381],[132.5233,34.53822],[132.52325,34.53825],[132.52315,34.53832],[132.52308,34.53837],[132.52306,34.53838],[132.5229,34.5385],[132.52239,34.53877],[132.52243,34.53883],[132.52241,34.53884],[132.52244,34.53885],[132.52256,34.53891],[132.52265,34.53897],[132.52274,34.53906],[132.52282,34.53916],[132.52291,34.53939],[132.52294,34.53963],[132.52295,34.53966],[132.52295,34.53969],[132.52294,34.53981],[132.52296,34.5399],[132.52297,34.54001],[132.52299,34.54004],[132.52292,34.54007],[132.52288,34.5401],[132.52283,34.54018],[132.52283,34.54027],[132.52283,34.54034],[132.52282,34.54042],[132.52281,34.54052],[132.5228,34.54056],[132.52281,34.54063],[132.52296,34.54081],[132.52305,34.54089],[132.52326,34.54107],[132.52338,34.54115],[132.52354,34.54125],[132.52369,34.54141],[132.52355,34.54154],[132.52372,34.54176],[132.52381,34.54182],[132.52388,34.54186],[132.52406,34.54199],[132.52417,34.54193],[132.5244,34.54211],[132.52446,34.54223],[132.52455,34.54237],[132.52467,34.54251],[132.52464,34.54259],[132.52484,34.54278],[132.52501,34.54294],[132.5251,34.54301],[132.52519,34.54307],[132.52524,34.54312],[132.5253,34.54316],[132.5254,34.5433],[132.52547,34.54335],[132.52544,34.54351],[132.5257,34.54374],[132.52582,34.54393],[132.52589,34.54398],[132.52605,34.54411],[132.52621,34.54413],[132.52629,34.54415],[132.52633,34.54417],[132.5264,34.54425],[132.52645,34.54441],[132.52653,34.54447],[132.52663,34.54452],[132.52667,34.54455],[132.52667,34.54459],[132.52666,34.54468],[132.52665,34.54475],[132.52666,34.54484],[132.52669,34.54492],[132.52673,34.545],[132.52684,34.54512],[132.52699,34.54524],[132.52709,34.54531],[132.52714,34.54534],[132.52718,34.54538],[132.52721,34.54542],[132.52721,34.54545],[132.52724,34.54557],[132.52729,34.5457],[132.52735,34.5458],[132.52739,34.54587],[132.52738,34.54594],[132.52732,34.54602],[132.52719,34.54613],[132.52692,34.54634],[132.52686,34.5464],[132.52689,34.54639],[132.52686,34.54641],[132.52698,34.54641]]]}},{"type":"Feature","properties":{"name":"三入三丁目","setai":112,"jinko":258,"key":"34106745003","units":1},"geometry":{"type":"Polygon","coordinates":[[[132.52485,34.53715],[132.5244,34.53688],[132.52429,34.53696],[132.52406,34.53715],[132.52405,34.53717],[132.52388,34.53769],[132.52387,34.53773],[132.52388,34.53775],[132.52429,34.5381],[132.52444,34.53823],[132.52478,34.53851],[132.52501,34.53869],[132.52559,34.53917],[132.52593,34.53946],[132.52594,34.53947],[132.52643,34.53986],[132.52687,34.54019],[132.52751,34.54067],[132.52808,34.54109],[132.52812,34.54112],[132.52834,34.54129],[132.5287,34.5416],[132.52941,34.54225],[132.52943,34.54227],[132.52951,34.54234],[132.52955,34.54238],[132.52964,34.54232],[132.52971,34.54227],[132.52994,34.54212],[132.53013,34.54199],[132.53023,34.54191],[132.53032,34.54184],[132.53037,34.54179],[132.53045,34.54172],[132.53049,34.54166],[132.53054,34.54158],[132.5306,34.54148],[132.53072,34.54131],[132.5308,34.5412],[132.53086,34.5411],[132.53091,34.54102],[132.53096,34.54094],[132.53119,34.54059],[132.53122,34.54056],[132.53136,34.54042],[132.53156,34.54022],[132.53149,34.54017],[132.5314,34.5401],[132.53103,34.5399],[132.53073,34.53975],[132.53049,34.53962],[132.53045,34.5396],[132.53022,34.53945],[132.52996,34.53934],[132.52964,34.53919],[132.52958,34.53916],[132.52952,34.53914],[132.52931,34.53904],[132.52897,34.53889],[132.52878,34.53887],[132.52852,34.53882],[132.52817,34.5388],[132.52805,34.53878],[132.52787,34.53876],[132.52778,34.53875],[132.52757,34.53873],[132.52745,34.53871],[132.52702,34.53861],[132.52693,34.53856],[132.52688,34.53853],[132.52665,34.53841],[132.5264,34.53829],[132.52602,34.53805],[132.52572,34.53785],[132.5255,34.5377],[132.5253,34.53753],[132.52489,34.53718],[132.52487,34.53716],[132.52485,34.53715]]]}},{"type":"Feature","properties":{"name":"三入四丁目","setai":78,"jinko":189,"key":"34106745004","units":1},"geometry":{"type":"Polygon","coordinates":[[[132.53591,34.54354],[132.5361,34.54351],[132.53616,34.54352],[132.5365,34.54355],[132.53642,34.54329],[132.53635,34.54331],[132.53609,34.543],[132.53603,34.5429],[132.53598,34.54293],[132.53585,34.543],[132.53574,34.54303],[132.53571,34.54304],[132.5357,34.54305],[132.53532,34.54292],[132.53514,34.54284],[132.53515,34.54269],[132.53515,34.54269],[132.53512,34.5426],[132.53508,34.54251],[132.53501,34.54242],[132.53481,34.54229],[132.53466,34.5422],[132.53473,34.54203],[132.53468,34.54187],[132.53464,34.54178],[132.5345,34.54179],[132.53447,34.54177],[132.53448,34.54168],[132.53446,34.54157],[132.53442,34.54154],[132.53433,34.54153],[132.53428,34.54141],[132.53425,34.54126],[132.53419,34.54115],[132.53406,34.54104],[132.53399,34.54095],[132.53381,34.54065],[132.53389,34.54058],[132.53408,34.54041],[132.53413,34.54038],[132.53418,34.54035],[132.53425,34.5403],[132.53435,34.54019],[132.53443,34.54008],[132.53453,34.53992],[132.53446,34.53985],[132.53453,34.53978],[132.53464,34.53984],[132.53473,34.53985],[132.5348,34.53984],[132.53489,34.53979],[132.53494,34.53973],[132.53495,34.5397],[132.53479,34.53954],[132.53492,34.5395],[132.53503,34.53945],[132.53515,34.53935],[132.53522,34.53928],[132.53527,34.5392],[132.53532,34.53914],[132.5355,34.53899],[132.53533,34.53879],[132.53518,34.5388],[132.53509,34.53883],[132.53498,34.53887],[132.53492,34.53884],[132.53475,34.53888],[132.53461,34.53892],[132.53457,34.53893],[132.53446,34.53896],[132.53427,34.53903],[132.53405,34.53916],[132.53388,34.53927],[132.53386,34.53929],[132.53386,34.53929],[132.53371,34.53937],[132.53345,34.53953],[132.53343,34.53955],[132.53336,34.53958],[132.53329,34.53962],[132.53321,34.53965],[132.53313,34.53966],[132.53307,34.53968],[132.53298,34.53969],[132.53246,34.53972],[132.53243,34.53972],[132.53235,34.53972],[132.53228,34.53973],[132.53223,34.53974],[132.53218,34.53976],[132.53212,34.53978],[132.532,34.53983],[132.53197,34.53985],[132.53194,34.53987],[132.53189,34.53989],[132.53183,34.53995],[132.53173,34.54005],[132.53156,34.54022],[132.53163,34.54028],[132.53176,34.54038],[132.53185,34.54049],[132.53197,34.54068],[132.53203,34.54086],[132.53207,34.54104],[132.5321,34.54118],[132.5321,34.54133],[132.53214,34.54146],[132.53218,34.54161],[132.53222,34.54172],[132.53227,34.54183],[132.53229,34.54185],[132.53238,34.54194],[132.53249,34.54206],[132.53262,34.54221],[132.53277,34.54234],[132.53286,34.54242],[132.53295,34.54253],[132.53296,34.54252],[132.53298,34.54249],[132.53302,34.54247],[132.53305,34.54247],[132.53315,34.54249],[132.5333,34.54257],[132.53345,34.54265],[132.53365,34.54275],[132.53381,34.54283],[132.53381,34.54283],[132.53383,34.54285],[132.53401,34.54296],[132.53414,34.54303],[132.53431,34.54314],[132.53438,34.54317],[132.53444,34.5432],[132.53447,34.54321],[132.53468,34.5433],[132.53476,34.54333],[132.53479,34.54336],[132.53502,34.54354],[132.53529,34.54374],[132.53534,34.54378],[132.5354,34.54383],[132.53541,34.54385],[132.53549,34.54397],[132.53557,34.54408],[132.53565,34.54421],[132.53571,34.54432],[132.53576,34.54445],[132.53579,34.54454],[132.53582,34.54465],[132.53584,34.54475],[132.53584,34.54478],[132.53585,34.54491],[132.53588,34.54506],[132.5359,34.54516],[132.53592,34.54528],[132.53593,34.54533],[132.53593,34.54539],[132.53595,34.54549],[132.53597,34.54557],[132.53602,34.54568],[132.53603,34.54572],[132.53605,34.54578],[132.53611,34.54587],[132.53619,34.546],[132.53625,34.54608],[132.53643,34.5462],[132.53652,34.54626],[132.53678,34.54639],[132.53684,34.54641],[132.53686,34.54642],[132.53711,34.5465],[132.53712,34.54651],[132.53715,34.54652],[132.53745,34.54661],[132.53773,34.54669],[132.53793,34.54674],[132.53799,34.54676],[132.53873,34.5465],[132.53826,34.54626],[132.53808,34.54614],[132.53788,34.54599],[132.53772,34.54585],[132.5375,34.54561],[132.53733,34.54541],[132.53715,34.5452],[132.53675,34.54469],[132.53647,34.54431],[132.5361,34.54382],[132.53591,34.54354]]]}},{"type":"Feature","properties":{"name":"三入五丁目","setai":168,"jinko":360,"key":"34106745005","units":1},"geometry":{"type":"Polygon","coordinates":[[[132.5333,34.54257],[132.53315,34.54249],[132.53305,34.54247],[132.53302,34.54247],[132.53298,34.54249],[132.53296,34.54252],[132.53295,34.54253],[132.53286,34.54242],[132.53277,34.54234],[132.53262,34.54221],[132.53249,34.54206],[132.53238,34.54194],[132.53229,34.54185],[132.53227,34.54183],[132.53222,34.54172],[132.53218,34.54161],[132.53214,34.54146],[132.5321,34.54133],[132.5321,34.54118],[132.53207,34.54104],[132.53203,34.54086],[132.53197,34.54068],[132.53185,34.54049],[132.53176,34.54038],[132.53163,34.54028],[132.53156,34.54022],[132.53136,34.54042],[132.53122,34.54056],[132.53119,34.54059],[132.53096,34.54094],[132.53091,34.54102],[132.53086,34.5411],[132.5308,34.5412],[132.53072,34.54131],[132.5306,34.54148],[132.53054,34.54158],[132.53049,34.54166],[132.53045,34.54172],[132.53037,34.54179],[132.53032,34.54184],[132.53023,34.54191],[132.53013,34.54199],[132.52994,34.54212],[132.52971,34.54227],[132.52964,34.54232],[132.52955,34.54238],[132.53009,34.54287],[132.53024,34.54299],[132.53027,34.54303],[132.53117,34.54385],[132.53187,34.54448],[132.53195,34.54454],[132.53218,34.54475],[132.5323,34.54485],[132.53233,34.54487],[132.53278,34.5452],[132.53281,34.54522],[132.53282,34.54523],[132.5335,34.54571],[132.53392,34.54601],[132.5343,34.54628],[132.53435,34.54632],[132.53438,34.54633],[132.5344,34.54636],[132.53515,34.54688],[132.53518,34.5469],[132.53565,34.54723],[132.53568,34.54726],[132.53582,34.54707],[132.53628,34.54641],[132.53643,34.5462],[132.53625,34.54608],[132.53619,34.546],[132.53611,34.54587],[132.53605,34.54578],[132.53603,34.54572],[132.53602,34.54568],[132.53597,34.54557],[132.53595,34.54549],[132.53593,34.54539],[132.53593,34.54533],[132.53592,34.54528],[132.5359,34.54516],[132.53588,34.54506],[132.53585,34.54491],[132.53584,34.54478],[132.53584,34.54475],[132.53582,34.54465],[132.53579,34.54454],[132.53576,34.54445],[132.53571,34.54432],[132.53565,34.54421],[132.53557,34.54408],[132.53549,34.54397],[132.53541,34.54385],[132.5354,34.54383],[132.53534,34.54378],[132.53529,34.54374],[132.53502,34.54354],[132.53479,34.54336],[132.53476,34.54333],[132.53468,34.5433],[132.53447,34.54321],[132.53444,34.5432],[132.53438,34.54317],[132.53431,34.54314],[132.53414,34.54303],[132.53401,34.54296],[132.53383,34.54285],[132.53381,34.54283],[132.53381,34.54283],[132.53365,34.54275],[132.53345,34.54265],[132.5333,34.54257]]]}},{"type":"Feature","properties":{"name":"三入六丁目","setai":290,"jinko":792,"key":"34106745006","units":1},"geometry":{"type":"Polygon","coordinates":[[[132.53287,34.55053],[132.53293,34.55047],[132.53295,34.55046],[132.533,34.55042],[132.53303,34.55039],[132.53314,34.55048],[132.53328,34.55025],[132.5335,34.5498],[132.53345,34.5497],[132.53345,34.5497],[132.53336,34.54945],[132.53334,34.5494],[132.53332,34.54933],[132.53323,34.5491],[132.53328,34.54897],[132.53334,34.54893],[132.53351,34.54881],[132.5337,34.54877],[132.53373,34.54877],[132.53397,34.54872],[132.53443,34.54824],[132.53474,34.54798],[132.53497,34.54776],[132.53537,34.54742],[132.53538,34.54741],[132.53544,34.54736],[132.53556,34.54728],[132.53557,34.54728],[132.53565,34.54723],[132.53518,34.5469],[132.53515,34.54688],[132.5344,34.54636],[132.53438,34.54633],[132.53435,34.54632],[132.5343,34.54628],[132.53392,34.54601],[132.5335,34.54571],[132.53282,34.54523],[132.53281,34.54522],[132.53278,34.5452],[132.53233,34.54487],[132.5323,34.54485],[132.53218,34.54475],[132.53195,34.54454],[132.53187,34.54448],[132.53117,34.54385],[132.53027,34.54303],[132.53006,34.54318],[132.53,34.54322],[132.52997,34.54323],[132.52995,34.54324],[132.52987,34.54328],[132.52965,34.54335],[132.52951,34.54342],[132.52946,34.54344],[132.52943,34.54345],[132.52931,34.54355],[132.52905,34.54384],[132.52903,34.54386],[132.52898,34.5439],[132.52892,34.54395],[132.52878,34.54404],[132.52872,34.54408],[132.52869,34.54412],[132.5286,34.54423],[132.52857,34.54427],[132.52851,34.5443],[132.52843,34.54441],[132.52821,34.5447],[132.52813,34.54482],[132.52806,34.54493],[132.52798,34.54507],[132.52789,34.54531],[132.52782,34.54549],[132.52782,34.54557],[132.52778,34.54589],[132.52778,34.54598],[132.52779,34.54609],[132.52805,34.54609],[132.52817,34.54608],[132.52825,34.54611],[132.52831,34.54611],[132.5285,34.54613],[132.52864,34.54614],[132.52871,34.54615],[132.52878,34.54616],[132.5289,34.54617],[132.52892,34.54604],[132.52899,34.54595],[132.52901,34.54592],[132.52915,34.54598],[132.52918,34.54599],[132.52921,34.546],[132.52923,34.54602],[132.52927,34.54605],[132.52951,34.54627],[132.52955,34.5463],[132.52958,34.54634],[132.52966,34.54645],[132.52973,34.54652],[132.52976,34.54656],[132.52983,34.54661],[132.52989,34.54663],[132.53011,34.54667],[132.53013,34.54667],[132.53012,34.54668],[132.53016,34.5467],[132.53018,34.54672],[132.53032,34.54689],[132.53048,34.54702],[132.53062,34.54719],[132.53073,34.54733],[132.53083,34.54755],[132.53086,34.54766],[132.53088,34.54782],[132.53088,34.54783],[132.53089,34.54797],[132.53091,34.54814],[132.53093,34.54823],[132.53094,34.54847],[132.53094,34.54856],[132.53096,34.54865],[132.53103,34.54875],[132.53109,34.54888],[132.5312,34.54885],[132.53133,34.54878],[132.53136,34.54874],[132.5314,34.54866],[132.53144,34.54854],[132.53148,34.54823],[132.53153,34.54812],[132.53164,34.54798],[132.53181,34.54778],[132.53192,34.54766],[132.53198,34.54762],[132.53199,34.5476],[132.53204,34.54756],[132.53207,34.54764],[132.53214,34.54763],[132.53221,34.54762],[132.53256,34.54776],[132.53263,34.54778],[132.53264,34.54792],[132.53265,34.54802],[132.53265,34.54809],[132.53265,34.54814],[132.53263,34.54815],[132.53255,34.54819],[132.53253,34.54822],[132.5325,34.54832],[132.53248,34.54839],[132.53249,34.54851],[132.53249,34.54857],[132.53244,34.54864],[132.53243,34.54882],[132.53238,34.54903],[132.53238,34.54916],[132.53243,34.54929],[132.53236,34.54931],[132.53226,34.54939],[132.53213,34.54951],[132.53208,34.54968],[132.53209,34.54975],[132.5321,34.54979],[132.53214,34.54985],[132.53238,34.54995],[132.53244,34.54997],[132.53252,34.55001],[132.53249,34.55002],[132.53244,34.55014],[132.53242,34.55021],[132.53231,34.55035],[132.53231,34.55043],[132.5323,34.55054],[132.53263,34.55047],[132.53269,34.55057],[132.53287,34.55053]]]}},{"type":"Feature","properties":{"name":"三入七丁目","setai":284,"jinko":735,"key":"34106745007","units":1},"geometry":{"type":"Polygon","coordinates":[[[132.52489,34.5532],[132.52523,34.5528],[132.52575,34.55286],[132.52597,34.55272],[132.52576,34.55251],[132.52572,34.55246],[132.52571,34.55243],[132.52567,34.55226],[132.52606,34.55218],[132.52638,34.55211],[132.52642,34.55213],[132.52657,34.5521],[132.52668,34.55214],[132.52672,34.55213],[132.52748,34.55185],[132.52755,34.55179],[132.52768,34.55177],[132.52769,34.5518],[132.52775,34.55213],[132.52804,34.55206],[132.52802,34.55194],[132.52806,34.55191],[132.52808,34.55189],[132.52812,34.55181],[132.52813,34.55172],[132.52812,34.55163],[132.5281,34.55158],[132.52805,34.55149],[132.52804,34.55146],[132.52799,34.55127],[132.52798,34.55123],[132.52787,34.55056],[132.52788,34.55054],[132.52792,34.55052],[132.52797,34.5505],[132.52803,34.55045],[132.52808,34.5504],[132.52819,34.55037],[132.52825,34.55031],[132.52828,34.55028],[132.52831,34.55022],[132.52833,34.55016],[132.52837,34.55007],[132.52838,34.55002],[132.52838,34.54998],[132.52832,34.5499],[132.52828,34.54988],[132.52824,34.54986],[132.52805,34.54975],[132.52788,34.54967],[132.52784,34.54966],[132.52768,34.54957],[132.52759,34.54951],[132.52754,34.54945],[132.52752,34.54943],[132.52743,34.54925],[132.5274,34.5491],[132.52735,34.54905],[132.52728,34.54898],[132.52727,34.54889],[132.52725,34.54886],[132.52728,34.5488],[132.5273,34.54881],[132.52736,34.54881],[132.52763,34.54883],[132.52781,34.54884],[132.52779,34.54879],[132.52778,34.54864],[132.5279,34.54861],[132.52809,34.54857],[132.52817,34.54857],[132.52828,34.54855],[132.52833,34.54851],[132.52837,34.54848],[132.52842,34.54844],[132.52843,34.5484],[132.52836,34.54818],[132.52852,34.54791],[132.5288,34.54752],[132.52887,34.5474],[132.52891,34.54737],[132.52898,34.54734],[132.52926,34.54729],[132.52933,34.54727],[132.52937,34.54723],[132.52939,34.54718],[132.52941,34.54713],[132.5294,34.54708],[132.52937,34.547],[132.52937,34.54697],[132.52942,34.54693],[132.52952,34.54683],[132.52953,34.54682],[132.52954,34.54678],[132.52954,34.54676],[132.52952,34.54675],[132.52942,34.54669],[132.52941,34.54668],[132.52942,34.54666],[132.52945,34.54666],[132.52954,34.54668],[132.5297,34.54672],[132.52976,34.54675],[132.52982,34.54677],[132.52987,34.54677],[132.52993,34.54677],[132.52998,34.54677],[132.53003,34.54675],[132.53006,34.54671],[132.53008,34.54668],[132.53011,34.54667],[132.52989,34.54663],[132.52983,34.54661],[132.52976,34.54656],[132.52973,34.54652],[132.52966,34.54645],[132.52958,34.54634],[132.52955,34.5463],[132.52951,34.54627],[132.52927,34.54605],[132.52923,34.54602],[132.52921,34.546],[132.52918,34.54599],[132.52915,34.54598],[132.52901,34.54592],[132.52899,34.54595],[132.52892,34.54604],[132.5289,34.54617],[132.52878,34.54616],[132.52871,34.54615],[132.52864,34.54614],[132.5285,34.54613],[132.52831,34.54611],[132.52825,34.54611],[132.52817,34.54608],[132.52805,34.54609],[132.52779,34.54609],[132.52779,34.5461],[132.52778,34.54617],[132.52775,34.54622],[132.52771,34.54626],[132.52767,34.5463],[132.52762,34.54631],[132.52756,34.54632],[132.52737,34.54631],[132.52723,34.54629],[132.52716,34.54631],[132.52708,34.54636],[132.52698,34.54641],[132.52686,34.54641],[132.52689,34.54639],[132.52686,34.5464],[132.52679,34.5464],[132.52663,34.54642],[132.52653,34.54645],[132.52647,34.54648],[132.52629,34.54653],[132.52612,34.54656],[132.52598,34.54658],[132.52578,34.54663],[132.52574,34.54665],[132.52561,34.54668],[132.5256,34.54659],[132.52545,34.54649],[132.52487,34.54623],[132.52481,34.5462],[132.52471,34.54632],[132.52468,34.54639],[132.52475,34.54641],[132.52476,34.54641],[132.52479,34.54646],[132.52478,34.54652],[132.52471,34.54666],[132.52458,34.5468],[132.52456,34.54682],[132.52447,34.5469],[132.5244,34.54696],[132.5243,34.54696],[132.52427,34.54698],[132.5239,34.54701],[132.52385,34.54705],[132.52374,34.54714],[132.5237,34.54724],[132.52386,34.54737],[132.52394,34.54731],[132.52412,34.54727],[132.52441,34.54727],[132.52476,34.54725],[132.52504,34.54721],[132.5253,34.5472],[132.5257,34.54716],[132.52604,34.54711],[132.5261,34.54709],[132.52619,34.5471],[132.52612,34.54718],[132.52605,34.54726],[132.52598,34.54731],[132.52589,34.54734],[132.5257,34.54746],[132.52555,34.5476],[132.52541,34.54775],[132.52533,34.54789],[132.52526,34.54799],[132.52516,34.54806],[132.52505,34.54818],[132.52503,34.54827],[132.52504,34.54838],[132.52509,34.54851],[132.52509,34.54858],[132.52504,34.54861],[132.52497,34.54865],[132.5249,34.54877],[132.52484,34.54888],[132.52485,34.549],[132.52483,34.54907],[132.52478,34.54914],[132.52474,34.5492],[132.52456,34.54927],[132.52439,34.54933],[132.5242,34.54945],[132.52412,34.54949],[132.52408,34.54951],[132.52396,34.5496],[132.52376,34.54956],[132.52354,34.54951],[132.52323,34.54945],[132.52282,34.54939],[132.52247,34.54937],[132.52221,34.54938],[132.52186,34.54937],[132.52176,34.54937],[132.52166,34.54936],[132.52175,34.54942],[132.52179,34.54946],[132.5218,34.5495],[132.52177,34.54958],[132.52174,34.54965],[132.52168,34.54971],[132.52161,34.54979],[132.5215,34.54986],[132.52135,34.55002],[132.52109,34.55037],[132.52106,34.5504],[132.52105,34.55042],[132.52107,34.55045],[132.52109,34.55045],[132.52115,34.55045],[132.52126,34.55044],[132.52146,34.55043],[132.52159,34.55043],[132.5217,34.55045],[132.52179,34.55048],[132.52189,34.55056],[132.52196,34.55064],[132.522,34.55069],[132.52204,34.55072],[132.5221,34.55074],[132.52216,34.55075],[132.52222,34.55075],[132.52227,34.55073],[132.52235,34.55069],[132.52242,34.55063],[132.52253,34.55048],[132.52259,34.55037],[132.52265,34.5503],[132.52276,34.55019],[132.52287,34.55009],[132.52294,34.55003],[132.52302,34.54997],[132.52311,34.54994],[132.5232,34.54993],[132.52325,34.54995],[132.5233,34.54997],[132.52338,34.55],[132.52341,34.55002],[132.52343,34.55003],[132.52343,34.55003],[132.52355,34.55011],[132.52361,34.55018],[132.52364,34.55026],[132.52363,34.55039],[132.52362,34.55045],[132.52362,34.55056],[132.52361,34.55065],[132.52359,34.55075],[132.52347,34.55076],[132.52334,34.55077],[132.52322,34.55079],[132.52318,34.5509],[132.52314,34.551],[132.5231,34.55103],[132.52307,34.55105],[132.52301,34.55109],[132.52293,34.55115],[132.52287,34.55119],[132.52279,34.55124],[132.52274,34.55131],[132.52272,34.55136],[132.52274,34.55147],[132.52281,34.55156],[132.52301,34.55174],[132.52308,34.5518],[132.52318,34.55184],[132.52326,34.55185],[132.52336,34.55183],[132.52343,34.55181],[132.52347,34.55181],[132.5235,34.55184],[132.52352,34.55186],[132.52351,34.5519],[132.52351,34.55193],[132.52348,34.55215],[132.52347,34.55219],[132.52347,34.55222],[132.52356,34.55218],[132.52363,34.55215],[132.52375,34.55213],[132.52385,34.55211],[132.52388,34.5521],[132.52394,34.55209],[132.52396,34.55209],[132.52398,34.55209],[132.52411,34.55202],[132.52414,34.5521],[132.52427,34.5521],[132.5243,34.55197],[132.5244,34.55186],[132.52456,34.5519],[132.52478,34.55199],[132.52481,34.55202],[132.52482,34.55205],[132.52481,34.55212],[132.52468,34.55245],[132.52466,34.55249],[132.52477,34.55252],[132.52485,34.55253],[132.52488,34.55254],[132.52482,34.55272],[132.52471,34.55317],[132.52482,34.55324],[132.52489,34.5532]]]}},{"type":"Feature","properties":{"name":"三入東一丁目","setai":606,"jinko":1487,"key":"34106746001","units":1},"geometry":{"type":"Polygon","coordinates":[[[132.54089,34.53796],[132.54099,34.53794],[132.54119,34.53794],[132.54141,34.53791],[132.54171,34.53786],[132.54181,34.53787],[132.54205,34.5377],[132.54215,34.53762],[132.54223,34.53756],[132.54235,34.53743],[132.54238,34.53735],[132.54244,34.53728],[132.54246,34.53723],[132.54247,34.53719],[132.54247,34.53712],[132.54249,34.53707],[132.54253,34.53704],[132.54256,34.53699],[132.54259,34.53693],[132.54262,34.53692],[132.54266,34.53691],[132.54273,34.53686],[132.54278,34.53681],[132.54282,34.53673],[132.54298,34.53664],[132.54305,34.53657],[132.54307,34.53652],[132.54311,34.53643],[132.54312,34.53639],[132.54315,34.53638],[132.54321,34.53637],[132.54326,34.53635],[132.54331,34.53631],[132.54337,34.53631],[132.54344,34.5363],[132.5435,34.53628],[132.54356,34.53625],[132.54364,34.53621],[132.54374,34.53617],[132.54382,34.53616],[132.54395,34.5361],[132.544,34.53609],[132.54408,34.53604],[132.54423,34.53591],[132.54433,34.53585],[132.54439,34.53584],[132.54447,34.53584],[132.54453,34.53583],[132.54461,34.53575],[132.54468,34.5357],[132.54471,34.53574],[132.54477,34.5357],[132.54482,34.53566],[132.54481,34.53563],[132.54476,34.53558],[132.54467,34.53552],[132.54458,34.53549],[132.54455,34.53548],[132.54463,34.53503],[132.54486,34.5351],[132.5451,34.53518],[132.54526,34.53524],[132.54531,34.53526],[132.54531,34.53526],[132.54554,34.53487],[132.54572,34.53455],[132.54608,34.53394],[132.54638,34.53416],[132.54644,34.53413],[132.54645,34.534],[132.54645,34.53391],[132.54643,34.53384],[132.54638,34.53379],[132.54631,34.53375],[132.54613,34.53363],[132.54589,34.53344],[132.54582,34.53335],[132.54577,34.5333],[132.54562,34.53319],[132.54565,34.53315],[132.54571,34.53304],[132.54575,34.53296],[132.54579,34.53289],[132.54579,34.53282],[132.54578,34.53276],[132.54574,34.5327],[132.54563,34.53266],[132.54556,34.53261],[132.54548,34.53254],[132.54539,34.53249],[132.54534,34.53246],[132.54521,34.53246],[132.54512,34.53246],[132.54503,34.53246],[132.54501,34.53247],[132.54498,34.53248],[132.54494,34.53255],[132.54488,34.5326],[132.54483,34.53262],[132.5447,34.53266],[132.54441,34.53269],[132.54442,34.53275],[132.54442,34.53278],[132.5444,34.5328],[132.54431,34.53271],[132.54426,34.53261],[132.54423,34.53247],[132.54421,34.53244],[132.54418,34.5324],[132.54414,34.53237],[132.54402,34.53235],[132.5439,34.53229],[132.54383,34.53223],[132.54376,34.5322],[132.54361,34.5322],[132.54342,34.53218],[132.54333,34.53216],[132.5433,34.53216],[132.54317,34.53216],[132.54307,34.53217],[132.54307,34.53215],[132.54312,34.53191],[132.54313,34.53188],[132.54313,34.53186],[132.54311,34.53184],[132.54306,34.53184],[132.543,34.53183],[132.54292,34.53181],[132.54281,34.53176],[132.54273,34.53172],[132.54269,34.5317],[132.5426,34.53167],[132.5425,34.53166],[132.54244,34.53169],[132.5423,34.53174],[132.54219,34.53178],[132.54216,34.53178],[132.54214,34.53178],[132.54206,34.53178],[132.54191,34.53175],[132.54172,34.53171],[132.54157,34.5317],[132.54141,34.53167],[132.54136,34.53165],[132.54133,34.53163],[132.5413,34.53159],[132.54125,34.53147],[132.5412,34.53136],[132.54103,34.53129],[132.54093,34.53125],[132.54088,34.53124],[132.54081,34.53124],[132.54077,34.53128],[132.54064,34.53139],[132.54062,34.53141],[132.54058,34.53142],[132.54054,34.53142],[132.54048,34.5314],[132.54038,34.53134],[132.54028,34.53132],[132.54021,34.53132],[132.54015,34.53138],[132.54012,34.53153],[132.54008,34.5316],[132.53999,34.53176],[132.53987,34.53194],[132.53982,34.53202],[132.53978,34.53205],[132.53974,34.53208],[132.53973,34.5321],[132.53968,34.53211],[132.53962,34.5321],[132.53958,34.53206],[132.53956,34.53203],[132.53942,34.5318],[132.53934,34.53172],[132.53928,34.53171],[132.53924,34.53173],[132.53919,34.53177],[132.53918,34.53182],[132.53915,34.53191],[132.53911,34.53193],[132.53906,34.53196],[132.53902,34.53198],[132.53889,34.53192],[132.53881,34.53184],[132.53879,34.53182],[132.53875,34.5318],[132.53874,34.53188],[132.53872,34.53193],[132.53871,34.53208],[132.5387,34.53246],[132.53871,34.53251],[132.53873,34.53255],[132.53875,34.53261],[132.53872,34.53264],[132.53862,34.53264],[132.53857,34.53268],[132.53857,34.53274],[132.5386,34.53284],[132.53867,34.53293],[132.53871,34.53302],[132.53872,34.53305],[132.5387,34.53308],[132.53866,34.53308],[132.53858,34.53307],[132.53855,34.53303],[132.5385,34.53299],[132.53846,34.53297],[132.53844,34.53296],[132.53834,34.53292],[132.53825,34.53305],[132.53825,34.53309],[132.53826,34.53317],[132.53838,34.53357],[132.53838,34.53363],[132.53838,34.53374],[132.53838,34.53405],[132.53838,34.53416],[132.5382,34.53406],[132.5381,34.5341],[132.53802,34.53413],[132.53813,34.53445],[132.53816,34.53453],[132.53787,34.53437],[132.53739,34.53448],[132.53732,34.53454],[132.53659,34.53463],[132.53656,34.53455],[132.5364,34.53454],[132.53637,34.53461],[132.53635,34.53465],[132.53632,34.5347],[132.53626,34.53474],[132.53621,34.53476],[132.53616,34.53476],[132.53609,34.53475],[132.53605,34.53483],[132.53604,34.53483],[132.53587,34.53465],[132.53575,34.53462],[132.53561,34.53465],[132.53547,34.53469],[132.53534,34.53473],[132.53518,34.53475],[132.53499,34.53472],[132.53484,34.53469],[132.5348,34.53474],[132.53477,34.53478],[132.53477,34.53479],[132.53477,34.53483],[132.53473,34.53488],[132.53471,34.53489],[132.53466,34.53492],[132.53461,34.53497],[132.53458,34.53502],[132.53447,34.53512],[132.53433,34.53522],[132.53425,34.53532],[132.5342,34.53536],[132.53416,34.53541],[132.53412,34.53546],[132.53409,34.53551],[132.53408,34.53557],[132.53409,34.53563],[132.53412,34.53569],[132.53414,34.53576],[132.53417,34.53585],[132.53419,34.53593],[132.53423,34.536],[132.53428,34.53608],[132.53433,34.53619],[132.53439,34.53628],[132.53442,34.53634],[132.53444,34.53639],[132.53449,34.53645],[132.53457,34.53651],[132.53465,34.53655],[132.53473,34.53659],[132.5348,34.53662],[132.53485,34.53664],[132.53487,34.53669],[132.53488,34.53673],[132.53487,34.53676],[132.53484,34.53679],[132.5348,34.53681],[132.53476,34.53683],[132.53475,34.53684],[132.53472,34.53688],[132.5347,34.53691],[132.53467,34.53697],[132.53465,34.53702],[132.53464,34.53707],[132.53462,34.53714],[132.53461,34.53718],[132.5346,34.53722],[132.53461,34.53726],[132.53463,34.53729],[132.53463,34.5373],[132.53468,34.53732],[132.53473,34.53735],[132.53479,34.53738],[132.53485,34.53741],[132.53491,34.53742],[132.53494,34.53743],[132.53502,34.53744],[132.5351,34.53744],[132.53514,34.53747],[132.5352,34.5375],[132.53527,34.53754],[132.53533,34.53759],[132.5354,34.53764],[132.53547,34.5377],[132.53555,34.53774],[132.53563,34.53778],[132.53569,34.53781],[132.53576,34.53783],[132.53581,34.53784],[132.53586,34.53783],[132.53589,34.53782],[132.53594,34.53781],[132.53609,34.53776],[132.53617,34.53768],[132.53619,34.53765],[132.5362,34.53759],[132.53621,34.53742],[132.53625,34.53728],[132.53629,34.53711],[132.53614,34.5368],[132.53644,34.53669],[132.53652,34.53684],[132.53654,34.53689],[132.53659,34.53694],[132.53662,34.53697],[132.53673,34.537],[132.53678,34.53703],[132.53684,34.53704],[132.53689,34.53703],[132.53695,34.53703],[132.53705,34.53716],[132.5371,34.53712],[132.53717,34.53708],[132.53723,34.53705],[132.53726,34.53704],[132.53733,34.53704],[132.53737,34.53704],[132.53741,34.53703],[132.53745,34.53702],[132.53752,34.537],[132.53764,34.53691],[132.53765,34.53691],[132.53773,34.53686],[132.53781,34.53681],[132.53785,34.53678],[132.53797,34.53671],[132.53808,34.53663],[132.53811,34.53659],[132.53811,34.53659],[132.53815,34.53655],[132.53815,34.53654],[132.53819,34.53649],[132.53824,34.53639],[132.53833,34.53632],[132.5382,34.53622],[132.5388,34.53569],[132.53884,34.53565],[132.53906,34.53572],[132.5391,34.53577],[132.53946,34.53621],[132.53962,34.5364],[132.53962,34.5364],[132.53965,34.53639],[132.53968,34.53639],[132.53982,34.53633],[132.5399,34.5363],[132.53999,34.53629],[132.54002,34.53629],[132.54005,34.53629],[132.54008,34.5363],[132.54003,34.53636],[132.54002,34.53637],[132.53997,34.53642],[132.53989,34.53647],[132.53985,34.53652],[132.53981,34.53657],[132.53978,34.53664],[132.53976,34.53672],[132.53973,34.53681],[132.53971,34.53692],[132.53968,34.537],[132.53967,34.53709],[132.53966,34.53721],[132.53966,34.53727],[132.53969,34.5373],[132.53974,34.53736],[132.54002,34.53757],[132.54034,34.53782],[132.54043,34.53792],[132.54047,34.53798],[132.54057,34.53795],[132.5407,34.53801],[132.54089,34.53796]]]}},{"type":"Feature","properties":{"name":"三入東二丁目","setai":933,"jinko":2537,"key":"34106746002","units":1},"geometry":{"type":"Polygon","coordinates":[[[132.55048,34.54008],[132.55051,34.53998],[132.55057,34.53993],[132.55066,34.5399],[132.55084,34.53987],[132.55095,34.53986],[132.55103,34.53979],[132.55119,34.53986],[132.55126,34.53988],[132.55136,34.53984],[132.55139,34.53976],[132.5514,34.53968],[132.55171,34.53954],[132.55185,34.53947],[132.55201,34.53944],[132.5521,34.53944],[132.55222,34.53946],[132.55235,34.5395],[132.55244,34.5395],[132.55257,34.53947],[132.55266,34.53944],[132.55274,34.53938],[132.55282,34.53938],[132.55292,34.53936],[132.55299,34.53933],[132.55295,34.53915],[132.55298,34.539],[132.55302,34.53892],[132.55308,34.53886],[132.55321,34.53874],[132.55339,34.53862],[132.55345,34.53855],[132.5535,34.53847],[132.55355,34.53844],[132.55361,34.5384],[132.55356,34.53828],[132.55358,34.53822],[132.55363,34.53817],[132.55372,34.53807],[132.55367,34.538],[132.55361,34.53795],[132.55353,34.53793],[132.55351,34.53794],[132.55349,34.53787],[132.55348,34.53786],[132.55345,34.53783],[132.5534,34.53779],[132.55334,34.53776],[132.55327,34.53776],[132.55321,34.53777],[132.55313,34.53781],[132.5531,34.53784],[132.55308,34.53787],[132.55305,34.53789],[132.553,34.5379],[132.55297,34.5379],[132.55295,34.53789],[132.55292,34.53788],[132.5529,34.53785],[132.55286,34.53781],[132.55282,34.53777],[132.55279,34.53772],[132.55277,34.53767],[132.55275,34.53762],[132.55274,34.53757],[132.55273,34.53754],[132.55271,34.53742],[132.55267,34.53726],[132.55265,34.53725],[132.55261,34.53726],[132.55235,34.5374],[132.55229,34.53739],[132.55227,34.53735],[132.55241,34.53716],[132.55245,34.5371],[132.55245,34.53706],[132.55221,34.53696],[132.55208,34.53673],[132.55249,34.53652],[132.55256,34.53644],[132.55256,34.53643],[132.55253,34.53639],[132.55227,34.53619],[132.5522,34.53616],[132.552,34.53626],[132.55175,34.53637],[132.55171,34.53638],[132.55163,34.53641],[132.55159,34.53643],[132.55146,34.53648],[132.55137,34.53651],[132.5514,34.53646],[132.55141,34.53644],[132.55142,34.53642],[132.55145,34.53635],[132.55146,34.53631],[132.55145,34.53628],[132.55139,34.53624],[132.55132,34.53621],[132.55126,34.53614],[132.55125,34.53606],[132.55123,34.536],[132.55121,34.53597],[132.55116,34.53594],[132.55109,34.53597],[132.55117,34.53563],[132.55076,34.53552],[132.55066,34.53549],[132.5505,34.53541],[132.55052,34.53528],[132.55055,34.53524],[132.55058,34.53522],[132.55061,34.53518],[132.55065,34.53516],[132.55061,34.53512],[132.55054,34.53508],[132.55047,34.53506],[132.55033,34.53507],[132.55051,34.53499],[132.55044,34.53485],[132.55038,34.5348],[132.55031,34.53475],[132.55028,34.53472],[132.55025,34.53469],[132.55019,34.53459],[132.55016,34.53453],[132.55014,34.5345],[132.55012,34.53446],[132.55008,34.53441],[132.55008,34.53441],[132.55002,34.53435],[132.54995,34.5343],[132.54984,34.53419],[132.54979,34.53412],[132.54974,34.53406],[132.54973,34.53404],[132.54968,34.534],[132.54959,34.53397],[132.5495,34.53398],[132.54944,34.53402],[132.54939,34.5342],[132.54938,34.53424],[132.54937,34.53432],[132.54927,34.53428],[132.54915,34.53417],[132.54907,34.53411],[132.54902,34.53404],[132.54894,34.53392],[132.54865,34.53425],[132.5486,34.53427],[132.54856,34.53429],[132.54852,34.53431],[132.54846,34.5343],[132.54834,34.53431],[132.54824,34.53432],[132.54821,34.53429],[132.54817,34.53427],[132.5481,34.53423],[132.54806,34.5342],[132.54801,34.53416],[132.54798,34.53413],[132.54789,34.5341],[132.54783,34.5341],[132.54779,34.53412],[132.54765,34.53422],[132.54757,34.53426],[132.54751,34.53431],[132.54744,34.53435],[132.54729,34.53443],[132.5472,34.53449],[132.54709,34.53437],[132.54711,34.53431],[132.54712,34.53425],[132.5471,34.53421],[132.547,34.53417],[132.54684,34.53413],[132.5467,34.5341],[132.54664,34.5341],[132.54659,34.53411],[132.5465,34.53412],[132.54644,34.53413],[132.54638,34.53416],[132.54608,34.53394],[132.54572,34.53455],[132.54554,34.53487],[132.54531,34.53526],[132.54531,34.53526],[132.54526,34.53524],[132.5451,34.53518],[132.54486,34.5351],[132.54463,34.53503],[132.54455,34.53548],[132.54458,34.53549],[132.54467,34.53552],[132.54476,34.53558],[132.54481,34.53563],[132.54482,34.53566],[132.54477,34.5357],[132.54471,34.53574],[132.54477,34.53581],[132.54483,34.53634],[132.54506,34.5362],[132.54513,34.53615],[132.54524,34.53607],[132.5453,34.53608],[132.54536,34.5361],[132.54546,34.53619],[132.54564,34.53637],[132.54579,34.53646],[132.54592,34.53653],[132.54603,34.5366],[132.54601,34.53674],[132.54599,34.53684],[132.54598,34.53691],[132.54588,34.53721],[132.54593,34.53724],[132.54579,34.53753],[132.5459,34.53794],[132.54584,34.53798],[132.54575,34.53794],[132.54566,34.53792],[132.5456,34.53792],[132.54555,34.53792],[132.5455,34.53793],[132.54545,34.53799],[132.54542,34.53806],[132.54542,34.53808],[132.54541,34.53808],[132.54535,34.5382],[132.54506,34.53816],[132.54474,34.53817],[132.54449,34.53819],[132.54418,34.53826],[132.54396,34.53829],[132.54386,34.5383],[132.54368,34.53833],[132.54366,34.53839],[132.54368,34.53843],[132.5437,34.53846],[132.54376,34.53855],[132.54383,34.53866],[132.54385,34.53877],[132.54381,34.53896],[132.54363,34.53923],[132.54371,34.53931],[132.54366,34.53941],[132.54412,34.53955],[132.5443,34.53956],[132.54432,34.53956],[132.54473,34.53952],[132.54516,34.53954],[132.54521,34.53954],[132.54517,34.53956],[132.54507,34.53962],[132.5452,34.53983],[132.5452,34.53991],[132.54524,34.53999],[132.54527,34.54006],[132.54533,34.54017],[132.54538,34.54023],[132.54544,34.54028],[132.54558,34.54032],[132.54572,34.54034],[132.54582,34.54034],[132.54589,34.54029],[132.54592,34.54023],[132.54626,34.5403],[132.5463,34.54032],[132.5465,34.54047],[132.54655,34.54045],[132.54661,34.54045],[132.54669,34.54046],[132.54669,34.54044],[132.54677,34.54044],[132.54687,34.54045],[132.54722,34.54032],[132.54736,34.54032],[132.54748,34.5403],[132.54761,34.54028],[132.54773,34.54026],[132.54783,34.54024],[132.54796,34.54022],[132.54808,34.54021],[132.54815,34.54022],[132.54831,34.54022],[132.54845,34.54017],[132.54854,34.54014],[132.54874,34.54011],[132.54892,34.54008],[132.54912,34.54019],[132.54921,34.54025],[132.54927,34.54032],[132.54932,34.54036],[132.5494,34.54043],[132.54943,34.54045],[132.54951,34.54046],[132.54952,34.54048],[132.54965,34.54052],[132.54975,34.54055],[132.54982,34.54057],[132.5499,34.54058],[132.54994,34.54059],[132.55048,34.54029],[132.55047,34.54016],[132.55048,34.54008]]]}},{"type":"Feature","properties":{"name":"三入南一丁目","setai":141,"jinko":277,"key":"34106747001","units":1},"geometry":{"type":"Polygon","coordinates":[[[132.52461,34.53456],[132.52449,34.53446],[132.5244,34.53452],[132.52416,34.53446],[132.52416,34.53439],[132.52415,34.53432],[132.52409,34.53419],[132.52398,34.53414],[132.52388,34.53412],[132.52384,34.53415],[132.52383,34.53414],[132.52386,34.53409],[132.52374,34.53402],[132.52373,34.53401],[132.52366,34.53397],[132.52354,34.53392],[132.52346,34.53388],[132.52332,34.53377],[132.52315,34.5336],[132.52296,34.53345],[132.5228,34.53328],[132.52267,34.53313],[132.52259,34.53302],[132.52253,34.53293],[132.52234,34.53283],[132.52227,34.53279],[132.52219,34.53271],[132.52206,34.53256],[132.52195,34.53242],[132.52194,34.53241],[132.52185,34.53228],[132.52178,34.53223],[132.52135,34.53226],[132.52117,34.53198],[132.52128,34.53194],[132.52134,34.5319],[132.5214,34.53186],[132.52141,34.53179],[132.52141,34.5317],[132.52137,34.53165],[132.52096,34.53112],[132.52095,34.53111],[132.52088,34.53096],[132.52082,34.53083],[132.52072,34.53069],[132.52056,34.53048],[132.5204,34.53025],[132.52028,34.53015],[132.52011,34.53002],[132.51984,34.52983],[132.51961,34.52966],[132.5194,34.52948],[132.51925,34.52933],[132.51914,34.52918],[132.51903,34.52905],[132.5189,34.52893],[132.51851,34.52875],[132.51838,34.5287],[132.51839,34.52879],[132.51839,34.52887],[132.51838,34.52898],[132.51837,34.52906],[132.51838,34.52914],[132.51837,34.52923],[132.51837,34.52937],[132.51837,34.52951],[132.51837,34.52965],[132.51837,34.52978],[132.51837,34.52991],[132.51837,34.52998],[132.51836,34.53002],[132.51836,34.5307],[132.51837,34.53083],[132.51839,34.53092],[132.51843,34.53128],[132.51848,34.53155],[132.51852,34.53181],[132.51855,34.53188],[132.51857,34.53191],[132.51922,34.53271],[132.51925,34.53274],[132.5194,34.53292],[132.5197,34.53322],[132.5199,34.53342],[132.51992,34.53343],[132.5204,34.53391],[132.52086,34.53436],[132.52096,34.53446],[132.52105,34.53458],[132.52114,34.53469],[132.52125,34.53482],[132.52127,34.53486],[132.52158,34.5353],[132.52172,34.53541],[132.52183,34.53552],[132.52198,34.53565],[132.52216,34.53574],[132.52219,34.53575],[132.52232,34.53583],[132.52247,34.5359],[132.5226,34.53596],[132.52284,34.53608],[132.52302,34.53616],[132.52313,34.53621],[132.52325,34.53624],[132.52326,34.53624],[132.52365,34.53637],[132.52393,34.53644],[132.52404,34.53638],[132.52409,34.53636],[132.52412,34.53635],[132.52415,34.53633],[132.52418,34.53631],[132.52424,34.53625],[132.52451,34.53612],[132.5246,34.53605],[132.52469,34.53599],[132.52478,34.5359],[132.52484,34.53587],[132.52487,34.53585],[132.52508,34.53574],[132.52521,34.53568],[132.52533,34.53562],[132.52542,34.53558],[132.52549,34.53556],[132.52552,34.53555],[132.52564,34.53549],[132.52561,34.53546],[132.52554,34.53544],[132.52546,34.53543],[132.52539,34.53542],[132.52529,34.53535],[132.52522,34.5353],[132.52514,34.53525],[132.52505,34.5352],[132.525,34.53517],[132.52496,34.53516],[132.52484,34.53514],[132.52462,34.53512],[132.52454,34.53511],[132.52453,34.53511],[132.52428,34.53504],[132.52425,34.53504],[132.52437,34.53485],[132.52445,34.53475],[132.52454,34.53464],[132.52461,34.53456]]]}},{"type":"Feature","properties":{"name":"三入南二丁目","setai":588,"jinko":1571,"key":"34106747002","units":1},"geometry":{"type":"Polygon","coordinates":[[[132.53191,34.53929],[132.53185,34.53924],[132.53176,34.53926],[132.53174,34.5392],[132.53171,34.53916],[132.53163,34.53911],[132.53156,34.53909],[132.53148,34.5391],[132.53142,34.5391],[132.53134,34.53908],[132.53122,34.53903],[132.5311,34.53901],[132.53104,34.53903],[132.53095,34.53906],[132.53092,34.53913],[132.53088,34.53913],[132.53088,34.53913],[132.53088,34.53898],[132.53086,34.53891],[132.53081,34.53883],[132.53063,34.53874],[132.53043,34.53861],[132.5304,34.53859],[132.53026,34.53854],[132.53009,34.53843],[132.52994,34.53835],[132.52985,34.53831],[132.52979,34.53829],[132.5297,34.53829],[132.52962,34.5383],[132.52932,34.5383],[132.52921,34.53829],[132.52913,34.53828],[132.52911,34.53828],[132.5291,34.53828],[132.52901,34.53828],[132.52895,34.53826],[132.5289,34.53824],[132.52884,34.53819],[132.52882,34.53816],[132.52883,34.53814],[132.52886,34.53811],[132.5288,34.53806],[132.52876,34.53808],[132.52866,34.53803],[132.52858,34.53796],[132.52848,34.53788],[132.52839,34.5378],[132.52834,34.53775],[132.52823,34.53767],[132.5282,34.53766],[132.52817,34.53763],[132.52838,34.53764],[132.52837,34.53759],[132.52834,34.53736],[132.52803,34.53731],[132.52841,34.53648],[132.52822,34.53648],[132.52838,34.53635],[132.52854,34.53634],[132.52863,34.53633],[132.52899,34.53627],[132.529,34.53627],[132.52913,34.53631],[132.5293,34.53632],[132.52946,34.53625],[132.52956,34.53615],[132.52961,34.53605],[132.52972,34.53603],[132.52984,34.53596],[132.52992,34.53587],[132.52999,34.53568],[132.53008,34.5355],[132.53014,34.53535],[132.53031,34.53535],[132.53033,34.53534],[132.53024,34.53547],[132.53023,34.53548],[132.53013,34.53555],[132.53009,34.53572],[132.53022,34.53571],[132.53038,34.53573],[132.53048,34.53578],[132.53058,34.53591],[132.53068,34.53605],[132.53083,34.53616],[132.53102,34.53622],[132.5312,34.53625],[132.53138,34.53623],[132.53142,34.53615],[132.53135,34.53602],[132.53124,34.53592],[132.53112,34.53579],[132.53111,34.53578],[132.53079,34.53529],[132.53088,34.53527],[132.53106,34.53519],[132.53124,34.53508],[132.53135,34.53516],[132.53153,34.53506],[132.53171,34.53493],[132.53196,34.53483],[132.53211,34.53478],[132.53229,34.53468],[132.53252,34.5346],[132.53271,34.53455],[132.53294,34.53444],[132.53316,34.53434],[132.53333,34.53428],[132.53353,34.53429],[132.53335,34.53408],[132.53325,34.53413],[132.53308,34.53417],[132.53295,34.53413],[132.53284,34.53402],[132.53288,34.53399],[132.53294,34.53394],[132.53302,34.53384],[132.533,34.53375],[132.53281,34.53357],[132.53264,34.53361],[132.53223,34.53346],[132.5321,34.53337],[132.53182,34.53334],[132.53145,34.5331],[132.53129,34.53318],[132.53126,34.5332],[132.53106,34.53328],[132.53094,34.5332],[132.53075,34.533],[132.53051,34.53288],[132.53031,34.53245],[132.53029,34.53241],[132.53026,34.5323],[132.53024,34.53223],[132.53022,34.53219],[132.53019,34.5321],[132.53018,34.53191],[132.53021,34.53177],[132.53025,34.53173],[132.53029,34.53156],[132.5302,34.53129],[132.53015,34.53105],[132.53006,34.5308],[132.53001,34.53068],[132.53001,34.53068],[132.5298,34.5304],[132.52977,34.53048],[132.52972,34.53061],[132.52968,34.53076],[132.52966,34.53089],[132.52968,34.53096],[132.52974,34.53112],[132.52979,34.53129],[132.52983,34.5314],[132.52983,34.53154],[132.52977,34.53165],[132.52968,34.53175],[132.52936,34.53197],[132.52913,34.53216],[132.52913,34.53217],[132.52901,34.53232],[132.52894,34.53239],[132.52887,34.53241],[132.52882,34.53241],[132.52876,34.53239],[132.52861,34.53228],[132.52855,34.53224],[132.52849,34.53218],[132.52848,34.53217],[132.52844,34.53208],[132.52838,34.53194],[132.52829,34.53167],[132.52816,34.53142],[132.52808,34.53133],[132.52801,34.53128],[132.52796,34.53124],[132.5279,34.53122],[132.52786,34.5312],[132.52782,34.53117],[132.5278,34.53115],[132.52776,34.53105],[132.52773,34.53098],[132.52768,34.53082],[132.52767,34.53067],[132.5275,34.53073],[132.52731,34.53073],[132.52712,34.5307],[132.52708,34.53069],[132.52705,34.53069],[132.52716,34.53115],[132.52719,34.5312],[132.52722,34.53126],[132.52725,34.53132],[132.52728,34.53138],[132.52697,34.53136],[132.52697,34.53139],[132.52713,34.53153],[132.52723,34.5316],[132.52729,34.53166],[132.52733,34.53172],[132.52747,34.53201],[132.52748,34.53207],[132.52751,34.53217],[132.52757,34.53224],[132.52763,34.53228],[132.52774,34.53235],[132.52789,34.53244],[132.52787,34.53266],[132.52786,34.53271],[132.5278,34.53297],[132.5278,34.533],[132.5278,34.5331],[132.5278,34.53313],[132.52779,34.53317],[132.52777,34.53322],[132.5277,34.53328],[132.52746,34.53344],[132.52744,34.53345],[132.52743,34.53346],[132.52717,34.53366],[132.52689,34.53381],[132.52668,34.53387],[132.52643,34.53398],[132.52612,34.53415],[132.5258,34.53433],[132.52561,34.5344],[132.5255,34.53447],[132.52517,34.53456],[132.52481,34.53459],[132.52461,34.53456],[132.52454,34.53464],[132.52445,34.53475],[132.52437,34.53485],[132.52425,34.53504],[132.52428,34.53504],[132.52453,34.53511],[132.52454,34.53511],[132.52462,34.53512],[132.52484,34.53514],[132.52496,34.53516],[132.525,34.53517],[132.52505,34.5352],[132.52514,34.53525],[132.52522,34.5353],[132.52529,34.53535],[132.52539,34.53542],[132.52546,34.53543],[132.52554,34.53544],[132.52561,34.53546],[132.52564,34.53549],[132.52552,34.53555],[132.52549,34.53556],[132.52542,34.53558],[132.52533,34.53562],[132.52521,34.53568],[132.52508,34.53574],[132.52487,34.53585],[132.52484,34.53587],[132.52478,34.5359],[132.52469,34.53599],[132.5246,34.53605],[132.52451,34.53612],[132.52424,34.53625],[132.52418,34.53631],[132.52415,34.53633],[132.52412,34.53635],[132.52409,34.53636],[132.52404,34.53638],[132.52393,34.53644],[132.52393,34.53644],[132.52393,34.53644],[132.52394,34.53645],[132.52402,34.53648],[132.5241,34.53654],[132.52422,34.53663],[132.52449,34.53681],[132.5244,34.53688],[132.52485,34.53715],[132.52487,34.53716],[132.52489,34.53718],[132.5253,34.53753],[132.5255,34.5377],[132.52572,34.53785],[132.52602,34.53805],[132.5264,34.53829],[132.52665,34.53841],[132.52688,34.53853],[132.52693,34.53856],[132.52702,34.53861],[132.52745,34.53871],[132.52757,34.53873],[132.52778,34.53875],[132.52787,34.53876],[132.52805,34.53878],[132.52817,34.5388],[132.52852,34.53882],[132.52878,34.53887],[132.52897,34.53889],[132.52931,34.53904],[132.52952,34.53914],[132.52958,34.53916],[132.52964,34.53919],[132.52996,34.53934],[132.53022,34.53945],[132.53045,34.5396],[132.53049,34.53962],[132.53073,34.53975],[132.53103,34.5399],[132.5314,34.5401],[132.53149,34.54017],[132.53156,34.54022],[132.53173,34.54005],[132.53183,34.53995],[132.53189,34.53989],[132.53194,34.53987],[132.53197,34.53985],[132.532,34.53983],[132.53212,34.53978],[132.53218,34.53976],[132.53223,34.53974],[132.53228,34.53973],[132.53235,34.53972],[132.53243,34.53972],[132.53246,34.53972],[132.53237,34.53958],[132.53231,34.53954],[132.53228,34.53953],[132.53216,34.53947],[132.532,34.53937],[132.53199,34.53932],[132.53192,34.53931],[132.53191,34.53929]]]}},{"type":"Feature","properties":{"name":"大林一丁目","setai":271,"jinko":522,"key":"34106748001","units":1},"geometry":{"type":"Polygon","coordinates":[[[132.54108,34.55453],[132.54113,34.55448],[132.5412,34.55455],[132.54129,34.55453],[132.54133,34.5545],[132.5414,34.55446],[132.54153,34.55444],[132.54165,34.55446],[132.54187,34.55452],[132.54195,34.55438],[132.54199,34.55426],[132.54204,34.55408],[132.54214,34.55392],[132.54222,34.5538],[132.54236,34.55354],[132.54249,34.55334],[132.54256,34.55327],[132.54266,34.55314],[132.54273,34.55299],[132.54277,34.5529],[132.5428,34.55281],[132.54283,34.55278],[132.54288,34.55275],[132.54294,34.55271],[132.54287,34.55264],[132.54255,34.55229],[132.54254,34.55228],[132.54229,34.55204],[132.54187,34.55174],[132.5414,34.5514],[132.5411,34.55119],[132.54051,34.55077],[132.5401,34.55047],[132.54008,34.55046],[132.53957,34.55009],[132.53879,34.5495],[132.53845,34.54927],[132.53755,34.5486],[132.53666,34.54797],[132.53621,34.54764],[132.53568,34.54726],[132.53565,34.54723],[132.53557,34.54728],[132.53556,34.54728],[132.53544,34.54736],[132.53538,34.54741],[132.53537,34.54742],[132.53497,34.54776],[132.53474,34.54798],[132.53443,34.54824],[132.53397,34.54872],[132.53373,34.54877],[132.53402,34.549],[132.5343,34.54922],[132.53434,34.54925],[132.53429,34.54941],[132.53429,34.54962],[132.53407,34.5498],[132.53412,34.54985],[132.53428,34.54985],[132.53437,34.54984],[132.5344,34.55004],[132.53439,34.5501],[132.5343,34.5502],[132.53439,34.55027],[132.53453,34.55023],[132.53462,34.55013],[132.53463,34.5501],[132.53465,34.55006],[132.53471,34.5499],[132.53464,34.54977],[132.53463,34.54972],[132.53473,34.54942],[132.53476,34.5494],[132.53483,34.54938],[132.53503,34.54944],[132.53537,34.54954],[132.53586,34.54981],[132.53605,34.54991],[132.53613,34.54998],[132.53622,34.55006],[132.5362,34.55018],[132.53621,34.55021],[132.53628,34.55026],[132.53628,34.5503],[132.53619,34.55044],[132.53615,34.55051],[132.53616,34.55056],[132.53624,34.55063],[132.53633,34.5507],[132.53642,34.55076],[132.53638,34.55094],[132.53641,34.55098],[132.53651,34.55101],[132.53648,34.55106],[132.53649,34.5511],[132.53651,34.55114],[132.53657,34.55116],[132.53661,34.55117],[132.53667,34.55115],[132.53672,34.55113],[132.53677,34.5511],[132.53683,34.55108],[132.53688,34.55107],[132.53693,34.55107],[132.53702,34.55108],[132.53712,34.55111],[132.5372,34.55112],[132.53724,34.55116],[132.53728,34.5512],[132.53729,34.55121],[132.53732,34.55125],[132.53737,34.55129],[132.53736,34.55137],[132.53736,34.55143],[132.53737,34.55146],[132.53734,34.55158],[132.53732,34.55165],[132.53731,34.55171],[132.53729,34.55175],[132.53729,34.55182],[132.53731,34.55187],[132.53738,34.55191],[132.53745,34.55192],[132.5375,34.55191],[132.53754,34.55189],[132.53761,34.55171],[132.53768,34.55156],[132.53773,34.55142],[132.5378,34.55136],[132.53793,34.55131],[132.53802,34.55132],[132.53821,34.5514],[132.53854,34.55158],[132.53871,34.5517],[132.53888,34.55178],[132.53916,34.55193],[132.53929,34.55203],[132.5394,34.55211],[132.53953,34.55219],[132.53971,34.55228],[132.54002,34.55249],[132.54009,34.55256],[132.54026,34.55273],[132.54034,34.55285],[132.54061,34.55297],[132.54063,34.55298],[132.54086,34.55309],[132.54096,34.55315],[132.54106,34.55324],[132.54114,34.55335],[132.54119,34.55347],[132.54125,34.55364],[132.54125,34.55388],[132.54125,34.55414],[132.5412,34.55407],[132.54115,34.55402],[132.54112,34.55401],[132.54108,34.55401],[132.54106,34.55407],[132.54098,34.55403],[132.54089,34.55403],[132.54084,34.55421],[132.54083,34.55438],[132.54086,34.55447],[132.54092,34.55455],[132.54101,34.55458],[132.54108,34.55453]]]}},{"type":"Feature","properties":{"name":"大林二丁目","setai":204,"jinko":366,"key":"34106748002","units":1},"geometry":{"type":"Polygon","coordinates":[[[132.53652,34.54626],[132.53643,34.5462],[132.53628,34.54641],[132.53582,34.54707],[132.53568,34.54726],[132.53621,34.54764],[132.53666,34.54797],[132.53755,34.5486],[132.53845,34.54927],[132.53879,34.5495],[132.53957,34.55009],[132.54008,34.55046],[132.5401,34.55047],[132.54051,34.55077],[132.5411,34.55119],[132.5414,34.5514],[132.54187,34.55174],[132.54229,34.55204],[132.54254,34.55228],[132.54255,34.55229],[132.54287,34.55264],[132.54314,34.5525],[132.54331,34.5524],[132.54346,34.55232],[132.54358,34.55219],[132.54364,34.55212],[132.54367,34.55209],[132.54377,34.55202],[132.54389,34.55196],[132.54395,34.55193],[132.54398,34.55189],[132.54404,34.55168],[132.54405,34.55162],[132.54409,34.55158],[132.54434,34.55142],[132.54435,34.55141],[132.54447,34.55135],[132.54427,34.55124],[132.54415,34.55118],[132.54402,34.55111],[132.54365,34.5509],[132.54365,34.55088],[132.54359,34.55073],[132.54353,34.55058],[132.54348,34.55032],[132.54343,34.55],[132.54338,34.54975],[132.5433,34.54954],[132.54321,34.54932],[132.54309,34.54914],[132.54281,34.54894],[132.54257,34.5488],[132.54231,34.54874],[132.5421,34.54871],[132.54197,34.54869],[132.54189,34.54865],[132.54172,34.54858],[132.54147,34.54853],[132.54129,34.54845],[132.54108,34.54831],[132.54092,34.5482],[132.54055,34.54794],[132.54053,34.54792],[132.5402,34.54776],[132.54007,34.54769],[132.53985,34.54756],[132.53945,34.54733],[132.53909,34.54712],[132.53864,34.54696],[132.53811,34.5468],[132.53799,34.54676],[132.53793,34.54674],[132.53773,34.54669],[132.53745,34.54661],[132.53715,34.54652],[132.53712,34.54651],[132.53711,34.5465],[132.53686,34.54642],[132.53684,34.54641],[132.53678,34.54639],[132.53652,34.54626]]]}},{"type":"Feature","properties":{"name":"大林三丁目","setai":93,"jinko":228,"key":"34106748003","units":1},"geometry":{"type":"Polygon","coordinates":[[[132.54898,34.55923],[132.54886,34.55895],[132.54868,34.55862],[132.54833,34.55807],[132.54792,34.55752],[132.5478,34.55738],[132.54771,34.55728],[132.5476,34.55718],[132.54751,34.55709],[132.54708,34.55675],[132.54695,34.55665],[132.54688,34.55653],[132.5468,34.55642],[132.54675,34.5563],[132.54667,34.55615],[132.54656,34.55594],[132.54636,34.55557],[132.5463,34.55541],[132.54624,34.5553],[132.54611,34.55516],[132.54594,34.555],[132.54575,34.55486],[132.54551,34.55467],[132.54529,34.55452],[132.54512,34.55439],[132.54495,34.55428],[132.54482,34.55412],[132.54471,34.55396],[132.54464,34.55376],[132.54461,34.55366],[132.54459,34.55349],[132.54455,34.55325],[132.54457,34.55308],[132.54461,34.55268],[132.54483,34.55193],[132.5449,34.55176],[132.54491,34.55175],[132.54491,34.55174],[132.54481,34.55158],[132.54479,34.55156],[132.5447,34.55148],[132.54447,34.55135],[132.54435,34.55141],[132.54434,34.55142],[132.54409,34.55158],[132.54405,34.55162],[132.54404,34.55168],[132.54398,34.55189],[132.54395,34.55193],[132.54389,34.55196],[132.54377,34.55202],[132.54367,34.55209],[132.54364,34.55212],[132.54358,34.55219],[132.54346,34.55232],[132.54331,34.5524],[132.54314,34.5525],[132.54287,34.55264],[132.54294,34.55271],[132.54288,34.55275],[132.54283,34.55278],[132.5428,34.55281],[132.54277,34.5529],[132.54273,34.55299],[132.54266,34.55314],[132.54256,34.55327],[132.54249,34.55334],[132.54236,34.55354],[132.54222,34.5538],[132.54214,34.55392],[132.54204,34.55408],[132.54199,34.55426],[132.54195,34.55438],[132.54187,34.55452],[132.54165,34.55446],[132.54184,34.55462],[132.54195,34.55472],[132.54202,34.5548],[132.54207,34.55488],[132.54211,34.55496],[132.54209,34.55503],[132.54211,34.55511],[132.54217,34.55514],[132.54235,34.55511],[132.54253,34.55515],[132.54265,34.55519],[132.54285,34.55523],[132.54301,34.55528],[132.54317,34.55536],[132.54329,34.55542],[132.54354,34.55548],[132.54378,34.55555],[132.54396,34.55563],[132.54402,34.55568],[132.54408,34.55577],[132.54414,34.55587],[132.5442,34.55601],[132.54427,34.55614],[132.54436,34.55626],[132.54462,34.55641],[132.54474,34.55649],[132.54496,34.5566],[132.54505,34.55671],[132.54509,34.55672],[132.54516,34.55674],[132.54536,34.55674],[132.5454,34.5568],[132.5454,34.55689],[132.54543,34.55695],[132.54546,34.55702],[132.54547,34.55711],[132.54547,34.55713],[132.54546,34.5572],[132.54551,34.55741],[132.5456,34.55757],[132.54572,34.55764],[132.54589,34.55771],[132.54605,34.55778],[132.54617,34.55786],[132.54621,34.55788],[132.54627,34.55797],[132.54635,34.55806],[132.54644,34.55814],[132.54648,34.55821],[132.54648,34.55832],[132.54663,34.55837],[132.5467,34.55849],[132.5467,34.55862],[132.54664,34.55873],[132.54651,34.55924],[132.54633,34.55931],[132.54626,34.55932],[132.54625,34.55942],[132.54644,34.55938],[132.54656,34.55938],[132.54664,34.55938],[132.54681,34.55936],[132.54688,34.5593],[132.547,34.55926],[132.54715,34.55924],[132.54724,34.55918],[132.54732,34.55908],[132.5474,34.55912],[132.5475,34.55927],[132.54766,34.55929],[132.54769,34.5593],[132.54775,34.55932],[132.54778,34.55933],[132.54788,34.55944],[132.54795,34.55942],[132.5482,34.55934],[132.54821,34.55934],[132.54839,34.55929],[132.54878,34.55927],[132.54881,34.55926],[132.54898,34.55923]]]}},{"type":"Feature","properties":{"name":"大林四丁目","setai":86,"jinko":199,"key":"34106748004","units":1},"geometry":{"type":"Polygon","coordinates":[[[132.54946,34.55649],[132.54939,34.55623],[132.54937,34.55624],[132.54926,34.55629],[132.54938,34.55611],[132.54942,34.55614],[132.54951,34.55601],[132.54935,34.55575],[132.54938,34.55567],[132.54934,34.55555],[132.54928,34.55537],[132.54924,34.55529],[132.5492,34.55524],[132.54908,34.55506],[132.549,34.55485],[132.54897,34.55481],[132.54891,34.55478],[132.54887,34.55475],[132.54881,34.55466],[132.54873,34.5545],[132.54873,34.55427],[132.54872,34.55409],[132.54877,34.55394],[132.54871,34.55386],[132.54861,34.55373],[132.54854,34.55365],[132.54849,34.5536],[132.54839,34.55353],[132.54834,34.5535],[132.54828,34.55352],[132.54811,34.55354],[132.54796,34.55353],[132.54781,34.55349],[132.54771,34.55345],[132.54769,34.55345],[132.54762,34.55344],[132.5475,34.55344],[132.54734,34.55346],[132.54726,34.55346],[132.54718,34.55345],[132.54711,34.55342],[132.54702,34.55337],[132.5469,34.55333],[132.54683,34.55331],[132.54651,34.55322],[132.54647,34.5532],[132.54639,34.55298],[132.54626,34.55271],[132.54621,34.55264],[132.54611,34.55253],[132.54608,34.55248],[132.54607,34.55241],[132.54604,34.55241],[132.54587,34.55244],[132.54566,34.55238],[132.54532,34.55225],[132.54522,34.55216],[132.54511,34.55205],[132.54504,34.552],[132.54499,34.55193],[132.54499,34.55176],[132.5449,34.55176],[132.54483,34.55193],[132.54461,34.55268],[132.54457,34.55308],[132.54455,34.55325],[132.54459,34.55349],[132.54461,34.55366],[132.54464,34.55376],[132.54471,34.55396],[132.54482,34.55412],[132.54495,34.55428],[132.54512,34.55439],[132.54529,34.55452],[132.54551,34.55467],[132.54575,34.55486],[132.54594,34.555],[132.54611,34.55516],[132.54624,34.5553],[132.5463,34.55541],[132.54636,34.55557],[132.54656,34.55594],[132.54667,34.55615],[132.54675,34.5563],[132.5468,34.55642],[132.54688,34.55653],[132.54695,34.55665],[132.54708,34.55675],[132.54751,34.55709],[132.5476,34.55718],[132.54771,34.55728],[132.5478,34.55738],[132.54792,34.55752],[132.54833,34.55807],[132.54868,34.55862],[132.54886,34.55895],[132.54898,34.55923],[132.549,34.55927],[132.54969,34.56028],[132.54985,34.56021],[132.54986,34.5602],[132.54971,34.55986],[132.54968,34.55969],[132.54963,34.55955],[132.54958,34.55935],[132.54958,34.55916],[132.5496,34.55897],[132.54958,34.55872],[132.54954,34.55849],[132.54954,34.55825],[132.54955,34.55796],[132.54959,34.55758],[132.54962,34.55748],[132.54968,34.55728],[132.54966,34.55706],[132.54958,34.55692],[132.54951,34.55682],[132.54949,34.55679],[132.54948,34.55672],[132.54948,34.55666],[132.54946,34.55649]]]}},{"type":"Feature","properties":{"name":"大林町","setai":238,"jinko":607,"key":"341067490","units":1},"geometry":{"type":"Polygon","coordinates":[[[132.54327,34.58368],[132.544,34.58365],[132.54404,34.58367],[132.54417,34.5836],[132.54439,34.58348],[132.54452,34.58342],[132.54462,34.58333],[132.54471,34.58325],[132.54473,34.58313],[132.54473,34.5831],[132.54475,34.583],[132.54475,34.58288],[132.54474,34.5827],[132.54498,34.58257],[132.545,34.58256],[132.54523,34.58245],[132.54542,34.58236],[132.5455,34.58233],[132.54568,34.58227],[132.54583,34.58223],[132.54597,34.5822],[132.54608,34.5822],[132.54609,34.5822],[132.54617,34.58218],[132.54646,34.58191],[132.54648,34.58189],[132.5466,34.58173],[132.54675,34.58167],[132.54732,34.58146],[132.54812,34.58091],[132.54839,34.58072],[132.54854,34.58061],[132.54951,34.57989],[132.5501,34.5792],[132.55067,34.57824],[132.5508,34.5782],[132.55084,34.57819],[132.55219,34.57781],[132.55233,34.57777],[132.55257,34.5777],[132.553,34.57742],[132.55342,34.57715],[132.55374,34.57718],[132.55376,34.57718],[132.55452,34.57726],[132.55495,34.57715],[132.55498,34.57715],[132.55571,34.57697],[132.55608,34.57677],[132.55615,34.57674],[132.55651,34.57655],[132.55788,34.57666],[132.55893,34.5769],[132.55985,34.57712],[132.56118,34.57662],[132.56174,34.5764],[132.56221,34.57567],[132.5623,34.5756],[132.56259,34.57534],[132.56267,34.57527],[132.56415,34.57398],[132.56429,34.57385],[132.56438,34.57378],[132.56447,34.5738],[132.56463,34.57313],[132.56475,34.57291],[132.56488,34.57287],[132.56507,34.57282],[132.56519,34.57273],[132.56535,34.57263],[132.56562,34.57259],[132.56597,34.57256],[132.56602,34.57256],[132.5662,34.57259],[132.56643,34.57269],[132.56643,34.57269],[132.56661,34.57275],[132.56678,34.57277],[132.56684,34.57271],[132.56693,34.57264],[132.567,34.57252],[132.56713,34.5724],[132.56725,34.57232],[132.56726,34.57232],[132.56728,34.57232],[132.56777,34.57225],[132.56794,34.57215],[132.568,34.57199],[132.56803,34.57185],[132.56809,34.57179],[132.56813,34.57175],[132.56828,34.57184],[132.56868,34.57226],[132.56892,34.57246],[132.56899,34.57259],[132.56901,34.57263],[132.56913,34.57268],[132.56929,34.57262],[132.56961,34.57209],[132.56961,34.57192],[132.56953,34.57173],[132.56946,34.57154],[132.56946,34.57141],[132.56986,34.57121],[132.57012,34.57106],[132.57028,34.57087],[132.57037,34.57069],[132.57028,34.5704],[132.57022,34.57032],[132.57006,34.57011],[132.57002,34.56993],[132.57024,34.5699],[132.57051,34.56981],[132.57068,34.56952],[132.57074,34.56925],[132.57071,34.56901],[132.57068,34.56886],[132.57065,34.56876],[132.57069,34.56855],[132.57073,34.56849],[132.57081,34.56838],[132.57086,34.56833],[132.57094,34.56825],[132.57103,34.56819],[132.57116,34.5681],[132.57152,34.56802],[132.57204,34.56788],[132.57212,34.56769],[132.57189,34.56714],[132.57174,34.56689],[132.57167,34.56669],[132.5718,34.5665],[132.57263,34.56625],[132.57293,34.5661],[132.57307,34.56588],[132.57314,34.56546],[132.57303,34.5651],[132.57292,34.565],[132.5729,34.56499],[132.57287,34.56496],[132.57274,34.56481],[132.57274,34.56461],[132.57289,34.56453],[132.57323,34.56435],[132.57333,34.56414],[132.5733,34.56407],[132.57324,34.56391],[132.57303,34.56374],[132.57295,34.5636],[132.5731,34.56341],[132.57311,34.56339],[132.57323,34.56324],[132.5733,34.563],[132.5733,34.56295],[132.57333,34.56268],[132.57338,34.56216],[132.57353,34.56206],[132.57393,34.56199],[132.57404,34.56194],[132.57406,34.56183],[132.57396,34.56175],[132.57399,34.56175],[132.57408,34.56165],[132.57394,34.56148],[132.57375,34.56132],[132.57373,34.56127],[132.57368,34.56116],[132.57384,34.56103],[132.57417,34.56088],[132.57426,34.56074],[132.57423,34.56054],[132.57422,34.56034],[132.57429,34.56012],[132.5744,34.55993],[132.57443,34.55989],[132.57453,34.55993],[132.5752,34.55999],[132.57547,34.55999],[132.57543,34.5597],[132.57523,34.55938],[132.57509,34.55912],[132.57503,34.55888],[132.57502,34.55884],[132.57496,34.55859],[132.57486,34.55829],[132.57483,34.55813],[132.57497,34.55798],[132.57515,34.55789],[132.57531,34.5577],[132.57538,34.55759],[132.57558,34.55763],[132.57586,34.55781],[132.57614,34.55782],[132.57648,34.55774],[132.57668,34.55758],[132.57673,34.55728],[132.5767,34.557],[132.57658,34.55671],[132.57648,34.55649],[132.57642,34.55613],[132.57647,34.55585],[132.57659,34.55572],[132.5769,34.55578],[132.57719,34.55575],[132.57742,34.55563],[132.57743,34.55545],[132.57732,34.5552],[132.57734,34.55503],[132.57761,34.55492],[132.57792,34.5549],[132.57811,34.55492],[132.57825,34.55495],[132.57845,34.55478],[132.57848,34.55461],[132.57848,34.55435],[132.57857,34.55425],[132.57883,34.55414],[132.57889,34.55401],[132.57879,34.55378],[132.5788,34.55368],[132.57889,34.5536],[132.57884,34.55346],[132.57876,34.55326],[132.57878,34.55309],[132.57898,34.55301],[132.57916,34.5531],[132.57931,34.55318],[132.57949,34.55306],[132.57973,34.5526],[132.57968,34.55246],[132.57954,34.5523],[132.57951,34.55216],[132.5796,34.55202],[132.57988,34.55189],[132.58028,34.55182],[132.58052,34.55164],[132.58067,34.55149],[132.58071,34.55125],[132.58129,34.55114],[132.58144,34.55106],[132.58165,34.55093],[132.58183,34.5507],[132.5819,34.55056],[132.58184,34.55028],[132.58172,34.55004],[132.58174,34.54989],[132.58211,34.54971],[132.58242,34.54972],[132.58261,34.54977],[132.58284,34.54974],[132.58297,34.54963],[132.58303,34.54954],[132.58346,34.54958],[132.58376,34.54946],[132.58395,34.54932],[132.584,34.54928],[132.58477,34.54838],[132.58487,34.54829],[132.58544,34.54815],[132.58574,34.54799],[132.586,34.54789],[132.58626,34.54795],[132.58653,34.54801],[132.58666,34.54799],[132.58676,34.54783],[132.58674,34.54751],[132.58675,34.54721],[132.58667,34.54692],[132.58664,34.54656],[132.58664,34.54634],[132.58688,34.5459],[132.58698,34.5457],[132.587,34.54547],[132.58708,34.54533],[132.58719,34.54513],[132.58717,34.545],[132.5873,34.54484],[132.58742,34.54457],[132.58746,34.54424],[132.58735,34.54399],[132.58727,34.54387],[132.58722,34.54378],[132.58735,34.54351],[132.58736,34.54334],[132.58717,34.54305],[132.58677,34.54277],[132.58642,34.54235],[132.58635,34.54217],[132.58639,34.54179],[132.58616,34.54107],[132.58586,34.54038],[132.58571,34.54037],[132.58555,34.54004],[132.58542,34.53993],[132.58525,34.53978],[132.58513,34.53975],[132.58496,34.5397],[132.58463,34.53965],[132.58436,34.5395],[132.58417,34.53921],[132.58415,34.53897],[132.58417,34.53873],[132.58402,34.5385],[132.58379,34.53834],[132.58366,34.53813],[132.58359,34.53784],[132.58341,34.53741],[132.5832,34.53706],[132.58295,34.53679],[132.58264,34.53636],[132.58243,34.53623],[132.58213,34.53619],[132.58174,34.53619],[132.58143,34.53597],[132.58125,34.53563],[132.58114,34.53533],[132.58082,34.53517],[132.58082,34.53517],[132.57779,34.5359],[132.57665,34.53606],[132.57546,34.53617],[132.57475,34.53596],[132.57414,34.53547],[132.57349,34.53426],[132.57322,34.53377],[132.57105,34.53408],[132.57031,34.5339],[132.56996,34.5337],[132.56918,34.53344],[132.56825,34.5333],[132.56781,34.5326],[132.56709,34.53239],[132.56649,34.53208],[132.56546,34.53237],[132.56443,34.53257],[132.56329,34.53268],[132.56172,34.53312],[132.5612,34.53394],[132.56067,34.53463],[132.5605,34.5347],[132.55808,34.53572],[132.55809,34.53604],[132.55547,34.5378],[132.55213,34.53994],[132.55208,34.53995],[132.55089,34.5402],[132.55041,34.54077],[132.55038,34.54081],[132.55022,34.54086],[132.54844,34.54087],[132.54772,34.54097],[132.54715,34.54099],[132.54678,34.54102],[132.54642,34.5411],[132.54573,34.54137],[132.54427,34.54224],[132.54288,34.54305],[132.54279,34.5431],[132.54155,34.54368],[132.54009,34.54442],[132.54006,34.54444],[132.5388,34.54502],[132.53813,34.54532],[132.5375,34.54561],[132.53772,34.54585],[132.53788,34.54599],[132.53808,34.54614],[132.53826,34.54626],[132.53873,34.5465],[132.53799,34.54676],[132.53811,34.5468],[132.53864,34.54696],[132.53909,34.54712],[132.53945,34.54733],[132.53985,34.54756],[132.54007,34.54769],[132.5402,34.54776],[132.54053,34.54792],[132.54055,34.54794],[132.54092,34.5482],[132.54108,34.54831],[132.54129,34.54845],[132.54147,34.54853],[132.54172,34.54858],[132.54189,34.54865],[132.54197,34.54869],[132.5421,34.54871],[132.54231,34.54874],[132.54257,34.5488],[132.54281,34.54894],[132.54309,34.54914],[132.54321,34.54932],[132.5433,34.54954],[132.54338,34.54975],[132.54343,34.55],[132.54348,34.55032],[132.54353,34.55058],[132.54359,34.55073],[132.54365,34.55088],[132.54365,34.5509],[132.54402,34.55111],[132.54415,34.55118],[132.54427,34.55124],[132.54447,34.55135],[132.5447,34.55148],[132.54479,34.55156],[132.54481,34.55158],[132.54491,34.55174],[132.54491,34.55175],[132.5449,34.55176],[132.54499,34.55176],[132.54499,34.55193],[132.54504,34.552],[132.54511,34.55205],[132.54522,34.55216],[132.54532,34.55225],[132.54566,34.55238],[132.54587,34.55244],[132.54604,34.55241],[132.54607,34.55241],[132.54608,34.55248],[132.54611,34.55253],[132.54621,34.55264],[132.54626,34.55271],[132.54639,34.55298],[132.54647,34.5532],[132.54651,34.55322],[132.54683,34.55331],[132.5469,34.55333],[132.54702,34.55337],[132.54711,34.55342],[132.54718,34.55345],[132.54726,34.55346],[132.54734,34.55346],[132.5475,34.55344],[132.54762,34.55344],[132.54769,34.55345],[132.54771,34.55345],[132.54781,34.55349],[132.54796,34.55353],[132.54811,34.55354],[132.54828,34.55352],[132.54834,34.5535],[132.54839,34.55353],[132.54849,34.5536],[132.54854,34.55365],[132.54861,34.55373],[132.54871,34.55386],[132.54877,34.55394],[132.54872,34.55409],[132.54873,34.55427],[132.54873,34.5545],[132.54881,34.55466],[132.54887,34.55475],[132.54891,34.55478],[132.54897,34.55481],[132.549,34.55485],[132.54908,34.55506],[132.5492,34.55524],[132.54924,34.55529],[132.54928,34.55537],[132.54934,34.55555],[132.54938,34.55567],[132.54935,34.55575],[132.54951,34.55601],[132.54942,34.55614],[132.54938,34.55611],[132.54926,34.55629],[132.54937,34.55624],[132.54939,34.55623],[132.54946,34.55649],[132.54948,34.55666],[132.54948,34.55672],[132.54949,34.55679],[132.54951,34.55682],[132.54958,34.55692],[132.54966,34.55706],[132.54968,34.55728],[132.54962,34.55748],[132.54959,34.55758],[132.54955,34.55796],[132.54954,34.55825],[132.54954,34.55849],[132.54958,34.55872],[132.5496,34.55897],[132.54958,34.55916],[132.54958,34.55935],[132.54963,34.55955],[132.54968,34.55969],[132.54971,34.55986],[132.54986,34.5602],[132.54985,34.56021],[132.54969,34.56028],[132.549,34.55927],[132.54898,34.55923],[132.54881,34.55926],[132.54878,34.55927],[132.54839,34.55929],[132.54821,34.55934],[132.5482,34.55934],[132.54795,34.55942],[132.54788,34.55944],[132.54778,34.55933],[132.54775,34.55932],[132.54769,34.5593],[132.54766,34.55929],[132.5475,34.55927],[132.5474,34.55912],[132.54732,34.55908],[132.54724,34.55918],[132.54715,34.55924],[132.547,34.55926],[132.54688,34.5593],[132.54681,34.55936],[132.54664,34.55938],[132.54656,34.55938],[132.54644,34.55938],[132.54625,34.55942],[132.54626,34.55932],[132.54633,34.55931],[132.54651,34.55924],[132.54664,34.55873],[132.5467,34.55862],[132.5467,34.55849],[132.54663,34.55837],[132.54648,34.55832],[132.54648,34.55821],[132.54644,34.55814],[132.54635,34.55806],[132.54627,34.55797],[132.54621,34.55788],[132.54617,34.55786],[132.54605,34.55778],[132.54589,34.55771],[132.54572,34.55764],[132.5456,34.55757],[132.54551,34.55741],[132.54546,34.5572],[132.54547,34.55713],[132.54547,34.55711],[132.54546,34.55702],[132.54543,34.55695],[132.5454,34.55689],[132.5454,34.5568],[132.54536,34.55674],[132.54516,34.55674],[132.54509,34.55672],[132.54505,34.55671],[132.54496,34.5566],[132.54474,34.55649],[132.54462,34.55641],[132.54436,34.55626],[132.54427,34.55614],[132.5442,34.55601],[132.54414,34.55587],[132.54408,34.55577],[132.54402,34.55568],[132.54396,34.55563],[132.54378,34.55555],[132.54354,34.55548],[132.54329,34.55542],[132.54317,34.55536],[132.54301,34.55528],[132.54285,34.55523],[132.54265,34.55519],[132.54253,34.55515],[132.54235,34.55511],[132.54217,34.55514],[132.54211,34.55511],[132.54209,34.55503],[132.54211,34.55496],[132.54207,34.55488],[132.54202,34.5548],[132.54195,34.55472],[132.54184,34.55462],[132.54165,34.55446],[132.54153,34.55444],[132.5414,34.55446],[132.54133,34.5545],[132.54129,34.55453],[132.5412,34.55455],[132.54113,34.55448],[132.54108,34.55453],[132.54101,34.55458],[132.54092,34.55455],[132.54086,34.55447],[132.54083,34.55438],[132.54084,34.55421],[132.54089,34.55403],[132.54098,34.55403],[132.54106,34.55407],[132.54108,34.55401],[132.54112,34.55401],[132.54115,34.55402],[132.5412,34.55407],[132.54125,34.55414],[132.54125,34.55388],[132.54125,34.55364],[132.54119,34.55347],[132.54114,34.55335],[132.54106,34.55324],[132.54096,34.55315],[132.54086,34.55309],[132.54063,34.55298],[132.54061,34.55297],[132.54034,34.55285],[132.54026,34.55273],[132.54009,34.55256],[132.54002,34.55249],[132.53971,34.55228],[132.53953,34.55219],[132.5394,34.55211],[132.53929,34.55203],[132.53916,34.55193],[132.53888,34.55178],[132.53871,34.5517],[132.53854,34.55158],[132.53821,34.5514],[132.53802,34.55132],[132.53793,34.55131],[132.5378,34.55136],[132.53773,34.55142],[132.53768,34.55156],[132.53761,34.55171],[132.53754,34.55189],[132.5375,34.55191],[132.53745,34.55192],[132.53738,34.55191],[132.53731,34.55187],[132.53729,34.55182],[132.53729,34.55175],[132.53731,34.55171],[132.53732,34.55165],[132.53734,34.55158],[132.53737,34.55146],[132.53736,34.55143],[132.53736,34.55137],[132.53737,34.55129],[132.53732,34.55125],[132.53729,34.55121],[132.53728,34.5512],[132.53724,34.55116],[132.5372,34.55112],[132.53712,34.55111],[132.53702,34.55108],[132.53693,34.55107],[132.53688,34.55107],[132.53683,34.55108],[132.53677,34.5511],[132.53672,34.55113],[132.53667,34.55115],[132.53661,34.55117],[132.53657,34.55116],[132.53651,34.55114],[132.53649,34.5511],[132.53648,34.55106],[132.53651,34.55101],[132.53641,34.55098],[132.53638,34.55094],[132.53642,34.55076],[132.53633,34.5507],[132.53624,34.55063],[132.53616,34.55056],[132.53615,34.55051],[132.53619,34.55044],[132.53628,34.5503],[132.53628,34.55026],[132.53621,34.55021],[132.5362,34.55018],[132.53622,34.55006],[132.53613,34.54998],[132.53605,34.54991],[132.53586,34.54981],[132.53537,34.54954],[132.53503,34.54944],[132.53483,34.54938],[132.53476,34.5494],[132.53473,34.54942],[132.53463,34.54972],[132.53464,34.54977],[132.53471,34.5499],[132.53465,34.55006],[132.53463,34.5501],[132.53462,34.55013],[132.53453,34.55023],[132.53439,34.55027],[132.5343,34.5502],[132.53439,34.5501],[132.5344,34.55004],[132.53437,34.54984],[132.53428,34.54985],[132.53412,34.54985],[132.53407,34.5498],[132.53429,34.54962],[132.53429,34.54941],[132.53434,34.54925],[132.5343,34.54922],[132.53402,34.549],[132.53373,34.54877],[132.5337,34.54877],[132.53351,34.54881],[132.53334,34.54893],[132.53343,34.54909],[132.5337,34.54885],[132.53377,34.5496],[132.53368,34.54983],[132.53364,34.54996],[132.5336,34.55004],[132.53316,34.55048],[132.53246,34.55079],[132.53213,34.55114],[132.53207,34.55121],[132.53119,34.55224],[132.53088,34.55316],[132.53096,34.55382],[132.53154,34.55461],[132.53236,34.55528],[132.53227,34.55588],[132.53287,34.55632],[132.53339,34.55683],[132.53387,34.55767],[132.53408,34.55867],[132.53354,34.56012],[132.53281,34.56209],[132.53232,34.56287],[132.53188,34.5633],[132.53129,34.56351],[132.53031,34.56385],[132.53,34.56405],[132.52962,34.5643],[132.52883,34.56511],[132.52846,34.56555],[132.52702,34.56726],[132.52855,34.56836],[132.53023,34.57019],[132.53081,34.57076],[132.53117,34.57111],[132.53212,34.57235],[132.53266,34.57339],[132.53345,34.5744],[132.53413,34.57556],[132.53467,34.57664],[132.53487,34.5771],[132.53523,34.57794],[132.53573,34.57922],[132.53621,34.58004],[132.53685,34.58088],[132.53778,34.58187],[132.53831,34.58259],[132.53877,34.5832],[132.53873,34.58329],[132.53865,34.58343],[132.53928,34.58354],[132.53938,34.58356],[132.54007,34.58368],[132.54023,34.58369],[132.54105,34.58375],[132.54151,34.58378],[132.54155,34.58378],[132.54258,34.58386],[132.54297,34.58389],[132.54304,34.58385],[132.54312,34.58379],[132.54327,34.58368]]]}},{"type":"Feature","properties":{"name":"亀山西一丁目","setai":379,"jinko":1220,"key":"34106753001","units":1},"geometry":{"type":"Polygon","coordinates":[[[132.47813,34.53202],[132.47812,34.53195],[132.47813,34.53195],[132.47817,34.53195],[132.47845,34.53196],[132.47846,34.53197],[132.47846,34.53182],[132.47842,34.53177],[132.47835,34.53173],[132.47822,34.53169],[132.47824,34.53168],[132.47829,34.53165],[132.47838,34.53163],[132.47856,34.53159],[132.47889,34.53152],[132.47891,34.53132],[132.4788,34.53126],[132.47876,34.53125],[132.47872,34.53124],[132.47866,34.5312],[132.47855,34.53114],[132.47844,34.53106],[132.47839,34.53098],[132.47834,34.53093],[132.47824,34.53079],[132.4782,34.53078],[132.47817,34.53072],[132.47808,34.53058],[132.47808,34.53058],[132.47805,34.53049],[132.47793,34.53012],[132.47793,34.53012],[132.47787,34.52995],[132.47784,34.52992],[132.47783,34.5299],[132.4778,34.52986],[132.47775,34.52985],[132.47711,34.52981],[132.47693,34.52981],[132.47688,34.52979],[132.47671,34.52973],[132.47672,34.52972],[132.47677,34.52963],[132.47675,34.52959],[132.47671,34.52951],[132.4767,34.52946],[132.47667,34.52937],[132.47665,34.52929],[132.47662,34.5292],[132.47662,34.52915],[132.47659,34.52912],[132.47656,34.5291],[132.47649,34.52904],[132.47648,34.52902],[132.47646,34.52897],[132.47643,34.52894],[132.47634,34.52894],[132.47628,34.52894],[132.47624,34.52896],[132.4762,34.52901],[132.47614,34.52909],[132.47609,34.5291],[132.47608,34.52911],[132.47604,34.52906],[132.47598,34.52903],[132.47595,34.52898],[132.47592,34.52895],[132.47582,34.52887],[132.47579,34.52886],[132.47575,34.52887],[132.47563,34.52895],[132.47559,34.529],[132.47553,34.52905],[132.47548,34.5291],[132.47548,34.52912],[132.47548,34.52931],[132.47552,34.52936],[132.47551,34.52944],[132.47568,34.52952],[132.47583,34.52966],[132.47588,34.52966],[132.47603,34.52961],[132.47615,34.52961],[132.47613,34.52971],[132.47619,34.52979],[132.4762,34.52993],[132.4762,34.52993],[132.47572,34.52993],[132.47569,34.52987],[132.47564,34.52982],[132.47562,34.52977],[132.4756,34.52975],[132.47555,34.52973],[132.47547,34.52971],[132.47539,34.52972],[132.47537,34.52972],[132.47534,34.52971],[132.47534,34.52971],[132.47527,34.52973],[132.47525,34.52984],[132.47525,34.52987],[132.47521,34.53009],[132.47519,34.53022],[132.47514,34.53043],[132.47506,34.53081],[132.47504,34.53092],[132.47498,34.53119],[132.47498,34.5312],[132.47491,34.53157],[132.47491,34.53157],[132.47484,34.53191],[132.47484,34.53191],[132.47482,34.53201],[132.47477,34.53224],[132.47477,34.53225],[132.4747,34.53259],[132.47464,34.53287],[132.47462,34.53295],[132.47462,34.53296],[132.4746,34.53307],[132.47456,34.53329],[132.47456,34.5333],[132.47451,34.53356],[132.4745,34.53364],[132.4745,34.53364],[132.4745,34.53364],[132.47451,34.53374],[132.47454,34.53377],[132.47458,34.53383],[132.47465,34.53389],[132.47469,34.53394],[132.47475,34.534],[132.47489,34.53415],[132.4749,34.53416],[132.47495,34.53422],[132.47496,34.53423],[132.47511,34.53438],[132.47534,34.5346],[132.47552,34.53479],[132.47559,34.53485],[132.47559,34.53485],[132.4757,34.53492],[132.47581,34.53495],[132.47594,34.53496],[132.47608,34.53497],[132.47693,34.53505],[132.47695,34.53498],[132.47695,34.53497],[132.4764,34.53425],[132.47717,34.53363],[132.47769,34.53317],[132.47766,34.53307],[132.4777,34.53298],[132.47776,34.53288],[132.47779,34.53281],[132.47786,34.5328],[132.47787,34.5328],[132.47799,34.53275],[132.47805,34.5327],[132.47812,34.53265],[132.47818,34.53257],[132.47823,34.53252],[132.47823,34.53243],[132.47822,34.53236],[132.47815,34.53226],[132.47814,34.53225],[132.47813,34.53202]]]}},{"type":"Feature","properties":{"name":"亀山西二丁目","setai":507,"jinko":1466,"key":"34106753002","units":1},"geometry":{"type":"Polygon","coordinates":[[[132.47408,34.53534],[132.47419,34.53533],[132.4743,34.53534],[132.47441,34.53535],[132.47448,34.53536],[132.47452,34.53537],[132.47452,34.53537],[132.47461,34.53539],[132.47465,34.53541],[132.47468,34.53542],[132.47474,34.53544],[132.47536,34.53567],[132.47536,34.53565],[132.47537,34.53565],[132.47544,34.53568],[132.47559,34.53546],[132.47601,34.53564],[132.47628,34.53575],[132.47654,34.53567],[132.47693,34.53543],[132.47687,34.53533],[132.47685,34.53525],[132.47689,34.53515],[132.47693,34.53505],[132.47608,34.53497],[132.47594,34.53496],[132.47581,34.53495],[132.4757,34.53492],[132.47559,34.53485],[132.47559,34.53485],[132.47552,34.53479],[132.47534,34.5346],[132.47511,34.53438],[132.47496,34.53423],[132.47495,34.53422],[132.4749,34.53416],[132.47489,34.53415],[132.47475,34.534],[132.47469,34.53394],[132.47465,34.53389],[132.47458,34.53383],[132.47454,34.53377],[132.47451,34.53374],[132.4745,34.53364],[132.4745,34.53364],[132.4745,34.53364],[132.47451,34.53356],[132.47456,34.5333],[132.47456,34.53329],[132.4746,34.53307],[132.47462,34.53296],[132.47462,34.53295],[132.47464,34.53287],[132.4747,34.53259],[132.47477,34.53225],[132.47477,34.53224],[132.47482,34.53201],[132.47484,34.53191],[132.47484,34.53191],[132.47491,34.53157],[132.47491,34.53157],[132.47498,34.5312],[132.47498,34.53119],[132.47504,34.53092],[132.47506,34.53081],[132.47514,34.53043],[132.47519,34.53022],[132.47521,34.53009],[132.47525,34.52987],[132.47525,34.52984],[132.47527,34.52973],[132.47534,34.52971],[132.47532,34.52968],[132.47527,34.52964],[132.47528,34.52954],[132.47529,34.52943],[132.47526,34.52923],[132.47521,34.5292],[132.47517,34.52917],[132.47511,34.52918],[132.47506,34.52922],[132.47503,34.52927],[132.47497,34.52935],[132.47492,34.52943],[132.47485,34.5295],[132.4748,34.52955],[132.47473,34.5296],[132.47468,34.52961],[132.47463,34.52962],[132.47461,34.52962],[132.47457,34.52964],[132.4745,34.52968],[132.47446,34.52972],[132.47445,34.52973],[132.47444,34.52975],[132.47433,34.52991],[132.47431,34.52995],[132.47429,34.53009],[132.47428,34.53017],[132.47424,34.53028],[132.47422,34.53035],[132.4742,34.53039],[132.47419,34.53047],[132.47422,34.53057],[132.47421,34.53057],[132.47417,34.53055],[132.47368,34.53048],[132.47367,34.53046],[132.47363,34.53043],[132.47356,34.53041],[132.47349,34.53039],[132.47341,34.53039],[132.47331,34.53041],[132.47322,34.53045],[132.47313,34.53052],[132.47311,34.53057],[132.47311,34.53061],[132.47309,34.53061],[132.47275,34.53058],[132.47249,34.53056],[132.47201,34.53052],[132.47201,34.53051],[132.472,34.53047],[132.47204,34.53042],[132.47204,34.53036],[132.47202,34.53035],[132.47198,34.53032],[132.4719,34.53026],[132.47189,34.53023],[132.47182,34.53024],[132.47173,34.53028],[132.47166,34.5303],[132.47152,34.53034],[132.47136,34.53038],[132.47131,34.5304],[132.47125,34.53043],[132.47123,34.53044],[132.47122,34.53044],[132.47112,34.53049],[132.47105,34.53054],[132.47097,34.53061],[132.47092,34.53068],[132.47088,34.53072],[132.47082,34.53077],[132.47078,34.53083],[132.47077,34.53091],[132.47082,34.53098],[132.4709,34.53107],[132.47093,34.5311],[132.47097,34.53111],[132.47101,34.53112],[132.47104,34.53112],[132.47101,34.53122],[132.47093,34.53138],[132.47086,34.53158],[132.47084,34.53168],[132.47079,34.53182],[132.47072,34.53188],[132.47074,34.53191],[132.47121,34.53236],[132.47121,34.53241],[132.47131,34.53241],[132.47147,34.53254],[132.47142,34.53261],[132.47124,34.53264],[132.47121,34.53267],[132.47126,34.53283],[132.47128,34.53288],[132.4714,34.53307],[132.47141,34.5331],[132.47142,34.53312],[132.47156,34.5332],[132.47159,34.53321],[132.4717,34.5332],[132.47157,34.53327],[132.47143,34.53331],[132.47143,34.53334],[132.47143,34.53337],[132.47143,34.53347],[132.47149,34.53348],[132.47162,34.53354],[132.47181,34.53363],[132.4719,34.53367],[132.47191,34.53367],[132.47201,34.5337],[132.47201,34.53371],[132.47202,34.53384],[132.47206,34.5339],[132.47202,34.53392],[132.47199,34.53394],[132.47191,34.53396],[132.47177,34.53399],[132.4718,34.53425],[132.47181,34.53435],[132.47166,34.53436],[132.47164,34.53437],[132.47162,34.53439],[132.47151,34.53477],[132.47151,34.53478],[132.47148,34.53483],[132.47149,34.53483],[132.47172,34.53485],[132.47174,34.53493],[132.47173,34.53505],[132.47174,34.53517],[132.47175,34.53523],[132.4718,34.5353],[132.47188,34.53542],[132.47191,34.53549],[132.47188,34.53556],[132.47181,34.53561],[132.47164,34.53564],[132.47161,34.53571],[132.47156,34.53577],[132.47155,34.53581],[132.47156,34.53586],[132.47162,34.53597],[132.47171,34.53593],[132.47183,34.53587],[132.47197,34.5358],[132.47211,34.53575],[132.47225,34.53571],[132.4724,34.53566],[132.47257,34.53563],[132.47275,34.5356],[132.47296,34.53555],[132.47314,34.53551],[132.47324,34.53549],[132.47336,34.53546],[132.47368,34.53541],[132.47397,34.53536],[132.47408,34.53534]]]}},{"type":"Feature","properties":{"name":"可部町大字上町屋","setai":130,"jinko":297,"key":"341067580","units":1},"geometry":{"type":"Polygon","coordinates":[[[132.53096,34.55382],[132.53088,34.55316],[132.53119,34.55224],[132.53207,34.55121],[132.53213,34.55114],[132.53246,34.55079],[132.53316,34.55048],[132.5336,34.55004],[132.53364,34.54996],[132.53368,34.54983],[132.53377,34.5496],[132.5337,34.54885],[132.53343,34.54909],[132.53334,34.54893],[132.53328,34.54897],[132.53323,34.5491],[132.53332,34.54933],[132.53334,34.5494],[132.53336,34.54945],[132.53345,34.5497],[132.53345,34.5497],[132.5335,34.5498],[132.53328,34.55025],[132.53314,34.55048],[132.53303,34.55039],[132.533,34.55042],[132.53295,34.55046],[132.53293,34.55047],[132.53287,34.55053],[132.53269,34.55057],[132.53263,34.55047],[132.5323,34.55054],[132.53231,34.55043],[132.53231,34.55035],[132.53242,34.55021],[132.53244,34.55014],[132.53249,34.55002],[132.53252,34.55001],[132.53244,34.54997],[132.53238,34.54995],[132.53214,34.54985],[132.5321,34.54979],[132.53209,34.54975],[132.53208,34.54968],[132.53213,34.54951],[132.53226,34.54939],[132.53236,34.54931],[132.53243,34.54929],[132.53238,34.54916],[132.53238,34.54903],[132.53243,34.54882],[132.53244,34.54864],[132.53249,34.54857],[132.53249,34.54851],[132.53248,34.54839],[132.5325,34.54832],[132.53253,34.54822],[132.53255,34.54819],[132.53263,34.54815],[132.53265,34.54814],[132.53265,34.54809],[132.53265,34.54802],[132.53264,34.54792],[132.53263,34.54778],[132.53256,34.54776],[132.53221,34.54762],[132.53214,34.54763],[132.53207,34.54764],[132.53204,34.54756],[132.53199,34.5476],[132.53198,34.54762],[132.53192,34.54766],[132.53181,34.54778],[132.53164,34.54798],[132.53153,34.54812],[132.53148,34.54823],[132.53144,34.54854],[132.5314,34.54866],[132.53136,34.54874],[132.53133,34.54878],[132.5312,34.54885],[132.53109,34.54888],[132.53103,34.54875],[132.53096,34.54865],[132.53094,34.54856],[132.53094,34.54847],[132.53093,34.54823],[132.53091,34.54814],[132.53089,34.54797],[132.53088,34.54783],[132.53088,34.54782],[132.53086,34.54766],[132.53083,34.54755],[132.53073,34.54733],[132.53062,34.54719],[132.53048,34.54702],[132.53032,34.54689],[132.53018,34.54672],[132.53016,34.5467],[132.53012,34.54668],[132.53013,34.54667],[132.53011,34.54667],[132.53008,34.54668],[132.53006,34.54671],[132.53003,34.54675],[132.52998,34.54677],[132.52993,34.54677],[132.52987,34.54677],[132.52982,34.54677],[132.52976,34.54675],[132.5297,34.54672],[132.52954,34.54668],[132.52945,34.54666],[132.52942,34.54666],[132.52941,34.54668],[132.52942,34.54669],[132.52952,34.54675],[132.52954,34.54676],[132.52954,34.54678],[132.52953,34.54682],[132.52952,34.54683],[132.52942,34.54693],[132.52937,34.54697],[132.52937,34.547],[132.5294,34.54708],[132.52941,34.54713],[132.52939,34.54718],[132.52937,34.54723],[132.52933,34.54727],[132.52926,34.54729],[132.52898,34.54734],[132.52891,34.54737],[132.52887,34.5474],[132.5288,34.54752],[132.52852,34.54791],[132.52836,34.54818],[132.52843,34.5484],[132.52842,34.54844],[132.52837,34.54848],[132.52833,34.54851],[132.52828,34.54855],[132.52817,34.54857],[132.52809,34.54857],[132.5279,34.54861],[132.52778,34.54864],[132.52779,34.54879],[132.52781,34.54884],[132.52763,34.54883],[132.52736,34.54881],[132.5273,34.54881],[132.52728,34.5488],[132.52725,34.54886],[132.52727,34.54889],[132.52728,34.54898],[132.52735,34.54905],[132.5274,34.5491],[132.52743,34.54925],[132.52752,34.54943],[132.52754,34.54945],[132.52759,34.54951],[132.52768,34.54957],[132.52784,34.54966],[132.52788,34.54967],[132.52805,34.54975],[132.52824,34.54986],[132.52828,34.54988],[132.52832,34.5499],[132.52838,34.54998],[132.52838,34.55002],[132.52837,34.55007],[132.52833,34.55016],[132.52831,34.55022],[132.52828,34.55028],[132.52825,34.55031],[132.52819,34.55037],[132.52808,34.5504],[132.52803,34.55045],[132.52797,34.5505],[132.52792,34.55052],[132.52788,34.55054],[132.52787,34.55056],[132.52798,34.55123],[132.52799,34.55127],[132.52804,34.55146],[132.52805,34.55149],[132.5281,34.55158],[132.52812,34.55163],[132.52813,34.55172],[132.52812,34.55181],[132.52808,34.55189],[132.52806,34.55191],[132.52802,34.55194],[132.52804,34.55206],[132.52775,34.55213],[132.52769,34.5518],[132.52768,34.55177],[132.52755,34.55179],[132.52748,34.55185],[132.52672,34.55213],[132.52668,34.55214],[132.52657,34.5521],[132.52642,34.55213],[132.52638,34.55211],[132.52606,34.55218],[132.52567,34.55226],[132.52571,34.55243],[132.52572,34.55246],[132.52576,34.55251],[132.52597,34.55272],[132.52575,34.55286],[132.52523,34.5528],[132.52489,34.5532],[132.52482,34.55324],[132.52471,34.55317],[132.52482,34.55272],[132.52488,34.55254],[132.52485,34.55253],[132.52477,34.55252],[132.52466,34.55249],[132.52468,34.55245],[132.52481,34.55212],[132.52482,34.55205],[132.52481,34.55202],[132.52478,34.55199],[132.52456,34.5519],[132.5244,34.55186],[132.5243,34.55197],[132.52427,34.5521],[132.52414,34.5521],[132.52411,34.55202],[132.52398,34.55209],[132.52396,34.55209],[132.52394,34.55209],[132.52388,34.5521],[132.52385,34.55211],[132.52375,34.55213],[132.52363,34.55215],[132.52356,34.55218],[132.52347,34.55222],[132.52347,34.55219],[132.52348,34.55215],[132.52351,34.55193],[132.52351,34.5519],[132.52352,34.55186],[132.5235,34.55184],[132.52347,34.55181],[132.52343,34.55181],[132.52336,34.55183],[132.52326,34.55185],[132.52318,34.55184],[132.52308,34.5518],[132.52301,34.55174],[132.52281,34.55156],[132.52274,34.55147],[132.52272,34.55136],[132.52274,34.55131],[132.52279,34.55124],[132.52287,34.55119],[132.52293,34.55115],[132.52301,34.55109],[132.52307,34.55105],[132.5231,34.55103],[132.52314,34.551],[132.52318,34.5509],[132.52322,34.55079],[132.52334,34.55077],[132.52347,34.55076],[132.52359,34.55075],[132.52361,34.55065],[132.52362,34.55056],[132.52362,34.55045],[132.52363,34.55039],[132.52364,34.55026],[132.52361,34.55018],[132.52355,34.55011],[132.52343,34.55003],[132.52343,34.55003],[132.52341,34.55002],[132.52338,34.55],[132.5233,34.54997],[132.52325,34.54995],[132.5232,34.54993],[132.52311,34.54994],[132.52302,34.54997],[132.52294,34.55003],[132.52287,34.55009],[132.52276,34.55019],[132.52265,34.5503],[132.52259,34.55037],[132.52253,34.55048],[132.52242,34.55063],[132.52235,34.55069],[132.52227,34.55073],[132.52222,34.55075],[132.52216,34.55075],[132.5221,34.55074],[132.52204,34.55072],[132.522,34.55069],[132.52196,34.55064],[132.52189,34.55056],[132.52179,34.55048],[132.5217,34.55045],[132.52159,34.55043],[132.52146,34.55043],[132.52126,34.55044],[132.52115,34.55045],[132.52109,34.55045],[132.52107,34.55045],[132.52105,34.55042],[132.52106,34.5504],[132.52109,34.55037],[132.52135,34.55002],[132.5215,34.54986],[132.52161,34.54979],[132.52168,34.54971],[132.52174,34.54965],[132.52177,34.54958],[132.5218,34.5495],[132.52179,34.54946],[132.52175,34.54942],[132.52166,34.54936],[132.52176,34.54937],[132.52186,34.54937],[132.52221,34.54938],[132.52247,34.54937],[132.52282,34.54939],[132.52323,34.54945],[132.52354,34.54951],[132.52376,34.54956],[132.52396,34.5496],[132.52408,34.54951],[132.52412,34.54949],[132.5242,34.54945],[132.52439,34.54933],[132.52456,34.54927],[132.52474,34.5492],[132.52478,34.54914],[132.52483,34.54907],[132.52485,34.549],[132.52484,34.54888],[132.5249,34.54877],[132.52497,34.54865],[132.52504,34.54861],[132.52509,34.54858],[132.52509,34.54851],[132.52504,34.54838],[132.52503,34.54827],[132.52505,34.54818],[132.52516,34.54806],[132.52526,34.54799],[132.52533,34.54789],[132.52541,34.54775],[132.52555,34.5476],[132.5257,34.54746],[132.52589,34.54734],[132.52598,34.54731],[132.52605,34.54726],[132.52612,34.54718],[132.52619,34.5471],[132.5261,34.54709],[132.52604,34.54711],[132.5257,34.54716],[132.5253,34.5472],[132.52504,34.54721],[132.52476,34.54725],[132.52441,34.54727],[132.52412,34.54727],[132.52394,34.54731],[132.52386,34.54737],[132.5237,34.54724],[132.52374,34.54714],[132.52385,34.54705],[132.5239,34.54701],[132.52427,34.54698],[132.5243,34.54696],[132.5244,34.54696],[132.52447,34.5469],[132.52456,34.54682],[132.52458,34.5468],[132.52471,34.54666],[132.52478,34.54652],[132.52479,34.54646],[132.52476,34.54641],[132.52475,34.54641],[132.52468,34.54639],[132.52471,34.54632],[132.52481,34.5462],[132.52487,34.54623],[132.52545,34.54649],[132.5256,34.54659],[132.52561,34.54668],[132.52574,34.54665],[132.52578,34.54663],[132.52598,34.54658],[132.52612,34.54656],[132.52629,34.54653],[132.52647,34.54648],[132.52653,34.54645],[132.52663,34.54642],[132.52679,34.5464],[132.52686,34.5464],[132.52692,34.54634],[132.52719,34.54613],[132.52732,34.54602],[132.52738,34.54594],[132.52739,34.54587],[132.52735,34.5458],[132.52729,34.5457],[132.52724,34.54557],[132.52721,34.54545],[132.52721,34.54542],[132.52718,34.54538],[132.52714,34.54534],[132.52709,34.54531],[132.52699,34.54524],[132.52684,34.54512],[132.52673,34.545],[132.52669,34.54492],[132.52666,34.54484],[132.52665,34.54475],[132.52666,34.54468],[132.52667,34.54459],[132.52667,34.54455],[132.52663,34.54452],[132.52653,34.54447],[132.52645,34.54441],[132.5264,34.54425],[132.52633,34.54417],[132.52629,34.54415],[132.52621,34.54413],[132.52605,34.54411],[132.52589,34.54398],[132.52582,34.54393],[132.5257,34.54374],[132.52544,34.54351],[132.52547,34.54335],[132.5254,34.5433],[132.5253,34.54316],[132.52524,34.54312],[132.52519,34.54307],[132.5251,34.54301],[132.52501,34.54294],[132.52484,34.54278],[132.52464,34.54259],[132.52467,34.54251],[132.52455,34.54237],[132.52446,34.54223],[132.5244,34.54211],[132.52417,34.54193],[132.52406,34.54199],[132.52388,34.54186],[132.52381,34.54182],[132.52372,34.54176],[132.52355,34.54154],[132.52369,34.54141],[132.52354,34.54125],[132.52338,34.54115],[132.52326,34.54107],[132.52305,34.54089],[132.52296,34.54081],[132.52281,34.54063],[132.5228,34.54056],[132.52281,34.54052],[132.52282,34.54042],[132.52283,34.54034],[132.52283,34.54027],[132.52283,34.54018],[132.52288,34.5401],[132.52292,34.54007],[132.52299,34.54004],[132.52297,34.54001],[132.52296,34.5399],[132.52294,34.53981],[132.52295,34.53969],[132.52295,34.53966],[132.52294,34.53963],[132.52291,34.53939],[132.52282,34.53916],[132.52274,34.53906],[132.52265,34.53897],[132.52256,34.53891],[132.52244,34.53885],[132.52241,34.53884],[132.52243,34.53883],[132.52239,34.53877],[132.52239,34.53877],[132.52221,34.53863],[132.52191,34.53832],[132.52161,34.53806],[132.52144,34.53792],[132.5213,34.53779],[132.5211,34.53765],[132.52108,34.53764],[132.52078,34.53734],[132.52061,34.53716],[132.52047,34.53705],[132.52029,34.53696],[132.52008,34.53686],[132.51994,34.53681],[132.51987,34.53677],[132.51981,34.53669],[132.51947,34.53634],[132.51945,34.53632],[132.51931,34.53615],[132.51927,34.53611],[132.51922,34.53605],[132.51919,34.53607],[132.51913,34.53612],[132.51912,34.53614],[132.51906,34.53618],[132.51898,34.53619],[132.51892,34.5362],[132.51886,34.53623],[132.51881,34.53621],[132.51825,34.53582],[132.51812,34.53567],[132.51813,34.53566],[132.51822,34.53559],[132.5182,34.53557],[132.51806,34.53541],[132.51793,34.53525],[132.51787,34.53527],[132.51764,34.53502],[132.51762,34.53499],[132.51766,34.53494],[132.51768,34.5349],[132.51765,34.53488],[132.51762,34.53486],[132.51747,34.53473],[132.51738,34.53459],[132.51717,34.53428],[132.51715,34.53425],[132.51708,34.53414],[132.517,34.534],[132.51691,34.5338],[132.51677,34.53347],[132.51667,34.53306],[132.51656,34.5327],[132.51654,34.53265],[132.51648,34.53237],[132.51645,34.53221],[132.51635,34.53193],[132.51624,34.53164],[132.51617,34.53156],[132.51607,34.53147],[132.51599,34.5313],[132.51594,34.53134],[132.51574,34.53158],[132.51556,34.53174],[132.51555,34.53176],[132.51542,34.53185],[132.51528,34.53198],[132.51512,34.53213],[132.51498,34.53231],[132.51486,34.53249],[132.51468,34.53273],[132.51467,34.53275],[132.51463,34.5328],[132.51451,34.53298],[132.51435,34.5332],[132.51423,34.53335],[132.51415,34.53349],[132.51409,34.53364],[132.51401,34.5338],[132.51397,34.53397],[132.51395,34.53411],[132.51392,34.53418],[132.51388,34.53436],[132.51381,34.53459],[132.51371,34.53489],[132.51366,34.53505],[132.51359,34.53527],[132.51348,34.53557],[132.51345,34.53566],[132.51345,34.53569],[132.51345,34.53573],[132.51336,34.53574],[132.51336,34.53576],[132.51339,34.53584],[132.51341,34.53594],[132.51341,34.53604],[132.51347,34.53627],[132.51354,34.53654],[132.51336,34.53658],[132.51335,34.53658],[132.51331,34.5365],[132.51323,34.53633],[132.51321,34.53626],[132.51318,34.53623],[132.51308,34.53622],[132.51306,34.53627],[132.51301,34.53642],[132.51301,34.53643],[132.51301,34.53653],[132.51303,34.53667],[132.51306,34.53693],[132.51311,34.53706],[132.51313,34.53709],[132.51317,34.53715],[132.51321,34.5373],[132.51327,34.53741],[132.51333,34.53754],[132.51341,34.53769],[132.51342,34.53771],[132.51349,34.53789],[132.5135,34.53795],[132.51353,34.53807],[132.51358,34.53816],[132.51363,34.5383],[132.51364,34.53839],[132.51372,34.53873],[132.51374,34.53879],[132.51375,34.53881],[132.51378,34.53891],[132.51383,34.53899],[132.51386,34.53912],[132.51392,34.53923],[132.51393,34.53925],[132.51397,34.53932],[132.51403,34.53944],[132.51406,34.53951],[132.51405,34.53959],[132.51413,34.53969],[132.51493,34.5407],[132.51517,34.54101],[132.51488,34.54111],[132.51489,34.54124],[132.51486,34.54138],[132.51493,34.54166],[132.51495,34.54185],[132.51504,34.54185],[132.51511,34.54182],[132.51519,34.54177],[132.51528,34.54173],[132.51534,34.54168],[132.51539,34.54161],[132.51551,34.54147],[132.51559,34.54157],[132.51582,34.54192],[132.51595,34.54213],[132.51595,34.54213],[132.51587,34.54215],[132.51572,34.54218],[132.5157,34.54219],[132.51544,34.54222],[132.5153,34.54219],[132.51526,34.54245],[132.51532,34.54277],[132.5152,34.54278],[132.51518,34.54291],[132.51513,34.54308],[132.5151,34.54319],[132.51545,34.54323],[132.51549,34.54303],[132.51599,34.54306],[132.51605,34.54305],[132.51605,34.54313],[132.51592,34.54385],[132.5159,34.54445],[132.51584,34.54482],[132.51584,34.5451],[132.51586,34.54532],[132.51584,34.54565],[132.51598,34.54601],[132.51607,34.54623],[132.51617,34.5464],[132.5162,34.54652],[132.51625,34.5467],[132.51627,34.54681],[132.51626,34.54738],[132.5162,34.54773],[132.51621,34.54774],[132.5162,34.54813],[132.51623,34.54828],[132.51627,34.54845],[132.51632,34.54859],[132.51639,34.5488],[132.51645,34.54895],[132.5165,34.54909],[132.51654,34.54922],[132.51657,34.54933],[132.51661,34.54946],[132.51662,34.54965],[132.51661,34.54986],[132.51661,34.55006],[132.51661,34.55032],[132.51659,34.55034],[132.51639,34.55029],[132.51628,34.55046],[132.51623,34.55052],[132.51613,34.55059],[132.51601,34.55064],[132.51586,34.55072],[132.51573,34.55075],[132.51569,34.5508],[132.51566,34.5509],[132.51565,34.55097],[132.51563,34.55099],[132.51561,34.55101],[132.51557,34.55104],[132.51556,34.5511],[132.51597,34.55114],[132.51593,34.55125],[132.51593,34.55126],[132.5159,34.55137],[132.51571,34.55176],[132.51545,34.55228],[132.51543,34.55233],[132.5154,34.55244],[132.5154,34.55246],[132.51537,34.55262],[132.51537,34.55275],[132.51537,34.55287],[132.5156,34.55289],[132.51562,34.55287],[132.51579,34.55288],[132.51573,34.55304],[132.51569,34.55322],[132.51565,34.55362],[132.51577,34.55362],[132.51576,34.55386],[132.51588,34.55419],[132.51634,34.5552],[132.51634,34.55613],[132.5163,34.55641],[132.51626,34.55665],[132.51615,34.55689],[132.5156,34.55779],[132.5156,34.55793],[132.51567,34.55811],[132.51577,34.55827],[132.51597,34.55852],[132.51618,34.5588],[132.51625,34.55892],[132.51624,34.55912],[132.51519,34.56233],[132.51478,34.5636],[132.51552,34.56375],[132.5162,34.56385],[132.51692,34.56395],[132.5174,34.56412],[132.5179,34.56455],[132.51992,34.5661],[132.5208,34.56696],[132.5211,34.56725],[132.52235,34.56843],[132.52344,34.5695],[132.52468,34.57086],[132.52627,34.57257],[132.52712,34.57349],[132.52848,34.57518],[132.52951,34.57626],[132.53091,34.5779],[132.53127,34.57847],[132.53189,34.57944],[132.53543,34.58465],[132.53551,34.58477],[132.53639,34.58446],[132.53668,34.58443],[132.53722,34.58436],[132.53801,34.58398],[132.53859,34.58355],[132.53865,34.58343],[132.53873,34.58329],[132.53877,34.5832],[132.53831,34.58259],[132.53778,34.58187],[132.53685,34.58088],[132.53621,34.58004],[132.53573,34.57922],[132.53523,34.57794],[132.53487,34.5771],[132.53467,34.57664],[132.53413,34.57556],[132.53345,34.5744],[132.53266,34.57339],[132.53212,34.57235],[132.53117,34.57111],[132.53081,34.57076],[132.53023,34.57019],[132.52855,34.56836],[132.52702,34.56726],[132.52846,34.56555],[132.52883,34.56511],[132.52962,34.5643],[132.53,34.56405],[132.53031,34.56385],[132.53129,34.56351],[132.53188,34.5633],[132.53232,34.56287],[132.53281,34.56209],[132.53354,34.56012],[132.53408,34.55867],[132.53387,34.55767],[132.53339,34.55683],[132.53287,34.55632],[132.53227,34.55588],[132.53236,34.55528],[132.53154,34.55461],[132.53096,34.55382]]]}},{"type":"Feature","properties":{"name":"可部町大字下町屋","setai":8,"jinko":17,"key":"341067590","units":1},"geometry":{"type":"Polygon","coordinates":[[[132.51336,34.53574],[132.51334,34.53574],[132.51326,34.53576],[132.5132,34.53587],[132.51314,34.53601],[132.51313,34.53603],[132.5131,34.53614],[132.51308,34.53622],[132.51318,34.53623],[132.51321,34.53626],[132.51323,34.53633],[132.51331,34.5365],[132.51335,34.53658],[132.51336,34.53658],[132.51354,34.53654],[132.51347,34.53627],[132.51341,34.53604],[132.51341,34.53594],[132.51339,34.53584],[132.51336,34.53576],[132.51336,34.53574]]]}},{"type":"Feature","properties":{"name":"可部町大字桐原","setai":425,"jinko":1029,"key":"341067600","units":1},"geometry":{"type":"Polygon","coordinates":[[[132.54155,34.54368],[132.54279,34.5431],[132.54288,34.54305],[132.54427,34.54224],[132.54573,34.54137],[132.54642,34.5411],[132.54678,34.54102],[132.54715,34.54099],[132.54772,34.54097],[132.54844,34.54087],[132.55022,34.54086],[132.55038,34.54081],[132.55041,34.54077],[132.55089,34.5402],[132.55208,34.53995],[132.55213,34.53994],[132.55547,34.5378],[132.55809,34.53604],[132.55808,34.53572],[132.5605,34.5347],[132.56067,34.53463],[132.5612,34.53394],[132.56172,34.53312],[132.56329,34.53268],[132.56443,34.53257],[132.56546,34.53237],[132.56649,34.53208],[132.56709,34.53239],[132.56781,34.5326],[132.56825,34.5333],[132.56918,34.53344],[132.56996,34.5337],[132.57031,34.5339],[132.57105,34.53408],[132.57322,34.53377],[132.57349,34.53426],[132.57414,34.53547],[132.57475,34.53596],[132.57546,34.53617],[132.57665,34.53606],[132.57779,34.5359],[132.58082,34.53517],[132.58082,34.53517],[132.58114,34.53533],[132.58108,34.53519],[132.58095,34.53485],[132.58064,34.53424],[132.58062,34.53421],[132.58041,34.53375],[132.58031,34.53337],[132.58024,34.533],[132.58019,34.53269],[132.57997,34.53229],[132.57974,34.53203],[132.57964,34.53173],[132.5796,34.53147],[132.57965,34.53128],[132.57992,34.53111],[132.58005,34.53103],[132.58019,34.53096],[132.58037,34.53066],[132.58049,34.53028],[132.5805,34.52996],[132.58052,34.52958],[132.58047,34.52907],[132.58049,34.52866],[132.58054,34.52825],[132.58062,34.52786],[132.58064,34.52758],[132.58065,34.52752],[132.58076,34.52716],[132.58079,34.52703],[132.58083,34.52685],[132.58065,34.52636],[132.58045,34.52614],[132.58017,34.52591],[132.58016,34.52589],[132.57986,34.52558],[132.57955,34.5253],[132.57939,34.52508],[132.57936,34.52489],[132.57935,34.52487],[132.57921,34.52466],[132.57914,34.52463],[132.57866,34.52444],[132.57844,34.52435],[132.57822,34.52426],[132.57778,34.52408],[132.5773,34.52399],[132.57665,34.52378],[132.5766,34.52377],[132.57622,34.52366],[132.57596,34.52336],[132.5757,34.52306],[132.57547,34.52282],[132.57535,34.52285],[132.5752,34.52279],[132.5752,34.52259],[132.57521,34.52233],[132.57526,34.5221],[132.57526,34.52177],[132.57508,34.52142],[132.57479,34.52104],[132.57441,34.52061],[132.57403,34.52005],[132.57364,34.51951],[132.57342,34.51919],[132.57278,34.51862],[132.57233,34.51827],[132.57197,34.51788],[132.57154,34.51758],[132.57114,34.5172],[132.57041,34.51658],[132.5697,34.51619],[132.56918,34.51601],[132.56905,34.51581],[132.569,34.51553],[132.56891,34.51515],[132.56885,34.51504],[132.56875,34.51484],[132.56841,34.51463],[132.56826,34.51433],[132.5682,34.51418],[132.56812,34.51398],[132.56769,34.51385],[132.56748,34.51379],[132.56674,34.5136],[132.56639,34.51334],[132.56618,34.51308],[132.56589,34.51268],[132.56555,34.51231],[132.56518,34.51208],[132.56459,34.51201],[132.56398,34.51203],[132.5635,34.512],[132.5632,34.51178],[132.56292,34.5116],[132.56258,34.51156],[132.5622,34.51142],[132.56135,34.51086],[132.56164,34.51064],[132.5615,34.51054],[132.56118,34.51049],[132.56101,34.51067],[132.56027,34.51048],[132.55932,34.51007],[132.55869,34.5094],[132.55839,34.50859],[132.5578,34.50758],[132.55712,34.5063],[132.55673,34.50561],[132.55641,34.50576],[132.5557,34.50587],[132.55484,34.50583],[132.5539,34.5056],[132.55325,34.50597],[132.55271,34.50618],[132.55233,34.50607],[132.55195,34.50576],[132.55136,34.50544],[132.55007,34.50503],[132.55007,34.50503],[132.55004,34.50507],[132.54957,34.50591],[132.54911,34.50645],[132.5489,34.50662],[132.54826,34.50759],[132.54878,34.5075],[132.54896,34.5077],[132.54896,34.50787],[132.54893,34.50802],[132.54884,34.50817],[132.54863,34.50832],[132.54829,34.50859],[132.54779,34.50883],[132.54767,34.50889],[132.54705,34.5092],[132.54609,34.50984],[132.54533,34.51071],[132.54447,34.5114],[132.54324,34.51237],[132.54172,34.51355],[132.54138,34.51349],[132.54126,34.51347],[132.54079,34.51343],[132.54043,34.51351],[132.54017,34.51365],[132.53992,34.51383],[132.53992,34.51383],[132.53971,34.51413],[132.53889,34.51504],[132.53883,34.51513],[132.53824,34.51595],[132.53769,34.51668],[132.53722,34.51718],[132.53682,34.51747],[132.53607,34.51796],[132.53551,34.51851],[132.53537,34.51865],[132.53491,34.51927],[132.53474,34.51965],[132.53463,34.51999],[132.53456,34.52035],[132.53452,34.52071],[132.53452,34.52095],[132.53455,34.52119],[132.53458,34.52155],[132.53459,34.52198],[132.53453,34.52241],[132.53432,34.52262],[132.53397,34.52292],[132.53352,34.52343],[132.53303,34.52397],[132.53245,34.52448],[132.53212,34.5248],[132.53198,34.52494],[132.53174,34.52513],[132.53143,34.52526],[132.53101,34.52539],[132.53046,34.52563],[132.52999,34.52584],[132.52963,34.52611],[132.52921,34.52632],[132.52867,34.52644],[132.52835,34.5265],[132.52805,34.52651],[132.52794,34.52651],[132.52743,34.52651],[132.52692,34.5265],[132.52641,34.52654],[132.52581,34.52663],[132.52525,34.52681],[132.52485,34.52703],[132.52457,34.52723],[132.52429,34.52738],[132.52427,34.52739],[132.52399,34.52744],[132.52387,34.52721],[132.52364,34.52695],[132.52333,34.52663],[132.52311,34.5264],[132.52255,34.52573],[132.52223,34.52542],[132.52218,34.52536],[132.52195,34.5251],[132.52196,34.52487],[132.52193,34.52438],[132.52196,34.52376],[132.52195,34.52334],[132.52175,34.52297],[132.52142,34.52254],[132.52118,34.52229],[132.52077,34.52208],[132.52072,34.52182],[132.52048,34.52157],[132.52023,34.52119],[132.52025,34.52061],[132.52045,34.52004],[132.52059,34.51966],[132.52073,34.51926],[132.52116,34.51927],[132.52111,34.51923],[132.52107,34.51919],[132.52105,34.51915],[132.52104,34.51913],[132.52104,34.51911],[132.52104,34.5191],[132.52103,34.51907],[132.52103,34.51905],[132.52086,34.51898],[132.52079,34.51893],[132.52048,34.51893],[132.52046,34.51884],[132.52032,34.51891],[132.52025,34.51888],[132.5202,34.51887],[132.52009,34.51887],[132.51989,34.51887],[132.51982,34.51885],[132.51971,34.51884],[132.51963,34.51884],[132.51957,34.51884],[132.5195,34.51885],[132.51945,34.51885],[132.51938,34.51887],[132.51931,34.5189],[132.51927,34.51891],[132.51923,34.51891],[132.51919,34.51891],[132.51915,34.51891],[132.51911,34.5189],[132.51908,34.51889],[132.519,34.51886],[132.51895,34.51884],[132.51889,34.51883],[132.51889,34.51883],[132.5188,34.51887],[132.51874,34.51891],[132.51866,34.51893],[132.51854,34.51895],[132.51835,34.51898],[132.5182,34.519],[132.5181,34.51903],[132.51809,34.51907],[132.51814,34.5191],[132.51818,34.51911],[132.51821,34.51913],[132.51825,34.51915],[132.51826,34.51917],[132.51825,34.51919],[132.51823,34.51923],[132.51819,34.51927],[132.51812,34.51933],[132.51802,34.51941],[132.51799,34.51943],[132.51796,34.51943],[132.51793,34.51943],[132.5179,34.51941],[132.51783,34.51939],[132.51778,34.51937],[132.51774,34.51935],[132.51768,34.51932],[132.51762,34.5193],[132.51753,34.51928],[132.51748,34.51927],[132.51741,34.51927],[132.51731,34.51922],[132.51723,34.51918],[132.51721,34.51918],[132.5172,34.51918],[132.51711,34.5192],[132.51701,34.51922],[132.51698,34.51923],[132.51695,34.51924],[132.51693,34.51926],[132.51692,34.51927],[132.51692,34.51929],[132.51692,34.51931],[132.51689,34.51934],[132.51685,34.51936],[132.51683,34.51937],[132.51681,34.51939],[132.5168,34.5194],[132.51678,34.5194],[132.51674,34.51941],[132.51673,34.51947],[132.51671,34.51957],[132.51671,34.51966],[132.51671,34.51975],[132.51671,34.51979],[132.51671,34.51985],[132.51671,34.51993],[132.5167,34.52001],[132.51669,34.52002],[132.51667,34.52004],[132.51664,34.52006],[132.51658,34.52009],[132.51656,34.5201],[132.51643,34.52015],[132.51642,34.52016],[132.51642,34.52017],[132.51642,34.52018],[132.51644,34.52024],[132.51639,34.5203],[132.51636,34.52036],[132.51635,34.5204],[132.51631,34.52044],[132.51628,34.52044],[132.51627,34.52043],[132.51616,34.52043],[132.51625,34.52047],[132.51626,34.52049],[132.51627,34.5205],[132.5163,34.52055],[132.51631,34.52059],[132.51632,34.52065],[132.51633,34.52076],[132.51633,34.52091],[132.51633,34.52116],[132.51632,34.52137],[132.51629,34.52162],[132.51629,34.52167],[132.51626,34.52191],[132.51621,34.52218],[132.51616,34.5225],[132.51615,34.52253],[132.51613,34.52268],[132.51608,34.52296],[132.51607,34.52305],[132.51606,34.52309],[132.51606,34.52311],[132.51605,34.52315],[132.51605,34.52319],[132.51604,34.52323],[132.51604,34.52327],[132.51606,34.52332],[132.51606,34.52336],[132.51606,34.52339],[132.51606,34.52342],[132.51605,34.52345],[132.51603,34.52346],[132.51602,34.52347],[132.51601,34.52351],[132.51601,34.52356],[132.51601,34.52361],[132.516,34.52364],[132.51599,34.52366],[132.51597,34.52369],[132.51597,34.52372],[132.51597,34.52373],[132.51599,34.52375],[132.516,34.52376],[132.51601,34.52379],[132.51602,34.52383],[132.51601,34.52388],[132.516,34.52398],[132.51596,34.5241],[132.51595,34.52425],[132.51593,34.52437],[132.51593,34.52441],[132.51592,34.52447],[132.51593,34.52456],[132.51593,34.52462],[132.51593,34.52465],[132.51596,34.52471],[132.516,34.52477],[132.51603,34.52486],[132.51606,34.52493],[132.51608,34.525],[132.5161,34.52505],[132.51613,34.52512],[132.51614,34.52517],[132.51613,34.5252],[132.51613,34.52523],[132.51612,34.52525],[132.51611,34.52529],[132.5161,34.52531],[132.51609,34.52534],[132.51607,34.5254],[132.51624,34.52551],[132.51624,34.52552],[132.51627,34.52557],[132.5163,34.52564],[132.51633,34.52571],[132.51636,34.52577],[132.5164,34.52588],[132.51641,34.52593],[132.51641,34.52597],[132.51643,34.52603],[132.51645,34.52611],[132.51646,34.52614],[132.51648,34.52617],[132.5165,34.5262],[132.51652,34.52624],[132.51655,34.52627],[132.51657,34.52629],[132.51659,34.52631],[132.51661,34.52633],[132.51664,34.52635],[132.51666,34.52639],[132.5167,34.52644],[132.51672,34.52648],[132.51672,34.52652],[132.5167,34.52653],[132.5167,34.52654],[132.51668,34.52657],[132.51667,34.52659],[132.51665,34.52662],[132.51663,34.52666],[132.51662,34.52668],[132.51662,34.5267],[132.51663,34.52672],[132.51664,34.52674],[132.51664,34.52676],[132.51666,34.52678],[132.51668,34.52682],[132.51669,34.52685],[132.51671,34.52688],[132.51673,34.52693],[132.51674,34.52698],[132.51677,34.52703],[132.5168,34.52708],[132.51682,34.52712],[132.51685,34.52716],[132.51688,34.52718],[132.51692,34.52721],[132.51696,34.52723],[132.51701,34.52724],[132.51686,34.52741],[132.51693,34.52744],[132.51712,34.52759],[132.51714,34.52761],[132.51747,34.52787],[132.51762,34.52803],[132.51761,34.52804],[132.51778,34.52818],[132.51785,34.52824],[132.51814,34.52852],[132.51818,34.52859],[132.51821,34.52864],[132.51825,34.52866],[132.5183,34.52867],[132.51832,34.52868],[132.51837,34.5287],[132.51838,34.5287],[132.51851,34.52875],[132.5189,34.52893],[132.51903,34.52905],[132.51914,34.52918],[132.51925,34.52933],[132.5194,34.52948],[132.51961,34.52966],[132.51984,34.52983],[132.52011,34.53002],[132.52028,34.53015],[132.5204,34.53025],[132.52056,34.53048],[132.52072,34.53069],[132.52082,34.53083],[132.52088,34.53096],[132.52095,34.53111],[132.52096,34.53112],[132.52137,34.53165],[132.52141,34.5317],[132.52141,34.53179],[132.5214,34.53186],[132.52134,34.5319],[132.52128,34.53194],[132.52117,34.53198],[132.52135,34.53226],[132.52178,34.53223],[132.52185,34.53228],[132.52194,34.53241],[132.52195,34.53242],[132.52206,34.53256],[132.52219,34.53271],[132.52227,34.53279],[132.52234,34.53283],[132.52253,34.53293],[132.52259,34.53302],[132.52267,34.53313],[132.5228,34.53328],[132.52296,34.53345],[132.52315,34.5336],[132.52332,34.53377],[132.52346,34.53388],[132.52354,34.53392],[132.52366,34.53397],[132.52373,34.53401],[132.52374,34.53402],[132.52386,34.53409],[132.52383,34.53414],[132.52384,34.53415],[132.52388,34.53412],[132.52398,34.53414],[132.52409,34.53419],[132.52415,34.53432],[132.52416,34.53439],[132.52416,34.53446],[132.5244,34.53452],[132.52449,34.53446],[132.52461,34.53456],[132.52481,34.53459],[132.52517,34.53456],[132.5255,34.53447],[132.52561,34.5344],[132.5258,34.53433],[132.52612,34.53415],[132.52643,34.53398],[132.52668,34.53387],[132.52689,34.53381],[132.52717,34.53366],[132.52743,34.53346],[132.52744,34.53345],[132.52746,34.53344],[132.5277,34.53328],[132.52777,34.53322],[132.52779,34.53317],[132.5278,34.53313],[132.5278,34.5331],[132.5278,34.533],[132.5278,34.53297],[132.52786,34.53271],[132.52787,34.53266],[132.52789,34.53244],[132.52774,34.53235],[132.52763,34.53228],[132.52757,34.53224],[132.52751,34.53217],[132.52748,34.53207],[132.52747,34.53201],[132.52733,34.53172],[132.52729,34.53166],[132.52723,34.5316],[132.52713,34.53153],[132.52697,34.53139],[132.52697,34.53136],[132.52728,34.53138],[132.52725,34.53132],[132.52722,34.53126],[132.52719,34.5312],[132.52716,34.53115],[132.52705,34.53069],[132.52708,34.53069],[132.52712,34.5307],[132.52731,34.53073],[132.5275,34.53073],[132.52767,34.53067],[132.52768,34.53082],[132.52773,34.53098],[132.52776,34.53105],[132.5278,34.53115],[132.52782,34.53117],[132.52786,34.5312],[132.5279,34.53122],[132.52796,34.53124],[132.52801,34.53128],[132.52808,34.53133],[132.52816,34.53142],[132.52829,34.53167],[132.52838,34.53194],[132.52844,34.53208],[132.52848,34.53217],[132.52849,34.53218],[132.52855,34.53224],[132.52861,34.53228],[132.52876,34.53239],[132.52882,34.53241],[132.52887,34.53241],[132.52894,34.53239],[132.52901,34.53232],[132.52913,34.53217],[132.52913,34.53216],[132.52936,34.53197],[132.52968,34.53175],[132.52977,34.53165],[132.52983,34.53154],[132.52983,34.5314],[132.52979,34.53129],[132.52974,34.53112],[132.52968,34.53096],[132.52966,34.53089],[132.52968,34.53076],[132.52972,34.53061],[132.52977,34.53048],[132.5298,34.5304],[132.53001,34.53068],[132.53001,34.53068],[132.53006,34.5308],[132.53015,34.53105],[132.5302,34.53129],[132.53029,34.53156],[132.53025,34.53173],[132.53021,34.53177],[132.53018,34.53191],[132.53019,34.5321],[132.53022,34.53219],[132.53024,34.53223],[132.53026,34.5323],[132.53029,34.53241],[132.53031,34.53245],[132.53051,34.53288],[132.53075,34.533],[132.53094,34.5332],[132.53106,34.53328],[132.53126,34.5332],[132.53129,34.53318],[132.53145,34.5331],[132.53182,34.53334],[132.5321,34.53337],[132.53223,34.53346],[132.53264,34.53361],[132.53281,34.53357],[132.533,34.53375],[132.53302,34.53384],[132.53294,34.53394],[132.53288,34.53399],[132.53284,34.53402],[132.53295,34.53413],[132.53308,34.53417],[132.53325,34.53413],[132.53335,34.53408],[132.53353,34.53429],[132.53333,34.53428],[132.53316,34.53434],[132.53294,34.53444],[132.53271,34.53455],[132.53252,34.5346],[132.53229,34.53468],[132.53211,34.53478],[132.53196,34.53483],[132.53171,34.53493],[132.53153,34.53506],[132.53135,34.53516],[132.53124,34.53508],[132.53106,34.53519],[132.53088,34.53527],[132.53079,34.53529],[132.53111,34.53578],[132.53112,34.53579],[132.53124,34.53592],[132.53135,34.53602],[132.53142,34.53615],[132.53138,34.53623],[132.5312,34.53625],[132.53102,34.53622],[132.53083,34.53616],[132.53068,34.53605],[132.53058,34.53591],[132.53048,34.53578],[132.53038,34.53573],[132.53022,34.53571],[132.53009,34.53572],[132.53013,34.53555],[132.53023,34.53548],[132.53024,34.53547],[132.53033,34.53534],[132.53031,34.53535],[132.53014,34.53535],[132.53008,34.5355],[132.52999,34.53568],[132.52992,34.53587],[132.52984,34.53596],[132.52972,34.53603],[132.52961,34.53605],[132.52956,34.53615],[132.52946,34.53625],[132.5293,34.53632],[132.52913,34.53631],[132.529,34.53627],[132.52899,34.53627],[132.52863,34.53633],[132.52854,34.53634],[132.52838,34.53635],[132.52822,34.53648],[132.52841,34.53648],[132.52803,34.53731],[132.52834,34.53736],[132.52837,34.53759],[132.52838,34.53764],[132.52817,34.53763],[132.5282,34.53766],[132.52823,34.53767],[132.52834,34.53775],[132.52839,34.5378],[132.52848,34.53788],[132.52858,34.53796],[132.52866,34.53803],[132.52876,34.53808],[132.5288,34.53806],[132.52886,34.53811],[132.52883,34.53814],[132.52882,34.53816],[132.52884,34.53819],[132.5289,34.53824],[132.52895,34.53826],[132.52901,34.53828],[132.5291,34.53828],[132.52911,34.53828],[132.52913,34.53828],[132.52921,34.53829],[132.52932,34.5383],[132.52962,34.5383],[132.5297,34.53829],[132.52979,34.53829],[132.52985,34.53831],[132.52994,34.53835],[132.53009,34.53843],[132.53026,34.53854],[132.5304,34.53859],[132.53043,34.53861],[132.53063,34.53874],[132.53081,34.53883],[132.53086,34.53891],[132.53088,34.53898],[132.53088,34.53913],[132.53088,34.53913],[132.53092,34.53913],[132.53095,34.53906],[132.53104,34.53903],[132.5311,34.53901],[132.53122,34.53903],[132.53134,34.53908],[132.53142,34.5391],[132.53148,34.5391],[132.53156,34.53909],[132.53163,34.53911],[132.53171,34.53916],[132.53174,34.5392],[132.53176,34.53926],[132.53185,34.53924],[132.53191,34.53929],[132.53192,34.53931],[132.53199,34.53932],[132.532,34.53937],[132.53216,34.53947],[132.53228,34.53953],[132.53231,34.53954],[132.53237,34.53958],[132.53246,34.53972],[132.53298,34.53969],[132.53307,34.53968],[132.53313,34.53966],[132.53321,34.53965],[132.53329,34.53962],[132.53336,34.53958],[132.53343,34.53955],[132.53345,34.53953],[132.53371,34.53937],[132.53386,34.53929],[132.53386,34.53929],[132.53388,34.53927],[132.53405,34.53916],[132.53427,34.53903],[132.53446,34.53896],[132.53457,34.53893],[132.53461,34.53892],[132.53475,34.53888],[132.53492,34.53884],[132.53498,34.53887],[132.53509,34.53883],[132.53518,34.5388],[132.53533,34.53879],[132.5355,34.53899],[132.53532,34.53914],[132.53527,34.5392],[132.53522,34.53928],[132.53515,34.53935],[132.53503,34.53945],[132.53492,34.5395],[132.53479,34.53954],[132.53495,34.5397],[132.53494,34.53973],[132.53489,34.53979],[132.5348,34.53984],[132.53473,34.53985],[132.53464,34.53984],[132.53453,34.53978],[132.53446,34.53985],[132.53453,34.53992],[132.53443,34.54008],[132.53435,34.54019],[132.53425,34.5403],[132.53418,34.54035],[132.53413,34.54038],[132.53408,34.54041],[132.53389,34.54058],[132.53381,34.54065],[132.53399,34.54095],[132.53406,34.54104],[132.53419,34.54115],[132.53425,34.54126],[132.53428,34.54141],[132.53433,34.54153],[132.53442,34.54154],[132.53446,34.54157],[132.53448,34.54168],[132.53447,34.54177],[132.5345,34.54179],[132.53464,34.54178],[132.53468,34.54187],[132.53473,34.54203],[132.53466,34.5422],[132.53481,34.54229],[132.53501,34.54242],[132.53508,34.54251],[132.53512,34.5426],[132.53515,34.54269],[132.53515,34.54269],[132.53514,34.54284],[132.53532,34.54292],[132.5357,34.54305],[132.53571,34.54304],[132.53574,34.54303],[132.53585,34.543],[132.53598,34.54293],[132.53603,34.5429],[132.53609,34.543],[132.53635,34.54331],[132.53642,34.54329],[132.5365,34.54355],[132.53616,34.54352],[132.5361,34.54351],[132.53591,34.54354],[132.5361,34.54382],[132.53647,34.54431],[132.53675,34.54469],[132.53715,34.5452],[132.53733,34.54541],[132.5375,34.54561],[132.53813,34.54532],[132.5388,34.54502],[132.54006,34.54444],[132.54009,34.54442],[132.54155,34.54368]],[[132.54952,34.54048],[132.54951,34.54046],[132.54943,34.54045],[132.5494,34.54043],[132.54932,34.54036],[132.54927,34.54032],[132.54921,34.54025],[132.54912,34.54019],[132.54892,34.54008],[132.54874,34.54011],[132.54854,34.54014],[132.54845,34.54017],[132.54831,34.54022],[132.54815,34.54022],[132.54808,34.54021],[132.54796,34.54022],[132.54783,34.54024],[132.54773,34.54026],[132.54761,34.54028],[132.54748,34.5403],[132.54736,34.54032],[132.54722,34.54032],[132.54687,34.54045],[132.54677,34.54044],[132.54669,34.54044],[132.54669,34.54046],[132.54661,34.54045],[132.54655,34.54045],[132.5465,34.54047],[132.5463,34.54032],[132.54626,34.5403],[132.54592,34.54023],[132.54589,34.54029],[132.54582,34.54034],[132.54572,34.54034],[132.54558,34.54032],[132.54544,34.54028],[132.54538,34.54023],[132.54533,34.54017],[132.54527,34.54006],[132.54524,34.53999],[132.5452,34.53991],[132.5452,34.53983],[132.54507,34.53962],[132.54517,34.53956],[132.54521,34.53954],[132.54516,34.53954],[132.54473,34.53952],[132.54432,34.53956],[132.5443,34.53956],[132.54412,34.53955],[132.54366,34.53941],[132.54371,34.53931],[132.54363,34.53923],[132.54381,34.53896],[132.54385,34.53877],[132.54383,34.53866],[132.54376,34.53855],[132.5437,34.53846],[132.54368,34.53843],[132.54366,34.53839],[132.54368,34.53833],[132.54386,34.5383],[132.54396,34.53829],[132.54418,34.53826],[132.54449,34.53819],[132.54474,34.53817],[132.54506,34.53816],[132.54535,34.5382],[132.54541,34.53808],[132.54542,34.53808],[132.54542,34.53806],[132.54545,34.53799],[132.5455,34.53793],[132.54555,34.53792],[132.5456,34.53792],[132.54566,34.53792],[132.54575,34.53794],[132.54584,34.53798],[132.5459,34.53794],[132.54579,34.53753],[132.54593,34.53724],[132.54588,34.53721],[132.54598,34.53691],[132.54599,34.53684],[132.54601,34.53674],[132.54603,34.5366],[132.54592,34.53653],[132.54579,34.53646],[132.54564,34.53637],[132.54546,34.53619],[132.54536,34.5361],[132.5453,34.53608],[132.54524,34.53607],[132.54513,34.53615],[132.54506,34.5362],[132.54483,34.53634],[132.54477,34.53581],[132.54471,34.53574],[132.54468,34.5357],[132.54461,34.53575],[132.54453,34.53583],[132.54447,34.53584],[132.54439,34.53584],[132.54433,34.53585],[132.54423,34.53591],[132.54408,34.53604],[132.544,34.53609],[132.54395,34.5361],[132.54382,34.53616],[132.54374,34.53617],[132.54364,34.53621],[132.54356,34.53625],[132.5435,34.53628],[132.54344,34.5363],[132.54337,34.53631],[132.54331,34.53631],[132.54326,34.53635],[132.54321,34.53637],[132.54315,34.53638],[132.54312,34.53639],[132.54311,34.53643],[132.54307,34.53652],[132.54305,34.53657],[132.54298,34.53664],[132.54282,34.53673],[132.54278,34.53681],[132.54273,34.53686],[132.54266,34.53691],[132.54262,34.53692],[132.54259,34.53693],[132.54256,34.53699],[132.54253,34.53704],[132.54249,34.53707],[132.54247,34.53712],[132.54247,34.53719],[132.54246,34.53723],[132.54244,34.53728],[132.54238,34.53735],[132.54235,34.53743],[132.54223,34.53756],[132.54215,34.53762],[132.54205,34.5377],[132.54181,34.53787],[132.54171,34.53786],[132.54141,34.53791],[132.54119,34.53794],[132.54099,34.53794],[132.54089,34.53796],[132.5407,34.53801],[132.54057,34.53795],[132.54047,34.53798],[132.54043,34.53792],[132.54034,34.53782],[132.54002,34.53757],[132.53974,34.53736],[132.53969,34.5373],[132.53966,34.53727],[132.53966,34.53721],[132.53967,34.53709],[132.53968,34.537],[132.53971,34.53692],[132.53973,34.53681],[132.53976,34.53672],[132.53978,34.53664],[132.53981,34.53657],[132.53985,34.53652],[132.53989,34.53647],[132.53997,34.53642],[132.54002,34.53637],[132.54003,34.53636],[132.54008,34.5363],[132.54005,34.53629],[132.54002,34.53629],[132.53999,34.53629],[132.5399,34.5363],[132.53982,34.53633],[132.53968,34.53639],[132.53965,34.53639],[132.53962,34.5364],[132.53962,34.5364],[132.53946,34.53621],[132.5391,34.53577],[132.53906,34.53572],[132.53884,34.53565],[132.5388,34.53569],[132.5382,34.53622],[132.53833,34.53632],[132.53824,34.53639],[132.53819,34.53649],[132.53815,34.53654],[132.53815,34.53655],[132.53811,34.53659],[132.53811,34.53659],[132.53808,34.53663],[132.53797,34.53671],[132.53785,34.53678],[132.53781,34.53681],[132.53773,34.53686],[132.53765,34.53691],[132.53764,34.53691],[132.53752,34.537],[132.53745,34.53702],[132.53741,34.53703],[132.53737,34.53704],[132.53733,34.53704],[132.53726,34.53704],[132.53723,34.53705],[132.53717,34.53708],[132.5371,34.53712],[132.53705,34.53716],[132.53695,34.53703],[132.53689,34.53703],[132.53684,34.53704],[132.53678,34.53703],[132.53673,34.537],[132.53662,34.53697],[132.53659,34.53694],[132.53654,34.53689],[132.53652,34.53684],[132.53644,34.53669],[132.53614,34.5368],[132.53629,34.53711],[132.53625,34.53728],[132.53621,34.53742],[132.5362,34.53759],[132.53619,34.53765],[132.53617,34.53768],[132.53609,34.53776],[132.53594,34.53781],[132.53589,34.53782],[132.53586,34.53783],[132.53581,34.53784],[132.53576,34.53783],[132.53569,34.53781],[132.53563,34.53778],[132.53555,34.53774],[132.53547,34.5377],[132.5354,34.53764],[132.53533,34.53759],[132.53527,34.53754],[132.5352,34.5375],[132.53514,34.53747],[132.5351,34.53744],[132.53502,34.53744],[132.53494,34.53743],[132.53491,34.53742],[132.53485,34.53741],[132.53479,34.53738],[132.53473,34.53735],[132.53468,34.53732],[132.53463,34.5373],[132.53463,34.53729],[132.53461,34.53726],[132.5346,34.53722],[132.53461,34.53718],[132.53462,34.53714],[132.53464,34.53707],[132.53465,34.53702],[132.53467,34.53697],[132.5347,34.53691],[132.53472,34.53688],[132.53475,34.53684],[132.53476,34.53683],[132.5348,34.53681],[132.53484,34.53679],[132.53487,34.53676],[132.53488,34.53673],[132.53487,34.53669],[132.53485,34.53664],[132.5348,34.53662],[132.53473,34.53659],[132.53465,34.53655],[132.53457,34.53651],[132.53449,34.53645],[132.53444,34.53639],[132.53442,34.53634],[132.53439,34.53628],[132.53433,34.53619],[132.53428,34.53608],[132.53423,34.536],[132.53419,34.53593],[132.53417,34.53585],[132.53414,34.53576],[132.53412,34.53569],[132.53409,34.53563],[132.53408,34.53557],[132.53409,34.53551],[132.53412,34.53546],[132.53416,34.53541],[132.5342,34.53536],[132.53425,34.53532],[132.53433,34.53522],[132.53447,34.53512],[132.53458,34.53502],[132.53461,34.53497],[132.53466,34.53492],[132.53471,34.53489],[132.53473,34.53488],[132.53477,34.53483],[132.53477,34.53479],[132.53477,34.53478],[132.5348,34.53474],[132.53484,34.53469],[132.53499,34.53472],[132.53518,34.53475],[132.53534,34.53473],[132.53547,34.53469],[132.53561,34.53465],[132.53575,34.53462],[132.53587,34.53465],[132.53604,34.53483],[132.53605,34.53483],[132.53609,34.53475],[132.53616,34.53476],[132.53621,34.53476],[132.53626,34.53474],[132.53632,34.5347],[132.53635,34.53465],[132.53637,34.53461],[132.5364,34.53454],[132.53656,34.53455],[132.53659,34.53463],[132.53732,34.53454],[132.53739,34.53448],[132.53787,34.53437],[132.53816,34.53453],[132.53813,34.53445],[132.53802,34.53413],[132.5381,34.5341],[132.5382,34.53406],[132.53838,34.53416],[132.53838,34.53405],[132.53838,34.53374],[132.53838,34.53363],[132.53838,34.53357],[132.53826,34.53317],[132.53825,34.53309],[132.53825,34.53305],[132.53834,34.53292],[132.53844,34.53296],[132.53846,34.53297],[132.5385,34.53299],[132.53855,34.53303],[132.53858,34.53307],[132.53866,34.53308],[132.5387,34.53308],[132.53872,34.53305],[132.53871,34.53302],[132.53867,34.53293],[132.5386,34.53284],[132.53857,34.53274],[132.53857,34.53268],[132.53862,34.53264],[132.53872,34.53264],[132.53875,34.53261],[132.53873,34.53255],[132.53871,34.53251],[132.5387,34.53246],[132.53871,34.53208],[132.53872,34.53193],[132.53874,34.53188],[132.53875,34.5318],[132.53879,34.53182],[132.53881,34.53184],[132.53889,34.53192],[132.53902,34.53198],[132.53906,34.53196],[132.53911,34.53193],[132.53915,34.53191],[132.53918,34.53182],[132.53919,34.53177],[132.53924,34.53173],[132.53928,34.53171],[132.53934,34.53172],[132.53942,34.5318],[132.53956,34.53203],[132.53958,34.53206],[132.53962,34.5321],[132.53968,34.53211],[132.53973,34.5321],[132.53974,34.53208],[132.53978,34.53205],[132.53982,34.53202],[132.53987,34.53194],[132.53999,34.53176],[132.54008,34.5316],[132.54012,34.53153],[132.54015,34.53138],[132.54021,34.53132],[132.54028,34.53132],[132.54038,34.53134],[132.54048,34.5314],[132.54054,34.53142],[132.54058,34.53142],[132.54062,34.53141],[132.54064,34.53139],[132.54077,34.53128],[132.54081,34.53124],[132.54088,34.53124],[132.54093,34.53125],[132.54103,34.53129],[132.5412,34.53136],[132.54125,34.53147],[132.5413,34.53159],[132.54133,34.53163],[132.54136,34.53165],[132.54141,34.53167],[132.54157,34.5317],[132.54172,34.53171],[132.54191,34.53175],[132.54206,34.53178],[132.54214,34.53178],[132.54216,34.53178],[132.54219,34.53178],[132.5423,34.53174],[132.54244,34.53169],[132.5425,34.53166],[132.5426,34.53167],[132.54269,34.5317],[132.54273,34.53172],[132.54281,34.53176],[132.54292,34.53181],[132.543,34.53183],[132.54306,34.53184],[132.54311,34.53184],[132.54313,34.53186],[132.54313,34.53188],[132.54312,34.53191],[132.54307,34.53215],[132.54307,34.53217],[132.54317,34.53216],[132.5433,34.53216],[132.54333,34.53216],[132.54342,34.53218],[132.54361,34.5322],[132.54376,34.5322],[132.54383,34.53223],[132.5439,34.53229],[132.54402,34.53235],[132.54414,34.53237],[132.54418,34.5324],[132.54421,34.53244],[132.54423,34.53247],[132.54426,34.53261],[132.54431,34.53271],[132.5444,34.5328],[132.54442,34.53278],[132.54442,34.53275],[132.54441,34.53269],[132.5447,34.53266],[132.54483,34.53262],[132.54488,34.5326],[132.54494,34.53255],[132.54498,34.53248],[132.54501,34.53247],[132.54503,34.53246],[132.54512,34.53246],[132.54521,34.53246],[132.54534,34.53246],[132.54539,34.53249],[132.54548,34.53254],[132.54556,34.53261],[132.54563,34.53266],[132.54574,34.5327],[132.54578,34.53276],[132.54579,34.53282],[132.54579,34.53289],[132.54575,34.53296],[132.54571,34.53304],[132.54565,34.53315],[132.54562,34.53319],[132.54577,34.5333],[132.54582,34.53335],[132.54589,34.53344],[132.54613,34.53363],[132.54631,34.53375],[132.54638,34.53379],[132.54643,34.53384],[132.54645,34.53391],[132.54645,34.534],[132.54644,34.53413],[132.5465,34.53412],[132.54659,34.53411],[132.54664,34.5341],[132.5467,34.5341],[132.54684,34.53413],[132.547,34.53417],[132.5471,34.53421],[132.54712,34.53425],[132.54711,34.53431],[132.54709,34.53437],[132.5472,34.53449],[132.54729,34.53443],[132.54744,34.53435],[132.54751,34.53431],[132.54757,34.53426],[132.54765,34.53422],[132.54779,34.53412],[132.54783,34.5341],[132.54789,34.5341],[132.54798,34.53413],[132.54801,34.53416],[132.54806,34.5342],[132.5481,34.53423],[132.54817,34.53427],[132.54821,34.53429],[132.54824,34.53432],[132.54834,34.53431],[132.54846,34.5343],[132.54852,34.53431],[132.54856,34.53429],[132.5486,34.53427],[132.54865,34.53425],[132.54894,34.53392],[132.54902,34.53404],[132.54907,34.53411],[132.54915,34.53417],[132.54927,34.53428],[132.54937,34.53432],[132.54938,34.53424],[132.54939,34.5342],[132.54944,34.53402],[132.5495,34.53398],[132.54959,34.53397],[132.54968,34.534],[132.54973,34.53404],[132.54974,34.53406],[132.54979,34.53412],[132.54984,34.53419],[132.54995,34.5343],[132.55002,34.53435],[132.55008,34.53441],[132.55008,34.53441],[132.55012,34.53446],[132.55014,34.5345],[132.55016,34.53453],[132.55019,34.53459],[132.55025,34.53469],[132.55028,34.53472],[132.55031,34.53475],[132.55038,34.5348],[132.55044,34.53485],[132.55051,34.53499],[132.55033,34.53507],[132.55047,34.53506],[132.55054,34.53508],[132.55061,34.53512],[132.55065,34.53516],[132.55061,34.53518],[132.55058,34.53522],[132.55055,34.53524],[132.55052,34.53528],[132.5505,34.53541],[132.55066,34.53549],[132.55076,34.53552],[132.55117,34.53563],[132.55109,34.53597],[132.55116,34.53594],[132.55121,34.53597],[132.55123,34.536],[132.55125,34.53606],[132.55126,34.53614],[132.55132,34.53621],[132.55139,34.53624],[132.55145,34.53628],[132.55146,34.53631],[132.55145,34.53635],[132.55142,34.53642],[132.55141,34.53644],[132.5514,34.53646],[132.55137,34.53651],[132.55146,34.53648],[132.55159,34.53643],[132.55163,34.53641],[132.55171,34.53638],[132.55175,34.53637],[132.552,34.53626],[132.5522,34.53616],[132.55227,34.53619],[132.55253,34.53639],[132.55256,34.53643],[132.55256,34.53644],[132.55249,34.53652],[132.55208,34.53673],[132.55221,34.53696],[132.55245,34.53706],[132.55245,34.5371],[132.55241,34.53716],[132.55227,34.53735],[132.55229,34.53739],[132.55235,34.5374],[132.55261,34.53726],[132.55265,34.53725],[132.55267,34.53726],[132.55271,34.53742],[132.55273,34.53754],[132.55274,34.53757],[132.55275,34.53762],[132.55277,34.53767],[132.55279,34.53772],[132.55282,34.53777],[132.55286,34.53781],[132.5529,34.53785],[132.55292,34.53788],[132.55295,34.53789],[132.55297,34.5379],[132.553,34.5379],[132.55305,34.53789],[132.55308,34.53787],[132.5531,34.53784],[132.55313,34.53781],[132.55321,34.53777],[132.55327,34.53776],[132.55334,34.53776],[132.5534,34.53779],[132.55345,34.53783],[132.55348,34.53786],[132.55349,34.53787],[132.55351,34.53794],[132.55353,34.53793],[132.55361,34.53795],[132.55367,34.538],[132.55372,34.53807],[132.55363,34.53817],[132.55358,34.53822],[132.55356,34.53828],[132.55361,34.5384],[132.55355,34.53844],[132.5535,34.53847],[132.55345,34.53855],[132.55339,34.53862],[132.55321,34.53874],[132.55308,34.53886],[132.55302,34.53892],[132.55298,34.539],[132.55295,34.53915],[132.55299,34.53933],[132.55292,34.53936],[132.55282,34.53938],[132.55274,34.53938],[132.55266,34.53944],[132.55257,34.53947],[132.55244,34.5395],[132.55235,34.5395],[132.55222,34.53946],[132.5521,34.53944],[132.55201,34.53944],[132.55185,34.53947],[132.55171,34.53954],[132.5514,34.53968],[132.55139,34.53976],[132.55136,34.53984],[132.55126,34.53988],[132.55119,34.53986],[132.55103,34.53979],[132.55095,34.53986],[132.55084,34.53987],[132.55066,34.5399],[132.55057,34.53993],[132.55051,34.53998],[132.55048,34.54008],[132.55047,34.54016],[132.55048,34.54029],[132.54994,34.54059],[132.5499,34.54058],[132.54982,34.54057],[132.54975,34.54055],[132.54965,34.54052],[132.54952,34.54048]]]}},{"type":"Feature","properties":{"name":"可部町大字南原","setai":330,"jinko":719,"key":"341067610","units":1},"geometry":{"type":"Polygon","coordinates":[[[132.52141,34.60654],[132.52202,34.6064],[132.52319,34.60663],[132.52392,34.60691],[132.52456,34.60673],[132.52458,34.6067],[132.52485,34.60611],[132.5249,34.606],[132.52511,34.6056],[132.52525,34.60533],[132.52549,34.60494],[132.52559,34.60477],[132.52578,34.60426],[132.52631,34.60374],[132.52638,34.60336],[132.5264,34.60324],[132.52644,34.60304],[132.52648,34.60299],[132.52674,34.60264],[132.52727,34.60201],[132.5277,34.60171],[132.52866,34.60131],[132.52794,34.60086],[132.52761,34.60037],[132.52773,34.59985],[132.52787,34.59927],[132.52787,34.59884],[132.52771,34.59838],[132.52864,34.59803],[132.52873,34.59795],[132.52927,34.59749],[132.52929,34.59747],[132.52984,34.59669],[132.53019,34.59605],[132.53033,34.59566],[132.53045,34.59531],[132.53047,34.59524],[132.53063,34.59457],[132.53076,34.59435],[132.53091,34.59411],[132.53149,34.5939],[132.53156,34.59388],[132.53164,34.5939],[132.53213,34.59402],[132.53237,34.59408],[132.53246,34.59422],[132.5325,34.59429],[132.53266,34.59463],[132.53269,34.59462],[132.5327,34.59463],[132.53281,34.59459],[132.53283,34.59458],[132.53323,34.59444],[132.53334,34.5944],[132.53374,34.59372],[132.53356,34.5932],[132.53353,34.59315],[132.53343,34.59287],[132.53308,34.59235],[132.53305,34.5923],[132.53295,34.59208],[132.53271,34.59157],[132.53272,34.59123],[132.53272,34.59121],[132.53273,34.59087],[132.53218,34.59024],[132.53151,34.58912],[132.53122,34.58834],[132.53122,34.58833],[132.53133,34.58789],[132.53204,34.58749],[132.53278,34.58727],[132.53334,34.58711],[132.53367,34.58668],[132.53375,34.58658],[132.5338,34.58651],[132.53417,34.58603],[132.53481,34.58542],[132.53543,34.58484],[132.53551,34.58477],[132.53543,34.58465],[132.53189,34.57944],[132.53127,34.57847],[132.53091,34.5779],[132.52951,34.57626],[132.52848,34.57518],[132.52712,34.57349],[132.52627,34.57257],[132.52468,34.57086],[132.52344,34.5695],[132.52235,34.56843],[132.5211,34.56725],[132.5208,34.56696],[132.51992,34.5661],[132.5179,34.56455],[132.5174,34.56412],[132.51692,34.56395],[132.5162,34.56385],[132.51552,34.56375],[132.51478,34.5636],[132.51519,34.56233],[132.51624,34.55912],[132.51625,34.55892],[132.51618,34.5588],[132.51597,34.55852],[132.51577,34.55827],[132.51567,34.55811],[132.5156,34.55793],[132.5156,34.55779],[132.51615,34.55689],[132.51626,34.55665],[132.5163,34.55641],[132.51634,34.55613],[132.51634,34.5552],[132.51588,34.55419],[132.51576,34.55386],[132.51577,34.55362],[132.51565,34.55362],[132.51569,34.55322],[132.51573,34.55304],[132.51579,34.55288],[132.51562,34.55287],[132.5156,34.55289],[132.51537,34.55287],[132.51537,34.55275],[132.51537,34.55262],[132.5154,34.55246],[132.5154,34.55244],[132.51543,34.55233],[132.51545,34.55228],[132.51571,34.55176],[132.5159,34.55137],[132.51593,34.55126],[132.51593,34.55125],[132.51597,34.55114],[132.51556,34.5511],[132.51557,34.55104],[132.51561,34.55101],[132.51563,34.55099],[132.51565,34.55097],[132.51566,34.5509],[132.51569,34.5508],[132.51573,34.55075],[132.51586,34.55072],[132.51601,34.55064],[132.51613,34.55059],[132.51623,34.55052],[132.51628,34.55046],[132.51639,34.55029],[132.51659,34.55034],[132.51661,34.55032],[132.51661,34.55006],[132.51661,34.54986],[132.51662,34.54965],[132.51661,34.54946],[132.51657,34.54933],[132.51654,34.54922],[132.5165,34.54909],[132.51645,34.54895],[132.51639,34.5488],[132.51632,34.54859],[132.51627,34.54845],[132.51623,34.54828],[132.5162,34.54813],[132.51621,34.54774],[132.5162,34.54773],[132.51626,34.54738],[132.51627,34.54681],[132.51625,34.5467],[132.5162,34.54652],[132.51617,34.5464],[132.51607,34.54623],[132.51598,34.54601],[132.51584,34.54565],[132.51586,34.54532],[132.51584,34.5451],[132.51584,34.54482],[132.5159,34.54445],[132.51592,34.54385],[132.51605,34.54313],[132.51605,34.54305],[132.51599,34.54306],[132.51549,34.54303],[132.51545,34.54323],[132.5151,34.54319],[132.51513,34.54308],[132.51518,34.54291],[132.5152,34.54278],[132.51532,34.54277],[132.51526,34.54245],[132.5153,34.54219],[132.51544,34.54222],[132.5157,34.54219],[132.51572,34.54218],[132.51587,34.54215],[132.51595,34.54213],[132.51595,34.54213],[132.51582,34.54192],[132.51559,34.54157],[132.51551,34.54147],[132.51539,34.54161],[132.51534,34.54168],[132.51528,34.54173],[132.51519,34.54177],[132.51511,34.54182],[132.51504,34.54185],[132.51495,34.54185],[132.51493,34.54166],[132.51486,34.54138],[132.51489,34.54124],[132.51488,34.54111],[132.51517,34.54101],[132.51493,34.5407],[132.51413,34.53969],[132.514,34.54],[132.51396,34.54006],[132.51393,34.5401],[132.51389,34.54013],[132.51387,34.54014],[132.51382,34.54016],[132.5137,34.54019],[132.51357,34.54021],[132.51347,34.54023],[132.51337,34.54022],[132.51323,34.54022],[132.51316,34.54021],[132.51312,34.54021],[132.51303,34.5402],[132.51292,34.54018],[132.51282,34.54017],[132.51273,34.54016],[132.51264,34.54019],[132.51254,34.5402],[132.51246,34.54022],[132.51242,34.54018],[132.51233,34.54021],[132.51224,34.54029],[132.51223,34.54036],[132.51221,34.54045],[132.51223,34.54057],[132.51219,34.5407],[132.51211,34.5408],[132.51205,34.54091],[132.51205,34.54104],[132.51213,34.54112],[132.51224,34.54121],[132.51228,34.5413],[132.51229,34.5414],[132.51224,34.54148],[132.51211,34.5417],[132.51206,34.54179],[132.512,34.54194],[132.51202,34.54208],[132.51202,34.5421],[132.51202,34.54223],[132.51181,34.54258],[132.51213,34.54258],[132.5124,34.54322],[132.5122,34.54347],[132.51198,34.54335],[132.51154,34.54345],[132.51126,34.54355],[132.51114,34.54371],[132.51115,34.54379],[132.51132,34.54389],[132.51132,34.5441],[132.51132,34.5442],[132.51126,34.54424],[132.51113,34.54425],[132.51106,34.54438],[132.51161,34.54456],[132.5116,34.54471],[132.51166,34.54479],[132.51165,34.54483],[132.51164,34.54533],[132.51163,34.54557],[132.51161,34.54567],[132.51146,34.54595],[132.51139,34.54613],[132.51138,34.54629],[132.51139,34.54635],[132.51145,34.54652],[132.51154,34.54665],[132.51164,34.54688],[132.51168,34.54702],[132.51155,34.54743],[132.51154,34.54807],[132.51159,34.54867],[132.51164,34.54897],[132.51164,34.54899],[132.51163,34.54914],[132.51167,34.54926],[132.51169,34.54931],[132.51176,34.54944],[132.51184,34.54963],[132.51188,34.54992],[132.51188,34.54996],[132.51194,34.55013],[132.51214,34.55093],[132.51231,34.55126],[132.51231,34.55127],[132.51242,34.55168],[132.51255,34.55209],[132.5126,34.55252],[132.51251,34.5529],[132.51234,34.55334],[132.51202,34.55382],[132.51174,34.55435],[132.51138,34.5548],[132.51096,34.55553],[132.51071,34.55621],[132.51038,34.55689],[132.51029,34.55732],[132.51022,34.55768],[132.51028,34.55816],[132.51017,34.55863],[132.50987,34.55922],[132.50976,34.55943],[132.50945,34.55979],[132.50926,34.56037],[132.50898,34.56098],[132.50882,34.56159],[132.50872,34.56203],[132.50914,34.56347],[132.50919,34.56371],[132.5092,34.56378],[132.5092,34.56384],[132.50924,34.5643],[132.50917,34.56462],[132.50914,34.56477],[132.50905,34.56538],[132.50876,34.56608],[132.50844,34.56658],[132.50819,34.56716],[132.50788,34.56791],[132.50697,34.56975],[132.50673,34.57013],[132.50634,34.57056],[132.50607,34.57113],[132.50594,34.57126],[132.50565,34.57158],[132.50523,34.57211],[132.50492,34.57249],[132.50457,34.5729],[132.50403,34.57337],[132.50276,34.57463],[132.50245,34.57492],[132.50208,34.57525],[132.50172,34.57554],[132.50151,34.5758],[132.50116,34.57608],[132.50089,34.57635],[132.50072,34.57658],[132.50052,34.57669],[132.50038,34.57677],[132.50015,34.57708],[132.49928,34.57782],[132.4987,34.57836],[132.49799,34.57874],[132.4972,34.57905],[132.49648,34.57895],[132.49548,34.57865],[132.49531,34.57972],[132.4953,34.57976],[132.49522,34.58014],[132.49523,34.58057],[132.49529,34.58107],[132.49543,34.58139],[132.49555,34.58182],[132.49561,34.5822],[132.49561,34.58226],[132.49559,34.58231],[132.49546,34.58261],[132.49535,34.58303],[132.49513,34.58346],[132.49475,34.58395],[132.49492,34.58436],[132.49492,34.58437],[132.49491,34.58464],[132.49481,34.58517],[132.49482,34.58575],[132.49513,34.58651],[132.49543,34.58717],[132.49555,34.58738],[132.49563,34.58752],[132.49585,34.58773],[132.496,34.58796],[132.49602,34.58821],[132.49611,34.58833],[132.49613,34.58878],[132.496,34.58898],[132.49593,34.5891],[132.49588,34.58943],[132.49568,34.58982],[132.49564,34.59017],[132.49604,34.59076],[132.49638,34.5912],[132.49652,34.59133],[132.4969,34.5917],[132.49742,34.59211],[132.49798,34.59234],[132.49805,34.59236],[132.49811,34.59236],[132.49813,34.59238],[132.49856,34.59247],[132.49894,34.5927],[132.49902,34.59283],[132.49943,34.59342],[132.49959,34.59343],[132.49975,34.59344],[132.4999,34.59348],[132.50043,34.59361],[132.50044,34.59361],[132.5008,34.59383],[132.50109,34.59418],[132.50154,34.59438],[132.50271,34.59444],[132.50312,34.59457],[132.50326,34.59459],[132.50329,34.5946],[132.50332,34.59461],[132.50359,34.59473],[132.50422,34.59483],[132.50497,34.59501],[132.50509,34.59503],[132.50512,34.59504],[132.50536,34.5951],[132.50559,34.59478],[132.50572,34.59471],[132.50573,34.59471],[132.50645,34.59464],[132.50662,34.59463],[132.50672,34.59462],[132.50679,34.59461],[132.50748,34.59466],[132.50769,34.59484],[132.50792,34.59504],[132.50846,34.5955],[132.50855,34.59559],[132.50869,34.59561],[132.5097,34.59577],[132.51013,34.59582],[132.5111,34.59593],[132.51171,34.59625],[132.51228,34.59683],[132.5124,34.59704],[132.51269,34.59757],[132.51285,34.59786],[132.51309,34.59842],[132.51331,34.59895],[132.51337,34.59904],[132.51361,34.59942],[132.51399,34.60006],[132.51445,34.60062],[132.5147,34.60104],[132.51481,34.60142],[132.51485,34.60158],[132.51486,34.60161],[132.51497,34.60179],[132.515,34.60184],[132.51511,34.60203],[132.51559,34.60243],[132.51676,34.603],[132.51707,34.60351],[132.51707,34.60387],[132.51713,34.60435],[132.51719,34.60445],[132.5174,34.60474],[132.51758,34.60498],[132.51766,34.6051],[132.51827,34.60544],[132.51864,34.60569],[132.51891,34.60587],[132.51901,34.6061],[132.5192,34.60654],[132.51935,34.60674],[132.51958,34.60705],[132.51973,34.60708],[132.52039,34.60722],[132.5204,34.60722],[132.52042,34.60722],[132.52079,34.60722],[132.5208,34.60717],[132.52109,34.60714],[132.52111,34.60713],[132.52129,34.6071],[132.52141,34.60654]]]}},{"type":"Feature","properties":{"name":"可部町大字綾ケ谷","setai":336,"jinko":849,"key":"341067620","units":1},"geometry":{"type":"Polygon","coordinates":[[[132.49799,34.57874],[132.4987,34.57836],[132.49928,34.57782],[132.50015,34.57708],[132.50038,34.57677],[132.50052,34.57669],[132.50072,34.57658],[132.50089,34.57635],[132.50116,34.57608],[132.50151,34.5758],[132.50172,34.57554],[132.50208,34.57525],[132.50245,34.57492],[132.50276,34.57463],[132.50403,34.57337],[132.50457,34.5729],[132.50492,34.57249],[132.50523,34.57211],[132.50565,34.57158],[132.50594,34.57126],[132.50607,34.57113],[132.50634,34.57056],[132.50673,34.57013],[132.50697,34.56975],[132.50788,34.56791],[132.50819,34.56716],[132.50844,34.56658],[132.50876,34.56608],[132.50905,34.56538],[132.50914,34.56477],[132.50917,34.56462],[132.50924,34.5643],[132.5092,34.56384],[132.5092,34.56378],[132.50919,34.56371],[132.50914,34.56347],[132.50872,34.56203],[132.50882,34.56159],[132.50898,34.56098],[132.50926,34.56037],[132.50945,34.55979],[132.50976,34.55943],[132.50987,34.55922],[132.51017,34.55863],[132.51028,34.55816],[132.51022,34.55768],[132.51029,34.55732],[132.51038,34.55689],[132.51071,34.55621],[132.51096,34.55553],[132.51138,34.5548],[132.51174,34.55435],[132.51202,34.55382],[132.51234,34.55334],[132.51251,34.5529],[132.5126,34.55252],[132.51255,34.55209],[132.51242,34.55168],[132.51231,34.55127],[132.51231,34.55126],[132.51214,34.55093],[132.51194,34.55013],[132.51188,34.54996],[132.51188,34.54992],[132.51184,34.54963],[132.51176,34.54944],[132.51169,34.54931],[132.51167,34.54926],[132.51163,34.54914],[132.51164,34.54899],[132.51164,34.54897],[132.51159,34.54867],[132.51154,34.54807],[132.51155,34.54743],[132.51168,34.54702],[132.51164,34.54688],[132.51154,34.54665],[132.51145,34.54652],[132.51139,34.54635],[132.51138,34.54629],[132.51139,34.54613],[132.51146,34.54595],[132.51161,34.54567],[132.51163,34.54557],[132.51164,34.54533],[132.51165,34.54483],[132.51166,34.54479],[132.5116,34.54471],[132.51161,34.54456],[132.51106,34.54438],[132.51113,34.54425],[132.51126,34.54424],[132.51132,34.5442],[132.51132,34.5441],[132.51132,34.54389],[132.51115,34.54379],[132.51114,34.54371],[132.51126,34.54355],[132.51154,34.54345],[132.51198,34.54335],[132.5122,34.54347],[132.5124,34.54322],[132.51213,34.54258],[132.51181,34.54258],[132.51202,34.54223],[132.51202,34.5421],[132.51202,34.54208],[132.512,34.54194],[132.51206,34.54179],[132.51211,34.5417],[132.51224,34.54148],[132.51229,34.5414],[132.51228,34.5413],[132.51224,34.54121],[132.51213,34.54112],[132.51205,34.54104],[132.51205,34.54091],[132.51211,34.5408],[132.51219,34.5407],[132.51223,34.54057],[132.51221,34.54045],[132.51223,34.54036],[132.51224,34.54029],[132.51233,34.54021],[132.51242,34.54018],[132.5124,34.54015],[132.51209,34.54024],[132.5119,34.54035],[132.51178,34.54025],[132.51172,34.54022],[132.51174,34.54018],[132.51184,34.53992],[132.51185,34.53991],[132.5118,34.5399],[132.51179,34.53986],[132.51171,34.5398],[132.51163,34.53977],[132.51152,34.53976],[132.51144,34.53976],[132.51137,34.53973],[132.51134,34.53972],[132.51131,34.5397],[132.51129,34.53968],[132.51132,34.53961],[132.51133,34.53953],[132.51137,34.53942],[132.5111,34.53937],[132.51109,34.53932],[132.5111,34.53927],[132.51116,34.53919],[132.51121,34.53909],[132.51125,34.53904],[132.51089,34.53885],[132.51047,34.53863],[132.50987,34.53843],[132.50985,34.53804],[132.50966,34.53768],[132.50935,34.53746],[132.50902,34.53725],[132.50875,34.53722],[132.50845,34.53713],[132.50792,34.53708],[132.50746,34.53726],[132.50709,34.53727],[132.50695,34.53696],[132.50704,34.53669],[132.50726,34.53646],[132.50744,34.536],[132.50743,34.5358],[132.50717,34.53577],[132.50683,34.53572],[132.50664,34.53556],[132.50673,34.53537],[132.50702,34.53517],[132.50712,34.53501],[132.50691,34.53489],[132.50673,34.53488],[132.50646,34.53464],[132.50679,34.53454],[132.50679,34.53454],[132.5073,34.53438],[132.50736,34.53428],[132.50721,34.5341],[132.50736,34.53402],[132.50768,34.53385],[132.5079,34.53387],[132.50817,34.534],[132.50842,34.53383],[132.50848,34.53369],[132.50827,34.5335],[132.50832,34.5334],[132.50849,34.53315],[132.50836,34.53311],[132.50807,34.533],[132.5081,34.53285],[132.50835,34.53255],[132.50865,34.53238],[132.50876,34.53236],[132.50894,34.53252],[132.50911,34.53247],[132.50917,34.53233],[132.50926,34.53206],[132.50952,34.53202],[132.50969,34.53189],[132.50983,34.53174],[132.50998,34.53172],[132.51021,34.53161],[132.5108,34.53135],[132.51151,34.5311],[132.51166,34.53102],[132.51173,34.53094],[132.51163,34.53089],[132.5116,34.53083],[132.5116,34.5308],[132.51165,34.53077],[132.5117,34.53074],[132.51173,34.53072],[132.51174,34.5307],[132.51176,34.53065],[132.51176,34.5306],[132.51178,34.53056],[132.5118,34.53054],[132.51182,34.53053],[132.51185,34.53052],[132.51188,34.53053],[132.51193,34.53055],[132.51197,34.53056],[132.51203,34.53059],[132.51209,34.53061],[132.51221,34.53064],[132.5123,34.53065],[132.51241,34.53065],[132.51256,34.53059],[132.51272,34.5305],[132.51276,34.53045],[132.51277,34.53044],[132.51281,34.5303],[132.51285,34.53021],[132.51292,34.53009],[132.51304,34.52998],[132.51305,34.52997],[132.51306,34.52996],[132.51315,34.52987],[132.51316,34.52987],[132.51323,34.52983],[132.51331,34.5298],[132.51334,34.52971],[132.51337,34.5296],[132.51342,34.5295],[132.51346,34.52935],[132.51346,34.52918],[132.51341,34.52901],[132.51334,34.5289],[132.51327,34.52874],[132.51323,34.52857],[132.51321,34.52857],[132.51313,34.52859],[132.51311,34.52853],[132.51309,34.52845],[132.51305,34.52835],[132.51301,34.52824],[132.51294,34.52809],[132.51285,34.52799],[132.51285,34.52797],[132.51282,34.52797],[132.51272,34.52796],[132.51264,34.52794],[132.51252,34.52792],[132.51243,34.52789],[132.51236,34.52786],[132.51238,34.52781],[132.51239,34.52775],[132.51237,34.52774],[132.51235,34.52773],[132.51233,34.52771],[132.5123,34.52767],[132.51228,34.52762],[132.51224,34.5275],[132.51219,34.52744],[132.51212,34.5274],[132.51206,34.52741],[132.51201,34.52744],[132.51189,34.52737],[132.51189,34.52731],[132.5119,34.52725],[132.51182,34.52724],[132.51175,34.52722],[132.51162,34.52717],[132.51148,34.52715],[132.51133,34.52714],[132.51116,34.52711],[132.51111,34.52709],[132.51095,34.527],[132.51073,34.52683],[132.51064,34.52676],[132.51054,34.52668],[132.51031,34.52647],[132.51025,34.52649],[132.51019,34.5265],[132.51012,34.52648],[132.51003,34.52646],[132.50995,34.52646],[132.50986,34.52648],[132.50981,34.52651],[132.50973,34.52654],[132.5098,34.52654],[132.50998,34.52655],[132.51006,34.52657],[132.51011,34.52658],[132.51015,34.52661],[132.51015,34.52662],[132.51017,34.52665],[132.51017,34.5267],[132.51017,34.52678],[132.51019,34.52683],[132.51024,34.52697],[132.51027,34.52708],[132.5103,34.52719],[132.51033,34.52728],[132.51034,34.52741],[132.51035,34.52748],[132.51035,34.52759],[132.51038,34.5277],[132.51035,34.5278],[132.51031,34.52791],[132.51026,34.52793],[132.51007,34.52796],[132.51007,34.528],[132.50975,34.52805],[132.50975,34.52801],[132.50973,34.52792],[132.50971,34.52786],[132.50968,34.52776],[132.50966,34.52762],[132.50964,34.52748],[132.50965,34.52735],[132.50965,34.52717],[132.50965,34.527],[132.50963,34.52685],[132.5096,34.52673],[132.50955,34.52669],[132.5095,34.52665],[132.50943,34.5266],[132.50931,34.52656],[132.50915,34.52653],[132.50902,34.5265],[132.50892,34.52648],[132.50883,34.52646],[132.50871,34.52642],[132.5086,34.52638],[132.50853,34.52635],[132.50845,34.52632],[132.50828,34.52623],[132.50812,34.52611],[132.50803,34.52607],[132.50797,34.5261],[132.50793,34.52611],[132.50788,34.52614],[132.50784,34.52618],[132.5078,34.52622],[132.50774,34.52628],[132.50771,34.52632],[132.50767,34.52638],[132.50764,34.52642],[132.50762,34.52646],[132.50761,34.52647],[132.5074,34.52653],[132.50736,34.52659],[132.50735,34.52664],[132.50742,34.52675],[132.50743,34.52676],[132.50749,34.52679],[132.50755,34.52681],[132.50761,34.52683],[132.50766,34.52686],[132.50768,34.52688],[132.50774,34.52693],[132.50778,34.52697],[132.5078,34.527],[132.50782,34.52706],[132.50783,34.5271],[132.5078,34.5271],[132.50772,34.52707],[132.50765,34.52706],[132.50757,34.52703],[132.50746,34.52699],[132.50745,34.52699],[132.50736,34.52692],[132.50729,34.52692],[132.50724,34.52696],[132.50721,34.52697],[132.50719,34.52699],[132.50714,34.52701],[132.50707,34.52701],[132.50699,34.52703],[132.5069,34.52705],[132.50681,34.52709],[132.50676,34.52712],[132.50673,34.52715],[132.50671,34.5272],[132.50668,34.52728],[132.50664,34.52737],[132.5066,34.5275],[132.50647,34.52746],[132.50621,34.52739],[132.50621,34.52739],[132.50623,34.52743],[132.50623,34.52748],[132.50619,34.52759],[132.50618,34.52759],[132.50619,34.52768],[132.50618,34.52775],[132.50617,34.5278],[132.50621,34.52781],[132.50627,34.52784],[132.50627,34.52785],[132.50627,34.52788],[132.50626,34.52791],[132.50625,34.52792],[132.50622,34.52795],[132.50603,34.52791],[132.50579,34.52786],[132.50576,34.52785],[132.50573,34.52808],[132.50576,34.52819],[132.50574,34.52833],[132.50575,34.52845],[132.50575,34.52868],[132.50574,34.52892],[132.50574,34.52892],[132.50577,34.52902],[132.50581,34.5291],[132.50585,34.52921],[132.50608,34.52961],[132.50616,34.52971],[132.5062,34.52983],[132.50627,34.52996],[132.50632,34.53007],[132.5063,34.53011],[132.50626,34.53018],[132.50626,34.5302],[132.50625,34.53024],[132.50627,34.53027],[132.5063,34.53032],[132.50635,34.53039],[132.50638,34.53047],[132.50638,34.53051],[132.50639,34.53058],[132.50639,34.53064],[132.50637,34.53069],[132.50632,34.53076],[132.50626,34.53081],[132.50625,34.53087],[132.50627,34.53092],[132.50628,34.53095],[132.50629,34.53099],[132.50628,34.53103],[132.50623,34.53106],[132.50618,34.53109],[132.50614,34.5311],[132.50614,34.5311],[132.5061,34.53112],[132.50606,34.53113],[132.50597,34.53117],[132.50588,34.53119],[132.50585,34.53116],[132.50585,34.53116],[132.50584,34.53116],[132.5057,34.53107],[132.50551,34.53086],[132.50525,34.53079],[132.50516,34.53084],[132.50504,34.53091],[132.50491,34.53096],[132.50471,34.53097],[132.50459,34.53102],[132.50447,34.53107],[132.50434,34.53108],[132.5043,34.53107],[132.50425,34.53106],[132.50411,34.53108],[132.50391,34.53111],[132.50391,34.53111],[132.50387,34.53115],[132.50386,34.53116],[132.50382,34.53117],[132.50376,34.53118],[132.50365,34.53119],[132.50363,34.5312],[132.50363,34.53122],[132.50361,34.53124],[132.50359,34.53124],[132.50359,34.53126],[132.50344,34.53129],[132.50341,34.53129],[132.50335,34.53131],[132.50333,34.53133],[132.50331,34.53137],[132.50331,34.53137],[132.5033,34.53145],[132.50354,34.53153],[132.50345,34.53171],[132.50345,34.5324],[132.50343,34.53294],[132.50376,34.53367],[132.50401,34.53412],[132.50409,34.53426],[132.50414,34.53438],[132.50417,34.53444],[132.50398,34.53473],[132.50362,34.53518],[132.50352,34.53534],[132.50343,34.53545],[132.50325,34.53577],[132.50306,34.53562],[132.50269,34.53549],[132.50213,34.53545],[132.50167,34.53562],[132.50146,34.53597],[132.50134,34.53622],[132.50134,34.53641],[132.50147,34.53658],[132.50144,34.5367],[132.50131,34.53676],[132.50082,34.53679],[132.50034,34.53677],[132.49984,34.53656],[132.49955,34.53639],[132.4992,34.53635],[132.49881,34.53642],[132.49839,34.53663],[132.49806,34.53683],[132.49804,34.53685],[132.4978,34.53701],[132.49728,34.53747],[132.49684,34.5375],[132.49646,34.53761],[132.49627,34.53761],[132.49618,34.53783],[132.49578,34.53811],[132.49522,34.53847],[132.4947,34.53886],[132.4944,34.53926],[132.49409,34.5397],[132.49434,34.54049],[132.49463,34.54093],[132.49497,34.54121],[132.49531,34.54142],[132.49561,34.54154],[132.49563,34.5416],[132.49532,34.5416],[132.49511,34.54161],[132.49447,34.54169],[132.49398,34.54171],[132.49342,34.54161],[132.49287,34.54156],[132.49272,34.54164],[132.49233,34.54179],[132.49202,34.54202],[132.49142,34.54219],[132.49092,34.54225],[132.49079,34.54227],[132.48984,34.54236],[132.48897,34.54237],[132.48893,34.54237],[132.48797,34.5425],[132.48778,34.54251],[132.48775,34.54262],[132.48607,34.5425],[132.48498,34.54253],[132.48477,34.54254],[132.48448,34.54255],[132.484,34.54264],[132.48363,34.54271],[132.48336,34.54276],[132.48305,34.54285],[132.48281,34.54296],[132.48253,34.54313],[132.4822,34.54332],[132.48181,34.54355],[132.48137,34.54381],[132.48114,34.54383],[132.48064,34.54394],[132.4804,34.54403],[132.48025,34.54408],[132.48011,34.54417],[132.47996,34.54433],[132.47995,34.54435],[132.47986,34.54446],[132.47978,34.54468],[132.47971,34.54492],[132.47957,34.545],[132.47937,34.54512],[132.479,34.54534],[132.47845,34.54569],[132.47818,34.54588],[132.47776,34.54613],[132.47742,34.54629],[132.47699,34.54648],[132.47661,34.54664],[132.47608,34.54683],[132.47554,34.54702],[132.47501,34.5472],[132.47469,34.54736],[132.47431,34.54755],[132.4743,34.54756],[132.47391,34.54782],[132.47364,34.5481],[132.47294,34.54858],[132.47216,34.549],[132.47147,34.54947],[132.4714,34.5495],[132.46985,34.55064],[132.46865,34.55139],[132.46784,34.55189],[132.46729,34.55223],[132.46648,34.5527],[132.46625,34.55306],[132.46604,34.55347],[132.46584,34.5537],[132.46559,34.5539],[132.46534,34.55405],[132.46495,34.55419],[132.46457,34.55433],[132.46427,34.55452],[132.46416,34.55461],[132.46411,34.55467],[132.46409,34.55472],[132.46404,34.55479],[132.46395,34.55489],[132.46385,34.55496],[132.46374,34.55502],[132.4636,34.55509],[132.46345,34.55511],[132.4633,34.55511],[132.46307,34.5551],[132.46284,34.55502],[132.46271,34.55494],[132.46283,34.55546],[132.46283,34.55559],[132.46283,34.55559],[132.46283,34.55572],[132.46295,34.55613],[132.463,34.5563],[132.46293,34.55654],[132.46287,34.55693],[132.46298,34.55716],[132.46298,34.55722],[132.46308,34.55748],[132.4633,34.55776],[132.4635,34.558],[132.46368,34.55821],[132.46379,34.55837],[132.46381,34.55845],[132.46397,34.55874],[132.46401,34.55886],[132.46414,34.55901],[132.46415,34.55902],[132.46417,34.55904],[132.46426,34.55913],[132.46452,34.55939],[132.4646,34.55952],[132.46467,34.55967],[132.46464,34.56],[132.46462,34.56011],[132.46462,34.56012],[132.46464,34.56055],[132.46486,34.56092],[132.46497,34.56128],[132.46499,34.56139],[132.465,34.56146],[132.465,34.56175],[132.46505,34.56201],[132.46531,34.56221],[132.46572,34.56228],[132.46572,34.56228],[132.46575,34.56229],[132.46592,34.56231],[132.46623,34.56232],[132.46663,34.56233],[132.46671,34.56233],[132.46707,34.56235],[132.46736,34.56227],[132.46763,34.5622],[132.46765,34.5622],[132.46771,34.56226],[132.46807,34.56261],[132.46816,34.56268],[132.46848,34.56301],[132.46893,34.56327],[132.46942,34.56343],[132.46997,34.56353],[132.47011,34.56357],[132.47017,34.56359],[132.47033,34.56366],[132.47038,34.5637],[132.47063,34.56387],[132.4709,34.56402],[132.47131,34.56406],[132.4715,34.56415],[132.47223,34.56461],[132.47249,34.56475],[132.47281,34.56502],[132.47327,34.56523],[132.47368,34.56556],[132.47377,34.56565],[132.47422,34.56604],[132.47473,34.5667],[132.47477,34.56673],[132.47508,34.56709],[132.47518,34.56721],[132.47562,34.5679],[132.47594,34.5685],[132.47628,34.56893],[132.47628,34.56894],[132.47656,34.56922],[132.4769,34.56954],[132.47695,34.56958],[132.47765,34.57017],[132.47803,34.57056],[132.47816,34.57069],[132.47827,34.57083],[132.47857,34.5712],[132.47896,34.57183],[132.47929,34.57221],[132.47964,34.5725],[132.48001,34.57254],[132.48044,34.5724],[132.48097,34.57236],[132.48137,34.57241],[132.48182,34.5725],[132.48217,34.57247],[132.48235,34.57251],[132.48246,34.57272],[132.48256,34.57291],[132.48305,34.5731],[132.48341,34.57321],[132.48356,34.5734],[132.48378,34.57376],[132.48404,34.57385],[132.48441,34.57381],[132.48492,34.57385],[132.485,34.57392],[132.48522,34.57409],[132.48555,34.5744],[132.48593,34.57477],[132.48597,34.5748],[132.48623,34.57512],[132.48667,34.57534],[132.48675,34.57541],[132.48688,34.57572],[132.48705,34.57593],[132.48712,34.57613],[132.48722,34.57627],[132.48718,34.57649],[132.48718,34.57668],[132.48726,34.57689],[132.48778,34.57699],[132.48823,34.57707],[132.48872,34.57729],[132.48908,34.57749],[132.48944,34.57777],[132.4897,34.57796],[132.4898,34.5781],[132.48997,34.57816],[132.49024,34.57837],[132.49069,34.57856],[132.49125,34.57876],[132.49199,34.5789],[132.49264,34.57891],[132.4932,34.57875],[132.49329,34.57874],[132.49371,34.57866],[132.49412,34.57858],[132.49423,34.57856],[132.49455,34.57851],[132.4947,34.57849],[132.49481,34.57847],[132.49511,34.57848],[132.49533,34.5785],[132.4954,34.57852],[132.49548,34.57863],[132.49548,34.57865],[132.49648,34.57895],[132.4972,34.57905],[132.49799,34.57874]]]}},{"type":"Feature","properties":{"name":"可部町大字勝木","setai":577,"jinko":1285,"key":"341067630","units":1},"geometry":{"type":"Polygon","coordinates":[[[132.47147,34.54947],[132.47216,34.549],[132.47294,34.54858],[132.47364,34.5481],[132.47391,34.54782],[132.4743,34.54756],[132.47431,34.54755],[132.47469,34.54736],[132.47501,34.5472],[132.47554,34.54702],[132.47608,34.54683],[132.47661,34.54664],[132.47699,34.54648],[132.47742,34.54629],[132.47776,34.54613],[132.47818,34.54588],[132.47845,34.54569],[132.479,34.54534],[132.47937,34.54512],[132.47957,34.545],[132.47971,34.54492],[132.47978,34.54468],[132.47986,34.54446],[132.47995,34.54435],[132.47996,34.54433],[132.48011,34.54417],[132.48025,34.54408],[132.4804,34.54403],[132.48064,34.54394],[132.48114,34.54383],[132.48137,34.54381],[132.48181,34.54355],[132.4822,34.54332],[132.48253,34.54313],[132.48281,34.54296],[132.48305,34.54285],[132.48336,34.54276],[132.48363,34.54271],[132.484,34.54264],[132.48448,34.54255],[132.48477,34.54254],[132.48498,34.54253],[132.48607,34.5425],[132.48775,34.54262],[132.48778,34.54251],[132.48797,34.5425],[132.48893,34.54237],[132.48884,34.54164],[132.48865,34.54079],[132.4885,34.53977],[132.48832,34.53884],[132.48824,34.53814],[132.48806,34.5371],[132.48798,34.5366],[132.48786,34.53619],[132.48779,34.53574],[132.4877,34.53526],[132.48766,34.53484],[132.48758,34.53426],[132.48751,34.53394],[132.48744,34.53344],[132.48737,34.53343],[132.48729,34.53342],[132.48722,34.53341],[132.48721,34.53341],[132.48715,34.53341],[132.48712,34.53342],[132.48703,34.53357],[132.48699,34.5336],[132.48694,34.53357],[132.48692,34.53349],[132.4869,34.53343],[132.4869,34.53336],[132.48688,34.53326],[132.48685,34.53319],[132.48683,34.5331],[132.4868,34.53302],[132.48676,34.53293],[132.48673,34.53286],[132.48668,34.53279],[132.48664,34.53274],[132.48661,34.5327],[132.48657,34.53271],[132.48647,34.53281],[132.48641,34.53287],[132.48634,34.5329],[132.4863,34.5329],[132.48624,34.53288],[132.48616,34.53283],[132.48608,34.53278],[132.48604,34.53276],[132.48599,34.53273],[132.48588,34.53269],[132.48582,34.53265],[132.4858,34.5326],[132.48575,34.53262],[132.48564,34.53263],[132.48559,34.53267],[132.48556,34.53269],[132.48551,34.53272],[132.48544,34.53273],[132.48539,34.53273],[132.48522,34.53283],[132.4852,34.5329],[132.48518,34.53293],[132.48514,34.53296],[132.4851,34.53298],[132.48502,34.53299],[132.48501,34.53304],[132.48495,34.53315],[132.48496,34.53325],[132.48485,34.53318],[132.48482,34.53316],[132.48482,34.53322],[132.48481,34.53332],[132.48481,34.53352],[132.4848,34.53358],[132.48475,34.53365],[132.48467,34.53372],[132.48462,34.53376],[132.48458,34.53378],[132.48457,34.53376],[132.48458,34.53373],[132.48458,34.53369],[132.48458,34.53365],[132.48454,34.53357],[132.48449,34.53352],[132.48445,34.53351],[132.4844,34.53349],[132.48433,34.53346],[132.48427,34.53347],[132.4842,34.53348],[132.48412,34.53349],[132.48399,34.53354],[132.48392,34.5335],[132.48386,34.53345],[132.4838,34.53348],[132.48374,34.5335],[132.48371,34.53391],[132.48371,34.53395],[132.48373,34.53399],[132.48378,34.53404],[132.4838,34.53409],[132.48386,34.53414],[132.48391,34.53423],[132.48393,34.53432],[132.48395,34.53442],[132.48395,34.53451],[132.48399,34.53453],[132.48402,34.53459],[132.48409,34.53467],[132.48411,34.53472],[132.48413,34.53477],[132.48418,34.53485],[132.4843,34.53495],[132.48437,34.53502],[132.48442,34.53509],[132.48446,34.53515],[132.48452,34.53527],[132.48462,34.5354],[132.48466,34.53549],[132.48469,34.53556],[132.48464,34.53561],[132.48462,34.53563],[132.4846,34.53567],[132.4846,34.53572],[132.48464,34.5358],[132.48472,34.53596],[132.48431,34.53611],[132.48422,34.53601],[132.48404,34.53576],[132.48381,34.53552],[132.48378,34.53553],[132.48352,34.53557],[132.48348,34.5355],[132.48341,34.53539],[132.48336,34.53532],[132.48328,34.53523],[132.48325,34.53516],[132.48318,34.53509],[132.48293,34.53489],[132.48287,34.53484],[132.48284,34.53478],[132.4828,34.5347],[132.48275,34.53458],[132.48266,34.53453],[132.48228,34.53448],[132.4821,34.53469],[132.48204,34.53478],[132.4819,34.53493],[132.48188,34.53494],[132.48185,34.53498],[132.4818,34.53503],[132.48174,34.53508],[132.48169,34.5351],[132.48163,34.53513],[132.48159,34.53516],[132.48152,34.53519],[132.48148,34.53521],[132.48144,34.53525],[132.48141,34.53529],[132.48138,34.53533],[132.48136,34.53538],[132.48133,34.53543],[132.48129,34.53551],[132.48125,34.53555],[132.48118,34.53559],[132.48111,34.53574],[132.48111,34.53583],[132.48111,34.5359],[132.48111,34.53599],[132.48111,34.53604],[132.48108,34.5361],[132.48108,34.53617],[132.4811,34.5362],[132.48113,34.53622],[132.48115,34.53624],[132.48115,34.53628],[132.48112,34.5364],[132.48111,34.53646],[132.48108,34.53656],[132.48106,34.53664],[132.48103,34.53674],[132.48099,34.53683],[132.48095,34.53689],[132.4809,34.53694],[132.48084,34.53701],[132.48079,34.53705],[132.48075,34.53709],[132.48074,34.53709],[132.48068,34.53712],[132.48064,34.53717],[132.4807,34.53729],[132.48063,34.53741],[132.48057,34.53743],[132.48054,34.53747],[132.48053,34.53751],[132.48057,34.53759],[132.4806,34.53765],[132.48059,34.53769],[132.4806,34.53774],[132.48057,34.53786],[132.48055,34.53792],[132.48051,34.53799],[132.48048,34.53803],[132.48042,34.53807],[132.4804,34.53809],[132.48036,34.53816],[132.48033,34.53821],[132.48033,34.53826],[132.48033,34.53835],[132.48034,34.53847],[132.48032,34.53859],[132.48027,34.53874],[132.48023,34.53886],[132.48022,34.53893],[132.48019,34.53904],[132.48014,34.53916],[132.48009,34.53924],[132.48009,34.53932],[132.48011,34.53941],[132.48014,34.53953],[132.48015,34.53965],[132.48011,34.53973],[132.48007,34.53979],[132.48001,34.53978],[132.47997,34.53976],[132.47994,34.53978],[132.47991,34.5398],[132.47988,34.53983],[132.47983,34.53988],[132.47977,34.53994],[132.4797,34.54002],[132.47961,34.54009],[132.47954,34.54016],[132.47945,34.54021],[132.47936,34.54028],[132.47928,34.54036],[132.47921,34.54049],[132.4791,34.54066],[132.4789,34.54089],[132.47881,34.54105],[132.47878,34.54111],[132.47877,34.5412],[132.47879,34.54129],[132.47882,34.54142],[132.47887,34.54148],[132.47892,34.54151],[132.47896,34.54156],[132.47899,34.54159],[132.47905,34.54165],[132.47911,34.5417],[132.47921,34.54179],[132.47931,34.54191],[132.47935,34.54193],[132.47938,34.54195],[132.47942,34.54197],[132.47946,34.54198],[132.4795,34.54199],[132.47955,34.54201],[132.47956,34.54201],[132.47961,34.54203],[132.47968,34.54205],[132.47973,34.54207],[132.47976,34.5421],[132.4798,34.54213],[132.47982,34.54217],[132.47986,34.54222],[132.4799,34.54227],[132.47996,34.54237],[132.48003,34.54251],[132.48008,34.54264],[132.48014,34.54275],[132.48019,34.54288],[132.48025,34.54299],[132.48032,34.54313],[132.48033,34.54318],[132.48008,34.54325],[132.47997,34.54301],[132.47968,34.54306],[132.47923,34.54314],[132.47912,34.54315],[132.47895,34.54312],[132.47876,34.54298],[132.47855,34.54282],[132.47855,34.54281],[132.47836,34.54263],[132.47819,34.54239],[132.47801,34.5421],[132.47786,34.54179],[132.47771,34.54148],[132.47762,34.54123],[132.47762,34.54122],[132.47754,34.54093],[132.47751,34.54083],[132.47752,34.54078],[132.47754,34.54073],[132.47757,34.54067],[132.47758,34.54065],[132.47761,34.5406],[132.47766,34.54052],[132.47773,34.5404],[132.47776,34.54035],[132.47777,34.54029],[132.47776,34.54021],[132.47773,34.54017],[132.47768,34.54013],[132.47763,34.5401],[132.47759,34.54009],[132.47754,34.54009],[132.47748,34.54009],[132.47741,34.54008],[132.47736,34.54006],[132.47735,34.54],[132.47734,34.53992],[132.47731,34.53981],[132.47726,34.53969],[132.47721,34.53952],[132.4772,34.53942],[132.47719,34.53932],[132.47718,34.53927],[132.47718,34.53923],[132.47722,34.53916],[132.47727,34.53909],[132.47731,34.53904],[132.47733,34.53899],[132.47733,34.53894],[132.47732,34.53887],[132.4773,34.53878],[132.47727,34.53871],[132.47726,34.53863],[132.4773,34.53854],[132.47736,34.53846],[132.47745,34.53842],[132.47745,34.53842],[132.47755,34.53838],[132.4776,34.53833],[132.47768,34.53829],[132.47775,34.53819],[132.47778,34.53807],[132.47779,34.53804],[132.47777,34.53783],[132.47774,34.53763],[132.4777,34.53752],[132.47767,34.53734],[132.47766,34.53718],[132.47763,34.53706],[132.4776,34.53703],[132.47754,34.53698],[132.47749,34.53687],[132.47747,34.5368],[132.47745,34.53672],[132.47744,34.5366],[132.4774,34.53648],[132.47736,34.53631],[132.47734,34.53622],[132.47733,34.5362],[132.47733,34.53611],[132.47737,34.53601],[132.47741,34.53597],[132.4774,34.53592],[132.4773,34.53591],[132.47713,34.53591],[132.47692,34.536],[132.47673,34.53604],[132.47646,34.53603],[132.47644,34.53603],[132.47626,34.53601],[132.47611,34.53598],[132.47544,34.53568],[132.47537,34.53565],[132.47536,34.53565],[132.47536,34.53567],[132.47474,34.53544],[132.47468,34.53542],[132.47465,34.53541],[132.47461,34.53539],[132.47452,34.53537],[132.47452,34.53537],[132.47448,34.53536],[132.47441,34.53535],[132.4743,34.53534],[132.47419,34.53533],[132.47408,34.53534],[132.47397,34.53536],[132.47368,34.53541],[132.47336,34.53546],[132.47324,34.53549],[132.47314,34.53551],[132.47296,34.53555],[132.47275,34.5356],[132.47257,34.53563],[132.4724,34.53566],[132.47225,34.53571],[132.47211,34.53575],[132.47197,34.5358],[132.47183,34.53587],[132.47171,34.53593],[132.47162,34.53597],[132.47156,34.53586],[132.47155,34.53581],[132.47156,34.53577],[132.47161,34.53571],[132.47164,34.53564],[132.47181,34.53561],[132.47188,34.53556],[132.47191,34.53549],[132.47188,34.53542],[132.4718,34.5353],[132.47175,34.53523],[132.47174,34.53517],[132.47173,34.53505],[132.47174,34.53493],[132.47172,34.53485],[132.47149,34.53483],[132.47148,34.53483],[132.47151,34.53478],[132.47151,34.53477],[132.47162,34.53439],[132.47164,34.53437],[132.47166,34.53436],[132.47181,34.53435],[132.4718,34.53425],[132.47177,34.53399],[132.47191,34.53396],[132.47199,34.53394],[132.47202,34.53392],[132.47206,34.5339],[132.47202,34.53384],[132.47201,34.53371],[132.47201,34.5337],[132.47191,34.53367],[132.4719,34.53367],[132.47181,34.53363],[132.47162,34.53354],[132.47149,34.53348],[132.47143,34.53347],[132.47143,34.53337],[132.47143,34.53334],[132.47143,34.53331],[132.47157,34.53327],[132.4717,34.5332],[132.47159,34.53321],[132.47156,34.5332],[132.47142,34.53312],[132.47141,34.5331],[132.4714,34.53307],[132.47128,34.53288],[132.47126,34.53283],[132.47121,34.53267],[132.47124,34.53264],[132.47142,34.53261],[132.47147,34.53254],[132.47131,34.53241],[132.47121,34.53241],[132.47121,34.53236],[132.47074,34.53191],[132.47072,34.53188],[132.47079,34.53182],[132.47084,34.53168],[132.47086,34.53158],[132.47093,34.53138],[132.47101,34.53122],[132.47104,34.53112],[132.47101,34.53112],[132.47097,34.53111],[132.47093,34.5311],[132.4709,34.53107],[132.47082,34.53098],[132.47077,34.53091],[132.47078,34.53083],[132.47082,34.53077],[132.47088,34.53072],[132.47092,34.53068],[132.47097,34.53061],[132.47105,34.53054],[132.47112,34.53049],[132.47122,34.53044],[132.47123,34.53044],[132.47125,34.53043],[132.47131,34.5304],[132.47136,34.53038],[132.47152,34.53034],[132.47166,34.5303],[132.47173,34.53028],[132.47182,34.53024],[132.47189,34.53023],[132.4719,34.53026],[132.47198,34.53032],[132.47202,34.53035],[132.47204,34.53036],[132.47204,34.53042],[132.472,34.53047],[132.47201,34.53051],[132.47201,34.53052],[132.47249,34.53056],[132.47275,34.53058],[132.47309,34.53061],[132.47311,34.53061],[132.47311,34.53057],[132.47313,34.53052],[132.47322,34.53045],[132.47331,34.53041],[132.47341,34.53039],[132.47349,34.53039],[132.47356,34.53041],[132.47363,34.53043],[132.47367,34.53046],[132.47368,34.53048],[132.47417,34.53055],[132.47421,34.53057],[132.47422,34.53057],[132.47419,34.53047],[132.4742,34.53039],[132.47422,34.53035],[132.47424,34.53028],[132.47428,34.53017],[132.47429,34.53009],[132.47431,34.52995],[132.47433,34.52991],[132.47444,34.52975],[132.47445,34.52973],[132.47446,34.52972],[132.4745,34.52968],[132.47457,34.52964],[132.47461,34.52962],[132.47463,34.52962],[132.47468,34.52961],[132.47473,34.5296],[132.4748,34.52955],[132.47485,34.5295],[132.47492,34.52943],[132.47497,34.52935],[132.47503,34.52927],[132.47506,34.52922],[132.47511,34.52918],[132.47517,34.52917],[132.47521,34.5292],[132.47526,34.52923],[132.47529,34.52943],[132.47528,34.52954],[132.47527,34.52964],[132.47532,34.52968],[132.47534,34.52971],[132.47534,34.52971],[132.47537,34.52972],[132.47539,34.52972],[132.47547,34.52971],[132.47555,34.52973],[132.4756,34.52975],[132.47562,34.52977],[132.47564,34.52982],[132.47569,34.52987],[132.47572,34.52993],[132.4762,34.52993],[132.4762,34.52993],[132.47619,34.52979],[132.47613,34.52971],[132.47615,34.52961],[132.47603,34.52961],[132.47588,34.52966],[132.47583,34.52966],[132.47568,34.52952],[132.47551,34.52944],[132.47552,34.52936],[132.47548,34.52931],[132.47548,34.52912],[132.47548,34.5291],[132.47553,34.52905],[132.47559,34.529],[132.47563,34.52895],[132.47575,34.52887],[132.47579,34.52886],[132.47582,34.52887],[132.47592,34.52895],[132.47595,34.52898],[132.47598,34.52903],[132.47604,34.52906],[132.47608,34.52911],[132.47609,34.5291],[132.47614,34.52909],[132.4762,34.52901],[132.47624,34.52896],[132.47628,34.52894],[132.47634,34.52894],[132.47643,34.52894],[132.47646,34.52897],[132.47648,34.52902],[132.47649,34.52904],[132.47656,34.5291],[132.47659,34.52912],[132.47662,34.52915],[132.47662,34.5292],[132.47665,34.52929],[132.47667,34.52937],[132.4767,34.52946],[132.47671,34.52951],[132.47675,34.52959],[132.47677,34.52963],[132.47672,34.52972],[132.47671,34.52973],[132.47688,34.52979],[132.47693,34.52981],[132.47711,34.52981],[132.47775,34.52985],[132.4778,34.52986],[132.47783,34.5299],[132.47784,34.52992],[132.47787,34.52995],[132.47793,34.53012],[132.47793,34.53012],[132.47805,34.53049],[132.47808,34.53058],[132.47808,34.53058],[132.47817,34.53072],[132.4782,34.53078],[132.47824,34.53079],[132.47834,34.53093],[132.47839,34.53098],[132.47844,34.53106],[132.47855,34.53114],[132.47866,34.5312],[132.47872,34.53124],[132.47876,34.53125],[132.4788,34.53126],[132.47891,34.53132],[132.47889,34.53152],[132.47856,34.53159],[132.47838,34.53163],[132.47829,34.53165],[132.47824,34.53168],[132.47822,34.53169],[132.47835,34.53173],[132.47842,34.53177],[132.47846,34.53182],[132.47846,34.53197],[132.47871,34.53209],[132.47877,34.5322],[132.47901,34.5325],[132.47901,34.53251],[132.47906,34.53254],[132.47907,34.53254],[132.47925,34.53249],[132.47924,34.53245],[132.47922,34.53233],[132.47922,34.53227],[132.47923,34.5322],[132.47924,34.53214],[132.47926,34.53204],[132.47925,34.53198],[132.47922,34.5319],[132.4792,34.53185],[132.47918,34.53182],[132.47915,34.53171],[132.47915,34.53166],[132.47918,34.53153],[132.47918,34.5315],[132.47914,34.53142],[132.47907,34.53135],[132.47899,34.53126],[132.47906,34.53128],[132.47922,34.53132],[132.47936,34.53138],[132.47943,34.53143],[132.47941,34.53171],[132.47942,34.53171],[132.47945,34.53172],[132.47952,34.53175],[132.47971,34.5318],[132.47972,34.53185],[132.47972,34.5319],[132.47971,34.53197],[132.47975,34.53203],[132.47979,34.5321],[132.47983,34.53217],[132.47991,34.53224],[132.47997,34.53228],[132.48001,34.53227],[132.48005,34.53226],[132.48012,34.53227],[132.48022,34.53228],[132.48034,34.53231],[132.48044,34.53236],[132.48063,34.53246],[132.48089,34.53233],[132.481,34.53229],[132.48109,34.5323],[132.48119,34.53234],[132.48128,34.53234],[132.48129,34.53231],[132.48133,34.53226],[132.48138,34.53217],[132.48144,34.53207],[132.48153,34.53197],[132.48164,34.53187],[132.48174,34.53179],[132.48185,34.53171],[132.48196,34.53162],[132.48196,34.5316],[132.48197,34.53157],[132.482,34.53152],[132.48204,34.53141],[132.48205,34.53133],[132.4823,34.53122],[132.48236,34.53123],[132.48244,34.53124],[132.4825,34.53124],[132.48256,34.53124],[132.48264,34.53121],[132.48287,34.5311],[132.48302,34.53103],[132.48298,34.53096],[132.48281,34.53068],[132.48279,34.53068],[132.48275,34.53067],[132.4827,34.53066],[132.48264,34.53063],[132.48255,34.53057],[132.48248,34.53048],[132.48245,34.53042],[132.48241,34.53035],[132.48241,34.5305],[132.48248,34.5306],[132.4826,34.53072],[132.48267,34.53079],[132.48271,34.53088],[132.48238,34.53074],[132.48186,34.53048],[132.48073,34.5297],[132.47989,34.52878],[132.47928,34.52809],[132.47867,34.52754],[132.47804,34.52695],[132.47747,34.52643],[132.47703,34.52592],[132.47681,34.52566],[132.47671,34.52553],[132.47645,34.52523],[132.47614,34.52541],[132.47586,34.52555],[132.47564,34.52567],[132.47553,34.52574],[132.47539,34.52574],[132.47524,34.52568],[132.47485,34.52536],[132.47461,34.52523],[132.47419,34.52501],[132.47321,34.52442],[132.47283,34.52446],[132.47208,34.52447],[132.47124,34.52444],[132.46884,34.52395],[132.46817,34.52386],[132.46773,34.52372],[132.46687,34.52331],[132.46656,34.52315],[132.46655,34.52313],[132.46649,34.52299],[132.46647,34.52282],[132.4665,34.52274],[132.4666,34.52266],[132.46684,34.52257],[132.46706,34.52256],[132.46739,34.52247],[132.46781,34.52229],[132.46809,34.52212],[132.46815,34.52183],[132.46812,34.52159],[132.46781,34.5211],[132.46774,34.52113],[132.46749,34.52124],[132.46705,34.52142],[132.46671,34.52154],[132.46663,34.52157],[132.46653,34.52159],[132.46644,34.52161],[132.46641,34.52161],[132.46592,34.52161],[132.46516,34.52155],[132.46435,34.52163],[132.46325,34.52164],[132.46266,34.52159],[132.46222,34.52155],[132.46129,34.52147],[132.46078,34.5214],[132.46021,34.52139],[132.45994,34.52137],[132.45946,34.5214],[132.45872,34.52145],[132.45752,34.52156],[132.45658,34.52165],[132.45544,34.52171],[132.45522,34.52171],[132.45461,34.52179],[132.45402,34.52182],[132.45381,34.52182],[132.4531,34.5218],[132.45279,34.5218],[132.45137,34.52176],[132.45019,34.52179],[132.44941,34.52182],[132.44884,34.52186],[132.44866,34.52188],[132.44815,34.52182],[132.44763,34.52176],[132.44678,34.52174],[132.44606,34.52179],[132.44503,34.52197],[132.44419,34.52221],[132.44331,34.52257],[132.44265,34.52274],[132.44261,34.52275],[132.44255,34.52278],[132.44223,34.52298],[132.44191,34.5233],[132.44115,34.52378],[132.44005,34.52441],[132.43883,34.52508],[132.43763,34.52571],[132.43755,34.52576],[132.43674,34.52622],[132.43587,34.52663],[132.43534,34.52697],[132.43521,34.52717],[132.43514,34.52727],[132.43495,34.52773],[132.43613,34.52805],[132.43653,34.52822],[132.43713,34.52841],[132.43762,34.52855],[132.4375,34.52906],[132.43739,34.52951],[132.43727,34.52995],[132.43721,34.53025],[132.43699,34.53111],[132.43698,34.53118],[132.43694,34.53129],[132.43796,34.53282],[132.43815,34.53288],[132.43839,34.53294],[132.43847,34.53297],[132.43866,34.53307],[132.43895,34.53326],[132.43924,34.5335],[132.43969,34.53374],[132.44028,34.53394],[132.44063,34.53408],[132.44083,34.53416],[132.44116,34.53423],[132.44126,34.53422],[132.44138,34.53421],[132.44152,34.53425],[132.44166,34.53433],[132.44188,34.53457],[132.44211,34.53476],[132.44298,34.53532],[132.44372,34.5357],[132.44423,34.53601],[132.4444,34.53612],[132.44446,34.53615],[132.4445,34.53614],[132.44456,34.53611],[132.44469,34.5361],[132.44499,34.53638],[132.44527,34.53676],[132.44584,34.53723],[132.4462,34.53737],[132.44684,34.53773],[132.44736,34.53801],[132.44757,34.53823],[132.44786,34.53831],[132.44818,34.53838],[132.44845,34.53842],[132.44851,34.53837],[132.44868,34.53846],[132.44877,34.53855],[132.44894,34.5387],[132.44899,34.53874],[132.44904,34.53879],[132.44918,34.53889],[132.44925,34.53893],[132.44947,34.53907],[132.44956,34.53912],[132.44973,34.53916],[132.44976,34.53917],[132.44997,34.5392],[132.45017,34.53919],[132.45032,34.53918],[132.45047,34.53916],[132.45057,34.53921],[132.45068,34.53931],[132.45076,34.53939],[132.45084,34.5395],[132.45092,34.53966],[132.45098,34.5398],[132.451,34.53993],[132.45097,34.54002],[132.45096,34.54003],[132.45098,34.54011],[132.45096,34.5403],[132.45142,34.54051],[132.45154,34.54056],[132.45204,34.54073],[132.45212,34.54077],[132.45211,34.54083],[132.45211,34.54084],[132.45206,34.5409],[132.45205,34.54101],[132.45211,34.54113],[132.45221,34.54124],[132.45229,34.54133],[132.45235,34.54141],[132.4524,34.54147],[132.45259,34.54153],[132.45283,34.54158],[132.45304,34.54162],[132.4532,34.54163],[132.45344,34.54166],[132.45354,34.54166],[132.45366,34.54166],[132.45384,34.54168],[132.45396,34.54168],[132.45408,34.54168],[132.45425,34.54175],[132.45439,34.54184],[132.45451,34.54187],[132.45462,34.54192],[132.45468,34.54196],[132.45469,34.54197],[132.4548,34.54199],[132.45489,34.542],[132.45493,34.542],[132.45505,34.54199],[132.45518,34.54195],[132.4553,34.54193],[132.4554,34.54191],[132.45549,34.54189],[132.45562,34.54189],[132.45572,34.54191],[132.45584,34.54193],[132.45592,34.54196],[132.456,34.542],[132.45608,34.54206],[132.45615,34.54211],[132.45622,34.54217],[132.4563,34.5422],[132.4564,34.54223],[132.45646,34.54227],[132.45651,34.54234],[132.45654,34.54241],[132.45654,34.54242],[132.45656,34.54255],[132.45656,34.54265],[132.4566,34.54272],[132.45662,34.54279],[132.45665,34.54284],[132.45663,34.54291],[132.45663,34.54302],[132.45658,34.54312],[132.45656,34.54321],[132.45655,34.54331],[132.4566,34.54344],[132.45664,34.54354],[132.45668,34.54364],[132.45671,34.54374],[132.45682,34.54392],[132.45695,34.54411],[132.457,34.54416],[132.45709,34.54425],[132.4572,34.54436],[132.45726,34.54447],[132.45732,34.54463],[132.45735,34.54476],[132.4574,34.5449],[132.45744,34.54502],[132.45742,34.54518],[132.4574,34.54522],[132.45741,34.54533],[132.45729,34.54541],[132.45719,34.54557],[132.45707,34.5457],[132.45685,34.54582],[132.45672,34.54588],[132.45664,34.54592],[132.4565,34.54599],[132.45643,34.54602],[132.45637,34.5461],[132.45629,34.54628],[132.45628,34.54639],[132.45628,34.54653],[132.45662,34.54668],[132.45673,34.54675],[132.4568,34.54675],[132.45687,34.54684],[132.45692,34.54694],[132.45699,34.54702],[132.45707,34.54717],[132.45714,34.54723],[132.45716,34.5473],[132.45714,34.5474],[132.45714,34.54742],[132.45716,34.54751],[132.45716,34.54759],[132.45712,34.54766],[132.45711,34.54768],[132.45709,34.54781],[132.45707,34.54815],[132.45701,34.54845],[132.45691,34.54869],[132.45691,34.5487],[132.45697,34.54891],[132.45705,34.5491],[132.45717,34.54931],[132.45739,34.54931],[132.45752,34.54925],[132.45771,34.54926],[132.45797,34.54945],[132.45819,34.54962],[132.45849,34.54977],[132.45876,34.54988],[132.45908,34.54995],[132.45917,34.54998],[132.45948,34.55008],[132.45974,34.55016],[132.45993,34.5504],[132.46023,34.55062],[132.46059,34.55103],[132.46082,34.55141],[132.46086,34.55148],[132.46105,34.55201],[132.46112,34.55229],[132.46119,34.55255],[132.46137,34.55299],[132.46159,34.55339],[132.46186,34.55396],[132.46215,34.55418],[132.46227,34.5543],[132.46247,34.55462],[132.46265,34.55489],[132.46271,34.55494],[132.46284,34.55502],[132.46307,34.5551],[132.4633,34.55511],[132.46345,34.55511],[132.4636,34.55509],[132.46374,34.55502],[132.46385,34.55496],[132.46395,34.55489],[132.46404,34.55479],[132.46409,34.55472],[132.46411,34.55467],[132.46416,34.55461],[132.46427,34.55452],[132.46457,34.55433],[132.46495,34.55419],[132.46534,34.55405],[132.46559,34.5539],[132.46584,34.5537],[132.46604,34.55347],[132.46625,34.55306],[132.46648,34.5527],[132.46729,34.55223],[132.46784,34.55189],[132.46865,34.55139],[132.46985,34.55064],[132.4714,34.5495],[132.47147,34.54947]]]}},{"type":"Feature","properties":{"name":"可部町大字大毛寺","setai":0,"jinko":0,"key":"341067640","units":1},"geometry":{"type":"MultiPolygon","coordinates":[[[[132.49272,34.54164],[132.49287,34.54156],[132.49342,34.54161],[132.49398,34.54171],[132.49447,34.54169],[132.49511,34.54161],[132.49532,34.5416],[132.49563,34.5416],[132.49561,34.54154],[132.49531,34.54142],[132.49497,34.54121],[132.49463,34.54093],[132.49434,34.54049],[132.49409,34.5397],[132.4944,34.53926],[132.4947,34.53886],[132.49522,34.53847],[132.49578,34.53811],[132.49618,34.53783],[132.49627,34.53761],[132.49646,34.53761],[132.49684,34.5375],[132.49728,34.53747],[132.4978,34.53701],[132.49804,34.53685],[132.49806,34.53683],[132.49839,34.53663],[132.49881,34.53642],[132.4992,34.53635],[132.49955,34.53639],[132.49984,34.53656],[132.50034,34.53677],[132.50082,34.53679],[132.50131,34.53676],[132.50144,34.5367],[132.50147,34.53658],[132.50134,34.53641],[132.50134,34.53622],[132.50146,34.53597],[132.50167,34.53562],[132.50213,34.53545],[132.50269,34.53549],[132.50306,34.53562],[132.50325,34.53577],[132.50343,34.53545],[132.50352,34.53534],[132.50362,34.53518],[132.50398,34.53473],[132.50417,34.53444],[132.50414,34.53438],[132.50409,34.53426],[132.50401,34.53412],[132.50376,34.53367],[132.50343,34.53294],[132.50345,34.5324],[132.50345,34.53171],[132.50354,34.53153],[132.5033,34.53145],[132.50331,34.53137],[132.50331,34.53137],[132.50316,34.53125],[132.50307,34.53113],[132.50305,34.53103],[132.50306,34.53089],[132.50307,34.53087],[132.50308,34.53056],[132.50308,34.5305],[132.50311,34.53047],[132.50331,34.53043],[132.50339,34.53042],[132.50338,34.53038],[132.50316,34.53039],[132.50313,34.53037],[132.503,34.53018],[132.50295,34.53005],[132.50283,34.52976],[132.50281,34.52969],[132.50279,34.52969],[132.50274,34.52968],[132.50269,34.52965],[132.50267,34.52963],[132.50263,34.52955],[132.50262,34.52953],[132.5026,34.52942],[132.50252,34.52918],[132.50137,34.52921],[132.50145,34.52893],[132.50142,34.52887],[132.50134,34.52884],[132.50123,34.52879],[132.50113,34.52876],[132.50108,34.52875],[132.50105,34.52875],[132.50096,34.52878],[132.50083,34.52882],[132.50074,34.52887],[132.50072,34.52889],[132.50062,34.52893],[132.50056,34.52895],[132.50054,34.5289],[132.5005,34.52882],[132.50046,34.52874],[132.50039,34.52875],[132.5004,34.52879],[132.50039,34.52882],[132.50038,34.52888],[132.50032,34.52895],[132.5002,34.529],[132.50006,34.52902],[132.49996,34.52859],[132.49994,34.52844],[132.49992,34.52837],[132.49992,34.52832],[132.49983,34.52834],[132.49973,34.52835],[132.49961,34.52837],[132.49941,34.52841],[132.49934,34.52845],[132.49932,34.52849],[132.49931,34.52854],[132.49931,34.5286],[132.4993,34.52869],[132.4993,34.52879],[132.49927,34.52884],[132.49926,34.52884],[132.49924,34.52888],[132.49915,34.52889],[132.49904,34.52886],[132.49892,34.52886],[132.49884,34.52887],[132.49863,34.52901],[132.49851,34.52909],[132.49842,34.52914],[132.49834,34.52914],[132.49831,34.52913],[132.4983,34.52913],[132.49827,34.52911],[132.49823,34.52904],[132.4982,34.52897],[132.49817,34.52888],[132.49813,34.52875],[132.4981,34.52866],[132.49806,34.52857],[132.49801,34.52846],[132.49795,34.52841],[132.4979,34.52836],[132.49784,34.52834],[132.49778,34.52834],[132.49772,34.52834],[132.49767,34.52835],[132.4976,34.52839],[132.49748,34.52847],[132.49737,34.52856],[132.49728,34.52861],[132.49722,34.52864],[132.49716,34.52864],[132.49716,34.52865],[132.49703,34.52865],[132.49673,34.52863],[132.49649,34.52862],[132.49642,34.52862],[132.49637,34.52864],[132.49637,34.52865],[132.49634,34.52874],[132.49628,34.52885],[132.4962,34.52893],[132.4961,34.529],[132.49601,34.52906],[132.49602,34.52909],[132.49602,34.52911],[132.49602,34.52914],[132.49602,34.52921],[132.49601,34.52928],[132.496,34.52936],[132.49598,34.52945],[132.49596,34.52956],[132.49594,34.52965],[132.49595,34.52974],[132.49598,34.52988],[132.49601,34.52997],[132.49603,34.53],[132.49596,34.53002],[132.49593,34.53001],[132.49589,34.52998],[132.49588,34.53004],[132.49584,34.53011],[132.49578,34.53019],[132.49572,34.53028],[132.49563,34.53035],[132.4956,34.53036],[132.49558,34.53038],[132.49558,34.53042],[132.49558,34.53047],[132.49556,34.5305],[132.49553,34.53052],[132.49547,34.53056],[132.49541,34.53059],[132.49532,34.53063],[132.49524,34.53064],[132.49515,34.53062],[132.49506,34.53057],[132.49497,34.53052],[132.49492,34.53047],[132.49492,34.53047],[132.49491,34.53046],[132.49486,34.53044],[132.49477,34.53039],[132.49469,34.53035],[132.49462,34.53024],[132.49456,34.53015],[132.49451,34.53013],[132.49445,34.53012],[132.49439,34.53015],[132.49436,34.5302],[132.49436,34.53025],[132.49438,34.53038],[132.49439,34.53049],[132.49437,34.53058],[132.49433,34.53065],[132.49427,34.53067],[132.4942,34.53068],[132.49412,34.53066],[132.49399,34.53062],[132.49394,34.53061],[132.4939,34.53062],[132.49387,34.53063],[132.49384,34.53068],[132.49384,34.53072],[132.49387,34.53085],[132.49388,34.53093],[132.49391,34.531],[132.49388,34.53113],[132.49385,34.53123],[132.49381,34.53132],[132.49376,34.53142],[132.49392,34.5315],[132.49392,34.53151],[132.49405,34.53159],[132.49406,34.53162],[132.49406,34.53165],[132.49405,34.53166],[132.49405,34.53167],[132.49409,34.53168],[132.49412,34.53167],[132.49412,34.53167],[132.49415,34.53164],[132.49423,34.53154],[132.49427,34.5315],[132.49431,34.53148],[132.49435,34.53146],[132.49439,34.53147],[132.49442,34.53149],[132.49444,34.53151],[132.49447,34.53162],[132.49453,34.53177],[132.49456,34.5318],[132.49459,34.53184],[132.49463,34.53186],[132.49466,34.53187],[132.49469,34.53188],[132.49471,34.53194],[132.4947,34.53199],[132.4947,34.53203],[132.49466,34.53203],[132.49465,34.53204],[132.49458,34.53204],[132.49449,34.53205],[132.49448,34.53206],[132.49444,34.53207],[132.49437,34.5321],[132.49427,34.53213],[132.49419,34.53218],[132.49409,34.53228],[132.49394,34.53242],[132.49385,34.53253],[132.49404,34.53278],[132.49453,34.53331],[132.49457,34.53336],[132.49441,34.53342],[132.49434,34.53345],[132.4942,34.5335],[132.49401,34.53355],[132.49392,34.53358],[132.4939,34.53359],[132.49382,34.53361],[132.49369,34.53366],[132.49365,34.53367],[132.49361,34.53369],[132.49356,34.53371],[132.49346,34.53376],[132.49342,34.53379],[132.49338,34.53382],[132.49327,34.53391],[132.49325,34.53393],[132.4932,34.53397],[132.49315,34.53398],[132.49303,34.53401],[132.49291,34.53404],[132.49276,34.53407],[132.49259,34.53413],[132.49233,34.53421],[132.49226,34.53422],[132.49223,34.53421],[132.49222,34.5342],[132.4922,34.53417],[132.49219,34.53414],[132.4922,34.53411],[132.49224,34.53408],[132.49229,34.53405],[132.49234,34.53402],[132.49235,34.53401],[132.49238,34.53398],[132.49232,34.53398],[132.49231,34.53397],[132.49225,34.53397],[132.49217,34.53396],[132.49211,34.53396],[132.49204,34.53394],[132.49189,34.53388],[132.49187,34.53387],[132.49184,34.53386],[132.49182,34.53384],[132.4918,34.53382],[132.49177,34.5338],[132.49174,34.53377],[132.4917,34.53374],[132.49166,34.5337],[132.49164,34.53365],[132.4916,34.53358],[132.49154,34.53349],[132.49152,34.53346],[132.49148,34.53341],[132.49145,34.53337],[132.49144,34.53334],[132.49143,34.53331],[132.49144,34.53326],[132.49144,34.5332],[132.49145,34.53313],[132.49143,34.53303],[132.49142,34.53299],[132.4914,34.53294],[132.49138,34.53288],[132.49135,34.5328],[132.49134,34.53273],[132.49135,34.53269],[132.49136,34.53267],[132.49137,34.53262],[132.49141,34.53256],[132.49148,34.53244],[132.49152,34.53233],[132.49153,34.53225],[132.49147,34.53223],[132.49144,34.53222],[132.49137,34.5322],[132.4913,34.53218],[132.49123,34.53215],[132.49117,34.5321],[132.4911,34.53203],[132.49109,34.53203],[132.49105,34.53196],[132.491,34.53179],[132.49095,34.53167],[132.4909,34.53159],[132.49086,34.53151],[132.49083,34.53143],[132.49078,34.53134],[132.49074,34.53126],[132.4907,34.53117],[132.49064,34.53111],[132.49058,34.53103],[132.4905,34.53095],[132.49044,34.5309],[132.49037,34.53086],[132.49034,34.53083],[132.49039,34.53061],[132.49041,34.5305],[132.49048,34.53013],[132.49054,34.52971],[132.49028,34.52968],[132.49013,34.52969],[132.49013,34.52969],[132.4901,34.52969],[132.49007,34.52971],[132.49002,34.52973],[132.48993,34.52975],[132.48979,34.52979],[132.48959,34.52985],[132.48941,34.52991],[132.48927,34.52997],[132.48924,34.52998],[132.48921,34.53002],[132.48917,34.53007],[132.48909,34.53017],[132.48902,34.53025],[132.48897,34.53028],[132.48885,34.53033],[132.48867,34.53041],[132.48852,34.53048],[132.48835,34.53055],[132.48815,34.53065],[132.48802,34.5307],[132.488,34.53074],[132.488,34.53076],[132.48797,34.53081],[132.48792,34.53086],[132.48788,34.53089],[132.48781,34.53091],[132.48773,34.53094],[132.48762,34.53098],[132.48773,34.5312],[132.48786,34.53149],[132.48787,34.53153],[132.48791,34.53165],[132.48802,34.53199],[132.48804,34.53204],[132.4882,34.53196],[132.48833,34.5319],[132.48839,34.53186],[132.48842,34.53191],[132.48842,34.53191],[132.48844,34.53193],[132.48849,34.53198],[132.48859,34.53215],[132.48887,34.53216],[132.48888,34.53216],[132.48893,34.53218],[132.48897,34.5322],[132.48901,34.53224],[132.48904,34.53229],[132.48904,34.53237],[132.48903,34.5324],[132.48902,34.53243],[132.48901,34.53245],[132.48901,34.53249],[132.489,34.53252],[132.48896,34.53268],[132.48894,34.53275],[132.48894,34.53277],[132.48892,34.53281],[132.48891,34.53286],[132.4889,34.53289],[132.48888,34.53294],[132.48888,34.53299],[132.48888,34.53303],[132.48888,34.53306],[132.48889,34.53311],[132.48891,34.53316],[132.48893,34.53319],[132.48896,34.53323],[132.48899,34.53327],[132.489,34.53334],[132.48901,34.53339],[132.48901,34.53342],[132.48902,34.53353],[132.48858,34.53357],[132.48855,34.53357],[132.48855,34.53363],[132.48848,34.53363],[132.48847,34.53361],[132.48834,34.53362],[132.48827,34.53362],[132.48804,34.53363],[132.48807,34.53352],[132.48805,34.53352],[132.48803,34.53352],[132.48801,34.53351],[132.48798,34.53348],[132.48796,34.53346],[132.48794,34.53344],[132.48791,34.53339],[132.48791,34.53333],[132.48785,34.53334],[132.48781,34.53334],[132.48777,34.53334],[132.48768,34.53338],[132.48765,34.53339],[132.48755,34.53342],[132.4875,34.53343],[132.48744,34.53344],[132.48751,34.53394],[132.48758,34.53426],[132.48766,34.53484],[132.4877,34.53526],[132.48779,34.53574],[132.48786,34.53619],[132.48798,34.5366],[132.48806,34.5371],[132.48824,34.53814],[132.48832,34.53884],[132.4885,34.53977],[132.48865,34.54079],[132.48884,34.54164],[132.48893,34.54237],[132.48897,34.54237],[132.48984,34.54236],[132.49079,34.54227],[132.49092,34.54225],[132.49142,34.54219],[132.49202,34.54202],[132.49233,34.54179],[132.49272,34.54164]]],[[[132.48206,34.52847],[132.48222,34.52838],[132.48231,34.52853],[132.48236,34.52862],[132.48238,34.52863],[132.48321,34.52895],[132.4832,34.5289],[132.4832,34.52883],[132.4832,34.52868],[132.48322,34.52862],[132.48324,34.52858],[132.4833,34.52856],[132.48336,34.52856],[132.4834,34.52856],[132.48345,34.52854],[132.48353,34.5285],[132.48358,34.52843],[132.48364,34.52834],[132.48367,34.5283],[132.48376,34.52826],[132.48404,34.52815],[132.48413,34.52812],[132.48416,34.52811],[132.48417,34.52796],[132.48411,34.52783],[132.48409,34.52775],[132.48406,34.52763],[132.48411,34.52743],[132.48411,34.5274],[132.4841,34.52736],[132.48405,34.52733],[132.48392,34.52725],[132.4839,34.5272],[132.48391,34.52714],[132.48394,34.5271],[132.48398,34.52708],[132.484,34.52708],[132.48404,34.52708],[132.48406,34.52708],[132.48404,34.52705],[132.48398,34.52698],[132.48394,34.52692],[132.48381,34.52676],[132.4838,34.52672],[132.48383,34.52664],[132.48388,34.52657],[132.48399,34.52644],[132.48393,34.52641],[132.48372,34.52626],[132.4837,34.52623],[132.48371,34.5262],[132.48378,34.52615],[132.48427,34.52589],[132.48433,34.52589],[132.48439,34.52591],[132.4845,34.52597],[132.48455,34.52606],[132.48462,34.52621],[132.48465,34.5263],[132.48467,34.52637],[132.48468,34.52639],[132.48475,34.52654],[132.48483,34.52662],[132.48488,34.52668],[132.48498,34.52673],[132.48529,34.52678],[132.48554,34.5268],[132.48566,34.52681],[132.48575,34.52681],[132.48586,34.5269],[132.48593,34.52695],[132.486,34.52699],[132.48609,34.52708],[132.48615,34.52714],[132.48615,34.52706],[132.48632,34.5269],[132.48633,34.52676],[132.48629,34.52672],[132.48625,34.52668],[132.48622,34.52661],[132.48619,34.52657],[132.48619,34.52651],[132.48619,34.52648],[132.48623,34.52644],[132.48626,34.52642],[132.48635,34.52642],[132.48641,34.52644],[132.48649,34.52647],[132.48658,34.52651],[132.48663,34.52647],[132.48683,34.52633],[132.48703,34.52621],[132.48712,34.52617],[132.48733,34.52598],[132.48737,34.52591],[132.48736,34.52584],[132.48715,34.52582],[132.48701,34.52576],[132.487,34.52566],[132.48812,34.5257],[132.48824,34.52561],[132.4883,34.52554],[132.48834,34.52548],[132.48841,34.52538],[132.48845,34.52538],[132.48847,34.5254],[132.48855,34.52548],[132.48856,34.52539],[132.48856,34.52522],[132.48858,34.52518],[132.48861,34.52514],[132.48872,34.52508],[132.4888,34.52506],[132.48885,34.52505],[132.48902,34.52502],[132.48936,34.52499],[132.48934,34.52497],[132.48924,34.52488],[132.4891,34.52479],[132.48914,34.52474],[132.48914,34.52473],[132.48905,34.52468],[132.48887,34.52456],[132.48876,34.52452],[132.48861,34.52447],[132.48846,34.52442],[132.48826,34.52436],[132.48809,34.52425],[132.48808,34.52421],[132.48804,34.52416],[132.48807,34.52417],[132.48814,34.5242],[132.48828,34.52423],[132.48838,34.52423],[132.48851,34.52424],[132.48862,34.52427],[132.48868,34.52428],[132.48874,34.52427],[132.4888,34.52426],[132.48891,34.52424],[132.48898,34.52427],[132.48911,34.52432],[132.48919,34.52437],[132.48938,34.52448],[132.48976,34.5246],[132.4898,34.5246],[132.48982,34.52457],[132.48984,34.52454],[132.48986,34.52448],[132.48993,34.52446],[132.48999,34.52444],[132.49001,34.52441],[132.49002,34.52434],[132.49004,34.52426],[132.49005,34.52422],[132.49011,34.52419],[132.4902,34.52416],[132.49017,34.52412],[132.49012,34.52398],[132.49011,34.52387],[132.49011,34.5238],[132.49014,34.52374],[132.49015,34.52372],[132.49018,34.52368],[132.49023,34.52363],[132.49031,34.52357],[132.49034,34.52354],[132.49036,34.52351],[132.49036,34.52346],[132.49035,34.52341],[132.49033,34.52337],[132.49029,34.52333],[132.49021,34.52326],[132.49016,34.52326],[132.49007,34.52327],[132.48994,34.52333],[132.48971,34.52346],[132.48963,34.52349],[132.48954,34.52349],[132.48946,34.52347],[132.4893,34.5234],[132.4891,34.52331],[132.48904,34.52326],[132.48903,34.52321],[132.48906,34.52316],[132.4893,34.5226],[132.48928,34.52255],[132.48926,34.52252],[132.48923,34.52246],[132.48921,34.52239],[132.4892,34.52229],[132.4892,34.52224],[132.48921,34.52221],[132.48921,34.522],[132.48903,34.5219],[132.48878,34.52176],[132.48873,34.52174],[132.48871,34.52176],[132.48855,34.52171],[132.4885,34.52171],[132.48843,34.52168],[132.48831,34.52161],[132.48827,34.5216],[132.48823,34.52161],[132.48816,34.52154],[132.48819,34.5215],[132.48812,34.52149],[132.48803,34.52147],[132.48797,34.52143],[132.48795,34.52138],[132.48796,34.52135],[132.48799,34.52133],[132.48805,34.5213],[132.48812,34.52126],[132.48823,34.52119],[132.48816,34.52115],[132.48821,34.52109],[132.48823,34.52105],[132.48826,34.521],[132.4883,34.52093],[132.4883,34.52087],[132.4883,34.52077],[132.48829,34.5207],[132.48824,34.52064],[132.48818,34.52062],[132.48808,34.52061],[132.48807,34.52061],[132.48798,34.52061],[132.48788,34.52064],[132.48772,34.52053],[132.48762,34.52048],[132.48719,34.52033],[132.48669,34.52016],[132.48633,34.52003],[132.4864,34.51994],[132.48631,34.51991],[132.48591,34.51984],[132.48562,34.51984],[132.48495,34.51989],[132.48397,34.52],[132.48292,34.52018],[132.48195,34.52036],[132.48099,34.5206],[132.48012,34.52089],[132.47941,34.52115],[132.47875,34.52152],[132.4782,34.52179],[132.47813,34.52182],[132.47752,34.52222],[132.47716,34.52253],[132.47706,34.52266],[132.47695,34.52276],[132.47682,34.52283],[132.47667,34.52286],[132.47655,34.52287],[132.47633,34.52288],[132.47613,34.52287],[132.47597,34.52284],[132.47577,34.52278],[132.47557,34.52272],[132.47539,34.52266],[132.47512,34.5226],[132.47482,34.52253],[132.47463,34.52248],[132.4746,34.52247],[132.47443,34.52243],[132.47418,34.52242],[132.4743,34.52278],[132.4744,34.52317],[132.47461,34.52367],[132.47478,34.52407],[132.47518,34.52513],[132.47524,34.52568],[132.47539,34.52574],[132.47553,34.52574],[132.47564,34.52567],[132.47586,34.52555],[132.47614,34.52541],[132.47645,34.52523],[132.47671,34.52553],[132.47681,34.52566],[132.47703,34.52592],[132.47747,34.52643],[132.47804,34.52695],[132.47867,34.52754],[132.47928,34.52809],[132.47989,34.52878],[132.48073,34.5297],[132.48186,34.53048],[132.48238,34.53074],[132.48271,34.53088],[132.48267,34.53079],[132.4826,34.53072],[132.48248,34.5306],[132.48241,34.5305],[132.48241,34.53035],[132.4824,34.53034],[132.48238,34.53026],[132.48238,34.5302],[132.48239,34.5301],[132.48242,34.53005],[132.48243,34.53003],[132.48248,34.52993],[132.4825,34.52985],[132.48251,34.52979],[132.4825,34.52971],[132.48248,34.52965],[132.48244,34.52959],[132.48237,34.52949],[132.48234,34.52942],[132.48234,34.52941],[132.48234,34.52937],[132.48236,34.52933],[132.4824,34.52929],[132.48249,34.52924],[132.48257,34.52921],[132.48268,34.52918],[132.48272,34.52918],[132.48273,34.52917],[132.48296,34.52911],[132.48287,34.52906],[132.48272,34.52895],[132.48269,34.52894],[132.48269,34.52893],[132.48263,34.52889],[132.48258,34.52885],[132.48255,34.52884],[132.4825,34.52881],[132.48247,34.52879],[132.48225,34.52867],[132.48218,34.52862],[132.48206,34.52847]]]]}},{"type":"Feature","properties":{"name":"可部町大字今井田","setai":57,"jinko":123,"key":"341067650","units":1},"geometry":{"type":"Polygon","coordinates":[[[132.47518,34.52513],[132.47478,34.52407],[132.47461,34.52367],[132.4744,34.52317],[132.4743,34.52278],[132.47418,34.52242],[132.47443,34.52243],[132.4746,34.52247],[132.47463,34.52248],[132.47482,34.52253],[132.47512,34.5226],[132.47539,34.52266],[132.47557,34.52272],[132.47577,34.52278],[132.47597,34.52284],[132.47613,34.52287],[132.47633,34.52288],[132.47655,34.52287],[132.47667,34.52286],[132.47682,34.52283],[132.47695,34.52276],[132.47706,34.52266],[132.47716,34.52253],[132.47752,34.52222],[132.47813,34.52182],[132.4782,34.52179],[132.47875,34.52152],[132.47941,34.52115],[132.48012,34.52089],[132.48099,34.5206],[132.48195,34.52036],[132.48292,34.52018],[132.48397,34.52],[132.48495,34.51989],[132.48562,34.51984],[132.48591,34.51984],[132.48631,34.51991],[132.4864,34.51994],[132.48647,34.51987],[132.48652,34.51983],[132.48658,34.5198],[132.48671,34.51977],[132.48677,34.51971],[132.48676,34.51966],[132.48672,34.51954],[132.4867,34.51948],[132.48676,34.51944],[132.48723,34.51916],[132.48739,34.51904],[132.48772,34.51882],[132.48782,34.51875],[132.48801,34.51866],[132.48805,34.51864],[132.48818,34.5186],[132.48823,34.51859],[132.48851,34.51841],[132.48847,34.51835],[132.48843,34.51831],[132.48835,34.51827],[132.48824,34.51822],[132.48813,34.51824],[132.48802,34.51829],[132.48786,34.51838],[132.48776,34.51839],[132.4876,34.51845],[132.4875,34.51848],[132.48739,34.51848],[132.48724,34.51848],[132.4872,34.51849],[132.48709,34.51856],[132.48709,34.51856],[132.48707,34.5186],[132.48705,34.51864],[132.48692,34.51869],[132.4869,34.51875],[132.48679,34.5188],[132.48673,34.51882],[132.48654,34.51891],[132.48652,34.51891],[132.48651,34.5189],[132.48647,34.51888],[132.48645,34.51886],[132.4865,34.51879],[132.48659,34.51867],[132.48652,34.51869],[132.48641,34.51874],[132.48632,34.51873],[132.48628,34.51871],[132.48625,34.51866],[132.48616,34.51858],[132.48602,34.51849],[132.48587,34.5184],[132.48579,34.51834],[132.48577,34.51829],[132.48576,34.51822],[132.48566,34.51825],[132.48557,34.51825],[132.48546,34.51825],[132.48539,34.51824],[132.48536,34.51823],[132.48525,34.51822],[132.48513,34.51821],[132.48502,34.51821],[132.485,34.5182],[132.48493,34.5182],[132.48485,34.51822],[132.48477,34.51823],[132.48468,34.51826],[132.48465,34.51826],[132.48458,34.51827],[132.48449,34.51828],[132.48444,34.51828],[132.48441,34.51829],[132.4843,34.51826],[132.48422,34.51823],[132.48418,34.5182],[132.48411,34.51812],[132.48409,34.51808],[132.48399,34.51789],[132.48398,34.51784],[132.48402,34.5178],[132.48404,34.51779],[132.48413,34.51774],[132.48415,34.51774],[132.4842,34.51772],[132.48431,34.51768],[132.48431,34.51768],[132.48436,34.51765],[132.48445,34.51761],[132.48458,34.51753],[132.48458,34.51753],[132.48463,34.51749],[132.48475,34.51744],[132.48475,34.51744],[132.48487,34.5174],[132.48501,34.51736],[132.48513,34.5173],[132.48522,34.51726],[132.48508,34.51721],[132.48477,34.51709],[132.48473,34.51706],[132.48468,34.51703],[132.48463,34.51697],[132.48454,34.51687],[132.48451,34.51682],[132.48384,34.51654],[132.48386,34.5165],[132.48399,34.51628],[132.48415,34.51615],[132.48426,34.51608],[132.48436,34.51604],[132.48445,34.51602],[132.48456,34.51602],[132.4848,34.51607],[132.48488,34.5161],[132.48502,34.5162],[132.48534,34.51646],[132.4855,34.5166],[132.48551,34.51663],[132.48554,34.51669],[132.48553,34.51681],[132.48554,34.51688],[132.48556,34.51692],[132.4856,34.51696],[132.48563,34.51694],[132.48566,34.51694],[132.48569,34.5169],[132.48575,34.51681],[132.48583,34.51683],[132.48601,34.51688],[132.48623,34.51691],[132.48649,34.51693],[132.48678,34.51695],[132.48682,34.51699],[132.48705,34.51693],[132.48705,34.51693],[132.48721,34.51689],[132.48725,34.51687],[132.48726,34.51686],[132.48726,34.51683],[132.48726,34.51679],[132.48726,34.51678],[132.48725,34.51671],[132.48727,34.51666],[132.48732,34.51664],[132.48737,34.51663],[132.48738,34.51663],[132.48743,34.51664],[132.48746,34.51663],[132.48751,34.5166],[132.48758,34.51657],[132.48764,34.51653],[132.48771,34.51649],[132.48774,34.51648],[132.48777,34.51647],[132.48786,34.51644],[132.48797,34.5164],[132.48804,34.51634],[132.48805,34.51634],[132.48808,34.51629],[132.48811,34.51623],[132.48816,34.51615],[132.48825,34.51607],[132.48829,34.51606],[132.48833,34.51602],[132.48839,34.51596],[132.48848,34.51587],[132.48849,34.51586],[132.4885,34.51585],[132.48853,34.51579],[132.48856,34.51571],[132.48861,34.51559],[132.48866,34.51548],[132.48872,34.51538],[132.4888,34.51528],[132.4888,34.51527],[132.48884,34.51523],[132.48884,34.51522],[132.48887,34.51519],[132.4889,34.51516],[132.48897,34.51508],[132.48902,34.51506],[132.48913,34.51505],[132.48928,34.51503],[132.48934,34.51503],[132.48945,34.51504],[132.48947,34.51502],[132.48949,34.51499],[132.4895,34.51498],[132.48954,34.51494],[132.48959,34.51488],[132.48967,34.51486],[132.48977,34.51484],[132.48987,34.51484],[132.48995,34.51485],[132.49,34.51486],[132.49001,34.51488],[132.49007,34.51496],[132.49012,34.51505],[132.49012,34.51511],[132.49012,34.51516],[132.49009,34.51524],[132.49017,34.51525],[132.49022,34.51526],[132.49028,34.51511],[132.49041,34.51513],[132.49045,34.51513],[132.49043,34.51506],[132.4904,34.51499],[132.49034,34.51491],[132.49032,34.51485],[132.4903,34.51477],[132.49024,34.51469],[132.49021,34.51465],[132.49018,34.51461],[132.49012,34.51454],[132.49007,34.51449],[132.48986,34.51433],[132.48965,34.51416],[132.48965,34.51415],[132.48961,34.51409],[132.48954,34.51402],[132.48947,34.51394],[132.48937,34.51382],[132.48929,34.51375],[132.48921,34.51369],[132.48947,34.51321],[132.48831,34.51283],[132.48816,34.51278],[132.48789,34.51268],[132.4877,34.5126],[132.48751,34.51252],[132.48735,34.51244],[132.48724,34.51238],[132.4871,34.5123],[132.487,34.51225],[132.48696,34.51222],[132.48692,34.51219],[132.48686,34.51213],[132.4868,34.51206],[132.48677,34.51202],[132.48674,34.51198],[132.48671,34.51194],[132.48669,34.51189],[132.48666,34.51183],[132.48665,34.51179],[132.48664,34.51175],[132.48663,34.51167],[132.4866,34.51147],[132.4866,34.51135],[132.48659,34.51122],[132.4866,34.51115],[132.48662,34.51101],[132.48663,34.51096],[132.48665,34.51088],[132.48668,34.51076],[132.48673,34.51054],[132.48679,34.51026],[132.48691,34.50971],[132.48698,34.50941],[132.48702,34.50923],[132.48705,34.50907],[132.48709,34.50891],[132.48718,34.50857],[132.48719,34.50852],[132.48727,34.50829],[132.48731,34.50817],[132.48736,34.508],[132.48739,34.50786],[132.48763,34.50714],[132.48773,34.50683],[132.48777,34.50663],[132.48785,34.50639],[132.48789,34.50623],[132.48794,34.50599],[132.48794,34.50588],[132.48794,34.50574],[132.4879,34.50536],[132.4879,34.50533],[132.48777,34.50458],[132.48774,34.50444],[132.4877,34.50413],[132.48767,34.50391],[132.48764,34.50361],[132.48762,34.50359],[132.48696,34.50308],[132.48593,34.50226],[132.48589,34.50222],[132.48588,34.50221],[132.48574,34.50199],[132.48548,34.5019],[132.48542,34.50189],[132.48525,34.50189],[132.48503,34.50193],[132.48483,34.50198],[132.48463,34.50203],[132.48431,34.50217],[132.48422,34.50221],[132.48401,34.50232],[132.48376,34.50245],[132.48345,34.50262],[132.48309,34.50284],[132.48287,34.50297],[132.48266,34.50308],[132.48243,34.50321],[132.48194,34.5036],[132.48136,34.50407],[132.48106,34.50452],[132.48072,34.50499],[132.48054,34.50549],[132.48039,34.50598],[132.48037,34.50603],[132.48029,34.50629],[132.48029,34.5064],[132.48022,34.50669],[132.4802,34.5069],[132.48018,34.50703],[132.48046,34.50743],[132.48077,34.50807],[132.4815,34.50905],[132.4818,34.50947],[132.48204,34.5099],[132.48219,34.5104],[132.48222,34.51089],[132.48223,34.51174],[132.48226,34.51242],[132.48218,34.51285],[132.4821,34.51313],[132.48204,34.51328],[132.48197,34.51337],[132.48165,34.51345],[132.48115,34.51359],[132.48074,34.51376],[132.48039,34.51382],[132.48033,34.51382],[132.48001,34.51383],[132.47975,34.51376],[132.47947,34.51367],[132.47924,34.5136],[132.47907,34.51347],[132.47873,34.51317],[132.47822,34.51254],[132.47818,34.5125],[132.47799,34.5123],[132.47751,34.51182],[132.47706,34.51144],[132.47643,34.51086],[132.47589,34.51029],[132.47542,34.50984],[132.47478,34.50945],[132.47455,34.50937],[132.47396,34.50914],[132.47313,34.50886],[132.47283,34.50881],[132.47233,34.50872],[132.47219,34.50871],[132.4714,34.50862],[132.47055,34.50862],[132.46976,34.50885],[132.46882,34.50917],[132.46817,34.50961],[132.46787,34.51],[132.46746,34.51045],[132.46709,34.51078],[132.46687,34.51106],[132.46673,34.51124],[132.46659,34.51162],[132.46647,34.5119],[132.46645,34.51231],[132.46649,34.51278],[132.46657,34.51318],[132.46661,34.51326],[132.46675,34.51358],[132.46699,34.51393],[132.46706,34.51402],[132.46722,34.51421],[132.46723,34.51443],[132.46723,34.51443],[132.46729,34.51488],[132.46747,34.51528],[132.46749,34.51533],[132.46765,34.51566],[132.46775,34.5159],[132.46782,34.51615],[132.46789,34.51639],[132.46793,34.51674],[132.46811,34.51698],[132.46853,34.51755],[132.46886,34.51806],[132.46901,34.51846],[132.4691,34.51873],[132.46925,34.51901],[132.46932,34.51926],[132.46934,34.51952],[132.4693,34.51984],[132.46922,34.52017],[132.4691,34.5204],[132.46893,34.52062],[132.46876,34.52073],[132.46835,34.5209],[132.46829,34.52092],[132.46781,34.5211],[132.46812,34.52159],[132.46815,34.52183],[132.46809,34.52212],[132.46781,34.52229],[132.46739,34.52247],[132.46706,34.52256],[132.46684,34.52257],[132.4666,34.52266],[132.4665,34.52274],[132.46647,34.52282],[132.46649,34.52299],[132.46655,34.52313],[132.46656,34.52315],[132.46687,34.52331],[132.46773,34.52372],[132.46817,34.52386],[132.46884,34.52395],[132.47124,34.52444],[132.47208,34.52447],[132.47283,34.52446],[132.47321,34.52442],[132.47419,34.52501],[132.47461,34.52523],[132.47485,34.52536],[132.47524,34.52568],[132.47518,34.52513]]]}},{"type":"Feature","properties":{"name":"可部町大字中島","setai":0,"jinko":0,"key":"341067670","units":1},"geometry":{"type":"Polygon","coordinates":[[[132.52598,34.50095],[132.52602,34.49737],[132.5245,34.49738],[132.51941,34.4974],[132.51906,34.49756],[132.51894,34.49762],[132.51885,34.49765],[132.51888,34.49778],[132.51891,34.4982],[132.51892,34.49853],[132.51894,34.49867],[132.51893,34.49872],[132.51892,34.4988],[132.51891,34.49898],[132.5189,34.49906],[132.51892,34.4993],[132.51893,34.49937],[132.51893,34.49941],[132.51894,34.4995],[132.51896,34.49955],[132.51899,34.49962],[132.51903,34.49968],[132.51908,34.49974],[132.51921,34.49985],[132.51932,34.49998],[132.51937,34.50007],[132.51938,34.50008],[132.51946,34.5002],[132.51957,34.50033],[132.51969,34.50047],[132.51977,34.50057],[132.51996,34.50077],[132.52014,34.501],[132.52028,34.50116],[132.52043,34.50132],[132.52052,34.50141],[132.52051,34.50133],[132.52072,34.50129],[132.52122,34.50118],[132.5217,34.50112],[132.52195,34.50109],[132.52282,34.50094],[132.52345,34.50083],[132.524,34.5008],[132.52414,34.50081],[132.5244,34.50078],[132.5253,34.5007],[132.52559,34.50074],[132.52586,34.50089],[132.52598,34.50095]]]}},{"type":"Feature","properties":{"name":"可部町大字上原","setai":0,"jinko":0,"key":"341067680","units":1},"geometry":{"type":"Polygon","coordinates":[[[132.52581,34.5215],[132.52581,34.5215],[132.52575,34.52148],[132.52568,34.52146],[132.5256,34.52143],[132.52559,34.52142],[132.52543,34.52137],[132.52531,34.52133],[132.52521,34.52131],[132.52512,34.52128],[132.52508,34.52127],[132.52501,34.52125],[132.52494,34.52122],[132.52486,34.52116],[132.52485,34.52115],[132.52483,34.52113],[132.52481,34.52111],[132.52478,34.52108],[132.52472,34.52102],[132.52464,34.52093],[132.52459,34.52087],[132.52458,34.52085],[132.52454,34.5208],[132.52437,34.52059],[132.5243,34.5205],[132.52423,34.52042],[132.5242,34.52044],[132.52412,34.5205],[132.52409,34.52048],[132.52404,34.52045],[132.52395,34.52038],[132.52385,34.52031],[132.52374,34.52025],[132.52364,34.52021],[132.52359,34.52018],[132.52354,34.52016],[132.52347,34.52014],[132.52341,34.52013],[132.52334,34.52011],[132.52328,34.5201],[132.52323,34.52008],[132.52316,34.52007],[132.5231,34.52004],[132.52297,34.52],[132.5229,34.51998],[132.52281,34.51995],[132.52274,34.51992],[132.52268,34.51986],[132.52263,34.51981],[132.52258,34.51976],[132.52253,34.51968],[132.5223,34.51982],[132.52216,34.51986],[132.52203,34.51983],[132.52196,34.51969],[132.52196,34.51947],[132.52192,34.51946],[132.52186,34.51945],[132.52182,34.51944],[132.5218,34.51942],[132.52175,34.51939],[132.52168,34.51936],[132.52162,34.51934],[132.52157,34.51932],[132.52156,34.51933],[132.52151,34.51935],[132.52145,34.51937],[132.52142,34.51938],[132.5214,34.51937],[132.52137,34.51937],[132.52133,34.51935],[132.52127,34.51933],[132.52122,34.5193],[132.5212,34.51929],[132.52116,34.51927],[132.52116,34.51927],[132.52073,34.51926],[132.52059,34.51966],[132.52045,34.52004],[132.52025,34.52061],[132.52023,34.52119],[132.52048,34.52157],[132.52072,34.52182],[132.52077,34.52208],[132.52118,34.52229],[132.52142,34.52254],[132.52175,34.52297],[132.52195,34.52334],[132.52196,34.52376],[132.52193,34.52438],[132.52196,34.52487],[132.52195,34.5251],[132.52218,34.52536],[132.52223,34.52542],[132.52255,34.52573],[132.52311,34.5264],[132.52333,34.52663],[132.52364,34.52695],[132.52387,34.52721],[132.52399,34.52744],[132.52427,34.52739],[132.52429,34.52738],[132.52457,34.52723],[132.52485,34.52703],[132.52525,34.52681],[132.52581,34.52663],[132.52641,34.52654],[132.52692,34.5265],[132.52743,34.52651],[132.52794,34.52651],[132.52805,34.52651],[132.52835,34.5265],[132.52867,34.52644],[132.52921,34.52632],[132.52963,34.52611],[132.52999,34.52584],[132.53046,34.52563],[132.53101,34.52539],[132.53143,34.52526],[132.53174,34.52513],[132.53198,34.52494],[132.53212,34.5248],[132.53245,34.52448],[132.53303,34.52397],[132.53352,34.52343],[132.53397,34.52292],[132.53432,34.52262],[132.53453,34.52241],[132.53459,34.52198],[132.53458,34.52155],[132.53455,34.52119],[132.53452,34.52095],[132.53452,34.52071],[132.53456,34.52035],[132.53463,34.51999],[132.53474,34.51965],[132.53491,34.51927],[132.53537,34.51865],[132.53551,34.51851],[132.53607,34.51796],[132.53682,34.51747],[132.53722,34.51718],[132.53769,34.51668],[132.53824,34.51595],[132.53883,34.51513],[132.53889,34.51504],[132.53971,34.51413],[132.53992,34.51383],[132.53992,34.51383],[132.54017,34.51365],[132.54043,34.51351],[132.54079,34.51343],[132.54126,34.51347],[132.54138,34.51349],[132.54172,34.51355],[132.54324,34.51237],[132.54447,34.5114],[132.54533,34.51071],[132.54609,34.50984],[132.54705,34.5092],[132.54767,34.50889],[132.54779,34.50883],[132.54829,34.50859],[132.54863,34.50832],[132.54884,34.50817],[132.54893,34.50802],[132.54896,34.50787],[132.54896,34.5077],[132.54878,34.5075],[132.54826,34.50759],[132.54824,34.5076],[132.54816,34.50763],[132.54756,34.50787],[132.54707,34.50807],[132.54658,34.50836],[132.54619,34.50862],[132.54592,34.5088],[132.54571,34.50895],[132.54544,34.50904],[132.54518,34.50908],[132.54493,34.50911],[132.54462,34.50906],[132.54422,34.50893],[132.54408,34.5089],[132.54378,34.50884],[132.54327,34.50868],[132.54278,34.50834],[132.54229,34.50798],[132.5417,34.50759],[132.54119,34.50719],[132.54065,34.50673],[132.54035,34.50643],[132.5402,34.50615],[132.54002,34.50599],[132.53988,34.50598],[132.53974,34.50597],[132.53911,34.50596],[132.53805,34.50593],[132.53747,34.50591],[132.53698,34.50613],[132.53667,34.50639],[132.53627,34.50659],[132.53595,34.50669],[132.53559,34.5067],[132.53485,34.50669],[132.53458,34.50659],[132.53431,34.50649],[132.53376,34.50624],[132.53313,34.50582],[132.53265,34.50533],[132.53218,34.50497],[132.53178,34.50464],[132.53142,34.50433],[132.53101,34.50404],[132.53051,34.50387],[132.52989,34.5038],[132.52956,34.50379],[132.5293,34.50374],[132.529,34.50358],[132.52871,34.50344],[132.52821,34.503],[132.5277,34.50252],[132.52765,34.50247],[132.527,34.50189],[132.52676,34.50154],[132.52655,34.5013],[132.52636,34.50111],[132.5261,34.50101],[132.52598,34.50095],[132.52586,34.50089],[132.52559,34.50074],[132.5253,34.5007],[132.5244,34.50078],[132.52414,34.50081],[132.524,34.5008],[132.52345,34.50083],[132.52282,34.50094],[132.52195,34.50109],[132.5217,34.50112],[132.52122,34.50118],[132.52072,34.50129],[132.52051,34.50133],[132.52052,34.50141],[132.52061,34.50154],[132.5206,34.50173],[132.52065,34.50188],[132.52069,34.50207],[132.5207,34.50224],[132.5207,34.50241],[132.5207,34.50259],[132.52083,34.5027],[132.52093,34.50276],[132.521,34.5028],[132.52105,34.50289],[132.52107,34.50297],[132.5211,34.5031],[132.52113,34.50322],[132.52113,34.50339],[132.52116,34.50364],[132.52121,34.50398],[132.52124,34.50423],[132.52127,34.50447],[132.52128,34.5046],[132.52127,34.50472],[132.52125,34.50484],[132.52124,34.50496],[132.52123,34.50505],[132.52117,34.50515],[132.52112,34.50525],[132.52107,34.50535],[132.52107,34.50536],[132.5211,34.50538],[132.52112,34.50542],[132.52114,34.50548],[132.52114,34.50553],[132.52114,34.50557],[132.52114,34.50562],[132.52112,34.50565],[132.52111,34.50569],[132.5211,34.50574],[132.52109,34.50578],[132.52109,34.50582],[132.52109,34.50586],[132.52111,34.5059],[132.52113,34.50594],[132.52119,34.50598],[132.5213,34.50602],[132.52154,34.50606],[132.52155,34.50606],[132.52184,34.50609],[132.52207,34.50609],[132.52232,34.5061],[132.52232,34.50613],[132.52229,34.50615],[132.52226,34.50618],[132.5221,34.50622],[132.52209,34.50623],[132.52216,34.50626],[132.52254,34.50639],[132.52264,34.5064],[132.52297,34.50645],[132.523,34.50649],[132.523,34.50652],[132.52292,34.50672],[132.52292,34.50681],[132.52295,34.50681],[132.52314,34.50684],[132.52319,34.50684],[132.52319,34.50687],[132.52306,34.50755],[132.52295,34.50791],[132.52294,34.50799],[132.52298,34.50809],[132.52303,34.50816],[132.52311,34.50825],[132.52314,34.50829],[132.5232,34.50835],[132.52328,34.5084],[132.52334,34.50847],[132.52337,34.50854],[132.52339,34.50863],[132.52339,34.50866],[132.52342,34.50874],[132.52344,34.50888],[132.52348,34.50894],[132.52352,34.50899],[132.52354,34.50901],[132.52358,34.50904],[132.52363,34.50906],[132.52369,34.50909],[132.52375,34.50912],[132.52378,34.50915],[132.52379,34.50918],[132.52378,34.50925],[132.52379,34.50951],[132.52378,34.50982],[132.5238,34.51007],[132.52381,34.51011],[132.52381,34.51012],[132.52385,34.5102],[132.52386,34.51035],[132.52387,34.51055],[132.52388,34.51077],[132.52389,34.51088],[132.5239,34.5109],[132.52392,34.51092],[132.52394,34.51093],[132.52397,34.51094],[132.52402,34.51096],[132.52409,34.511],[132.52414,34.51103],[132.52418,34.51105],[132.52421,34.51105],[132.52423,34.51105],[132.52426,34.51104],[132.5243,34.51101],[132.52437,34.511],[132.52441,34.511],[132.52447,34.51101],[132.52451,34.51103],[132.5245,34.51115],[132.52495,34.51117],[132.52508,34.51118],[132.52516,34.51115],[132.52529,34.51112],[132.5254,34.51112],[132.5255,34.51113],[132.52564,34.51114],[132.52578,34.51115],[132.52593,34.51113],[132.52609,34.51112],[132.5261,34.51112],[132.52616,34.51113],[132.52623,34.51114],[132.52627,34.51114],[132.52632,34.51115],[132.52639,34.51114],[132.52653,34.51113],[132.52671,34.51112],[132.52677,34.51112],[132.52686,34.5111],[132.52709,34.51116],[132.52737,34.51117],[132.52737,34.51129],[132.52731,34.51132],[132.52733,34.51161],[132.52733,34.51164],[132.5271,34.51165],[132.52686,34.51167],[132.52665,34.51169],[132.5264,34.5117],[132.52621,34.51166],[132.52597,34.51159],[132.52587,34.51154],[132.52587,34.51154],[132.52585,34.51156],[132.52582,34.51157],[132.52579,34.51159],[132.52573,34.51161],[132.52572,34.51161],[132.52573,34.51179],[132.52571,34.51183],[132.52533,34.51215],[132.52526,34.51221],[132.52568,34.51213],[132.52571,34.5121],[132.52591,34.51209],[132.52584,34.51218],[132.52555,34.51256],[132.52553,34.51257],[132.52557,34.51262],[132.52547,34.51275],[132.52521,34.5127],[132.52524,34.51245],[132.52502,34.51232],[132.52482,34.51237],[132.52453,34.51244],[132.52446,34.51249],[132.52429,34.5126],[132.52424,34.51286],[132.52419,34.51293],[132.52411,34.51299],[132.5241,34.51299],[132.52342,34.51328],[132.52339,34.51329],[132.52317,34.51334],[132.52314,34.51334],[132.52311,34.51345],[132.52304,34.51363],[132.52305,34.51366],[132.52307,34.51368],[132.52319,34.51375],[132.52313,34.51385],[132.52312,34.51388],[132.52309,34.51395],[132.52305,34.51404],[132.52307,34.51407],[132.5231,34.51413],[132.52312,34.51418],[132.52312,34.51424],[132.52312,34.51429],[132.5231,34.51432],[132.52306,34.51433],[132.52302,34.51436],[132.52294,34.5144],[132.52286,34.51446],[132.52282,34.51452],[132.5228,34.51456],[132.52279,34.5146],[132.52278,34.51465],[132.52276,34.51471],[132.52274,34.51476],[132.52269,34.5148],[132.52266,34.51482],[132.52263,34.51482],[132.52261,34.51482],[132.52258,34.5148],[132.52253,34.51477],[132.52249,34.51474],[132.52244,34.51472],[132.52239,34.51473],[132.52235,34.51473],[132.5223,34.51475],[132.52226,34.51478],[132.52223,34.51481],[132.5222,34.51484],[132.52217,34.51485],[132.52216,34.51488],[132.52219,34.51489],[132.52221,34.51489],[132.52224,34.51492],[132.52226,34.51495],[132.52229,34.51499],[132.52232,34.51504],[132.52232,34.51507],[132.52228,34.51507],[132.52224,34.51506],[132.5222,34.51505],[132.52216,34.51507],[132.52209,34.51509],[132.52201,34.51513],[132.52195,34.51517],[132.52194,34.51518],[132.52192,34.51522],[132.52186,34.51527],[132.52183,34.51531],[132.52183,34.51535],[132.52183,34.5154],[132.52184,34.51546],[132.52184,34.51548],[132.5218,34.51549],[132.52175,34.51549],[132.52169,34.51552],[132.52164,34.51555],[132.52158,34.51561],[132.52154,34.51565],[132.5215,34.51569],[132.52146,34.51571],[132.52144,34.51571],[132.52143,34.5157],[132.52141,34.51566],[132.52133,34.51572],[132.52138,34.51576],[132.52142,34.51579],[132.52146,34.51584],[132.5215,34.51593],[132.52152,34.51605],[132.52155,34.51614],[132.52159,34.51618],[132.52167,34.51622],[132.52175,34.51626],[132.52184,34.51628],[132.52192,34.5163],[132.52199,34.51633],[132.52209,34.51635],[132.52213,34.51638],[132.52215,34.5164],[132.52217,34.51644],[132.52219,34.51649],[132.5222,34.51654],[132.52221,34.51658],[132.52225,34.51666],[132.52228,34.5167],[132.52229,34.51671],[132.52232,34.5167],[132.52235,34.51669],[132.52238,34.51668],[132.52241,34.51668],[132.52242,34.5167],[132.52244,34.51673],[132.52249,34.51674],[132.5225,34.51674],[132.52296,34.51683],[132.52303,34.51683],[132.52313,34.51682],[132.52329,34.5168],[132.52329,34.5168],[132.52345,34.51677],[132.52358,34.51674],[132.52372,34.51671],[132.52382,34.51668],[132.52397,34.51663],[132.52407,34.51661],[132.52413,34.51665],[132.52415,34.5168],[132.52417,34.5169],[132.52415,34.51692],[132.52415,34.51694],[132.52414,34.51696],[132.52412,34.51698],[132.52402,34.51703],[132.52377,34.51711],[132.52371,34.51724],[132.52388,34.51728],[132.52415,34.51733],[132.52435,34.51736],[132.5245,34.51743],[132.52524,34.51768],[132.5255,34.51783],[132.52562,34.51787],[132.52567,34.5179],[132.5257,34.51793],[132.52576,34.51801],[132.52581,34.51809],[132.52584,34.51812],[132.52589,34.51818],[132.52594,34.51822],[132.52607,34.51832],[132.52618,34.51839],[132.52629,34.51845],[132.52631,34.51845],[132.52638,34.51849],[132.5265,34.51857],[132.52652,34.51858],[132.52659,34.51865],[132.5266,34.51866],[132.5266,34.51867],[132.52659,34.51868],[132.52657,34.51869],[132.52653,34.51871],[132.52645,34.51876],[132.52636,34.51882],[132.5263,34.51888],[132.52627,34.51892],[132.52622,34.51899],[132.5262,34.51907],[132.52619,34.51911],[132.52619,34.51913],[132.52618,34.51919],[132.52618,34.51923],[132.52618,34.51927],[132.52618,34.51929],[132.52619,34.51932],[132.5262,34.51937],[132.52625,34.51942],[132.52629,34.51946],[132.52635,34.5195],[132.52643,34.51956],[132.5265,34.5196],[132.52659,34.51968],[132.5266,34.51978],[132.5266,34.52016],[132.52659,34.52034],[132.52661,34.52037],[132.52663,34.52038],[132.52665,34.52039],[132.52664,34.52043],[132.52663,34.52049],[132.52661,34.52053],[132.52658,34.52058],[132.52653,34.52064],[132.52648,34.52072],[132.52641,34.52081],[132.52634,34.5209],[132.52632,34.52094],[132.52632,34.52097],[132.52655,34.52127],[132.52679,34.52158],[132.52681,34.52172],[132.52674,34.52179],[132.5266,34.52182],[132.5264,34.5218],[132.52613,34.52167],[132.52605,34.5216],[132.52602,34.52158],[132.52596,34.52154],[132.5259,34.52152],[132.52581,34.5215]]]}},{"type":"Feature","properties":{"name":"可部町大字城","setai":0,"jinko":0,"key":"341067700","units":1},"geometry":{"type":"Polygon","coordinates":[[[132.51125,34.53904],[132.51127,34.53902],[132.51133,34.53895],[132.51139,34.53882],[132.5114,34.53871],[132.5114,34.53861],[132.51143,34.53845],[132.51147,34.53836],[132.51154,34.53835],[132.5116,34.53833],[132.51162,34.53829],[132.51167,34.53815],[132.5117,34.53805],[132.51173,34.53798],[132.51189,34.53798],[132.51189,34.53795],[132.51191,34.53789],[132.51197,34.53768],[132.51198,34.53763],[132.5118,34.53759],[132.51181,34.53753],[132.5118,34.53753],[132.5118,34.53747],[132.51179,34.5374],[132.51177,34.53727],[132.5118,34.53716],[132.51188,34.53709],[132.51184,34.53701],[132.5118,34.53693],[132.51175,34.53674],[132.51171,34.53668],[132.51144,34.53673],[132.51138,34.53674],[132.5113,34.53676],[132.51119,34.53676],[132.51117,34.53675],[132.51113,34.53669],[132.51109,34.53661],[132.51103,34.53661],[132.51096,34.53661],[132.51095,34.53661],[132.51086,34.53659],[132.51075,34.53655],[132.51062,34.53649],[132.51055,34.53644],[132.51054,34.53644],[132.51052,34.53642],[132.51047,34.53638],[132.51046,34.53635],[132.51048,34.53629],[132.51051,34.53623],[132.51058,34.53615],[132.51066,34.53604],[132.51073,34.53596],[132.51084,34.53586],[132.51096,34.53574],[132.51106,34.5357],[132.51108,34.5357],[132.51115,34.5357],[132.51123,34.5357],[132.51127,34.53566],[132.51131,34.53564],[132.51129,34.5356],[132.51127,34.53555],[132.51123,34.53547],[132.51119,34.53542],[132.51113,34.53539],[132.5111,34.53536],[132.5111,34.53535],[132.51108,34.5353],[132.51105,34.5352],[132.51105,34.53507],[132.51105,34.53507],[132.51105,34.53494],[132.51103,34.5347],[132.51103,34.53468],[132.51102,34.53463],[132.51097,34.53462],[132.51093,34.53461],[132.51089,34.53456],[132.51089,34.53454],[132.5109,34.53449],[132.51091,34.53441],[132.51091,34.53425],[132.51101,34.5342],[132.51109,34.53414],[132.51112,34.53412],[132.5111,34.53402],[132.51107,34.53394],[132.51104,34.53386],[132.51104,34.53385],[132.51102,34.53375],[132.51097,34.53374],[132.51098,34.53368],[132.51099,34.53363],[132.51099,34.53352],[132.51098,34.53342],[132.51097,34.53329],[132.51097,34.53325],[132.51094,34.53316],[132.51093,34.53313],[132.51091,34.53306],[132.5109,34.53301],[132.51089,34.53298],[132.51088,34.53289],[132.51089,34.53284],[132.51098,34.53273],[132.51101,34.53272],[132.5111,34.53269],[132.51119,34.53266],[132.51128,34.53262],[132.51134,34.53259],[132.51138,34.53255],[132.51146,34.53249],[132.51152,34.53243],[132.51171,34.53232],[132.51179,34.53225],[132.51186,34.53223],[132.51187,34.53203],[132.51187,34.53201],[132.51186,34.53182],[132.51187,34.53173],[132.51188,34.53165],[132.51191,34.53158],[132.51196,34.53151],[132.51201,34.53147],[132.51205,34.53144],[132.51212,34.53141],[132.51225,34.53134],[132.5123,34.53131],[132.51231,34.53125],[132.51231,34.53117],[132.51228,34.53113],[132.5122,34.53112],[132.51206,34.53111],[132.51199,34.53109],[132.5119,34.53106],[132.51183,34.531],[132.51178,34.53097],[132.51173,34.53094],[132.51166,34.53102],[132.51151,34.5311],[132.5108,34.53135],[132.51021,34.53161],[132.50998,34.53172],[132.50983,34.53174],[132.50969,34.53189],[132.50952,34.53202],[132.50926,34.53206],[132.50917,34.53233],[132.50911,34.53247],[132.50894,34.53252],[132.50876,34.53236],[132.50865,34.53238],[132.50835,34.53255],[132.5081,34.53285],[132.50807,34.533],[132.50836,34.53311],[132.50849,34.53315],[132.50832,34.5334],[132.50827,34.5335],[132.50848,34.53369],[132.50842,34.53383],[132.50817,34.534],[132.5079,34.53387],[132.50768,34.53385],[132.50736,34.53402],[132.50721,34.5341],[132.50736,34.53428],[132.5073,34.53438],[132.50679,34.53454],[132.50679,34.53454],[132.50646,34.53464],[132.50673,34.53488],[132.50691,34.53489],[132.50712,34.53501],[132.50702,34.53517],[132.50673,34.53537],[132.50664,34.53556],[132.50683,34.53572],[132.50717,34.53577],[132.50743,34.5358],[132.50744,34.536],[132.50726,34.53646],[132.50704,34.53669],[132.50695,34.53696],[132.50709,34.53727],[132.50746,34.53726],[132.50792,34.53708],[132.50845,34.53713],[132.50875,34.53722],[132.50902,34.53725],[132.50935,34.53746],[132.50966,34.53768],[132.50985,34.53804],[132.50987,34.53843],[132.51047,34.53863],[132.51089,34.53885],[132.51125,34.53904]]]}},{"type":"Feature","properties":{"name":"可部町大字虹山","setai":0,"jinko":0,"key":"341067710","units":1},"geometry":{"type":"Polygon","coordinates":[[[132.48417,34.52823],[132.48413,34.52812],[132.48404,34.52815],[132.48376,34.52826],[132.48367,34.5283],[132.48364,34.52834],[132.48358,34.52843],[132.48353,34.5285],[132.48345,34.52854],[132.4834,34.52856],[132.48336,34.52856],[132.4833,34.52856],[132.48324,34.52858],[132.48322,34.52862],[132.4832,34.52868],[132.4832,34.52883],[132.4832,34.5289],[132.48321,34.52895],[132.48324,34.52891],[132.48332,34.52882],[132.48356,34.5288],[132.48366,34.52871],[132.48373,34.52866],[132.48381,34.52859],[132.48389,34.52854],[132.48392,34.52835],[132.48399,34.52831],[132.48417,34.52823]]]}},{"type":"Feature","properties":{"name":"安佐町大字久地","setai":1090,"jinko":2587,"key":"341067760","units":1},"geometry":{"type":"Polygon","coordinates":[[[132.39387,34.55399],[132.39405,34.55352],[132.39428,34.55291],[132.39456,34.55235],[132.39466,34.55191],[132.39465,34.55155],[132.39463,34.55119],[132.39455,34.55076],[132.3943,34.55004],[132.39378,34.54933],[132.39373,34.54927],[132.39365,34.54922],[132.39327,34.54891],[132.39266,34.54823],[132.39224,34.54775],[132.39192,34.54729],[132.39173,34.54705],[132.39167,34.54692],[132.39164,34.54685],[132.3916,34.54663],[132.39159,34.54656],[132.3916,34.5462],[132.39163,34.5459],[132.3917,34.54559],[132.39176,34.54537],[132.39187,34.54515],[132.39201,34.54495],[132.39225,34.54477],[132.39245,34.54463],[132.39268,34.54452],[132.39294,34.54443],[132.39323,34.54435],[132.3936,34.54426],[132.39394,34.54418],[132.39406,34.54416],[132.39425,34.54413],[132.39456,34.5441],[132.39489,34.54408],[132.39513,34.54408],[132.39543,34.54412],[132.39571,34.54416],[132.39603,34.54428],[132.39679,34.54455],[132.39749,34.54485],[132.39832,34.54522],[132.39895,34.54561],[132.39973,34.54602],[132.4004,34.54631],[132.4012,34.54659],[132.40186,34.54677],[132.40259,34.54694],[132.40324,34.54702],[132.40346,34.54704],[132.40386,34.54702],[132.40398,34.54702],[132.40431,34.54695],[132.40464,34.54688],[132.40485,34.54671],[132.40502,34.54653],[132.40514,34.54622],[132.40517,34.54587],[132.40511,34.54521],[132.40494,34.5449],[132.40461,34.54431],[132.40417,34.54394],[132.40384,34.54365],[132.40357,34.5435],[132.40315,34.54325],[132.40267,34.54295],[132.40235,34.54261],[132.40207,34.54222],[132.4018,34.54171],[132.40168,34.54133],[132.40146,34.5409],[132.40137,34.54069],[132.40137,34.54044],[132.4015,34.54008],[132.40201,34.53942],[132.40276,34.53848],[132.40349,34.53741],[132.404,34.5365],[132.40404,34.53643],[132.40423,34.53606],[132.40442,34.53559],[132.40489,34.53466],[132.40553,34.53403],[132.40649,34.53328],[132.4077,34.53266],[132.40869,34.53235],[132.40928,34.53224],[132.40942,34.53221],[132.41018,34.53212],[132.41126,34.53198],[132.41193,34.53201],[132.41193,34.53201],[132.41241,34.53215],[132.41284,34.53245],[132.41299,34.5328],[132.41315,34.53319],[132.41341,34.5338],[132.41363,34.53404],[132.41437,34.53491],[132.4147,34.53519],[132.41481,34.53531],[132.41495,34.53547],[132.41532,34.53571],[132.41591,34.53602],[132.41635,34.53624],[132.41643,34.53629],[132.41825,34.53749],[132.41979,34.53852],[132.42163,34.53953],[132.42276,34.54019],[132.42331,34.54056],[132.42341,34.54062],[132.42452,34.5413],[132.42592,34.54229],[132.42679,34.54288],[132.42692,34.54295],[132.42822,34.54349],[132.4291,34.54377],[132.42979,34.5438],[132.43038,34.54374],[132.43099,34.54364],[132.43135,34.54322],[132.43156,34.54292],[132.43167,34.54255],[132.43176,34.54223],[132.43216,34.54],[132.43213,34.53999],[132.43214,34.53995],[132.43179,34.53986],[132.43093,34.5397],[132.43026,34.53958],[132.42969,34.53931],[132.42949,34.53905],[132.42949,34.53873],[132.4296,34.53829],[132.42951,34.53801],[132.42926,34.5378],[132.42914,34.53767],[132.42893,34.53744],[132.42899,34.53717],[132.429,34.53711],[132.42907,34.53682],[132.42902,34.53664],[132.42883,34.5365],[132.42852,34.53642],[132.42797,34.53623],[132.42737,34.536],[132.42687,34.53563],[132.42648,34.53511],[132.42621,34.53443],[132.42616,34.53389],[132.426,34.53364],[132.42554,34.53342],[132.4253,34.53304],[132.42506,34.53239],[132.42489,34.53214],[132.42447,34.53152],[132.42417,34.53114],[132.42406,34.53099],[132.42368,34.53058],[132.4231,34.53015],[132.42267,34.52983],[132.42254,34.52973],[132.42217,34.52942],[132.42184,34.52894],[132.42148,34.52841],[132.42094,34.52767],[132.42062,34.52723],[132.42059,34.52704],[132.42052,34.52667],[132.42027,34.52614],[132.41998,34.52543],[132.41991,34.5248],[132.42005,34.52454],[132.42035,34.52417],[132.42074,34.52382],[132.42111,34.52363],[132.42152,34.52341],[132.42181,34.52322],[132.42251,34.52269],[132.42293,34.52238],[132.42329,34.52198],[132.42337,34.52186],[132.42353,34.52161],[132.42365,34.52132],[132.4237,34.52119],[132.42394,34.52071],[132.42416,34.52052],[132.42427,34.52017],[132.42447,34.52002],[132.42517,34.51984],[132.42573,34.5197],[132.42613,34.51961],[132.42614,34.5193],[132.42598,34.51901],[132.42573,34.51869],[132.42544,34.51859],[132.42528,34.51852],[132.42509,34.51825],[132.42512,34.51797],[132.42535,34.51771],[132.42566,34.51744],[132.42577,34.51707],[132.42584,34.51684],[132.42559,34.51651],[132.42519,34.51653],[132.42473,34.51669],[132.42425,34.51667],[132.42388,34.51651],[132.42353,34.5162],[132.42344,34.51612],[132.42332,34.51585],[132.42303,34.51572],[132.42292,34.51565],[132.42271,34.51551],[132.42268,34.51543],[132.42259,34.51518],[132.42272,34.51468],[132.42267,34.51435],[132.42269,34.51426],[132.42277,34.51395],[132.4227,34.51364],[132.42251,34.51291],[132.42249,34.51284],[132.42236,34.51237],[132.42241,34.51198],[132.42237,34.51163],[132.42241,34.51045],[132.42267,34.50944],[132.42303,34.50857],[132.42296,34.50795],[132.42253,34.5073],[132.42216,34.50671],[132.42163,34.50597],[132.42132,34.50524],[132.42124,34.50448],[132.4211,34.50383],[132.42071,34.50297],[132.42017,34.50184],[132.42008,34.50123],[132.42005,34.50102],[132.42023,34.50036],[132.42079,34.49949],[132.42116,34.49868],[132.42113,34.49773],[132.42081,34.49689],[132.42037,34.49588],[132.42019,34.49541],[132.42021,34.4952],[132.42086,34.49454],[132.4231,34.49297],[132.42525,34.49203],[132.42529,34.49171],[132.42534,34.49119],[132.42536,34.49082],[132.4256,34.4906],[132.42586,34.49044],[132.4262,34.49018],[132.42647,34.49],[132.42647,34.49],[132.42657,34.48974],[132.42646,34.48952],[132.42644,34.48935],[132.42646,34.4892],[132.42651,34.48905],[132.42659,34.48892],[132.42626,34.48885],[132.42554,34.48851],[132.42547,34.48858],[132.42525,34.48865],[132.42512,34.48868],[132.42497,34.48876],[132.42479,34.48884],[132.4246,34.48884],[132.42435,34.48883],[132.42423,34.48884],[132.42405,34.48892],[132.42383,34.48893],[132.42374,34.48892],[132.42362,34.48899],[132.42351,34.48905],[132.42282,34.48928],[132.42185,34.48935],[132.42166,34.48931],[132.42148,34.48927],[132.42046,34.48906],[132.41922,34.48852],[132.41768,34.48813],[132.41652,34.4879],[132.41652,34.4879],[132.41487,34.48789],[132.41409,34.48795],[132.41332,34.48801],[132.41227,34.48809],[132.41034,34.48808],[132.40952,34.48799],[132.40941,34.48836],[132.40934,34.48836],[132.40921,34.48833],[132.40915,34.4883],[132.40905,34.48827],[132.40887,34.48819],[132.40868,34.48809],[132.40797,34.48776],[132.40779,34.48768],[132.40754,34.48758],[132.40744,34.48755],[132.40734,34.48753],[132.40727,34.48754],[132.40714,34.48757],[132.40704,34.4876],[132.40696,34.48761],[132.40686,34.48762],[132.40675,34.48763],[132.40664,34.48762],[132.40652,34.48761],[132.40641,34.48758],[132.40622,34.48762],[132.40609,34.48764],[132.40598,34.48766],[132.40595,34.48767],[132.40594,34.48766],[132.40591,34.48763],[132.40584,34.48752],[132.4058,34.48747],[132.4057,34.48738],[132.40546,34.48738],[132.40512,34.4869],[132.40504,34.48684],[132.40506,34.48664],[132.40477,34.48634],[132.40443,34.48616],[132.40398,34.4861],[132.40393,34.48596],[132.40381,34.48584],[132.40364,34.48579],[132.4036,34.48581],[132.40354,34.48569],[132.40352,34.48557],[132.40336,34.48561],[132.40333,34.48562],[132.40323,34.48571],[132.403,34.48572],[132.40286,34.48577],[132.4028,34.48581],[132.4027,34.48586],[132.4026,34.4859],[132.40231,34.48598],[132.40216,34.486],[132.40209,34.48594],[132.40207,34.48583],[132.40209,34.48571],[132.40213,34.48564],[132.40202,34.4856],[132.40194,34.48551],[132.40233,34.48528],[132.40244,34.4852],[132.40246,34.48515],[132.40245,34.4851],[132.4024,34.48502],[132.40245,34.48499],[132.40253,34.48498],[132.40259,34.48498],[132.40267,34.48495],[132.40276,34.48486],[132.40277,34.48477],[132.40274,34.4846],[132.40274,34.48448],[132.40274,34.48436],[132.40271,34.48433],[132.40259,34.48427],[132.40244,34.48397],[132.40231,34.48383],[132.40325,34.48345],[132.40327,34.48325],[132.40323,34.48305],[132.40314,34.48288],[132.40309,34.48277],[132.40309,34.4826],[132.403,34.48257],[132.40291,34.48256],[132.40282,34.48256],[132.40274,34.48256],[132.40267,34.48257],[132.40217,34.48262],[132.40211,34.48263],[132.40182,34.48258],[132.40168,34.48258],[132.40161,34.4826],[132.40133,34.48274],[132.4012,34.4828],[132.40104,34.48289],[132.40089,34.48299],[132.40077,34.48311],[132.4006,34.4833],[132.40056,34.48336],[132.40047,34.48347],[132.40046,34.48348],[132.40037,34.48357],[132.40033,34.48362],[132.40025,34.48372],[132.40015,34.48383],[132.40014,34.48386],[132.40009,34.48394],[132.39994,34.48425],[132.39989,34.48435],[132.39986,34.48438],[132.39983,34.48442],[132.39977,34.48446],[132.39968,34.48452],[132.39952,34.48462],[132.39939,34.48459],[132.3993,34.48457],[132.39918,34.48455],[132.39899,34.48454],[132.39896,34.48455],[132.39891,34.48456],[132.39887,34.48457],[132.39884,34.48459],[132.39878,34.48466],[132.39874,34.48469],[132.39872,34.48471],[132.39861,34.48475],[132.39858,34.48476],[132.39845,34.48481],[132.39829,34.48487],[132.39825,34.48489],[132.39825,34.48489],[132.39822,34.48491],[132.39819,34.48493],[132.3981,34.485],[132.39802,34.48503],[132.39786,34.48508],[132.39772,34.48511],[132.39763,34.48512],[132.39755,34.48513],[132.39737,34.48514],[132.39717,34.48522],[132.39709,34.48526],[132.39707,34.48528],[132.39703,34.4853],[132.39694,34.48533],[132.39688,34.48534],[132.39676,34.48537],[132.39665,34.48541],[132.39659,34.48543],[132.39643,34.48551],[132.39637,34.48553],[132.39595,34.48573],[132.39589,34.48575],[132.39585,34.48576],[132.39578,34.48578],[132.39571,34.48579],[132.39526,34.48577],[132.39518,34.48576],[132.39499,34.48576],[132.39474,34.48578],[132.39454,34.48581],[132.39435,34.48586],[132.39428,34.48588],[132.39417,34.48593],[132.3941,34.48596],[132.39401,34.48603],[132.39383,34.48613],[132.39372,34.4862],[132.39357,34.48629],[132.39343,34.48638],[132.39337,34.48642],[132.39329,34.48645],[132.39321,34.48649],[132.39316,34.48651],[132.3931,34.48654],[132.39292,34.48664],[132.39292,34.48664],[132.39281,34.4867],[132.39276,34.48673],[132.39258,34.48685],[132.39221,34.48702],[132.39198,34.48712],[132.39185,34.48715],[132.39165,34.48719],[132.39155,34.48721],[132.39144,34.48722],[132.39132,34.48722],[132.391,34.48721],[132.3908,34.48721],[132.39057,34.48723],[132.39038,34.48724],[132.39034,34.48724],[132.39021,34.48722],[132.39014,34.4872],[132.38997,34.48714],[132.3898,34.48704],[132.38968,34.48697],[132.38942,34.4869],[132.38936,34.48692],[132.3891,34.48705],[132.38907,34.48706],[132.38905,34.48707],[132.38892,34.48717],[132.38881,34.48727],[132.38879,34.4873],[132.38878,34.48732],[132.38871,34.48745],[132.38865,34.48761],[132.38861,34.48775],[132.38857,34.48791],[132.38853,34.48825],[132.38851,34.48842],[132.3885,34.48847],[132.38848,34.48852],[132.38846,34.4886],[132.38838,34.48875],[132.3883,34.48891],[132.38822,34.48904],[132.3882,34.48906],[132.38803,34.48927],[132.388,34.48929],[132.38796,34.48934],[132.38786,34.4895],[132.38767,34.48979],[132.38766,34.48981],[132.38758,34.48994],[132.38756,34.48999],[132.38756,34.49004],[132.3876,34.49025],[132.3876,34.4903],[132.3876,34.49034],[132.38758,34.49041],[132.38753,34.49056],[132.38748,34.49072],[132.38738,34.49097],[132.38737,34.49101],[132.38734,34.49112],[132.38733,34.49117],[132.38733,34.49119],[132.38734,34.49125],[132.38735,34.49128],[132.38738,34.49132],[132.38738,34.49133],[132.3874,34.49134],[132.38741,34.49135],[132.38749,34.4914],[132.38767,34.49148],[132.38785,34.49154],[132.38801,34.49161],[132.38817,34.49168],[132.38833,34.49177],[132.38879,34.49205],[132.38894,34.49215],[132.38907,34.49226],[132.38919,34.49237],[132.38928,34.4925],[132.38939,34.49263],[132.38959,34.49286],[132.38965,34.49294],[132.38971,34.493],[132.38991,34.4932],[132.38998,34.49345],[132.38997,34.49348],[132.38993,34.49356],[132.38973,34.49386],[132.38971,34.49392],[132.38969,34.49395],[132.38967,34.494],[132.38966,34.49406],[132.38964,34.49413],[132.38963,34.49421],[132.38962,34.49426],[132.38961,34.4943],[132.38959,34.49435],[132.38953,34.49443],[132.3895,34.4945],[132.38949,34.49454],[132.38949,34.49458],[132.38949,34.49466],[132.3895,34.49468],[132.38951,34.49472],[132.38951,34.49473],[132.38952,34.49476],[132.38955,34.4948],[132.38957,34.49483],[132.38962,34.49492],[132.38968,34.49502],[132.38971,34.49508],[132.38971,34.49515],[132.38969,34.49522],[132.38967,34.4953],[132.38965,34.49533],[132.38962,34.49537],[132.38957,34.49541],[132.38947,34.49547],[132.38941,34.49552],[132.38934,34.49557],[132.38924,34.49566],[132.38921,34.4957],[132.3892,34.49572],[132.3892,34.49575],[132.38919,34.4958],[132.38918,34.49585],[132.3891,34.49651],[132.3891,34.4966],[132.3891,34.49663],[132.38911,34.49669],[132.38912,34.49672],[132.38916,34.49682],[132.38919,34.49693],[132.38921,34.49703],[132.38922,34.4971],[132.38923,34.4972],[132.38925,34.49731],[132.38925,34.49733],[132.38926,34.49738],[132.38928,34.49744],[132.38938,34.49777],[132.38944,34.49802],[132.3895,34.49823],[132.38953,34.49836],[132.38957,34.49846],[132.38961,34.49852],[132.38966,34.49861],[132.38979,34.49881],[132.38985,34.49894],[132.38991,34.49909],[132.38993,34.49915],[132.38996,34.49922],[132.38997,34.49928],[132.39,34.49937],[132.39002,34.49948],[132.39008,34.49965],[132.39013,34.50004],[132.39016,34.50041],[132.39016,34.50059],[132.39015,34.50062],[132.39016,34.50062],[132.39034,34.5006],[132.39052,34.50059],[132.39073,34.50053],[132.39081,34.50041],[132.39085,34.50027],[132.39089,34.50008],[132.39092,34.49995],[132.39085,34.49982],[132.39084,34.49978],[132.39085,34.49974],[132.39088,34.4997],[132.39092,34.49968],[132.39098,34.49967],[132.3911,34.49968],[132.39112,34.49965],[132.39114,34.49959],[132.39123,34.49949],[132.39139,34.4994],[132.39158,34.49938],[132.39169,34.49931],[132.39171,34.49928],[132.39168,34.49917],[132.39168,34.49908],[132.39169,34.49905],[132.39172,34.49902],[132.39177,34.49901],[132.39182,34.49902],[132.39186,34.49905],[132.3919,34.49908],[132.39198,34.49912],[132.39205,34.49915],[132.39212,34.49915],[132.39218,34.49914],[132.39229,34.49908],[132.39238,34.49902],[132.39258,34.49888],[132.39261,34.49886],[132.39284,34.49863],[132.39284,34.49847],[132.39279,34.49829],[132.3928,34.49821],[132.39283,34.49813],[132.39288,34.49806],[132.39301,34.49801],[132.39313,34.49796],[132.39325,34.49792],[132.39337,34.49789],[132.39357,34.49782],[132.39363,34.49779],[132.39364,34.49779],[132.39404,34.49789],[132.39419,34.49791],[132.39465,34.49796],[132.39517,34.49803],[132.39547,34.49803],[132.39555,34.49804],[132.39563,34.49807],[132.39569,34.49813],[132.39571,34.49814],[132.39582,34.49807],[132.39596,34.49823],[132.39607,34.49825],[132.3962,34.49818],[132.39634,34.49807],[132.39646,34.49804],[132.39652,34.49804],[132.3966,34.49834],[132.39655,34.49842],[132.39653,34.49857],[132.39648,34.49883],[132.39638,34.49885],[132.39634,34.49885],[132.39612,34.49892],[132.39612,34.49909],[132.39622,34.49911],[132.3963,34.49914],[132.39636,34.49918],[132.39645,34.49923],[132.39652,34.49927],[132.39654,34.49934],[132.39654,34.49939],[132.39652,34.49951],[132.39634,34.5],[132.39619,34.50037],[132.39614,34.50054],[132.39605,34.50089],[132.396,34.501],[132.39592,34.50109],[132.3958,34.50112],[132.39582,34.5012],[132.3959,34.5012],[132.39599,34.5012],[132.3959,34.50156],[132.39581,34.50178],[132.39541,34.50263],[132.39522,34.50294],[132.39518,34.503],[132.3951,34.50316],[132.39508,34.50321],[132.39504,34.50334],[132.39501,34.50343],[132.39491,34.50362],[132.3949,34.50364],[132.39463,34.50394],[132.39431,34.50423],[132.39411,34.50445],[132.3939,34.50471],[132.39381,34.50484],[132.39373,34.505],[132.39368,34.50508],[132.39363,34.50512],[132.39358,34.50515],[132.39348,34.50518],[132.3933,34.50524],[132.39181,34.50574],[132.39171,34.50575],[132.39164,34.50576],[132.39148,34.50572],[132.39136,34.50568],[132.39122,34.50561],[132.39109,34.50562],[132.39102,34.5056],[132.39097,34.50562],[132.39079,34.50562],[132.39055,34.50556],[132.39052,34.50569],[132.39051,34.50573],[132.39044,34.50588],[132.39035,34.50603],[132.39018,34.50624],[132.3898,34.50665],[132.38975,34.50671],[132.38838,34.50731],[132.38759,34.5075],[132.38685,34.50771],[132.38605,34.50787],[132.3854,34.50804],[132.38511,34.50811],[132.38502,34.50822],[132.38372,34.50863],[132.38286,34.50899],[132.38196,34.50982],[132.38133,34.51098],[132.38131,34.51101],[132.38084,34.5118],[132.38089,34.51273],[132.38091,34.51355],[132.38091,34.51368],[132.38091,34.51377],[132.38092,34.51396],[132.38064,34.51484],[132.38035,34.51534],[132.37931,34.51551],[132.37827,34.51569],[132.37766,34.51566],[132.37681,34.51566],[132.37557,34.51574],[132.37402,34.51562],[132.37353,34.51561],[132.37315,34.5156],[132.37296,34.51609],[132.37283,34.51678],[132.37178,34.51742],[132.3708,34.51779],[132.37073,34.51771],[132.37032,34.51729],[132.36963,34.51663],[132.36899,34.51638],[132.36757,34.5168],[132.36671,34.51692],[132.36567,34.51663],[132.36463,34.51635],[132.36319,34.51618],[132.36123,34.51653],[132.36064,34.51664],[132.35907,34.51691],[132.35904,34.51692],[132.35666,34.51722],[132.35508,34.51711],[132.35491,34.51709],[132.35327,34.51691],[132.3528,34.51686],[132.35235,34.51671],[132.35112,34.51632],[132.34974,34.51603],[132.34867,34.51615],[132.3483,34.51627],[132.34731,34.51676],[132.34609,34.51754],[132.3449,34.51837],[132.34414,34.51901],[132.34405,34.51894],[132.34397,34.51901],[132.34396,34.51902],[132.34421,34.5193],[132.34434,34.51943],[132.34452,34.5197],[132.34456,34.51977],[132.34481,34.52022],[132.34505,34.52062],[132.34509,34.5207],[132.34508,34.52076],[132.34506,34.52101],[132.34505,34.52109],[132.34507,34.52149],[132.3451,34.52176],[132.34499,34.52194],[132.34495,34.52197],[132.34402,34.52257],[132.34389,34.52273],[132.34365,34.52303],[132.34355,34.52311],[132.34338,34.52329],[132.34322,34.52347],[132.34295,34.5236],[132.34275,34.52369],[132.34276,34.52372],[132.34265,34.52379],[132.34261,34.52426],[132.34272,34.52458],[132.34303,34.52498],[132.34306,34.52503],[132.34334,34.5255],[132.34356,34.52588],[132.34361,34.52597],[132.34384,34.52661],[132.3439,34.52674],[132.34395,34.52684],[132.34411,34.52702],[132.34444,34.52718],[132.34458,34.52725],[132.34488,34.52748],[132.34494,34.52753],[132.34527,34.52788],[132.34543,34.52802],[132.34563,34.52819],[132.34565,34.52821],[132.34587,34.52843],[132.34607,34.52863],[132.34615,34.52867],[132.34654,34.52889],[132.34654,34.5289],[132.3466,34.52891],[132.34713,34.52902],[132.34746,34.52906],[132.34831,34.52913],[132.34832,34.52915],[132.34842,34.52929],[132.34851,34.52941],[132.3486,34.52954],[132.34882,34.52969],[132.34898,34.52981],[132.34926,34.53],[132.34945,34.53018],[132.34973,34.53045],[132.34991,34.53062],[132.35046,34.53106],[132.35047,34.53107],[132.35076,34.53129],[132.35085,34.53135],[132.35092,34.53135],[132.35114,34.53136],[132.35137,34.53136],[132.35177,34.5311],[132.35224,34.53085],[132.35265,34.53099],[132.35286,34.53126],[132.35309,34.53156],[132.35368,34.53212],[132.35448,34.53253],[132.35537,34.53301],[132.35541,34.53304],[132.35545,34.53307],[132.35567,34.53323],[132.35618,34.53359],[132.35628,34.53366],[132.35697,34.53408],[132.35781,34.53439],[132.35878,34.53456],[132.35948,34.53464],[132.35978,34.53468],[132.36003,34.53474],[132.36056,34.53485],[132.36059,34.53486],[132.36062,34.53487],[132.36068,34.53522],[132.36044,34.53539],[132.36035,34.53545],[132.36031,34.53549],[132.35977,34.53599],[132.35968,34.53624],[132.35966,34.53628],[132.35959,34.53647],[132.35914,34.53727],[132.359,34.53775],[132.3595,34.53809],[132.35991,34.5382],[132.35997,34.53822],[132.36025,34.53829],[132.36069,34.53842],[132.36106,34.53853],[132.36125,34.53857],[132.36186,34.53873],[132.36194,34.53873],[132.3624,34.53875],[132.36298,34.53876],[132.36311,34.53878],[132.36343,34.53882],[132.36366,34.53885],[132.36407,34.53902],[132.36417,34.53907],[132.36432,34.53912],[132.36446,34.53917],[132.36451,34.53919],[132.36473,34.53927],[132.36525,34.53944],[132.36551,34.53954],[132.36558,34.53957],[132.36601,34.53974],[132.36633,34.53986],[132.36658,34.53997],[132.36696,34.54013],[132.367,34.54014],[132.36742,34.54072],[132.36744,34.54076],[132.3675,34.54085],[132.36777,34.54111],[132.36777,34.54111],[132.36811,34.54148],[132.36829,34.54168],[132.36845,34.54195],[132.36838,34.54226],[132.36829,34.54252],[132.36829,34.54261],[132.36828,34.54263],[132.36827,34.54289],[132.36847,34.54315],[132.36857,34.54341],[132.36826,34.54374],[132.36825,34.54375],[132.36782,34.5444],[132.36772,34.54484],[132.36768,34.545],[132.36841,34.54509],[132.36872,34.54516],[132.36884,34.54543],[132.36884,34.54543],[132.36885,34.54545],[132.36896,34.54581],[132.36912,34.54604],[132.36927,34.54625],[132.37007,34.54691],[132.37098,34.54743],[132.37102,34.54745],[132.37124,34.54753],[132.37137,34.54758],[132.37145,34.54761],[132.37153,34.54759],[132.3716,34.54758],[132.37211,34.5475],[132.37219,34.54749],[132.37298,34.54735],[132.37348,34.54761],[132.37367,34.54771],[132.37393,34.54796],[132.37412,34.54799],[132.37423,34.54801],[132.37459,34.54802],[132.37475,34.54818],[132.37479,34.54828],[132.37484,34.54839],[132.37483,34.54896],[132.37481,34.54952],[132.37481,34.54965],[132.37487,34.55029],[132.37484,34.55074],[132.37481,34.55098],[132.37481,34.55108],[132.37527,34.55102],[132.3755,34.55099],[132.37577,34.551],[132.37641,34.551],[132.37737,34.55102],[132.37837,34.55116],[132.37922,34.55148],[132.37931,34.55158],[132.37987,34.55214],[132.3799,34.55217],[132.38077,34.55291],[132.3814,34.55358],[132.38157,34.5537],[132.38196,34.554],[132.38213,34.55413],[132.38218,34.55417],[132.38221,34.55418],[132.38251,34.55428],[132.3829,34.5544],[132.38355,34.55426],[132.38404,34.55403],[132.38445,34.55372],[132.38468,34.55355],[132.38524,34.55362],[132.38583,34.55379],[132.38638,34.55407],[132.38669,34.55439],[132.38682,34.55486],[132.38687,34.55532],[132.38694,34.55586],[132.38677,34.55631],[132.38648,34.55717],[132.38629,34.55773],[132.38567,34.55882],[132.38558,34.55934],[132.38579,34.5599],[132.38614,34.56038],[132.38647,34.56093],[132.38695,34.56146],[132.38747,34.56176],[132.38822,34.56188],[132.3887,34.56201],[132.38885,34.56205],[132.38944,34.56217],[132.38973,34.56228],[132.38981,34.56231],[132.3899,34.56234],[132.38993,34.56235],[132.39056,34.56209],[132.39113,34.56189],[132.39163,34.56174],[132.392,34.56154],[132.3924,34.56125],[132.39254,34.56106],[132.39271,34.56086],[132.39286,34.56053],[132.39296,34.5602],[132.39296,34.5597],[132.39305,34.55931],[132.39306,34.55853],[132.39309,34.55779],[132.39319,34.55693],[132.39314,34.55606],[132.3932,34.55591],[132.39321,34.55556],[132.39344,34.55501],[132.39375,34.55431],[132.39384,34.55411],[132.39387,34.55399]]]}},{"type":"Feature","properties":{"name":"安佐町大字毛木","setai":88,"jinko":200,"key":"341067770","units":1},"geometry":{"type":"Polygon","coordinates":[[[132.43489,34.5279],[132.43491,34.52772],[132.43495,34.52773],[132.43514,34.52727],[132.43521,34.52717],[132.43534,34.52697],[132.43587,34.52663],[132.43674,34.52622],[132.43755,34.52576],[132.437,34.52529],[132.43659,34.52493],[132.43592,34.52456],[132.43483,34.52384],[132.4341,34.52345],[132.4337,34.52341],[132.43364,34.52336],[132.43369,34.52302],[132.4341,34.52249],[132.43505,34.52114],[132.43544,34.52059],[132.43587,34.5201],[132.43669,34.51916],[132.43816,34.51813],[132.43872,34.51773],[132.4392,34.51738],[132.43977,34.51718],[132.43911,34.51683],[132.43866,34.51659],[132.43799,34.51623],[132.43718,34.51601],[132.43625,34.51578],[132.4355,34.51575],[132.43496,34.51565],[132.43461,34.51552],[132.43447,34.51541],[132.43441,34.51536],[132.43439,34.51502],[132.43459,34.51463],[132.43454,34.51418],[132.43439,34.51393],[132.43399,34.51342],[132.43392,34.51321],[132.43385,34.51296],[132.43392,34.51257],[132.43393,34.51257],[132.43392,34.51254],[132.43392,34.51252],[132.43389,34.51234],[132.43387,34.51234],[132.43385,34.51233],[132.43384,34.51231],[132.43383,34.51226],[132.43375,34.51228],[132.43353,34.51233],[132.43351,34.51234],[132.43348,34.51238],[132.43346,34.51242],[132.43343,34.51247],[132.43341,34.5125],[132.43315,34.51268],[132.43316,34.51264],[132.43322,34.51248],[132.43313,34.51244],[132.43305,34.51247],[132.43301,34.51249],[132.43297,34.51252],[132.43294,34.51256],[132.4329,34.51263],[132.43282,34.51263],[132.43279,34.51267],[132.43275,34.51248],[132.43276,34.51238],[132.43276,34.51235],[132.43271,34.51238],[132.43265,34.51245],[132.43263,34.51244],[132.4324,34.51232],[132.43233,34.51228],[132.43188,34.51237],[132.4314,34.51201],[132.43129,34.51193],[132.43115,34.51168],[132.43112,34.51163],[132.43084,34.51127],[132.43071,34.51119],[132.43051,34.51107],[132.43057,34.51085],[132.43056,34.51082],[132.43056,34.51082],[132.43023,34.51043],[132.43048,34.50993],[132.42952,34.50897],[132.42923,34.50877],[132.4291,34.50868],[132.42937,34.50746],[132.42937,34.50739],[132.4294,34.50694],[132.42944,34.50683],[132.42944,34.50681],[132.42953,34.50658],[132.42959,34.50651],[132.42962,34.50647],[132.42969,34.5064],[132.42976,34.5063],[132.42981,34.50621],[132.42988,34.50608],[132.42993,34.50593],[132.42995,34.50588],[132.42998,34.50582],[132.42999,34.5058],[132.42999,34.5058],[132.43005,34.50465],[132.42983,34.5044],[132.42978,34.50432],[132.4297,34.50411],[132.43015,34.50391],[132.43043,34.5038],[132.43057,34.5037],[132.43061,34.50365],[132.4307,34.50356],[132.43102,34.50337],[132.43189,34.50284],[132.43198,34.50264],[132.43192,34.50243],[132.43193,34.50217],[132.43193,34.50213],[132.43176,34.50193],[132.43154,34.50181],[132.43133,34.50145],[132.43118,34.50099],[132.43101,34.50073],[132.43075,34.50046],[132.43069,34.50027],[132.43052,34.49985],[132.43021,34.4993],[132.43011,34.49909],[132.43015,34.49887],[132.43036,34.49847],[132.43069,34.498],[132.43064,34.49768],[132.43044,34.49751],[132.4303,34.49727],[132.43015,34.49692],[132.42996,34.4967],[132.42967,34.49662],[132.42939,34.49638],[132.42934,34.49592],[132.42932,34.49578],[132.42921,34.49576],[132.42922,34.49561],[132.42923,34.49547],[132.42921,34.49521],[132.42921,34.49514],[132.42914,34.49493],[132.42885,34.49459],[132.42843,34.49437],[132.42798,34.49417],[132.42753,34.49397],[132.42717,34.49378],[132.42687,34.49366],[132.42655,34.49357],[132.42623,34.49348],[132.42592,34.49338],[132.42565,34.4932],[132.42529,34.49292],[132.42521,34.49267],[132.42521,34.49234],[132.42525,34.49203],[132.4231,34.49297],[132.42086,34.49454],[132.42021,34.4952],[132.42019,34.49541],[132.42037,34.49588],[132.42081,34.49689],[132.42113,34.49773],[132.42116,34.49868],[132.42079,34.49949],[132.42023,34.50036],[132.42005,34.50102],[132.42008,34.50123],[132.42017,34.50184],[132.42071,34.50297],[132.4211,34.50383],[132.42124,34.50448],[132.42132,34.50524],[132.42163,34.50597],[132.42216,34.50671],[132.42253,34.5073],[132.42296,34.50795],[132.42303,34.50857],[132.42267,34.50944],[132.42241,34.51045],[132.42237,34.51163],[132.42241,34.51198],[132.42236,34.51237],[132.42249,34.51284],[132.42251,34.51291],[132.4227,34.51364],[132.42277,34.51395],[132.42269,34.51426],[132.42267,34.51435],[132.42272,34.51468],[132.42259,34.51518],[132.42268,34.51543],[132.42271,34.51551],[132.42292,34.51565],[132.42303,34.51572],[132.42332,34.51585],[132.42344,34.51612],[132.42353,34.5162],[132.42388,34.51651],[132.42425,34.51667],[132.42473,34.51669],[132.42519,34.51653],[132.42559,34.51651],[132.42584,34.51684],[132.42577,34.51707],[132.42566,34.51744],[132.42535,34.51771],[132.42512,34.51797],[132.42509,34.51825],[132.42528,34.51852],[132.42544,34.51859],[132.42573,34.51869],[132.42598,34.51901],[132.42614,34.5193],[132.42613,34.51961],[132.42573,34.5197],[132.42517,34.51984],[132.42447,34.52002],[132.42427,34.52017],[132.42416,34.52052],[132.42394,34.52071],[132.4237,34.52119],[132.42365,34.52132],[132.42353,34.52161],[132.42337,34.52186],[132.42329,34.52198],[132.42293,34.52238],[132.42251,34.52269],[132.42181,34.52322],[132.42152,34.52341],[132.42111,34.52363],[132.42074,34.52382],[132.42035,34.52417],[132.42005,34.52454],[132.41991,34.5248],[132.41998,34.52543],[132.42027,34.52614],[132.42052,34.52667],[132.42059,34.52704],[132.42062,34.52723],[132.42094,34.52767],[132.42148,34.52841],[132.42184,34.52894],[132.42217,34.52942],[132.42254,34.52973],[132.42267,34.52983],[132.4231,34.53015],[132.42368,34.53058],[132.42406,34.53099],[132.42417,34.53114],[132.42447,34.53152],[132.42489,34.53214],[132.42506,34.53239],[132.4253,34.53304],[132.42554,34.53342],[132.426,34.53364],[132.42616,34.53389],[132.42621,34.53443],[132.42648,34.53511],[132.42687,34.53563],[132.42737,34.536],[132.42797,34.53623],[132.42852,34.53642],[132.42883,34.5365],[132.42902,34.53664],[132.42907,34.53682],[132.429,34.53711],[132.42899,34.53717],[132.42893,34.53744],[132.42914,34.53767],[132.42926,34.5378],[132.42951,34.53801],[132.4296,34.53829],[132.42949,34.53873],[132.42949,34.53905],[132.42969,34.53931],[132.43026,34.53958],[132.43093,34.5397],[132.43179,34.53986],[132.43214,34.53995],[132.43251,34.53837],[132.43256,34.53818],[132.43283,34.53726],[132.43285,34.53676],[132.43298,34.53582],[132.43325,34.53482],[132.4339,34.53162],[132.43392,34.53151],[132.43403,34.53108],[132.43451,34.5291],[132.43452,34.52906],[132.43489,34.5279]]]}},{"type":"Feature","properties":{"name":"安佐町大字後山","setai":152,"jinko":516,"key":"341067780","units":1},"geometry":{"type":"Polygon","coordinates":[[[132.44606,34.52179],[132.44678,34.52174],[132.44763,34.52176],[132.44815,34.52182],[132.44866,34.52188],[132.44884,34.52186],[132.44941,34.52182],[132.45019,34.52179],[132.45137,34.52176],[132.45279,34.5218],[132.4531,34.5218],[132.45381,34.52182],[132.4541,34.52178],[132.45395,34.52114],[132.45369,34.52067],[132.45337,34.52019],[132.45316,34.5196],[132.45293,34.51911],[132.4528,34.51823],[132.45282,34.51737],[132.45269,34.51675],[132.4526,34.51634],[132.4525,34.51594],[132.45243,34.5157],[132.45285,34.51578],[132.45422,34.51557],[132.45548,34.51555],[132.45606,34.51536],[132.45629,34.51528],[132.45704,34.51499],[132.45732,34.51475],[132.45742,34.51427],[132.45758,34.51363],[132.45799,34.51308],[132.45847,34.51249],[132.45867,34.5121],[132.45872,34.51202],[132.45889,34.5114],[132.45919,34.51084],[132.45989,34.51011],[132.46019,34.50967],[132.46087,34.50906],[132.46145,34.50854],[132.4619,34.50811],[132.46232,34.50757],[132.46287,34.50732],[132.4634,34.50703],[132.46343,34.50678],[132.46366,34.50637],[132.46393,34.5057],[132.46408,34.5051],[132.46398,34.50454],[132.46397,34.5038],[132.46322,34.50362],[132.46227,34.50354],[132.46109,34.50338],[132.46054,34.50321],[132.46008,34.50284],[132.45968,34.50222],[132.45934,34.50193],[132.45859,34.50159],[132.45815,34.50138],[132.45774,34.50097],[132.4571,34.50057],[132.45675,34.50039],[132.45625,34.50014],[132.4554,34.49953],[132.45466,34.49912],[132.45369,34.49862],[132.45302,34.49821],[132.45256,34.49767],[132.45253,34.49737],[132.45253,34.49692],[132.45255,34.49647],[132.45243,34.49588],[132.45228,34.49544],[132.45228,34.49544],[132.45219,34.49538],[132.45131,34.49493],[132.45105,34.4948],[132.45094,34.49476],[132.45029,34.49452],[132.44981,34.49417],[132.44931,34.49386],[132.44902,34.4936],[132.44856,34.49341],[132.44818,34.4933],[132.44801,34.49331],[132.44783,34.49335],[132.44764,34.49341],[132.44739,34.49345],[132.44728,34.49346],[132.44712,34.49352],[132.44711,34.49352],[132.44707,34.49353],[132.44671,34.49355],[132.44648,34.49354],[132.44642,34.49354],[132.44613,34.49361],[132.44582,34.49368],[132.44554,34.49373],[132.44542,34.49376],[132.44541,34.49376],[132.44521,34.49384],[132.44504,34.49388],[132.44496,34.49391],[132.44464,34.49401],[132.44434,34.4941],[132.44407,34.49417],[132.44367,34.4943],[132.44361,34.49431],[132.44352,34.49431],[132.44337,34.49433],[132.44326,34.49435],[132.44318,34.49439],[132.44307,34.49449],[132.44297,34.49461],[132.4429,34.49473],[132.44278,34.4949],[132.44268,34.49504],[132.44257,34.49528],[132.44239,34.49553],[132.44221,34.4957],[132.44217,34.49573],[132.4426,34.49598],[132.44297,34.4964],[132.44336,34.49715],[132.44368,34.49777],[132.44379,34.49843],[132.44362,34.49914],[132.4434,34.49957],[132.44322,34.49983],[132.44279,34.49985],[132.44232,34.49992],[132.44192,34.49988],[132.4418,34.49966],[132.44168,34.49929],[132.44144,34.49933],[132.44111,34.49959],[132.44085,34.49956],[132.44045,34.49945],[132.43986,34.49941],[132.43956,34.49935],[132.43943,34.49912],[132.43952,34.4989],[132.43984,34.49876],[132.44004,34.49853],[132.43975,34.4983],[132.43958,34.49804],[132.43962,34.49776],[132.43944,34.49744],[132.43933,34.4971],[132.43956,34.49688],[132.43993,34.49671],[132.44003,34.49665],[132.43993,34.4965],[132.43986,34.49639],[132.43994,34.49624],[132.44022,34.49608],[132.44022,34.49591],[132.44002,34.49576],[132.43957,34.49592],[132.43914,34.49592],[132.43894,34.49583],[132.43883,34.49571],[132.43871,34.49561],[132.43864,34.4956],[132.43849,34.49569],[132.43836,34.49575],[132.43829,34.49581],[132.4382,34.49583],[132.43797,34.49587],[132.43768,34.49597],[132.43754,34.49602],[132.43718,34.49601],[132.43675,34.49598],[132.43675,34.49598],[132.43627,34.49575],[132.43585,34.49576],[132.43574,34.4958],[132.4352,34.49603],[132.43488,34.49616],[132.43436,34.49629],[132.43415,34.49636],[132.43388,34.49644],[132.4338,34.49644],[132.43376,34.49645],[132.43353,34.49644],[132.4334,34.49643],[132.43274,34.49649],[132.43237,34.49649],[132.43221,34.4965],[132.43216,34.49649],[132.4318,34.49649],[132.43149,34.49644],[132.43094,34.49635],[132.42988,34.49615],[132.42934,34.49592],[132.42939,34.49638],[132.42967,34.49662],[132.42996,34.4967],[132.43015,34.49692],[132.4303,34.49727],[132.43044,34.49751],[132.43064,34.49768],[132.43069,34.498],[132.43036,34.49847],[132.43015,34.49887],[132.43011,34.49909],[132.43021,34.4993],[132.43052,34.49985],[132.43069,34.50027],[132.43075,34.50046],[132.43101,34.50073],[132.43118,34.50099],[132.43133,34.50145],[132.43154,34.50181],[132.43176,34.50193],[132.43193,34.50213],[132.43193,34.50217],[132.43192,34.50243],[132.43198,34.50264],[132.43215,34.50227],[132.43216,34.50221],[132.43214,34.50205],[132.43212,34.50189],[132.43213,34.50183],[132.43213,34.50183],[132.43215,34.50182],[132.43217,34.50181],[132.43222,34.50175],[132.43227,34.50171],[132.43229,34.50169],[132.4323,34.50167],[132.4323,34.50165],[132.43233,34.50158],[132.43234,34.50157],[132.43235,34.50156],[132.43237,34.50156],[132.4324,34.50158],[132.43242,34.5016],[132.4325,34.50169],[132.4327,34.50188],[132.43277,34.50191],[132.4328,34.50192],[132.43287,34.50193],[132.43299,34.50193],[132.43302,34.50192],[132.43304,34.5019],[132.43308,34.50181],[132.43311,34.50173],[132.43313,34.5017],[132.43318,34.50168],[132.43324,34.50167],[132.43337,34.50166],[132.43342,34.50165],[132.43345,34.50163],[132.43348,34.50161],[132.43349,34.50159],[132.43349,34.50156],[132.43349,34.50153],[132.43343,34.5014],[132.43343,34.50137],[132.43343,34.50135],[132.43344,34.5013],[132.43347,34.50126],[132.43351,34.50125],[132.43353,34.50125],[132.4336,34.50126],[132.43365,34.50126],[132.43385,34.50125],[132.43387,34.50123],[132.43388,34.50122],[132.43389,34.5012],[132.4339,34.50116],[132.43392,34.50107],[132.43392,34.50105],[132.43393,34.50103],[132.43395,34.50101],[132.43397,34.50101],[132.43398,34.501],[132.43404,34.50101],[132.4342,34.50102],[132.43425,34.50102],[132.4343,34.50101],[132.43432,34.501],[132.43434,34.50098],[132.43436,34.50097],[132.43437,34.50095],[132.43439,34.50093],[132.4344,34.50091],[132.43441,34.50088],[132.43441,34.50085],[132.43441,34.50083],[132.43439,34.50078],[132.43437,34.50074],[132.43431,34.50061],[132.43432,34.50062],[132.43427,34.50049],[132.43426,34.50045],[132.43426,34.50041],[132.43426,34.50039],[132.43427,34.50036],[132.43429,34.50034],[132.43433,34.50032],[132.43437,34.50032],[132.43461,34.5004],[132.43466,34.50039],[132.43482,34.50015],[132.43487,34.50008],[132.43489,34.5],[132.43493,34.49985],[132.43495,34.49977],[132.43497,34.49974],[132.435,34.49971],[132.43502,34.4997],[132.43507,34.4997],[132.43512,34.49971],[132.43518,34.49974],[132.43528,34.49983],[132.43533,34.49986],[132.43538,34.49989],[132.43542,34.4999],[132.43545,34.50005],[132.43556,34.50048],[132.43618,34.50045],[132.43644,34.50044],[132.43657,34.5005],[132.43696,34.50067],[132.43794,34.50043],[132.43914,34.50042],[132.43994,34.50042],[132.44008,34.50056],[132.44068,34.50064],[132.44071,34.50064],[132.44074,34.50063],[132.44094,34.50055],[132.44104,34.50053],[132.44106,34.50053],[132.44132,34.50057],[132.4415,34.50051],[132.44161,34.50052],[132.4417,34.50053],[132.44176,34.50052],[132.44177,34.50052],[132.44183,34.50051],[132.4422,34.50041],[132.44221,34.50041],[132.44226,34.50042],[132.44245,34.50053],[132.44247,34.50054],[132.44251,34.50062],[132.44252,34.50066],[132.44252,34.50071],[132.44252,34.5009],[132.4425,34.50091],[132.44214,34.50104],[132.44216,34.5011],[132.44217,34.5011],[132.44226,34.50127],[132.44229,34.50132],[132.44229,34.50152],[132.44234,34.50156],[132.44238,34.50162],[132.44239,34.50178],[132.44235,34.50198],[132.4424,34.50199],[132.44242,34.50201],[132.44244,34.50204],[132.44246,34.50203],[132.44251,34.50204],[132.44258,34.50206],[132.44265,34.5021],[132.44279,34.5021],[132.4429,34.50213],[132.44296,34.50215],[132.44302,34.50219],[132.44308,34.50226],[132.44311,34.5023],[132.44313,34.50234],[132.44314,34.50242],[132.44314,34.50258],[132.44291,34.50284],[132.44267,34.50348],[132.44283,34.50362],[132.44271,34.5037],[132.4421,34.50405],[132.44205,34.50409],[132.44196,34.50404],[132.44191,34.50401],[132.44186,34.50396],[132.44176,34.50384],[132.44173,34.50385],[132.44166,34.50389],[132.44163,34.50392],[132.4416,34.50397],[132.44158,34.50403],[132.44192,34.50436],[132.44197,34.50444],[132.442,34.50453],[132.442,34.50457],[132.44194,34.50464],[132.44187,34.50466],[132.44159,34.50471],[132.44144,34.50475],[132.44123,34.50481],[132.4412,34.50489],[132.44119,34.50492],[132.44121,34.50494],[132.44124,34.50497],[132.44132,34.50502],[132.4414,34.50506],[132.44133,34.50513],[132.44138,34.50517],[132.44139,34.50519],[132.4414,34.50526],[132.44128,34.50581],[132.44127,34.50586],[132.44128,34.5059],[132.4413,34.50594],[132.44132,34.50597],[132.44135,34.506],[132.4414,34.50602],[132.4415,34.50603],[132.44164,34.50603],[132.4417,34.50602],[132.44196,34.50612],[132.44203,34.50598],[132.44209,34.50586],[132.44221,34.50575],[132.44223,34.50575],[132.44227,34.50576],[132.44235,34.50574],[132.4424,34.5057],[132.44243,34.50566],[132.44257,34.50562],[132.44266,34.50563],[132.44277,34.50567],[132.44291,34.50571],[132.44293,34.50571],[132.44319,34.50565],[132.44331,34.50563],[132.44337,34.5056],[132.44344,34.50558],[132.4436,34.50555],[132.44371,34.50554],[132.44375,34.50554],[132.44378,34.50556],[132.44379,34.5056],[132.44366,34.50589],[132.44399,34.50598],[132.44402,34.50599],[132.44418,34.50577],[132.44423,34.50572],[132.44426,34.50569],[132.44429,34.50566],[132.44437,34.50558],[132.44446,34.50553],[132.44453,34.50551],[132.44455,34.50551],[132.44457,34.5055],[132.44465,34.50547],[132.44472,34.50548],[132.44476,34.50548],[132.44478,34.5055],[132.4448,34.50554],[132.44483,34.50567],[132.44485,34.50587],[132.44485,34.50592],[132.44504,34.50591],[132.44505,34.50591],[132.44505,34.50587],[132.44504,34.5058],[132.44505,34.50579],[132.44506,34.50578],[132.44508,34.50578],[132.44511,34.50577],[132.44515,34.50575],[132.44521,34.50573],[132.44526,34.50572],[132.44529,34.50572],[132.44566,34.506],[132.44574,34.50605],[132.44577,34.50607],[132.44585,34.50609],[132.44592,34.50613],[132.44595,34.50617],[132.44598,34.50622],[132.44598,34.50627],[132.44599,34.50634],[132.44601,34.50641],[132.44602,34.50647],[132.44604,34.50651],[132.44605,34.50653],[132.44607,34.50656],[132.44611,34.50661],[132.44637,34.50701],[132.44642,34.50707],[132.44627,34.50719],[132.44614,34.50723],[132.446,34.50725],[132.44581,34.50735],[132.44598,34.50742],[132.44602,34.50746],[132.44606,34.5076],[132.44603,34.50784],[132.44605,34.50787],[132.44608,34.50791],[132.4461,34.50792],[132.44612,34.50792],[132.44622,34.50789],[132.44641,34.50794],[132.44656,34.50806],[132.44687,34.50811],[132.44689,34.50802],[132.44711,34.50806],[132.44709,34.50812],[132.44707,34.50815],[132.44702,34.50822],[132.44698,34.50824],[132.44691,34.50826],[132.44687,34.50829],[132.44684,34.50834],[132.44675,34.50839],[132.44673,34.50843],[132.44669,34.50849],[132.44661,34.50857],[132.44641,34.50887],[132.44612,34.5086],[132.44602,34.50869],[132.44586,34.50879],[132.44586,34.50879],[132.44542,34.50895],[132.44539,34.50899],[132.44539,34.50902],[132.44524,34.50906],[132.44516,34.50909],[132.44505,34.50916],[132.44501,34.50919],[132.44493,34.50924],[132.44492,34.50925],[132.44489,34.50925],[132.44485,34.50924],[132.44469,34.50922],[132.44454,34.50922],[132.44426,34.50926],[132.44412,34.5093],[132.44411,34.5093],[132.44394,34.50952],[132.44385,34.50959],[132.4438,34.50975],[132.44362,34.50975],[132.44359,34.50974],[132.44356,34.50967],[132.44356,34.50965],[132.44361,34.50948],[132.4436,34.50946],[132.44359,34.50944],[132.44356,34.50943],[132.44351,34.50942],[132.44349,34.50942],[132.44347,34.50942],[132.4433,34.50947],[132.44311,34.50956],[132.44286,34.50924],[132.44289,34.50888],[132.44274,34.50872],[132.44267,34.50869],[132.44262,34.50867],[132.44188,34.50867],[132.44176,34.50866],[132.4417,34.50865],[132.44168,34.50861],[132.44167,34.50855],[132.44168,34.5085],[132.4417,34.50847],[132.44178,34.50841],[132.44205,34.5082],[132.44204,34.50797],[132.4411,34.50803],[132.44105,34.50803],[132.44101,34.50787],[132.44111,34.50783],[132.44162,34.5076],[132.44143,34.50733],[132.44109,34.50745],[132.44095,34.50752],[132.44092,34.50753],[132.44092,34.50751],[132.44098,34.50684],[132.44071,34.50716],[132.44075,34.50737],[132.44075,34.50748],[132.44049,34.50738],[132.44045,34.50746],[132.44058,34.5075],[132.44047,34.5077],[132.44053,34.50772],[132.44057,34.50767],[132.44065,34.5077],[132.44056,34.50785],[132.44048,34.50786],[132.44042,34.50807],[132.44027,34.50839],[132.44022,34.50845],[132.44022,34.50846],[132.44022,34.50846],[132.44018,34.50851],[132.4402,34.50864],[132.44026,34.5087],[132.4403,34.50875],[132.44033,34.5088],[132.44035,34.50885],[132.44045,34.50904],[132.4405,34.50912],[132.44053,34.50916],[132.44054,34.50919],[132.44055,34.50922],[132.4405,34.50946],[132.44123,34.50965],[132.44132,34.50996],[132.44133,34.51018],[132.44039,34.51006],[132.44032,34.51005],[132.44037,34.51016],[132.44056,34.51059],[132.44003,34.51091],[132.43972,34.5111],[132.43964,34.51128],[132.43953,34.51125],[132.43944,34.51133],[132.43947,34.51137],[132.43951,34.51149],[132.43967,34.51166],[132.43968,34.51167],[132.43966,34.51171],[132.43962,34.51175],[132.43958,34.51178],[132.4394,34.51165],[132.43889,34.51179],[132.43857,34.51187],[132.43856,34.51187],[132.4385,34.51189],[132.43841,34.5119],[132.43838,34.51192],[132.43834,34.51208],[132.43833,34.5121],[132.43831,34.51213],[132.4381,34.51225],[132.43861,34.51283],[132.43869,34.51292],[132.43872,34.51295],[132.4387,34.51299],[132.43863,34.51305],[132.43862,34.51307],[132.43861,34.51306],[132.43858,34.5131],[132.43856,34.51314],[132.43855,34.51318],[132.43863,34.51338],[132.43865,34.51342],[132.43873,34.51363],[132.43869,34.51381],[132.43868,34.51383],[132.43866,34.51386],[132.43864,34.5139],[132.43859,34.51395],[132.43857,34.51397],[132.43851,34.514],[132.43847,34.514],[132.43841,34.51397],[132.43837,34.51396],[132.43834,34.51389],[132.43831,34.51384],[132.43829,34.51381],[132.43827,34.51377],[132.43822,34.51374],[132.43819,34.51373],[132.43814,34.51372],[132.43803,34.51371],[132.43802,34.51368],[132.43779,34.51372],[132.43764,34.51376],[132.43746,34.51383],[132.43714,34.51367],[132.43695,34.51356],[132.43681,34.51339],[132.43694,34.51306],[132.437,34.51294],[132.43638,34.51277],[132.4363,34.51275],[132.43616,34.51272],[132.43602,34.51267],[132.43591,34.51259],[132.43591,34.51259],[132.43588,34.51257],[132.43511,34.51272],[132.43509,34.51272],[132.4345,34.51262],[132.43447,34.51261],[132.43444,34.51258],[132.43434,34.51262],[132.43432,34.51263],[132.43427,34.51263],[132.43396,34.51258],[132.43394,34.51256],[132.43392,34.51254],[132.43393,34.51257],[132.43392,34.51257],[132.43385,34.51296],[132.43392,34.51321],[132.43399,34.51342],[132.43439,34.51393],[132.43454,34.51418],[132.43459,34.51463],[132.43439,34.51502],[132.43441,34.51536],[132.43447,34.51541],[132.43461,34.51552],[132.43496,34.51565],[132.4355,34.51575],[132.43625,34.51578],[132.43718,34.51601],[132.43799,34.51623],[132.43866,34.51659],[132.43911,34.51683],[132.43977,34.51718],[132.4392,34.51738],[132.43872,34.51773],[132.43816,34.51813],[132.43669,34.51916],[132.43587,34.5201],[132.43544,34.52059],[132.43505,34.52114],[132.4341,34.52249],[132.43369,34.52302],[132.43364,34.52336],[132.4337,34.52341],[132.4341,34.52345],[132.43483,34.52384],[132.43592,34.52456],[132.43659,34.52493],[132.437,34.52529],[132.43755,34.52576],[132.43763,34.52571],[132.43883,34.52508],[132.44005,34.52441],[132.44115,34.52378],[132.44191,34.5233],[132.44223,34.52298],[132.44255,34.52278],[132.44261,34.52275],[132.44265,34.52274],[132.44331,34.52257],[132.44419,34.52221],[132.44503,34.52197],[132.44606,34.52179]]]}},{"type":"Feature","properties":{"name":"安佐町大字宮野","setai":20,"jinko":46,"key":"341067790","units":1},"geometry":{"type":"Polygon","coordinates":[[[132.45522,34.52171],[132.45544,34.52171],[132.45658,34.52165],[132.45752,34.52156],[132.45872,34.52145],[132.45946,34.5214],[132.45994,34.52137],[132.46021,34.52139],[132.46078,34.5214],[132.46129,34.52147],[132.46222,34.52155],[132.46266,34.52159],[132.46325,34.52164],[132.46435,34.52163],[132.46516,34.52155],[132.46592,34.52161],[132.46641,34.52161],[132.46644,34.52161],[132.46653,34.52159],[132.46663,34.52157],[132.46671,34.52154],[132.46705,34.52142],[132.46749,34.52124],[132.46774,34.52113],[132.46781,34.5211],[132.46829,34.52092],[132.46835,34.5209],[132.46876,34.52073],[132.46893,34.52062],[132.4691,34.5204],[132.46922,34.52017],[132.4693,34.51984],[132.46934,34.51952],[132.46932,34.51926],[132.46925,34.51901],[132.4691,34.51873],[132.46901,34.51846],[132.46886,34.51806],[132.46853,34.51755],[132.46811,34.51698],[132.46793,34.51674],[132.46789,34.51639],[132.46782,34.51615],[132.46775,34.5159],[132.46765,34.51566],[132.46749,34.51533],[132.46747,34.51528],[132.46729,34.51488],[132.46723,34.51443],[132.46723,34.51443],[132.46722,34.51421],[132.46706,34.51402],[132.46699,34.51393],[132.46675,34.51358],[132.46661,34.51326],[132.46645,34.5132],[132.46623,34.51312],[132.46551,34.51268],[132.46477,34.51205],[132.46458,34.51114],[132.46466,34.5104],[132.46431,34.50997],[132.46355,34.50934],[132.46341,34.50879],[132.46334,34.50782],[132.4634,34.50703],[132.46287,34.50732],[132.46232,34.50757],[132.4619,34.50811],[132.46145,34.50854],[132.46087,34.50906],[132.46019,34.50967],[132.45989,34.51011],[132.45919,34.51084],[132.45889,34.5114],[132.45872,34.51202],[132.45867,34.5121],[132.45847,34.51249],[132.45799,34.51308],[132.45758,34.51363],[132.45742,34.51427],[132.45732,34.51475],[132.45704,34.51499],[132.45629,34.51528],[132.45606,34.51536],[132.45548,34.51555],[132.45422,34.51557],[132.45285,34.51578],[132.45243,34.5157],[132.4525,34.51594],[132.4526,34.51634],[132.45269,34.51675],[132.45282,34.51737],[132.4528,34.51823],[132.45293,34.51911],[132.45316,34.5196],[132.45337,34.52019],[132.45369,34.52067],[132.45395,34.52114],[132.4541,34.52178],[132.45381,34.52182],[132.45402,34.52182],[132.45461,34.52179],[132.45522,34.52171]]]}},{"type":"Feature","properties":{"name":"安佐町大字筒瀬","setai":79,"jinko":177,"key":"341067800","units":1},"geometry":{"type":"Polygon","coordinates":[[[132.4815,34.50905],[132.48077,34.50807],[132.48046,34.50743],[132.48018,34.50703],[132.4802,34.5069],[132.48022,34.50669],[132.48029,34.5064],[132.48029,34.50629],[132.48037,34.50603],[132.48039,34.50598],[132.48054,34.50549],[132.48072,34.50499],[132.48106,34.50452],[132.48136,34.50407],[132.48194,34.5036],[132.48243,34.50321],[132.48186,34.50349],[132.4817,34.50362],[132.4816,34.50369],[132.48146,34.50341],[132.48142,34.50308],[132.48152,34.50277],[132.48169,34.50246],[132.48171,34.50202],[132.48178,34.50103],[132.4818,34.50095],[132.48197,34.50026],[132.48205,34.49992],[132.48207,34.49985],[132.48238,34.4996],[132.48268,34.49936],[132.48303,34.49914],[132.48318,34.49895],[132.48333,34.49871],[132.48356,34.49829],[132.48359,34.49819],[132.48363,34.49807],[132.4838,34.49782],[132.48407,34.49762],[132.48409,34.4976],[132.4842,34.49746],[132.48427,34.49728],[132.4844,34.49696],[132.48441,34.49687],[132.48441,34.49682],[132.48434,34.49647],[132.48412,34.49589],[132.48403,34.49553],[132.48409,34.49523],[132.48409,34.49521],[132.48447,34.49468],[132.48476,34.49442],[132.48527,34.49422],[132.4856,34.49411],[132.48572,34.49392],[132.48633,34.49277],[132.48633,34.49275],[132.48636,34.49267],[132.48637,34.49266],[132.48647,34.49238],[132.4866,34.49209],[132.48661,34.49196],[132.48661,34.49192],[132.4865,34.49179],[132.48609,34.49152],[132.48592,34.49145],[132.48589,34.49144],[132.48574,34.49134],[132.48552,34.49115],[132.4854,34.49104],[132.48496,34.49043],[132.48469,34.49009],[132.48445,34.48978],[132.48408,34.48952],[132.48371,34.48865],[132.48345,34.48819],[132.48333,34.48814],[132.48307,34.48814],[132.48282,34.48815],[132.48268,34.48815],[132.48202,34.48816],[132.48165,34.48803],[132.4814,34.48796],[132.4811,34.48794],[132.48076,34.48798],[132.48019,34.488],[132.47887,34.48812],[132.47809,34.48817],[132.47743,34.48813],[132.47599,34.48798],[132.47542,34.48786],[132.47492,34.48788],[132.47477,34.48788],[132.47396,34.48818],[132.47383,34.48821],[132.47302,34.48852],[132.47246,34.48881],[132.47219,34.48895],[132.47204,34.48887],[132.47099,34.48777],[132.47053,34.48735],[132.47037,34.4872],[132.46976,34.48653],[132.46964,34.4864],[132.46964,34.4864],[132.46945,34.48624],[132.46897,34.48574],[132.4688,34.4858],[132.46879,34.48582],[132.46871,34.48584],[132.46861,34.48584],[132.46857,34.48583],[132.4685,34.48579],[132.46843,34.48576],[132.46838,34.48574],[132.46837,34.48574],[132.46832,34.48574],[132.46823,34.48573],[132.46817,34.48574],[132.4681,34.48575],[132.46803,34.48579],[132.46795,34.48588],[132.46793,34.48591],[132.46789,34.48597],[132.46783,34.48607],[132.46777,34.48614],[132.46768,34.48623],[132.46759,34.48627],[132.46746,34.48634],[132.46737,34.48641],[132.46725,34.48653],[132.46719,34.48657],[132.46714,34.48658],[132.4671,34.48657],[132.46699,34.48651],[132.46691,34.48648],[132.46681,34.48647],[132.4667,34.48648],[132.46661,34.48653],[132.46652,34.48658],[132.46645,34.48666],[132.46641,34.48676],[132.46637,34.48679],[132.46631,34.48681],[132.46621,34.48682],[132.46611,34.48685],[132.46603,34.48689],[132.46595,34.48697],[132.46589,34.48705],[132.46586,34.48707],[132.46571,34.48722],[132.46565,34.48727],[132.46558,34.48729],[132.46552,34.48732],[132.46542,34.48737],[132.46534,34.48742],[132.46527,34.48748],[132.46522,34.48754],[132.46517,34.4876],[132.46512,34.48765],[132.46503,34.48771],[132.46492,34.48778],[132.46454,34.48767],[132.46429,34.48782],[132.46397,34.48801],[132.4633,34.48818],[132.4633,34.48819],[132.46332,34.48823],[132.46341,34.4885],[132.46351,34.48852],[132.46351,34.48856],[132.46353,34.4886],[132.46349,34.48864],[132.46361,34.48899],[132.46221,34.48933],[132.46215,34.48935],[132.46214,34.48935],[132.46199,34.48965],[132.46202,34.48977],[132.46197,34.48989],[132.46186,34.48992],[132.46176,34.48997],[132.46174,34.48998],[132.46169,34.48995],[132.46163,34.48991],[132.46159,34.48988],[132.46155,34.48987],[132.46153,34.48987],[132.46138,34.4899],[132.46126,34.48993],[132.46101,34.48964],[132.46067,34.48971],[132.46064,34.48972],[132.46044,34.48996],[132.46037,34.49005],[132.45986,34.49019],[132.45963,34.49025],[132.45958,34.49027],[132.45955,34.49028],[132.45915,34.49006],[132.45887,34.4899],[132.45868,34.48979],[132.45859,34.48977],[132.45843,34.48972],[132.45842,34.48978],[132.45843,34.48981],[132.45842,34.48994],[132.45842,34.48999],[132.45836,34.49003],[132.4581,34.49017],[132.45789,34.49028],[132.45772,34.49034],[132.45758,34.49037],[132.45731,34.49044],[132.45719,34.49048],[132.45705,34.49055],[132.45685,34.49062],[132.45682,34.49065],[132.4569,34.49101],[132.4569,34.49111],[132.45689,34.49125],[132.4569,34.49139],[132.45694,34.49152],[132.457,34.49165],[132.45701,34.49171],[132.45704,34.49185],[132.45705,34.49204],[132.45706,34.49231],[132.45706,34.49238],[132.45708,34.4925],[132.45718,34.49271],[132.45723,34.49298],[132.45731,34.49324],[132.45738,34.4936],[132.45739,34.49373],[132.45739,34.49391],[132.45739,34.49403],[132.45738,34.49426],[132.45738,34.49439],[132.45738,34.49447],[132.45689,34.49448],[132.45661,34.49448],[132.45652,34.49448],[132.45626,34.49448],[132.45616,34.4945],[132.456,34.49449],[132.45586,34.49447],[132.45574,34.49442],[132.45564,34.49437],[132.4555,34.4943],[132.45516,34.49432],[132.45487,34.4944],[132.45462,34.49452],[132.45432,34.49466],[132.45407,34.49485],[132.45395,34.49503],[132.45382,34.49518],[132.45362,34.49518],[132.45318,34.49523],[132.45309,34.49531],[132.45285,34.49542],[132.45261,34.49547],[132.45228,34.49544],[132.45243,34.49588],[132.45255,34.49647],[132.45253,34.49692],[132.45253,34.49737],[132.45256,34.49767],[132.45302,34.49821],[132.45369,34.49862],[132.45466,34.49912],[132.4554,34.49953],[132.45625,34.50014],[132.45675,34.50039],[132.4571,34.50057],[132.45774,34.50097],[132.45815,34.50138],[132.45859,34.50159],[132.45934,34.50193],[132.45968,34.50222],[132.46008,34.50284],[132.46054,34.50321],[132.46109,34.50338],[132.46227,34.50354],[132.46322,34.50362],[132.46397,34.5038],[132.46398,34.50454],[132.46408,34.5051],[132.46393,34.5057],[132.46366,34.50637],[132.46343,34.50678],[132.4634,34.50703],[132.46334,34.50782],[132.46341,34.50879],[132.46355,34.50934],[132.46431,34.50997],[132.46466,34.5104],[132.46458,34.51114],[132.46477,34.51205],[132.46551,34.51268],[132.46623,34.51312],[132.46645,34.5132],[132.46661,34.51326],[132.46657,34.51318],[132.46649,34.51278],[132.46645,34.51231],[132.46647,34.5119],[132.46659,34.51162],[132.46673,34.51124],[132.46687,34.51106],[132.46709,34.51078],[132.46746,34.51045],[132.46787,34.51],[132.46817,34.50961],[132.46882,34.50917],[132.46976,34.50885],[132.47055,34.50862],[132.4714,34.50862],[132.47219,34.50871],[132.47233,34.50872],[132.47283,34.50881],[132.47313,34.50886],[132.47396,34.50914],[132.47455,34.50937],[132.47478,34.50945],[132.47542,34.50984],[132.47589,34.51029],[132.47643,34.51086],[132.47706,34.51144],[132.47751,34.51182],[132.47799,34.5123],[132.47818,34.5125],[132.47822,34.51254],[132.47873,34.51317],[132.47907,34.51347],[132.47924,34.5136],[132.47947,34.51367],[132.47975,34.51376],[132.48001,34.51383],[132.48033,34.51382],[132.48039,34.51382],[132.48074,34.51376],[132.48115,34.51359],[132.48165,34.51345],[132.48197,34.51337],[132.48204,34.51328],[132.4821,34.51313],[132.48218,34.51285],[132.48226,34.51242],[132.48223,34.51174],[132.48222,34.51089],[132.48219,34.5104],[132.48204,34.5099],[132.4818,34.50947],[132.4815,34.50905]]]}},{"type":"Feature","properties":{"name":"安佐町大字小河内","setai":176,"jinko":358,"key":"341067810","units":1},"geometry":{"type":"Polygon","coordinates":[[[132.40298,34.6004],[132.4039,34.60001],[132.40383,34.60046],[132.404,34.60093],[132.40416,34.6012],[132.40437,34.60155],[132.40441,34.60193],[132.40446,34.60239],[132.40458,34.6025],[132.40465,34.60256],[132.4047,34.60261],[132.40471,34.60261],[132.40479,34.60264],[132.40546,34.60287],[132.40644,34.60308],[132.40647,34.60308],[132.40687,34.603],[132.40698,34.60292],[132.40723,34.60275],[132.40772,34.60245],[132.40795,34.60231],[132.40852,34.60196],[132.40895,34.60164],[132.40932,34.60144],[132.40934,34.60144],[132.40948,34.60135],[132.40982,34.60115],[132.41056,34.6008],[132.41113,34.60055],[132.41157,34.60033],[132.41199,34.60009],[132.41223,34.5999],[132.41244,34.59982],[132.41275,34.59974],[132.41345,34.59973],[132.41375,34.5996],[132.41384,34.59956],[132.41422,34.5994],[132.41462,34.59927],[132.41469,34.59927],[132.4151,34.59931],[132.41637,34.59978],[132.41672,34.59996],[132.41713,34.60017],[132.41734,34.60028],[132.41854,34.60128],[132.41961,34.60244],[132.42001,34.60285],[132.42031,34.60306],[132.42063,34.60318],[132.42139,34.60332],[132.42186,34.60346],[132.42191,34.60343],[132.42265,34.60306],[132.42283,34.60297],[132.42296,34.60298],[132.42316,34.60306],[132.42317,34.60306],[132.42344,34.60311],[132.42359,34.60305],[132.42368,34.60302],[132.42375,34.60303],[132.42406,34.60307],[132.42406,34.60307],[132.42419,34.60307],[132.42456,34.60305],[132.42489,34.60287],[132.4253,34.60254],[132.42569,34.60221],[132.42603,34.60198],[132.42653,34.60151],[132.42706,34.60121],[132.4279,34.60089],[132.42821,34.60078],[132.42823,34.60078],[132.42856,34.60067],[132.42864,34.60064],[132.42879,34.60069],[132.42919,34.6008],[132.42934,34.60085],[132.42956,34.60092],[132.42979,34.60097],[132.42987,34.60099],[132.42994,34.60096],[132.43011,34.6009],[132.43043,34.60063],[132.43083,34.6002],[132.43085,34.59975],[132.43067,34.59936],[132.43036,34.59899],[132.43034,34.59898],[132.43034,34.59888],[132.43036,34.59879],[132.43042,34.59845],[132.43056,34.59809],[132.43079,34.59738],[132.43106,34.59779],[132.43161,34.59761],[132.4321,34.59753],[132.43265,34.59745],[132.4329,34.59734],[132.433,34.59715],[132.43314,34.59683],[132.43319,34.59673],[132.43349,34.59656],[132.43365,34.59651],[132.43376,34.59648],[132.43417,34.59645],[132.43461,34.59649],[132.435,34.59652],[132.43544,34.59619],[132.43559,34.59588],[132.43556,34.59535],[132.43568,34.59509],[132.43593,34.59494],[132.43622,34.59477],[132.43657,34.59451],[132.43672,34.59422],[132.43673,34.59419],[132.43696,34.59367],[132.43699,34.59355],[132.43701,34.59343],[132.43714,34.59335],[132.43757,34.59292],[132.43786,34.59275],[132.43824,34.59252],[132.4384,34.59245],[132.43912,34.5921],[132.43915,34.59208],[132.43924,34.59204],[132.43931,34.592],[132.43963,34.59145],[132.43973,34.59094],[132.43968,34.59031],[132.43943,34.58965],[132.4392,34.58899],[132.43927,34.58863],[132.43934,34.58814],[132.43938,34.58752],[132.4394,34.58722],[132.43939,34.58689],[132.43858,34.58623],[132.43822,34.58593],[132.43789,34.58565],[132.4376,34.58541],[132.43729,34.58503],[132.43668,34.58426],[132.43611,34.58355],[132.43588,34.58312],[132.43584,34.58303],[132.4356,34.5826],[132.43523,34.58152],[132.43488,34.58072],[132.4348,34.57985],[132.43483,34.57876],[132.43481,34.57833],[132.43466,34.57785],[132.43476,34.57694],[132.43474,34.57638],[132.43455,34.57603],[132.43453,34.57602],[132.43374,34.57558],[132.43263,34.5752],[132.43053,34.57446],[132.42918,34.57405],[132.42879,34.57362],[132.4285,34.57342],[132.42813,34.57326],[132.42767,34.57314],[132.42739,34.57297],[132.4272,34.57253],[132.42716,34.57244],[132.42665,34.56964],[132.42629,34.56862],[132.42563,34.56783],[132.42503,34.56714],[132.42474,34.56678],[132.42386,34.56572],[132.42314,34.56482],[132.42148,34.56249],[132.42099,34.56182],[132.42068,34.56107],[132.42066,34.56056],[132.42058,34.56004],[132.42009,34.55888],[132.41973,34.55849],[132.41931,34.55815],[132.41894,34.55791],[132.41854,34.55764],[132.4185,34.55735],[132.41842,34.55704],[132.41811,34.55674],[132.41796,34.55645],[132.41799,34.55619],[132.41801,34.55598],[132.41817,34.55516],[132.41806,34.55459],[132.41786,34.55405],[132.41733,34.55377],[132.4167,34.55349],[132.41589,34.55329],[132.41514,34.55316],[132.41357,34.55286],[132.41325,34.5527],[132.41292,34.55269],[132.41272,34.55263],[132.41235,34.55264],[132.41227,34.55265],[132.41209,34.55264],[132.41157,34.55263],[132.41117,34.55264],[132.41001,34.55212],[132.40975,34.5518],[132.40961,34.55152],[132.40939,34.55112],[132.40933,34.55101],[132.40918,34.55075],[132.40893,34.55058],[132.40833,34.55047],[132.40809,34.55038],[132.40787,34.54992],[132.40772,34.54953],[132.40748,34.54931],[132.40696,34.54919],[132.40648,34.54917],[132.40607,34.54905],[132.40578,34.54874],[132.40542,34.54834],[132.40528,34.5479],[132.40492,34.54715],[132.40464,34.54688],[132.40431,34.54695],[132.40398,34.54702],[132.40386,34.54702],[132.40346,34.54704],[132.40324,34.54702],[132.40259,34.54694],[132.40186,34.54677],[132.4012,34.54659],[132.4004,34.54631],[132.39973,34.54602],[132.39895,34.54561],[132.39832,34.54522],[132.39749,34.54485],[132.39679,34.54455],[132.39603,34.54428],[132.39571,34.54416],[132.39543,34.54412],[132.39513,34.54408],[132.39489,34.54408],[132.39456,34.5441],[132.39425,34.54413],[132.39406,34.54416],[132.39394,34.54418],[132.3936,34.54426],[132.39323,34.54435],[132.39294,34.54443],[132.39268,34.54452],[132.39245,34.54463],[132.39225,34.54477],[132.39201,34.54495],[132.39187,34.54515],[132.39176,34.54537],[132.3917,34.54559],[132.39163,34.5459],[132.3916,34.5462],[132.39159,34.54656],[132.3916,34.54663],[132.39164,34.54685],[132.39167,34.54692],[132.39173,34.54705],[132.39192,34.54729],[132.39224,34.54775],[132.39266,34.54823],[132.39327,34.54891],[132.39365,34.54922],[132.39373,34.54927],[132.39378,34.54933],[132.3943,34.55004],[132.39455,34.55076],[132.39463,34.55119],[132.39465,34.55155],[132.39466,34.55191],[132.39456,34.55235],[132.39428,34.55291],[132.39405,34.55352],[132.39387,34.55399],[132.39384,34.55411],[132.39375,34.55431],[132.39344,34.55501],[132.39321,34.55556],[132.3932,34.55591],[132.39314,34.55606],[132.39319,34.55693],[132.39309,34.55779],[132.39306,34.55853],[132.39305,34.55931],[132.39296,34.5597],[132.39296,34.5602],[132.39286,34.56053],[132.39271,34.56086],[132.39254,34.56106],[132.3924,34.56125],[132.392,34.56154],[132.39163,34.56174],[132.39113,34.56189],[132.39056,34.56209],[132.38993,34.56235],[132.38995,34.56247],[132.39001,34.56291],[132.39004,34.56311],[132.39014,34.56385],[132.39031,34.5646],[132.39035,34.56493],[132.39049,34.56546],[132.39031,34.56607],[132.3902,34.56638],[132.39003,34.56687],[132.39001,34.56693],[132.38998,34.56702],[132.38989,34.5676],[132.38978,34.56829],[132.38977,34.56882],[132.38976,34.56898],[132.38975,34.56937],[132.38975,34.56939],[132.38992,34.56995],[132.38996,34.57006],[132.39013,34.57054],[132.39021,34.57103],[132.38952,34.57174],[132.38873,34.57253],[132.38828,34.57318],[132.38828,34.57325],[132.38827,34.57331],[132.38824,34.57361],[132.38827,34.57388],[132.38835,34.57449],[132.3886,34.57499],[132.38891,34.57559],[132.38884,34.5759],[132.38882,34.57599],[132.3892,34.57664],[132.38849,34.5771],[132.38798,34.57746],[132.38784,34.57795],[132.38787,34.578],[132.38794,34.57813],[132.38829,34.57879],[132.38833,34.5795],[132.38845,34.58097],[132.38849,34.58142],[132.3885,34.58154],[132.38855,34.58206],[132.38869,34.58244],[132.38885,34.5829],[132.38945,34.58342],[132.38997,34.58367],[132.39059,34.58411],[132.39139,34.58462],[132.39167,34.58488],[132.39166,34.58511],[132.39165,34.58525],[132.39164,34.58538],[132.39164,34.58544],[132.39163,34.5855],[132.39113,34.58761],[132.39111,34.58769],[132.39088,34.58847],[132.39062,34.58939],[132.39013,34.59129],[132.38975,34.59296],[132.38979,34.59311],[132.38989,34.59349],[132.38968,34.594],[132.3897,34.59455],[132.39007,34.59507],[132.39034,34.5954],[132.39037,34.59543],[132.39056,34.59568],[132.39272,34.59777],[132.39585,34.60017],[132.39634,34.60061],[132.39865,34.60271],[132.39907,34.60313],[132.39915,34.60368],[132.3988,34.60425],[132.39863,34.60473],[132.39868,34.60493],[132.39913,34.60484],[132.3995,34.60449],[132.39974,34.60421],[132.39982,34.60411],[132.3999,34.604],[132.40011,34.60372],[132.40019,34.60361],[132.40055,34.60306],[132.40082,34.6025],[132.40101,34.60215],[132.40129,34.60179],[132.40151,34.60162],[132.40174,34.60144],[132.40202,34.60112],[132.40224,34.60087],[132.40258,34.60054],[132.40276,34.60048],[132.40298,34.6004]]]}},{"type":"Feature","properties":{"name":"安佐町大字鈴張","setai":1106,"jinko":2747,"key":"341067820","units":1},"geometry":{"type":"Polygon","coordinates":[[[132.47383,34.61441],[132.47459,34.61424],[132.47494,34.61409],[132.47531,34.61393],[132.47551,34.61399],[132.4758,34.61392],[132.476,34.61375],[132.47646,34.61368],[132.47692,34.61355],[132.4771,34.61358],[132.47736,34.61328],[132.47758,34.61317],[132.47764,34.61321],[132.47824,34.61309],[132.47831,34.61307],[132.47868,34.61279],[132.47897,34.61263],[132.47906,34.61256],[132.47932,34.61246],[132.47986,34.61222],[132.47997,34.61217],[132.48028,34.61186],[132.48021,34.61182],[132.48016,34.61179],[132.48003,34.61152],[132.48004,34.61125],[132.47994,34.61095],[132.47994,34.61094],[132.47992,34.6109],[132.47967,34.61073],[132.47957,34.61063],[132.47951,34.61052],[132.47929,34.61023],[132.47923,34.61008],[132.47904,34.6095],[132.47897,34.60919],[132.47891,34.60889],[132.47868,34.60871],[132.47859,34.60864],[132.47849,34.60851],[132.47849,34.60832],[132.47848,34.60811],[132.47859,34.60798],[132.47862,34.60798],[132.47897,34.60794],[132.47923,34.60791],[132.47938,34.60774],[132.47942,34.60769],[132.47955,34.60754],[132.48001,34.60696],[132.4807,34.60651],[132.48084,34.60642],[132.48134,34.60615],[132.4822,34.60596],[132.48269,34.60592],[132.4829,34.60601],[132.48306,34.60608],[132.48336,34.60622],[132.48362,34.60631],[132.48367,34.6063],[132.48419,34.60624],[132.48447,34.60614],[132.48478,34.60612],[132.48522,34.60622],[132.48539,34.60626],[132.48552,34.60619],[132.48573,34.60606],[132.48586,34.60594],[132.48603,34.60597],[132.48628,34.60602],[132.48716,34.60618],[132.4872,34.60613],[132.4875,34.60575],[132.48784,34.6053],[132.48786,34.60528],[132.48825,34.60482],[132.48848,34.60455],[132.48909,34.60386],[132.4895,34.60323],[132.4896,34.6032],[132.49017,34.60304],[132.49078,34.60284],[132.49102,34.60277],[132.49199,34.60245],[132.4926,34.60235],[132.49338,34.60216],[132.49356,34.6021],[132.49409,34.60192],[132.49409,34.60192],[132.4942,34.60185],[132.49444,34.60171],[132.49492,34.60141],[132.49521,34.60127],[132.49529,34.60123],[132.49557,34.60109],[132.49626,34.60062],[132.49658,34.6003],[132.4969,34.59989],[132.49717,34.59952],[132.49759,34.59928],[132.4976,34.59927],[132.49788,34.59903],[132.49788,34.59885],[132.49801,34.59864],[132.49811,34.59812],[132.4981,34.59807],[132.49815,34.59802],[132.49816,34.59763],[132.49794,34.59726],[132.4979,34.59696],[132.49801,34.59667],[132.49804,34.59651],[132.49805,34.59644],[132.49808,34.59622],[132.49817,34.59582],[132.49826,34.59548],[132.49842,34.59508],[132.49853,34.59482],[132.49864,34.59469],[132.49888,34.59441],[132.49902,34.59407],[132.49921,34.59364],[132.49943,34.59342],[132.49902,34.59283],[132.49894,34.5927],[132.49856,34.59247],[132.49813,34.59238],[132.49811,34.59236],[132.49805,34.59236],[132.49798,34.59234],[132.49742,34.59211],[132.4969,34.5917],[132.49652,34.59133],[132.49638,34.5912],[132.49604,34.59076],[132.49564,34.59017],[132.49568,34.58982],[132.49588,34.58943],[132.49593,34.5891],[132.496,34.58898],[132.49613,34.58878],[132.49611,34.58833],[132.49602,34.58821],[132.496,34.58796],[132.49585,34.58773],[132.49563,34.58752],[132.49555,34.58738],[132.49543,34.58717],[132.49513,34.58651],[132.49482,34.58575],[132.49481,34.58517],[132.49491,34.58464],[132.49492,34.58437],[132.49492,34.58436],[132.49475,34.58395],[132.49513,34.58346],[132.49535,34.58303],[132.49546,34.58261],[132.49559,34.58231],[132.49561,34.58226],[132.49561,34.5822],[132.49555,34.58182],[132.49543,34.58139],[132.49529,34.58107],[132.49523,34.58057],[132.49522,34.58014],[132.4953,34.57976],[132.49531,34.57972],[132.49548,34.57865],[132.49548,34.57863],[132.4954,34.57852],[132.49533,34.5785],[132.49511,34.57848],[132.49481,34.57847],[132.4947,34.57849],[132.49455,34.57851],[132.49423,34.57856],[132.49412,34.57858],[132.49371,34.57866],[132.49329,34.57874],[132.4932,34.57875],[132.49264,34.57891],[132.49199,34.5789],[132.49125,34.57876],[132.49069,34.57856],[132.49024,34.57837],[132.48997,34.57816],[132.4898,34.5781],[132.4897,34.57796],[132.48944,34.57777],[132.48908,34.57749],[132.48872,34.57729],[132.48823,34.57707],[132.48778,34.57699],[132.48726,34.57689],[132.48718,34.57668],[132.48718,34.57649],[132.48722,34.57627],[132.48712,34.57613],[132.48705,34.57593],[132.48688,34.57572],[132.48675,34.57541],[132.48667,34.57534],[132.48623,34.57512],[132.48597,34.5748],[132.48593,34.57477],[132.48555,34.5744],[132.48522,34.57409],[132.485,34.57392],[132.48492,34.57385],[132.48441,34.57381],[132.48404,34.57385],[132.48378,34.57376],[132.48356,34.5734],[132.48341,34.57321],[132.48305,34.5731],[132.48256,34.57291],[132.48246,34.57272],[132.48235,34.57251],[132.48217,34.57247],[132.48182,34.5725],[132.48137,34.57241],[132.48097,34.57236],[132.48044,34.5724],[132.48001,34.57254],[132.47964,34.5725],[132.47929,34.57221],[132.47896,34.57183],[132.47857,34.5712],[132.47827,34.57083],[132.47816,34.57069],[132.47803,34.57056],[132.47765,34.57017],[132.47695,34.56958],[132.4769,34.56954],[132.47656,34.56922],[132.47628,34.56894],[132.47628,34.56893],[132.47534,34.56965],[132.47503,34.5699],[132.47496,34.56995],[132.47478,34.57012],[132.4746,34.57029],[132.47374,34.57088],[132.47232,34.57176],[132.47174,34.57221],[132.47097,34.57277],[132.47042,34.5732],[132.4697,34.57369],[132.46905,34.57408],[132.46825,34.57436],[132.46815,34.57437],[132.4672,34.57451],[132.46666,34.57467],[132.46613,34.57474],[132.4653,34.57495],[132.46457,34.57492],[132.46392,34.57493],[132.46388,34.575],[132.46374,34.57527],[132.46367,34.5753],[132.46356,34.57534],[132.46175,34.57543],[132.45976,34.57542],[132.45796,34.57525],[132.4561,34.57508],[132.45518,34.57508],[132.45517,34.57507],[132.45417,34.57515],[132.45313,34.5753],[132.45238,34.57539],[132.45157,34.57538],[132.45106,34.57529],[132.45075,34.57531],[132.45072,34.57531],[132.45022,34.57548],[132.4491,34.57607],[132.44832,34.57659],[132.44716,34.57751],[132.44699,34.57761],[132.44522,34.57865],[132.44442,34.57878],[132.44382,34.57891],[132.44268,34.5791],[132.44153,34.57939],[132.44061,34.57974],[132.43968,34.58035],[132.43913,34.58058],[132.43853,34.58095],[132.43797,34.5813],[132.4374,34.58163],[132.43675,34.58217],[132.43584,34.58303],[132.43588,34.58312],[132.43611,34.58355],[132.43668,34.58426],[132.43729,34.58503],[132.4376,34.58541],[132.43789,34.58565],[132.43822,34.58593],[132.43858,34.58623],[132.43939,34.58689],[132.4394,34.58722],[132.43938,34.58752],[132.43934,34.58814],[132.43927,34.58863],[132.4392,34.58899],[132.43943,34.58965],[132.43968,34.59031],[132.43973,34.59094],[132.43963,34.59145],[132.43931,34.592],[132.43924,34.59204],[132.4395,34.59218],[132.44019,34.59257],[132.44062,34.59279],[132.44096,34.59297],[132.44108,34.59305],[132.44118,34.59312],[132.44121,34.59313],[132.44149,34.59326],[132.44156,34.5933],[132.44172,34.59338],[132.44195,34.59363],[132.44204,34.59376],[132.44207,34.59382],[132.4424,34.59396],[132.44262,34.59406],[132.44284,34.5942],[132.44286,34.59421],[132.44295,34.59427],[132.4432,34.59442],[132.44338,34.59455],[132.44346,34.5947],[132.4435,34.59478],[132.44369,34.59496],[132.44405,34.59506],[132.44435,34.59521],[132.44453,34.59538],[132.44472,34.59567],[132.44491,34.59577],[132.44524,34.59594],[132.44533,34.59598],[132.44571,34.59625],[132.44586,34.59635],[132.44592,34.59641],[132.44622,34.59675],[132.44623,34.59676],[132.44633,34.59695],[132.44677,34.59735],[132.44688,34.59745],[132.44688,34.59745],[132.4473,34.59784],[132.44756,34.59806],[132.44769,34.59817],[132.44797,34.59845],[132.44815,34.59859],[132.4484,34.59858],[132.44841,34.59858],[132.44864,34.59867],[132.4488,34.59873],[132.44892,34.5989],[132.44911,34.59916],[132.44956,34.59967],[132.44973,34.59975],[132.44985,34.59981],[132.44987,34.59985],[132.45048,34.60009],[132.45106,34.60038],[132.45145,34.60053],[132.45146,34.60054],[132.45169,34.60073],[132.45184,34.60085],[132.45202,34.60085],[132.45217,34.60092],[132.45261,34.60116],[132.45316,34.60145],[132.45364,34.6017],[132.45401,34.60202],[132.4541,34.60211],[132.45422,34.6023],[132.45422,34.60256],[132.45422,34.60256],[132.45441,34.60283],[132.45444,34.60285],[132.45461,34.60294],[132.45477,34.60303],[132.45485,34.60308],[132.45488,34.60308],[132.45494,34.60309],[132.45501,34.60312],[132.45556,34.6032],[132.45568,34.60329],[132.45573,34.60333],[132.45585,34.60332],[132.45611,34.6033],[132.45657,34.60335],[132.45694,34.60338],[132.45736,34.60344],[132.45758,34.6035],[132.45753,34.60361],[132.45731,34.60368],[132.45717,34.60377],[132.45688,34.60395],[132.45681,34.604],[132.45678,34.60404],[132.45674,34.6041],[132.45669,34.60426],[132.45665,34.60443],[132.45664,34.60453],[132.45669,34.60465],[132.4567,34.60467],[132.45679,34.60478],[132.45693,34.60496],[132.45724,34.6051],[132.45754,34.60527],[132.45761,34.60534],[132.45799,34.60561],[132.45802,34.60568],[132.45817,34.60589],[132.4583,34.60607],[132.45878,34.6063],[132.45892,34.60638],[132.45895,34.6064],[132.45901,34.60645],[132.45911,34.60654],[132.45924,34.60697],[132.45941,34.60756],[132.45974,34.60827],[132.45984,34.60849],[132.46037,34.60899],[132.46059,34.60917],[132.46082,34.60937],[132.46102,34.60998],[132.46105,34.61052],[132.46098,34.61141],[132.46099,34.6119],[132.46118,34.61215],[132.46121,34.61217],[132.46145,34.61232],[132.46173,34.61278],[132.46195,34.61287],[132.46235,34.613],[132.46256,34.61309],[132.46283,34.61331],[132.46303,34.61339],[132.46349,34.61343],[132.46401,34.61364],[132.46426,34.61376],[132.46447,34.61374],[132.46451,34.61374],[132.4646,34.61373],[132.4651,34.6137],[132.46516,34.6137],[132.46539,34.61368],[132.46602,34.61378],[132.46641,34.61388],[132.46673,34.61402],[132.46689,34.61415],[132.46733,34.61441],[132.46764,34.61447],[132.46802,34.61462],[132.46844,34.61454],[132.46913,34.61439],[132.46952,34.61442],[132.46979,34.61455],[132.47025,34.61452],[132.47074,34.61452],[132.47087,34.61447],[132.47108,34.61439],[132.4715,34.61458],[132.47216,34.61466],[132.47301,34.61456],[132.47383,34.61441]]]}},{"type":"Feature","properties":{"name":"安佐町大字飯室","setai":1106,"jinko":2637,"key":"341067830","units":1},"geometry":{"type":"Polygon","coordinates":[[[132.45075,34.57531],[132.45106,34.57529],[132.45157,34.57538],[132.45238,34.57539],[132.45313,34.5753],[132.45417,34.57515],[132.45517,34.57507],[132.45518,34.57508],[132.4561,34.57508],[132.45796,34.57525],[132.45976,34.57542],[132.46175,34.57543],[132.46356,34.57534],[132.46367,34.5753],[132.46374,34.57527],[132.46388,34.575],[132.46392,34.57493],[132.46457,34.57492],[132.4653,34.57495],[132.46613,34.57474],[132.46666,34.57467],[132.4672,34.57451],[132.46815,34.57437],[132.46825,34.57436],[132.46905,34.57408],[132.4697,34.57369],[132.47042,34.5732],[132.47097,34.57277],[132.47174,34.57221],[132.47232,34.57176],[132.47374,34.57088],[132.4746,34.57029],[132.47478,34.57012],[132.47496,34.56995],[132.47503,34.5699],[132.47534,34.56965],[132.47628,34.56893],[132.47594,34.5685],[132.47562,34.5679],[132.47518,34.56721],[132.47508,34.56709],[132.47477,34.56673],[132.47473,34.5667],[132.47422,34.56604],[132.47377,34.56565],[132.47368,34.56556],[132.47327,34.56523],[132.47281,34.56502],[132.47249,34.56475],[132.47223,34.56461],[132.4715,34.56415],[132.47131,34.56406],[132.4709,34.56402],[132.47063,34.56387],[132.47038,34.5637],[132.47033,34.56366],[132.47017,34.56359],[132.47011,34.56357],[132.46997,34.56353],[132.46942,34.56343],[132.46893,34.56327],[132.46848,34.56301],[132.46816,34.56268],[132.46807,34.56261],[132.46771,34.56226],[132.46765,34.5622],[132.46763,34.5622],[132.46736,34.56227],[132.46707,34.56235],[132.46671,34.56233],[132.46663,34.56233],[132.46623,34.56232],[132.46592,34.56231],[132.46575,34.56229],[132.46572,34.56228],[132.46572,34.56228],[132.46531,34.56221],[132.46505,34.56201],[132.465,34.56175],[132.465,34.56146],[132.46499,34.56139],[132.46497,34.56128],[132.46486,34.56092],[132.46464,34.56055],[132.46462,34.56012],[132.46462,34.56011],[132.46464,34.56],[132.46467,34.55967],[132.4646,34.55952],[132.46452,34.55939],[132.46426,34.55913],[132.46417,34.55904],[132.46415,34.55902],[132.46414,34.55901],[132.46401,34.55886],[132.46397,34.55874],[132.46381,34.55845],[132.46379,34.55837],[132.46368,34.55821],[132.4635,34.558],[132.4633,34.55776],[132.46308,34.55748],[132.46298,34.55722],[132.46298,34.55716],[132.46287,34.55693],[132.46293,34.55654],[132.463,34.5563],[132.46295,34.55613],[132.46283,34.55572],[132.46283,34.55559],[132.46283,34.55559],[132.46283,34.55546],[132.46271,34.55494],[132.46265,34.55489],[132.46247,34.55462],[132.46227,34.5543],[132.46215,34.55418],[132.46186,34.55396],[132.46159,34.55339],[132.46137,34.55299],[132.46119,34.55255],[132.46112,34.55229],[132.46105,34.55201],[132.46086,34.55148],[132.46082,34.55141],[132.46059,34.55103],[132.46023,34.55062],[132.45993,34.5504],[132.45974,34.55016],[132.45948,34.55008],[132.45917,34.54998],[132.45908,34.54995],[132.45876,34.54988],[132.45849,34.54977],[132.45819,34.54962],[132.45797,34.54945],[132.45771,34.54926],[132.45752,34.54925],[132.45739,34.54931],[132.45717,34.54931],[132.45705,34.5491],[132.45697,34.54891],[132.45691,34.5487],[132.45691,34.54869],[132.45701,34.54845],[132.45707,34.54815],[132.45709,34.54781],[132.45711,34.54768],[132.45712,34.54766],[132.45716,34.54759],[132.45716,34.54751],[132.45714,34.54742],[132.45714,34.5474],[132.45716,34.5473],[132.45714,34.54723],[132.45707,34.54717],[132.45699,34.54702],[132.45692,34.54694],[132.45687,34.54684],[132.4568,34.54675],[132.45673,34.54675],[132.45662,34.54668],[132.45628,34.54653],[132.45628,34.54639],[132.45629,34.54628],[132.45637,34.5461],[132.45643,34.54602],[132.4565,34.54599],[132.45664,34.54592],[132.45672,34.54588],[132.45685,34.54582],[132.45707,34.5457],[132.45719,34.54557],[132.45729,34.54541],[132.45741,34.54533],[132.4574,34.54522],[132.45742,34.54518],[132.45744,34.54502],[132.4574,34.5449],[132.45735,34.54476],[132.45732,34.54463],[132.45726,34.54447],[132.4572,34.54436],[132.45709,34.54425],[132.457,34.54416],[132.45695,34.54411],[132.45682,34.54392],[132.45671,34.54374],[132.45668,34.54364],[132.45664,34.54354],[132.4566,34.54344],[132.45655,34.54331],[132.45656,34.54321],[132.45658,34.54312],[132.45663,34.54302],[132.45663,34.54291],[132.45665,34.54284],[132.45662,34.54279],[132.4566,34.54272],[132.45656,34.54265],[132.45656,34.54255],[132.45654,34.54242],[132.45654,34.54241],[132.45651,34.54234],[132.45646,34.54227],[132.4564,34.54223],[132.4563,34.5422],[132.45622,34.54217],[132.45615,34.54211],[132.45608,34.54206],[132.456,34.542],[132.45592,34.54196],[132.45584,34.54193],[132.45572,34.54191],[132.45562,34.54189],[132.45549,34.54189],[132.4554,34.54191],[132.4553,34.54193],[132.45518,34.54195],[132.45505,34.54199],[132.45493,34.542],[132.45489,34.542],[132.4548,34.54199],[132.45469,34.54197],[132.45468,34.54196],[132.45462,34.54192],[132.45451,34.54187],[132.45439,34.54184],[132.45425,34.54175],[132.45408,34.54168],[132.45396,34.54168],[132.45384,34.54168],[132.45366,34.54166],[132.45354,34.54166],[132.45344,34.54166],[132.4532,34.54163],[132.45304,34.54162],[132.45283,34.54158],[132.45259,34.54153],[132.4524,34.54147],[132.45235,34.54141],[132.45229,34.54133],[132.45221,34.54124],[132.45211,34.54113],[132.45205,34.54101],[132.45206,34.5409],[132.45211,34.54084],[132.45211,34.54083],[132.45212,34.54077],[132.45204,34.54073],[132.45154,34.54056],[132.45142,34.54051],[132.45096,34.5403],[132.45098,34.54011],[132.45096,34.54003],[132.45097,34.54002],[132.451,34.53993],[132.45098,34.5398],[132.45092,34.53966],[132.45084,34.5395],[132.45076,34.53939],[132.45068,34.53931],[132.45057,34.53921],[132.45047,34.53916],[132.45032,34.53918],[132.45017,34.53919],[132.44997,34.5392],[132.44976,34.53917],[132.44973,34.53916],[132.44956,34.53912],[132.44947,34.53907],[132.44925,34.53893],[132.44918,34.53889],[132.44904,34.53879],[132.44899,34.53874],[132.44894,34.5387],[132.44877,34.53855],[132.44868,34.53846],[132.44851,34.53837],[132.44845,34.53842],[132.44818,34.53838],[132.44786,34.53831],[132.44757,34.53823],[132.44736,34.53801],[132.44684,34.53773],[132.4462,34.53737],[132.44584,34.53723],[132.44527,34.53676],[132.44499,34.53638],[132.44469,34.5361],[132.44456,34.53611],[132.4445,34.53614],[132.44446,34.53615],[132.4444,34.53612],[132.44423,34.53601],[132.44372,34.5357],[132.44298,34.53532],[132.44211,34.53476],[132.44188,34.53457],[132.44166,34.53433],[132.44152,34.53425],[132.44138,34.53421],[132.44126,34.53422],[132.44116,34.53423],[132.44083,34.53416],[132.44063,34.53408],[132.44028,34.53394],[132.43969,34.53374],[132.43924,34.5335],[132.43895,34.53326],[132.43866,34.53307],[132.43847,34.53297],[132.43839,34.53294],[132.43815,34.53288],[132.43796,34.53282],[132.43694,34.53129],[132.43698,34.53118],[132.43699,34.53111],[132.43721,34.53025],[132.43727,34.52995],[132.43739,34.52951],[132.4375,34.52906],[132.43762,34.52855],[132.43713,34.52841],[132.43653,34.52822],[132.43613,34.52805],[132.43495,34.52773],[132.43491,34.52772],[132.43489,34.5279],[132.43452,34.52906],[132.43451,34.5291],[132.43403,34.53108],[132.43392,34.53151],[132.4339,34.53162],[132.43325,34.53482],[132.43298,34.53582],[132.43285,34.53676],[132.43283,34.53726],[132.43256,34.53818],[132.43251,34.53837],[132.43214,34.53995],[132.43213,34.53999],[132.43216,34.54],[132.43176,34.54223],[132.43167,34.54255],[132.43156,34.54292],[132.43135,34.54322],[132.43099,34.54364],[132.43038,34.54374],[132.42979,34.5438],[132.4291,34.54377],[132.42822,34.54349],[132.42692,34.54295],[132.42679,34.54288],[132.42592,34.54229],[132.42452,34.5413],[132.42341,34.54062],[132.42331,34.54056],[132.42276,34.54019],[132.42163,34.53953],[132.41979,34.53852],[132.41825,34.53749],[132.41643,34.53629],[132.41635,34.53624],[132.41591,34.53602],[132.41532,34.53571],[132.41495,34.53547],[132.41481,34.53531],[132.4147,34.53519],[132.41437,34.53491],[132.41363,34.53404],[132.41341,34.5338],[132.41315,34.53319],[132.41299,34.5328],[132.41284,34.53245],[132.41241,34.53215],[132.41193,34.53201],[132.41193,34.53201],[132.41126,34.53198],[132.41018,34.53212],[132.40942,34.53221],[132.40928,34.53224],[132.40869,34.53235],[132.4077,34.53266],[132.40649,34.53328],[132.40553,34.53403],[132.40489,34.53466],[132.40442,34.53559],[132.40423,34.53606],[132.40404,34.53643],[132.404,34.5365],[132.40349,34.53741],[132.40276,34.53848],[132.40201,34.53942],[132.4015,34.54008],[132.40137,34.54044],[132.40137,34.54069],[132.40146,34.5409],[132.40168,34.54133],[132.4018,34.54171],[132.40207,34.54222],[132.40235,34.54261],[132.40267,34.54295],[132.40315,34.54325],[132.40357,34.5435],[132.40384,34.54365],[132.40417,34.54394],[132.40461,34.54431],[132.40494,34.5449],[132.40511,34.54521],[132.40517,34.54587],[132.40514,34.54622],[132.40502,34.54653],[132.40485,34.54671],[132.40464,34.54688],[132.40492,34.54715],[132.40528,34.5479],[132.40542,34.54834],[132.40578,34.54874],[132.40607,34.54905],[132.40648,34.54917],[132.40696,34.54919],[132.40748,34.54931],[132.40772,34.54953],[132.40787,34.54992],[132.40809,34.55038],[132.40833,34.55047],[132.40893,34.55058],[132.40918,34.55075],[132.40933,34.55101],[132.40939,34.55112],[132.40961,34.55152],[132.40975,34.5518],[132.41001,34.55212],[132.41117,34.55264],[132.41157,34.55263],[132.41209,34.55264],[132.41227,34.55265],[132.41235,34.55264],[132.41272,34.55263],[132.41292,34.55269],[132.41325,34.5527],[132.41357,34.55286],[132.41514,34.55316],[132.41589,34.55329],[132.4167,34.55349],[132.41733,34.55377],[132.41786,34.55405],[132.41806,34.55459],[132.41817,34.55516],[132.41801,34.55598],[132.41799,34.55619],[132.41796,34.55645],[132.41811,34.55674],[132.41842,34.55704],[132.4185,34.55735],[132.41854,34.55764],[132.41894,34.55791],[132.41931,34.55815],[132.41973,34.55849],[132.42009,34.55888],[132.42058,34.56004],[132.42066,34.56056],[132.42068,34.56107],[132.42099,34.56182],[132.42148,34.56249],[132.42314,34.56482],[132.42386,34.56572],[132.42474,34.56678],[132.42503,34.56714],[132.42563,34.56783],[132.42629,34.56862],[132.42665,34.56964],[132.42716,34.57244],[132.4272,34.57253],[132.42739,34.57297],[132.42767,34.57314],[132.42813,34.57326],[132.4285,34.57342],[132.42879,34.57362],[132.42918,34.57405],[132.43053,34.57446],[132.43263,34.5752],[132.43374,34.57558],[132.43453,34.57602],[132.43455,34.57603],[132.43474,34.57638],[132.43476,34.57694],[132.43466,34.57785],[132.43481,34.57833],[132.43483,34.57876],[132.4348,34.57985],[132.43488,34.58072],[132.43523,34.58152],[132.4356,34.5826],[132.43584,34.58303],[132.43675,34.58217],[132.4374,34.58163],[132.43797,34.5813],[132.43853,34.58095],[132.43913,34.58058],[132.43968,34.58035],[132.44061,34.57974],[132.44153,34.57939],[132.44268,34.5791],[132.44382,34.57891],[132.44442,34.57878],[132.44522,34.57865],[132.44699,34.57761],[132.44716,34.57751],[132.44832,34.57659],[132.4491,34.57607],[132.45022,34.57548],[132.45072,34.57531],[132.45075,34.57531]]]}},{"type":"Feature","properties":{"name":"白木町大字井原","setai":443,"jinko":1090,"key":"341068220","units":1},"geometry":{"type":"Polygon","coordinates":[[[132.67424,34.61031],[132.67427,34.61023],[132.67434,34.61026],[132.67434,34.61025],[132.67435,34.61019],[132.67435,34.61017],[132.67436,34.61007],[132.67438,34.60993],[132.67433,34.60978],[132.67438,34.60968],[132.67434,34.60948],[132.67418,34.6093],[132.67387,34.60918],[132.67355,34.60919],[132.67317,34.60915],[132.67286,34.60911],[132.67271,34.60909],[132.67248,34.60881],[132.67216,34.60835],[132.67198,34.60797],[132.67177,34.60745],[132.67154,34.60694],[132.67136,34.6065],[132.67134,34.60615],[132.6712,34.60579],[132.67117,34.60575],[132.67094,34.60544],[132.67067,34.60509],[132.67045,34.60473],[132.67019,34.60439],[132.67057,34.60434],[132.67089,34.6044],[132.67116,34.60434],[132.67137,34.6043],[132.67144,34.60426],[132.67184,34.60402],[132.67238,34.60369],[132.6728,34.6033],[132.67329,34.60303],[132.67371,34.60285],[132.67393,34.60276],[132.67413,34.60268],[132.67445,34.60259],[132.6745,34.60258],[132.67493,34.60255],[132.6753,34.6027],[132.67573,34.60292],[132.676,34.60304],[132.67621,34.60329],[132.67641,34.60355],[132.67683,34.60379],[132.67722,34.60398],[132.67729,34.60401],[132.67769,34.60408],[132.67817,34.60409],[132.67852,34.60407],[132.6789,34.60401],[132.67931,34.60382],[132.67958,34.6036],[132.67999,34.60325],[132.68053,34.60264],[132.68061,34.60256],[132.68061,34.60255],[132.68063,34.60253],[132.68091,34.60226],[132.68126,34.60191],[132.68146,34.60169],[132.68152,34.60159],[132.68157,34.60154],[132.68193,34.60093],[132.68228,34.6004],[132.68259,34.59996],[132.68279,34.59975],[132.68281,34.59974],[132.68307,34.59956],[132.68339,34.59946],[132.68365,34.59933],[132.68403,34.59895],[132.68447,34.59839],[132.68487,34.59789],[132.68527,34.59738],[132.68528,34.59737],[132.6854,34.59728],[132.68635,34.59631],[132.68638,34.59628],[132.68671,34.5961],[132.68691,34.59598],[132.68721,34.59572],[132.68725,34.59568],[132.6877,34.59532],[132.68805,34.59498],[132.6881,34.59493],[132.68849,34.59444],[132.68885,34.59402],[132.68899,34.59383],[132.68907,34.59374],[132.68925,34.59355],[132.68958,34.59333],[132.69009,34.59299],[132.69036,34.59274],[132.69048,34.59265],[132.69082,34.59246],[132.69111,34.5922],[132.69168,34.59164],[132.69173,34.59157],[132.69245,34.59056],[132.69253,34.59046],[132.69276,34.59017],[132.69302,34.58986],[132.69328,34.58952],[132.69332,34.58948],[132.69346,34.5893],[132.69349,34.58927],[132.69305,34.58901],[132.69261,34.58884],[132.69229,34.5887],[132.69222,34.58848],[132.692,34.58808],[132.69196,34.58795],[132.69191,34.5877],[132.69199,34.58735],[132.69214,34.58698],[132.69235,34.58673],[132.69239,34.58669],[132.69259,34.58648],[132.69278,34.58629],[132.69296,34.58614],[132.6931,34.58596],[132.69313,34.58584],[132.69313,34.58569],[132.69312,34.58562],[132.69325,34.58533],[132.69326,34.58531],[132.69337,34.58522],[132.69356,34.58502],[132.69366,34.58476],[132.69376,34.58447],[132.69383,34.5842],[132.69387,34.58406],[132.69384,34.58391],[132.69371,34.58381],[132.69363,34.58378],[132.69345,34.58372],[132.69343,34.58371],[132.69324,34.5836],[132.69314,34.58347],[132.69307,34.58325],[132.69301,34.58297],[132.69303,34.58272],[132.69292,34.58259],[132.69277,34.58247],[132.69265,34.58238],[132.69256,34.58221],[132.69252,34.58199],[132.69245,34.58182],[132.69227,34.58165],[132.6921,34.5816],[132.69204,34.58153],[132.69199,34.58133],[132.69197,34.58109],[132.69199,34.58094],[132.69199,34.58091],[132.69199,34.58072],[132.69193,34.58048],[132.69192,34.58047],[132.69179,34.58028],[132.69173,34.58022],[132.69168,34.58016],[132.69155,34.58017],[132.69152,34.58027],[132.69148,34.58041],[132.69143,34.58051],[132.69135,34.58053],[132.69128,34.58044],[132.69123,34.58026],[132.69117,34.5801],[132.69112,34.58002],[132.69104,34.57987],[132.69098,34.57968],[132.69084,34.57944],[132.69056,34.57918],[132.69039,34.57892],[132.69021,34.57864],[132.68996,34.57826],[132.68963,34.57785],[132.68936,34.57767],[132.68919,34.57756],[132.68863,34.57734],[132.68813,34.57714],[132.68812,34.57713],[132.68777,34.57692],[132.68758,34.57666],[132.68748,34.57641],[132.68747,34.57621],[132.68759,34.57604],[132.68778,34.57589],[132.68803,34.57567],[132.68821,34.57538],[132.68831,34.57524],[132.68838,34.57515],[132.68856,34.57497],[132.68871,34.57485],[132.68873,34.57484],[132.68848,34.5746],[132.68827,34.57454],[132.68825,34.57451],[132.68823,34.5745],[132.68794,34.57432],[132.68793,34.57429],[132.68784,34.57414],[132.68776,34.57396],[132.68774,34.57391],[132.68764,34.5737],[132.6874,34.57348],[132.68736,34.57344],[132.68732,34.5734],[132.68708,34.57312],[132.68694,34.573],[132.68685,34.57285],[132.68662,34.5727],[132.68642,34.57263],[132.68639,34.57261],[132.68626,34.57253],[132.68586,34.57228],[132.68549,34.57208],[132.68546,34.5719],[132.68541,34.57172],[132.68523,34.57146],[132.68506,34.57131],[132.68495,34.57123],[132.6849,34.57116],[132.68485,34.571],[132.68495,34.57086],[132.68499,34.57072],[132.68484,34.57046],[132.68469,34.57022],[132.68467,34.5702],[132.68458,34.57001],[132.68426,34.56967],[132.68408,34.56946],[132.68404,34.56928],[132.68398,34.56896],[132.68386,34.56872],[132.68385,34.5686],[132.68384,34.56855],[132.68408,34.56828],[132.68413,34.56811],[132.68417,34.56807],[132.68422,34.56794],[132.68417,34.56776],[132.68411,34.56757],[132.68406,34.56747],[132.68405,34.56744],[132.68386,34.56722],[132.68363,34.56699],[132.68342,34.56689],[132.68342,34.56689],[132.68331,34.56684],[132.68277,34.5669],[132.68187,34.56724],[132.68091,34.56758],[132.68063,34.56773],[132.68008,34.56801],[132.67936,34.56839],[132.67919,34.56845],[132.67867,34.56862],[132.6786,34.56866],[132.67778,34.56901],[132.67774,34.56894],[132.67734,34.56832],[132.6769,34.56769],[132.67683,34.56761],[132.67654,34.56725],[132.6762,34.56684],[132.67571,34.56631],[132.67524,34.56584],[132.6747,34.56531],[132.67423,34.56486],[132.67382,34.56454],[132.67355,34.56443],[132.67341,34.56437],[132.67305,34.56427],[132.67264,34.56416],[132.67221,34.56414],[132.67176,34.56412],[132.67133,34.56408],[132.67096,34.56407],[132.67092,34.56407],[132.67057,34.5641],[132.67011,34.56418],[132.66977,34.56427],[132.66945,34.56434],[132.6689,34.5645],[132.66857,34.56457],[132.66787,34.56472],[132.66777,34.56476],[132.66745,34.56481],[132.66695,34.56494],[132.66629,34.56516],[132.66561,34.56544],[132.66487,34.56565],[132.66451,34.56581],[132.66422,34.56594],[132.66405,34.56597],[132.66404,34.56597],[132.66382,34.56597],[132.66353,34.56603],[132.66341,34.56605],[132.663,34.56607],[132.66269,34.56619],[132.66254,34.56625],[132.66257,34.56648],[132.66261,34.56674],[132.66255,34.56686],[132.66243,34.56691],[132.66226,34.56693],[132.66207,34.56692],[132.66192,34.56693],[132.6617,34.5669],[132.66172,34.56709],[132.66172,34.56712],[132.66169,34.56739],[132.66156,34.5674],[132.66148,34.5674],[132.66108,34.56748],[132.66082,34.56753],[132.66051,34.56756],[132.65839,34.56817],[132.65682,34.5687],[132.65544,34.56919],[132.65412,34.56974],[132.65303,34.57021],[132.65196,34.57077],[132.65004,34.57177],[132.65008,34.57187],[132.6502,34.57198],[132.65042,34.57204],[132.65058,34.57216],[132.65063,34.57229],[132.65063,34.57248],[132.65067,34.57269],[132.65067,34.57275],[132.65075,34.5729],[132.65085,34.57294],[132.651,34.57299],[132.65127,34.57304],[132.65143,34.5732],[132.65142,34.57332],[132.6514,34.57336],[132.65138,34.57346],[132.65145,34.57366],[132.65152,34.57373],[132.65152,34.57374],[132.65159,34.5738],[132.65163,34.57384],[132.65167,34.57386],[132.65178,34.57394],[132.65193,34.57403],[132.65219,34.57413],[132.65223,34.57416],[132.6523,34.57423],[132.65242,34.57441],[132.65256,34.57442],[132.65275,34.57435],[132.65298,34.57422],[132.65305,34.57418],[132.65321,34.57412],[132.65339,34.57412],[132.65351,34.57427],[132.65344,34.57442],[132.65333,34.57455],[132.65328,34.57462],[132.65338,34.57475],[132.65343,34.57495],[132.65334,34.57524],[132.65331,34.57543],[132.65335,34.57568],[132.65352,34.5759],[132.65378,34.57603],[132.65407,34.57613],[132.65442,34.57632],[132.65485,34.57656],[132.65515,34.57677],[132.65565,34.57721],[132.65611,34.57762],[132.65623,34.57773],[132.65668,34.5781],[132.657,34.5784],[132.65726,34.57878],[132.65739,34.57895],[132.65751,34.5793],[132.65759,34.5797],[132.65761,34.57981],[132.65777,34.5803],[132.65792,34.58076],[132.65828,34.58129],[132.65869,34.58194],[132.65894,34.58249],[132.65901,34.58281],[132.65917,34.58316],[132.65922,34.58342],[132.65919,34.58375],[132.65921,34.58395],[132.65942,34.58415],[132.65968,34.58432],[132.65995,34.58452],[132.66012,34.58458],[132.66023,34.58469],[132.66024,34.58486],[132.66025,34.58496],[132.66029,34.58515],[132.66031,34.58544],[132.66025,34.5858],[132.66009,34.58619],[132.65987,34.58669],[132.65982,34.58682],[132.65965,34.58729],[132.6594,34.58782],[132.65913,34.5884],[132.65891,34.58874],[132.65868,34.58896],[132.65845,34.58914],[132.6583,34.58926],[132.6582,34.58946],[132.65818,34.5897],[132.65812,34.59001],[132.6581,34.59029],[132.65814,34.59051],[132.65822,34.59079],[132.65828,34.59102],[132.65831,34.59123],[132.65832,34.59146],[132.65829,34.5917],[132.65817,34.59186],[132.65815,34.59187],[132.65807,34.59193],[132.65795,34.59216],[132.65783,34.59258],[132.65769,34.59315],[132.65757,34.5936],[132.65748,34.59379],[132.65736,34.59396],[132.65727,34.59418],[132.65711,34.59433],[132.657,34.5944],[132.65691,34.59446],[132.65688,34.59458],[132.65696,34.59469],[132.65716,34.59483],[132.65723,34.59493],[132.65724,34.59507],[132.65734,34.59524],[132.65753,34.59538],[132.65756,34.59557],[132.65744,34.59575],[132.65736,34.5959],[132.65726,34.59598],[132.65724,34.59605],[132.65727,34.59618],[132.65734,34.59624],[132.65744,34.59631],[132.65729,34.59648],[132.65716,34.59672],[132.65703,34.59691],[132.65697,34.59711],[132.65694,34.59731],[132.65708,34.59749],[132.65717,34.59766],[132.65739,34.59798],[132.65765,34.59834],[132.65792,34.59859],[132.65829,34.59885],[132.65863,34.59911],[132.6589,34.59939],[132.65917,34.59967],[132.65921,34.59986],[132.65906,34.60012],[132.65886,34.60039],[132.65866,34.60071],[132.6585,34.60105],[132.6589,34.60098],[132.65892,34.60098],[132.65915,34.60099],[132.6594,34.601],[132.65967,34.60099],[132.65968,34.60099],[132.65973,34.601],[132.65977,34.60102],[132.65987,34.60119],[132.65984,34.60122],[132.65983,34.60124],[132.65975,34.60134],[132.65978,34.60161],[132.65988,34.60215],[132.65993,34.60242],[132.65998,34.60267],[132.66022,34.60328],[132.66041,34.60358],[132.66059,34.60388],[132.66073,34.60412],[132.66093,34.60423],[132.66141,34.60449],[132.66153,34.60455],[132.66159,34.60458],[132.66195,34.60475],[132.66233,34.60495],[132.66268,34.60516],[132.663,34.60539],[132.66326,34.60562],[132.66345,34.60581],[132.66354,34.60605],[132.66367,34.60638],[132.66426,34.60657],[132.66441,34.60664],[132.66445,34.60666],[132.66451,34.60675],[132.66459,34.60687],[132.6647,34.60713],[132.66501,34.60706],[132.66519,34.60703],[132.66526,34.60702],[132.66616,34.60675],[132.66652,34.60666],[132.66661,34.60664],[132.66677,34.6066],[132.66719,34.6066],[132.66755,34.60668],[132.6679,34.60675],[132.66824,34.60694],[132.66855,34.6072],[132.66887,34.60759],[132.66903,34.6078],[132.66921,34.60805],[132.66942,34.60827],[132.66948,34.60845],[132.66959,34.60878],[132.66958,34.60897],[132.6698,34.60928],[132.67,34.60969],[132.67015,34.61008],[132.6702,34.61039],[132.67022,34.61063],[132.67025,34.61084],[132.67025,34.61101],[132.67068,34.61114],[132.67102,34.61124],[132.6712,34.61129],[132.67158,34.61138],[132.67198,34.61139],[132.67245,34.61128],[132.67301,34.61112],[132.67309,34.61108],[132.67338,34.61095],[132.67369,34.61094],[132.67402,34.61081],[132.6741,34.61078],[132.6741,34.61078],[132.67416,34.61054],[132.67424,34.61031]]]}},{"type":"Feature","properties":{"name":"白木町大字古屋","setai":35,"jinko":76,"key":"341068230","units":1},"geometry":{"type":"Polygon","coordinates":[[[132.64661,34.60121],[132.64669,34.60114],[132.64689,34.60117],[132.64702,34.60119],[132.6474,34.60122],[132.6475,34.60118],[132.64776,34.60107],[132.64813,34.60091],[132.64832,34.60083],[132.64892,34.6008],[132.64949,34.60085],[132.64993,34.60095],[132.65026,34.60105],[132.65028,34.60101],[132.6503,34.60098],[132.65037,34.60103],[132.65116,34.60159],[132.6525,34.602],[132.65314,34.60192],[132.65326,34.60191],[132.65371,34.60185],[132.65425,34.60161],[132.65483,34.60188],[132.65567,34.60147],[132.65637,34.60105],[132.65732,34.60117],[132.65735,34.60118],[132.65767,34.60122],[132.6585,34.60105],[132.65866,34.60071],[132.65886,34.60039],[132.65906,34.60012],[132.65921,34.59986],[132.65917,34.59967],[132.6589,34.59939],[132.65863,34.59911],[132.65829,34.59885],[132.65792,34.59859],[132.65765,34.59834],[132.65739,34.59798],[132.65717,34.59766],[132.65708,34.59749],[132.65694,34.59731],[132.65697,34.59711],[132.65703,34.59691],[132.65716,34.59672],[132.65729,34.59648],[132.65744,34.59631],[132.65734,34.59624],[132.65727,34.59618],[132.65724,34.59605],[132.65726,34.59598],[132.65736,34.5959],[132.65744,34.59575],[132.65756,34.59557],[132.65753,34.59538],[132.65734,34.59524],[132.65724,34.59507],[132.65723,34.59493],[132.65716,34.59483],[132.65696,34.59469],[132.65688,34.59458],[132.65691,34.59446],[132.657,34.5944],[132.65711,34.59433],[132.65727,34.59418],[132.65736,34.59396],[132.65748,34.59379],[132.65757,34.5936],[132.65769,34.59315],[132.65783,34.59258],[132.65795,34.59216],[132.65807,34.59193],[132.65815,34.59187],[132.65817,34.59186],[132.65829,34.5917],[132.65832,34.59146],[132.65831,34.59123],[132.65828,34.59102],[132.65822,34.59079],[132.65814,34.59051],[132.6581,34.59029],[132.65812,34.59001],[132.65818,34.5897],[132.6582,34.58946],[132.6583,34.58926],[132.65845,34.58914],[132.65868,34.58896],[132.65891,34.58874],[132.65913,34.5884],[132.6594,34.58782],[132.65965,34.58729],[132.65982,34.58682],[132.65987,34.58669],[132.66009,34.58619],[132.66025,34.5858],[132.66031,34.58544],[132.66029,34.58515],[132.66025,34.58496],[132.66024,34.58486],[132.66023,34.58469],[132.66012,34.58458],[132.65995,34.58452],[132.65968,34.58432],[132.65942,34.58415],[132.65921,34.58395],[132.65919,34.58375],[132.65922,34.58342],[132.65917,34.58316],[132.65901,34.58281],[132.65894,34.58249],[132.65869,34.58194],[132.65828,34.58129],[132.65792,34.58076],[132.65777,34.5803],[132.65761,34.57981],[132.65759,34.5797],[132.65751,34.5793],[132.65739,34.57895],[132.65726,34.57878],[132.657,34.5784],[132.65668,34.5781],[132.65623,34.57773],[132.65611,34.57762],[132.65565,34.57721],[132.65515,34.57677],[132.65485,34.57656],[132.65442,34.57632],[132.65407,34.57613],[132.65378,34.57603],[132.65352,34.5759],[132.65335,34.57568],[132.65331,34.57543],[132.65334,34.57524],[132.65343,34.57495],[132.65338,34.57475],[132.65328,34.57462],[132.65333,34.57455],[132.65344,34.57442],[132.65351,34.57427],[132.65339,34.57412],[132.65321,34.57412],[132.65305,34.57418],[132.65298,34.57422],[132.65275,34.57435],[132.65256,34.57442],[132.65242,34.57441],[132.6523,34.57423],[132.65223,34.57416],[132.65219,34.57413],[132.65193,34.57403],[132.65178,34.57394],[132.65167,34.57386],[132.65163,34.57384],[132.65159,34.5738],[132.65152,34.57374],[132.65152,34.57373],[132.65145,34.57366],[132.65138,34.57346],[132.6514,34.57336],[132.65142,34.57332],[132.65143,34.5732],[132.65127,34.57304],[132.651,34.57299],[132.65085,34.57294],[132.65075,34.5729],[132.65067,34.57275],[132.65067,34.57269],[132.65063,34.57248],[132.65063,34.57229],[132.65058,34.57216],[132.65042,34.57204],[132.6502,34.57198],[132.65008,34.57187],[132.65004,34.57177],[132.65,34.57169],[132.65001,34.57153],[132.65008,34.57137],[132.65013,34.57123],[132.65014,34.57112],[132.65012,34.57104],[132.65006,34.57095],[132.64995,34.57087],[132.6498,34.57078],[132.6497,34.5707],[132.64964,34.57056],[132.64958,34.57031],[132.64959,34.57009],[132.64953,34.56986],[132.64937,34.56958],[132.64918,34.56931],[132.64893,34.56911],[132.6487,34.56907],[132.64844,34.56905],[132.64805,34.56908],[132.64783,34.56917],[132.64754,34.56929],[132.6471,34.56949],[132.64681,34.56966],[132.64656,34.56982],[132.64631,34.56997],[132.64595,34.57023],[132.64545,34.57049],[132.6453,34.57059],[132.64471,34.57083],[132.64388,34.57111],[132.64396,34.57122],[132.64405,34.57136],[132.64447,34.57229],[132.64471,34.57285],[132.64479,34.5734],[132.64491,34.574],[132.64492,34.57488],[132.64487,34.57549],[132.64491,34.57627],[132.64491,34.57692],[132.64485,34.57713],[132.64464,34.57792],[132.64442,34.57853],[132.64403,34.57943],[132.64392,34.58008],[132.64394,34.58078],[132.64387,34.58129],[132.64378,34.58207],[132.64363,34.58261],[132.64327,34.5834],[132.64322,34.58415],[132.64309,34.5854],[132.64308,34.58587],[132.64307,34.58619],[132.64298,34.58689],[132.64297,34.58693],[132.64295,34.58757],[132.64267,34.58896],[132.64257,34.58965],[132.6425,34.59026],[132.64228,34.5907],[132.64179,34.59118],[132.64122,34.59159],[132.64063,34.59184],[132.64013,34.59214],[132.63995,34.59225],[132.63952,34.59312],[132.63952,34.59368],[132.63978,34.59438],[132.64024,34.59485],[132.63976,34.59493],[132.63935,34.59499],[132.63882,34.59516],[132.63821,34.5954],[132.63752,34.59582],[132.63674,34.59612],[132.63569,34.5966],[132.63565,34.59665],[132.63542,34.5969],[132.6355,34.59734],[132.6356,34.59762],[132.63562,34.59768],[132.63569,34.59776],[132.6359,34.598],[132.63619,34.59828],[132.63672,34.59848],[132.63728,34.59867],[132.63754,34.59878],[132.63783,34.5989],[132.63803,34.59902],[132.63841,34.59925],[132.63879,34.59948],[132.63901,34.59962],[132.63969,34.59986],[132.64009,34.60005],[132.64044,34.60038],[132.64055,34.60044],[132.64087,34.60062],[132.64092,34.60066],[132.64124,34.60072],[132.64144,34.60076],[132.64223,34.60098],[132.6423,34.60101],[132.64293,34.60131],[132.64344,34.60149],[132.64367,34.60157],[132.64443,34.60179],[132.64511,34.60196],[132.64568,34.60203],[132.64579,34.60204],[132.64593,34.60191],[132.64616,34.60171],[132.64638,34.6014],[132.6464,34.60139],[132.64661,34.60121]]]}},{"type":"Feature","properties":{"name":"白木町大字志路","setai":198,"jinko":399,"key":"341068240","units":1},"geometry":{"type":"Polygon","coordinates":[[[132.61383,34.60112],[132.61407,34.60093],[132.6142,34.60081],[132.61435,34.60065],[132.61457,34.60032],[132.61465,34.60022],[132.61466,34.60021],[132.61477,34.60017],[132.61483,34.60015],[132.61518,34.60009],[132.6154,34.60001],[132.61551,34.59999],[132.61594,34.5999],[132.61629,34.59975],[132.61662,34.59967],[132.61706,34.59968],[132.61736,34.59962],[132.61749,34.59943],[132.61767,34.59918],[132.61768,34.59917],[132.61785,34.59905],[132.6183,34.59898],[132.61856,34.59892],[132.61865,34.59882],[132.61874,34.59871],[132.61886,34.59853],[132.61891,34.5985],[132.61907,34.59842],[132.61916,34.59841],[132.61917,34.59841],[132.61934,34.59847],[132.61973,34.59863],[132.62027,34.59894],[132.6207,34.59915],[132.62129,34.59943],[132.62172,34.59958],[132.62209,34.59964],[132.62224,34.59967],[132.62244,34.5997],[132.62284,34.59982],[132.62328,34.59991],[132.62373,34.59998],[132.62407,34.59995],[132.62433,34.59987],[132.62439,34.59963],[132.62439,34.59957],[132.6244,34.59933],[132.62452,34.59899],[132.62469,34.59874],[132.62474,34.59871],[132.62495,34.59857],[132.62515,34.59857],[132.62548,34.59862],[132.62581,34.59865],[132.62591,34.59863],[132.62618,34.59858],[132.62625,34.59857],[132.62663,34.59846],[132.62702,34.59838],[132.62703,34.59838],[132.62742,34.59842],[132.62783,34.59858],[132.62822,34.59862],[132.62877,34.5984],[132.62917,34.59822],[132.62939,34.59816],[132.62984,34.59795],[132.63017,34.59778],[132.63047,34.59765],[132.6308,34.59755],[132.63087,34.59753],[132.63104,34.59751],[132.63126,34.59745],[132.63136,34.59742],[132.63146,34.59736],[132.6316,34.59729],[132.63167,34.59726],[132.63188,34.59711],[132.63208,34.59703],[132.63241,34.59693],[132.63276,34.59664],[132.63307,34.59631],[132.63334,34.59608],[132.63357,34.59595],[132.63385,34.59579],[132.63424,34.59596],[132.63464,34.59612],[132.63499,34.59624],[132.63505,34.59626],[132.63543,34.59646],[132.63569,34.5966],[132.63674,34.59612],[132.63752,34.59582],[132.63821,34.5954],[132.63882,34.59516],[132.63935,34.59499],[132.63976,34.59493],[132.64024,34.59485],[132.63978,34.59438],[132.63952,34.59368],[132.63952,34.59312],[132.63995,34.59225],[132.64013,34.59214],[132.64063,34.59184],[132.64122,34.59159],[132.64179,34.59118],[132.64228,34.5907],[132.6425,34.59026],[132.64257,34.58965],[132.64267,34.58896],[132.64295,34.58757],[132.64297,34.58693],[132.64298,34.58689],[132.64307,34.58619],[132.64308,34.58587],[132.64309,34.5854],[132.64322,34.58415],[132.64327,34.5834],[132.64363,34.58261],[132.64378,34.58207],[132.64387,34.58129],[132.64394,34.58078],[132.64392,34.58008],[132.64403,34.57943],[132.64442,34.57853],[132.64464,34.57792],[132.64485,34.57713],[132.64491,34.57692],[132.64491,34.57627],[132.64487,34.57549],[132.64492,34.57488],[132.64491,34.574],[132.64479,34.5734],[132.64471,34.57285],[132.64447,34.57229],[132.64405,34.57136],[132.64396,34.57122],[132.64388,34.57111],[132.64303,34.57145],[132.6423,34.57188],[132.64175,34.57224],[132.64139,34.57252],[132.64111,34.57283],[132.64095,34.57302],[132.6408,34.57319],[132.64063,34.57328],[132.64039,34.57321],[132.64005,34.57298],[132.63978,34.57279],[132.63968,34.57272],[132.63891,34.57188],[132.63809,34.57109],[132.63758,34.57059],[132.6373,34.5702],[132.63717,34.56976],[132.63681,34.56928],[132.63655,34.56904],[132.63639,34.56857],[132.63604,34.56804],[132.636,34.56796],[132.63574,34.5676],[132.63562,34.56742],[132.63559,34.56739],[132.63558,34.56737],[132.6352,34.56685],[132.63459,34.56642],[132.63395,34.56598],[132.63318,34.56571],[132.63247,34.56546],[132.63183,34.56525],[132.63134,34.56499],[132.6307,34.56466],[132.62995,34.56429],[132.62915,34.56372],[132.62859,34.56318],[132.62818,34.56256],[132.62807,34.56235],[132.62787,34.56193],[132.62769,34.56166],[132.62745,34.56094],[132.62709,34.56026],[132.62679,34.55988],[132.62617,34.55944],[132.62558,34.55913],[132.62509,34.55894],[132.62417,34.55858],[132.62321,34.55835],[132.62238,34.55827],[132.62197,34.55832],[132.62153,34.55854],[132.62099,34.5588],[132.62057,34.55901],[132.61998,34.55924],[132.61914,34.55986],[132.61805,34.56061],[132.61781,34.56079],[132.61759,34.56092],[132.61723,34.56123],[132.61661,34.5615],[132.61595,34.56164],[132.61533,34.56165],[132.61438,34.56162],[132.61362,34.56159],[132.6134,34.56168],[132.61318,34.56178],[132.61287,34.56196],[132.61262,34.56211],[132.6123,34.5623],[132.61194,34.56244],[132.61153,34.56253],[132.61118,34.56254],[132.61092,34.56246],[132.61069,34.56223],[132.61044,34.56188],[132.61041,34.5618],[132.61031,34.56154],[132.61029,34.5611],[132.6103,34.56102],[132.61033,34.56073],[132.61038,34.5605],[132.61006,34.56019],[132.60944,34.55982],[132.60877,34.5593],[132.60783,34.55863],[132.60678,34.55787],[132.60573,34.55722],[132.60549,34.55708],[132.60512,34.55688],[132.6045,34.55672],[132.60394,34.55664],[132.60345,34.55657],[132.60245,34.55648],[132.60142,34.55649],[132.60083,34.5565],[132.59988,34.55639],[132.59906,34.55626],[132.59814,34.55615],[132.59735,34.55587],[132.59655,34.55554],[132.59597,34.55511],[132.5958,34.55486],[132.59576,34.55477],[132.59574,34.55477],[132.59509,34.55464],[132.59395,34.55433],[132.59321,34.55408],[132.59213,34.55397],[132.59142,34.55409],[132.59089,34.55431],[132.5904,34.55455],[132.58992,34.55493],[132.58956,34.5554],[132.58927,34.55576],[132.58898,34.55615],[132.58875,34.55638],[132.58853,34.55655],[132.58812,34.55681],[132.58759,34.55718],[132.58683,34.55753],[132.58652,34.55767],[132.58565,34.55776],[132.58444,34.55778],[132.58364,34.5579],[132.58273,34.55809],[132.58219,34.55843],[132.58182,34.55871],[132.58148,34.55902],[132.58103,34.55919],[132.58077,34.55922],[132.58062,34.55923],[132.58001,34.55913],[132.57917,34.5591],[132.57814,34.55909],[132.57727,34.55917],[132.57625,34.55917],[132.57611,34.55923],[132.57557,34.55923],[132.57523,34.55938],[132.57543,34.5597],[132.57547,34.55999],[132.5752,34.55999],[132.57453,34.55993],[132.57443,34.55989],[132.5744,34.55993],[132.57429,34.56012],[132.57422,34.56034],[132.57423,34.56054],[132.57426,34.56074],[132.57417,34.56088],[132.57384,34.56103],[132.57368,34.56116],[132.57373,34.56127],[132.57375,34.56132],[132.57394,34.56148],[132.57408,34.56165],[132.57399,34.56175],[132.57396,34.56175],[132.57406,34.56183],[132.57404,34.56194],[132.57393,34.56199],[132.57353,34.56206],[132.57338,34.56216],[132.57333,34.56268],[132.5733,34.56295],[132.5733,34.563],[132.57323,34.56324],[132.57335,34.56316],[132.57371,34.56308],[132.57419,34.56313],[132.57442,34.56323],[132.57448,34.56325],[132.5745,34.56327],[132.57474,34.56347],[132.57497,34.56344],[132.57529,34.56333],[132.57562,34.56328],[132.57591,34.56336],[132.57612,34.56353],[132.57627,34.56383],[132.57643,34.56404],[132.57681,34.56412],[132.5774,34.56408],[132.57791,34.56415],[132.57834,34.5645],[132.57883,34.56485],[132.57931,34.56519],[132.57959,34.56551],[132.57965,34.56558],[132.57977,34.56568],[132.58014,34.56597],[132.58038,34.56613],[132.58065,34.56632],[132.58119,34.56675],[132.58165,34.56703],[132.58196,34.56728],[132.58209,34.56758],[132.58211,34.56786],[132.58206,34.56818],[132.58199,34.56837],[132.58194,34.56854],[132.58194,34.56858],[132.58194,34.56867],[132.58194,34.56868],[132.58222,34.56884],[132.58268,34.56901],[132.58304,34.56911],[132.58338,34.56901],[132.58376,34.5688],[132.58408,34.56886],[132.58468,34.56935],[132.58503,34.56952],[132.58527,34.56975],[132.58542,34.56997],[132.58558,34.57018],[132.58583,34.57024],[132.58626,34.57032],[132.5866,34.57051],[132.58696,34.57091],[132.58719,34.57111],[132.5874,34.57129],[132.5876,34.5715],[132.5877,34.57173],[132.58771,34.57177],[132.58771,34.5718],[132.58771,34.57186],[132.58771,34.57196],[132.58771,34.572],[132.58771,34.57201],[132.58778,34.57229],[132.58779,34.57235],[132.58791,34.57251],[132.5882,34.57291],[132.58843,34.5732],[132.58855,34.57335],[132.58863,34.57345],[132.58869,34.57354],[132.58872,34.57359],[132.58892,34.5739],[132.58918,34.57432],[132.58937,34.57441],[132.58961,34.57453],[132.59012,34.57478],[132.59013,34.57478],[132.59014,34.57479],[132.59057,34.57515],[132.59085,34.57537],[132.59102,34.57551],[132.59107,34.57555],[132.59112,34.57564],[132.59116,34.5757],[132.59128,34.57588],[132.59136,34.57621],[132.59146,34.57646],[132.59129,34.57684],[132.59098,34.57723],[132.59088,34.57743],[132.59083,34.57756],[132.59079,34.57775],[132.5906,34.57811],[132.59059,34.57813],[132.59069,34.57841],[132.59084,34.57874],[132.59079,34.57898],[132.59069,34.57924],[132.5907,34.57946],[132.5907,34.57948],[132.59073,34.57954],[132.59086,34.57983],[132.59103,34.58015],[132.59107,34.58046],[132.59093,34.58065],[132.59064,34.58086],[132.59042,34.58105],[132.5903,34.58114],[132.5902,34.58137],[132.59028,34.58172],[132.59028,34.58172],[132.59056,34.58198],[132.59065,34.58202],[132.59079,34.58208],[132.59116,34.58214],[132.59148,34.58228],[132.5915,34.58247],[132.59151,34.58259],[132.59174,34.58273],[132.59177,34.58275],[132.59215,34.5829],[132.59223,34.58295],[132.59248,34.58311],[132.59295,34.58337],[132.59308,34.58346],[132.59335,34.58366],[132.59366,34.58396],[132.59375,34.58403],[132.59395,34.5842],[132.59418,34.58428],[132.59438,34.5843],[132.59442,34.58432],[132.59461,34.58438],[132.59477,34.58457],[132.59502,34.58483],[132.59528,34.58499],[132.59532,34.58502],[132.59546,34.58515],[132.59561,34.58524],[132.59576,34.58531],[132.5961,34.58528],[132.59637,34.58516],[132.59641,34.58514],[132.59645,34.58512],[132.59656,34.58501],[132.59673,34.58485],[132.59673,34.58458],[132.59673,34.58444],[132.59673,34.58433],[132.59685,34.58386],[132.59706,34.58343],[132.59721,34.58321],[132.59726,34.58312],[132.59733,34.58301],[132.59743,34.58285],[132.59758,34.5826],[132.59783,34.58231],[132.59801,34.58221],[132.59801,34.58221],[132.59831,34.58211],[132.59839,34.58208],[132.59863,34.58212],[132.5988,34.58229],[132.59891,34.5824],[132.59891,34.58241],[132.59892,34.58241],[132.59906,34.58265],[132.59912,34.58282],[132.59939,34.58298],[132.59957,34.58298],[132.59967,34.58298],[132.59994,34.58303],[132.60006,34.58305],[132.60024,34.58313],[132.60029,34.58328],[132.60032,34.58337],[132.6005,34.58368],[132.60072,34.58389],[132.6008,34.58396],[132.60101,34.58415],[132.60117,34.58436],[132.60157,34.58462],[132.60193,34.58474],[132.60245,34.58494],[132.60255,34.585],[132.60283,34.58516],[132.60313,34.58551],[132.60331,34.58577],[132.60347,34.58589],[132.60349,34.58588],[132.60365,34.58584],[132.6039,34.58578],[132.60397,34.58574],[132.60409,34.58568],[132.6042,34.58563],[132.60451,34.58543],[132.60466,34.58538],[132.60481,34.58532],[132.60518,34.58543],[132.60534,34.58553],[132.60553,34.58566],[132.60559,34.5857],[132.60565,34.58574],[132.60589,34.58592],[132.60617,34.58615],[132.60617,34.58615],[132.60635,34.58631],[132.60644,34.5863],[132.60645,34.5863],[132.60654,34.5863],[132.60696,34.58604],[132.60702,34.586],[132.60724,34.58587],[132.60745,34.58584],[132.60767,34.58583],[132.60779,34.58591],[132.60787,34.58596],[132.60797,34.58605],[132.60806,34.58614],[132.60824,34.58652],[132.60825,34.58667],[132.60825,34.58681],[132.60826,34.58693],[132.60834,34.58702],[132.60834,34.58702],[132.60847,34.58711],[132.60851,34.58717],[132.60856,34.58724],[132.60857,34.58732],[132.60846,34.58749],[132.60837,34.58767],[132.60823,34.58796],[132.60821,34.58836],[132.60841,34.5889],[132.60857,34.58934],[132.60864,34.58941],[132.60885,34.58962],[132.60923,34.58988],[132.60957,34.59022],[132.60993,34.59045],[132.61,34.59052],[132.61018,34.59068],[132.61042,34.59107],[132.6105,34.5914],[132.61057,34.59172],[132.61055,34.59193],[132.61037,34.59211],[132.60987,34.59218],[132.60921,34.59225],[132.60869,34.59243],[132.60826,34.59257],[132.60781,34.59282],[132.60756,34.59313],[132.60763,34.59342],[132.60779,34.59374],[132.60784,34.59401],[132.60784,34.59441],[132.60792,34.59486],[132.60808,34.59527],[132.60821,34.59566],[132.60836,34.59602],[132.60856,34.59618],[132.60875,34.59633],[132.60892,34.59643],[132.60911,34.59654],[132.60936,34.5966],[132.60947,34.59662],[132.6095,34.59663],[132.60955,34.59664],[132.60981,34.59676],[132.60982,34.59677],[132.60993,34.59693],[132.61003,34.59713],[132.61011,34.59728],[132.61016,34.59734],[132.61021,34.59741],[132.61027,34.5975],[132.61031,34.59755],[132.61049,34.5977],[132.61052,34.59783],[132.61054,34.598],[132.61054,34.598],[132.61068,34.59831],[132.61086,34.59846],[132.61096,34.59854],[132.61099,34.59856],[132.61129,34.59892],[132.6116,34.59946],[132.61165,34.59957],[132.61184,34.59995],[132.61202,34.60019],[132.61219,34.60028],[132.61221,34.60029],[132.61221,34.60029],[132.61227,34.60036],[132.61313,34.60086],[132.61335,34.60097],[132.6135,34.60111],[132.6137,34.60114],[132.61373,34.60112],[132.6138,34.60114],[132.61381,34.60114],[132.61382,34.60113],[132.61383,34.60112]]]}},{"type":"Feature","properties":{"name":"白木町大字秋山","setai":599,"jinko":1305,"key":"341068250","units":1},"geometry":{"type":"Polygon","coordinates":[[[132.65964,34.55362],[132.65953,34.55327],[132.65934,34.55299],[132.65938,34.55298],[132.65936,34.55291],[132.65933,34.55279],[132.65932,34.55273],[132.65931,34.55266],[132.65932,34.55254],[132.65933,34.55244],[132.65937,34.55227],[132.65919,34.55221],[132.65935,34.55185],[132.65933,34.55173],[132.65932,34.55171],[132.65927,34.5517],[132.65918,34.55168],[132.65949,34.55119],[132.65978,34.55076],[132.6598,34.55066],[132.65987,34.55067],[132.66004,34.5507],[132.66003,34.55076],[132.66001,34.55136],[132.65992,34.5521],[132.65996,34.55295],[132.66039,34.55292],[132.66054,34.55199],[132.66064,34.5515],[132.66082,34.55102],[132.66098,34.55076],[132.66112,34.55051],[132.66139,34.55011],[132.66161,34.54974],[132.66162,34.54975],[132.6618,34.54914],[132.66188,34.54876],[132.66184,34.54841],[132.66184,34.548],[132.66186,34.54772],[132.66193,34.54735],[132.66234,34.54791],[132.66255,34.54826],[132.66279,34.54863],[132.66302,34.5489],[132.6632,34.54902],[132.6635,34.5491],[132.66383,34.54911],[132.66388,34.54911],[132.66421,34.5491],[132.66477,34.54907],[132.66511,34.54904],[132.66549,34.54908],[132.66595,34.54908],[132.66652,34.54929],[132.66687,34.54959],[132.66724,34.5499],[132.66761,34.55022],[132.66801,34.55043],[132.66856,34.5506],[132.66908,34.55057],[132.6699,34.55045],[132.67061,34.55041],[132.67083,34.55041],[132.67096,34.55041],[132.67135,34.55045],[132.67167,34.55058],[132.67203,34.55067],[132.67239,34.5507],[132.67265,34.55067],[132.67296,34.55045],[132.67316,34.55013],[132.67337,34.54972],[132.67363,34.54915],[132.67367,34.54883],[132.67367,34.54851],[132.67363,34.54829],[132.67361,34.54822],[132.67369,34.54787],[132.67374,34.5477],[132.67395,34.54753],[132.67424,34.54736],[132.67431,34.5472],[132.67431,34.54681],[132.6743,34.54644],[132.67431,34.54587],[132.67432,34.54537],[132.67435,34.54483],[132.67432,34.54451],[132.67428,34.54414],[132.6742,34.54387],[132.67421,34.54364],[132.6729,34.54242],[132.67207,34.54099],[132.6713,34.53985],[132.67097,34.53945],[132.67077,34.53917],[132.6707,34.53908],[132.67053,34.53882],[132.6705,34.53838],[132.67065,34.53802],[132.67076,34.53779],[132.67088,34.53752],[132.67115,34.53694],[132.67128,34.53657],[132.67212,34.53504],[132.67256,34.53406],[132.67217,34.53367],[132.67165,34.53321],[132.67133,34.53281],[132.67103,34.53243],[132.67077,34.53221],[132.67072,34.53218],[132.67034,34.53186],[132.67007,34.53158],[132.66984,34.5312],[132.66966,34.53085],[132.66955,34.53041],[132.66944,34.53007],[132.66946,34.52976],[132.66945,34.52956],[132.66934,34.52933],[132.66919,34.52908],[132.66911,34.52898],[132.66878,34.52902],[132.66833,34.52921],[132.66785,34.52949],[132.66782,34.52951],[132.66739,34.52981],[132.66684,34.5303],[132.66651,34.53067],[132.66623,34.53099],[132.66612,34.53111],[132.66608,34.53116],[132.66567,34.53147],[132.66566,34.53148],[132.66534,34.53132],[132.66507,34.53112],[132.66486,34.53097],[132.66466,34.53072],[132.66446,34.53044],[132.6642,34.53018],[132.66399,34.53001],[132.66377,34.52986],[132.66357,34.52968],[132.66363,34.52954],[132.66366,34.52923],[132.66358,34.52891],[132.66348,34.52864],[132.6635,34.52828],[132.66344,34.52799],[132.66338,34.52747],[132.66334,34.52704],[132.66325,34.52672],[132.66307,34.52635],[132.66279,34.5261],[132.66256,34.52594],[132.6621,34.52575],[132.6618,34.52567],[132.66166,34.52563],[132.66143,34.52559],[132.66117,34.52549],[132.66042,34.525],[132.66019,34.52484],[132.65982,34.5247],[132.65948,34.52458],[132.65909,34.52436],[132.65878,34.52417],[132.65827,34.52387],[132.65781,34.52372],[132.65757,34.52357],[132.65702,34.5235],[132.65664,34.52347],[132.65628,34.52339],[132.65589,34.52328],[132.65561,34.52315],[132.65527,34.52286],[132.65497,34.52256],[132.65468,34.52243],[132.6545,34.5223],[132.65441,34.52219],[132.65437,34.52214],[132.6543,34.52192],[132.65422,34.5217],[132.65368,34.52156],[132.65349,34.52147],[132.65327,34.52126],[132.65318,34.52129],[132.65203,34.52172],[132.65119,34.52208],[132.65059,34.52233],[132.64998,34.52259],[132.6497,34.52283],[132.64931,34.52308],[132.64888,34.52344],[132.6484,34.52373],[132.64774,34.52405],[132.64711,34.5245],[132.64663,34.52494],[132.64623,34.52528],[132.64622,34.5253],[132.646,34.52566],[132.64576,34.52611],[132.64547,34.52651],[132.64515,34.52714],[132.64506,34.52745],[132.64493,34.52776],[132.64495,34.52814],[132.64498,34.52869],[132.64492,34.52892],[132.64608,34.53553],[132.64598,34.53557],[132.64573,34.53566],[132.64542,34.53583],[132.64572,34.53603],[132.64536,34.53613],[132.6449,34.53634],[132.64497,34.53649],[132.64499,34.53654],[132.64534,34.53676],[132.64565,34.53693],[132.64596,34.53695],[132.6463,34.53696],[132.64656,34.53693],[132.64674,34.53694],[132.64679,34.53695],[132.64684,34.53698],[132.64694,34.53705],[132.64701,34.53739],[132.64693,34.53771],[132.64679,34.5381],[132.64677,34.53854],[132.64677,34.53856],[132.64679,34.53866],[132.6468,34.53875],[132.64688,34.53891],[132.64708,34.53903],[132.64732,34.53914],[132.64745,34.53931],[132.64768,34.53961],[132.64776,34.53974],[132.64777,34.53974],[132.64787,34.5398],[132.64807,34.54002],[132.64815,34.54019],[132.64818,34.5404],[132.64822,34.54061],[132.64817,34.54099],[132.64814,34.54133],[132.64815,34.54153],[132.64846,34.54172],[132.64849,34.54176],[132.64851,34.54178],[132.64862,34.54193],[132.64862,34.54197],[132.64864,34.54223],[132.64854,34.54255],[132.64836,34.54298],[132.6482,34.54315],[132.6481,34.54322],[132.64809,34.54322],[132.64756,34.54295],[132.64745,34.54285],[132.6471,34.54265],[132.64694,34.54255],[132.64678,34.54238],[132.64652,34.54258],[132.64578,34.54179],[132.64538,34.54141],[132.64537,34.54143],[132.64524,34.54159],[132.64513,34.5417],[132.64494,34.54175],[132.64487,34.54176],[132.64478,34.54182],[132.64467,34.54184],[132.64454,34.54186],[132.6445,34.5419],[132.64446,34.54195],[132.64439,34.542],[132.64429,34.54204],[132.6441,34.54203],[132.64398,34.54204],[132.64368,34.54208],[132.64359,34.54209],[132.64323,34.54201],[132.64292,34.54214],[132.64247,34.54244],[132.64217,34.54275],[132.64191,34.54302],[132.64173,34.54315],[132.64171,34.54316],[132.64162,34.5432],[132.64159,34.54331],[132.64159,34.54333],[132.64152,34.54338],[132.6414,34.54349],[132.64122,34.54364],[132.64079,34.54391],[132.64039,34.54401],[132.64006,34.54413],[132.63968,34.5446],[132.63925,34.5452],[132.63902,34.5456],[132.63883,34.54568],[132.6382,34.54569],[132.63745,34.54563],[132.63705,34.54551],[132.63617,34.54526],[132.63543,34.54497],[132.63484,34.5444],[132.63444,34.5439],[132.63426,34.54358],[132.63354,34.54261],[132.6327,34.54173],[132.6317,34.54097],[132.63149,34.54083],[132.63049,34.54022],[132.62944,34.53959],[132.62868,34.53909],[132.62781,34.53866],[132.6269,34.53839],[132.6264,34.53827],[132.62598,34.53832],[132.62529,34.53837],[132.62493,34.53854],[132.62463,34.53852],[132.62437,34.53843],[132.62419,34.53838],[132.62388,34.5383],[132.62386,34.5383],[132.62371,34.53826],[132.62317,34.53825],[132.62249,34.53829],[132.62232,34.53845],[132.62211,34.5389],[132.62154,34.53871],[132.62124,34.53853],[132.62025,34.53788],[132.6194,34.53732],[132.61852,34.53687],[132.61846,34.53686],[132.61791,34.53677],[132.61742,34.53681],[132.61697,34.53676],[132.61632,34.53675],[132.61586,34.53689],[132.61551,34.53695],[132.61524,34.537],[132.61506,34.53699],[132.61483,34.53678],[132.61478,34.53674],[132.61443,34.53636],[132.61409,34.5361],[132.61376,34.53593],[132.61348,34.53571],[132.61346,34.53569],[132.61346,34.53568],[132.61323,34.5353],[132.61295,34.5348],[132.61291,34.53476],[132.61263,34.5345],[132.61231,34.5342],[132.61186,34.53387],[132.6114,34.53369],[132.61102,34.53365],[132.61072,34.53366],[132.61054,34.53369],[132.61043,34.53369],[132.61037,34.5336],[132.61022,34.53338],[132.61015,34.53311],[132.61013,34.53278],[132.61017,34.53257],[132.61007,34.53219],[132.60987,34.53184],[132.60978,34.53154],[132.60975,34.53144],[132.60972,34.53117],[132.60972,34.53117],[132.60974,34.53074],[132.60957,34.5305],[132.60951,34.53047],[132.60921,34.5303],[132.6088,34.53005],[132.6087,34.52999],[132.60863,34.52996],[132.60828,34.52985],[132.60788,34.52962],[132.60768,34.52953],[132.60724,34.52921],[132.60682,34.529],[132.60636,34.52871],[132.60603,34.52838],[132.60578,34.52809],[132.6054,34.52785],[132.60534,34.5278],[132.60495,34.52745],[132.60464,34.52716],[132.60435,34.52708],[132.60422,34.52699],[132.60406,34.52699],[132.60383,34.527],[132.60344,34.52711],[132.60313,34.52733],[132.60285,34.52745],[132.60252,34.52738],[132.60206,34.52752],[132.60168,34.52762],[132.60119,34.5275],[132.60115,34.52749],[132.60113,34.52749],[132.60105,34.52745],[132.60089,34.52738],[132.60055,34.52714],[132.60004,34.52674],[132.59951,34.5264],[132.59896,34.52607],[132.59841,34.52583],[132.5978,34.52543],[132.59757,34.52509],[132.59722,34.52468],[132.59693,34.52461],[132.5969,34.5246],[132.59675,34.52452],[132.59637,34.52435],[132.59631,34.52434],[132.5961,34.52422],[132.59596,34.5243],[132.59579,34.52439],[132.59563,34.52446],[132.59527,34.52451],[132.59491,34.52448],[132.59473,34.52435],[132.59453,34.5242],[132.59424,34.52419],[132.59424,34.52419],[132.59402,34.52424],[132.59368,34.52413],[132.59327,34.52403],[132.59322,34.52402],[132.59262,34.52399],[132.59217,34.52393],[132.59172,34.52385],[132.59096,34.52385],[132.59027,34.52368],[132.58932,34.52337],[132.5888,34.52343],[132.58811,34.52372],[132.58781,34.52398],[132.58734,34.52419],[132.58733,34.52419],[132.58684,34.52425],[132.58663,34.5242],[132.58619,34.52414],[132.58581,34.5242],[132.58549,34.52423],[132.58555,34.52426],[132.58711,34.52547],[132.58724,34.52556],[132.58817,34.52616],[132.58916,34.52668],[132.58998,34.52711],[132.59108,34.52761],[132.59188,34.5279],[132.59257,34.52797],[132.59344,34.52814],[132.59395,34.52834],[132.59441,34.5286],[132.59476,34.52895],[132.59488,34.52907],[132.59539,34.52939],[132.596,34.52997],[132.59642,34.53033],[132.59726,34.53057],[132.59831,34.531],[132.59924,34.53149],[132.60021,34.53198],[132.60134,34.53266],[132.6019,34.53295],[132.60241,34.5332],[132.60331,34.53395],[132.60399,34.53484],[132.60423,34.53562],[132.6043,34.53645],[132.60437,34.53744],[132.60465,34.53872],[132.60456,34.5394],[132.60541,34.54017],[132.60609,34.54079],[132.60731,34.54177],[132.60816,34.54264],[132.60875,34.54305],[132.60906,34.54328],[132.60941,34.54349],[132.60975,34.5436],[132.61014,34.54357],[132.61032,34.54361],[132.61037,34.54393],[132.61046,34.54412],[132.61064,34.54419],[132.61088,34.54429],[132.61141,34.54427],[132.61195,34.54417],[132.61241,34.54419],[132.61275,34.54439],[132.61303,34.54458],[132.61318,34.54489],[132.61339,34.54511],[132.61382,34.54509],[132.61416,34.54522],[132.61456,34.54555],[132.61476,34.54574],[132.61521,34.54591],[132.6156,34.54596],[132.61591,34.54611],[132.61627,34.54616],[132.61658,34.54617],[132.61685,34.54637],[132.61715,34.54668],[132.6175,34.54714],[132.61777,34.54738],[132.61801,34.54748],[132.61838,34.54753],[132.61902,34.54756],[132.6194,34.54757],[132.61957,34.54754],[132.61971,34.54744],[132.61985,34.54728],[132.62006,34.54724],[132.6203,34.54728],[132.62052,34.54739],[132.62085,34.54761],[132.621,34.5477],[132.62118,34.54773],[132.62135,34.5479],[132.62171,34.54801],[132.6221,34.54814],[132.62243,34.54818],[132.62276,34.54813],[132.62337,34.54812],[132.62386,34.5483],[132.62449,34.54834],[132.62496,34.54884],[132.62496,34.54902],[132.62496,34.54927],[132.62496,34.54945],[132.62504,34.54967],[132.62518,34.54978],[132.62531,34.54983],[132.62588,34.54949],[132.62591,34.54938],[132.6261,34.54917],[132.62629,34.54897],[132.62659,34.54885],[132.62722,34.54915],[132.62725,34.54928],[132.62733,34.54942],[132.62752,34.54946],[132.62771,34.54946],[132.62793,34.5495],[132.62853,34.54991],[132.62875,34.55],[132.62937,34.55011],[132.63005,34.54959],[132.63106,34.54996],[132.63213,34.55012],[132.63365,34.55002],[132.63398,34.54973],[132.63493,34.54981],[132.63583,34.54936],[132.63615,34.54916],[132.63683,34.54938],[132.63735,34.54953],[132.63787,34.54953],[132.63842,34.54953],[132.63915,34.54969],[132.63951,34.54993],[132.63956,34.54998],[132.64149,34.54961],[132.64269,34.54972],[132.64351,34.55016],[132.64403,34.55064],[132.64418,34.55083],[132.64421,34.55086],[132.64437,34.55094],[132.64458,34.55095],[132.64483,34.55082],[132.64535,34.55057],[132.6454,34.55053],[132.64577,34.55023],[132.64599,34.55004],[132.64625,34.54978],[132.64636,34.54953],[132.64706,34.54951],[132.64767,34.54907],[132.64788,34.54902],[132.64831,34.54903],[132.64882,34.54916],[132.64941,34.54943],[132.64954,34.54984],[132.64952,34.55006],[132.64945,34.55081],[132.64944,34.55087],[132.64765,34.55367],[132.64772,34.55368],[132.64773,34.55369],[132.64783,34.55369],[132.64887,34.55378],[132.64942,34.55388],[132.64995,34.55393],[132.65043,34.55395],[132.65078,34.55395],[132.65099,34.55391],[132.65123,34.55386],[132.65199,34.55377],[132.65277,34.55363],[132.65285,34.55362],[132.65287,34.55363],[132.65358,34.55378],[132.6542,34.55386],[132.6546,34.55385],[132.65488,34.55375],[132.655,34.55371],[132.65506,34.5537],[132.65543,34.5536],[132.65587,34.55353],[132.65602,34.55351],[132.65605,34.5535],[132.65606,34.55351],[132.65615,34.55352],[132.65647,34.55359],[132.65676,34.55371],[132.657,34.55379],[132.65728,34.5538],[132.65729,34.5538],[132.65773,34.5539],[132.65801,34.55395],[132.65816,34.55397],[132.65824,34.55398],[132.65841,34.55418],[132.65843,34.55432],[132.65846,34.55449],[132.65831,34.55468],[132.65826,34.5548],[132.65824,34.55484],[132.65816,34.555],[132.65821,34.55502],[132.6586,34.55516],[132.65867,34.55519],[132.65899,34.55531],[132.65921,34.55534],[132.65934,34.55535],[132.65984,34.55534],[132.65984,34.55499],[132.65981,34.55465],[132.65977,34.55396],[132.65964,34.55362]]]}},{"type":"Feature","properties":{"name":"白木町大字小越","setai":363,"jinko":993,"key":"341068260","units":1},"geometry":{"type":"Polygon","coordinates":[[[132.67011,34.56418],[132.67057,34.5641],[132.67032,34.5641],[132.67016,34.56403],[132.67,34.56388],[132.66992,34.56369],[132.67026,34.56348],[132.6726,34.56293],[132.6725,34.56264],[132.67221,34.56234],[132.67193,34.56213],[132.67141,34.56192],[132.67099,34.56166],[132.67086,34.56159],[132.67008,34.56068],[132.66978,34.5602],[132.66967,34.55996],[132.66963,34.55965],[132.66968,34.55943],[132.6697,34.55929],[132.66977,34.55888],[132.67016,34.558],[132.67048,34.55699],[132.67067,34.55648],[132.6707,34.55639],[132.67065,34.55624],[132.6706,34.55609],[132.67063,34.55596],[132.67078,34.55572],[132.67078,34.5557],[132.67084,34.55573],[132.67102,34.55584],[132.67109,34.55589],[132.67113,34.55592],[132.67137,34.55605],[132.67142,34.55607],[132.67147,34.55607],[132.67154,34.55605],[132.67158,34.55603],[132.67165,34.55593],[132.67167,34.55585],[132.67165,34.55582],[132.67149,34.55569],[132.67132,34.55551],[132.67126,34.55544],[132.67115,34.55536],[132.67107,34.55532],[132.67113,34.55523],[132.67189,34.55544],[132.67209,34.55552],[132.67223,34.55552],[132.67238,34.55552],[132.67259,34.55541],[132.67314,34.55509],[132.67364,34.55478],[132.67406,34.55452],[132.67459,34.55444],[132.67511,34.55452],[132.6754,34.55456],[132.67589,34.55455],[132.67649,34.55445],[132.67775,34.55413],[132.67893,34.5537],[132.67928,34.55348],[132.67946,34.55329],[132.67954,34.55304],[132.67988,34.55274],[132.68025,34.55241],[132.68081,34.55222],[132.68141,34.55209],[132.68216,34.55212],[132.68274,34.55207],[132.68316,34.55204],[132.6835,34.55194],[132.68392,34.55184],[132.68431,34.55184],[132.68459,34.5517],[132.68494,34.55155],[132.68518,34.55151],[132.68547,34.55154],[132.68603,34.55167],[132.68634,34.55186],[132.68658,34.55199],[132.68687,34.55206],[132.68723,34.552],[132.68762,34.55199],[132.68802,34.552],[132.68833,34.55197],[132.68883,34.55193],[132.68954,34.55191],[132.69003,34.5518],[132.69059,34.55154],[132.69094,34.55123],[132.69085,34.55094],[132.69075,34.55073],[132.69077,34.55063],[132.69078,34.55055],[132.69065,34.55019],[132.69046,34.54991],[132.69028,34.54973],[132.69026,34.54966],[132.69022,34.54945],[132.6902,34.5494],[132.69013,34.54917],[132.69003,34.5488],[132.6898,34.54847],[132.68968,34.54822],[132.68957,34.54805],[132.68927,34.54775],[132.68885,34.54728],[132.68869,34.54707],[132.68867,34.54704],[132.68854,34.54698],[132.68823,34.54687],[132.6882,34.54685],[132.68798,34.54666],[132.68774,34.54651],[132.68745,34.54642],[132.68735,34.54638],[132.68725,34.54632],[132.68695,34.54619],[132.68691,34.54616],[132.68671,34.54602],[132.68646,34.54588],[132.68597,34.54557],[132.68584,34.54523],[132.68565,34.54483],[132.68552,34.54452],[132.6854,34.54428],[132.68519,34.54393],[132.6849,34.5437],[132.68459,34.54347],[132.68428,34.54308],[132.68389,34.54283],[132.68329,34.54262],[132.68303,34.5425],[132.68282,34.54236],[132.68242,34.54229],[132.6824,34.54229],[132.68154,34.54143],[132.68073,34.54082],[132.68023,34.54043],[132.67977,34.54002],[132.67937,34.53966],[132.67893,34.53931],[132.67849,34.53906],[132.67818,34.53897],[132.67781,34.53883],[132.67738,34.53845],[132.67705,34.53816],[132.67678,34.53805],[132.67624,34.53796],[132.67604,34.5379],[132.6759,34.53772],[132.67529,34.53695],[132.67449,34.53596],[132.67377,34.53508],[132.67325,34.53456],[132.67256,34.53406],[132.67212,34.53504],[132.67128,34.53657],[132.67115,34.53694],[132.67088,34.53752],[132.67076,34.53779],[132.67065,34.53802],[132.6705,34.53838],[132.67053,34.53882],[132.6707,34.53908],[132.67077,34.53917],[132.67097,34.53945],[132.6713,34.53985],[132.67207,34.54099],[132.6729,34.54242],[132.67421,34.54364],[132.6742,34.54387],[132.67428,34.54414],[132.67432,34.54451],[132.67435,34.54483],[132.67432,34.54537],[132.67431,34.54587],[132.6743,34.54644],[132.67431,34.54681],[132.67431,34.5472],[132.67424,34.54736],[132.67395,34.54753],[132.67374,34.5477],[132.67369,34.54787],[132.67361,34.54822],[132.67363,34.54829],[132.67367,34.54851],[132.67367,34.54883],[132.67363,34.54915],[132.67337,34.54972],[132.67316,34.55013],[132.67296,34.55045],[132.67265,34.55067],[132.67239,34.5507],[132.67203,34.55067],[132.67167,34.55058],[132.67135,34.55045],[132.67096,34.55041],[132.67083,34.55041],[132.67061,34.55041],[132.6699,34.55045],[132.66908,34.55057],[132.66856,34.5506],[132.66801,34.55043],[132.66761,34.55022],[132.66724,34.5499],[132.66687,34.54959],[132.66652,34.54929],[132.66595,34.54908],[132.66549,34.54908],[132.66511,34.54904],[132.66477,34.54907],[132.66421,34.5491],[132.66388,34.54911],[132.66383,34.54911],[132.6635,34.5491],[132.6632,34.54902],[132.66302,34.5489],[132.66279,34.54863],[132.66255,34.54826],[132.66234,34.54791],[132.66193,34.54735],[132.66186,34.54772],[132.66184,34.548],[132.66184,34.54841],[132.66188,34.54876],[132.6618,34.54914],[132.66162,34.54975],[132.66161,34.54974],[132.66139,34.55011],[132.66112,34.55051],[132.66098,34.55076],[132.66082,34.55102],[132.66064,34.5515],[132.66054,34.55199],[132.66039,34.55292],[132.65996,34.55295],[132.65992,34.5521],[132.66001,34.55136],[132.66003,34.55076],[132.66004,34.5507],[132.65987,34.55067],[132.6598,34.55066],[132.65978,34.55076],[132.65949,34.55119],[132.65918,34.55168],[132.65927,34.5517],[132.65932,34.55171],[132.65933,34.55173],[132.65935,34.55185],[132.65919,34.55221],[132.65937,34.55227],[132.65933,34.55244],[132.65932,34.55254],[132.65931,34.55266],[132.65932,34.55273],[132.65933,34.55279],[132.65936,34.55291],[132.65938,34.55298],[132.65934,34.55299],[132.65953,34.55327],[132.65964,34.55362],[132.65977,34.55396],[132.65981,34.55465],[132.65984,34.55499],[132.65984,34.55534],[132.66022,34.55545],[132.66022,34.55545],[132.66034,34.55549],[132.6605,34.55554],[132.6614,34.55572],[132.66239,34.55594],[132.66328,34.55621],[132.66338,34.55624],[132.66373,34.55635],[132.66437,34.55673],[132.66453,34.55685],[132.66454,34.55687],[132.66467,34.55707],[132.66509,34.55791],[132.66554,34.55873],[132.66593,34.5594],[132.66606,34.55975],[132.66619,34.56022],[132.66619,34.56037],[132.66614,34.5605],[132.66604,34.56056],[132.66562,34.56066],[132.66522,34.56077],[132.66422,34.56105],[132.66387,34.56124],[132.66364,34.56143],[132.66342,34.56167],[132.66326,34.5619],[132.6632,34.56216],[132.66319,34.56244],[132.66322,34.56263],[132.6633,34.56287],[132.66363,34.56334],[132.66396,34.56377],[132.66426,34.56427],[132.66429,34.56428],[132.6645,34.56441],[132.66454,34.56448],[132.66463,34.56453],[132.66474,34.56479],[132.66488,34.56517],[132.66466,34.56529],[132.66453,34.56544],[132.66438,34.5656],[132.66429,34.56564],[132.66405,34.56597],[132.66422,34.56594],[132.66451,34.56581],[132.66487,34.56565],[132.66561,34.56544],[132.66629,34.56516],[132.66695,34.56494],[132.66745,34.56481],[132.66777,34.56476],[132.66787,34.56472],[132.66857,34.56457],[132.6689,34.5645],[132.66945,34.56434],[132.66977,34.56427],[132.67011,34.56418]]]}},{"type":"Feature","properties":{"name":"白木町大字市川","setai":340,"jinko":761,"key":"341068270","units":1},"geometry":{"type":"Polygon","coordinates":[[[132.64805,34.56908],[132.64844,34.56905],[132.6487,34.56907],[132.64893,34.56911],[132.64918,34.56931],[132.64937,34.56958],[132.64953,34.56986],[132.64959,34.57009],[132.64958,34.57031],[132.64964,34.57056],[132.6497,34.5707],[132.6498,34.57078],[132.64995,34.57087],[132.65006,34.57095],[132.65012,34.57104],[132.65014,34.57112],[132.65013,34.57123],[132.65008,34.57137],[132.65001,34.57153],[132.65,34.57169],[132.65004,34.57177],[132.65196,34.57077],[132.65303,34.57021],[132.65412,34.56974],[132.65544,34.56919],[132.65682,34.5687],[132.65839,34.56817],[132.66051,34.56756],[132.66082,34.56753],[132.66108,34.56748],[132.66148,34.5674],[132.66156,34.5674],[132.66169,34.56739],[132.66172,34.56712],[132.66172,34.56709],[132.6617,34.5669],[132.66192,34.56693],[132.66207,34.56692],[132.66226,34.56693],[132.66243,34.56691],[132.66255,34.56686],[132.66261,34.56674],[132.66257,34.56648],[132.66254,34.56625],[132.66269,34.56619],[132.663,34.56607],[132.66341,34.56605],[132.66353,34.56603],[132.66382,34.56597],[132.66404,34.56597],[132.66405,34.56597],[132.66429,34.56564],[132.66438,34.5656],[132.66453,34.56544],[132.66466,34.56529],[132.66488,34.56517],[132.66474,34.56479],[132.66463,34.56453],[132.66454,34.56448],[132.6645,34.56441],[132.66429,34.56428],[132.66426,34.56427],[132.66396,34.56377],[132.66363,34.56334],[132.6633,34.56287],[132.66322,34.56263],[132.66319,34.56244],[132.6632,34.56216],[132.66326,34.5619],[132.66342,34.56167],[132.66364,34.56143],[132.66387,34.56124],[132.66422,34.56105],[132.66522,34.56077],[132.66562,34.56066],[132.66604,34.56056],[132.66614,34.5605],[132.66619,34.56037],[132.66619,34.56022],[132.66606,34.55975],[132.66593,34.5594],[132.66554,34.55873],[132.66509,34.55791],[132.66467,34.55707],[132.66454,34.55687],[132.66453,34.55685],[132.66437,34.55673],[132.66373,34.55635],[132.66338,34.55624],[132.66328,34.55621],[132.66239,34.55594],[132.6614,34.55572],[132.6605,34.55554],[132.66034,34.55549],[132.66022,34.55545],[132.66022,34.55545],[132.65984,34.55534],[132.65934,34.55535],[132.65921,34.55534],[132.65899,34.55531],[132.65867,34.55519],[132.6586,34.55516],[132.65821,34.55502],[132.65816,34.555],[132.65824,34.55484],[132.65826,34.5548],[132.65831,34.55468],[132.65846,34.55449],[132.65843,34.55432],[132.65841,34.55418],[132.65824,34.55398],[132.65816,34.55397],[132.65801,34.55395],[132.65773,34.5539],[132.65729,34.5538],[132.65728,34.5538],[132.657,34.55379],[132.65676,34.55371],[132.65647,34.55359],[132.65615,34.55352],[132.65606,34.55351],[132.65605,34.5535],[132.65602,34.55351],[132.65587,34.55353],[132.65543,34.5536],[132.65506,34.5537],[132.655,34.55371],[132.65488,34.55375],[132.6546,34.55385],[132.6542,34.55386],[132.65358,34.55378],[132.65287,34.55363],[132.65285,34.55362],[132.65277,34.55363],[132.65199,34.55377],[132.65123,34.55386],[132.65099,34.55391],[132.65078,34.55395],[132.65043,34.55395],[132.64995,34.55393],[132.64942,34.55388],[132.64887,34.55378],[132.64783,34.55369],[132.64773,34.55369],[132.64772,34.55368],[132.64765,34.55367],[132.64944,34.55087],[132.64945,34.55081],[132.64952,34.55006],[132.64954,34.54984],[132.64941,34.54943],[132.64882,34.54916],[132.64831,34.54903],[132.64788,34.54902],[132.64767,34.54907],[132.64706,34.54951],[132.64636,34.54953],[132.64625,34.54978],[132.64599,34.55004],[132.64577,34.55023],[132.6454,34.55053],[132.64535,34.55057],[132.64483,34.55082],[132.64458,34.55095],[132.64437,34.55094],[132.64421,34.55086],[132.64418,34.55083],[132.64403,34.55064],[132.64351,34.55016],[132.64269,34.54972],[132.64149,34.54961],[132.63956,34.54998],[132.63951,34.54993],[132.63915,34.54969],[132.63842,34.54953],[132.63787,34.54953],[132.63735,34.54953],[132.63683,34.54938],[132.63615,34.54916],[132.63583,34.54936],[132.63493,34.54981],[132.63398,34.54973],[132.63365,34.55002],[132.63213,34.55012],[132.63106,34.54996],[132.63005,34.54959],[132.62937,34.55011],[132.62875,34.55],[132.62853,34.54991],[132.62793,34.5495],[132.62771,34.54946],[132.62752,34.54946],[132.62733,34.54942],[132.62725,34.54928],[132.62722,34.54915],[132.62659,34.54885],[132.62629,34.54897],[132.6261,34.54917],[132.62591,34.54938],[132.62588,34.54949],[132.62531,34.54983],[132.62518,34.54978],[132.62504,34.54967],[132.62496,34.54945],[132.62496,34.54927],[132.62496,34.54902],[132.62496,34.54884],[132.62449,34.54834],[132.62386,34.5483],[132.62337,34.54812],[132.62276,34.54813],[132.62243,34.54818],[132.6221,34.54814],[132.62171,34.54801],[132.62135,34.5479],[132.62118,34.54773],[132.621,34.5477],[132.62085,34.54761],[132.62052,34.54739],[132.6203,34.54728],[132.62006,34.54724],[132.61985,34.54728],[132.61971,34.54744],[132.61957,34.54754],[132.6194,34.54757],[132.61902,34.54756],[132.61838,34.54753],[132.61801,34.54748],[132.61777,34.54738],[132.6175,34.54714],[132.61715,34.54668],[132.61685,34.54637],[132.61658,34.54617],[132.61627,34.54616],[132.61591,34.54611],[132.6156,34.54596],[132.61521,34.54591],[132.61476,34.54574],[132.61456,34.54555],[132.61416,34.54522],[132.61382,34.54509],[132.61339,34.54511],[132.61318,34.54489],[132.61303,34.54458],[132.61275,34.54439],[132.61241,34.54419],[132.61195,34.54417],[132.61141,34.54427],[132.61088,34.54429],[132.61064,34.54419],[132.61046,34.54412],[132.61037,34.54393],[132.61032,34.54361],[132.61014,34.54357],[132.60975,34.5436],[132.60941,34.54349],[132.60906,34.54328],[132.60875,34.54305],[132.60816,34.54264],[132.60731,34.54177],[132.60609,34.54079],[132.60541,34.54017],[132.60456,34.5394],[132.60465,34.53872],[132.60437,34.53744],[132.6043,34.53645],[132.60423,34.53562],[132.60399,34.53484],[132.60331,34.53395],[132.60241,34.5332],[132.6019,34.53295],[132.60134,34.53266],[132.60021,34.53198],[132.59924,34.53149],[132.59831,34.531],[132.59726,34.53057],[132.59642,34.53033],[132.596,34.52997],[132.59539,34.52939],[132.59488,34.52907],[132.59476,34.52895],[132.59441,34.5286],[132.59395,34.52834],[132.59344,34.52814],[132.59257,34.52797],[132.59188,34.5279],[132.59108,34.52761],[132.58998,34.52711],[132.58916,34.52668],[132.58817,34.52616],[132.58724,34.52556],[132.58711,34.52547],[132.58555,34.52426],[132.58549,34.52423],[132.58468,34.52393],[132.58404,34.52372],[132.58376,34.52363],[132.5836,34.52354],[132.58291,34.52315],[132.58215,34.52285],[132.58093,34.52259],[132.58041,34.5225],[132.58017,34.52238],[132.57971,34.52243],[132.57965,34.52243],[132.5793,34.52244],[132.57873,34.52242],[132.57827,34.52238],[132.57788,34.52231],[132.57768,34.52232],[132.57746,34.52228],[132.57731,34.52235],[132.57697,34.52245],[132.57645,34.52256],[132.57619,34.52265],[132.57591,34.5227],[132.57552,34.52277],[132.57545,34.5228],[132.57547,34.52282],[132.5757,34.52306],[132.57596,34.52336],[132.57622,34.52366],[132.5766,34.52377],[132.57665,34.52378],[132.5773,34.52399],[132.57778,34.52408],[132.57822,34.52426],[132.57844,34.52435],[132.57866,34.52444],[132.57914,34.52463],[132.57921,34.52466],[132.57935,34.52487],[132.57936,34.52489],[132.57939,34.52508],[132.57955,34.5253],[132.57986,34.52558],[132.58016,34.52589],[132.58017,34.52591],[132.58045,34.52614],[132.58065,34.52636],[132.58083,34.52685],[132.58079,34.52703],[132.58076,34.52716],[132.58065,34.52752],[132.58064,34.52758],[132.58062,34.52786],[132.58054,34.52825],[132.58049,34.52866],[132.58047,34.52907],[132.58052,34.52958],[132.5805,34.52996],[132.58049,34.53028],[132.58037,34.53066],[132.58019,34.53096],[132.58005,34.53103],[132.57992,34.53111],[132.57965,34.53128],[132.5796,34.53147],[132.57964,34.53173],[132.57974,34.53203],[132.57997,34.53229],[132.58019,34.53269],[132.58024,34.533],[132.58031,34.53337],[132.58041,34.53375],[132.58062,34.53421],[132.58064,34.53424],[132.58095,34.53485],[132.58108,34.53519],[132.58114,34.53533],[132.58125,34.53563],[132.58143,34.53597],[132.58174,34.53619],[132.58213,34.53619],[132.58243,34.53623],[132.58264,34.53636],[132.58295,34.53679],[132.5832,34.53706],[132.58341,34.53741],[132.58359,34.53784],[132.58366,34.53813],[132.58379,34.53834],[132.58402,34.5385],[132.58417,34.53873],[132.58415,34.53897],[132.58417,34.53921],[132.58436,34.5395],[132.58463,34.53965],[132.58496,34.5397],[132.58513,34.53975],[132.58525,34.53978],[132.58542,34.53993],[132.58555,34.54004],[132.58571,34.54037],[132.58586,34.54038],[132.58616,34.54107],[132.58639,34.54179],[132.58635,34.54217],[132.58642,34.54235],[132.58677,34.54277],[132.58717,34.54305],[132.58736,34.54334],[132.58735,34.54351],[132.58722,34.54378],[132.58727,34.54387],[132.58735,34.54399],[132.58746,34.54424],[132.58742,34.54457],[132.5873,34.54484],[132.58717,34.545],[132.58719,34.54513],[132.58708,34.54533],[132.587,34.54547],[132.58698,34.5457],[132.58688,34.5459],[132.58664,34.54634],[132.58664,34.54656],[132.58667,34.54692],[132.58675,34.54721],[132.58674,34.54751],[132.58676,34.54783],[132.58666,34.54799],[132.58653,34.54801],[132.58626,34.54795],[132.586,34.54789],[132.58574,34.54799],[132.58544,34.54815],[132.58487,34.54829],[132.58477,34.54838],[132.584,34.54928],[132.58395,34.54932],[132.58376,34.54946],[132.58346,34.54958],[132.58303,34.54954],[132.58297,34.54963],[132.58284,34.54974],[132.58261,34.54977],[132.58242,34.54972],[132.58211,34.54971],[132.58174,34.54989],[132.58172,34.55004],[132.58184,34.55028],[132.5819,34.55056],[132.58183,34.5507],[132.58165,34.55093],[132.58144,34.55106],[132.58129,34.55114],[132.58071,34.55125],[132.58067,34.55149],[132.58052,34.55164],[132.58028,34.55182],[132.57988,34.55189],[132.5796,34.55202],[132.57951,34.55216],[132.57954,34.5523],[132.57968,34.55246],[132.57973,34.5526],[132.57949,34.55306],[132.57931,34.55318],[132.57916,34.5531],[132.57898,34.55301],[132.57878,34.55309],[132.57876,34.55326],[132.57884,34.55346],[132.57889,34.5536],[132.5788,34.55368],[132.57879,34.55378],[132.57889,34.55401],[132.57883,34.55414],[132.57857,34.55425],[132.57848,34.55435],[132.57848,34.55461],[132.57845,34.55478],[132.57825,34.55495],[132.57811,34.55492],[132.57792,34.5549],[132.57761,34.55492],[132.57734,34.55503],[132.57732,34.5552],[132.57743,34.55545],[132.57742,34.55563],[132.57719,34.55575],[132.5769,34.55578],[132.57659,34.55572],[132.57647,34.55585],[132.57642,34.55613],[132.57648,34.55649],[132.57658,34.55671],[132.5767,34.557],[132.57673,34.55728],[132.57668,34.55758],[132.57648,34.55774],[132.57614,34.55782],[132.57586,34.55781],[132.57558,34.55763],[132.57538,34.55759],[132.57531,34.5577],[132.57515,34.55789],[132.57497,34.55798],[132.57483,34.55813],[132.57486,34.55829],[132.57496,34.55859],[132.57502,34.55884],[132.57503,34.55888],[132.57509,34.55912],[132.57523,34.55938],[132.57557,34.55923],[132.57611,34.55923],[132.57625,34.55917],[132.57727,34.55917],[132.57814,34.55909],[132.57917,34.5591],[132.58001,34.55913],[132.58062,34.55923],[132.58077,34.55922],[132.58103,34.55919],[132.58148,34.55902],[132.58182,34.55871],[132.58219,34.55843],[132.58273,34.55809],[132.58364,34.5579],[132.58444,34.55778],[132.58565,34.55776],[132.58652,34.55767],[132.58683,34.55753],[132.58759,34.55718],[132.58812,34.55681],[132.58853,34.55655],[132.58875,34.55638],[132.58898,34.55615],[132.58927,34.55576],[132.58956,34.5554],[132.58992,34.55493],[132.5904,34.55455],[132.59089,34.55431],[132.59142,34.55409],[132.59213,34.55397],[132.59321,34.55408],[132.59395,34.55433],[132.59509,34.55464],[132.59574,34.55477],[132.59576,34.55477],[132.5958,34.55486],[132.59597,34.55511],[132.59655,34.55554],[132.59735,34.55587],[132.59814,34.55615],[132.59906,34.55626],[132.59988,34.55639],[132.60083,34.5565],[132.60142,34.55649],[132.60245,34.55648],[132.60345,34.55657],[132.60394,34.55664],[132.6045,34.55672],[132.60512,34.55688],[132.60549,34.55708],[132.60573,34.55722],[132.60678,34.55787],[132.60783,34.55863],[132.60877,34.5593],[132.60944,34.55982],[132.61006,34.56019],[132.61038,34.5605],[132.61033,34.56073],[132.6103,34.56102],[132.61029,34.5611],[132.61031,34.56154],[132.61041,34.5618],[132.61044,34.56188],[132.61069,34.56223],[132.61092,34.56246],[132.61118,34.56254],[132.61153,34.56253],[132.61194,34.56244],[132.6123,34.5623],[132.61262,34.56211],[132.61287,34.56196],[132.61318,34.56178],[132.6134,34.56168],[132.61362,34.56159],[132.61438,34.56162],[132.61533,34.56165],[132.61595,34.56164],[132.61661,34.5615],[132.61723,34.56123],[132.61759,34.56092],[132.61781,34.56079],[132.61805,34.56061],[132.61914,34.55986],[132.61998,34.55924],[132.62057,34.55901],[132.62099,34.5588],[132.62153,34.55854],[132.62197,34.55832],[132.62238,34.55827],[132.62321,34.55835],[132.62417,34.55858],[132.62509,34.55894],[132.62558,34.55913],[132.62617,34.55944],[132.62679,34.55988],[132.62709,34.56026],[132.62745,34.56094],[132.62769,34.56166],[132.62787,34.56193],[132.62807,34.56235],[132.62818,34.56256],[132.62859,34.56318],[132.62915,34.56372],[132.62995,34.56429],[132.6307,34.56466],[132.63134,34.56499],[132.63183,34.56525],[132.63247,34.56546],[132.63318,34.56571],[132.63395,34.56598],[132.63459,34.56642],[132.6352,34.56685],[132.63558,34.56737],[132.63559,34.56739],[132.63562,34.56742],[132.63574,34.5676],[132.636,34.56796],[132.63604,34.56804],[132.63639,34.56857],[132.63655,34.56904],[132.63681,34.56928],[132.63717,34.56976],[132.6373,34.5702],[132.63758,34.57059],[132.63809,34.57109],[132.63891,34.57188],[132.63968,34.57272],[132.63978,34.57279],[132.64005,34.57298],[132.64039,34.57321],[132.64063,34.57328],[132.6408,34.57319],[132.64095,34.57302],[132.64111,34.57283],[132.64139,34.57252],[132.64175,34.57224],[132.6423,34.57188],[132.64303,34.57145],[132.64388,34.57111],[132.64471,34.57083],[132.6453,34.57059],[132.64545,34.57049],[132.64595,34.57023],[132.64631,34.56997],[132.64656,34.56982],[132.64681,34.56966],[132.6471,34.56949],[132.64754,34.56929],[132.64783,34.56917],[132.64805,34.56908]]]}},{"type":"Feature","properties":{"name":"白木町大字有留","setai":60,"jinko":130,"key":"341068280","units":1},"geometry":{"type":"MultiPolygon","coordinates":[[[[132.68277,34.5669],[132.68331,34.56684],[132.68342,34.56689],[132.68342,34.56689],[132.68363,34.56699],[132.68386,34.56722],[132.68405,34.56744],[132.68406,34.56747],[132.68438,34.56747],[132.68467,34.56748],[132.6849,34.56745],[132.68518,34.5673],[132.68547,34.56692],[132.68574,34.56649],[132.68591,34.56616],[132.68609,34.56597],[132.68635,34.56583],[132.68662,34.56564],[132.68686,34.56535],[132.6871,34.56506],[132.68727,34.56473],[132.68739,34.56446],[132.68741,34.56442],[132.68743,34.56438],[132.68757,34.56424],[132.68767,34.56421],[132.68803,34.5641],[132.68853,34.56402],[132.68894,34.56395],[132.68941,34.56374],[132.68982,34.56351],[132.69009,34.56331],[132.6903,34.56318],[132.6904,34.56311],[132.69081,34.56281],[132.69099,34.56256],[132.6913,34.56222],[132.69172,34.56194],[132.69219,34.5617],[132.69254,34.56155],[132.69291,34.56152],[132.69328,34.56153],[132.69354,34.56158],[132.6937,34.56159],[132.69381,34.56125],[132.69388,34.56076],[132.69396,34.56033],[132.69397,34.56012],[132.69386,34.55999],[132.69362,34.55995],[132.69327,34.5599],[132.69293,34.55991],[132.6924,34.55991],[132.69204,34.55992],[132.69173,34.55986],[132.69157,34.55978],[132.69149,34.55965],[132.69147,34.55961],[132.69143,34.55955],[132.69142,34.55953],[132.69133,34.55921],[132.69108,34.55898],[132.69092,34.55882],[132.69048,34.55869],[132.69022,34.55863],[132.68994,34.55871],[132.68962,34.55884],[132.68936,34.55891],[132.68909,34.55899],[132.68881,34.55891],[132.68861,34.55876],[132.68836,34.55851],[132.68814,34.55827],[132.68798,34.55799],[132.68794,34.55769],[132.68767,34.55733],[132.68751,34.55699],[132.68744,34.55677],[132.68744,34.55671],[132.68747,34.55662],[132.68766,34.55651],[132.68767,34.55651],[132.68802,34.55636],[132.68836,34.55607],[132.68868,34.55578],[132.68873,34.55549],[132.6893,34.55541],[132.68967,34.55537],[132.68988,34.55524],[132.69012,34.55503],[132.69032,34.55484],[132.6905,34.55468],[132.69055,34.55438],[132.69068,34.55397],[132.69091,34.55328],[132.69114,34.55263],[132.69123,34.55243],[132.69149,34.55186],[132.69162,34.55155],[132.69152,34.55145],[132.69116,34.55134],[132.69116,34.55134],[132.69094,34.55123],[132.69059,34.55154],[132.69003,34.5518],[132.68954,34.55191],[132.68883,34.55193],[132.68833,34.55197],[132.68802,34.552],[132.68762,34.55199],[132.68723,34.552],[132.68687,34.55206],[132.68658,34.55199],[132.68634,34.55186],[132.68603,34.55167],[132.68547,34.55154],[132.68518,34.55151],[132.68494,34.55155],[132.68459,34.5517],[132.68431,34.55184],[132.68392,34.55184],[132.6835,34.55194],[132.68316,34.55204],[132.68274,34.55207],[132.68216,34.55212],[132.68141,34.55209],[132.68081,34.55222],[132.68025,34.55241],[132.67988,34.55274],[132.67954,34.55304],[132.67946,34.55329],[132.67928,34.55348],[132.67893,34.5537],[132.67775,34.55413],[132.67649,34.55445],[132.67589,34.55455],[132.6754,34.55456],[132.67511,34.55452],[132.67459,34.55444],[132.67406,34.55452],[132.67364,34.55478],[132.67314,34.55509],[132.67259,34.55541],[132.67238,34.55552],[132.67223,34.55552],[132.67209,34.55552],[132.67189,34.55544],[132.67113,34.55523],[132.67107,34.55532],[132.67115,34.55536],[132.67126,34.55544],[132.67132,34.55551],[132.67149,34.55569],[132.67165,34.55582],[132.67167,34.55585],[132.67165,34.55593],[132.67158,34.55603],[132.67154,34.55605],[132.67147,34.55607],[132.67142,34.55607],[132.67137,34.55605],[132.67113,34.55592],[132.67109,34.55589],[132.67102,34.55584],[132.67084,34.55573],[132.67078,34.5557],[132.67078,34.55572],[132.67063,34.55596],[132.6706,34.55609],[132.67065,34.55624],[132.6707,34.55639],[132.67067,34.55648],[132.67048,34.55699],[132.67016,34.558],[132.66977,34.55888],[132.6697,34.55929],[132.66968,34.55943],[132.66963,34.55965],[132.66967,34.55996],[132.66978,34.5602],[132.67008,34.56068],[132.67086,34.56159],[132.67099,34.56166],[132.67141,34.56192],[132.67193,34.56213],[132.67221,34.56234],[132.6725,34.56264],[132.6726,34.56293],[132.67026,34.56348],[132.66992,34.56369],[132.67,34.56388],[132.67016,34.56403],[132.67032,34.5641],[132.67057,34.5641],[132.67092,34.56407],[132.67096,34.56407],[132.67133,34.56408],[132.67176,34.56412],[132.67221,34.56414],[132.67264,34.56416],[132.67305,34.56427],[132.67341,34.56437],[132.67355,34.56443],[132.67382,34.56454],[132.67423,34.56486],[132.6747,34.56531],[132.67524,34.56584],[132.67571,34.56631],[132.6762,34.56684],[132.67654,34.56725],[132.67683,34.56761],[132.6769,34.56769],[132.67734,34.56832],[132.67774,34.56894],[132.67778,34.56901],[132.6786,34.56866],[132.67867,34.56862],[132.67919,34.56845],[132.67936,34.56839],[132.68008,34.56801],[132.68063,34.56773],[132.68091,34.56758],[132.68187,34.56724],[132.68277,34.5669]]],[[[132.69248,34.53066],[132.69265,34.53061],[132.69296,34.53062],[132.6933,34.53059],[132.69357,34.53047],[132.6936,34.53046],[132.69361,34.53045],[132.69348,34.53009],[132.69346,34.5299],[132.69347,34.52968],[132.69345,34.52948],[132.6932,34.52933],[132.69292,34.52926],[132.69277,34.52924],[132.6926,34.52923],[132.69259,34.52923],[132.69252,34.5292],[132.69237,34.52913],[132.69191,34.52905],[132.69167,34.52905],[132.69149,34.52903],[132.6912,34.52904],[132.69093,34.52908],[132.69072,34.52906],[132.69045,34.5291],[132.69028,34.5292],[132.69024,34.52922],[132.69011,34.52928],[132.68995,34.52928],[132.68992,34.52928],[132.68963,34.5292],[132.68955,34.52921],[132.68948,34.52922],[132.68937,34.52919],[132.68935,34.52917],[132.68926,34.52905],[132.68908,34.52882],[132.68896,34.52866],[132.68851,34.52806],[132.68835,34.52784],[132.68832,34.52782],[132.68739,34.52717],[132.68706,34.52693],[132.68706,34.52682],[132.68705,34.52681],[132.68703,34.52657],[132.68694,34.52639],[132.68645,34.52621],[132.68595,34.52603],[132.68554,34.52579],[132.68545,34.52572],[132.68527,34.52558],[132.68523,34.52551],[132.68504,34.52519],[132.685,34.52522],[132.68495,34.52525],[132.68491,34.52528],[132.68479,34.52535],[132.68458,34.52556],[132.68452,34.5257],[132.68459,34.52581],[132.6845,34.5261],[132.68437,34.52657],[132.68435,34.52659],[132.68414,34.52672],[132.68399,34.52682],[132.68391,34.52699],[132.68388,34.52709],[132.6831,34.52706],[132.68277,34.52707],[132.6825,34.52718],[132.68229,34.52733],[132.68204,34.52744],[132.68181,34.52755],[132.68156,34.52762],[132.68128,34.52755],[132.68094,34.52755],[132.6805,34.52757],[132.68005,34.52766],[132.67985,34.52777],[132.67945,34.52799],[132.67944,34.528],[132.6792,34.52808],[132.67909,34.52822],[132.67877,34.52848],[132.67873,34.52849],[132.67841,34.52859],[132.67822,34.52875],[132.67809,34.52887],[132.67786,34.52899],[132.67771,34.529],[132.67742,34.52916],[132.6771,34.52927],[132.67684,34.5293],[132.67662,34.52932],[132.67642,34.52932],[132.6761,34.52957],[132.67574,34.52982],[132.67568,34.5299],[132.67554,34.52999],[132.67515,34.5305],[132.67474,34.53125],[132.67425,34.53209],[132.6742,34.53217],[132.67408,34.53253],[132.67378,34.53317],[132.67347,34.53358],[132.67301,34.53383],[132.67294,34.53388],[132.67256,34.53406],[132.67325,34.53456],[132.67377,34.53508],[132.67449,34.53596],[132.67529,34.53695],[132.6759,34.53772],[132.67604,34.5379],[132.67624,34.53796],[132.67678,34.53805],[132.67705,34.53816],[132.67738,34.53845],[132.67781,34.53883],[132.67818,34.53897],[132.67849,34.53906],[132.67893,34.53931],[132.67937,34.53966],[132.67977,34.54002],[132.68023,34.54043],[132.68073,34.54082],[132.68154,34.54143],[132.6824,34.54229],[132.68242,34.54229],[132.68282,34.54236],[132.68303,34.5425],[132.68329,34.54262],[132.68389,34.54283],[132.68428,34.54308],[132.68459,34.54347],[132.6849,34.5437],[132.68519,34.54393],[132.6854,34.54428],[132.68552,34.54452],[132.68565,34.54483],[132.68584,34.54523],[132.68597,34.54557],[132.68646,34.54588],[132.68671,34.54602],[132.68691,34.54616],[132.68695,34.54619],[132.68725,34.54632],[132.68735,34.54638],[132.68745,34.54642],[132.68774,34.54651],[132.68798,34.54666],[132.6882,34.54685],[132.68823,34.54687],[132.68854,34.54698],[132.68867,34.54704],[132.68869,34.54707],[132.689,34.54659],[132.68932,34.54627],[132.68969,34.54598],[132.69008,34.54562],[132.69038,34.54523],[132.69059,34.54501],[132.69085,34.54481],[132.69086,34.5448],[132.691,34.54466],[132.69114,34.54454],[132.69094,34.54444],[132.69085,34.54434],[132.69077,34.54412],[132.69065,34.5439],[132.69052,34.54365],[132.69032,34.54346],[132.69018,34.54337],[132.68987,34.54331],[132.68963,34.54319],[132.68947,34.54302],[132.68924,34.54284],[132.689,34.54279],[132.68891,34.54277],[132.68873,34.54274],[132.68869,34.5427],[132.68868,34.54269],[132.68861,34.5426],[132.6886,34.54254],[132.6886,34.54243],[132.68842,34.54228],[132.68826,34.54211],[132.68821,34.542],[132.68807,34.54195],[132.688,34.54191],[132.68789,34.54186],[132.68784,34.5418],[132.68821,34.54149],[132.68909,34.54067],[132.68947,34.54027],[132.68987,34.53991],[132.69011,34.53971],[132.69027,34.53958],[132.69052,34.5395],[132.69059,34.53927],[132.69076,34.53911],[132.69103,34.53899],[132.69129,34.53892],[132.69143,34.53876],[132.69141,34.53857],[132.6913,34.53838],[132.69131,34.53808],[132.69125,34.53754],[132.69124,34.53694],[132.69115,34.53631],[132.69118,34.53609],[132.6912,34.53593],[132.69129,34.53545],[132.69142,34.53502],[132.69147,34.53459],[132.69138,34.53429],[132.69132,34.53392],[132.69109,34.53347],[132.69086,34.5331],[132.69071,34.53287],[132.69061,34.53273],[132.69059,34.53258],[132.69077,34.53241],[132.69101,34.53228],[132.69136,34.53196],[132.69161,34.53159],[132.69192,34.53117],[132.69212,34.53097],[132.69215,34.53093],[132.69248,34.53066]]]]}},{"type":"Feature","properties":{"name":"白木町大字三田","setai":1131,"jinko":2578,"key":"341068290","units":1},"geometry":{"type":"Polygon","coordinates":[[[132.64292,34.54214],[132.64323,34.54201],[132.64359,34.54209],[132.64368,34.54208],[132.64398,34.54204],[132.6441,34.54203],[132.64429,34.54204],[132.64439,34.542],[132.64446,34.54195],[132.6445,34.5419],[132.64454,34.54186],[132.64467,34.54184],[132.64478,34.54182],[132.64487,34.54176],[132.64494,34.54175],[132.64513,34.5417],[132.64524,34.54159],[132.64537,34.54143],[132.64538,34.54141],[132.64578,34.54179],[132.64652,34.54258],[132.64678,34.54238],[132.64694,34.54255],[132.6471,34.54265],[132.64745,34.54285],[132.64756,34.54295],[132.64809,34.54322],[132.6481,34.54322],[132.6482,34.54315],[132.64836,34.54298],[132.64854,34.54255],[132.64864,34.54223],[132.64862,34.54197],[132.64862,34.54193],[132.64851,34.54178],[132.64849,34.54176],[132.64846,34.54172],[132.64815,34.54153],[132.64814,34.54133],[132.64817,34.54099],[132.64822,34.54061],[132.64818,34.5404],[132.64815,34.54019],[132.64807,34.54002],[132.64787,34.5398],[132.64777,34.53974],[132.64776,34.53974],[132.64768,34.53961],[132.64745,34.53931],[132.64732,34.53914],[132.64708,34.53903],[132.64688,34.53891],[132.6468,34.53875],[132.64679,34.53866],[132.64677,34.53856],[132.64677,34.53854],[132.64679,34.5381],[132.64693,34.53771],[132.64701,34.53739],[132.64694,34.53705],[132.64684,34.53698],[132.64679,34.53695],[132.64674,34.53694],[132.64656,34.53693],[132.6463,34.53696],[132.64596,34.53695],[132.64565,34.53693],[132.64534,34.53676],[132.64499,34.53654],[132.64497,34.53649],[132.6449,34.53634],[132.64536,34.53613],[132.64572,34.53603],[132.64542,34.53583],[132.64573,34.53566],[132.64598,34.53557],[132.64608,34.53553],[132.64492,34.52892],[132.64498,34.52869],[132.64495,34.52814],[132.64493,34.52776],[132.64506,34.52745],[132.64515,34.52714],[132.64547,34.52651],[132.64576,34.52611],[132.646,34.52566],[132.64622,34.5253],[132.64623,34.52528],[132.64663,34.52494],[132.64711,34.5245],[132.64774,34.52405],[132.6484,34.52373],[132.64888,34.52344],[132.64931,34.52308],[132.6497,34.52283],[132.64998,34.52259],[132.65059,34.52233],[132.65119,34.52208],[132.65203,34.52172],[132.65318,34.52129],[132.65243,34.52063],[132.65187,34.52008],[132.65148,34.51974],[132.6511,34.51955],[132.65081,34.51961],[132.65061,34.51967],[132.65032,34.51969],[132.65027,34.5197],[132.65024,34.5197],[132.64988,34.51961],[132.64955,34.51966],[132.64922,34.51892],[132.64918,34.51842],[132.64907,34.51808],[132.64904,34.518],[132.649,34.51782],[132.64897,34.51763],[132.64894,34.51717],[132.64865,34.5168],[132.64839,34.51644],[132.64839,34.51643],[132.64841,34.51605],[132.64858,34.51561],[132.64897,34.51506],[132.64915,34.51475],[132.64921,34.51463],[132.64933,34.51407],[132.64905,34.51327],[132.64887,34.51281],[132.64876,34.51233],[132.6486,34.51178],[132.64839,34.51155],[132.64802,34.51115],[132.6479,34.51077],[132.64784,34.51049],[132.64754,34.51025],[132.64722,34.50989],[132.6472,34.50984],[132.64703,34.50948],[132.64695,34.50893],[132.64693,34.50828],[132.64694,34.50823],[132.64695,34.50816],[132.64703,34.50753],[132.64691,34.50705],[132.64691,34.50676],[132.64652,34.50647],[132.64622,34.50616],[132.64609,34.50591],[132.64554,34.50562],[132.64493,34.50536],[132.64475,34.5052],[132.64418,34.50532],[132.64401,34.50535],[132.64336,34.50549],[132.64293,34.50552],[132.64258,34.50555],[132.64183,34.50544],[132.64114,34.50528],[132.64055,34.50515],[132.64019,34.50519],[132.6399,34.50526],[132.63974,34.5053],[132.63934,34.50536],[132.63901,34.50542],[132.6383,34.50544],[132.63756,34.5054],[132.63696,34.50534],[132.63671,34.50534],[132.63651,34.50537],[132.63643,34.50545],[132.6363,34.50558],[132.63613,34.50575],[132.63599,34.506],[132.63567,34.50636],[132.63523,34.50657],[132.63511,34.5066],[132.63472,34.5067],[132.63446,34.50678],[132.63417,34.50684],[132.63357,34.50702],[132.63307,34.50677],[132.63231,34.50631],[132.63168,34.50597],[132.63126,34.50568],[132.63118,34.50558],[132.63103,34.50538],[132.63111,34.50474],[132.63112,34.50443],[132.63101,34.50429],[132.63113,34.50389],[132.63109,34.50374],[132.63097,34.50324],[132.63082,34.50275],[132.6304,34.50224],[132.63008,34.50186],[132.62974,34.50136],[132.62948,34.50067],[132.62909,34.50009],[132.62877,34.49949],[132.62861,34.49895],[132.62855,34.49855],[132.62843,34.49827],[132.62834,34.49821],[132.62826,34.49816],[132.62796,34.49794],[132.62728,34.49761],[132.62719,34.49757],[132.62677,34.49741],[132.62628,34.49733],[132.62599,34.49633],[132.6253,34.49555],[132.62489,34.49524],[132.62435,34.49465],[132.62399,34.49422],[132.62394,34.49419],[132.62394,34.49419],[132.62388,34.49415],[132.62338,34.49386],[132.62282,34.49348],[132.62233,34.49324],[132.62189,34.49283],[132.62134,34.49236],[132.6208,34.49196],[132.62051,34.49176],[132.62018,34.49148],[132.61981,34.49142],[132.6195,34.49118],[132.61899,34.49088],[132.61835,34.49078],[132.61736,34.4908],[132.61695,34.49086],[132.61642,34.49089],[132.6159,34.49086],[132.61588,34.49086],[132.61511,34.49096],[132.6151,34.49096],[132.61457,34.49116],[132.61416,34.49124],[132.61369,34.49107],[132.61326,34.49094],[132.61292,34.49095],[132.61273,34.49096],[132.6125,34.49096],[132.61237,34.49095],[132.61153,34.49083],[132.61039,34.49056],[132.60976,34.49048],[132.60924,34.4903],[132.60888,34.49006],[132.60813,34.48975],[132.60778,34.4896],[132.60739,34.48949],[132.60703,34.48924],[132.60664,34.48904],[132.60607,34.4889],[132.6052,34.48866],[132.60513,34.48861],[132.60475,34.48837],[132.60457,34.48826],[132.60419,34.48784],[132.60344,34.48728],[132.60283,34.48682],[132.6025,34.48622],[132.60223,34.48589],[132.60204,34.48566],[132.60202,34.48551],[132.60195,34.48552],[132.60143,34.48561],[132.60092,34.48555],[132.59999,34.48538],[132.59898,34.48525],[132.59824,34.48516],[132.59815,34.48513],[132.59777,34.48499],[132.59753,34.48506],[132.59735,34.48504],[132.59663,34.48492],[132.59577,34.48485],[132.59521,34.48495],[132.59517,34.48499],[132.59504,34.48512],[132.59475,34.48561],[132.59451,34.48597],[132.59418,34.48633],[132.59408,34.48636],[132.59391,34.48648],[132.59369,34.48658],[132.59327,34.48685],[132.59287,34.4869],[132.5926,34.48684],[132.59203,34.48671],[132.59177,34.48667],[132.59129,34.48693],[132.59128,34.48694],[132.59121,34.48695],[132.59084,34.48702],[132.59058,34.48721],[132.5903,34.48761],[132.59001,34.48797],[132.58972,34.48826],[132.58957,34.48836],[132.58946,34.48844],[132.58928,34.48848],[132.589,34.48854],[132.58853,34.48869],[132.5883,34.48895],[132.58818,34.48925],[132.58805,34.48944],[132.58755,34.48959],[132.58693,34.48976],[132.5867,34.48981],[132.58655,34.48984],[132.58613,34.49005],[132.58585,34.49017],[132.58567,34.49034],[132.58518,34.4906],[132.58474,34.49079],[132.58445,34.49086],[132.58403,34.49114],[132.58376,34.49134],[132.58357,34.49165],[132.58346,34.49179],[132.58334,34.49194],[132.58317,34.49202],[132.58299,34.4921],[132.58255,34.49213],[132.58177,34.49253],[132.58125,34.49267],[132.58103,34.49273],[132.58026,34.4929],[132.57959,34.4931],[132.57919,34.4932],[132.57908,34.49322],[132.57887,34.49325],[132.57868,34.49331],[132.5786,34.49332],[132.57858,34.49334],[132.5785,34.49336],[132.5783,34.49351],[132.57791,34.4938],[132.57775,34.49391],[132.57722,34.49424],[132.57692,34.49448],[132.57676,34.49461],[132.57642,34.49502],[132.57612,34.49542],[132.5756,34.49577],[132.57473,34.49601],[132.57393,34.49613],[132.5732,34.49629],[132.57248,34.49647],[132.57238,34.4965],[132.57216,34.49653],[132.57176,34.49669],[132.57163,34.49673],[132.57078,34.49706],[132.57066,34.49712],[132.57058,34.49715],[132.57053,34.49718],[132.56994,34.49748],[132.56946,34.4979],[132.56938,34.49801],[132.56934,34.49804],[132.56918,34.49831],[132.56913,34.49839],[132.56912,34.49841],[132.569,34.4986],[132.5689,34.49906],[132.56891,34.49916],[132.56885,34.49978],[132.56899,34.50056],[132.56929,34.50135],[132.56939,34.50187],[132.56932,34.50216],[132.5691,34.50239],[132.569,34.50294],[132.56869,34.5032],[132.56839,34.50345],[132.56837,34.50346],[132.56805,34.50346],[132.56754,34.50343],[132.56706,34.50349],[132.56692,34.50365],[132.56671,34.50378],[132.56593,34.50445],[132.56558,34.50505],[132.56517,34.50578],[132.56492,34.50635],[132.56489,34.50642],[132.56479,34.50657],[132.56457,34.50691],[132.5643,34.50724],[132.56389,34.50791],[132.56366,34.50806],[132.56309,34.50859],[132.56281,34.5091],[132.56268,34.50929],[132.56243,34.50973],[132.56235,34.50986],[132.56193,34.51042],[132.56164,34.51064],[132.56135,34.51086],[132.5622,34.51142],[132.56258,34.51156],[132.56292,34.5116],[132.5632,34.51178],[132.5635,34.512],[132.56398,34.51203],[132.56459,34.51201],[132.56518,34.51208],[132.56555,34.51231],[132.56589,34.51268],[132.56618,34.51308],[132.56639,34.51334],[132.56674,34.5136],[132.56748,34.51379],[132.56769,34.51385],[132.56812,34.51398],[132.5682,34.51418],[132.56826,34.51433],[132.56841,34.51463],[132.56875,34.51484],[132.56885,34.51504],[132.56891,34.51515],[132.569,34.51553],[132.56905,34.51581],[132.56918,34.51601],[132.5697,34.51619],[132.57041,34.51658],[132.57114,34.5172],[132.57154,34.51758],[132.57197,34.51788],[132.57233,34.51827],[132.57278,34.51862],[132.57342,34.51919],[132.57364,34.51951],[132.57403,34.52005],[132.57441,34.52061],[132.57479,34.52104],[132.57508,34.52142],[132.57526,34.52177],[132.57526,34.5221],[132.57521,34.52233],[132.5752,34.52259],[132.5752,34.52279],[132.57535,34.52285],[132.57547,34.52282],[132.57545,34.5228],[132.57552,34.52277],[132.57591,34.5227],[132.57619,34.52265],[132.57645,34.52256],[132.57697,34.52245],[132.57731,34.52235],[132.57746,34.52228],[132.57768,34.52232],[132.57788,34.52231],[132.57827,34.52238],[132.57873,34.52242],[132.5793,34.52244],[132.57965,34.52243],[132.57971,34.52243],[132.58017,34.52238],[132.58041,34.5225],[132.58093,34.52259],[132.58215,34.52285],[132.58291,34.52315],[132.5836,34.52354],[132.58376,34.52363],[132.58404,34.52372],[132.58468,34.52393],[132.58549,34.52423],[132.58581,34.5242],[132.58619,34.52414],[132.58663,34.5242],[132.58684,34.52425],[132.58733,34.52419],[132.58734,34.52419],[132.58781,34.52398],[132.58811,34.52372],[132.5888,34.52343],[132.58932,34.52337],[132.59027,34.52368],[132.59096,34.52385],[132.59172,34.52385],[132.59217,34.52393],[132.59262,34.52399],[132.59322,34.52402],[132.59327,34.52403],[132.59368,34.52413],[132.59402,34.52424],[132.59424,34.52419],[132.59424,34.52419],[132.59453,34.5242],[132.59473,34.52435],[132.59491,34.52448],[132.59527,34.52451],[132.59563,34.52446],[132.59579,34.52439],[132.59596,34.5243],[132.5961,34.52422],[132.59631,34.52434],[132.59637,34.52435],[132.59675,34.52452],[132.5969,34.5246],[132.59693,34.52461],[132.59722,34.52468],[132.59757,34.52509],[132.5978,34.52543],[132.59841,34.52583],[132.59896,34.52607],[132.59951,34.5264],[132.60004,34.52674],[132.60055,34.52714],[132.60089,34.52738],[132.60105,34.52745],[132.60113,34.52749],[132.60115,34.52749],[132.60119,34.5275],[132.60168,34.52762],[132.60206,34.52752],[132.60252,34.52738],[132.60285,34.52745],[132.60313,34.52733],[132.60344,34.52711],[132.60383,34.527],[132.60406,34.52699],[132.60422,34.52699],[132.60435,34.52708],[132.60464,34.52716],[132.60495,34.52745],[132.60534,34.5278],[132.6054,34.52785],[132.60578,34.52809],[132.60603,34.52838],[132.60636,34.52871],[132.60682,34.529],[132.60724,34.52921],[132.60768,34.52953],[132.60788,34.52962],[132.60828,34.52985],[132.60863,34.52996],[132.6087,34.52999],[132.6088,34.53005],[132.60921,34.5303],[132.60951,34.53047],[132.60957,34.5305],[132.60974,34.53074],[132.60972,34.53117],[132.60972,34.53117],[132.60975,34.53144],[132.60978,34.53154],[132.60987,34.53184],[132.61007,34.53219],[132.61017,34.53257],[132.61013,34.53278],[132.61015,34.53311],[132.61022,34.53338],[132.61037,34.5336],[132.61043,34.53369],[132.61054,34.53369],[132.61072,34.53366],[132.61102,34.53365],[132.6114,34.53369],[132.61186,34.53387],[132.61231,34.5342],[132.61263,34.5345],[132.61291,34.53476],[132.61295,34.5348],[132.61323,34.5353],[132.61346,34.53568],[132.61346,34.53569],[132.61348,34.53571],[132.61376,34.53593],[132.61409,34.5361],[132.61443,34.53636],[132.61478,34.53674],[132.61483,34.53678],[132.61506,34.53699],[132.61524,34.537],[132.61551,34.53695],[132.61586,34.53689],[132.61632,34.53675],[132.61697,34.53676],[132.61742,34.53681],[132.61791,34.53677],[132.61846,34.53686],[132.61852,34.53687],[132.6194,34.53732],[132.62025,34.53788],[132.62124,34.53853],[132.62154,34.53871],[132.62211,34.5389],[132.62232,34.53845],[132.62249,34.53829],[132.62317,34.53825],[132.62371,34.53826],[132.62386,34.5383],[132.62388,34.5383],[132.62419,34.53838],[132.62437,34.53843],[132.62463,34.53852],[132.62493,34.53854],[132.62529,34.53837],[132.62598,34.53832],[132.6264,34.53827],[132.6269,34.53839],[132.62781,34.53866],[132.62868,34.53909],[132.62944,34.53959],[132.63049,34.54022],[132.63149,34.54083],[132.6317,34.54097],[132.6327,34.54173],[132.63354,34.54261],[132.63426,34.54358],[132.63444,34.5439],[132.63484,34.5444],[132.63543,34.54497],[132.63617,34.54526],[132.63705,34.54551],[132.63745,34.54563],[132.6382,34.54569],[132.63883,34.54568],[132.63902,34.5456],[132.63925,34.5452],[132.63968,34.5446],[132.64006,34.54413],[132.64039,34.54401],[132.64079,34.54391],[132.64122,34.54364],[132.6414,34.54349],[132.64152,34.54338],[132.64159,34.54333],[132.64159,34.54331],[132.64162,34.5432],[132.64171,34.54316],[132.64173,34.54315],[132.64191,34.54302],[132.64217,34.54275],[132.64247,34.54244],[132.64292,34.54214]]]}},{"type":"Feature","properties":{"name":"あさひが丘一丁目","setai":196,"jinko":519,"key":"34106960001","units":1},"geometry":{"type":"Polygon","coordinates":[[[132.44394,34.50952],[132.44411,34.5093],[132.44412,34.5093],[132.44426,34.50926],[132.44454,34.50922],[132.44469,34.50922],[132.44485,34.50924],[132.44489,34.50925],[132.44492,34.50925],[132.44493,34.50924],[132.44501,34.50919],[132.44505,34.50916],[132.44516,34.50909],[132.44524,34.50906],[132.44539,34.50902],[132.44539,34.50899],[132.44542,34.50895],[132.44586,34.50879],[132.44586,34.50879],[132.44602,34.50869],[132.44612,34.5086],[132.44641,34.50887],[132.44661,34.50857],[132.44669,34.50849],[132.44673,34.50843],[132.44675,34.50839],[132.44684,34.50834],[132.44687,34.50829],[132.44691,34.50826],[132.44698,34.50824],[132.44702,34.50822],[132.44707,34.50815],[132.44709,34.50812],[132.44711,34.50806],[132.44689,34.50802],[132.44687,34.50811],[132.44656,34.50806],[132.44641,34.50794],[132.44622,34.50789],[132.44612,34.50792],[132.4461,34.50792],[132.44608,34.50791],[132.44605,34.50787],[132.44603,34.50784],[132.44606,34.5076],[132.44602,34.50746],[132.44598,34.50742],[132.44581,34.50735],[132.446,34.50725],[132.44614,34.50723],[132.44627,34.50719],[132.44642,34.50707],[132.44637,34.50701],[132.44611,34.50661],[132.44607,34.50656],[132.44605,34.50653],[132.44604,34.50651],[132.44602,34.50647],[132.44601,34.50641],[132.44599,34.50634],[132.44598,34.50627],[132.44598,34.50622],[132.44595,34.50617],[132.44592,34.50613],[132.44585,34.50609],[132.44577,34.50607],[132.44574,34.50605],[132.44566,34.506],[132.44529,34.50572],[132.44526,34.50572],[132.44521,34.50573],[132.44515,34.50575],[132.44511,34.50577],[132.44508,34.50578],[132.44506,34.50578],[132.44505,34.50579],[132.44504,34.5058],[132.44505,34.50587],[132.44505,34.50591],[132.44504,34.50591],[132.44485,34.50592],[132.44485,34.50587],[132.44483,34.50567],[132.4448,34.50554],[132.44478,34.5055],[132.44476,34.50548],[132.44472,34.50548],[132.44465,34.50547],[132.44457,34.5055],[132.44455,34.50551],[132.44453,34.50551],[132.44446,34.50553],[132.44437,34.50558],[132.44429,34.50566],[132.44426,34.50569],[132.44423,34.50572],[132.44418,34.50577],[132.44402,34.50599],[132.44399,34.50598],[132.44366,34.50589],[132.44379,34.5056],[132.44378,34.50556],[132.44375,34.50554],[132.44371,34.50554],[132.4436,34.50555],[132.44344,34.50558],[132.44337,34.5056],[132.44331,34.50563],[132.44319,34.50565],[132.44293,34.50571],[132.44291,34.50571],[132.44277,34.50567],[132.44266,34.50563],[132.44257,34.50562],[132.44243,34.50566],[132.4424,34.5057],[132.44235,34.50574],[132.44227,34.50576],[132.44223,34.50575],[132.44221,34.50575],[132.44209,34.50586],[132.44203,34.50598],[132.44196,34.50612],[132.4417,34.50602],[132.44164,34.50603],[132.4415,34.50603],[132.4414,34.50602],[132.44135,34.506],[132.44132,34.50597],[132.4413,34.50594],[132.44128,34.5059],[132.44127,34.50586],[132.44128,34.50581],[132.4414,34.50526],[132.44139,34.50519],[132.44138,34.50517],[132.44133,34.50513],[132.4414,34.50506],[132.44132,34.50502],[132.44124,34.50497],[132.44121,34.50494],[132.44119,34.50492],[132.4412,34.50489],[132.44123,34.50481],[132.44144,34.50475],[132.44159,34.50471],[132.44187,34.50466],[132.44194,34.50464],[132.442,34.50457],[132.442,34.50453],[132.44197,34.50444],[132.44192,34.50436],[132.44158,34.50403],[132.4416,34.50397],[132.44163,34.50392],[132.44166,34.50389],[132.44173,34.50385],[132.44176,34.50384],[132.44186,34.50396],[132.44191,34.50401],[132.44196,34.50404],[132.44205,34.50409],[132.4421,34.50405],[132.44271,34.5037],[132.44283,34.50362],[132.44267,34.50348],[132.44291,34.50284],[132.44314,34.50258],[132.44314,34.50242],[132.44313,34.50234],[132.44311,34.5023],[132.44308,34.50226],[132.44302,34.50219],[132.44296,34.50215],[132.4429,34.50213],[132.44279,34.5021],[132.44265,34.5021],[132.44258,34.50206],[132.44251,34.50204],[132.44246,34.50203],[132.44244,34.50204],[132.44242,34.50201],[132.4424,34.50199],[132.44235,34.50198],[132.44239,34.50178],[132.44238,34.50162],[132.44234,34.50156],[132.44229,34.50152],[132.44229,34.50132],[132.44226,34.50127],[132.44217,34.5011],[132.44216,34.5011],[132.44214,34.50104],[132.4425,34.50091],[132.44252,34.5009],[132.44252,34.50071],[132.44252,34.50066],[132.44251,34.50062],[132.44247,34.50054],[132.44245,34.50053],[132.44226,34.50042],[132.44221,34.50041],[132.4422,34.50041],[132.44183,34.50051],[132.44177,34.50052],[132.44176,34.50052],[132.4417,34.50053],[132.44161,34.50052],[132.4415,34.50051],[132.44132,34.50057],[132.44106,34.50053],[132.44104,34.50053],[132.44094,34.50055],[132.44074,34.50063],[132.44071,34.50064],[132.44089,34.5007],[132.44084,34.50101],[132.44085,34.50104],[132.44087,34.50107],[132.44103,34.50124],[132.44173,34.50168],[132.44181,34.5017],[132.44185,34.50202],[132.44194,34.5025],[132.44197,34.50276],[132.44198,34.50288],[132.44197,34.50299],[132.44194,34.50308],[132.44191,34.50314],[132.44186,34.50319],[132.44177,34.50326],[132.4415,34.50343],[132.44091,34.5038],[132.44047,34.50408],[132.43999,34.50456],[132.43962,34.50489],[132.43995,34.50514],[132.44025,34.50536],[132.44056,34.50558],[132.44087,34.50581],[132.4411,34.50598],[132.44114,34.50609],[132.44127,34.50646],[132.44131,34.50674],[132.44114,34.50679],[132.44112,34.50679],[132.44098,34.50677],[132.44098,34.50684],[132.44092,34.50751],[132.44092,34.50753],[132.44095,34.50752],[132.44109,34.50745],[132.44143,34.50733],[132.44162,34.5076],[132.44111,34.50783],[132.44101,34.50787],[132.44105,34.50803],[132.4411,34.50803],[132.44204,34.50797],[132.44205,34.5082],[132.44178,34.50841],[132.4417,34.50847],[132.44168,34.5085],[132.44167,34.50855],[132.44168,34.50861],[132.4417,34.50865],[132.44176,34.50866],[132.44188,34.50867],[132.44262,34.50867],[132.44267,34.50869],[132.44274,34.50872],[132.44289,34.50888],[132.44286,34.50924],[132.44311,34.50956],[132.4433,34.50947],[132.44347,34.50942],[132.44349,34.50942],[132.44351,34.50942],[132.44356,34.50943],[132.44359,34.50944],[132.4436,34.50946],[132.44361,34.50948],[132.44356,34.50965],[132.44356,34.50967],[132.44359,34.50974],[132.44362,34.50975],[132.4438,34.50975],[132.44385,34.50959],[132.44394,34.50952]]]}},{"type":"Feature","properties":{"name":"あさひが丘二丁目","setai":242,"jinko":572,"key":"34106960002","units":1},"geometry":{"type":"Polygon","coordinates":[[[132.43994,34.50042],[132.43914,34.50042],[132.43918,34.50065],[132.4392,34.50079],[132.43927,34.50118],[132.4395,34.50158],[132.43927,34.50181],[132.439,34.50208],[132.43791,34.50315],[132.43768,34.50338],[132.43763,34.50343],[132.43797,34.50368],[132.43797,34.50368],[132.43921,34.5046],[132.43925,34.50463],[132.43962,34.50489],[132.43999,34.50456],[132.44047,34.50408],[132.44091,34.5038],[132.4415,34.50343],[132.44177,34.50326],[132.44186,34.50319],[132.44191,34.50314],[132.44194,34.50308],[132.44197,34.50299],[132.44198,34.50288],[132.44197,34.50276],[132.44194,34.5025],[132.44185,34.50202],[132.44181,34.5017],[132.44173,34.50168],[132.44103,34.50124],[132.44087,34.50107],[132.44085,34.50104],[132.44084,34.50101],[132.44089,34.5007],[132.44071,34.50064],[132.44068,34.50064],[132.44008,34.50056],[132.43994,34.50042]]]}},{"type":"Feature","properties":{"name":"あさひが丘三丁目","setai":307,"jinko":764,"key":"34106960003","units":1},"geometry":{"type":"Polygon","coordinates":[[[132.43786,34.50651],[132.43845,34.50598],[132.43883,34.50563],[132.43962,34.50489],[132.43925,34.50463],[132.43921,34.5046],[132.43797,34.50368],[132.43797,34.50368],[132.43763,34.50343],[132.43763,34.50343],[132.4376,34.50338],[132.43759,34.50333],[132.43759,34.50328],[132.43762,34.50318],[132.43754,34.50327],[132.43748,34.50335],[132.43741,34.50343],[132.43734,34.50352],[132.43728,34.5036],[132.43724,34.50365],[132.4372,34.50369],[132.43715,34.50377],[132.43711,34.50382],[132.43708,34.50387],[132.43705,34.50395],[132.43702,34.50399],[132.43676,34.50423],[132.43668,34.5043],[132.4356,34.5053],[132.43535,34.50554],[132.43536,34.50559],[132.43505,34.50537],[132.43405,34.50465],[132.43374,34.50441],[132.43261,34.50545],[132.4326,34.50546],[132.43256,34.5055],[132.43289,34.50575],[132.43289,34.50575],[132.4332,34.50598],[132.43352,34.50621],[132.43353,34.50622],[132.43389,34.50648],[132.43393,34.50644],[132.434,34.50648],[132.43413,34.50656],[132.43429,34.50657],[132.43455,34.50661],[132.43471,34.50671],[132.43458,34.50781],[132.43466,34.50787],[132.43483,34.50792],[132.43497,34.50794],[132.43541,34.50798],[132.43581,34.50801],[132.43625,34.50805],[132.43673,34.5081],[132.43678,34.50779],[132.43683,34.50758],[132.43683,34.50755],[132.43694,34.50738],[132.43707,34.50724],[132.43731,34.50701],[132.43786,34.50651]]]}},{"type":"Feature","properties":{"name":"あさひが丘四丁目","setai":166,"jinko":411,"key":"34106960004","units":1},"geometry":{"type":"Polygon","coordinates":[[[132.43754,34.50327],[132.43762,34.50318],[132.43759,34.50328],[132.43759,34.50333],[132.4376,34.50338],[132.43763,34.50343],[132.43763,34.50343],[132.43768,34.50338],[132.43791,34.50315],[132.439,34.50208],[132.43927,34.50181],[132.4395,34.50158],[132.43927,34.50118],[132.4392,34.50079],[132.43918,34.50065],[132.43914,34.50042],[132.43794,34.50043],[132.43696,34.50067],[132.43703,34.50129],[132.43629,34.50201],[132.43627,34.50202],[132.43562,34.50264],[132.43515,34.50307],[132.43489,34.50332],[132.43453,34.50368],[132.43428,34.50389],[132.43403,34.50412],[132.43374,34.50441],[132.43405,34.50465],[132.43505,34.50537],[132.43536,34.50559],[132.43535,34.50554],[132.4356,34.5053],[132.43668,34.5043],[132.43676,34.50423],[132.43702,34.50399],[132.43705,34.50395],[132.43708,34.50387],[132.43711,34.50382],[132.43715,34.50377],[132.4372,34.50369],[132.43724,34.50365],[132.43728,34.5036],[132.43734,34.50352],[132.43741,34.50343],[132.43748,34.50335],[132.43754,34.50327]]]}},{"type":"Feature","properties":{"name":"あさひが丘五丁目","setai":411,"jinko":891,"key":"34106960005","units":1},"geometry":{"type":"Polygon","coordinates":[[[132.43261,34.50545],[132.43374,34.50441],[132.43403,34.50412],[132.43428,34.50389],[132.43453,34.50368],[132.43489,34.50332],[132.43515,34.50307],[132.43562,34.50264],[132.43627,34.50202],[132.43629,34.50201],[132.43703,34.50129],[132.43696,34.50067],[132.43657,34.5005],[132.43644,34.50044],[132.43618,34.50045],[132.43556,34.50048],[132.43545,34.50005],[132.43542,34.4999],[132.43538,34.49989],[132.43533,34.49986],[132.43528,34.49983],[132.43518,34.49974],[132.43512,34.49971],[132.43507,34.4997],[132.43502,34.4997],[132.435,34.49971],[132.43497,34.49974],[132.43495,34.49977],[132.43493,34.49985],[132.43489,34.5],[132.43487,34.50008],[132.43482,34.50015],[132.43466,34.50039],[132.43461,34.5004],[132.43437,34.50032],[132.43433,34.50032],[132.43429,34.50034],[132.43427,34.50036],[132.43426,34.50039],[132.43426,34.50041],[132.43426,34.50045],[132.43427,34.50049],[132.43432,34.50062],[132.43431,34.50061],[132.43437,34.50074],[132.43439,34.50078],[132.43441,34.50083],[132.43441,34.50085],[132.43441,34.50088],[132.4344,34.50091],[132.43439,34.50093],[132.43437,34.50095],[132.43436,34.50097],[132.43434,34.50098],[132.43432,34.501],[132.4343,34.50101],[132.43425,34.50102],[132.4342,34.50102],[132.43404,34.50101],[132.43398,34.501],[132.43397,34.50101],[132.43395,34.50101],[132.43393,34.50103],[132.43392,34.50105],[132.43392,34.50107],[132.4339,34.50116],[132.43389,34.5012],[132.43388,34.50122],[132.43387,34.50123],[132.43385,34.50125],[132.43365,34.50126],[132.4336,34.50126],[132.43353,34.50125],[132.43351,34.50125],[132.43347,34.50126],[132.43344,34.5013],[132.43343,34.50135],[132.43343,34.50137],[132.43343,34.5014],[132.43349,34.50153],[132.43349,34.50156],[132.43349,34.50159],[132.43348,34.50161],[132.43345,34.50163],[132.43342,34.50165],[132.43337,34.50166],[132.43324,34.50167],[132.43318,34.50168],[132.43313,34.5017],[132.43311,34.50173],[132.43308,34.50181],[132.43304,34.5019],[132.43302,34.50192],[132.43299,34.50193],[132.43287,34.50193],[132.4328,34.50192],[132.43277,34.50191],[132.4327,34.50188],[132.4325,34.50169],[132.43242,34.5016],[132.4324,34.50158],[132.43237,34.50156],[132.43235,34.50156],[132.43234,34.50157],[132.43233,34.50158],[132.4323,34.50165],[132.4323,34.50167],[132.43229,34.50169],[132.43227,34.50171],[132.43222,34.50175],[132.43217,34.50181],[132.43215,34.50182],[132.43213,34.50183],[132.43213,34.50183],[132.43212,34.50189],[132.43214,34.50205],[132.43216,34.50221],[132.43215,34.50227],[132.43198,34.50264],[132.43189,34.50284],[132.43102,34.50337],[132.4307,34.50356],[132.43061,34.50365],[132.43057,34.5037],[132.4308,34.50397],[132.43088,34.50412],[132.43094,34.50423],[132.43103,34.50434],[132.43114,34.50445],[132.43151,34.50473],[132.43191,34.50503],[132.43192,34.50503],[132.43222,34.50525],[132.43256,34.5055],[132.4326,34.50546],[132.43261,34.50545]]]}},{"type":"Feature","properties":{"name":"あさひが丘六丁目","setai":555,"jinko":1341,"key":"34106960006","units":1},"geometry":{"type":"Polygon","coordinates":[[[132.43653,34.50951],[132.43665,34.50866],[132.43673,34.5081],[132.43625,34.50805],[132.43581,34.50801],[132.43541,34.50798],[132.43497,34.50794],[132.43483,34.50792],[132.43466,34.50787],[132.43458,34.50781],[132.43471,34.50671],[132.43455,34.50661],[132.43429,34.50657],[132.43413,34.50656],[132.434,34.50648],[132.43393,34.50644],[132.43389,34.50648],[132.43353,34.50622],[132.43352,34.50621],[132.4332,34.50598],[132.43289,34.50575],[132.43289,34.50575],[132.43256,34.5055],[132.43222,34.50525],[132.43192,34.50503],[132.43191,34.50503],[132.43151,34.50473],[132.43114,34.50445],[132.43103,34.50434],[132.43094,34.50423],[132.43088,34.50412],[132.4308,34.50397],[132.43057,34.5037],[132.43043,34.5038],[132.43015,34.50391],[132.4297,34.50411],[132.42978,34.50432],[132.42983,34.5044],[132.43005,34.50465],[132.42999,34.5058],[132.42999,34.5058],[132.42998,34.50582],[132.42995,34.50588],[132.42993,34.50593],[132.42988,34.50608],[132.42981,34.50621],[132.42976,34.5063],[132.42969,34.5064],[132.42962,34.50647],[132.42959,34.50651],[132.42953,34.50658],[132.42944,34.50681],[132.42944,34.50683],[132.4294,34.50694],[132.42937,34.50739],[132.42937,34.50746],[132.4291,34.50868],[132.42923,34.50877],[132.42952,34.50897],[132.42996,34.50887],[132.43001,34.50891],[132.43008,34.50893],[132.43027,34.50894],[132.43053,34.50897],[132.43078,34.50899],[132.43128,34.50904],[132.43181,34.50909],[132.43223,34.50911],[132.43392,34.50926],[132.43436,34.5093],[132.43604,34.50947],[132.43653,34.50951]]]}},{"type":"Feature","properties":{"name":"あさひが丘七丁目","setai":172,"jinko":437,"key":"34106960007","units":1},"geometry":{"type":"Polygon","coordinates":[[[132.44056,34.50785],[132.44065,34.5077],[132.44057,34.50767],[132.44053,34.50772],[132.44047,34.5077],[132.44058,34.5075],[132.44045,34.50746],[132.44049,34.50738],[132.44075,34.50748],[132.44075,34.50737],[132.44071,34.50716],[132.44098,34.50684],[132.44098,34.50677],[132.44112,34.50679],[132.44114,34.50679],[132.44131,34.50674],[132.44127,34.50646],[132.44114,34.50609],[132.4411,34.50598],[132.44087,34.50581],[132.44056,34.50558],[132.44025,34.50536],[132.43995,34.50514],[132.43962,34.50489],[132.43883,34.50563],[132.43845,34.50598],[132.43786,34.50651],[132.43731,34.50701],[132.43707,34.50724],[132.43694,34.50738],[132.43683,34.50755],[132.43683,34.50758],[132.43678,34.50779],[132.43673,34.5081],[132.43665,34.50866],[132.43653,34.50951],[132.43659,34.50951],[132.43701,34.50955],[132.43741,34.5096],[132.43747,34.5096],[132.43784,34.50963],[132.43819,34.50967],[132.43854,34.5097],[132.4389,34.50974],[132.43926,34.50976],[132.43971,34.50979],[132.43971,34.5098],[132.4398,34.50984],[132.44013,34.50999],[132.44032,34.51005],[132.44039,34.51006],[132.44133,34.51018],[132.44132,34.50996],[132.44123,34.50965],[132.4405,34.50946],[132.44055,34.50922],[132.44054,34.50919],[132.44053,34.50916],[132.4405,34.50912],[132.44045,34.50904],[132.44035,34.50885],[132.44033,34.5088],[132.4403,34.50875],[132.44026,34.5087],[132.4402,34.50864],[132.44018,34.50851],[132.44022,34.50846],[132.44022,34.50846],[132.44022,34.50845],[132.44027,34.50839],[132.44042,34.50807],[132.44048,34.50786],[132.44056,34.50785]]]}},{"type":"Feature","properties":{"name":"あさひが丘八丁目","setai":190,"jinko":457,"key":"34106960008","units":1},"geometry":{"type":"Polygon","coordinates":[[[132.43869,34.51381],[132.43873,34.51363],[132.43865,34.51342],[132.43863,34.51338],[132.43855,34.51318],[132.43856,34.51314],[132.43858,34.5131],[132.43861,34.51306],[132.43862,34.51307],[132.43863,34.51305],[132.4387,34.51299],[132.43872,34.51295],[132.43869,34.51292],[132.43861,34.51283],[132.4381,34.51225],[132.43831,34.51213],[132.43833,34.5121],[132.43834,34.51208],[132.43838,34.51192],[132.43841,34.5119],[132.4385,34.51189],[132.43856,34.51187],[132.43857,34.51187],[132.43889,34.51179],[132.4394,34.51165],[132.43958,34.51178],[132.43962,34.51175],[132.43966,34.51171],[132.43968,34.51167],[132.43967,34.51166],[132.43951,34.51149],[132.43947,34.51137],[132.43944,34.51133],[132.43953,34.51125],[132.43964,34.51128],[132.43972,34.5111],[132.44003,34.51091],[132.44056,34.51059],[132.44037,34.51016],[132.44032,34.51005],[132.44013,34.50999],[132.4398,34.50984],[132.43971,34.5098],[132.43971,34.50979],[132.43926,34.50976],[132.4389,34.50974],[132.43854,34.5097],[132.43819,34.50967],[132.43784,34.50963],[132.43747,34.5096],[132.43741,34.5096],[132.43701,34.50955],[132.43659,34.50951],[132.43653,34.50951],[132.43652,34.50986],[132.43651,34.50994],[132.43659,34.51031],[132.4366,34.51038],[132.43669,34.51084],[132.43675,34.5112],[132.43674,34.51132],[132.43673,34.51137],[132.43672,34.51141],[132.43668,34.51147],[132.43664,34.51152],[132.43651,34.51162],[132.43645,34.51166],[132.43642,34.51167],[132.43633,34.5117],[132.43624,34.51171],[132.43607,34.51171],[132.43596,34.51169],[132.43582,34.51165],[132.43567,34.51156],[132.43552,34.51146],[132.43534,34.51134],[132.43523,34.5113],[132.43514,34.51128],[132.43504,34.51128],[132.43492,34.51128],[132.43476,34.51132],[132.43465,34.51137],[132.43456,34.51143],[132.43448,34.51151],[132.43424,34.51191],[132.4342,34.51195],[132.43411,34.51202],[132.43404,34.51206],[132.43395,34.51209],[132.43325,34.51222],[132.43293,34.51228],[132.43281,34.51231],[132.43276,34.51234],[132.43276,34.51235],[132.43276,34.51238],[132.43275,34.51248],[132.43279,34.51267],[132.43282,34.51263],[132.4329,34.51263],[132.43294,34.51256],[132.43297,34.51252],[132.43301,34.51249],[132.43305,34.51247],[132.43313,34.51244],[132.43322,34.51248],[132.43316,34.51264],[132.43315,34.51268],[132.43341,34.5125],[132.43343,34.51247],[132.43346,34.51242],[132.43348,34.51238],[132.43351,34.51234],[132.43353,34.51233],[132.43375,34.51228],[132.43383,34.51226],[132.43384,34.51231],[132.43385,34.51233],[132.43387,34.51234],[132.43389,34.51234],[132.43392,34.51252],[132.43392,34.51254],[132.43394,34.51256],[132.43396,34.51258],[132.43427,34.51263],[132.43432,34.51263],[132.43434,34.51262],[132.43444,34.51258],[132.43447,34.51261],[132.4345,34.51262],[132.43509,34.51272],[132.43511,34.51272],[132.43588,34.51257],[132.43591,34.51259],[132.43591,34.51259],[132.43602,34.51267],[132.43616,34.51272],[132.4363,34.51275],[132.43638,34.51277],[132.437,34.51294],[132.43694,34.51306],[132.43681,34.51339],[132.43695,34.51356],[132.43714,34.51367],[132.43746,34.51383],[132.43764,34.51376],[132.43779,34.51372],[132.43802,34.51368],[132.43803,34.51371],[132.43814,34.51372],[132.43819,34.51373],[132.43822,34.51374],[132.43827,34.51377],[132.43829,34.51381],[132.43831,34.51384],[132.43834,34.51389],[132.43837,34.51396],[132.43841,34.51397],[132.43847,34.514],[132.43851,34.514],[132.43857,34.51397],[132.43859,34.51395],[132.43864,34.5139],[132.43866,34.51386],[132.43868,34.51383],[132.43869,34.51381]]]}},{"type":"Feature","properties":{"name":"あさひが丘九丁目","setai":319,"jinko":795,"key":"34106960009","units":1},"geometry":{"type":"Polygon","coordinates":[[[132.43281,34.51231],[132.43293,34.51228],[132.43325,34.51222],[132.43395,34.51209],[132.43404,34.51206],[132.43411,34.51202],[132.4342,34.51195],[132.43424,34.51191],[132.43448,34.51151],[132.43456,34.51143],[132.43465,34.51137],[132.43476,34.51132],[132.43492,34.51128],[132.43504,34.51128],[132.43514,34.51128],[132.43523,34.5113],[132.43534,34.51134],[132.43552,34.51146],[132.43567,34.51156],[132.43582,34.51165],[132.43596,34.51169],[132.43607,34.51171],[132.43624,34.51171],[132.43633,34.5117],[132.43642,34.51167],[132.43645,34.51166],[132.43651,34.51162],[132.43664,34.51152],[132.43668,34.51147],[132.43672,34.51141],[132.43673,34.51137],[132.43674,34.51132],[132.43675,34.5112],[132.43669,34.51084],[132.4366,34.51038],[132.43659,34.51031],[132.43651,34.50994],[132.43652,34.50986],[132.43653,34.50951],[132.43604,34.50947],[132.43436,34.5093],[132.43392,34.50926],[132.43223,34.50911],[132.43181,34.50909],[132.43128,34.50904],[132.43078,34.50899],[132.43053,34.50897],[132.43027,34.50894],[132.43008,34.50893],[132.43001,34.50891],[132.42996,34.50887],[132.42952,34.50897],[132.43048,34.50993],[132.43023,34.51043],[132.43056,34.51082],[132.43056,34.51082],[132.43057,34.51085],[132.43051,34.51107],[132.43071,34.51119],[132.43084,34.51127],[132.43112,34.51163],[132.43115,34.51168],[132.43129,34.51193],[132.4314,34.51201],[132.43188,34.51237],[132.43233,34.51228],[132.4324,34.51232],[132.43263,34.51244],[132.43265,34.51245],[132.43271,34.51238],[132.43276,34.51235],[132.43276,34.51234],[132.43281,34.51231]]]}},{"type":"Feature","properties":{"name":"安佐町大字動物園","setai":0,"jinko":0,"key":"341069610","units":1},"geometry":{"type":"Polygon","coordinates":[[[132.44322,34.49983],[132.4434,34.49957],[132.44362,34.49914],[132.44379,34.49843],[132.44368,34.49777],[132.44336,34.49715],[132.44297,34.4964],[132.4426,34.49598],[132.44217,34.49573],[132.44203,34.49582],[132.44188,34.49585],[132.44184,34.49586],[132.44165,34.49586],[132.44153,34.49581],[132.44142,34.49577],[132.44131,34.49565],[132.44123,34.49558],[132.44122,34.49558],[132.44075,34.49548],[132.44063,34.49551],[132.44034,34.49562],[132.44002,34.49576],[132.44022,34.49591],[132.44022,34.49608],[132.43994,34.49624],[132.43986,34.49639],[132.43993,34.4965],[132.44003,34.49665],[132.43993,34.49671],[132.43956,34.49688],[132.43933,34.4971],[132.43944,34.49744],[132.43962,34.49776],[132.43958,34.49804],[132.43975,34.4983],[132.44004,34.49853],[132.43984,34.49876],[132.43952,34.4989],[132.43943,34.49912],[132.43956,34.49935],[132.43986,34.49941],[132.44045,34.49945],[132.44085,34.49956],[132.44111,34.49959],[132.44144,34.49933],[132.44168,34.49929],[132.4418,34.49966],[132.44192,34.49988],[132.44232,34.49992],[132.44279,34.49985],[132.44322,34.49983]]]}},{"type":"Feature","properties":{"name":"安佐町大字くすの木台","setai":885,"jinko":2018,"key":"341069630","units":1},"geometry":{"type":"Polygon","coordinates":[[[132.39181,34.50574],[132.3933,34.50524],[132.39348,34.50518],[132.39358,34.50515],[132.39363,34.50512],[132.39368,34.50508],[132.39373,34.505],[132.39381,34.50484],[132.3939,34.50471],[132.39411,34.50445],[132.39431,34.50423],[132.39463,34.50394],[132.3949,34.50364],[132.39491,34.50362],[132.39501,34.50343],[132.39504,34.50334],[132.39508,34.50321],[132.3951,34.50316],[132.39518,34.503],[132.39522,34.50294],[132.39541,34.50263],[132.39581,34.50178],[132.3959,34.50156],[132.39599,34.5012],[132.3959,34.5012],[132.39582,34.5012],[132.3958,34.50112],[132.39592,34.50109],[132.396,34.501],[132.39605,34.50089],[132.39614,34.50054],[132.39619,34.50037],[132.39634,34.5],[132.39652,34.49951],[132.39654,34.49939],[132.39654,34.49934],[132.39652,34.49927],[132.39645,34.49923],[132.39636,34.49918],[132.3963,34.49914],[132.39622,34.49911],[132.39612,34.49909],[132.39612,34.49892],[132.39634,34.49885],[132.39638,34.49885],[132.39648,34.49883],[132.39653,34.49857],[132.39655,34.49842],[132.3966,34.49834],[132.39652,34.49804],[132.39646,34.49804],[132.39634,34.49807],[132.3962,34.49818],[132.39607,34.49825],[132.39596,34.49823],[132.39582,34.49807],[132.39571,34.49814],[132.39569,34.49813],[132.39563,34.49807],[132.39555,34.49804],[132.39547,34.49803],[132.39517,34.49803],[132.39465,34.49796],[132.39419,34.49791],[132.39404,34.49789],[132.39364,34.49779],[132.39363,34.49779],[132.39357,34.49782],[132.39337,34.49789],[132.39325,34.49792],[132.39313,34.49796],[132.39301,34.49801],[132.39288,34.49806],[132.39283,34.49813],[132.3928,34.49821],[132.39279,34.49829],[132.39284,34.49847],[132.39284,34.49863],[132.39261,34.49886],[132.39258,34.49888],[132.39238,34.49902],[132.39229,34.49908],[132.39218,34.49914],[132.39212,34.49915],[132.39205,34.49915],[132.39198,34.49912],[132.3919,34.49908],[132.39186,34.49905],[132.39182,34.49902],[132.39177,34.49901],[132.39172,34.49902],[132.39169,34.49905],[132.39168,34.49908],[132.39168,34.49917],[132.39171,34.49928],[132.39169,34.49931],[132.39158,34.49938],[132.39139,34.4994],[132.39123,34.49949],[132.39114,34.49959],[132.39112,34.49965],[132.3911,34.49968],[132.39098,34.49967],[132.39092,34.49968],[132.39088,34.4997],[132.39085,34.49974],[132.39084,34.49978],[132.39085,34.49982],[132.39092,34.49995],[132.39089,34.50008],[132.39085,34.50027],[132.39081,34.50041],[132.39073,34.50053],[132.39052,34.50059],[132.39034,34.5006],[132.39016,34.50062],[132.39015,34.50062],[132.39014,34.50072],[132.3901,34.50072],[132.39002,34.5007],[132.3899,34.50063],[132.3895,34.50039],[132.38929,34.50027],[132.38914,34.50024],[132.38899,34.50025],[132.38884,34.50028],[132.38872,34.50031],[132.38864,34.50032],[132.38854,34.5003],[132.38842,34.50025],[132.38829,34.50017],[132.3882,34.50012],[132.38814,34.50009],[132.38807,34.50007],[132.38798,34.50007],[132.38789,34.50021],[132.38784,34.50024],[132.38776,34.50026],[132.38768,34.50032],[132.38762,34.5004],[132.38759,34.50042],[132.38757,34.50046],[132.38756,34.50052],[132.38758,34.50058],[132.38762,34.50068],[132.38765,34.50073],[132.38775,34.50085],[132.38782,34.50094],[132.38785,34.50102],[132.38786,34.50109],[132.38786,34.50118],[132.38784,34.50129],[132.38784,34.50138],[132.38787,34.50143],[132.38789,34.50145],[132.38796,34.50148],[132.38801,34.5015],[132.38806,34.50154],[132.38811,34.50156],[132.38819,34.50156],[132.38826,34.50156],[132.3883,34.50154],[132.38832,34.50154],[132.38839,34.50152],[132.38842,34.50151],[132.38845,34.50151],[132.3885,34.5015],[132.3885,34.5015],[132.38856,34.50149],[132.38862,34.50149],[132.38867,34.50148],[132.38869,34.50148],[132.38866,34.50155],[132.38869,34.50158],[132.38869,34.50159],[132.38868,34.50161],[132.38861,34.50177],[132.3886,34.5018],[132.38871,34.5019],[132.38892,34.50195],[132.38899,34.50221],[132.38901,34.50229],[132.38898,34.50238],[132.38892,34.50247],[132.38892,34.50248],[132.38891,34.50251],[132.38888,34.50256],[132.38882,34.50265],[132.3888,34.50269],[132.38878,34.50272],[132.38878,34.50273],[132.38881,34.50278],[132.38883,34.50281],[132.3889,34.50291],[132.38897,34.50302],[132.38898,34.50302],[132.389,34.50302],[132.38905,34.50304],[132.3891,34.50305],[132.38912,34.50305],[132.38913,34.50307],[132.38913,34.50308],[132.3892,34.50317],[132.38922,34.50327],[132.38938,34.50333],[132.38939,34.50333],[132.38957,34.50328],[132.38993,34.50323],[132.39003,34.50344],[132.39007,34.50357],[132.39011,34.50374],[132.39022,34.50394],[132.39027,34.50414],[132.39003,34.50422],[132.38969,34.50443],[132.38971,34.50445],[132.38977,34.50452],[132.3897,34.50456],[132.38969,34.50457],[132.3897,34.50457],[132.38989,34.5047],[132.38986,34.50499],[132.39008,34.50495],[132.39013,34.50494],[132.39037,34.50479],[132.3906,34.50483],[132.39067,34.505],[132.39063,34.50511],[132.3906,34.50536],[132.39057,34.50549],[132.39055,34.50556],[132.39079,34.50562],[132.39097,34.50562],[132.39102,34.5056],[132.39109,34.50562],[132.39122,34.50561],[132.39136,34.50568],[132.39148,34.50572],[132.39164,34.50576],[132.39171,34.50575],[132.39181,34.50574]]]}}]}