{"type":"FeatureCollection","features":[{"type":"Feature","properties":{"name":"八幡字里之前","setai":2839,"jinko":6815,"key":"23224001001","units":1},"geometry":{"type":"MultiPolygon","coordinates":[[[[136.87819,35.00412],[136.87821,35.00411],[136.87832,35.0042],[136.87844,35.00424],[136.87861,35.00429],[136.87878,35.0043],[136.87889,35.00431],[136.8791,35.00424],[136.87938,35.00412],[136.87952,35.00435],[136.87984,35.0042],[136.87986,35.00425],[136.88026,35.00404],[136.88037,35.00399],[136.88046,35.00394],[136.88052,35.00391],[136.88027,35.00361],[136.88031,35.00359],[136.88046,35.0035],[136.88047,35.00347],[136.88051,35.00331],[136.88056,35.00327],[136.88059,35.00324],[136.88037,35.00311],[136.88047,35.003],[136.88057,35.00279],[136.88059,35.00276],[136.88066,35.00278],[136.88069,35.00275],[136.88084,35.00252],[136.88093,35.00242],[136.88089,35.0024],[136.8799,35.00173],[136.88003,35.00157],[136.87974,35.00141],[136.87971,35.00139],[136.87983,35.00122],[136.87973,35.00112],[136.87968,35.00109],[136.87959,35.00107],[136.87979,35.00055],[136.87974,35.00053],[136.87967,35.00049],[136.87985,35.00017],[136.87992,34.9999],[136.87973,34.99983],[136.87934,35.00031],[136.87894,35.00012],[136.87904,35.00001],[136.87885,34.9999],[136.87879,34.99995],[136.87868,34.99989],[136.87845,35.00009],[136.87819,34.99985],[136.87802,34.99968],[136.87792,34.99955],[136.87786,34.99939],[136.87773,34.99907],[136.87734,34.99923],[136.87707,34.99891],[136.8769,34.99905],[136.87671,34.99896],[136.87678,34.99882],[136.87686,34.99867],[136.87677,34.99855],[136.87664,34.99848],[136.87688,34.99794],[136.87699,34.99768],[136.87664,34.99695],[136.87655,34.99675],[136.87657,34.99647],[136.87658,34.99564],[136.87657,34.99492],[136.87655,34.99369],[136.87624,34.99401],[136.87606,34.99388],[136.87615,34.99379],[136.87594,34.99365],[136.87574,34.99387],[136.87555,34.99379],[136.87533,34.99412],[136.87484,34.99352],[136.87483,34.99343],[136.87478,34.99334],[136.87468,34.99328],[136.87445,34.9932],[136.87431,34.99308],[136.87408,34.99251],[136.87384,34.99253],[136.87349,34.99206],[136.87347,34.99186],[136.87329,34.99181],[136.87313,34.99172],[136.87254,34.99217],[136.87242,34.99223],[136.87225,34.99232],[136.87216,34.99232],[136.87215,34.99197],[136.87061,34.99198],[136.87011,34.99266],[136.87004,34.99273],[136.86994,34.99282],[136.86993,34.99287],[136.86995,34.99293],[136.86999,34.99303],[136.87005,34.99314],[136.87011,34.99323],[136.8701,34.99329],[136.87008,34.99337],[136.87006,34.99344],[136.87009,34.99352],[136.87019,34.99378],[136.87022,34.99389],[136.8702,34.99401],[136.87013,34.99419],[136.87006,34.99441],[136.86995,34.99467],[136.86996,34.99474],[136.87002,34.99483],[136.87007,34.9949],[136.87002,34.99504],[136.86998,34.99513],[136.86997,34.99525],[136.86998,34.99536],[136.87001,34.99555],[136.87002,34.99567],[136.87001,34.99577],[136.87004,34.99578],[136.86993,34.99581],[136.8698,34.99589],[136.86946,34.9956],[136.8693,34.99552],[136.86923,34.99536],[136.8692,34.99535],[136.86885,34.99541],[136.86874,34.99543],[136.86858,34.9954],[136.86835,34.99544],[136.86833,34.99543],[136.86821,34.99529],[136.86814,34.99515],[136.86798,34.99504],[136.86788,34.99484],[136.86784,34.99479],[136.86785,34.99475],[136.86785,34.99471],[136.86783,34.99467],[136.86772,34.99477],[136.86762,34.99472],[136.86752,34.99474],[136.86743,34.99481],[136.86739,34.99487],[136.86735,34.995],[136.86724,34.99514],[136.86712,34.99525],[136.86703,34.9952],[136.86693,34.99528],[136.86689,34.99531],[136.86679,34.99522],[136.86655,34.99544],[136.86547,34.99463],[136.86502,34.99511],[136.86531,34.99528],[136.86538,34.99534],[136.86653,34.99646],[136.86678,34.99674],[136.86783,34.99782],[136.8684,34.99837],[136.86863,34.99857],[136.86916,34.99919],[136.86975,34.99967],[136.8699,34.99981],[136.87011,35.00003],[136.87064,35.00077],[136.87086,35.001],[136.87107,35.00126],[136.87119,35.00145],[136.87138,35.00183],[136.87148,35.00196],[136.87162,35.00217],[136.87166,35.00222],[136.87179,35.00228],[136.87191,35.00229],[136.872,35.00227],[136.87208,35.00223],[136.8722,35.0024],[136.87183,35.00263],[136.8719,35.00271],[136.87226,35.00309],[136.87018,35.00416],[136.86986,35.00434],[136.86861,35.00525],[136.87077,35.00789],[136.87138,35.00757],[136.87298,35.00704],[136.87385,35.00675],[136.87479,35.00644],[136.87511,35.00634],[136.87538,35.00624],[136.87552,35.00619],[136.87555,35.00618],[136.87557,35.00618],[136.87561,35.00616],[136.87562,35.00614],[136.87563,35.0061],[136.87586,35.00592],[136.87603,35.00576],[136.87623,35.0056],[136.87637,35.00549],[136.8765,35.00533],[136.87656,35.00525],[136.8766,35.0052],[136.87665,35.00517],[136.87671,35.00512],[136.87683,35.00505],[136.87693,35.00497],[136.87708,35.00484],[136.87708,35.00483],[136.87725,35.00473],[136.87738,35.00463],[136.87764,35.00445],[136.87788,35.0043],[136.87805,35.00422],[136.87819,35.00412]]],[[[136.87919,34.99853],[136.87954,34.99823],[136.87959,34.99825],[136.87965,34.99823],[136.8797,34.99819],[136.8797,34.99814],[136.87966,34.99806],[136.87961,34.99796],[136.88017,34.9976],[136.88023,34.99763],[136.88066,34.99731],[136.8809,34.99723],[136.88109,34.99718],[136.88138,34.9971],[136.88182,34.99713],[136.88192,34.99714],[136.88206,34.99712],[136.88216,34.99711],[136.88219,34.99659],[136.88267,34.99691],[136.8827,34.99682],[136.88274,34.9967],[136.88281,34.99657],[136.88287,34.9965],[136.88299,34.99642],[136.88306,34.99637],[136.88296,34.99631],[136.88291,34.99628],[136.88292,34.99614],[136.88288,34.9961],[136.88286,34.99581],[136.88283,34.99562],[136.8828,34.99552],[136.8827,34.9953],[136.8826,34.99515],[136.88268,34.99502],[136.88273,34.99499],[136.88281,34.99495],[136.88258,34.99451],[136.88261,34.99422],[136.8827,34.99418],[136.88288,34.99418],[136.8831,34.99383],[136.88309,34.99346],[136.88321,34.99326],[136.88188,34.99282],[136.88189,34.99154],[136.88194,34.99148],[136.88198,34.99142],[136.88206,34.99131],[136.88184,34.99117],[136.88177,34.99111],[136.88171,34.99108],[136.88172,34.99099],[136.88173,34.99048],[136.88218,34.99002],[136.88228,34.98985],[136.88221,34.98958],[136.88248,34.9894],[136.88247,34.98933],[136.88245,34.98921],[136.88242,34.98907],[136.88269,34.9888],[136.88272,34.98855],[136.8834,34.98839],[136.88341,34.98806],[136.88362,34.98795],[136.88363,34.98768],[136.88386,34.9875],[136.88355,34.98725],[136.88397,34.98688],[136.88417,34.98668],[136.88433,34.98648],[136.88441,34.98639],[136.88455,34.98622],[136.88436,34.98618],[136.88449,34.98607],[136.88398,34.98564],[136.88381,34.98575],[136.88371,34.98582],[136.88365,34.98588],[136.88355,34.9859],[136.88348,34.98593],[136.88338,34.98595],[136.88324,34.98591],[136.88316,34.98591],[136.88308,34.98592],[136.88298,34.98597],[136.88291,34.98594],[136.88283,34.98596],[136.88274,34.98596],[136.88271,34.98594],[136.88227,34.9859],[136.88228,34.98573],[136.88231,34.98545],[136.88231,34.98543],[136.88225,34.98538],[136.88224,34.98537],[136.88222,34.98536],[136.88215,34.98536],[136.88206,34.98536],[136.882,34.98537],[136.88199,34.98537],[136.88197,34.98538],[136.88195,34.98541],[136.88192,34.9855],[136.88184,34.98562],[136.88168,34.98582],[136.88154,34.98595],[136.88143,34.98607],[136.8814,34.98612],[136.88138,34.98616],[136.88137,34.98628],[136.88137,34.98635],[136.88137,34.98637],[136.88138,34.98652],[136.88139,34.98655],[136.88137,34.98661],[136.88131,34.98678],[136.88125,34.98692],[136.88122,34.98695],[136.88115,34.98696],[136.88109,34.98696],[136.88096,34.98696],[136.88087,34.98694],[136.88077,34.98691],[136.88066,34.98691],[136.88033,34.98698],[136.88024,34.98667],[136.88011,34.9864],[136.87996,34.98617],[136.8798,34.98598],[136.879,34.98549],[136.87735,34.98452],[136.87721,34.98445],[136.87672,34.98399],[136.87636,34.98422],[136.87615,34.98434],[136.87589,34.98446],[136.87591,34.98464],[136.876,34.98489],[136.87614,34.98514],[136.87643,34.98567],[136.87661,34.986],[136.87684,34.98639],[136.87698,34.98663],[136.87702,34.9868],[136.87715,34.98721],[136.87726,34.98746],[136.87741,34.98793],[136.87747,34.98811],[136.87749,34.98821],[136.87748,34.98829],[136.87744,34.98836],[136.87738,34.98844],[136.87727,34.98855],[136.87773,34.9889],[136.87787,34.98899],[136.87764,34.99001],[136.87753,34.99103],[136.87752,34.99165],[136.87752,34.99207],[136.87754,34.99226],[136.87756,34.99237],[136.8776,34.9925],[136.87762,34.99259],[136.87757,34.99264],[136.87739,34.99282],[136.87754,34.99308],[136.87779,34.99354],[136.87777,34.99374],[136.87763,34.99537],[136.87755,34.99649],[136.8776,34.99667],[136.87823,34.99792],[136.87863,34.99845],[136.8788,34.99858],[136.87903,34.99858],[136.87919,34.99853]]],[[[136.87506,34.99215],[136.87511,34.99207],[136.87516,34.992],[136.8752,34.99195],[136.87527,34.9919],[136.87542,34.99184],[136.87549,34.9918],[136.87554,34.99176],[136.87563,34.99167],[136.87566,34.99161],[136.87569,34.99146],[136.87562,34.99125],[136.8756,34.99106],[136.87563,34.99084],[136.87564,34.99071],[136.87565,34.99054],[136.87564,34.99038],[136.87542,34.99014],[136.87514,34.99029],[136.87516,34.99054],[136.87516,34.99061],[136.87525,34.99063],[136.87524,34.99078],[136.87522,34.9909],[136.87498,34.99106],[136.87481,34.99116],[136.87488,34.99142],[136.87444,34.99155],[136.87437,34.99147],[136.87417,34.99158],[136.87456,34.99215],[136.87463,34.99212],[136.87476,34.99213],[136.87487,34.99215],[136.87492,34.99217],[136.875,34.99218],[136.87506,34.99215]]],[[[136.87475,34.98977],[136.87426,34.98914],[136.87421,34.98913],[136.87406,34.98921],[136.87399,34.98911],[136.87387,34.98917],[136.87373,34.98905],[136.87357,34.98916],[136.87365,34.98918],[136.87359,34.98932],[136.87364,34.98937],[136.87364,34.98944],[136.87368,34.98953],[136.87393,34.98965],[136.87415,34.98989],[136.87429,34.98998],[136.87429,34.99003],[136.87427,34.9901],[136.87425,34.99021],[136.87424,34.99027],[136.87427,34.99033],[136.87434,34.99039],[136.87445,34.99045],[136.87454,34.99047],[136.87469,34.99026],[136.8748,34.99011],[136.87473,34.99001],[136.87482,34.98996],[136.87468,34.9898],[136.87475,34.98977]]],[[[136.86734,34.99348],[136.86713,34.99328],[136.86694,34.99336],[136.86688,34.9934],[136.86681,34.99344],[136.86671,34.9935],[136.86651,34.9936],[136.86642,34.99375],[136.86632,34.99385],[136.86628,34.99388],[136.86618,34.99408],[136.8658,34.99435],[136.86622,34.99465],[136.86661,34.99431],[136.8665,34.99408],[136.86651,34.99406],[136.86655,34.99402],[136.86673,34.99388],[136.86699,34.99372],[136.86734,34.99348]]],[[[136.87267,34.98914],[136.87272,34.98898],[136.87263,34.98897],[136.87232,34.98898],[136.87231,34.98887],[136.87197,34.98882],[136.87181,34.98883],[136.87168,34.98886],[136.87151,34.98888],[136.87149,34.98875],[136.87134,34.98878],[136.87119,34.98878],[136.87119,34.98891],[136.87125,34.98904],[136.87152,34.98903],[136.87166,34.98898],[136.87176,34.98897],[136.87176,34.98901],[136.87195,34.989],[136.87195,34.98906],[136.87204,34.98913],[136.87211,34.9891],[136.87214,34.98919],[136.8726,34.98924],[136.87267,34.98914]]]]}},{"type":"Feature","properties":{"name":"八幡字曽山","setai":2929,"jinko":7315,"key":"23224001002","units":1},"geometry":{"type":"MultiPolygon","coordinates":[[[[136.90419,34.98077],[136.90427,34.98072],[136.90438,34.98064],[136.90444,34.98063],[136.90447,34.98064],[136.90458,34.98064],[136.90501,34.98066],[136.9051,34.98054],[136.90516,34.98052],[136.90517,34.98048],[136.90518,34.98046],[136.90527,34.98028],[136.90528,34.98027],[136.90559,34.98033],[136.90571,34.98032],[136.90581,34.98031],[136.90588,34.98032],[136.90593,34.98032],[136.90594,34.98025],[136.90594,34.98025],[136.90602,34.98026],[136.90615,34.98028],[136.90615,34.98028],[136.90615,34.98026],[136.90616,34.98021],[136.90616,34.98017],[136.90617,34.98015],[136.90617,34.98015],[136.90634,34.9802],[136.90636,34.98021],[136.90636,34.98043],[136.90706,34.98059],[136.90706,34.98033],[136.90714,34.97988],[136.90718,34.97994],[136.90721,34.97998],[136.90733,34.98],[136.90737,34.9798],[136.90739,34.97975],[136.90734,34.97974],[136.90735,34.97971],[136.90735,34.97969],[136.90736,34.97966],[136.9074,34.97966],[136.90749,34.97967],[136.90754,34.97952],[136.90755,34.9795],[136.90755,34.97949],[136.90761,34.97931],[136.90762,34.97925],[136.90748,34.97923],[136.90738,34.97921],[136.90731,34.97918],[136.90723,34.97911],[136.90709,34.97898],[136.90698,34.97891],[136.9069,34.97887],[136.90648,34.97869],[136.90642,34.97865],[136.90636,34.97861],[136.90619,34.97849],[136.90594,34.97833],[136.90578,34.97822],[136.90573,34.9782],[136.9056,34.97819],[136.9056,34.97816],[136.9056,34.97802],[136.90561,34.97801],[136.9057,34.97804],[136.90573,34.97804],[136.9059,34.97804],[136.90598,34.97803],[136.9061,34.97794],[136.90619,34.97787],[136.90626,34.97782],[136.90629,34.9778],[136.90632,34.9778],[136.90635,34.97775],[136.90636,34.97772],[136.90717,34.9765],[136.90722,34.97579],[136.90723,34.97537],[136.90719,34.97515],[136.90736,34.97424],[136.90732,34.97406],[136.90725,34.97362],[136.90765,34.97339],[136.90795,34.97318],[136.9083,34.97299],[136.90858,34.97284],[136.90889,34.97271],[136.90967,34.97237],[136.91049,34.97195],[136.91084,34.97224],[136.91176,34.9729],[136.91196,34.97302],[136.912,34.97306],[136.91219,34.97287],[136.91234,34.97276],[136.91251,34.97266],[136.9126,34.97243],[136.91267,34.97222],[136.91268,34.97219],[136.91272,34.97207],[136.91272,34.97206],[136.91276,34.97195],[136.91277,34.97193],[136.91278,34.97191],[136.91278,34.9719],[136.91287,34.97163],[136.91294,34.97141],[136.913,34.97122],[136.91301,34.97122],[136.91302,34.97099],[136.91302,34.97081],[136.91303,34.97065],[136.91303,34.97051],[136.91303,34.97043],[136.91312,34.97037],[136.91322,34.97031],[136.91339,34.9702],[136.91357,34.97004],[136.91371,34.96986],[136.91385,34.96965],[136.91393,34.96952],[136.91399,34.96955],[136.91409,34.96959],[136.91415,34.96961],[136.91431,34.96962],[136.91438,34.96963],[136.91451,34.96965],[136.91459,34.9696],[136.91466,34.96953],[136.91474,34.96947],[136.91492,34.96936],[136.91506,34.96921],[136.91512,34.96909],[136.91516,34.9689],[136.91513,34.9687],[136.91518,34.96858],[136.91526,34.96851],[136.9155,34.96845],[136.91563,34.96843],[136.91573,34.96839],[136.91576,34.96822],[136.91579,34.96809],[136.91583,34.96798],[136.91592,34.9679],[136.91602,34.96786],[136.9163,34.96786],[136.91649,34.96786],[136.91646,34.96766],[136.91643,34.96744],[136.91638,34.96735],[136.91633,34.96729],[136.91632,34.9672],[136.91629,34.96713],[136.91624,34.96686],[136.91625,34.96672],[136.91652,34.96646],[136.91677,34.96636],[136.91683,34.96629],[136.91684,34.96607],[136.91651,34.96562],[136.91651,34.9655],[136.9162,34.9655],[136.91613,34.96549],[136.91558,34.96549],[136.91558,34.9653],[136.91538,34.96534],[136.91532,34.96525],[136.91519,34.96525],[136.91511,34.96534],[136.91503,34.96537],[136.91495,34.96537],[136.9149,34.96536],[136.91478,34.96538],[136.91468,34.96539],[136.91457,34.9654],[136.91415,34.96536],[136.91375,34.96534],[136.91352,34.96532],[136.9133,34.96532],[136.91309,34.96533],[136.91295,34.96533],[136.91272,34.96534],[136.91227,34.96525],[136.91219,34.96516],[136.91196,34.96483],[136.91185,34.96483],[136.9117,34.96483],[136.91165,34.96491],[136.91162,34.96494],[136.91154,34.96495],[136.91142,34.96493],[136.91132,34.96487],[136.91103,34.96471],[136.91088,34.96464],[136.91082,34.96463],[136.91077,34.96464],[136.91053,34.96463],[136.9104,34.96462],[136.9103,34.96458],[136.91014,34.96452],[136.9094,34.96437],[136.9084,34.96417],[136.90839,34.96433],[136.9083,34.96442],[136.90821,34.96453],[136.90793,34.96488],[136.90774,34.96509],[136.90759,34.96521],[136.90742,34.96531],[136.90721,34.96534],[136.90704,34.96536],[136.90682,34.96536],[136.90662,34.96532],[136.90642,34.96528],[136.90632,34.96527],[136.90605,34.96524],[136.90593,34.96525],[136.90549,34.96532],[136.90507,34.96538],[136.90488,34.96536],[136.90457,34.96534],[136.90436,34.96535],[136.90421,34.96539],[136.90403,34.96542],[136.90371,34.9654],[136.9035,34.96534],[136.9033,34.96523],[136.90317,34.96521],[136.90299,34.96525],[136.90282,34.96535],[136.90269,34.9654],[136.90258,34.96538],[136.90246,34.96535],[136.90232,34.96531],[136.90218,34.96528],[136.90203,34.96525],[136.90192,34.96527],[136.90176,34.9653],[136.90164,34.96534],[136.90156,34.96539],[136.9014,34.96553],[136.90123,34.96558],[136.90103,34.9656],[136.90085,34.96553],[136.9006,34.96545],[136.90041,34.96527],[136.90022,34.96506],[136.90008,34.96501],[136.89986,34.965],[136.8997,34.9654],[136.8997,34.9654],[136.89969,34.96541],[136.89956,34.96573],[136.89953,34.96589],[136.89953,34.96602],[136.89948,34.96618],[136.89939,34.96626],[136.89929,34.96632],[136.89916,34.96635],[136.899,34.96636],[136.89883,34.96635],[136.89872,34.96625],[136.89859,34.96624],[136.89848,34.96629],[136.89814,34.96643],[136.89793,34.96661],[136.89776,34.96682],[136.89741,34.9671],[136.89715,34.96727],[136.89703,34.96729],[136.8969,34.96729],[136.89676,34.96727],[136.89659,34.96723],[136.89643,34.96722],[136.89627,34.96724],[136.89611,34.96729],[136.89596,34.96752],[136.89586,34.96764],[136.89573,34.96781],[136.89563,34.96806],[136.8956,34.96817],[136.89554,34.96833],[136.8954,34.96832],[136.8949,34.96827],[136.8948,34.9683],[136.89474,34.96838],[136.89462,34.96857],[136.89451,34.96874],[136.89433,34.96888],[136.89407,34.96904],[136.89392,34.96938],[136.89384,34.96958],[136.89373,34.96971],[136.8936,34.96978],[136.8934,34.96978],[136.89331,34.96985],[136.89329,34.97001],[136.89322,34.97024],[136.89312,34.97035],[136.89298,34.97049],[136.89284,34.97059],[136.89271,34.97072],[136.8926,34.9709],[136.89249,34.97102],[136.89233,34.97123],[136.89223,34.97147],[136.89212,34.97171],[136.89195,34.97199],[136.89169,34.97235],[136.89158,34.97241],[136.89148,34.9724],[136.89125,34.97237],[136.89116,34.97239],[136.89109,34.97244],[136.89095,34.97243],[136.89081,34.97246],[136.89069,34.97253],[136.89058,34.9726],[136.89044,34.97271],[136.89034,34.9729],[136.89027,34.97309],[136.8901,34.97327],[136.88994,34.97342],[136.88981,34.97356],[136.88963,34.97378],[136.88938,34.97405],[136.88914,34.97408],[136.88897,34.97419],[136.88879,34.97433],[136.88874,34.97449],[136.88868,34.97461],[136.88862,34.97465],[136.88846,34.97473],[136.88833,34.97478],[136.88844,34.97495],[136.88863,34.97505],[136.88933,34.97523],[136.8895,34.97529],[136.89018,34.97542],[136.89076,34.97557],[136.89181,34.97584],[136.89175,34.97567],[136.89163,34.97544],[136.89156,34.9753],[136.89156,34.97515],[136.89146,34.975],[136.89144,34.97462],[136.89127,34.97437],[136.89109,34.97371],[136.89123,34.97343],[136.89135,34.9731],[136.89148,34.97292],[136.89191,34.97258],[136.89213,34.97248],[136.89248,34.97197],[136.8927,34.97179],[136.89278,34.97158],[136.89315,34.97111],[136.89327,34.97092],[136.89355,34.97107],[136.89406,34.97014],[136.89522,34.97068],[136.89611,34.97089],[136.89691,34.97119],[136.89803,34.97169],[136.89812,34.97214],[136.89873,34.97251],[136.899,34.97241],[136.89927,34.97238],[136.89945,34.97244],[136.89974,34.97262],[136.89984,34.97262],[136.89994,34.97258],[136.89999,34.97251],[136.89999,34.97241],[136.89996,34.9723],[136.89995,34.97222],[136.89994,34.97211],[136.90001,34.97199],[136.90038,34.97188],[136.90083,34.97178],[136.90129,34.9715],[136.90148,34.97127],[136.90081,34.97093],[136.90068,34.97097],[136.90051,34.97099],[136.90063,34.97077],[136.9007,34.97064],[136.90074,34.97046],[136.90044,34.97047],[136.90017,34.97036],[136.89987,34.97022],[136.8995,34.97005],[136.89995,34.96981],[136.90048,34.9695],[136.90094,34.96923],[136.90094,34.96921],[136.90067,34.96896],[136.90065,34.96891],[136.90067,34.96866],[136.90067,34.9684],[136.9007,34.96837],[136.90086,34.9683],[136.90097,34.96822],[136.90095,34.9679],[136.9011,34.96802],[136.90119,34.96808],[136.90131,34.96812],[136.90165,34.9682],[136.90196,34.96821],[136.90225,34.96818],[136.90252,34.96824],[136.90312,34.96835],[136.90337,34.96817],[136.90311,34.96895],[136.90288,34.96968],[136.90278,34.97],[136.90236,34.97126],[136.90214,34.9717],[136.90186,34.97205],[136.90161,34.97227],[136.90138,34.97246],[136.90109,34.97262],[136.90074,34.97279],[136.90037,34.97291],[136.90008,34.97298],[136.89974,34.97305],[136.89937,34.97311],[136.89897,34.97318],[136.89892,34.97326],[136.89894,34.97332],[136.89899,34.97336],[136.89907,34.97341],[136.90052,34.97411],[136.90067,34.97419],[136.90116,34.97461],[136.90179,34.97536],[136.90192,34.97544],[136.90232,34.97559],[136.90246,34.97567],[136.90282,34.97595],[136.90258,34.97616],[136.90249,34.97629],[136.90244,34.97644],[136.90241,34.97659],[136.90246,34.97687],[136.90219,34.97691],[136.90188,34.97693],[136.90183,34.97693],[136.90131,34.97679],[136.90086,34.97666],[136.9011,34.97642],[136.90106,34.97639],[136.90105,34.97635],[136.90117,34.9761],[136.90069,34.97584],[136.8998,34.97555],[136.89972,34.97581],[136.89946,34.97588],[136.89931,34.97591],[136.89906,34.97635],[136.89901,34.97633],[136.89881,34.97663],[136.89868,34.97687],[136.8987,34.97707],[136.89864,34.97727],[136.89868,34.97742],[136.89881,34.97738],[136.89896,34.97736],[136.89934,34.97736],[136.89941,34.97737],[136.89947,34.97784],[136.90013,34.97816],[136.90005,34.97873],[136.90088,34.9787],[136.90098,34.97873],[136.90156,34.97899],[136.90164,34.97908],[136.9017,34.97918],[136.90174,34.97925],[136.90184,34.97954],[136.90194,34.97973],[136.90204,34.97984],[136.90237,34.98031],[136.90258,34.98053],[136.90272,34.98066],[136.90287,34.98071],[136.90316,34.98074],[136.90351,34.98072],[136.90354,34.98076],[136.90368,34.98075],[136.90395,34.98078],[136.90411,34.98079],[136.90419,34.98077]]],[[[136.88033,34.98698],[136.88066,34.98691],[136.88077,34.98691],[136.88087,34.98694],[136.88096,34.98696],[136.88109,34.98696],[136.88115,34.98696],[136.88122,34.98695],[136.88125,34.98692],[136.88131,34.98678],[136.88137,34.98661],[136.88139,34.98655],[136.88138,34.98652],[136.88137,34.98637],[136.88137,34.98635],[136.88137,34.98628],[136.88138,34.98616],[136.8814,34.98612],[136.88143,34.98607],[136.88154,34.98595],[136.88168,34.98582],[136.88184,34.98562],[136.88192,34.9855],[136.88195,34.98541],[136.88197,34.98538],[136.88199,34.98537],[136.882,34.98537],[136.88206,34.98536],[136.88215,34.98536],[136.88222,34.98536],[136.88224,34.98537],[136.88225,34.98538],[136.88231,34.98543],[136.88231,34.98545],[136.88228,34.98573],[136.88227,34.9859],[136.88271,34.98594],[136.88274,34.98596],[136.88283,34.98596],[136.88291,34.98594],[136.88298,34.98597],[136.88308,34.98592],[136.88316,34.98591],[136.88324,34.98591],[136.88338,34.98595],[136.88348,34.98593],[136.88355,34.9859],[136.88365,34.98588],[136.88371,34.98582],[136.88381,34.98575],[136.88398,34.98564],[136.88449,34.98607],[136.88436,34.98618],[136.88455,34.98622],[136.88483,34.98586],[136.88554,34.98488],[136.88495,34.98457],[136.88469,34.98439],[136.88441,34.9842],[136.88414,34.98401],[136.88371,34.98355],[136.88353,34.98318],[136.88348,34.98294],[136.8833,34.98295],[136.88325,34.9829],[136.88325,34.98284],[136.88327,34.9828],[136.88342,34.98274],[136.88348,34.98265],[136.8835,34.98259],[136.88347,34.98254],[136.88321,34.98257],[136.88314,34.9826],[136.88306,34.98261],[136.88299,34.9826],[136.88298,34.98256],[136.88309,34.98235],[136.88314,34.98216],[136.88311,34.98207],[136.88271,34.98182],[136.88257,34.98193],[136.88239,34.98202],[136.88167,34.98199],[136.88166,34.98235],[136.88163,34.98278],[136.88157,34.98304],[136.88153,34.98327],[136.88144,34.98351],[136.88136,34.98367],[136.87969,34.98333],[136.8793,34.98323],[136.87914,34.9833],[136.87897,34.98335],[136.87887,34.98341],[136.87881,34.98347],[136.87876,34.98355],[136.8787,34.98374],[136.87865,34.98382],[136.87858,34.98388],[136.8785,34.98396],[136.87845,34.98402],[136.87836,34.98406],[136.87828,34.9841],[136.87819,34.98412],[136.87808,34.98414],[136.87791,34.98416],[136.87773,34.98415],[136.87758,34.98413],[136.87752,34.98409],[136.87747,34.98403],[136.87743,34.98394],[136.87735,34.98377],[136.87727,34.98371],[136.87721,34.98368],[136.87716,34.98371],[136.87676,34.98397],[136.87672,34.98399],[136.87721,34.98445],[136.87735,34.98452],[136.879,34.98549],[136.8798,34.98598],[136.87996,34.98617],[136.88011,34.9864],[136.88024,34.98667],[136.88033,34.98698]]],[[[136.87456,34.99215],[136.87417,34.99158],[136.87393,34.9917],[136.87433,34.99227],[136.87456,34.99215]]]]}},{"type":"Feature","properties":{"name":"新知字南新生","setai":2255,"jinko":5781,"key":"23224002001","units":1},"geometry":{"type":"Polygon","coordinates":[[[136.86502,34.99511],[136.86547,34.99463],[136.8658,34.99435],[136.86618,34.99408],[136.86628,34.99388],[136.86632,34.99385],[136.86642,34.99375],[136.86651,34.9936],[136.86671,34.9935],[136.86681,34.99344],[136.86688,34.9934],[136.86694,34.99336],[136.86675,34.99313],[136.86669,34.99307],[136.86666,34.9931],[136.86657,34.99306],[136.86664,34.99294],[136.86655,34.99288],[136.8665,34.99283],[136.86641,34.99281],[136.86634,34.99279],[136.86629,34.99277],[136.86626,34.99274],[136.86599,34.99275],[136.86597,34.9925],[136.8657,34.99249],[136.86582,34.99204],[136.86517,34.99196],[136.86513,34.99179],[136.86527,34.99161],[136.86545,34.99138],[136.86533,34.99132],[136.86524,34.99122],[136.86546,34.99092],[136.86544,34.99081],[136.86543,34.9907],[136.86529,34.99047],[136.86529,34.99042],[136.86533,34.99028],[136.86552,34.98936],[136.86508,34.9891],[136.86499,34.98908],[136.86494,34.98906],[136.86491,34.98902],[136.86477,34.98875],[136.86459,34.98874],[136.86463,34.98858],[136.86466,34.98842],[136.86464,34.98823],[136.864,34.98823],[136.86347,34.98831],[136.8635,34.98808],[136.86304,34.98806],[136.86302,34.98815],[136.86287,34.98811],[136.86274,34.98837],[136.86225,34.98818],[136.86203,34.98865],[136.86188,34.98854],[136.86174,34.98846],[136.86159,34.98838],[136.86156,34.98836],[136.86132,34.98818],[136.86114,34.98792],[136.86104,34.98769],[136.86096,34.98747],[136.86109,34.98742],[136.86105,34.98736],[136.86117,34.9873],[136.86095,34.98672],[136.86094,34.98667],[136.86119,34.98661],[136.86117,34.98656],[136.86117,34.98651],[136.86125,34.98646],[136.86135,34.98642],[136.86128,34.98632],[136.86122,34.98635],[136.86115,34.98621],[136.86122,34.98618],[136.86122,34.98617],[136.86118,34.9861],[136.86124,34.98607],[136.8612,34.98603],[136.86116,34.98595],[136.86114,34.98585],[136.86115,34.98576],[136.8613,34.98579],[136.8614,34.9858],[136.86144,34.9858],[136.86149,34.9858],[136.86159,34.98577],[136.86167,34.98573],[136.86174,34.98569],[136.86178,34.98564],[136.86181,34.98549],[136.86183,34.98547],[136.86185,34.98538],[136.86187,34.98529],[136.86188,34.98525],[136.86197,34.98513],[136.86199,34.98499],[136.86207,34.98499],[136.86221,34.98498],[136.8623,34.98498],[136.86234,34.98495],[136.86241,34.98489],[136.86251,34.98485],[136.86267,34.98484],[136.86274,34.9848],[136.86275,34.98479],[136.86275,34.98473],[136.86274,34.9847],[136.86269,34.98461],[136.86269,34.98457],[136.86276,34.98455],[136.86275,34.98441],[136.86275,34.98434],[136.86249,34.98433],[136.86248,34.98427],[136.86256,34.98416],[136.86272,34.98404],[136.86294,34.98391],[136.86316,34.98383],[136.86328,34.9838],[136.86342,34.98387],[136.8636,34.98361],[136.86346,34.98355],[136.86346,34.98354],[136.86349,34.98348],[136.86347,34.98342],[136.8634,34.98334],[136.86334,34.98323],[136.8633,34.9832],[136.86322,34.9832],[136.86301,34.98328],[136.86288,34.98335],[136.86286,34.98338],[136.86281,34.98345],[136.86277,34.98347],[136.8627,34.98347],[136.86241,34.98347],[136.86235,34.98333],[136.86235,34.98324],[136.86246,34.98318],[136.86276,34.98303],[136.86294,34.98292],[136.86281,34.98253],[136.86269,34.98256],[136.86263,34.98246],[136.86256,34.98239],[136.86311,34.98183],[136.86347,34.98161],[136.86356,34.98168],[136.86377,34.98157],[136.86381,34.98176],[136.86409,34.98199],[136.86458,34.98175],[136.86446,34.9815],[136.86437,34.98132],[136.86489,34.98133],[136.86492,34.9811],[136.86509,34.98116],[136.86509,34.98091],[136.86525,34.98095],[136.86535,34.98095],[136.86541,34.98089],[136.86543,34.98073],[136.8654,34.98059],[136.86393,34.98078],[136.86361,34.98083],[136.86359,34.98084],[136.86336,34.98088],[136.86313,34.98092],[136.86304,34.98093],[136.863,34.98093],[136.86286,34.98091],[136.86276,34.98071],[136.86267,34.98059],[136.86284,34.98046],[136.86289,34.9804],[136.86293,34.98029],[136.86303,34.98012],[136.86325,34.97982],[136.86347,34.97961],[136.86387,34.97924],[136.86426,34.97871],[136.86515,34.97763],[136.86543,34.97734],[136.8656,34.97719],[136.8659,34.97694],[136.86625,34.97662],[136.86647,34.97635],[136.86659,34.97617],[136.86675,34.97591],[136.86685,34.9758],[136.86717,34.97551],[136.86722,34.97557],[136.86734,34.97571],[136.86734,34.97572],[136.86727,34.97579],[136.86723,34.97586],[136.86708,34.97616],[136.867,34.97668],[136.86694,34.97707],[136.86689,34.97719],[136.86681,34.97726],[136.86673,34.97732],[136.86673,34.97732],[136.86702,34.97748],[136.86753,34.97777],[136.86778,34.97795],[136.86814,34.97834],[136.86839,34.97865],[136.86866,34.97897],[136.86875,34.97897],[136.86884,34.97898],[136.8691,34.97905],[136.86919,34.97909],[136.86922,34.97912],[136.86943,34.97929],[136.86951,34.97935],[136.86968,34.97939],[136.86977,34.97946],[136.86982,34.97951],[136.8699,34.97959],[136.86996,34.97967],[136.87079,34.9791],[136.87113,34.97887],[136.87159,34.97876],[136.87128,34.97797],[136.87099,34.97724],[136.8709,34.97705],[136.8711,34.97691],[136.87118,34.97683],[136.87128,34.97675],[136.87139,34.9767],[136.87153,34.97661],[136.87163,34.97673],[136.8717,34.97676],[136.87183,34.97677],[136.87187,34.97678],[136.87197,34.97671],[136.87226,34.97651],[136.87232,34.97586],[136.87216,34.97568],[136.87215,34.97566],[136.87244,34.97546],[136.87255,34.97543],[136.87091,34.97371],[136.87075,34.97358],[136.87084,34.97346],[136.87117,34.97323],[136.87261,34.97226],[136.87287,34.9721],[136.87329,34.97187],[136.87397,34.97159],[136.87565,34.97093],[136.87861,34.96973],[136.87885,34.96962],[136.87918,34.9695],[136.87907,34.9694],[136.87896,34.9693],[136.87889,34.96924],[136.87885,34.96919],[136.87882,34.96916],[136.87876,34.96908],[136.87873,34.96899],[136.87871,34.96886],[136.87885,34.96893],[136.87897,34.96893],[136.87916,34.96891],[136.87991,34.96875],[136.8801,34.96866],[136.8802,34.96861],[136.88029,34.96851],[136.88055,34.96822],[136.8806,34.96815],[136.88059,34.96806],[136.8806,34.96782],[136.88061,34.96754],[136.88065,34.96717],[136.8804,34.96689],[136.88035,34.96681],[136.88021,34.9669],[136.88012,34.96692],[136.88006,34.9669],[136.87985,34.9668],[136.87963,34.96667],[136.87939,34.96664],[136.87921,34.96666],[136.8791,34.9668],[136.87912,34.96688],[136.87914,34.96696],[136.87919,34.96701],[136.87929,34.9671],[136.87943,34.96726],[136.87946,34.96733],[136.87942,34.96738],[136.87925,34.96744],[136.87915,34.96744],[136.87904,34.96741],[136.87893,34.96735],[136.87887,34.96732],[136.8788,34.96735],[136.87874,34.9674],[136.87865,34.9675],[136.87859,34.96759],[136.87855,34.96768],[136.87877,34.96784],[136.87885,34.96798],[136.87886,34.96815],[136.87873,34.96846],[136.87869,34.96864],[136.87864,34.96882],[136.87855,34.96893],[136.87835,34.9691],[136.87838,34.96925],[136.87802,34.96935],[136.87806,34.96962],[136.87784,34.96969],[136.8778,34.96971],[136.87779,34.96971],[136.87739,34.96985],[136.87723,34.96986],[136.87711,34.96984],[136.87703,34.96976],[136.87696,34.96961],[136.87697,34.96944],[136.87696,34.96932],[136.87692,34.9692],[136.8773,34.96904],[136.87737,34.96893],[136.87737,34.96888],[136.87717,34.96869],[136.87708,34.96869],[136.87699,34.96872],[136.87688,34.9687],[136.87656,34.96846],[136.87646,34.96843],[136.87634,34.96811],[136.87628,34.96801],[136.87615,34.96788],[136.87598,34.96781],[136.87585,34.9678],[136.87572,34.96782],[136.87568,34.96784],[136.87564,34.96788],[136.87561,34.96801],[136.87574,34.9682],[136.87588,34.9683],[136.87594,34.96835],[136.87594,34.96843],[136.87599,34.96847],[136.87617,34.96853],[136.87632,34.96865],[136.87642,34.96878],[136.87638,34.96886],[136.87631,34.96895],[136.87619,34.96904],[136.87605,34.9691],[136.87593,34.96913],[136.87579,34.96917],[136.87574,34.96921],[136.87571,34.96927],[136.87572,34.96933],[136.87577,34.96938],[136.87597,34.96946],[136.87621,34.96959],[136.87631,34.96963],[136.87636,34.9697],[136.87639,34.96986],[136.87641,34.96996],[136.87638,34.97003],[136.87632,34.9701],[136.8763,34.97018],[136.87609,34.97014],[136.87586,34.97018],[136.87552,34.97022],[136.87546,34.97024],[136.87518,34.97042],[136.87504,34.9705],[136.87493,34.97053],[136.87478,34.97054],[136.87471,34.9705],[136.87467,34.97045],[136.87464,34.97038],[136.87458,34.97018],[136.87457,34.97009],[136.87457,34.97001],[136.87461,34.96996],[136.87467,34.96992],[136.87482,34.96987],[136.87496,34.96969],[136.87491,34.96958],[136.87477,34.96954],[136.87471,34.96951],[136.87468,34.96937],[136.87464,34.9692],[136.87467,34.9691],[136.87474,34.96887],[136.87474,34.96882],[136.8747,34.96868],[136.8747,34.96857],[136.87481,34.96829],[136.8749,34.96812],[136.87498,34.96796],[136.875,34.9678],[136.87496,34.96769],[136.87491,34.96758],[136.87482,34.96753],[136.87473,34.9675],[136.87466,34.96756],[136.87466,34.96773],[136.87457,34.96793],[136.87448,34.9683],[136.87443,34.96853],[136.87434,34.96866],[136.87423,34.96909],[136.8742,34.96924],[136.87421,34.9694],[136.8742,34.96955],[136.87409,34.97012],[136.87411,34.9702],[136.8741,34.97027],[136.87406,34.97036],[136.87404,34.97042],[136.87404,34.97051],[136.87405,34.97061],[136.87402,34.97071],[136.87395,34.9708],[136.87388,34.97087],[136.87376,34.9709],[136.87362,34.97091],[136.87355,34.97092],[136.87349,34.97097],[136.87346,34.97102],[136.87346,34.97109],[136.87352,34.97128],[136.8735,34.97134],[136.87345,34.97138],[136.87337,34.9714],[136.87327,34.97138],[136.87321,34.97132],[136.87313,34.97128],[136.87305,34.97126],[136.87298,34.97126],[136.87292,34.97127],[136.87286,34.9713],[136.87284,34.97135],[136.8728,34.97143],[136.87275,34.97151],[136.87263,34.9716],[136.8725,34.97168],[136.87237,34.97174],[136.87229,34.97172],[136.87223,34.97164],[136.87219,34.97153],[136.87211,34.97142],[136.8721,34.97137],[136.87211,34.97132],[136.87251,34.97091],[136.87265,34.97018],[136.87264,34.97014],[136.87262,34.97013],[136.8725,34.97014],[136.87237,34.97015],[136.87235,34.97017],[136.87236,34.97025],[136.87234,34.97028],[136.87224,34.97038],[136.87219,34.97043],[136.87217,34.97048],[136.87218,34.97054],[136.87218,34.97065],[136.87218,34.97071],[136.87214,34.97076],[136.87196,34.9709],[136.87189,34.97095],[136.87178,34.97085],[136.87169,34.97082],[136.87159,34.97077],[136.87146,34.97078],[136.87125,34.9708],[136.8712,34.97069],[136.87081,34.97051],[136.87068,34.97053],[136.87062,34.97055],[136.87059,34.9706],[136.87058,34.97064],[136.87059,34.97069],[136.87061,34.97072],[136.87084,34.97094],[136.87119,34.97119],[136.8713,34.97142],[136.87133,34.97178],[136.87132,34.97181],[136.87126,34.97187],[136.87126,34.97189],[136.8713,34.97195],[136.87141,34.9721],[136.87139,34.97211],[136.8713,34.97214],[136.87121,34.97219],[136.87114,34.97225],[136.87108,34.97225],[136.87096,34.97222],[136.87084,34.97218],[136.87076,34.97217],[136.87067,34.97221],[136.8704,34.97241],[136.87025,34.9726],[136.87022,34.97269],[136.87024,34.97274],[136.87041,34.97292],[136.8702,34.97321],[136.86969,34.97355],[136.8693,34.97378],[136.86919,34.97382],[136.8691,34.97383],[136.86905,34.97382],[136.86902,34.97378],[136.86902,34.97368],[136.86904,34.97349],[136.86902,34.97339],[136.86901,34.97334],[136.86908,34.97283],[136.86914,34.97264],[136.86914,34.97263],[136.86922,34.97217],[136.86925,34.97203],[136.86925,34.97188],[136.86921,34.97174],[136.8691,34.97166],[136.86891,34.97161],[136.86874,34.97164],[136.86834,34.97183],[136.86829,34.97184],[136.86822,34.97183],[136.86803,34.97176],[136.86767,34.97188],[136.8676,34.9719],[136.86731,34.972],[136.86664,34.97218],[136.86649,34.97222],[136.86616,34.97219],[136.86593,34.97236],[136.8657,34.97259],[136.8656,34.97267],[136.86542,34.97279],[136.86499,34.97285],[136.86482,34.97284],[136.86458,34.97271],[136.86403,34.97272],[136.86354,34.97271],[136.86294,34.97276],[136.86256,34.97285],[136.86239,34.97296],[136.86221,34.97315],[136.86209,34.97333],[136.86191,34.97356],[136.86179,34.97378],[136.86173,34.97395],[136.8617,34.97407],[136.86171,34.97416],[136.86174,34.9743],[136.86178,34.97437],[136.86187,34.97447],[136.86196,34.97462],[136.86201,34.97475],[136.86201,34.97492],[136.86193,34.97499],[136.86187,34.97501],[136.86174,34.97501],[136.86161,34.97494],[136.86145,34.97493],[136.86127,34.97492],[136.8609,34.97494],[136.86064,34.97496],[136.86048,34.97497],[136.86031,34.97494],[136.85975,34.97487],[136.85933,34.97478],[136.85882,34.97467],[136.85862,34.97463],[136.85807,34.9748],[136.85762,34.97485],[136.85757,34.97448],[136.85703,34.9745],[136.85681,34.97449],[136.85671,34.97448],[136.85659,34.97442],[136.85643,34.97442],[136.85629,34.97439],[136.8562,34.97448],[136.85612,34.97475],[136.856,34.97523],[136.85597,34.97529],[136.85587,34.97539],[136.85605,34.9756],[136.85615,34.9758],[136.85623,34.97601],[136.85619,34.97614],[136.8561,34.97629],[136.85598,34.9764],[136.85593,34.97649],[136.8559,34.97658],[136.8559,34.97669],[136.85578,34.97669],[136.85557,34.97685],[136.85527,34.97705],[136.85522,34.97706],[136.85431,34.97622],[136.85398,34.97599],[136.8537,34.97583],[136.85314,34.97557],[136.8532,34.9752],[136.85318,34.97477],[136.85301,34.97479],[136.85253,34.97591],[136.85304,34.97601],[136.85287,34.97646],[136.85274,34.97642],[136.85259,34.97686],[136.85254,34.97695],[136.85243,34.97696],[136.85233,34.97689],[136.85185,34.97652],[136.85178,34.97659],[136.85246,34.97714],[136.85248,34.97719],[136.85252,34.97727],[136.85255,34.97735],[136.85251,34.97745],[136.85243,34.97762],[136.85219,34.97816],[136.85184,34.9787],[136.85166,34.97892],[136.85155,34.979],[136.84957,34.98031],[136.85148,34.98244],[136.85125,34.98259],[136.85154,34.98288],[136.8516,34.98294],[136.85271,34.98416],[136.85352,34.98505],[136.85363,34.98516],[136.85469,34.98625],[136.855,34.9866],[136.85537,34.98697],[136.85599,34.98765],[136.85562,34.98783],[136.85621,34.98842],[136.85664,34.98888],[136.85778,34.99025],[136.85791,34.99021],[136.8581,34.99013],[136.85815,34.99009],[136.85816,34.99002],[136.85815,34.98977],[136.85837,34.9897],[136.85845,34.98978],[136.85879,34.99002],[136.85886,34.99012],[136.85894,34.9902],[136.85906,34.99031],[136.85918,34.99038],[136.8595,34.99055],[136.85971,34.99065],[136.85988,34.99081],[136.85999,34.99072],[136.86121,34.99171],[136.86199,34.99233],[136.86173,34.99248],[136.86198,34.99272],[136.86229,34.9935],[136.86249,34.99341],[136.86251,34.99338],[136.86267,34.99331],[136.86296,34.99358],[136.86365,34.99417],[136.86357,34.99424],[136.86432,34.99488],[136.8645,34.995],[136.8646,34.99499],[136.86471,34.995],[136.8648,34.99503],[136.86502,34.99511]]]}},{"type":"Feature","properties":{"name":"新知台一丁目","setai":678,"jinko":1744,"key":"23224002002","units":1},"geometry":{"type":"Polygon","coordinates":[[[136.86203,34.98865],[136.86225,34.98818],[136.86274,34.98837],[136.86287,34.98811],[136.86302,34.98815],[136.86304,34.98806],[136.8635,34.98808],[136.86352,34.9878],[136.86358,34.98738],[136.86376,34.98696],[136.86408,34.9861],[136.86423,34.98596],[136.86449,34.9857],[136.86471,34.98542],[136.86502,34.98493],[136.8651,34.98486],[136.8652,34.98483],[136.86525,34.98481],[136.86559,34.98469],[136.86592,34.98457],[136.86684,34.98411],[136.86711,34.98395],[136.86764,34.98367],[136.86821,34.98344],[136.86923,34.98303],[136.86937,34.98295],[136.86954,34.98281],[136.86966,34.98271],[136.86971,34.98265],[136.86947,34.98237],[136.86937,34.98226],[136.86923,34.98209],[136.86895,34.9818],[136.86891,34.98176],[136.86882,34.98168],[136.86871,34.98159],[136.86852,34.98145],[136.86848,34.98142],[136.86842,34.98139],[136.86841,34.9814],[136.86653,34.98234],[136.86473,34.98331],[136.86437,34.98358],[136.86393,34.98328],[136.86361,34.98306],[136.86387,34.98284],[136.86363,34.98263],[136.8635,34.98261],[136.86296,34.9825],[136.86281,34.98253],[136.86294,34.98292],[136.86276,34.98303],[136.86246,34.98318],[136.86235,34.98324],[136.86235,34.98333],[136.86241,34.98347],[136.8627,34.98347],[136.86277,34.98347],[136.86281,34.98345],[136.86286,34.98338],[136.86288,34.98335],[136.86301,34.98328],[136.86322,34.9832],[136.8633,34.9832],[136.86334,34.98323],[136.8634,34.98334],[136.86347,34.98342],[136.86349,34.98348],[136.86346,34.98354],[136.86346,34.98355],[136.8636,34.98361],[136.86342,34.98387],[136.86328,34.9838],[136.86316,34.98383],[136.86294,34.98391],[136.86272,34.98404],[136.86256,34.98416],[136.86248,34.98427],[136.86249,34.98433],[136.86275,34.98434],[136.86275,34.98441],[136.86276,34.98455],[136.86269,34.98457],[136.86269,34.98461],[136.86274,34.9847],[136.86275,34.98473],[136.86275,34.98479],[136.86274,34.9848],[136.86267,34.98484],[136.86251,34.98485],[136.86241,34.98489],[136.86234,34.98495],[136.8623,34.98498],[136.86221,34.98498],[136.86207,34.98499],[136.86199,34.98499],[136.86197,34.98513],[136.86188,34.98525],[136.86187,34.98529],[136.86185,34.98538],[136.86183,34.98547],[136.86181,34.98549],[136.86178,34.98564],[136.86174,34.98569],[136.86167,34.98573],[136.86159,34.98577],[136.86149,34.9858],[136.86144,34.9858],[136.8614,34.9858],[136.8613,34.98579],[136.86115,34.98576],[136.86114,34.98585],[136.86116,34.98595],[136.8612,34.98603],[136.86124,34.98607],[136.86118,34.9861],[136.86122,34.98617],[136.86122,34.98618],[136.86115,34.98621],[136.86122,34.98635],[136.86128,34.98632],[136.86135,34.98642],[136.86125,34.98646],[136.86117,34.98651],[136.86117,34.98656],[136.86119,34.98661],[136.86094,34.98667],[136.86095,34.98672],[136.86117,34.9873],[136.86105,34.98736],[136.86109,34.98742],[136.86096,34.98747],[136.86104,34.98769],[136.86114,34.98792],[136.86132,34.98818],[136.86156,34.98836],[136.86159,34.98838],[136.86174,34.98846],[136.86188,34.98854],[136.86203,34.98865]]]}},{"type":"Feature","properties":{"name":"佐布里","setai":403,"jinko":1187,"key":"232240030","units":1},"geometry":{"type":"Polygon","coordinates":[[[136.87969,34.98333],[136.88012,34.98214],[136.88126,34.98231],[136.88136,34.98161],[136.88187,34.98165],[136.88227,34.98164],[136.8829,34.98151],[136.88296,34.98141],[136.88474,34.97833],[136.88535,34.97811],[136.88568,34.97756],[136.88575,34.9776],[136.88588,34.97755],[136.88599,34.97735],[136.8861,34.97727],[136.88625,34.97709],[136.88632,34.97697],[136.88628,34.97684],[136.8861,34.97671],[136.88594,34.97665],[136.88588,34.97659],[136.88583,34.97651],[136.88584,34.97639],[136.88576,34.97628],[136.88577,34.97619],[136.88584,34.97615],[136.88592,34.97615],[136.88604,34.97607],[136.88607,34.97601],[136.88608,34.97592],[136.88611,34.97585],[136.88626,34.97582],[136.88642,34.97584],[136.88763,34.97517],[136.88751,34.97498],[136.88752,34.9744],[136.88785,34.97429],[136.88796,34.97437],[136.8882,34.97451],[136.88833,34.97478],[136.88846,34.97473],[136.88862,34.97465],[136.88868,34.97461],[136.88874,34.97449],[136.88879,34.97433],[136.88897,34.97419],[136.88914,34.97408],[136.88938,34.97405],[136.88963,34.97378],[136.88981,34.97356],[136.88994,34.97342],[136.8901,34.97327],[136.89027,34.97309],[136.89034,34.9729],[136.89044,34.97271],[136.89058,34.9726],[136.89069,34.97253],[136.89081,34.97246],[136.89095,34.97243],[136.89109,34.97244],[136.89116,34.97239],[136.89125,34.97237],[136.89148,34.9724],[136.89158,34.97241],[136.89169,34.97235],[136.89195,34.97199],[136.89212,34.97171],[136.89223,34.97147],[136.89233,34.97123],[136.89249,34.97102],[136.8926,34.9709],[136.89271,34.97072],[136.89284,34.97059],[136.89298,34.97049],[136.89312,34.97035],[136.89322,34.97024],[136.89329,34.97001],[136.89331,34.96985],[136.8934,34.96978],[136.8936,34.96978],[136.89373,34.96971],[136.89384,34.96958],[136.89392,34.96938],[136.89407,34.96904],[136.89433,34.96888],[136.89451,34.96874],[136.89462,34.96857],[136.89474,34.96838],[136.8948,34.9683],[136.8949,34.96827],[136.8954,34.96832],[136.89554,34.96833],[136.8956,34.96817],[136.89563,34.96806],[136.89573,34.96781],[136.89586,34.96764],[136.89596,34.96752],[136.89611,34.96729],[136.89627,34.96724],[136.89643,34.96722],[136.89659,34.96723],[136.89676,34.96727],[136.8969,34.96729],[136.89703,34.96729],[136.89715,34.96727],[136.89741,34.9671],[136.89776,34.96682],[136.89793,34.96661],[136.89814,34.96643],[136.89848,34.96629],[136.89859,34.96624],[136.89872,34.96625],[136.89883,34.96635],[136.899,34.96636],[136.89916,34.96635],[136.89929,34.96632],[136.89939,34.96626],[136.89948,34.96618],[136.89953,34.96602],[136.89953,34.96589],[136.89956,34.96573],[136.89969,34.96541],[136.8997,34.9654],[136.8997,34.9654],[136.89986,34.965],[136.90008,34.96501],[136.90022,34.96506],[136.90041,34.96527],[136.9006,34.96545],[136.90085,34.96553],[136.90103,34.9656],[136.90123,34.96558],[136.9014,34.96553],[136.90156,34.96539],[136.90164,34.96534],[136.90176,34.9653],[136.90192,34.96527],[136.90203,34.96525],[136.90218,34.96528],[136.90232,34.96531],[136.90246,34.96535],[136.90258,34.96538],[136.90269,34.9654],[136.90282,34.96535],[136.90299,34.96525],[136.90317,34.96521],[136.9033,34.96523],[136.9035,34.96534],[136.90371,34.9654],[136.90403,34.96542],[136.90421,34.96539],[136.90436,34.96535],[136.90457,34.96534],[136.90488,34.96536],[136.90507,34.96538],[136.90549,34.96532],[136.90582,34.9647],[136.90616,34.96454],[136.90619,34.96407],[136.90594,34.96355],[136.90571,34.96326],[136.90569,34.96308],[136.90538,34.96181],[136.90519,34.96163],[136.90513,34.96156],[136.90513,34.96142],[136.90499,34.96109],[136.90485,34.96098],[136.90477,34.96081],[136.90488,34.96047],[136.90488,34.96033],[136.90497,34.96029],[136.90507,34.96024],[136.90515,34.96016],[136.90515,34.96005],[136.90516,34.95971],[136.90531,34.95943],[136.90539,34.95921],[136.90554,34.95903],[136.906,34.95901],[136.90624,34.95899],[136.90646,34.95892],[136.90664,34.95884],[136.90689,34.95872],[136.90769,34.95823],[136.90797,34.95807],[136.90811,34.95804],[136.90921,34.95805],[136.90981,34.95815],[136.91,34.95818],[136.91016,34.95817],[136.91051,34.95811],[136.91074,34.95807],[136.91102,34.95801],[136.91161,34.95788],[136.91156,34.95763],[136.91142,34.95693],[136.9113,34.95673],[136.91126,34.95659],[136.91119,34.95648],[136.9111,34.95637],[136.911,34.95627],[136.9109,34.95618],[136.91049,34.95618],[136.9103,34.95617],[136.91006,34.95624],[136.91,34.95626],[136.90985,34.95641],[136.90846,34.95576],[136.90874,34.95476],[136.90903,34.95472],[136.90903,34.95501],[136.90935,34.95501],[136.90933,34.95485],[136.90934,34.9547],[136.90967,34.95475],[136.90987,34.95473],[136.90998,34.95471],[136.91041,34.95469],[136.91092,34.95461],[136.91091,34.95455],[136.91121,34.95453],[136.91166,34.9544],[136.91153,34.95407],[136.91136,34.95411],[136.9111,34.9542],[136.91104,34.95421],[136.91087,34.9542],[136.91085,34.95407],[136.91086,34.95375],[136.91068,34.95365],[136.91052,34.95357],[136.91029,34.95345],[136.91003,34.95335],[136.90962,34.95318],[136.9094,34.953],[136.90918,34.95288],[136.90881,34.95278],[136.9084,34.95265],[136.90767,34.95251],[136.90724,34.95256],[136.90667,34.95253],[136.90648,34.95253],[136.90639,34.95252],[136.90596,34.95249],[136.90587,34.95252],[136.90577,34.95256],[136.90555,34.95275],[136.90539,34.95302],[136.90517,34.95344],[136.90505,34.95357],[136.90495,34.95364],[136.90454,34.95377],[136.90404,34.95401],[136.90373,34.95419],[136.90352,34.95455],[136.90341,34.95469],[136.90322,34.95479],[136.90283,34.9549],[136.90266,34.95488],[136.90226,34.95487],[136.90167,34.95497],[136.90136,34.95489],[136.90122,34.95486],[136.90073,34.95492],[136.90002,34.95506],[136.89996,34.95511],[136.89962,34.95545],[136.89947,34.95563],[136.8994,34.95576],[136.89935,34.95586],[136.8993,34.95605],[136.89932,34.95626],[136.89934,34.95662],[136.89935,34.95692],[136.89935,34.95711],[136.89931,34.9573],[136.89926,34.95742],[136.89921,34.95748],[136.89904,34.95753],[136.89871,34.9576],[136.89829,34.95772],[136.89817,34.95752],[136.89812,34.95716],[136.89803,34.95696],[136.89787,34.95684],[136.89773,34.95679],[136.89743,34.95673],[136.89709,34.95663],[136.89658,34.95646],[136.89641,34.95639],[136.89627,34.95633],[136.89557,34.95613],[136.89554,34.95633],[136.89549,34.95648],[136.89556,34.95725],[136.89553,34.95742],[136.89546,34.95749],[136.89538,34.95752],[136.89497,34.95766],[136.89484,34.95772],[136.89474,34.9578],[136.89442,34.95851],[136.8944,34.9586],[136.89436,34.95896],[136.89436,34.95916],[136.89438,34.95923],[136.89469,34.95965],[136.8945,34.95963],[136.89438,34.95959],[136.89428,34.95949],[136.89417,34.95934],[136.89412,34.95923],[136.89401,34.95887],[136.89397,34.95881],[136.8939,34.95872],[136.89381,34.95864],[136.89305,34.95824],[136.89291,34.95811],[136.89281,34.95801],[136.89267,34.95795],[136.89222,34.95786],[136.8918,34.95777],[136.89163,34.95771],[136.89146,34.95762],[136.89117,34.9574],[136.89087,34.95716],[136.89056,34.95693],[136.89035,34.95659],[136.89026,34.95646],[136.89015,34.95635],[136.89001,34.95622],[136.88989,34.95612],[136.88959,34.95597],[136.8895,34.9559],[136.88943,34.95581],[136.88938,34.95556],[136.88929,34.95544],[136.88918,34.95535],[136.889,34.95525],[136.88875,34.95521],[136.88862,34.95521],[136.88744,34.95568],[136.88672,34.95603],[136.8862,34.95786],[136.88608,34.95769],[136.88602,34.95768],[136.88597,34.95769],[136.88585,34.95776],[136.88563,34.9578],[136.88547,34.95785],[136.88524,34.95793],[136.8851,34.95804],[136.88481,34.9585],[136.88449,34.95881],[136.88426,34.95898],[136.88414,34.95902],[136.88391,34.95923],[136.88366,34.95927],[136.88352,34.95922],[136.88333,34.95912],[136.88329,34.9591],[136.88324,34.95912],[136.8831,34.9592],[136.88293,34.95923],[136.88286,34.95926],[136.88273,34.95944],[136.88255,34.95952],[136.88237,34.95961],[136.88225,34.95956],[136.88193,34.95961],[136.88172,34.9597],[136.88148,34.95983],[136.88137,34.96002],[136.88131,34.96024],[136.88125,34.96034],[136.88108,34.96045],[136.88091,34.96053],[136.8807,34.9606],[136.88025,34.96098],[136.87923,34.96166],[136.87919,34.9617],[136.87916,34.96175],[136.87918,34.96204],[136.87913,34.96226],[136.87907,34.96257],[136.87909,34.96271],[136.87925,34.96352],[136.87932,34.9641],[136.87939,34.96431],[136.87956,34.96455],[136.87965,34.96459],[136.87983,34.96463],[136.87996,34.96466],[136.88011,34.96463],[136.88063,34.9644],[136.88075,34.96438],[136.88085,34.96441],[136.88103,34.96452],[136.8812,34.96461],[136.88126,34.96469],[136.88124,34.96477],[136.88109,34.96492],[136.88107,34.96505],[136.8809,34.96519],[136.88083,34.96524],[136.88057,34.96544],[136.87993,34.96567],[136.87984,34.96571],[136.87981,34.96577],[136.87992,34.96619],[136.88035,34.96681],[136.8804,34.96689],[136.88065,34.96717],[136.88061,34.96754],[136.8806,34.96782],[136.88059,34.96806],[136.88081,34.96792],[136.88086,34.96793],[136.88135,34.96865],[136.88136,34.96871],[136.88137,34.96879],[136.88137,34.96888],[136.88135,34.96895],[136.88126,34.96908],[136.88121,34.96913],[136.8811,34.96919],[136.881,34.96924],[136.88065,34.96936],[136.8808,34.96961],[136.88082,34.96966],[136.8807,34.97035],[136.88033,34.97046],[136.88039,34.97061],[136.88038,34.97084],[136.88037,34.97088],[136.88025,34.97114],[136.88047,34.97116],[136.88033,34.97133],[136.8804,34.9714],[136.88042,34.97148],[136.88044,34.97156],[136.88044,34.97165],[136.88078,34.9721],[136.88052,34.97239],[136.8802,34.97224],[136.87987,34.97243],[136.87975,34.97342],[136.87917,34.9734],[136.87881,34.97335],[136.87881,34.97327],[136.87792,34.97428],[136.87809,34.97434],[136.87822,34.97438],[136.8785,34.97447],[136.8787,34.97452],[136.8789,34.97456],[136.87911,34.97458],[136.87951,34.9746],[136.87939,34.97477],[136.87933,34.97485],[136.87928,34.9749],[136.87899,34.97485],[136.87863,34.97478],[136.87864,34.97476],[136.87844,34.97471],[136.87837,34.97464],[136.87821,34.97458],[136.87798,34.97467],[136.87785,34.97459],[136.87766,34.97461],[136.87738,34.97464],[136.8772,34.97498],[136.87717,34.97505],[136.87727,34.9751],[136.87771,34.97531],[136.87764,34.97538],[136.87758,34.97543],[136.87761,34.97562],[136.87763,34.97578],[136.87751,34.97578],[136.87741,34.97582],[136.87724,34.97664],[136.87721,34.97669],[136.87721,34.97673],[136.87722,34.97677],[136.87724,34.97678],[136.8773,34.9768],[136.87735,34.97685],[136.87736,34.9769],[136.87703,34.97691],[136.87702,34.97704],[136.87707,34.97713],[136.87719,34.97718],[136.87757,34.97728],[136.87762,34.97729],[136.87807,34.97708],[136.87827,34.97695],[136.87844,34.97711],[136.8785,34.97716],[136.87857,34.97711],[136.87869,34.97726],[136.87864,34.97731],[136.8785,34.97738],[136.87834,34.97746],[136.87832,34.9775],[136.87834,34.97756],[136.87843,34.97762],[136.87853,34.97765],[136.87869,34.97768],[136.87874,34.97771],[136.87875,34.97776],[136.87866,34.97805],[136.8786,34.97807],[136.87852,34.97807],[136.87835,34.97803],[136.87829,34.97814],[136.87815,34.97849],[136.878,34.97854],[136.87783,34.9786],[136.87796,34.97859],[136.878,34.97861],[136.87805,34.97865],[136.87809,34.9788],[136.87809,34.97885],[136.8781,34.97892],[136.8781,34.979],[136.87807,34.97911],[136.8781,34.9792],[136.87811,34.97927],[136.87817,34.97939],[136.8783,34.97964],[136.87814,34.9797],[136.87813,34.9798],[136.8782,34.98008],[136.87825,34.98018],[136.87835,34.98017],[136.87842,34.98019],[136.87859,34.98025],[136.87865,34.98027],[136.87877,34.98029],[136.87882,34.98059],[136.87912,34.98065],[136.87919,34.98075],[136.87929,34.98085],[136.87937,34.98094],[136.87939,34.98105],[136.8794,34.98117],[136.87938,34.98123],[136.87934,34.98129],[136.87932,34.98136],[136.87934,34.98145],[136.87939,34.98155],[136.87946,34.98166],[136.87952,34.98179],[136.87958,34.98197],[136.87961,34.98209],[136.87961,34.98215],[136.87962,34.98229],[136.87959,34.98237],[136.87952,34.98246],[136.87944,34.98259],[136.87938,34.9827],[136.87936,34.98278],[136.8794,34.98289],[136.87944,34.98297],[136.87944,34.98305],[136.87939,34.98314],[136.8793,34.98323],[136.87969,34.98333]]]}},{"type":"Feature","properties":{"name":"岡田","setai":2102,"jinko":5630,"key":"232240040","units":1},"geometry":{"type":"Polygon","coordinates":[[[136.86201,34.97492],[136.86201,34.97475],[136.86196,34.97462],[136.86187,34.97447],[136.86178,34.97437],[136.86174,34.9743],[136.86171,34.97416],[136.8617,34.97407],[136.86173,34.97395],[136.86179,34.97378],[136.86191,34.97356],[136.86209,34.97333],[136.86221,34.97315],[136.86239,34.97296],[136.86256,34.97285],[136.86294,34.97276],[136.86354,34.97271],[136.86403,34.97272],[136.86458,34.97271],[136.86482,34.97284],[136.86499,34.97285],[136.86542,34.97279],[136.86466,34.97209],[136.86457,34.97192],[136.86446,34.97174],[136.86438,34.9715],[136.86424,34.97118],[136.86377,34.97059],[136.86367,34.97027],[136.86396,34.97021],[136.86413,34.97017],[136.86433,34.97015],[136.86458,34.97018],[136.86469,34.97018],[136.86479,34.97014],[136.86501,34.96991],[136.86506,34.96986],[136.86546,34.96965],[136.86581,34.96893],[136.86582,34.96891],[136.86586,34.96894],[136.86722,34.96925],[136.86731,34.96928],[136.86728,34.96931],[136.8672,34.96955],[136.86718,34.9697],[136.86723,34.96976],[136.86743,34.96981],[136.86724,34.97012],[136.86714,34.97042],[136.867,34.97059],[136.86699,34.9706],[136.86692,34.97073],[136.86723,34.97087],[136.8671,34.97107],[136.86739,34.97118],[136.8675,34.97134],[136.86745,34.97152],[136.86746,34.97166],[136.86761,34.97177],[136.86757,34.9718],[136.8676,34.97187],[136.86755,34.97188],[136.8676,34.9719],[136.86767,34.97188],[136.86803,34.97176],[136.86822,34.97183],[136.86829,34.97184],[136.86834,34.97183],[136.86874,34.97164],[136.86891,34.97161],[136.8691,34.97166],[136.86921,34.97174],[136.86925,34.97188],[136.86925,34.97203],[136.86922,34.97217],[136.86914,34.97263],[136.86914,34.97264],[136.86908,34.97283],[136.86901,34.97334],[136.86902,34.97339],[136.86904,34.97349],[136.86902,34.97368],[136.86902,34.97378],[136.86905,34.97382],[136.8691,34.97383],[136.86919,34.97382],[136.8693,34.97378],[136.86969,34.97355],[136.8702,34.97321],[136.87041,34.97292],[136.87024,34.97274],[136.87022,34.97269],[136.87025,34.9726],[136.8704,34.97241],[136.87067,34.97221],[136.87076,34.97217],[136.87084,34.97218],[136.87096,34.97222],[136.87108,34.97225],[136.87114,34.97225],[136.87121,34.97219],[136.8713,34.97214],[136.87139,34.97211],[136.87141,34.9721],[136.8713,34.97195],[136.87126,34.97189],[136.87126,34.97187],[136.87132,34.97181],[136.87133,34.97178],[136.8713,34.97142],[136.87119,34.97119],[136.87084,34.97094],[136.87061,34.97072],[136.87059,34.97069],[136.87058,34.97064],[136.87059,34.9706],[136.87062,34.97055],[136.87068,34.97053],[136.87081,34.97051],[136.8712,34.97069],[136.87125,34.9708],[136.87146,34.97078],[136.87159,34.97077],[136.87169,34.97082],[136.87178,34.97085],[136.87189,34.97095],[136.87196,34.9709],[136.87214,34.97076],[136.87218,34.97071],[136.87218,34.97065],[136.87218,34.97054],[136.87217,34.97048],[136.87219,34.97043],[136.87224,34.97038],[136.87234,34.97028],[136.87236,34.97025],[136.87235,34.97017],[136.87237,34.97015],[136.8725,34.97014],[136.87262,34.97013],[136.87264,34.97014],[136.87265,34.97018],[136.87251,34.97091],[136.87211,34.97132],[136.8721,34.97137],[136.87211,34.97142],[136.87219,34.97153],[136.87223,34.97164],[136.87229,34.97172],[136.87237,34.97174],[136.8725,34.97168],[136.87263,34.9716],[136.87275,34.97151],[136.8728,34.97143],[136.87284,34.97135],[136.87286,34.9713],[136.87292,34.97127],[136.87298,34.97126],[136.87305,34.97126],[136.87313,34.97128],[136.87321,34.97132],[136.87327,34.97138],[136.87337,34.9714],[136.87345,34.97138],[136.8735,34.97134],[136.87352,34.97128],[136.87346,34.97109],[136.87346,34.97102],[136.87349,34.97097],[136.87355,34.97092],[136.87362,34.97091],[136.87376,34.9709],[136.87388,34.97087],[136.87395,34.9708],[136.87402,34.97071],[136.87405,34.97061],[136.87404,34.97051],[136.87404,34.97042],[136.87406,34.97036],[136.8741,34.97027],[136.87411,34.9702],[136.87409,34.97012],[136.8742,34.96955],[136.87421,34.9694],[136.8742,34.96924],[136.87423,34.96909],[136.87434,34.96866],[136.87443,34.96853],[136.87448,34.9683],[136.87457,34.96793],[136.87466,34.96773],[136.87466,34.96756],[136.87473,34.9675],[136.87482,34.96753],[136.87491,34.96758],[136.87496,34.96769],[136.875,34.9678],[136.87498,34.96796],[136.8749,34.96812],[136.87481,34.96829],[136.8747,34.96857],[136.8747,34.96868],[136.87474,34.96882],[136.87474,34.96887],[136.87467,34.9691],[136.87464,34.9692],[136.87468,34.96937],[136.87471,34.96951],[136.87477,34.96954],[136.87491,34.96958],[136.87496,34.96969],[136.87482,34.96987],[136.87467,34.96992],[136.87461,34.96996],[136.87457,34.97001],[136.87457,34.97009],[136.87458,34.97018],[136.87464,34.97038],[136.87467,34.97045],[136.87471,34.9705],[136.87478,34.97054],[136.87493,34.97053],[136.87504,34.9705],[136.87518,34.97042],[136.87546,34.97024],[136.87552,34.97022],[136.87586,34.97018],[136.87609,34.97014],[136.8763,34.97018],[136.87632,34.9701],[136.87638,34.97003],[136.87641,34.96996],[136.87639,34.96986],[136.87636,34.9697],[136.87631,34.96963],[136.87621,34.96959],[136.87597,34.96946],[136.87577,34.96938],[136.87572,34.96933],[136.87571,34.96927],[136.87574,34.96921],[136.87579,34.96917],[136.87593,34.96913],[136.87605,34.9691],[136.87619,34.96904],[136.87631,34.96895],[136.87638,34.96886],[136.87642,34.96878],[136.87632,34.96865],[136.87617,34.96853],[136.87599,34.96847],[136.87594,34.96843],[136.87594,34.96835],[136.87588,34.9683],[136.87574,34.9682],[136.87561,34.96801],[136.87564,34.96788],[136.87568,34.96784],[136.87572,34.96782],[136.87585,34.9678],[136.87598,34.96781],[136.87615,34.96788],[136.87628,34.96801],[136.87634,34.96811],[136.87646,34.96843],[136.87656,34.96846],[136.87688,34.9687],[136.87699,34.96872],[136.87708,34.96869],[136.87717,34.96869],[136.87737,34.96888],[136.87737,34.96893],[136.8773,34.96904],[136.87692,34.9692],[136.87696,34.96932],[136.87697,34.96944],[136.87696,34.96961],[136.87703,34.96976],[136.87711,34.96984],[136.87723,34.96986],[136.87739,34.96985],[136.87779,34.96971],[136.8778,34.96971],[136.87784,34.96969],[136.87806,34.96962],[136.87802,34.96935],[136.87838,34.96925],[136.87835,34.9691],[136.87855,34.96893],[136.87864,34.96882],[136.87869,34.96864],[136.87873,34.96846],[136.87886,34.96815],[136.87885,34.96798],[136.87877,34.96784],[136.87855,34.96768],[136.87859,34.96759],[136.87865,34.9675],[136.87874,34.9674],[136.8788,34.96735],[136.87887,34.96732],[136.87893,34.96735],[136.87904,34.96741],[136.87915,34.96744],[136.87925,34.96744],[136.87942,34.96738],[136.87946,34.96733],[136.87943,34.96726],[136.87929,34.9671],[136.87919,34.96701],[136.87914,34.96696],[136.87912,34.96688],[136.8791,34.9668],[136.87921,34.96666],[136.87939,34.96664],[136.87963,34.96667],[136.87985,34.9668],[136.88006,34.9669],[136.88012,34.96692],[136.88021,34.9669],[136.88035,34.96681],[136.87992,34.96619],[136.87981,34.96577],[136.87984,34.96571],[136.87993,34.96567],[136.88057,34.96544],[136.88083,34.96524],[136.8809,34.96519],[136.88107,34.96505],[136.88109,34.96492],[136.88124,34.96477],[136.88126,34.96469],[136.8812,34.96461],[136.88103,34.96452],[136.88085,34.96441],[136.88075,34.96438],[136.88063,34.9644],[136.88011,34.96463],[136.87996,34.96466],[136.87983,34.96463],[136.87965,34.96459],[136.87956,34.96455],[136.87939,34.96431],[136.87932,34.9641],[136.87925,34.96352],[136.87909,34.96271],[136.87907,34.96257],[136.87913,34.96226],[136.87918,34.96204],[136.87916,34.96175],[136.87919,34.9617],[136.87923,34.96166],[136.88025,34.96098],[136.8807,34.9606],[136.88091,34.96053],[136.88108,34.96045],[136.88125,34.96034],[136.88131,34.96024],[136.88137,34.96002],[136.88148,34.95983],[136.88172,34.9597],[136.88193,34.95961],[136.88225,34.95956],[136.88237,34.95961],[136.88255,34.95952],[136.88273,34.95944],[136.88286,34.95926],[136.88293,34.95923],[136.8831,34.9592],[136.88324,34.95912],[136.88329,34.9591],[136.88333,34.95912],[136.88352,34.95922],[136.88366,34.95927],[136.88391,34.95923],[136.88414,34.95902],[136.88426,34.95898],[136.88449,34.95881],[136.88481,34.9585],[136.8851,34.95804],[136.88524,34.95793],[136.88547,34.95785],[136.88563,34.9578],[136.88585,34.95776],[136.88597,34.95769],[136.88602,34.95768],[136.88608,34.95769],[136.8862,34.95786],[136.88672,34.95603],[136.88639,34.95617],[136.8852,34.95668],[136.88467,34.9559],[136.88454,34.95572],[136.88447,34.95548],[136.88437,34.95552],[136.88412,34.95508],[136.88375,34.9545],[136.88366,34.95435],[136.88353,34.95425],[136.88342,34.9542],[136.88323,34.95417],[136.88322,34.95398],[136.88308,34.95394],[136.88311,34.95386],[136.88285,34.95373],[136.88245,34.95363],[136.88228,34.95357],[136.88214,34.95348],[136.88187,34.9534],[136.88217,34.95308],[136.88091,34.95225],[136.88062,34.95249],[136.88041,34.95264],[136.88026,34.95277],[136.88,34.95298],[136.87991,34.95343],[136.87969,34.95341],[136.87962,34.95341],[136.87925,34.95336],[136.87923,34.95336],[136.87901,34.95334],[136.87908,34.9529],[136.87905,34.95283],[136.87744,34.95259],[136.87738,34.95285],[136.87724,34.95286],[136.87718,34.95292],[136.87718,34.95304],[136.87691,34.95301],[136.87671,34.95286],[136.87656,34.95281],[136.87606,34.95274],[136.87601,34.95272],[136.87598,34.95272],[136.8752,34.95277],[136.87483,34.95283],[136.87456,34.95293],[136.87406,34.95324],[136.87405,34.95333],[136.87412,34.95347],[136.87417,34.95362],[136.87416,34.95365],[136.87325,34.95409],[136.87314,34.95419],[136.87309,34.95429],[136.87304,34.95456],[136.87295,34.95472],[136.87274,34.95485],[136.87272,34.95488],[136.87276,34.95493],[136.87327,34.95532],[136.87371,34.95575],[136.86852,34.95503],[136.86784,34.95515],[136.86808,34.95619],[136.86612,34.95649],[136.8635,34.95689],[136.86325,34.95703],[136.86419,34.95807],[136.86398,34.95825],[136.86368,34.95851],[136.86348,34.95876],[136.86344,34.95874],[136.8631,34.95863],[136.86291,34.95861],[136.86279,34.95857],[136.86268,34.95849],[136.86244,34.9581],[136.86231,34.958],[136.86153,34.9576],[136.86132,34.95758],[136.86067,34.95761],[136.86044,34.9577],[136.86014,34.9578],[136.85969,34.95786],[136.85943,34.95785],[136.85922,34.95782],[136.85909,34.9578],[136.85892,34.95782],[136.85858,34.96048],[136.85849,34.9608],[136.85775,34.96265],[136.8571,34.96439],[136.85709,34.9644],[136.85706,34.96448],[136.85699,34.96466],[136.85668,34.96554],[136.85662,34.96579],[136.85656,34.966],[136.85662,34.96632],[136.85656,34.96638],[136.85651,34.96643],[136.85644,34.96651],[136.85639,34.9666],[136.85634,34.96667],[136.85628,34.96679],[136.85567,34.9678],[136.85502,34.96891],[136.85491,34.96909],[136.85444,34.9699],[136.85419,34.97034],[136.85543,34.97075],[136.85579,34.97092],[136.85594,34.97103],[136.85603,34.97112],[136.85558,34.97163],[136.85572,34.97169],[136.85557,34.97216],[136.85559,34.97219],[136.85612,34.9723],[136.85619,34.97213],[136.85619,34.97196],[136.85616,34.97172],[136.85625,34.97153],[136.85641,34.97119],[136.85656,34.97151],[136.85663,34.97171],[136.85674,34.972],[136.85688,34.97312],[136.857,34.97355],[136.85735,34.97407],[136.85743,34.97421],[136.85757,34.97448],[136.85762,34.97485],[136.85807,34.9748],[136.85862,34.97463],[136.85882,34.97467],[136.85933,34.97478],[136.85975,34.97487],[136.86031,34.97494],[136.86048,34.97497],[136.86064,34.97496],[136.8609,34.97494],[136.86127,34.97492],[136.86145,34.97493],[136.86161,34.97494],[136.86174,34.97501],[136.86187,34.97501],[136.86193,34.97499],[136.86201,34.97492]]]}},{"type":"Feature","properties":{"name":"新知","setai":1661,"jinko":4804,"key":"232240050","units":1},"geometry":{"type":"Polygon","coordinates":[[[136.856,34.97523],[136.85612,34.97475],[136.8562,34.97448],[136.85629,34.97439],[136.85643,34.97442],[136.85659,34.97442],[136.85671,34.97448],[136.85681,34.97449],[136.85703,34.9745],[136.85757,34.97448],[136.85743,34.97421],[136.85735,34.97407],[136.857,34.97355],[136.85688,34.97312],[136.85674,34.972],[136.85663,34.97171],[136.85656,34.97151],[136.85641,34.97119],[136.85625,34.97153],[136.85616,34.97172],[136.85619,34.97196],[136.85619,34.97213],[136.85612,34.9723],[136.85559,34.97219],[136.85557,34.97216],[136.85572,34.97169],[136.85558,34.97163],[136.85603,34.97112],[136.85594,34.97103],[136.85579,34.97092],[136.85543,34.97075],[136.85419,34.97034],[136.85444,34.9699],[136.85239,34.96939],[136.85247,34.96931],[136.8526,34.96924],[136.85265,34.96921],[136.85275,34.96917],[136.85262,34.9688],[136.85262,34.96868],[136.85261,34.96843],[136.85243,34.96806],[136.85243,34.96768],[136.85251,34.96757],[136.85258,34.96751],[136.85271,34.96748],[136.85283,34.96747],[136.85319,34.96732],[136.8535,34.96719],[136.85353,34.96711],[136.85345,34.9669],[136.8534,34.96676],[136.85362,34.96662],[136.85372,34.96658],[136.85382,34.96655],[136.85399,34.96651],[136.85427,34.96648],[136.85437,34.96659],[136.85442,34.96664],[136.85452,34.96659],[136.85465,34.96651],[136.85541,34.96618],[136.85532,34.96603],[136.85536,34.96599],[136.85565,34.96591],[136.85585,34.96588],[136.85605,34.96579],[136.85621,34.96569],[136.85662,34.96579],[136.85668,34.96554],[136.85699,34.96466],[136.85706,34.96448],[136.85709,34.9644],[136.8571,34.96439],[136.85775,34.96265],[136.85849,34.9608],[136.85858,34.96048],[136.85892,34.95782],[136.85857,34.9579],[136.85843,34.95789],[136.85788,34.95767],[136.85744,34.95753],[136.85737,34.95753],[136.85731,34.95753],[136.85713,34.95764],[136.857,34.9577],[136.85671,34.95776],[136.85647,34.9578],[136.8553,34.95799],[136.85495,34.95803],[136.85462,34.95798],[136.85441,34.95793],[136.85427,34.95789],[136.85411,34.95782],[136.85383,34.95773],[136.85373,34.95774],[136.8536,34.95781],[136.8534,34.95788],[136.85305,34.95796],[136.8529,34.95797],[136.85273,34.95796],[136.85261,34.95795],[136.85234,34.95788],[136.85217,34.95777],[136.85209,34.95772],[136.85199,34.95758],[136.85176,34.95724],[136.85164,34.95717],[136.8515,34.95711],[136.85128,34.95701],[136.85136,34.95699],[136.85143,34.95693],[136.85149,34.95689],[136.85162,34.95682],[136.85174,34.95673],[136.85184,34.95669],[136.85182,34.95658],[136.85174,34.95646],[136.85164,34.95633],[136.85146,34.95616],[136.85123,34.95599],[136.8508,34.95534],[136.84987,34.95543],[136.84994,34.95524],[136.85004,34.95494],[136.85005,34.95473],[136.85004,34.95458],[136.85003,34.95445],[136.84989,34.9543],[136.84979,34.95434],[136.84962,34.95436],[136.84961,34.95442],[136.84959,34.95446],[136.84955,34.95448],[136.84932,34.95455],[136.84923,34.95459],[136.84916,34.95465],[136.84903,34.95478],[136.84892,34.95488],[136.84891,34.9549],[136.84893,34.95497],[136.84892,34.95501],[136.84886,34.95516],[136.84877,34.95515],[136.84863,34.95517],[136.84849,34.95521],[136.84835,34.95526],[136.84818,34.95531],[136.84816,34.95532],[136.84813,34.9553],[136.84799,34.95524],[136.84782,34.95517],[136.84767,34.95509],[136.84748,34.95496],[136.84733,34.9549],[136.84705,34.95495],[136.84679,34.95499],[136.84652,34.95504],[136.84499,34.95535],[136.84489,34.95537],[136.84468,34.95556],[136.84445,34.95577],[136.84426,34.95602],[136.8442,34.95613],[136.84411,34.9565],[136.84387,34.95685],[136.84365,34.95705],[136.84348,34.95711],[136.84305,34.95721],[136.84275,34.95722],[136.84243,34.95717],[136.84218,34.95718],[136.84191,34.95724],[136.84149,34.95747],[136.84115,34.95778],[136.84103,34.9577],[136.84084,34.95762],[136.84074,34.95758],[136.84064,34.95752],[136.84058,34.95745],[136.84055,34.95739],[136.84055,34.95736],[136.84055,34.95731],[136.84058,34.95728],[136.84062,34.95725],[136.84067,34.95723],[136.84077,34.95721],[136.84086,34.9572],[136.84092,34.9572],[136.84097,34.95718],[136.84101,34.95717],[136.84105,34.95715],[136.84108,34.9571],[136.84109,34.95703],[136.8411,34.95693],[136.84109,34.95681],[136.84107,34.95673],[136.84101,34.95666],[136.84097,34.9566],[136.84089,34.95655],[136.84078,34.95647],[136.84057,34.95625],[136.8404,34.956],[136.84038,34.95595],[136.84034,34.95587],[136.84031,34.95575],[136.8402,34.95518],[136.84021,34.95502],[136.84012,34.95497],[136.83997,34.95496],[136.83985,34.95492],[136.83978,34.9549],[136.83963,34.95492],[136.83953,34.95491],[136.83929,34.95483],[136.83911,34.95479],[136.83895,34.9548],[136.83877,34.95489],[136.83861,34.95499],[136.83819,34.95449],[136.83802,34.9544],[136.83793,34.95427],[136.83754,34.95442],[136.83708,34.95473],[136.83702,34.95474],[136.83696,34.95482],[136.8368,34.9549],[136.83665,34.95503],[136.83626,34.95527],[136.83586,34.95553],[136.83546,34.95587],[136.8351,34.95622],[136.83495,34.95637],[136.83486,34.95607],[136.83479,34.95574],[136.83451,34.95578],[136.83445,34.95582],[136.83368,34.95597],[136.8335,34.95601],[136.83346,34.95604],[136.83342,34.95611],[136.83313,34.95618],[136.83298,34.95624],[136.83278,34.95637],[136.83264,34.95649],[136.83252,34.95664],[136.83239,34.95687],[136.83222,34.95722],[136.83217,34.95764],[136.83196,34.95825],[136.83195,34.95845],[136.83192,34.95864],[136.83184,34.95889],[136.83193,34.95896],[136.83218,34.95907],[136.83227,34.95904],[136.83232,34.95905],[136.83238,34.95907],[136.83244,34.9591],[136.83175,34.95976],[136.83096,34.96001],[136.83088,34.96003],[136.83075,34.96008],[136.83054,34.96017],[136.82991,34.9605],[136.82987,34.96057],[136.8301,34.96097],[136.8301,34.96097],[136.83012,34.96102],[136.83142,34.9618],[136.83175,34.96206],[136.83204,34.96235],[136.83227,34.96261],[136.83282,34.96303],[136.83332,34.96343],[136.83339,34.96346],[136.83351,34.96346],[136.83426,34.96411],[136.83451,34.96434],[136.8346,34.96442],[136.83475,34.96447],[136.83578,34.96554],[136.83738,34.96722],[136.83822,34.96811],[136.83891,34.96891],[136.84005,34.97012],[136.84154,34.97176],[136.84254,34.97286],[136.84309,34.97347],[136.84477,34.97531],[136.84493,34.9753],[136.84498,34.97521],[136.84506,34.97516],[136.84511,34.9751],[136.84513,34.97504],[136.84513,34.97496],[136.84545,34.97472],[136.84556,34.97447],[136.84598,34.97424],[136.84589,34.97405],[136.84613,34.97406],[136.84664,34.97426],[136.84675,34.9743],[136.84692,34.97443],[136.84732,34.97445],[136.84757,34.97452],[136.84777,34.97462],[136.84801,34.97507],[136.84814,34.97519],[136.84827,34.97521],[136.84839,34.9752],[136.84874,34.9751],[136.84908,34.97502],[136.84938,34.97495],[136.84953,34.97471],[136.84966,34.97443],[136.84968,34.97431],[136.85021,34.97418],[136.85032,34.97414],[136.85042,34.97415],[136.85061,34.9742],[136.85072,34.9743],[136.85101,34.97455],[136.85114,34.97461],[136.85126,34.97466],[136.85132,34.97474],[136.85158,34.97523],[136.85173,34.97545],[136.85183,34.97552],[136.85208,34.97575],[136.85216,34.9758],[136.85253,34.97591],[136.85301,34.97479],[136.85318,34.97477],[136.8532,34.9752],[136.85314,34.97557],[136.8537,34.97583],[136.85398,34.97599],[136.85431,34.97622],[136.85522,34.97706],[136.85527,34.97705],[136.85557,34.97685],[136.85578,34.97669],[136.8559,34.97669],[136.8559,34.97658],[136.85593,34.97649],[136.85598,34.9764],[136.8561,34.97629],[136.85619,34.97614],[136.85623,34.97601],[136.85615,34.9758],[136.85605,34.9756],[136.85587,34.97539],[136.85597,34.97529],[136.856,34.97523]]]}},{"type":"Feature","properties":{"name":"新舞子","setai":1676,"jinko":3797,"key":"232240060","units":1},"geometry":{"type":"MultiPolygon","coordinates":[[[[136.8288,34.96101],[136.82882,34.961],[136.82883,34.961],[136.82886,34.96102],[136.8289,34.96105],[136.82894,34.96107],[136.829,34.96109],[136.82903,34.96111],[136.82904,34.96112],[136.82905,34.96114],[136.82907,34.96115],[136.8291,34.96116],[136.82912,34.96116],[136.82916,34.96117],[136.82921,34.96116],[136.82925,34.96115],[136.82928,34.96114],[136.82933,34.96105],[136.8294,34.96105],[136.82952,34.96097],[136.82958,34.96115],[136.8301,34.96097],[136.8301,34.96097],[136.82987,34.96057],[136.82991,34.9605],[136.83054,34.96017],[136.83075,34.96008],[136.83088,34.96003],[136.83096,34.96001],[136.83175,34.95976],[136.83244,34.9591],[136.83238,34.95907],[136.83232,34.95905],[136.83227,34.95904],[136.83218,34.95907],[136.83193,34.95896],[136.83184,34.95889],[136.83192,34.95864],[136.83195,34.95845],[136.83196,34.95825],[136.83217,34.95764],[136.83222,34.95722],[136.83239,34.95687],[136.83252,34.95664],[136.83264,34.95649],[136.83278,34.95637],[136.83298,34.95624],[136.83313,34.95618],[136.83342,34.95611],[136.83346,34.95604],[136.8335,34.95601],[136.83368,34.95597],[136.83445,34.95582],[136.83451,34.95578],[136.83479,34.95574],[136.83486,34.95607],[136.83495,34.95637],[136.8351,34.95622],[136.83546,34.95587],[136.83586,34.95553],[136.83548,34.9551],[136.83546,34.95459],[136.83527,34.95459],[136.83501,34.95459],[136.83452,34.95455],[136.83443,34.9544],[136.83436,34.95427],[136.83427,34.95411],[136.83417,34.95402],[136.83408,34.95399],[136.83378,34.95391],[136.83361,34.95386],[136.83351,34.95378],[136.83349,34.95349],[136.83333,34.95349],[136.83313,34.9535],[136.83292,34.95348],[136.83288,34.95377],[136.83266,34.95379],[136.83253,34.95393],[136.83229,34.95392],[136.83241,34.95302],[136.83242,34.95278],[136.83251,34.95205],[136.83256,34.95169],[136.83257,34.95157],[136.83316,34.95161],[136.83321,34.95124],[136.83419,34.95122],[136.83475,34.95112],[136.83479,34.95128],[136.83489,34.95126],[136.83506,34.95123],[136.83492,34.95062],[136.83462,34.94912],[136.8344,34.94911],[136.83426,34.94911],[136.83398,34.9491],[136.83486,34.94602],[136.83376,34.94581],[136.83356,34.94578],[136.83348,34.94598],[136.83332,34.94606],[136.83304,34.94631],[136.8329,34.94656],[136.8328,34.94671],[136.83257,34.94691],[136.83247,34.94707],[136.8323,34.94725],[136.83208,34.94742],[136.83208,34.94756],[136.83212,34.94775],[136.83151,34.94776],[136.83133,34.94773],[136.83134,34.94782],[136.8313,34.94799],[136.83125,34.94816],[136.83116,34.94855],[136.83092,34.94861],[136.83096,34.94876],[136.83094,34.94886],[136.83085,34.94902],[136.83087,34.94911],[136.83071,34.94913],[136.83059,34.94912],[136.83034,34.94918],[136.83037,34.94924],[136.83017,34.94933],[136.82992,34.94945],[136.82973,34.94952],[136.82967,34.94943],[136.82969,34.94937],[136.82968,34.94934],[136.82965,34.94932],[136.82954,34.94931],[136.82947,34.94905],[136.82921,34.94905],[136.82899,34.94907],[136.82895,34.94907],[136.82893,34.94902],[136.82882,34.9487],[136.82879,34.94861],[136.82876,34.94853],[136.82871,34.94838],[136.82858,34.94806],[136.82856,34.94802],[136.82847,34.94775],[136.82798,34.94811],[136.82733,34.94853],[136.82669,34.94908],[136.82654,34.94916],[136.82647,34.94922],[136.82644,34.94929],[136.82642,34.9493],[136.82632,34.94929],[136.82632,34.9493],[136.8264,34.94931],[136.82641,34.94935],[136.82642,34.94936],[136.82644,34.9494],[136.82645,34.94949],[136.82646,34.94953],[136.82646,34.94959],[136.82646,34.94964],[136.82646,34.94966],[136.82645,34.94979],[136.82629,34.94979],[136.82629,34.9498],[136.82644,34.9498],[136.82646,34.94982],[136.82648,34.94984],[136.8265,34.94991],[136.82652,34.94999],[136.82652,34.95004],[136.82652,34.95013],[136.8265,34.95022],[136.82648,34.95027],[136.82644,34.95028],[136.82644,34.95029],[136.82648,34.95029],[136.8265,34.95031],[136.82651,34.95033],[136.82652,34.95037],[136.82652,34.95042],[136.82652,34.95045],[136.82651,34.95055],[136.8265,34.9506],[136.82648,34.95068],[136.82647,34.95071],[136.82646,34.95075],[136.82645,34.9508],[136.82644,34.95087],[136.82643,34.95089],[136.82642,34.95092],[136.82638,34.95103],[136.82629,34.95102],[136.82627,34.95103],[136.82628,34.95103],[136.82647,34.95106],[136.8265,34.95108],[136.82651,34.9511],[136.82653,34.95116],[136.82654,34.9512],[136.82655,34.95125],[136.82655,34.95132],[136.82655,34.95137],[136.82654,34.95139],[136.82653,34.95145],[136.82652,34.95153],[136.82651,34.95158],[136.8265,34.95162],[136.8265,34.95164],[136.82649,34.95167],[136.82648,34.95173],[136.82632,34.95172],[136.82631,34.95173],[136.8266,34.95176],[136.8266,34.9518],[136.82661,34.95182],[136.82663,34.95188],[136.82664,34.95197],[136.82664,34.95204],[136.82663,34.95212],[136.82661,34.95219],[136.82658,34.95225],[136.82657,34.9523],[136.82656,34.95234],[136.82639,34.95233],[136.82639,34.95234],[136.8266,34.95235],[136.8266,34.9524],[136.82662,34.95247],[136.82664,34.95251],[136.82665,34.95254],[136.82665,34.95259],[136.82665,34.95263],[136.82665,34.95267],[136.82662,34.9528],[136.8266,34.95286],[136.82657,34.95289],[136.82655,34.95298],[136.82643,34.95297],[136.82643,34.95299],[136.82665,34.953],[136.82668,34.95303],[136.82671,34.95305],[136.82674,34.9531],[136.82678,34.95323],[136.8268,34.95333],[136.82681,34.9534],[136.8268,34.95348],[136.82676,34.95357],[136.82674,34.9536],[136.82659,34.95361],[136.82659,34.95362],[136.82682,34.95361],[136.82683,34.95363],[136.82684,34.95364],[136.82686,34.95365],[136.82687,34.9537],[136.82689,34.95376],[136.8269,34.95379],[136.8269,34.95382],[136.8269,34.95388],[136.82691,34.95392],[136.82692,34.95396],[136.82693,34.95402],[136.82693,34.95404],[136.82691,34.95414],[136.82691,34.95415],[136.82691,34.95417],[136.82686,34.95417],[136.82686,34.95419],[136.82691,34.95419],[136.82693,34.95422],[136.82695,34.95423],[136.82697,34.95425],[136.82701,34.95425],[136.82705,34.95426],[136.82706,34.95426],[136.82709,34.95428],[136.82711,34.9543],[136.82716,34.95438],[136.82727,34.95462],[136.82734,34.9547],[136.82741,34.95477],[136.82739,34.95487],[136.82739,34.95491],[136.8274,34.95492],[136.82715,34.95501],[136.82717,34.95505],[136.82742,34.95495],[136.82743,34.95497],[136.82749,34.95506],[136.82756,34.95518],[136.82759,34.95534],[136.82761,34.95551],[136.8276,34.9556],[136.82758,34.95566],[136.8276,34.9557],[136.82765,34.95577],[136.82766,34.9558],[136.8277,34.95588],[136.82772,34.95594],[136.82771,34.95616],[136.82771,34.95625],[136.8277,34.95629],[136.82769,34.95642],[136.8277,34.9565],[136.82769,34.95652],[136.82769,34.95654],[136.82784,34.9565],[136.82794,34.95667],[136.82795,34.95672],[136.82797,34.95674],[136.82799,34.95678],[136.82799,34.95683],[136.828,34.95685],[136.82801,34.95686],[136.82801,34.95689],[136.82797,34.95692],[136.82796,34.95694],[136.82795,34.95696],[136.82796,34.95697],[136.82798,34.95697],[136.828,34.95696],[136.82802,34.95696],[136.82805,34.95697],[136.82807,34.95699],[136.8281,34.95705],[136.82811,34.95708],[136.82807,34.95712],[136.82807,34.95714],[136.82808,34.95715],[136.82811,34.95716],[136.82813,34.95717],[136.82814,34.95719],[136.82814,34.95724],[136.82819,34.95735],[136.82829,34.95753],[136.8283,34.95758],[136.8283,34.95765],[136.8283,34.95769],[136.82832,34.95773],[136.82834,34.95777],[136.82835,34.95781],[136.82834,34.95785],[136.82833,34.9579],[136.82832,34.95793],[136.82832,34.95795],[136.82833,34.95797],[136.82836,34.95799],[136.82842,34.95804],[136.82843,34.95806],[136.82844,34.95808],[136.82845,34.9581],[136.82845,34.95813],[136.82844,34.95815],[136.82843,34.95817],[136.82841,34.95822],[136.82841,34.95823],[136.82843,34.95827],[136.82847,34.95837],[136.82851,34.95846],[136.82854,34.95854],[136.82854,34.95859],[136.82855,34.95864],[136.82855,34.95866],[136.82855,34.95869],[136.82856,34.95872],[136.82857,34.95875],[136.82857,34.95877],[136.82859,34.95879],[136.82861,34.95882],[136.82862,34.95883],[136.82862,34.95885],[136.82861,34.95888],[136.8286,34.95893],[136.82859,34.95896],[136.82861,34.95898],[136.82864,34.95899],[136.82864,34.95903],[136.82863,34.95908],[136.82862,34.9591],[136.82862,34.95911],[136.82863,34.95913],[136.82868,34.95917],[136.8287,34.9592],[136.82871,34.95922],[136.82873,34.95924],[136.82875,34.95927],[136.82879,34.95945],[136.82882,34.95957],[136.82883,34.95961],[136.82883,34.95964],[136.82881,34.95968],[136.8288,34.95973],[136.82872,34.95988],[136.82864,34.96005],[136.82861,34.96017],[136.82857,34.96032],[136.82851,34.96046],[136.82845,34.96059],[136.82834,34.96079],[136.82827,34.96088],[136.82826,34.9609],[136.82825,34.96093],[136.82826,34.96094],[136.82828,34.96095],[136.82833,34.96094],[136.82842,34.96092],[136.82856,34.96092],[136.82858,34.96092],[136.82859,34.96094],[136.82859,34.96096],[136.82859,34.96101],[136.82857,34.96104],[136.82848,34.96108],[136.82844,34.96109],[136.82835,34.96115],[136.82826,34.96118],[136.82824,34.9612],[136.82823,34.96122],[136.82827,34.96123],[136.82828,34.96123],[136.8284,34.96122],[136.82847,34.9612],[136.82855,34.96118],[136.8286,34.96113],[136.82864,34.9611],[136.82874,34.96104],[136.8288,34.96101]]],[[[136.85509,34.95515],[136.85517,34.95515],[136.85528,34.95515],[136.85539,34.95515],[136.85551,34.95517],[136.8556,34.95519],[136.85628,34.9545],[136.856,34.95447],[136.85568,34.95441],[136.85544,34.95432],[136.85534,34.95424],[136.85497,34.954],[136.85483,34.95388],[136.85478,34.95374],[136.85474,34.95362],[136.85468,34.95357],[136.85452,34.95337],[136.85439,34.95315],[136.85444,34.95311],[136.85434,34.95285],[136.85432,34.9526],[136.85429,34.95258],[136.85424,34.95257],[136.8542,34.95232],[136.85418,34.95227],[136.85415,34.9522],[136.85403,34.95203],[136.85401,34.95199],[136.85401,34.95195],[136.85401,34.95193],[136.85404,34.95185],[136.85412,34.95173],[136.85414,34.95168],[136.85414,34.95166],[136.85411,34.95165],[136.85406,34.95162],[136.85398,34.95158],[136.85377,34.95151],[136.8537,34.95155],[136.85356,34.95173],[136.85335,34.95193],[136.85309,34.95218],[136.85295,34.9523],[136.8528,34.95167],[136.85114,34.95215],[136.84809,34.95253],[136.84802,34.9522],[136.84798,34.95202],[136.84784,34.95189],[136.84742,34.95195],[136.84705,34.95199],[136.84669,34.95207],[136.84676,34.95224],[136.84687,34.95221],[136.84692,34.95237],[136.84663,34.95246],[136.84672,34.95257],[136.84686,34.95278],[136.84672,34.95287],[136.84653,34.95298],[136.84638,34.95309],[136.84611,34.95327],[136.84595,34.95335],[136.84574,34.95346],[136.84558,34.95352],[136.84559,34.95368],[136.84567,34.95375],[136.84581,34.95383],[136.84596,34.95385],[136.84597,34.95392],[136.84615,34.95396],[136.84616,34.95383],[136.84618,34.95372],[136.84622,34.95363],[136.84635,34.95345],[136.84648,34.95331],[136.84674,34.95315],[136.84681,34.95313],[136.84709,34.95313],[136.84732,34.95312],[136.84751,34.9531],[136.84775,34.95307],[136.84805,34.95304],[136.84825,34.95302],[136.84843,34.95301],[136.84866,34.95294],[136.84882,34.95295],[136.84894,34.95295],[136.84907,34.95294],[136.84921,34.95294],[136.8494,34.95294],[136.84957,34.95293],[136.84975,34.95292],[136.8499,34.95291],[136.85004,34.95291],[136.85022,34.95292],[136.8504,34.95292],[136.85051,34.95292],[136.85069,34.95285],[136.8509,34.95277],[136.85113,34.95266],[136.8512,34.95262],[136.85138,34.95251],[136.85155,34.95239],[136.85163,34.95236],[136.85178,34.95235],[136.85189,34.95239],[136.85195,34.95243],[136.85203,34.95247],[136.85217,34.95257],[136.85226,34.95264],[136.85236,34.95266],[136.85254,34.95265],[136.8526,34.95272],[136.8527,34.95281],[136.85286,34.9529],[136.85296,34.95294],[136.85313,34.95297],[136.85322,34.95298],[136.85332,34.95299],[136.85374,34.95372],[136.8542,34.95378],[136.85431,34.95417],[136.85433,34.95444],[136.85432,34.95472],[136.85423,34.95502],[136.85418,34.95515],[136.85393,34.95561],[136.85483,34.95577],[136.85497,34.95523],[136.85502,34.95519],[136.85509,34.95515]]],[[[136.83771,34.95291],[136.83774,34.95264],[136.83781,34.95265],[136.83782,34.95243],[136.83749,34.95244],[136.83736,34.95241],[136.83718,34.95239],[136.83708,34.95274],[136.83704,34.95287],[136.837,34.95296],[136.83742,34.95298],[136.83752,34.95299],[136.83757,34.95302],[136.83761,34.95304],[136.83765,34.95303],[136.83768,34.95301],[136.83771,34.95291]]]]}},{"type":"Feature","properties":{"name":"大草","setai":1218,"jinko":2883,"key":"232240070","units":1},"geometry":{"type":"Polygon","coordinates":[[[136.83034,34.94918],[136.83059,34.94912],[136.83071,34.94913],[136.83087,34.94911],[136.83085,34.94902],[136.83094,34.94886],[136.83096,34.94876],[136.83092,34.94861],[136.83116,34.94855],[136.83125,34.94816],[136.8313,34.94799],[136.83134,34.94782],[136.83133,34.94773],[136.83151,34.94776],[136.83212,34.94775],[136.83208,34.94756],[136.83208,34.94742],[136.8323,34.94725],[136.83247,34.94707],[136.83257,34.94691],[136.8328,34.94671],[136.8329,34.94656],[136.83304,34.94631],[136.83332,34.94606],[136.83348,34.94598],[136.83356,34.94578],[136.83376,34.94581],[136.83385,34.94548],[136.83398,34.94504],[136.8339,34.94498],[136.83381,34.94494],[136.83372,34.9449],[136.83363,34.9448],[136.83357,34.94468],[136.83354,34.94447],[136.8335,34.94429],[136.83349,34.94423],[136.83341,34.94415],[136.83322,34.94404],[136.833,34.94394],[136.83293,34.94397],[136.8328,34.944],[136.83273,34.94401],[136.8327,34.94421],[136.83258,34.94461],[136.83272,34.94461],[136.83274,34.94484],[136.83268,34.94483],[136.83267,34.94487],[136.83263,34.94487],[136.83266,34.94501],[136.8326,34.94504],[136.83265,34.94524],[136.83264,34.94531],[136.83258,34.94535],[136.83236,34.94542],[136.83227,34.94546],[136.8322,34.94549],[136.8321,34.9455],[136.832,34.94547],[136.83193,34.9454],[136.83189,34.94535],[136.83186,34.9452],[136.83183,34.94505],[136.83186,34.94485],[136.83197,34.94469],[136.83197,34.94459],[136.83203,34.94449],[136.83215,34.94443],[136.83221,34.94442],[136.8322,34.94428],[136.83219,34.94398],[136.83212,34.94394],[136.83198,34.94362],[136.83195,34.94355],[136.83198,34.94282],[136.83202,34.94266],[136.83213,34.94256],[136.83221,34.9425],[136.8322,34.94231],[136.8325,34.94232],[136.83267,34.94232],[136.83273,34.94216],[136.83277,34.94201],[136.83329,34.94211],[136.83355,34.94216],[136.83475,34.94239],[136.83551,34.93977],[136.8353,34.93969],[136.83516,34.93959],[136.8351,34.93951],[136.83492,34.93931],[136.83471,34.93906],[136.83455,34.93901],[136.83438,34.93893],[136.83419,34.93882],[136.833,34.93817],[136.83273,34.93802],[136.83267,34.93801],[136.83264,34.93801],[136.8326,34.938],[136.83257,34.93799],[136.83258,34.93782],[136.83257,34.93782],[136.83214,34.93777],[136.83182,34.93773],[136.83168,34.93771],[136.83147,34.93767],[136.8311,34.93761],[136.8308,34.93755],[136.83036,34.93742],[136.82982,34.93723],[136.82919,34.93694],[136.82899,34.93678],[136.82878,34.93701],[136.82879,34.93721],[136.82882,34.93759],[136.82871,34.93761],[136.82872,34.93792],[136.82889,34.93843],[136.82899,34.93863],[136.82839,34.93882],[136.8284,34.93902],[136.82843,34.93913],[136.82835,34.93914],[136.82822,34.93916],[136.828,34.93918],[136.82803,34.93929],[136.82793,34.93927],[136.82783,34.93926],[136.82754,34.93924],[136.82752,34.9392],[136.8275,34.93914],[136.82746,34.93915],[136.82727,34.9392],[136.82707,34.93929],[136.82648,34.93939],[136.82646,34.93938],[136.82653,34.93927],[136.82646,34.93928],[136.8262,34.93931],[136.82588,34.93935],[136.82572,34.93936],[136.82572,34.93941],[136.8256,34.93942],[136.82562,34.93946],[136.82562,34.93947],[136.82572,34.93946],[136.82573,34.93949],[136.82566,34.93951],[136.82564,34.93951],[136.82565,34.93956],[136.82563,34.93957],[136.82562,34.93958],[136.8256,34.93958],[136.82558,34.93959],[136.82556,34.93959],[136.82554,34.9396],[136.82552,34.9396],[136.8255,34.93961],[136.82546,34.93961],[136.82543,34.93961],[136.82541,34.93962],[136.8254,34.93962],[136.82539,34.93963],[136.82538,34.93963],[136.82524,34.93966],[136.82524,34.93964],[136.82515,34.93966],[136.82515,34.93967],[136.82494,34.9397],[136.82491,34.93971],[136.82492,34.93973],[136.82499,34.93972],[136.82515,34.9397],[136.82516,34.93971],[136.82525,34.93969],[136.82525,34.93968],[136.82542,34.93966],[136.82543,34.9397],[136.82545,34.93974],[136.82546,34.93975],[136.82548,34.93978],[136.82552,34.93982],[136.82556,34.93988],[136.8256,34.93994],[136.82564,34.94001],[136.82566,34.94008],[136.82569,34.94015],[136.82573,34.94028],[136.82578,34.94047],[136.8258,34.94056],[136.82581,34.94064],[136.82582,34.94071],[136.82583,34.94081],[136.82583,34.94088],[136.82583,34.94092],[136.82582,34.94095],[136.8258,34.94097],[136.82577,34.941],[136.82574,34.94102],[136.82568,34.94103],[136.82569,34.94104],[136.82581,34.94104],[136.82584,34.94107],[136.82586,34.94111],[136.82589,34.94114],[136.8259,34.94118],[136.82592,34.94123],[136.82592,34.94129],[136.82592,34.94134],[136.82591,34.94138],[136.82591,34.94143],[136.8259,34.94149],[136.82577,34.9415],[136.82577,34.94152],[136.82591,34.9415],[136.82593,34.94154],[136.82596,34.9416],[136.82599,34.94165],[136.82601,34.9417],[136.82601,34.94175],[136.82601,34.94178],[136.82601,34.94183],[136.82599,34.94188],[136.82596,34.94191],[136.82591,34.94192],[136.82592,34.94193],[136.82598,34.94192],[136.82601,34.94195],[136.82604,34.94197],[136.82606,34.942],[136.82609,34.94204],[136.82612,34.94208],[136.82614,34.94213],[136.82615,34.94215],[136.82615,34.94216],[136.82615,34.9422],[136.82614,34.94224],[136.82615,34.94229],[136.82598,34.94233],[136.82599,34.94234],[136.82618,34.94231],[136.82617,34.94234],[136.82617,34.94237],[136.82618,34.94239],[136.82619,34.94241],[136.8262,34.94244],[136.82622,34.94246],[136.82623,34.94249],[136.82624,34.94252],[136.82625,34.94255],[136.82625,34.94258],[136.82625,34.9426],[136.82624,34.94263],[136.82624,34.94265],[136.82624,34.94268],[136.82623,34.94269],[136.82623,34.9427],[136.82625,34.9427],[136.82627,34.9427],[136.82628,34.94272],[136.82628,34.94275],[136.82628,34.94278],[136.82629,34.94282],[136.82631,34.94285],[136.82633,34.94289],[136.82634,34.94293],[136.82634,34.94298],[136.82635,34.94304],[136.82637,34.9431],[136.82639,34.94318],[136.82642,34.94329],[136.82645,34.94339],[136.82648,34.94348],[136.8265,34.94352],[136.8265,34.94354],[136.82652,34.94358],[136.82638,34.94361],[136.82637,34.94361],[136.82637,34.94363],[136.82639,34.94363],[136.82653,34.9436],[136.82653,34.94364],[136.82659,34.94381],[136.82661,34.94386],[136.82664,34.94394],[136.82664,34.94397],[136.82664,34.94399],[136.82663,34.94402],[136.82661,34.94407],[136.8266,34.94409],[136.82659,34.9441],[136.82658,34.94412],[136.82653,34.94412],[136.82653,34.94414],[136.82657,34.94414],[136.82657,34.94414],[136.82657,34.94416],[136.82662,34.94442],[136.82666,34.94477],[136.82667,34.94529],[136.8267,34.9457],[136.82668,34.94609],[136.82666,34.94619],[136.82663,34.94628],[136.82662,34.94634],[136.82657,34.94643],[136.82656,34.94646],[136.82635,34.94645],[136.82635,34.94646],[136.82656,34.94648],[136.82657,34.94653],[136.82658,34.94665],[136.82658,34.94673],[136.82655,34.94681],[136.82651,34.94688],[136.82648,34.94699],[136.82648,34.94704],[136.82629,34.94702],[136.82629,34.94704],[136.82654,34.94706],[136.82652,34.94724],[136.82654,34.94724],[136.82656,34.94727],[136.82658,34.94729],[136.82659,34.9473],[136.8266,34.94734],[136.82661,34.94739],[136.82659,34.94799],[136.82659,34.94803],[136.82659,34.94806],[136.82659,34.94806],[136.82658,34.94812],[136.82658,34.94819],[136.82657,34.94829],[136.82657,34.94836],[136.82656,34.94847],[136.82656,34.94854],[136.82655,34.94857],[136.82655,34.9487],[136.82654,34.94874],[136.82654,34.94877],[136.82651,34.94889],[136.82649,34.94903],[136.82648,34.94911],[136.82647,34.94916],[136.82647,34.94922],[136.82654,34.94916],[136.82669,34.94908],[136.82733,34.94853],[136.82798,34.94811],[136.82847,34.94775],[136.82856,34.94802],[136.82858,34.94806],[136.82871,34.94838],[136.82876,34.94853],[136.82879,34.94861],[136.82882,34.9487],[136.82893,34.94902],[136.82895,34.94907],[136.82899,34.94907],[136.82921,34.94905],[136.82947,34.94905],[136.82954,34.94931],[136.82965,34.94932],[136.82968,34.94934],[136.82969,34.94937],[136.82967,34.94943],[136.82973,34.94952],[136.82992,34.94945],[136.83017,34.94933],[136.83037,34.94924],[136.83034,34.94918]]]}},{"type":"Feature","properties":{"name":"金沢","setai":573,"jinko":1519,"key":"232240080","units":1},"geometry":{"type":"Polygon","coordinates":[[[136.84692,34.95237],[136.84687,34.95221],[136.84676,34.95224],[136.84669,34.95207],[136.84705,34.95199],[136.84742,34.95195],[136.84784,34.95189],[136.84798,34.95202],[136.84802,34.9522],[136.84809,34.95253],[136.85114,34.95215],[136.8528,34.95167],[136.85249,34.95023],[136.85247,34.94995],[136.85248,34.9497],[136.85251,34.94956],[136.85259,34.94941],[136.85267,34.94928],[136.85272,34.94914],[136.85274,34.94898],[136.85267,34.94873],[136.85259,34.94841],[136.85247,34.94794],[136.85243,34.94776],[136.85231,34.94759],[136.85212,34.94733],[136.8524,34.9472],[136.85252,34.94719],[136.85266,34.94724],[136.85298,34.9474],[136.85308,34.94748],[136.85312,34.94756],[136.85316,34.94787],[136.85316,34.94795],[136.85312,34.94823],[136.85311,34.9485],[136.85319,34.94871],[136.85332,34.94891],[136.85338,34.94911],[136.85342,34.94933],[136.85355,34.94949],[136.8537,34.94962],[136.85388,34.94977],[136.85416,34.94996],[136.85523,34.9498],[136.85533,34.94964],[136.85541,34.94943],[136.85545,34.94919],[136.85541,34.94892],[136.85537,34.94883],[136.85528,34.94871],[136.85513,34.94853],[136.85512,34.94844],[136.85513,34.94836],[136.85514,34.94828],[136.85514,34.9482],[136.85522,34.94821],[136.85547,34.94819],[136.85566,34.94815],[136.85583,34.94812],[136.85572,34.94797],[136.85541,34.94743],[136.85537,34.94744],[136.85534,34.94742],[136.85525,34.94735],[136.85521,34.94725],[136.85508,34.947],[136.85507,34.94686],[136.85472,34.94633],[136.8544,34.94593],[136.8543,34.94569],[136.85422,34.94561],[136.85394,34.94545],[136.85361,34.94528],[136.8535,34.94522],[136.85351,34.94515],[136.85356,34.94506],[136.8537,34.94477],[136.8537,34.9447],[136.85355,34.94463],[136.85422,34.94347],[136.85385,34.94331],[136.85364,34.94307],[136.85346,34.94296],[136.85337,34.94277],[136.85326,34.94273],[136.85313,34.94274],[136.85259,34.94288],[136.85231,34.94281],[136.8517,34.943],[136.85108,34.94323],[136.85073,34.94339],[136.85058,34.94302],[136.85031,34.94242],[136.85,34.94179],[136.84996,34.94181],[136.84988,34.94139],[136.84985,34.94121],[136.84976,34.94099],[136.84972,34.9409],[136.84969,34.94081],[136.84965,34.94066],[136.8496,34.94049],[136.84921,34.94054],[136.84566,34.9411],[136.84535,34.94115],[136.84511,34.94118],[136.84489,34.94118],[136.84458,34.94119],[136.84439,34.94121],[136.84389,34.94122],[136.84391,34.94133],[136.84364,34.94136],[136.84347,34.94139],[136.84292,34.94153],[136.84213,34.9416],[136.84169,34.94165],[136.84129,34.94172],[136.84081,34.94179],[136.84059,34.94171],[136.84016,34.94151],[136.8396,34.94122],[136.83915,34.94101],[136.83855,34.9415],[136.83839,34.94138],[136.83825,34.94127],[136.83834,34.94153],[136.83839,34.94167],[136.83841,34.94177],[136.8384,34.94194],[136.83829,34.94263],[136.83824,34.94294],[136.83818,34.94306],[136.83799,34.94349],[136.83798,34.94351],[136.83799,34.94353],[136.83808,34.94358],[136.8381,34.9436],[136.83808,34.94364],[136.83783,34.94419],[136.83767,34.94453],[136.83758,34.94466],[136.83951,34.94523],[136.83963,34.94526],[136.83978,34.94526],[136.8397,34.94569],[136.83966,34.94593],[136.83961,34.9461],[136.8395,34.94621],[136.83932,34.94632],[136.83898,34.9464],[136.83883,34.94645],[136.83833,34.94673],[136.83822,34.94668],[136.83709,34.94647],[136.83627,34.94922],[136.8362,34.94929],[136.83606,34.94942],[136.83599,34.94946],[136.83561,34.94958],[136.83573,34.94978],[136.83576,34.94988],[136.83577,34.94995],[136.83569,34.95007],[136.83567,34.95019],[136.83566,34.95027],[136.83571,34.95038],[136.83552,34.95045],[136.83569,34.95084],[136.83538,34.95099],[136.83506,34.95123],[136.83489,34.95126],[136.83509,34.95137],[136.83524,34.9514],[136.83535,34.95141],[136.8355,34.95156],[136.83565,34.95154],[136.83576,34.95158],[136.83586,34.95166],[136.83599,34.95182],[136.83606,34.95196],[136.8361,34.95214],[136.83609,34.9522],[136.83617,34.95231],[136.83625,34.95241],[136.83631,34.9526],[136.83635,34.95266],[136.83643,34.9527],[136.83649,34.95274],[136.83654,34.95277],[136.83662,34.95277],[136.83679,34.95273],[136.83691,34.95272],[136.83695,34.95273],[136.83708,34.95274],[136.83718,34.95239],[136.83693,34.95183],[136.83764,34.95184],[136.83804,34.95183],[136.83838,34.95184],[136.83905,34.95172],[136.83962,34.95166],[136.83972,34.95164],[136.83981,34.95163],[136.84001,34.95176],[136.84024,34.95187],[136.84035,34.95201],[136.84079,34.95218],[136.84131,34.95234],[136.84231,34.95223],[136.84283,34.95218],[136.84329,34.95216],[136.84367,34.95201],[136.84386,34.95194],[136.8437,34.95098],[136.84364,34.95044],[136.84396,34.95042],[136.84443,34.9504],[136.84462,34.95039],[136.84462,34.95052],[136.84468,34.95057],[136.84476,34.95059],[136.84487,34.95065],[136.84498,34.95072],[136.8451,34.95077],[136.8453,34.95084],[136.84535,34.95088],[136.84531,34.95097],[136.84509,34.9514],[136.84507,34.95162],[136.84508,34.95176],[136.84516,34.95215],[136.84536,34.95268],[136.84541,34.95287],[136.84547,34.95299],[136.8456,34.9532],[136.84574,34.95346],[136.84595,34.95335],[136.84611,34.95327],[136.84638,34.95309],[136.84653,34.95298],[136.84672,34.95287],[136.84686,34.95278],[136.84672,34.95257],[136.84663,34.95246],[136.84692,34.95237]]]}},{"type":"Feature","properties":{"name":"南粕谷一丁目","setai":333,"jinko":814,"key":"23224009001","units":1},"geometry":{"type":"Polygon","coordinates":[[[136.85284,34.93638],[136.85278,34.93614],[136.85265,34.9358],[136.85258,34.93562],[136.8525,34.9354],[136.85238,34.93514],[136.85224,34.93497],[136.85201,34.93481],[136.85173,34.93473],[136.85106,34.93461],[136.85078,34.93455],[136.85065,34.93452],[136.85051,34.93448],[136.85045,34.93445],[136.85028,34.93436],[136.85013,34.93425],[136.84997,34.93407],[136.84956,34.93358],[136.84924,34.93318],[136.84913,34.93325],[136.849,34.93334],[136.84886,34.93342],[136.84875,34.93348],[136.84861,34.93355],[136.8487,34.93365],[136.84841,34.93379],[136.84807,34.93394],[136.84819,34.9344],[136.84832,34.93461],[136.84837,34.93466],[136.84831,34.93481],[136.84821,34.93492],[136.84807,34.935],[136.84789,34.93507],[136.84805,34.93516],[136.8482,34.93527],[136.84826,34.93533],[136.84828,34.93539],[136.84827,34.93548],[136.84826,34.93556],[136.84831,34.93563],[136.84838,34.93568],[136.84853,34.93576],[136.84873,34.93586],[136.849,34.93598],[136.84901,34.93617],[136.84888,34.9363],[136.84875,34.93645],[136.8487,34.93655],[136.84915,34.93656],[136.84995,34.93661],[136.84996,34.93631],[136.85014,34.93623],[136.85036,34.93652],[136.85062,34.93689],[136.85092,34.93731],[136.85113,34.9376],[136.85297,34.93671],[136.85284,34.93638]]]}},{"type":"Feature","properties":{"name":"南粕谷二丁目","setai":461,"jinko":1180,"key":"23224009002","units":1},"geometry":{"type":"Polygon","coordinates":[[[136.85495,34.93264],[136.85466,34.93239],[136.85461,34.93239],[136.85449,34.93237],[136.85427,34.93235],[136.85416,34.93235],[136.85391,34.93234],[136.85379,34.93234],[136.85292,34.93224],[136.85274,34.93221],[136.85262,34.9322],[136.85224,34.93206],[136.85194,34.93195],[136.85182,34.93192],[136.85167,34.9319],[136.85159,34.93189],[136.8515,34.9319],[136.85133,34.93194],[136.85117,34.93204],[136.85115,34.93205],[136.85092,34.93219],[136.85042,34.93249],[136.85017,34.93262],[136.84987,34.93278],[136.84934,34.93311],[136.84924,34.93318],[136.84956,34.93358],[136.84997,34.93407],[136.85013,34.93425],[136.85028,34.93436],[136.85045,34.93445],[136.85051,34.93448],[136.85065,34.93452],[136.85078,34.93455],[136.85106,34.93461],[136.85173,34.93473],[136.85201,34.93481],[136.85224,34.93497],[136.85238,34.93514],[136.8525,34.9354],[136.85258,34.93562],[136.85265,34.9358],[136.85278,34.93614],[136.85284,34.93638],[136.85297,34.93671],[136.8538,34.93632],[136.85508,34.93568],[136.8554,34.93543],[136.85529,34.93532],[136.85521,34.93521],[136.85517,34.93511],[136.85514,34.9349],[136.85517,34.93469],[136.8554,34.93458],[136.8553,34.93441],[136.85537,34.93434],[136.85539,34.93426],[136.85534,34.93419],[136.85531,34.9341],[136.85528,34.93399],[136.85527,34.93389],[136.85516,34.93382],[136.85508,34.93375],[136.85499,34.93371],[136.85477,34.93365],[136.85457,34.93361],[136.85452,34.93355],[136.85448,34.93347],[136.85453,34.93341],[136.85461,34.93336],[136.85471,34.93334],[136.85475,34.93317],[136.85478,34.93315],[136.85491,34.93299],[136.85498,34.93295],[136.85513,34.93281],[136.85495,34.93264]]]}},{"type":"Feature","properties":{"name":"南粕谷三丁目","setai":336,"jinko":848,"key":"23224009003","units":1},"geometry":{"type":"Polygon","coordinates":[[[136.8531,34.93707],[136.85297,34.93671],[136.85113,34.9376],[136.85114,34.93762],[136.85087,34.93774],[136.85136,34.93814],[136.85117,34.93826],[136.85105,34.93834],[136.85091,34.93843],[136.8508,34.93847],[136.85068,34.93852],[136.85057,34.93855],[136.85051,34.93858],[136.8504,34.93866],[136.85009,34.9388],[136.8499,34.93882],[136.84972,34.93885],[136.85007,34.94033],[136.84996,34.94036],[136.84987,34.94038],[136.8497,34.94046],[136.8496,34.94049],[136.84965,34.94066],[136.84969,34.94081],[136.84972,34.9409],[136.84976,34.94099],[136.84985,34.94121],[136.84988,34.94139],[136.84996,34.94181],[136.85,34.94179],[136.85023,34.94166],[136.8504,34.94156],[136.85051,34.94151],[136.85067,34.9415],[136.85085,34.94146],[136.85089,34.94145],[136.85103,34.94141],[136.85119,34.94135],[136.85131,34.94129],[136.85147,34.94123],[136.85164,34.94115],[136.85275,34.94079],[136.85327,34.94063],[136.85383,34.94045],[136.8542,34.94031],[136.85364,34.93856],[136.85324,34.93746],[136.8531,34.93707]]]}},{"type":"Feature","properties":{"name":"南粕谷四丁目","setai":275,"jinko":639,"key":"23224009004","units":1},"geometry":{"type":"Polygon","coordinates":[[[136.8557,34.93813],[136.85568,34.9381],[136.85576,34.9381],[136.85595,34.93804],[136.85602,34.93802],[136.85611,34.93796],[136.85613,34.93793],[136.8563,34.93771],[136.8564,34.93758],[136.85651,34.93748],[136.8566,34.93745],[136.8567,34.9374],[136.85678,34.93738],[136.85688,34.93724],[136.85693,34.93722],[136.85694,34.93719],[136.85689,34.93709],[136.85684,34.93693],[136.85681,34.93685],[136.85664,34.93659],[136.85672,34.93656],[136.85662,34.93647],[136.85654,34.93637],[136.85641,34.93622],[136.85632,34.93618],[136.8562,34.93611],[136.85603,34.93594],[136.85587,34.93578],[136.85583,34.93574],[136.85568,34.93572],[136.85554,34.93567],[136.85549,34.93564],[136.85546,34.9356],[136.85544,34.93553],[136.8554,34.93543],[136.85508,34.93568],[136.8538,34.93632],[136.85297,34.93671],[136.8531,34.93707],[136.85324,34.93746],[136.85364,34.93856],[136.8542,34.94031],[136.85447,34.94021],[136.85459,34.94016],[136.85434,34.93981],[136.85423,34.93965],[136.8541,34.93946],[136.854,34.93919],[136.85427,34.9391],[136.85571,34.93859],[136.85583,34.93852],[136.85582,34.93845],[136.8558,34.93839],[136.8557,34.93813]]]}},{"type":"Feature","properties":{"name":"大興寺","setai":430,"jinko":1210,"key":"232240100","units":1},"geometry":{"type":"Polygon","coordinates":[[[136.86419,34.95807],[136.86325,34.95703],[136.8635,34.95689],[136.86612,34.95649],[136.86808,34.95619],[136.86784,34.95515],[136.86852,34.95503],[136.87371,34.95575],[136.87327,34.95532],[136.87276,34.95493],[136.87272,34.95488],[136.87274,34.95485],[136.87295,34.95472],[136.87304,34.95456],[136.87309,34.95429],[136.87314,34.95419],[136.87325,34.95409],[136.87416,34.95365],[136.87417,34.95362],[136.87412,34.95347],[136.87405,34.95333],[136.87406,34.95324],[136.87456,34.95293],[136.87483,34.95283],[136.8752,34.95277],[136.87598,34.95272],[136.87601,34.95272],[136.87606,34.95274],[136.87656,34.95281],[136.87671,34.95286],[136.87691,34.95301],[136.87718,34.95304],[136.87718,34.95292],[136.87724,34.95286],[136.87738,34.95285],[136.87744,34.95259],[136.87742,34.95247],[136.87742,34.95245],[136.87743,34.95222],[136.87743,34.95219],[136.87743,34.95183],[136.87867,34.95199],[136.87888,34.95091],[136.87942,34.95063],[136.87943,34.95062],[136.87963,34.95052],[136.87948,34.95027],[136.87947,34.95025],[136.87947,34.95023],[136.87949,34.95021],[136.87975,34.94999],[136.87958,34.94989],[136.87943,34.94961],[136.87942,34.94927],[136.87896,34.94927],[136.87929,34.94882],[136.87962,34.94839],[136.87974,34.94825],[136.87985,34.94828],[136.88032,34.94828],[136.88035,34.94688],[136.88022,34.94688],[136.88005,34.94688],[136.88012,34.9455],[136.88059,34.94538],[136.88013,34.94528],[136.88056,34.94504],[136.88084,34.94421],[136.88078,34.94349],[136.88075,34.94299],[136.88069,34.94217],[136.88014,34.94231],[136.87977,34.9421],[136.8794,34.94224],[136.87915,34.9423],[136.87883,34.94235],[136.87779,34.94257],[136.87778,34.94257],[136.87704,34.94199],[136.87696,34.94194],[136.87684,34.94191],[136.87661,34.94184],[136.87658,34.94183],[136.87632,34.9418],[136.876,34.94181],[136.87597,34.94181],[136.87596,34.94181],[136.87591,34.94182],[136.87583,34.94184],[136.87575,34.94186],[136.87567,34.94189],[136.87557,34.94192],[136.87547,34.94196],[136.87537,34.942],[136.87528,34.94205],[136.87519,34.94209],[136.87512,34.94212],[136.87505,34.94215],[136.87499,34.94219],[136.87489,34.94224],[136.8748,34.9423],[136.87472,34.94235],[136.87463,34.94241],[136.87456,34.94245],[136.87454,34.94246],[136.87453,34.94246],[136.87451,34.94246],[136.87446,34.94246],[136.87437,34.94245],[136.87428,34.94244],[136.87423,34.94243],[136.8742,34.94243],[136.87417,34.94241],[136.87413,34.94238],[136.87407,34.94235],[136.87401,34.94231],[136.87394,34.94228],[136.87388,34.94226],[136.87382,34.94225],[136.87375,34.94223],[136.87373,34.94223],[136.87369,34.94222],[136.87367,34.94222],[136.8736,34.94221],[136.87352,34.94219],[136.87344,34.94217],[136.87336,34.94214],[136.87326,34.94211],[136.87316,34.94208],[136.87295,34.94203],[136.87285,34.94201],[136.87278,34.942],[136.87274,34.94199],[136.8727,34.94199],[136.87265,34.942],[136.87258,34.942],[136.8725,34.94201],[136.87243,34.94202],[136.87234,34.94203],[136.87224,34.94205],[136.87214,34.94208],[136.87205,34.9421],[136.87199,34.94211],[136.87196,34.94211],[136.87194,34.94211],[136.87193,34.9421],[136.87192,34.9421],[136.87191,34.94208],[136.87189,34.94207],[136.87187,34.94204],[136.87185,34.94202],[136.87183,34.94201],[136.87182,34.94201],[136.87181,34.94201],[136.8718,34.94201],[136.87177,34.94202],[136.87173,34.94203],[136.87166,34.94204],[136.87159,34.94205],[136.87152,34.94206],[136.87145,34.94206],[136.87139,34.94205],[136.87133,34.94203],[136.87126,34.942],[136.87117,34.94196],[136.87113,34.94193],[136.87103,34.94186],[136.87095,34.9418],[136.87087,34.94176],[136.87081,34.94173],[136.87078,34.94171],[136.87067,34.94167],[136.87048,34.94161],[136.87039,34.94157],[136.87039,34.94125],[136.8686,34.94116],[136.86843,34.94116],[136.86805,34.94112],[136.86629,34.94102],[136.86594,34.94102],[136.86582,34.94102],[136.86573,34.941],[136.86493,34.94153],[136.86467,34.94165],[136.86446,34.94172],[136.86441,34.94173],[136.86437,34.94174],[136.86428,34.94172],[136.86423,34.9417],[136.86416,34.94164],[136.864,34.94153],[136.86391,34.94143],[136.86385,34.94135],[136.86372,34.94098],[136.86366,34.94082],[136.8636,34.94063],[136.86359,34.94054],[136.86361,34.94034],[136.86365,34.94026],[136.86371,34.94015],[136.86372,34.94011],[136.86369,34.94001],[136.86364,34.93982],[136.86362,34.93973],[136.86325,34.93971],[136.86314,34.93971],[136.86304,34.93972],[136.86287,34.9398],[136.86287,34.94012],[136.86273,34.94005],[136.86257,34.94005],[136.86245,34.9401],[136.86227,34.9402],[136.86187,34.94042],[136.8617,34.94054],[136.86153,34.9405],[136.86137,34.94041],[136.86094,34.94025],[136.86083,34.94022],[136.86067,34.9402],[136.86057,34.94017],[136.86046,34.94013],[136.8604,34.94008],[136.86033,34.94003],[136.86024,34.93999],[136.86017,34.93993],[136.8601,34.93982],[136.86005,34.93977],[136.85998,34.93973],[136.85991,34.93973],[136.85964,34.93969],[136.85953,34.93963],[136.85945,34.93954],[136.85943,34.93946],[136.85908,34.93932],[136.85892,34.93937],[136.85864,34.93946],[136.85843,34.93957],[136.85818,34.93957],[136.85797,34.93954],[136.85764,34.93952],[136.85721,34.93941],[136.85695,34.93949],[136.8566,34.9397],[136.85634,34.93983],[136.85605,34.9399],[136.85576,34.93988],[136.85531,34.93999],[136.8552,34.94001],[136.85482,34.9402],[136.85478,34.94026],[136.85466,34.94031],[136.85444,34.94029],[136.85438,34.94034],[136.85423,34.94056],[136.85351,34.94086],[136.85305,34.94098],[136.85233,34.94121],[136.85196,34.94129],[136.8515,34.9415],[136.85097,34.94163],[136.85089,34.94145],[136.85085,34.94146],[136.85067,34.9415],[136.85051,34.94151],[136.8504,34.94156],[136.85023,34.94166],[136.85,34.94179],[136.85031,34.94242],[136.85058,34.94302],[136.85073,34.94339],[136.85108,34.94323],[136.8517,34.943],[136.85231,34.94281],[136.85259,34.94288],[136.85313,34.94274],[136.85326,34.94273],[136.85337,34.94277],[136.85346,34.94296],[136.85364,34.94307],[136.85385,34.94331],[136.85422,34.94347],[136.85355,34.94463],[136.8537,34.9447],[136.8537,34.94477],[136.85356,34.94506],[136.85351,34.94515],[136.8535,34.94522],[136.85361,34.94528],[136.85394,34.94545],[136.85422,34.94561],[136.8543,34.94569],[136.8544,34.94593],[136.85472,34.94633],[136.85507,34.94686],[136.85508,34.947],[136.85521,34.94725],[136.85525,34.94735],[136.85534,34.94742],[136.85537,34.94744],[136.85541,34.94743],[136.85572,34.94797],[136.85583,34.94812],[136.85566,34.94815],[136.85547,34.94819],[136.85522,34.94821],[136.85514,34.9482],[136.85514,34.94828],[136.85513,34.94836],[136.85512,34.94844],[136.85513,34.94853],[136.85528,34.94871],[136.85537,34.94883],[136.85541,34.94892],[136.85545,34.94919],[136.85541,34.94943],[136.85533,34.94964],[136.85523,34.9498],[136.85416,34.94996],[136.85388,34.94977],[136.8537,34.94962],[136.85355,34.94949],[136.85342,34.94933],[136.85338,34.94911],[136.85332,34.94891],[136.85319,34.94871],[136.85311,34.9485],[136.85312,34.94823],[136.85316,34.94795],[136.85316,34.94787],[136.85312,34.94756],[136.85308,34.94748],[136.85298,34.9474],[136.85266,34.94724],[136.85252,34.94719],[136.8524,34.9472],[136.85212,34.94733],[136.85231,34.94759],[136.85243,34.94776],[136.85247,34.94794],[136.85259,34.94841],[136.85267,34.94873],[136.85274,34.94898],[136.85272,34.94914],[136.85267,34.94928],[136.85259,34.94941],[136.85251,34.94956],[136.85248,34.9497],[136.85247,34.94995],[136.85249,34.95023],[136.8528,34.95167],[136.85295,34.9523],[136.85309,34.95218],[136.85335,34.95193],[136.85356,34.95173],[136.8537,34.95155],[136.85377,34.95151],[136.85396,34.95145],[136.85414,34.9514],[136.85432,34.95134],[136.85448,34.9513],[136.85473,34.95123],[136.85503,34.95118],[136.85533,34.95114],[136.85544,34.95117],[136.85552,34.9512],[136.85558,34.95125],[136.85564,34.95126],[136.85575,34.95127],[136.85586,34.95127],[136.85596,34.95129],[136.85611,34.95131],[136.85624,34.95135],[136.85646,34.95142],[136.85652,34.95143],[136.85661,34.95139],[136.85683,34.95126],[136.85701,34.95117],[136.85739,34.95105],[136.85755,34.95098],[136.858,34.95061],[136.85809,34.9505],[136.85813,34.9504],[136.85818,34.95032],[136.85827,34.95053],[136.85842,34.95053],[136.85862,34.95057],[136.8588,34.95064],[136.859,34.95075],[136.8591,34.95075],[136.85916,34.9511],[136.85942,34.9525],[136.85956,34.95322],[136.85958,34.95337],[136.85958,34.95351],[136.85948,34.95418],[136.85935,34.95492],[136.85815,34.95481],[136.85802,34.9548],[136.85778,34.95478],[136.85731,34.95475],[136.85696,34.95464],[136.85628,34.9545],[136.8556,34.95519],[136.85551,34.95517],[136.85539,34.95515],[136.85528,34.95515],[136.85517,34.95515],[136.85509,34.95515],[136.85502,34.95519],[136.85497,34.95523],[136.85483,34.95577],[136.85393,34.95561],[136.85357,34.95554],[136.85357,34.95565],[136.85358,34.95576],[136.85357,34.95586],[136.85362,34.95607],[136.85362,34.95618],[136.85356,34.95626],[136.85352,34.95633],[136.85347,34.95637],[136.85344,34.95641],[136.85338,34.95649],[136.85331,34.95654],[136.85331,34.95655],[136.85322,34.95661],[136.85316,34.95665],[136.85305,34.95684],[136.85284,34.95708],[136.8528,34.95711],[136.85271,34.9572],[136.85319,34.95766],[136.8534,34.95788],[136.8536,34.95781],[136.85373,34.95774],[136.85383,34.95773],[136.85411,34.95782],[136.85427,34.95789],[136.85441,34.95793],[136.85462,34.95798],[136.85495,34.95803],[136.8553,34.95799],[136.85647,34.9578],[136.85671,34.95776],[136.857,34.9577],[136.85713,34.95764],[136.85731,34.95753],[136.85737,34.95753],[136.85744,34.95753],[136.85788,34.95767],[136.85843,34.95789],[136.85857,34.9579],[136.85892,34.95782],[136.85909,34.9578],[136.85922,34.95782],[136.85943,34.95785],[136.85969,34.95786],[136.86014,34.9578],[136.86044,34.9577],[136.86067,34.95761],[136.86132,34.95758],[136.86153,34.9576],[136.86231,34.958],[136.86244,34.9581],[136.86268,34.95849],[136.86279,34.95857],[136.86291,34.95861],[136.8631,34.95863],[136.86344,34.95874],[136.86348,34.95876],[136.86368,34.95851],[136.86398,34.95825],[136.86419,34.95807]]]}},{"type":"Feature","properties":{"name":"日長台","setai":610,"jinko":1194,"key":"232240110","units":1},"geometry":{"type":"Polygon","coordinates":[[[136.85357,34.95565],[136.85357,34.95554],[136.85393,34.95561],[136.85418,34.95515],[136.85423,34.95502],[136.85432,34.95472],[136.85433,34.95444],[136.85431,34.95417],[136.8542,34.95378],[136.85374,34.95372],[136.85332,34.95299],[136.85322,34.95298],[136.85313,34.95297],[136.85296,34.95294],[136.85286,34.9529],[136.8527,34.95281],[136.8526,34.95272],[136.85254,34.95265],[136.85236,34.95266],[136.85226,34.95264],[136.85217,34.95257],[136.85203,34.95247],[136.85195,34.95243],[136.85189,34.95239],[136.85178,34.95235],[136.85163,34.95236],[136.85155,34.95239],[136.85138,34.95251],[136.8512,34.95262],[136.85113,34.95266],[136.8509,34.95277],[136.85069,34.95285],[136.85051,34.95292],[136.85054,34.95309],[136.85051,34.95336],[136.85056,34.95344],[136.85062,34.95343],[136.85067,34.95345],[136.85071,34.95351],[136.85127,34.95351],[136.85168,34.95353],[136.85153,34.95369],[136.85143,34.95381],[136.85131,34.95398],[136.85123,34.95407],[136.85117,34.95419],[136.85115,34.95431],[136.85095,34.95431],[136.85084,34.95479],[136.8508,34.95534],[136.85123,34.95599],[136.85146,34.95616],[136.85164,34.95633],[136.85174,34.95646],[136.85182,34.95658],[136.85184,34.95669],[136.85174,34.95673],[136.85162,34.95682],[136.85149,34.95689],[136.85143,34.95693],[136.85136,34.95699],[136.85128,34.95701],[136.8515,34.95711],[136.85164,34.95717],[136.85176,34.95724],[136.85199,34.95758],[136.85209,34.95772],[136.85217,34.95777],[136.85234,34.95788],[136.85261,34.95795],[136.85273,34.95796],[136.8529,34.95797],[136.85305,34.95796],[136.8534,34.95788],[136.85319,34.95766],[136.85271,34.9572],[136.8528,34.95711],[136.85284,34.95708],[136.85305,34.95684],[136.85316,34.95665],[136.85322,34.95661],[136.85331,34.95655],[136.85331,34.95654],[136.85338,34.95649],[136.85344,34.95641],[136.85347,34.95637],[136.85352,34.95633],[136.85356,34.95626],[136.85362,34.95618],[136.85362,34.95607],[136.85357,34.95586],[136.85358,34.95576],[136.85357,34.95565]]]}},{"type":"Feature","properties":{"name":"北浜町","setai":9,"jinko":26,"key":"232240120","units":1},"geometry":{"type":"Polygon","coordinates":[[[136.86993,35.00835],[136.87068,35.00794],[136.87077,35.00789],[136.86861,35.00525],[136.86986,35.00434],[136.87018,35.00416],[136.87226,35.00309],[136.8719,35.00271],[136.87183,35.00263],[136.8722,35.0024],[136.87208,35.00223],[136.872,35.00227],[136.87191,35.00229],[136.87179,35.00228],[136.87166,35.00222],[136.87162,35.00217],[136.87148,35.00196],[136.86862,35.00333],[136.86852,35.00332],[136.86843,35.0033],[136.86836,35.00326],[136.86638,35.00049],[136.86438,34.99764],[136.86297,34.99551],[136.86159,34.99383],[136.85983,34.99134],[136.85971,34.99125],[136.85954,34.99118],[136.85875,34.99118],[136.8586,34.99114],[136.85845,34.99105],[136.85778,34.99025],[136.85664,34.98888],[136.85621,34.98842],[136.85562,34.98783],[136.85599,34.98765],[136.85537,34.98697],[136.855,34.9866],[136.85469,34.98625],[136.85363,34.98516],[136.85352,34.98505],[136.85271,34.98416],[136.8516,34.98294],[136.85154,34.98288],[136.85125,34.98259],[136.85032,34.9816],[136.84986,34.98109],[136.84814,34.98189],[136.84326,34.98417],[136.84128,34.98512],[136.83783,34.98674],[136.83786,34.98679],[136.83781,34.98682],[136.83852,34.98785],[136.83905,34.98861],[136.83907,34.98863],[136.83908,34.98864],[136.83865,34.98884],[136.83864,34.98883],[136.83862,34.98884],[136.83853,34.98872],[136.8385,34.98873],[136.83852,34.98875],[136.83854,34.98875],[136.8387,34.98899],[136.83869,34.989],[136.83871,34.98903],[136.83874,34.98901],[136.83866,34.98889],[136.83867,34.98889],[136.83866,34.98887],[136.83909,34.98866],[136.83954,34.98931],[136.83933,34.98941],[136.83923,34.98969],[136.83911,34.98952],[136.83909,34.98952],[136.83908,34.98953],[136.83907,34.98955],[136.83908,34.98957],[136.8391,34.98957],[136.83912,34.98956],[136.83921,34.98969],[136.83919,34.98972],[136.83923,34.98977],[136.83926,34.98976],[136.83934,34.98987],[136.83932,34.98991],[136.83933,34.98992],[136.83936,34.98992],[136.83937,34.9899],[136.83927,34.98975],[136.83928,34.98975],[136.83926,34.98971],[136.83935,34.98942],[136.83955,34.98932],[136.84033,34.99045],[136.84044,34.99046],[136.8408,34.99096],[136.84072,34.991],[136.84116,34.99165],[136.84093,34.99176],[136.84092,34.99175],[136.8406,34.99191],[136.84058,34.99188],[136.84051,34.99191],[136.84042,34.99178],[136.84039,34.9918],[136.84042,34.99185],[136.84045,34.99185],[136.84049,34.99192],[136.84048,34.99192],[136.84055,34.99203],[136.84056,34.99203],[136.84062,34.99212],[136.84062,34.99215],[136.84065,34.99217],[136.84067,34.99216],[136.84064,34.99211],[136.84076,34.99205],[136.84077,34.99207],[136.84085,34.99204],[136.84082,34.99199],[136.84074,34.99203],[136.84075,34.99204],[136.84063,34.99209],[136.84057,34.99201],[136.84067,34.99196],[136.84067,34.99195],[136.84073,34.99192],[136.84073,34.99191],[136.84117,34.9917],[136.84119,34.99169],[136.84148,34.99211],[136.84108,34.99234],[136.84108,34.99233],[136.84083,34.99245],[136.84128,34.99309],[136.84132,34.99314],[136.84133,34.99317],[136.84171,34.99371],[136.84194,34.9936],[136.84165,34.99317],[136.84163,34.99314],[136.84161,34.99311],[136.84119,34.9925],[136.84154,34.99233],[136.84163,34.99232],[136.84217,34.99311],[136.8422,34.99315],[136.84222,34.99317],[136.84292,34.99419],[136.84256,34.99436],[136.84252,34.99429],[136.84244,34.99433],[136.84249,34.99439],[136.84252,34.99438],[136.84254,34.9944],[136.84294,34.99422],[136.84326,34.99466],[136.84327,34.99469],[136.8433,34.99472],[136.84336,34.99481],[136.84354,34.99506],[136.84389,34.99557],[136.8438,34.99561],[136.84379,34.9956],[136.84367,34.99566],[136.84368,34.99568],[136.84332,34.99584],[136.84327,34.99577],[136.84325,34.99575],[136.84301,34.9954],[136.84291,34.99545],[136.84327,34.99595],[136.84361,34.99644],[136.84371,34.9964],[136.84353,34.99614],[136.84341,34.99597],[136.84345,34.99594],[136.84342,34.9959],[136.84394,34.99565],[136.84456,34.99653],[136.84498,34.99714],[136.84441,34.99741],[136.84425,34.99718],[136.84416,34.99722],[136.84446,34.99766],[136.84552,34.99918],[136.84561,34.99914],[136.84526,34.99863],[136.84582,34.99837],[136.84624,34.99898],[136.84631,34.999],[136.84896,34.99863],[136.85062,34.99839],[136.85148,34.99826],[136.85151,34.99826],[136.85229,34.99938],[136.85173,34.99965],[136.85148,34.99929],[136.85147,34.9993],[136.85138,34.99934],[136.85147,34.99948],[136.85313,35.00185],[136.85337,35.00219],[136.85357,35.00246],[136.85366,35.00242],[136.8535,35.00219],[136.85342,35.00207],[136.85357,35.002],[136.85362,35.00207],[136.85372,35.00203],[136.85368,35.00195],[136.85398,35.00181],[136.85424,35.00216],[136.85426,35.00219],[136.85429,35.00222],[136.85455,35.00261],[136.85456,35.00279],[136.85456,35.00287],[136.85455,35.00293],[136.85453,35.003],[136.85448,35.0031],[136.85445,35.00314],[136.85441,35.00319],[136.85434,35.00323],[136.8542,35.00325],[136.85417,35.00313],[136.85428,35.00311],[136.85425,35.00303],[136.85405,35.00308],[136.85407,35.00316],[136.85416,35.00313],[136.85418,35.00325],[136.85333,35.00337],[136.8533,35.00325],[136.85266,35.00334],[136.85268,35.00347],[136.8515,35.00364],[136.85146,35.00365],[136.85141,35.00365],[136.8507,35.00375],[136.85068,35.00364],[136.85075,35.00363],[136.85077,35.00363],[136.85079,35.00363],[136.85079,35.00361],[136.85078,35.0036],[136.85076,35.0036],[136.85075,35.00361],[136.85068,35.00362],[136.85067,35.00361],[136.85061,35.00362],[136.85061,35.00363],[136.85018,35.00369],[136.85011,35.00332],[136.85053,35.00326],[136.85065,35.00325],[136.85206,35.00305],[136.85203,35.00292],[136.85146,35.00301],[136.84998,35.00321],[136.85,35.00334],[136.85002,35.00333],[136.85011,35.00377],[136.85016,35.00376],[136.85018,35.00383],[136.84869,35.00404],[136.84833,35.00356],[136.84831,35.00345],[136.84647,35.00372],[136.8465,35.00385],[136.84827,35.0036],[136.84861,35.00406],[136.8486,35.00406],[136.84785,35.00416],[136.84782,35.00398],[136.8478,35.00398],[136.84784,35.00417],[136.84567,35.00447],[136.8446,35.00462],[136.84457,35.00447],[136.84465,35.00438],[136.84469,35.00437],[136.84468,35.00433],[136.84444,35.00437],[136.84444,35.00439],[136.84437,35.0044],[136.84437,35.00442],[136.8444,35.00442],[136.8444,35.00441],[136.84444,35.00441],[136.84445,35.00442],[136.84447,35.00442],[136.84452,35.00464],[136.84384,35.00473],[136.84379,35.00483],[136.84384,35.00491],[136.84368,35.00498],[136.84369,35.005],[136.84385,35.00492],[136.84461,35.006],[136.84412,35.00624],[136.8441,35.00621],[136.84408,35.00622],[136.84379,35.00581],[136.84366,35.00587],[136.84369,35.00593],[136.84368,35.00594],[136.84372,35.006],[136.84374,35.00599],[136.84385,35.00616],[136.84384,35.00617],[136.84388,35.00623],[136.8439,35.00623],[136.84404,35.00642],[136.84402,35.00643],[136.84406,35.00648],[136.84407,35.00647],[136.84419,35.00665],[136.84419,35.00665],[136.8442,35.00667],[136.84428,35.00679],[136.84444,35.00672],[136.84441,35.00667],[136.84417,35.00633],[136.84419,35.00633],[136.84416,35.00628],[136.84464,35.00605],[136.84503,35.00663],[136.84507,35.00668],[136.84509,35.0067],[136.84557,35.00738],[136.84541,35.00746],[136.84542,35.00747],[136.84543,35.00747],[136.84543,35.00746],[136.84557,35.00739],[136.84574,35.00763],[136.84572,35.00764],[136.84586,35.00786],[136.84589,35.00784],[136.84603,35.00803],[136.84609,35.00805],[136.8462,35.00804],[136.84621,35.00804],[136.8478,35.00781],[136.84781,35.00786],[136.84779,35.00787],[136.84781,35.00789],[136.84782,35.00795],[136.84781,35.00796],[136.84783,35.00797],[136.84784,35.00804],[136.84783,35.00805],[136.84785,35.00806],[136.84786,35.00813],[136.84784,35.00815],[136.84787,35.00815],[136.84788,35.00822],[136.84786,35.00823],[136.84789,35.00824],[136.8479,35.0083],[136.84788,35.00832],[136.84791,35.00833],[136.84792,35.0084],[136.84789,35.00841],[136.84793,35.00842],[136.84794,35.00848],[136.84792,35.0085],[136.84794,35.0085],[136.84796,35.00857],[136.84793,35.00859],[136.84797,35.0086],[136.84797,35.00862],[136.84799,35.00863],[136.84799,35.00864],[136.84793,35.00865],[136.84795,35.00876],[136.84803,35.00887],[136.84803,35.00889],[136.84797,35.0089],[136.84803,35.00918],[136.84822,35.00916],[136.84828,35.00926],[136.84743,35.00938],[136.84745,35.00947],[136.84836,35.00934],[136.84943,35.01092],[136.84964,35.01062],[136.84973,35.01061],[136.84973,35.01066],[136.84962,35.01075],[136.84975,35.01088],[136.8499,35.01076],[136.84978,35.01066],[136.84977,35.01061],[136.8511,35.01043],[136.8512,35.01085],[136.85118,35.01086],[136.85115,35.01096],[136.85116,35.01102],[136.85117,35.01103],[136.8512,35.01103],[136.8512,35.01104],[136.85134,35.01102],[136.85134,35.011],[136.85136,35.011],[136.85135,35.01094],[136.85127,35.01084],[136.85125,35.01084],[136.85116,35.01042],[136.85136,35.01038],[136.85142,35.01037],[136.85143,35.01037],[136.85147,35.01036],[136.85234,35.01023],[136.85243,35.01066],[136.85237,35.01075],[136.85237,35.01076],[136.85239,35.01083],[136.8524,35.01084],[136.85242,35.01084],[136.85243,35.01085],[136.85258,35.01082],[136.85259,35.0108],[136.85259,35.01076],[136.85258,35.01075],[136.8525,35.01066],[136.85248,35.01066],[136.85239,35.01023],[136.85249,35.01021],[136.85252,35.01034],[136.85285,35.01029],[136.85286,35.01036],[136.85351,35.01027],[136.85355,35.01045],[136.85289,35.01055],[136.85292,35.01069],[136.85287,35.0107],[136.85289,35.01077],[136.85303,35.01075],[136.85302,35.01068],[136.85316,35.01066],[136.85314,35.01071],[136.85314,35.01072],[136.85315,35.01073],[136.85323,35.01072],[136.85323,35.01071],[136.85323,35.0107],[136.8532,35.01065],[136.85366,35.01058],[136.85367,35.01057],[136.85367,35.01055],[136.85366,35.01049],[136.85365,35.01049],[136.85364,35.01044],[136.85363,35.01044],[136.85363,35.01042],[136.8536,35.01043],[136.85352,35.01006],[136.8542,35.00996],[136.85421,35.01],[136.85418,35.01016],[136.85442,35.01019],[136.85445,35.01003],[136.85425,35.01],[136.85424,35.00995],[136.85861,35.00933],[136.85962,35.00919],[136.85965,35.00918],[136.85971,35.00917],[136.85998,35.00913],[136.86088,35.00901],[136.86089,35.00903],[136.86146,35.00894],[136.8626,35.00878],[136.8626,35.00875],[136.86406,35.00854],[136.86419,35.00911],[136.86466,35.00905],[136.86585,35.00887],[136.86592,35.00886],[136.8658,35.00828],[136.86581,35.00828],[136.86598,35.0078],[136.86603,35.00779],[136.86529,35.00673],[136.86527,35.0067],[136.86526,35.00669],[136.8652,35.00668],[136.86485,35.00617],[136.86713,35.00473],[136.86713,35.00471],[136.86719,35.00468],[136.8676,35.0052],[136.86756,35.00522],[136.86763,35.00533],[136.86759,35.00538],[136.86757,35.00542],[136.86756,35.00548],[136.86756,35.00552],[136.86756,35.00556],[136.86759,35.00563],[136.8676,35.00566],[136.86765,35.00573],[136.86772,35.00581],[136.86781,35.00591],[136.86788,35.00595],[136.86852,35.00674],[136.86941,35.00785],[136.86966,35.00816],[136.86974,35.00811],[136.86993,35.00835]]]}},{"type":"Feature","properties":{"name":"南浜町","setai":0,"jinko":0,"key":"232240130","units":1},"geometry":{"type":"Polygon","coordinates":[[[136.83783,34.98674],[136.84128,34.98512],[136.84326,34.98417],[136.84814,34.98189],[136.84986,34.98109],[136.84934,34.98049],[136.84898,34.98006],[136.84865,34.9797],[136.8482,34.97923],[136.84792,34.97899],[136.84772,34.97881],[136.84735,34.97849],[136.8471,34.97827],[136.84693,34.97807],[136.84625,34.9773],[136.8457,34.97666],[136.84484,34.97568],[136.84473,34.97555],[136.84474,34.97542],[136.84477,34.97531],[136.84309,34.97347],[136.84254,34.97286],[136.84154,34.97176],[136.84005,34.97012],[136.83891,34.96891],[136.83822,34.96811],[136.83738,34.96722],[136.83578,34.96554],[136.83475,34.96447],[136.8346,34.96442],[136.83451,34.96434],[136.83426,34.96411],[136.83351,34.96346],[136.83339,34.96346],[136.83332,34.96343],[136.83282,34.96303],[136.83227,34.96261],[136.83204,34.96235],[136.83175,34.96206],[136.83142,34.9618],[136.83012,34.96102],[136.8301,34.96097],[136.82958,34.96115],[136.82874,34.9615],[136.82837,34.9617],[136.82047,34.96625],[136.82055,34.96634],[136.82034,34.96641],[136.82033,34.96638],[136.82013,34.96644],[136.8202,34.96657],[136.82039,34.96652],[136.82037,34.96648],[136.8206,34.9664],[136.82099,34.96685],[136.82063,34.96705],[136.81971,34.96803],[136.81969,34.96801],[136.81958,34.96813],[136.8196,34.96815],[136.81874,34.96906],[136.81869,34.96911],[136.81864,34.96906],[136.81847,34.96905],[136.81825,34.96903],[136.81824,34.9691],[136.81732,34.96903],[136.81729,34.96906],[136.81668,34.96901],[136.81627,34.96902],[136.81592,34.96927],[136.81591,34.96931],[136.81596,34.96936],[136.81601,34.96936],[136.81608,34.96931],[136.81609,34.96928],[136.81604,34.96922],[136.81628,34.96905],[136.81668,34.96904],[136.81699,34.96906],[136.81698,34.96913],[136.81701,34.96916],[136.81711,34.96916],[136.81713,34.96914],[136.81714,34.96908],[136.81728,34.96909],[136.81724,34.96953],[136.81721,34.96954],[136.8172,34.96962],[136.81718,34.96962],[136.81718,34.96967],[136.81724,34.96967],[136.81723,34.96969],[136.81728,34.96969],[136.81729,34.96968],[136.81733,34.96968],[136.81734,34.96953],[136.81728,34.96953],[136.81733,34.96908],[136.81734,34.96907],[136.81745,34.96908],[136.81743,34.9691],[136.81742,34.96917],[136.81745,34.96919],[136.81754,34.9692],[136.81757,34.96918],[136.81758,34.96909],[136.81789,34.96911],[136.81792,34.9696],[136.81789,34.9696],[136.81789,34.96954],[136.81778,34.96953],[136.81777,34.96963],[136.8179,34.96965],[136.81789,34.96975],[136.81794,34.96976],[136.81793,34.96977],[136.81799,34.96978],[136.81799,34.96976],[136.81803,34.96976],[136.81804,34.96966],[136.81807,34.96966],[136.81807,34.96974],[136.81823,34.96975],[136.81823,34.96977],[136.81827,34.96978],[136.81827,34.96979],[136.81831,34.9698],[136.81832,34.96978],[136.81836,34.96978],[136.81837,34.96968],[136.81848,34.96969],[136.81847,34.96972],[136.81853,34.96973],[136.81853,34.96977],[136.81873,34.96978],[136.81886,34.96979],[136.81887,34.96971],[136.8189,34.96971],[136.8189,34.96968],[136.81902,34.96969],[136.81902,34.96981],[136.81906,34.96981],[136.81906,34.96984],[136.8191,34.96985],[136.81911,34.96982],[136.81915,34.96982],[136.81916,34.96974],[136.81925,34.96974],[136.81925,34.96973],[136.81934,34.96974],[136.81933,34.96982],[136.81937,34.96983],[136.81937,34.96986],[136.81942,34.96986],[136.81942,34.96983],[136.81946,34.96984],[136.81948,34.96969],[136.81944,34.96969],[136.8195,34.96927],[136.81951,34.96926],[136.81966,34.96928],[136.81965,34.96935],[136.81965,34.96937],[136.81976,34.96938],[136.8198,34.96937],[136.8198,34.9693],[136.81999,34.96931],[136.81998,34.96939],[136.81999,34.9694],[136.82011,34.96941],[136.82012,34.96933],[136.82013,34.96932],[136.82043,34.96935],[136.82075,34.96943],[136.82094,34.96965],[136.82088,34.9697],[136.82087,34.96972],[136.82095,34.96979],[136.82107,34.96971],[136.82078,34.9694],[136.82043,34.96931],[136.81918,34.96919],[136.81917,34.9693],[136.81926,34.9693],[136.81928,34.96926],[136.81928,34.96924],[136.81943,34.96926],[136.81945,34.96928],[136.81939,34.96968],[136.81934,34.96968],[136.81934,34.96969],[136.81917,34.96967],[136.81917,34.96966],[136.81903,34.96965],[136.81903,34.96966],[136.81888,34.96965],[136.81889,34.9695],[136.8188,34.96949],[136.81884,34.96912],[136.81912,34.96883],[136.81916,34.96886],[136.81931,34.9687],[136.81926,34.96867],[136.82069,34.96715],[136.82106,34.96694],[136.82257,34.96871],[136.82632,34.97309],[136.82623,34.9733],[136.82621,34.97329],[136.8262,34.97332],[136.82621,34.97333],[136.82612,34.97355],[136.8261,34.97355],[136.82609,34.97357],[136.82611,34.97358],[136.82596,34.97391],[136.82595,34.97391],[136.82594,34.97393],[136.82595,34.97393],[136.8258,34.97427],[136.82579,34.97426],[136.82577,34.97429],[136.82579,34.9743],[136.82565,34.97462],[136.82563,34.97462],[136.82562,34.97465],[136.82564,34.97465],[136.82549,34.97498],[136.82548,34.97498],[136.82547,34.975],[136.82548,34.97501],[136.82546,34.97507],[136.82534,34.97533],[136.82531,34.97533],[136.82531,34.97534],[136.82489,34.97531],[136.82489,34.97529],[136.82485,34.97529],[136.82485,34.97531],[136.82443,34.97527],[136.82443,34.97526],[136.8244,34.97526],[136.8244,34.97527],[136.82424,34.97526],[136.82425,34.97523],[136.82413,34.97522],[136.82412,34.97525],[136.82397,34.97524],[136.82397,34.97522],[136.82394,34.97522],[136.82393,34.97524],[136.82352,34.9752],[136.82352,34.97519],[136.82348,34.97519],[136.82348,34.9752],[136.82307,34.97517],[136.82307,34.97516],[136.82297,34.97515],[136.82295,34.97524],[136.82297,34.97524],[136.82294,34.97554],[136.82288,34.97553],[136.8229,34.97538],[136.82284,34.97538],[136.82281,34.97569],[136.82252,34.97557],[136.82253,34.97556],[136.82251,34.97555],[136.8225,34.97556],[136.82224,34.97545],[136.82225,34.97544],[136.82223,34.97543],[136.82222,34.97544],[136.82189,34.97531],[136.82181,34.97518],[136.82148,34.97517],[136.82123,34.97524],[136.82072,34.9752],[136.8207,34.97518],[136.82063,34.97521],[136.82068,34.97528],[136.82075,34.97524],[136.82074,34.97522],[136.82118,34.97526],[136.82118,34.97531],[136.82123,34.97531],[136.82123,34.97527],[136.82149,34.9752],[136.82149,34.97523],[136.82155,34.97523],[136.82155,34.9752],[136.82176,34.97521],[136.82175,34.97525],[136.82181,34.97526],[136.82181,34.97524],[136.82186,34.97531],[136.82184,34.97531],[136.82184,34.97537],[136.82189,34.97537],[136.82189,34.97533],[136.8222,34.97546],[136.8222,34.97548],[136.82222,34.97549],[136.82223,34.97547],[136.82249,34.97558],[136.82248,34.97559],[136.8225,34.9756],[136.82251,34.97559],[136.8228,34.97571],[136.82236,34.97567],[136.82236,34.97559],[136.8222,34.97559],[136.8222,34.9757],[136.8222,34.97572],[136.82222,34.97572],[136.82235,34.97573],[136.82235,34.97571],[136.82289,34.97576],[136.82289,34.97581],[136.8231,34.97583],[136.8231,34.9758],[136.82341,34.97583],[136.82342,34.97575],[136.82348,34.97575],[136.82347,34.97582],[136.82363,34.97583],[136.82364,34.97577],[136.82367,34.97577],[136.82366,34.97583],[136.82375,34.97584],[136.82376,34.97576],[136.82367,34.97575],[136.82364,34.97575],[136.82367,34.97552],[136.82351,34.9755],[136.82348,34.97574],[136.82343,34.97573],[136.82343,34.97568],[136.82329,34.97567],[136.82331,34.97549],[136.82335,34.97549],[136.82335,34.97548],[136.82377,34.97551],[136.82377,34.97552],[136.8238,34.97552],[136.82381,34.97551],[136.824,34.97553],[136.824,34.97555],[136.82397,34.97555],[136.82396,34.97556],[136.82395,34.97562],[136.82396,34.97563],[136.82405,34.97564],[136.82406,34.97563],[136.82407,34.97556],[136.82406,34.97556],[136.82405,34.97556],[136.82406,34.97553],[136.82422,34.97554],[136.82421,34.97556],[136.82425,34.97556],[136.82425,34.97555],[136.82468,34.97558],[136.82468,34.9756],[136.82474,34.97561],[136.82474,34.97558],[136.82492,34.97559],[136.82492,34.97563],[136.82484,34.97568],[136.82491,34.97577],[136.82502,34.9757],[136.82495,34.97563],[136.82496,34.9756],[136.82515,34.97561],[136.82515,34.97563],[136.82519,34.97563],[136.82519,34.97561],[136.82554,34.97564],[136.82554,34.97565],[136.82555,34.97567],[136.82561,34.97567],[136.82565,34.97565],[136.82568,34.97558],[136.82566,34.97558],[136.82579,34.97526],[136.82581,34.97527],[136.82582,34.97524],[136.8258,34.97523],[136.82587,34.97507],[136.82594,34.97493],[136.82595,34.97493],[136.82596,34.9749],[136.82595,34.97489],[136.82609,34.97457],[136.8261,34.97457],[136.82611,34.97454],[136.82611,34.97454],[136.82625,34.97422],[136.82626,34.97422],[136.82627,34.97419],[136.82626,34.97419],[136.8264,34.97387],[136.82641,34.97387],[136.82643,34.97384],[136.82641,34.97384],[136.82653,34.97356],[136.82654,34.97356],[136.82655,34.97354],[136.82654,34.97354],[136.8266,34.97341],[136.82679,34.97364],[136.82693,34.97379],[136.82696,34.97382],[136.828,34.97506],[136.82802,34.97508],[136.82804,34.97511],[136.82959,34.97693],[136.83014,34.97758],[136.8311,34.97874],[136.83424,34.97725],[136.83433,34.97721],[136.83507,34.97686],[136.83513,34.97683],[136.83517,34.97681],[136.83613,34.97636],[136.83698,34.9776],[136.83677,34.97769],[136.83675,34.97766],[136.83671,34.97768],[136.83673,34.97771],[136.83641,34.97786],[136.83638,34.97784],[136.83627,34.97789],[136.8363,34.97792],[136.83595,34.97808],[136.83592,34.97805],[136.83589,34.97806],[136.83591,34.97809],[136.8359,34.9781],[136.83534,34.97836],[136.83531,34.97831],[136.83534,34.97829],[136.83536,34.97829],[136.83537,34.97829],[136.83537,34.97828],[136.83543,34.97825],[136.83544,34.97826],[136.83549,34.97823],[136.83546,34.97819],[136.83542,34.97821],[136.83542,34.97823],[136.83537,34.97825],[136.83536,34.97824],[136.83532,34.97826],[136.83533,34.97827],[136.8353,34.97829],[136.83529,34.97827],[136.83516,34.97833],[136.83517,34.97835],[136.83515,34.97836],[136.83513,34.97835],[136.83512,34.97835],[136.83509,34.97837],[136.8351,34.97838],[136.83504,34.97841],[136.83503,34.9784],[136.83498,34.97843],[136.83501,34.97847],[136.83506,34.97844],[136.83505,34.97843],[136.83511,34.9784],[136.83512,34.97841],[136.83512,34.97841],[136.83514,34.9784],[136.83515,34.97839],[136.83514,34.97839],[136.83518,34.97837],[136.83523,34.97844],[136.83512,34.97849],[136.83508,34.97851],[136.83462,34.97872],[136.83461,34.97871],[136.83455,34.97874],[136.83458,34.97879],[136.83465,34.97876],[136.83464,34.97874],[136.83509,34.97853],[136.83512,34.97851],[136.83525,34.97846],[136.83529,34.97853],[136.83526,34.97854],[136.83524,34.97853],[136.83523,34.97853],[136.83523,34.97854],[136.83523,34.97855],[136.83516,34.97858],[136.83515,34.97857],[136.83512,34.97859],[136.8351,34.9786],[136.83512,34.97863],[136.83513,34.97864],[136.83518,34.97861],[136.83517,34.9786],[136.83523,34.97857],[136.83524,34.97859],[136.83528,34.97857],[136.83528,34.97856],[136.83527,34.97855],[136.8353,34.97854],[136.83531,34.97856],[136.83544,34.9785],[136.83543,34.97848],[136.83546,34.97846],[136.83546,34.97848],[136.83548,34.97848],[136.83551,34.97846],[136.8355,34.97845],[136.83556,34.97842],[136.83557,34.97843],[136.83562,34.97841],[136.83559,34.97836],[136.83554,34.97838],[136.83555,34.9784],[136.83549,34.97843],[136.83546,34.97842],[136.83546,34.97844],[136.83542,34.97846],[136.83539,34.97842],[136.83595,34.97816],[136.83598,34.97819],[136.83602,34.97817],[136.836,34.97814],[136.83678,34.97777],[136.8368,34.9778],[136.83684,34.97779],[136.83682,34.97776],[136.83702,34.97768],[136.83778,34.97877],[136.83759,34.97886],[136.83756,34.97883],[136.83752,34.97885],[136.83754,34.97888],[136.83722,34.97903],[136.83716,34.97895],[136.83705,34.979],[136.8371,34.97909],[136.83677,34.97925],[136.83674,34.97919],[136.83669,34.97922],[136.83672,34.97927],[136.83616,34.97953],[136.83612,34.97948],[136.83625,34.97942],[136.83626,34.97943],[136.83627,34.97943],[136.83631,34.97941],[136.83632,34.9794],[136.83627,34.97937],[136.83624,34.97939],[136.83624,34.97941],[136.83611,34.97947],[136.8361,34.97945],[136.83597,34.9795],[136.83599,34.97952],[136.83586,34.97959],[136.83584,34.97958],[136.83581,34.97959],[136.83581,34.97961],[136.83582,34.97963],[136.83583,34.97964],[136.83588,34.97962],[136.83588,34.97961],[136.83587,34.9796],[136.836,34.97954],[136.83602,34.97957],[136.83605,34.97961],[136.83605,34.97961],[136.83545,34.97989],[136.83543,34.97988],[136.83537,34.97991],[136.8354,34.97996],[136.83547,34.97993],[136.83546,34.97991],[136.83589,34.97971],[136.8359,34.97972],[136.83593,34.9797],[136.83593,34.97969],[136.83606,34.97963],[136.83611,34.9797],[136.83598,34.97976],[136.83598,34.97975],[136.83591,34.97978],[136.83596,34.97981],[136.836,34.97979],[136.83599,34.97978],[136.83612,34.97972],[136.83614,34.97973],[136.83626,34.97967],[136.83625,34.97966],[136.83634,34.97962],[136.83636,34.97961],[136.83637,34.9796],[136.83638,34.97961],[136.83642,34.97959],[136.83642,34.97955],[136.8364,34.97954],[136.83635,34.97957],[136.83636,34.97958],[136.8363,34.97961],[136.83628,34.97962],[136.83624,34.97964],[136.83621,34.97961],[136.83619,34.97959],[136.83676,34.97933],[136.83679,34.97937],[136.83684,34.97935],[136.83681,34.9793],[136.83714,34.97915],[136.8372,34.97923],[136.83731,34.97917],[136.83726,34.97909],[136.83758,34.97895],[136.83761,34.97897],[136.83765,34.97895],[136.83763,34.97893],[136.83782,34.97883],[136.83833,34.97957],[136.83836,34.97961],[136.83838,34.97965],[136.83867,34.98006],[136.83515,34.98171],[136.83511,34.98173],[136.83508,34.98174],[136.83393,34.98227],[136.83392,34.98231],[136.83402,34.98245],[136.8337,34.98241],[136.83258,34.9819],[136.83141,34.98136],[136.83019,34.98127],[136.82924,34.9812],[136.82923,34.98121],[136.82851,34.98116],[136.82767,34.9811],[136.82767,34.98111],[136.82732,34.98109],[136.82732,34.98108],[136.82728,34.98108],[136.82728,34.98109],[136.82692,34.98107],[136.8269,34.98106],[136.82684,34.98106],[136.82684,34.98112],[136.8269,34.98113],[136.82694,34.98113],[136.82695,34.98108],[136.82728,34.98111],[136.82728,34.98112],[136.82732,34.98112],[136.82732,34.98111],[136.82766,34.98114],[136.82766,34.98114],[136.8277,34.98115],[136.8277,34.98114],[136.82805,34.98117],[136.82805,34.98118],[136.82808,34.98118],[136.82808,34.98117],[136.82846,34.9812],[136.82844,34.98122],[136.82849,34.98125],[136.82853,34.9812],[136.82923,34.98126],[136.82922,34.98132],[136.82913,34.98131],[136.82912,34.98139],[136.82889,34.98138],[136.82889,34.98137],[136.82882,34.98136],[136.82881,34.98142],[136.82888,34.98143],[136.82889,34.9814],[136.82912,34.98142],[136.82912,34.98144],[136.82941,34.98147],[136.82942,34.98144],[136.82962,34.98145],[136.82962,34.98147],[136.8297,34.98148],[136.8297,34.98143],[136.82962,34.98142],[136.82962,34.98143],[136.82942,34.98141],[136.82943,34.98134],[136.8293,34.98132],[136.8293,34.98127],[136.83013,34.98133],[136.83013,34.98136],[136.83015,34.98141],[136.83021,34.98139],[136.83019,34.98134],[136.83138,34.98143],[136.83254,34.98196],[136.83367,34.98248],[136.83407,34.98252],[136.83509,34.984],[136.8351,34.98402],[136.83511,34.98403],[136.83516,34.98409],[136.83517,34.98411],[136.83519,34.98413],[136.83542,34.98447],[136.83514,34.9846],[136.8351,34.98462],[136.83507,34.98463],[136.83509,34.98465],[136.8351,34.98464],[136.83543,34.98448],[136.83544,34.98449],[136.8351,34.98465],[136.83509,34.98466],[136.8351,34.98467],[136.83513,34.98471],[136.83522,34.98467],[136.8352,34.98464],[136.83546,34.98452],[136.83597,34.98526],[136.83552,34.98546],[136.83552,34.98572],[136.83603,34.98645],[136.83621,34.98649],[136.83667,34.98628],[136.83683,34.9865],[136.8359,34.9871],[136.83509,34.98761],[136.83354,34.98861],[136.82685,34.99298],[136.82665,34.9931],[136.82542,34.99391],[136.82548,34.99398],[136.82683,34.9931],[136.82685,34.99309],[136.83371,34.98862],[136.83509,34.98772],[136.83595,34.98716],[136.83687,34.98656],[136.83716,34.98697],[136.83778,34.98668],[136.83778,34.98668],[136.83783,34.98674]]]}},{"type":"Feature","properties":{"name":"つつじが丘一丁目","setai":909,"jinko":1760,"key":"23224014001","units":1},"geometry":{"type":"Polygon","coordinates":[[[136.86802,34.98933],[136.86811,34.98927],[136.86957,34.9885],[136.87021,34.98815],[136.871,34.98775],[136.87126,34.98761],[136.87174,34.98822],[136.87238,34.9882],[136.87301,34.98836],[136.87289,34.98821],[136.87394,34.98782],[136.873,34.98671],[136.8727,34.98637],[136.87266,34.98631],[136.87251,34.98613],[136.87244,34.98605],[136.8723,34.98589],[136.87223,34.9858],[136.8721,34.98564],[136.87205,34.98557],[136.87186,34.98535],[136.87166,34.9851],[136.87115,34.98537],[136.8696,34.9862],[136.86962,34.98622],[136.86832,34.98687],[136.86771,34.9872],[136.86679,34.98771],[136.86632,34.98798],[136.86592,34.98815],[136.86552,34.98822],[136.86464,34.98823],[136.86466,34.98842],[136.86463,34.98858],[136.86459,34.98874],[136.86477,34.98875],[136.86491,34.98902],[136.86494,34.98906],[136.86499,34.98908],[136.86508,34.9891],[136.86552,34.98936],[136.86611,34.9893],[136.86621,34.9893],[136.86647,34.98933],[136.86659,34.98929],[136.86697,34.98936],[136.86738,34.98938],[136.86762,34.98957],[136.86799,34.98934],[136.86802,34.98933]]]}},{"type":"Feature","properties":{"name":"つつじが丘二丁目","setai":815,"jinko":1742,"key":"23224014002","units":1},"geometry":{"type":"Polygon","coordinates":[[[136.87572,34.98789],[136.87597,34.98778],[136.87622,34.98792],[136.87645,34.98779],[136.87667,34.98769],[136.87673,34.98777],[136.87699,34.98758],[136.87713,34.98751],[136.87726,34.98746],[136.87715,34.98721],[136.87702,34.9868],[136.87698,34.98663],[136.87684,34.98639],[136.87661,34.986],[136.87643,34.98567],[136.87614,34.98514],[136.876,34.98489],[136.87591,34.98464],[136.87589,34.98446],[136.87587,34.98422],[136.87595,34.9833],[136.87585,34.98298],[136.87491,34.98338],[136.87443,34.98361],[136.87348,34.98414],[136.873,34.98437],[136.87275,34.98451],[136.87166,34.9851],[136.87186,34.98535],[136.87205,34.98557],[136.8721,34.98564],[136.87223,34.9858],[136.8723,34.98589],[136.87244,34.98605],[136.87251,34.98613],[136.87266,34.98631],[136.8727,34.98637],[136.873,34.98671],[136.87394,34.98782],[136.87436,34.98833],[136.87483,34.98825],[136.875,34.9882],[136.87572,34.98789]]]}},{"type":"Feature","properties":{"name":"つつじが丘三丁目","setai":584,"jinko":1388,"key":"23224014003","units":1},"geometry":{"type":"Polygon","coordinates":[[[136.87573,34.98265],[136.87538,34.98156],[136.87525,34.98123],[136.87516,34.98106],[136.87489,34.98074],[136.87441,34.98074],[136.87403,34.98075],[136.87384,34.98075],[136.87345,34.98074],[136.87221,34.98077],[136.87206,34.98078],[136.87191,34.98086],[136.87182,34.98092],[136.87175,34.98097],[136.87166,34.98104],[136.87156,34.98112],[136.87141,34.98124],[136.87127,34.98153],[136.87118,34.98169],[136.87111,34.98176],[136.87101,34.98181],[136.87093,34.98182],[136.87041,34.98181],[136.87027,34.98184],[136.87015,34.98187],[136.87003,34.98194],[136.86996,34.98199],[136.86991,34.98204],[136.86989,34.98215],[136.86983,34.98244],[136.86979,34.98254],[136.86971,34.98265],[136.86966,34.98271],[136.87032,34.9835],[136.87149,34.98489],[136.87165,34.98508],[136.87166,34.9851],[136.87275,34.98451],[136.873,34.98437],[136.87348,34.98414],[136.87443,34.98361],[136.87491,34.98338],[136.87585,34.98298],[136.87573,34.98265]]]}},{"type":"Feature","properties":{"name":"つつじが丘四丁目","setai":890,"jinko":1946,"key":"23224014004","units":1},"geometry":{"type":"Polygon","coordinates":[[[136.87032,34.9835],[136.86966,34.98271],[136.86954,34.98281],[136.86937,34.98295],[136.86923,34.98303],[136.86821,34.98344],[136.86764,34.98367],[136.86711,34.98395],[136.86684,34.98411],[136.86592,34.98457],[136.86559,34.98469],[136.86525,34.98481],[136.8652,34.98483],[136.8651,34.98486],[136.86502,34.98493],[136.86471,34.98542],[136.86449,34.9857],[136.86423,34.98596],[136.86408,34.9861],[136.86376,34.98696],[136.86358,34.98738],[136.86352,34.9878],[136.8635,34.98808],[136.86347,34.98831],[136.864,34.98823],[136.86464,34.98823],[136.86552,34.98822],[136.86592,34.98815],[136.86632,34.98798],[136.86679,34.98771],[136.86771,34.9872],[136.86832,34.98687],[136.86962,34.98622],[136.8696,34.9862],[136.87115,34.98537],[136.87166,34.9851],[136.87165,34.98508],[136.87149,34.98489],[136.87032,34.9835]]]}},{"type":"Feature","properties":{"name":"緑町","setai":2,"jinko":2,"key":"232240150","units":1},"geometry":{"type":"Polygon","coordinates":[[[136.87148,35.00196],[136.87138,35.00183],[136.87119,35.00145],[136.87107,35.00126],[136.87086,35.001],[136.87064,35.00077],[136.87011,35.00003],[136.8699,34.99981],[136.86975,34.99967],[136.86916,34.99919],[136.86863,34.99857],[136.8684,34.99837],[136.86783,34.99782],[136.86678,34.99674],[136.86653,34.99646],[136.86538,34.99534],[136.86531,34.99528],[136.86502,34.99511],[136.8648,34.99503],[136.86471,34.995],[136.8646,34.99499],[136.8645,34.995],[136.86432,34.99488],[136.86357,34.99424],[136.86365,34.99417],[136.86296,34.99358],[136.86267,34.99331],[136.86251,34.99338],[136.86249,34.99341],[136.86229,34.9935],[136.86198,34.99272],[136.86173,34.99248],[136.86199,34.99233],[136.86121,34.99171],[136.85999,34.99072],[136.85988,34.99081],[136.85971,34.99065],[136.8595,34.99055],[136.85918,34.99038],[136.85906,34.99031],[136.85894,34.9902],[136.85886,34.99012],[136.85879,34.99002],[136.85845,34.98978],[136.85837,34.9897],[136.85815,34.98977],[136.85816,34.99002],[136.85815,34.99009],[136.8581,34.99013],[136.85791,34.99021],[136.85778,34.99025],[136.85845,34.99105],[136.8586,34.99114],[136.85875,34.99118],[136.85954,34.99118],[136.85971,34.99125],[136.85983,34.99134],[136.86159,34.99383],[136.86297,34.99551],[136.86438,34.99764],[136.86638,35.00049],[136.86836,35.00326],[136.86843,35.0033],[136.86852,35.00332],[136.86862,35.00333],[136.87148,35.00196]]]}},{"type":"Feature","properties":{"name":"清水が丘一丁目","setai":243,"jinko":549,"key":"23224016001","units":1},"geometry":{"type":"Polygon","coordinates":[[[136.87533,34.99412],[136.87555,34.99379],[136.87574,34.99387],[136.87594,34.99365],[136.87615,34.99379],[136.87606,34.99388],[136.87624,34.99401],[136.87655,34.99369],[136.87679,34.99348],[136.87739,34.99282],[136.87757,34.99264],[136.87762,34.99259],[136.8776,34.9925],[136.87756,34.99237],[136.87754,34.99226],[136.87752,34.99207],[136.87752,34.99165],[136.87753,34.99103],[136.87764,34.99001],[136.87787,34.98899],[136.87773,34.9889],[136.87623,34.98971],[136.87571,34.98997],[136.87542,34.99014],[136.87564,34.99038],[136.87565,34.99054],[136.87564,34.99071],[136.87563,34.99084],[136.8756,34.99106],[136.87562,34.99125],[136.87569,34.99146],[136.87566,34.99161],[136.87563,34.99167],[136.87554,34.99176],[136.87549,34.9918],[136.87542,34.99184],[136.87527,34.9919],[136.8752,34.99195],[136.87516,34.992],[136.87511,34.99207],[136.87506,34.99215],[136.875,34.99218],[136.87492,34.99217],[136.87487,34.99215],[136.87476,34.99213],[136.87463,34.99212],[136.87456,34.99215],[136.87433,34.99227],[136.87406,34.99246],[136.87408,34.99251],[136.87431,34.99308],[136.87445,34.9932],[136.87468,34.99328],[136.87478,34.99334],[136.87483,34.99343],[136.87484,34.99352],[136.87533,34.99412]]]}},{"type":"Feature","properties":{"name":"清水が丘二丁目","setai":210,"jinko":508,"key":"23224016002","units":1},"geometry":{"type":"Polygon","coordinates":[[[136.87623,34.98971],[136.87773,34.9889],[136.87727,34.98855],[136.87738,34.98844],[136.87744,34.98836],[136.87748,34.98829],[136.87749,34.98821],[136.87747,34.98811],[136.87741,34.98793],[136.87726,34.98746],[136.87713,34.98751],[136.87699,34.98758],[136.87673,34.98777],[136.87667,34.98769],[136.87645,34.98779],[136.87622,34.98792],[136.87597,34.98778],[136.87572,34.98789],[136.875,34.9882],[136.87483,34.98825],[136.87436,34.98833],[136.87394,34.98782],[136.87289,34.98821],[136.87301,34.98836],[136.87238,34.9882],[136.87174,34.98822],[136.87141,34.98833],[136.87125,34.98853],[136.87134,34.98878],[136.87149,34.98875],[136.87151,34.98888],[136.87168,34.98886],[136.87181,34.98883],[136.87197,34.98882],[136.87231,34.98887],[136.87232,34.98898],[136.87263,34.98897],[136.87272,34.98898],[136.87275,34.98897],[136.87279,34.98898],[136.87294,34.98909],[136.87305,34.98913],[136.87312,34.9891],[136.87347,34.98915],[136.87357,34.98916],[136.87373,34.98905],[136.87387,34.98917],[136.87399,34.98911],[136.87406,34.98921],[136.87421,34.98913],[136.87426,34.98914],[136.87475,34.98977],[136.87468,34.9898],[136.87482,34.98996],[136.87473,34.99001],[136.8748,34.99011],[136.87502,34.99036],[136.87514,34.99029],[136.87542,34.99014],[136.87571,34.98997],[136.87623,34.98971]]]}},{"type":"Feature","properties":{"name":"にしの台一丁目","setai":677,"jinko":1628,"key":"23224017001","units":1},"geometry":{"type":"Polygon","coordinates":[[[136.87716,34.98371],[136.87721,34.98368],[136.87727,34.98371],[136.87735,34.98377],[136.87743,34.98394],[136.87747,34.98403],[136.87752,34.98409],[136.87758,34.98413],[136.87773,34.98415],[136.87791,34.98416],[136.87808,34.98414],[136.87819,34.98412],[136.87828,34.9841],[136.87836,34.98406],[136.87845,34.98402],[136.8785,34.98396],[136.87858,34.98388],[136.87865,34.98382],[136.8787,34.98374],[136.87876,34.98355],[136.87881,34.98347],[136.87887,34.98341],[136.87897,34.98335],[136.87914,34.9833],[136.8793,34.98323],[136.87939,34.98314],[136.87944,34.98305],[136.87944,34.98297],[136.8794,34.98289],[136.87936,34.98278],[136.87938,34.9827],[136.87944,34.98259],[136.87952,34.98246],[136.87959,34.98237],[136.87962,34.98229],[136.87961,34.98215],[136.87961,34.98209],[136.87958,34.98197],[136.87952,34.98179],[136.87946,34.98166],[136.87939,34.98155],[136.87934,34.98145],[136.87932,34.98136],[136.87934,34.98129],[136.87938,34.98123],[136.8794,34.98117],[136.87939,34.98105],[136.87937,34.98094],[136.87929,34.98085],[136.87919,34.98075],[136.87912,34.98065],[136.87882,34.98059],[136.87877,34.98029],[136.87865,34.98027],[136.87859,34.98025],[136.87842,34.98019],[136.87835,34.98017],[136.87825,34.98018],[136.8782,34.98008],[136.87813,34.9798],[136.87814,34.9797],[136.8783,34.97964],[136.87817,34.97939],[136.87811,34.97927],[136.8781,34.9792],[136.87807,34.97911],[136.87732,34.97911],[136.8773,34.97911],[136.87639,34.97909],[136.87587,34.97909],[136.87573,34.97909],[136.87559,34.97912],[136.87508,34.97922],[136.87459,34.97933],[136.87398,34.97947],[136.87329,34.97963],[136.87325,34.97963],[136.87342,34.9802],[136.87345,34.98074],[136.87384,34.98075],[136.87403,34.98075],[136.87441,34.98074],[136.87489,34.98074],[136.87516,34.98106],[136.87525,34.98123],[136.87538,34.98156],[136.87573,34.98265],[136.87585,34.98298],[136.87595,34.9833],[136.87587,34.98422],[136.87589,34.98446],[136.87615,34.98434],[136.87636,34.98422],[136.87672,34.98399],[136.87676,34.98397],[136.87716,34.98371]]]}},{"type":"Feature","properties":{"name":"にしの台二丁目","setai":654,"jinko":1629,"key":"23224017002","units":1},"geometry":{"type":"Polygon","coordinates":[[[136.87573,34.97909],[136.87587,34.97909],[136.87639,34.97909],[136.8773,34.97911],[136.87732,34.97911],[136.87807,34.97911],[136.8781,34.979],[136.8781,34.97892],[136.87809,34.97885],[136.87809,34.9788],[136.87805,34.97865],[136.878,34.97861],[136.87796,34.97859],[136.87783,34.9786],[136.878,34.97854],[136.87815,34.97849],[136.87829,34.97814],[136.87835,34.97803],[136.87852,34.97807],[136.8786,34.97807],[136.87866,34.97805],[136.87875,34.97776],[136.87874,34.97771],[136.87869,34.97768],[136.87853,34.97765],[136.87843,34.97762],[136.87834,34.97756],[136.87832,34.9775],[136.87834,34.97746],[136.8785,34.97738],[136.87864,34.97731],[136.87869,34.97726],[136.87857,34.97711],[136.8785,34.97716],[136.87844,34.97711],[136.87827,34.97695],[136.87807,34.97708],[136.87762,34.97729],[136.87757,34.97728],[136.87719,34.97718],[136.87707,34.97713],[136.87702,34.97704],[136.87703,34.97691],[136.87736,34.9769],[136.87735,34.97685],[136.8773,34.9768],[136.87724,34.97678],[136.87722,34.97677],[136.87721,34.97673],[136.87721,34.97669],[136.87724,34.97664],[136.87741,34.97582],[136.87751,34.97578],[136.87763,34.97578],[136.87761,34.97562],[136.87758,34.97543],[136.87764,34.97538],[136.87771,34.97531],[136.87727,34.9751],[136.87717,34.97505],[136.8772,34.97498],[136.87738,34.97464],[136.87766,34.97461],[136.87785,34.97459],[136.87798,34.97467],[136.87821,34.97458],[136.87837,34.97464],[136.87844,34.97471],[136.87864,34.97476],[136.87863,34.97478],[136.87899,34.97485],[136.87928,34.9749],[136.87933,34.97485],[136.87939,34.97477],[136.87951,34.9746],[136.87911,34.97458],[136.8789,34.97456],[136.8787,34.97452],[136.8785,34.97447],[136.87822,34.97438],[136.87809,34.97434],[136.87792,34.97428],[136.87749,34.97408],[136.87703,34.97381],[136.87663,34.97357],[136.87521,34.97517],[136.87449,34.97474],[136.87397,34.97442],[136.87376,34.97456],[136.87387,34.97467],[136.87397,34.9748],[136.87403,34.97491],[136.87403,34.97504],[136.87401,34.97521],[136.874,34.97538],[136.87399,34.97547],[136.87397,34.97554],[136.87388,34.97565],[136.87373,34.97592],[136.87368,34.97602],[136.87348,34.97622],[136.87376,34.97639],[136.87338,34.97683],[136.87344,34.977],[136.87355,34.97736],[136.87367,34.97772],[136.87276,34.97793],[136.87304,34.97878],[136.87299,34.97879],[136.87329,34.97963],[136.87398,34.97947],[136.87459,34.97933],[136.87508,34.97922],[136.87559,34.97912],[136.87573,34.97909]]]}},{"type":"Feature","properties":{"name":"にしの台三丁目","setai":302,"jinko":753,"key":"23224017003","units":1},"geometry":{"type":"Polygon","coordinates":[[[136.87328,34.973],[136.87298,34.9723],[136.87267,34.97237],[136.87264,34.97232],[136.87261,34.97226],[136.87117,34.97323],[136.87084,34.97346],[136.87075,34.97358],[136.87091,34.97371],[136.87255,34.97543],[136.87244,34.97546],[136.87215,34.97566],[136.87216,34.97568],[136.87232,34.97586],[136.87226,34.97651],[136.87197,34.97671],[136.87187,34.97678],[136.87201,34.9768],[136.87217,34.97685],[136.87226,34.97688],[136.87297,34.97672],[136.87348,34.97622],[136.87368,34.97602],[136.87373,34.97592],[136.87388,34.97565],[136.87397,34.97554],[136.87399,34.97547],[136.874,34.97538],[136.87401,34.97521],[136.87403,34.97504],[136.87403,34.97491],[136.87397,34.9748],[136.87387,34.97467],[136.87376,34.97456],[136.87397,34.97442],[136.87406,34.97433],[136.87411,34.97429],[136.87397,34.97401],[136.8739,34.97393],[136.87384,34.9739],[136.87373,34.97386],[136.87366,34.9738],[136.87362,34.97369],[136.87366,34.97352],[136.87365,34.97332],[136.87364,34.97325],[136.8736,34.9732],[136.87356,34.97315],[136.8735,34.9731],[136.87328,34.973]]]}},{"type":"Feature","properties":{"name":"にしの台四丁目","setai":482,"jinko":1123,"key":"23224017004","units":1},"geometry":{"type":"Polygon","coordinates":[[[136.87027,34.98184],[136.87041,34.98181],[136.87093,34.98182],[136.87101,34.98181],[136.87111,34.98176],[136.87118,34.98169],[136.87127,34.98153],[136.87141,34.98124],[136.87156,34.98112],[136.87166,34.98104],[136.87175,34.98097],[136.87182,34.98092],[136.87191,34.98086],[136.87206,34.98078],[136.87221,34.98077],[136.87345,34.98074],[136.87342,34.9802],[136.87325,34.97963],[136.87329,34.97963],[136.87299,34.97879],[136.87304,34.97878],[136.87276,34.97793],[136.87367,34.97772],[136.87355,34.97736],[136.87344,34.977],[136.87338,34.97683],[136.87376,34.97639],[136.87348,34.97622],[136.87297,34.97672],[136.87226,34.97688],[136.87217,34.97685],[136.87201,34.9768],[136.87187,34.97678],[136.87183,34.97677],[136.8717,34.97676],[136.87163,34.97673],[136.87153,34.97661],[136.87139,34.9767],[136.87128,34.97675],[136.87118,34.97683],[136.8711,34.97691],[136.8709,34.97705],[136.87099,34.97724],[136.87128,34.97797],[136.87159,34.97876],[136.87113,34.97887],[136.87079,34.9791],[136.86996,34.97967],[136.8697,34.97974],[136.8696,34.97975],[136.86941,34.97981],[136.8693,34.97985],[136.86928,34.97987],[136.86928,34.97988],[136.86928,34.9799],[136.86933,34.98011],[136.8694,34.98019],[136.86931,34.98023],[136.86931,34.98024],[136.86928,34.98029],[136.86926,34.9804],[136.86921,34.98043],[136.86909,34.9805],[136.86893,34.98057],[136.86874,34.98067],[136.86846,34.98077],[136.86839,34.98084],[136.86832,34.9809],[136.86817,34.98105],[136.86805,34.98116],[136.86838,34.98137],[136.86842,34.98139],[136.86848,34.98142],[136.86852,34.98145],[136.86871,34.98159],[136.86882,34.98168],[136.86891,34.98176],[136.86895,34.9818],[136.86923,34.98209],[136.86937,34.98226],[136.86947,34.98237],[136.86971,34.98265],[136.86979,34.98254],[136.86983,34.98244],[136.86989,34.98215],[136.86991,34.98204],[136.86996,34.98199],[136.87003,34.98194],[136.87015,34.98187],[136.87027,34.98184]]]}},{"type":"Feature","properties":{"name":"旭南","setai":10,"jinko":119,"key":"232240190","units":1},"geometry":{"type":"Polygon","coordinates":[[[136.83627,34.94922],[136.83709,34.94647],[136.83822,34.94668],[136.83833,34.94673],[136.83883,34.94645],[136.83898,34.9464],[136.83932,34.94632],[136.8395,34.94621],[136.83961,34.9461],[136.83966,34.94593],[136.8397,34.94569],[136.83978,34.94526],[136.83963,34.94526],[136.83951,34.94523],[136.83758,34.94466],[136.83767,34.94453],[136.83783,34.94419],[136.83808,34.94364],[136.8381,34.9436],[136.83808,34.94358],[136.83799,34.94353],[136.83798,34.94351],[136.83799,34.94349],[136.83818,34.94306],[136.83824,34.94294],[136.83829,34.94263],[136.8384,34.94194],[136.83841,34.94177],[136.83839,34.94167],[136.83834,34.94153],[136.83825,34.94127],[136.83822,34.94124],[136.83803,34.94111],[136.83756,34.94086],[136.83551,34.93977],[136.83475,34.94239],[136.83355,34.94216],[136.83329,34.94211],[136.83277,34.94201],[136.83273,34.94216],[136.83267,34.94232],[136.8325,34.94232],[136.8322,34.94231],[136.83221,34.9425],[136.83213,34.94256],[136.83202,34.94266],[136.83198,34.94282],[136.83195,34.94355],[136.83198,34.94362],[136.83212,34.94394],[136.83219,34.94398],[136.8322,34.94428],[136.83221,34.94442],[136.83215,34.94443],[136.83203,34.94449],[136.83197,34.94459],[136.83197,34.94469],[136.83186,34.94485],[136.83183,34.94505],[136.83186,34.9452],[136.83189,34.94535],[136.83193,34.9454],[136.832,34.94547],[136.8321,34.9455],[136.8322,34.94549],[136.83227,34.94546],[136.83236,34.94542],[136.83258,34.94535],[136.83264,34.94531],[136.83265,34.94524],[136.8326,34.94504],[136.83266,34.94501],[136.83263,34.94487],[136.83267,34.94487],[136.83268,34.94483],[136.83274,34.94484],[136.83272,34.94461],[136.83258,34.94461],[136.8327,34.94421],[136.83273,34.94401],[136.8328,34.944],[136.83293,34.94397],[136.833,34.94394],[136.83322,34.94404],[136.83341,34.94415],[136.83349,34.94423],[136.8335,34.94429],[136.83354,34.94447],[136.83357,34.94468],[136.83363,34.9448],[136.83372,34.9449],[136.83381,34.94494],[136.8339,34.94498],[136.83398,34.94504],[136.83385,34.94548],[136.83376,34.94581],[136.83486,34.94602],[136.83398,34.9491],[136.83426,34.94911],[136.8344,34.94911],[136.83462,34.94912],[136.83492,34.95062],[136.83506,34.95123],[136.83538,34.95099],[136.83569,34.95084],[136.83552,34.95045],[136.83571,34.95038],[136.83566,34.95027],[136.83567,34.95019],[136.83569,34.95007],[136.83577,34.94995],[136.83576,34.94988],[136.83573,34.94978],[136.83561,34.94958],[136.83599,34.94946],[136.83606,34.94942],[136.8362,34.94929],[136.83627,34.94922]]]}},{"type":"Feature","properties":{"name":"旭桃台","setai":528,"jinko":1541,"key":"232240210","units":1},"geometry":{"type":"Polygon","coordinates":[[[136.85942,34.9525],[136.85916,34.9511],[136.8591,34.95075],[136.859,34.95075],[136.8588,34.95064],[136.85862,34.95057],[136.85842,34.95053],[136.85827,34.95053],[136.85818,34.95032],[136.85813,34.9504],[136.85809,34.9505],[136.858,34.95061],[136.85755,34.95098],[136.85739,34.95105],[136.85701,34.95117],[136.85683,34.95126],[136.85661,34.95139],[136.85652,34.95143],[136.85646,34.95142],[136.85624,34.95135],[136.85611,34.95131],[136.85596,34.95129],[136.85586,34.95127],[136.85575,34.95127],[136.85564,34.95126],[136.85558,34.95125],[136.85552,34.9512],[136.85544,34.95117],[136.85533,34.95114],[136.85503,34.95118],[136.85473,34.95123],[136.85448,34.9513],[136.85432,34.95134],[136.85414,34.9514],[136.85396,34.95145],[136.85377,34.95151],[136.85398,34.95158],[136.85406,34.95162],[136.85411,34.95165],[136.85414,34.95166],[136.85414,34.95168],[136.85412,34.95173],[136.85404,34.95185],[136.85401,34.95193],[136.85401,34.95195],[136.85401,34.95199],[136.85403,34.95203],[136.85415,34.9522],[136.85418,34.95227],[136.8542,34.95232],[136.85424,34.95257],[136.85429,34.95258],[136.85432,34.9526],[136.85434,34.95285],[136.85444,34.95311],[136.85439,34.95315],[136.85452,34.95337],[136.85468,34.95357],[136.85474,34.95362],[136.85478,34.95374],[136.85483,34.95388],[136.85497,34.954],[136.85534,34.95424],[136.85544,34.95432],[136.85568,34.95441],[136.856,34.95447],[136.85628,34.9545],[136.85696,34.95464],[136.85731,34.95475],[136.85778,34.95478],[136.85802,34.9548],[136.85815,34.95481],[136.85935,34.95492],[136.85948,34.95418],[136.85958,34.95351],[136.85958,34.95337],[136.85956,34.95322],[136.85942,34.9525]]]}},{"type":"Feature","properties":{"name":"梅が丘一丁目","setai":478,"jinko":1230,"key":"23224022001","units":1},"geometry":{"type":"Polygon","coordinates":[[[136.87521,34.97517],[136.87663,34.97357],[136.87703,34.97381],[136.87762,34.97314],[136.87795,34.97278],[136.87833,34.97234],[136.8785,34.97212],[136.87866,34.9718],[136.87874,34.97152],[136.87875,34.9715],[136.87878,34.9714],[136.87881,34.97107],[136.87881,34.97079],[136.8788,34.97067],[136.87872,34.97031],[136.87861,34.96973],[136.87565,34.97093],[136.87397,34.97159],[136.87329,34.97187],[136.87287,34.9721],[136.87261,34.97226],[136.87264,34.97232],[136.87267,34.97237],[136.87298,34.9723],[136.87328,34.973],[136.8735,34.9731],[136.87356,34.97315],[136.8736,34.9732],[136.87364,34.97325],[136.87365,34.97332],[136.87366,34.97352],[136.87362,34.97369],[136.87366,34.9738],[136.87373,34.97386],[136.87384,34.9739],[136.8739,34.97393],[136.87397,34.97401],[136.87411,34.97429],[136.87406,34.97433],[136.87397,34.97442],[136.87449,34.97474],[136.87521,34.97517]]]}},{"type":"Feature","properties":{"name":"梅が丘二丁目","setai":286,"jinko":692,"key":"23224022002","units":1},"geometry":{"type":"Polygon","coordinates":[[[136.87792,34.97428],[136.87881,34.97327],[136.87881,34.97335],[136.87917,34.9734],[136.87975,34.97342],[136.87987,34.97243],[136.8802,34.97224],[136.88052,34.97239],[136.88078,34.9721],[136.88044,34.97165],[136.88044,34.97156],[136.88042,34.97148],[136.8804,34.9714],[136.88033,34.97133],[136.88047,34.97116],[136.88025,34.97114],[136.88037,34.97088],[136.88038,34.97084],[136.88039,34.97061],[136.88033,34.97046],[136.8807,34.97035],[136.88082,34.96966],[136.8808,34.96961],[136.88065,34.96936],[136.881,34.96924],[136.8811,34.96919],[136.88121,34.96913],[136.88126,34.96908],[136.88135,34.96895],[136.88137,34.96888],[136.88137,34.96879],[136.88136,34.96871],[136.88135,34.96865],[136.88086,34.96793],[136.88081,34.96792],[136.88059,34.96806],[136.8806,34.96815],[136.88055,34.96822],[136.88029,34.96851],[136.8802,34.96861],[136.8801,34.96866],[136.87991,34.96875],[136.87916,34.96891],[136.87897,34.96893],[136.87885,34.96893],[136.87871,34.96886],[136.87873,34.96899],[136.87876,34.96908],[136.87882,34.96916],[136.87885,34.96919],[136.87889,34.96924],[136.87896,34.9693],[136.87907,34.9694],[136.87918,34.9695],[136.87885,34.96962],[136.87861,34.96973],[136.87872,34.97031],[136.8788,34.97067],[136.87881,34.97079],[136.87881,34.97107],[136.87878,34.9714],[136.87875,34.9715],[136.87874,34.97152],[136.87866,34.9718],[136.8785,34.97212],[136.87833,34.97234],[136.87795,34.97278],[136.87762,34.97314],[136.87703,34.97381],[136.87749,34.97408],[136.87792,34.97428]]]}},{"type":"Feature","properties":{"name":"朝倉町","setai":538,"jinko":1167,"key":"232240230","units":1},"geometry":{"type":"Polygon","coordinates":[[[136.86746,34.9936],[136.86792,34.9932],[136.86823,34.99279],[136.86838,34.99259],[136.86852,34.9924],[136.86883,34.992],[136.86966,34.99241],[136.8702,34.99171],[136.87022,34.99161],[136.87023,34.99157],[136.87041,34.99061],[136.86951,34.99017],[136.86856,34.98969],[136.86833,34.98957],[136.86799,34.98934],[136.86762,34.98957],[136.86738,34.98938],[136.86697,34.98936],[136.86659,34.98929],[136.86647,34.98933],[136.86621,34.9893],[136.86611,34.9893],[136.86552,34.98936],[136.86533,34.99028],[136.86529,34.99042],[136.86529,34.99047],[136.86543,34.9907],[136.86544,34.99081],[136.86546,34.99092],[136.86524,34.99122],[136.86533,34.99132],[136.86545,34.99138],[136.86527,34.99161],[136.86513,34.99179],[136.86517,34.99196],[136.86582,34.99204],[136.8657,34.99249],[136.86597,34.9925],[136.86599,34.99275],[136.86626,34.99274],[136.86629,34.99277],[136.86634,34.99279],[136.86641,34.99281],[136.8665,34.99283],[136.86655,34.99288],[136.86664,34.99294],[136.86657,34.99306],[136.86666,34.9931],[136.86669,34.99307],[136.86675,34.99313],[136.86694,34.99336],[136.86713,34.99328],[136.86734,34.99348],[136.86746,34.9936]]]}},{"type":"Feature","properties":{"name":"原一丁目","setai":331,"jinko":749,"key":"23224027001","units":1},"geometry":{"type":"Polygon","coordinates":[[[136.90794,34.97808],[136.90808,34.97778],[136.90825,34.97729],[136.90826,34.97728],[136.90826,34.97728],[136.90829,34.97717],[136.90838,34.977],[136.90853,34.97683],[136.90858,34.97679],[136.90869,34.97671],[136.90872,34.97668],[136.90885,34.97655],[136.90904,34.97638],[136.90916,34.97627],[136.9095,34.97599],[136.90956,34.97594],[136.90981,34.97575],[136.90986,34.9757],[136.90988,34.97569],[136.90993,34.97573],[136.90997,34.97574],[136.91001,34.97575],[136.91015,34.97579],[136.9102,34.9758],[136.9102,34.9758],[136.91022,34.9758],[136.91023,34.9758],[136.91023,34.97576],[136.91023,34.97569],[136.91025,34.97568],[136.91025,34.97568],[136.91037,34.97561],[136.91038,34.97556],[136.91038,34.97556],[136.91042,34.9754],[136.91047,34.97532],[136.91051,34.97523],[136.91063,34.97526],[136.9107,34.97524],[136.91075,34.97517],[136.91075,34.97513],[136.91068,34.97506],[136.91067,34.97505],[136.91067,34.97502],[136.9107,34.97494],[136.91071,34.97491],[136.9108,34.97479],[136.91081,34.97477],[136.91082,34.97475],[136.91074,34.97465],[136.9101,34.97459],[136.90896,34.97444],[136.90736,34.97424],[136.90719,34.97515],[136.90723,34.97537],[136.90722,34.97579],[136.90717,34.9765],[136.90636,34.97772],[136.90635,34.97775],[136.90632,34.9778],[136.90636,34.97783],[136.90641,34.97791],[136.90644,34.97812],[136.90663,34.97816],[136.90667,34.978],[136.90673,34.97801],[136.90704,34.97807],[136.90709,34.97808],[136.9071,34.97808],[136.90714,34.97806],[136.90719,34.97807],[136.90722,34.97807],[136.90728,34.9781],[136.9074,34.97815],[136.90746,34.97824],[136.90786,34.97826],[136.90789,34.97826],[136.90794,34.97808]]]}},{"type":"Feature","properties":{"name":"原二丁目","setai":273,"jinko":628,"key":"23224027002","units":1},"geometry":{"type":"Polygon","coordinates":[[[136.91095,34.97431],[136.91103,34.97421],[136.91108,34.97423],[136.91114,34.97425],[136.91123,34.97409],[136.91128,34.97404],[136.91134,34.9739],[136.91139,34.9739],[136.91145,34.97383],[136.91137,34.97378],[136.91134,34.97375],[136.91126,34.9737],[136.91162,34.97337],[136.91172,34.97343],[136.91183,34.97329],[136.912,34.97306],[136.91196,34.97302],[136.91176,34.9729],[136.91084,34.97224],[136.91049,34.97195],[136.90967,34.97237],[136.90889,34.97271],[136.90858,34.97284],[136.9083,34.97299],[136.90795,34.97318],[136.90765,34.97339],[136.90725,34.97362],[136.90732,34.97406],[136.90736,34.97424],[136.90896,34.97444],[136.9101,34.97459],[136.91074,34.97465],[136.91077,34.97462],[136.91077,34.97455],[136.91083,34.9745],[136.91093,34.97436],[136.91095,34.97431]]]}},{"type":"Feature","properties":{"name":"寺本台一丁目","setai":66,"jinko":188,"key":"23224028001","units":1},"geometry":{"type":"Polygon","coordinates":[[[136.88485,34.99389],[136.88469,34.99362],[136.88426,34.99373],[136.88384,34.99385],[136.8831,34.99383],[136.88288,34.99418],[136.8827,34.99418],[136.88261,34.99422],[136.88258,34.99451],[136.88281,34.99495],[136.88273,34.99499],[136.88268,34.99502],[136.8826,34.99515],[136.8827,34.9953],[136.8828,34.99552],[136.88283,34.99562],[136.88286,34.99581],[136.88288,34.9961],[136.88292,34.99614],[136.88291,34.99628],[136.88296,34.99631],[136.88306,34.99637],[136.88299,34.99642],[136.88287,34.9965],[136.88281,34.99657],[136.88274,34.9967],[136.8827,34.99682],[136.88267,34.99691],[136.88303,34.99715],[136.8833,34.99733],[136.8837,34.99771],[136.884,34.99746],[136.88402,34.99724],[136.88404,34.9971],[136.88409,34.99691],[136.88416,34.99673],[136.88422,34.99653],[136.8843,34.99636],[136.88442,34.99609],[136.88459,34.99582],[136.88482,34.99548],[136.88478,34.99532],[136.88475,34.99504],[136.88475,34.99492],[136.88477,34.9949],[136.88482,34.99481],[136.88485,34.99471],[136.88491,34.99463],[136.88499,34.99454],[136.88504,34.99439],[136.88502,34.9942],[136.88493,34.99403],[136.88485,34.99389]]]}},{"type":"Feature","properties":{"name":"寺本台二丁目","setai":164,"jinko":461,"key":"23224028002","units":1},"geometry":{"type":"Polygon","coordinates":[[[136.88583,34.99105],[136.8859,34.99088],[136.88594,34.99062],[136.88601,34.99033],[136.88604,34.99018],[136.88606,34.99012],[136.88596,34.9901],[136.88578,34.98977],[136.88536,34.98992],[136.88546,34.99015],[136.88552,34.99044],[136.88552,34.99062],[136.88548,34.99083],[136.88543,34.99101],[136.88492,34.99101],[136.88436,34.99099],[136.88426,34.99099],[136.88333,34.99099],[136.88242,34.991],[136.88172,34.99099],[136.88171,34.99108],[136.88177,34.99111],[136.88184,34.99117],[136.88206,34.99131],[136.88198,34.99142],[136.88194,34.99148],[136.88189,34.99154],[136.88188,34.99282],[136.88321,34.99326],[136.88309,34.99346],[136.8831,34.99383],[136.88384,34.99385],[136.88426,34.99373],[136.88469,34.99362],[136.88453,34.99335],[136.88446,34.99322],[136.88445,34.99308],[136.88446,34.99296],[136.88452,34.99279],[136.88459,34.99264],[136.88468,34.99243],[136.88479,34.99232],[136.8849,34.9922],[136.88502,34.99205],[136.88517,34.99188],[136.88537,34.99163],[136.88554,34.99143],[136.88569,34.99125],[136.88583,34.99105]]]}},{"type":"Feature","properties":{"name":"寺本台三丁目","setai":286,"jinko":690,"key":"23224028003","units":1},"geometry":{"type":"Polygon","coordinates":[[[136.88543,34.99101],[136.88548,34.99083],[136.88552,34.99062],[136.88552,34.99044],[136.88546,34.99015],[136.88536,34.98992],[136.88517,34.9896],[136.88471,34.98876],[136.88406,34.98773],[136.88386,34.9875],[136.88363,34.98768],[136.88362,34.98795],[136.88341,34.98806],[136.8834,34.98839],[136.88272,34.98855],[136.88269,34.9888],[136.88242,34.98907],[136.88245,34.98921],[136.88247,34.98933],[136.88248,34.9894],[136.88221,34.98958],[136.88228,34.98985],[136.88218,34.99002],[136.88173,34.99048],[136.88172,34.99099],[136.88242,34.991],[136.88333,34.99099],[136.88426,34.99099],[136.88436,34.99099],[136.88492,34.99101],[136.88543,34.99101]]]}},{"type":"Feature","properties":{"name":"寺本台四丁目","setai":82,"jinko":236,"key":"23224028004","units":1},"geometry":{"type":"Polygon","coordinates":[[[136.88596,34.98981],[136.88586,34.98967],[136.88574,34.9896],[136.88555,34.98952],[136.88537,34.98945],[136.8853,34.98941],[136.88522,34.98933],[136.88503,34.98901],[136.88503,34.98893],[136.88506,34.98885],[136.88519,34.9888],[136.8853,34.98875],[136.88537,34.98869],[136.88545,34.98859],[136.88548,34.9885],[136.88549,34.98816],[136.8855,34.98804],[136.8855,34.98791],[136.8854,34.98673],[136.88531,34.98673],[136.88525,34.98672],[136.8852,34.98666],[136.88511,34.98653],[136.88505,34.98644],[136.88497,34.98634],[136.88493,34.98628],[136.88484,34.98624],[136.88469,34.98624],[136.88455,34.98622],[136.88441,34.98639],[136.88433,34.98648],[136.88417,34.98668],[136.88397,34.98688],[136.88355,34.98725],[136.88386,34.9875],[136.88406,34.98773],[136.88471,34.98876],[136.88517,34.9896],[136.88536,34.98992],[136.88578,34.98977],[136.88596,34.9901],[136.88606,34.99012],[136.88606,34.99005],[136.88604,34.98995],[136.88596,34.98981]]]}},{"type":"Feature","properties":{"name":"八幡新町一丁目","setai":358,"jinko":764,"key":"23224029001","units":1},"geometry":{"type":"Polygon","coordinates":[[[136.86998,34.99536],[136.86997,34.99525],[136.86998,34.99513],[136.87002,34.99504],[136.87007,34.9949],[136.87002,34.99483],[136.86996,34.99474],[136.86995,34.99467],[136.87006,34.99441],[136.87013,34.99419],[136.8702,34.99401],[136.87022,34.99389],[136.87019,34.99378],[136.87009,34.99352],[136.87006,34.99344],[136.87008,34.99337],[136.8701,34.99329],[136.87011,34.99323],[136.87005,34.99314],[136.86999,34.99303],[136.86995,34.99293],[136.86993,34.99287],[136.86994,34.99282],[136.87004,34.99273],[136.87011,34.99266],[136.86968,34.99242],[136.86966,34.99241],[136.86883,34.992],[136.86852,34.9924],[136.86838,34.99259],[136.86823,34.99279],[136.86792,34.9932],[136.86746,34.9936],[136.86734,34.99348],[136.86699,34.99372],[136.86673,34.99388],[136.86655,34.99402],[136.86651,34.99406],[136.8665,34.99408],[136.86661,34.99431],[136.86622,34.99465],[136.8658,34.99435],[136.86547,34.99463],[136.86655,34.99544],[136.86679,34.99522],[136.86689,34.99531],[136.86693,34.99528],[136.86703,34.9952],[136.86712,34.99525],[136.86724,34.99514],[136.86735,34.995],[136.86739,34.99487],[136.86743,34.99481],[136.86752,34.99474],[136.86762,34.99472],[136.86772,34.99477],[136.86783,34.99467],[136.86785,34.99471],[136.86785,34.99475],[136.86784,34.99479],[136.86788,34.99484],[136.86798,34.99504],[136.86814,34.99515],[136.86821,34.99529],[136.86833,34.99543],[136.86835,34.99544],[136.86858,34.9954],[136.86874,34.99543],[136.86885,34.99541],[136.8692,34.99535],[136.86923,34.99536],[136.8693,34.99552],[136.86946,34.9956],[136.8698,34.99589],[136.86993,34.99581],[136.87004,34.99578],[136.87001,34.99577],[136.87002,34.99567],[136.87001,34.99555],[136.86998,34.99536]]]}},{"type":"Feature","properties":{"name":"八幡新町二丁目","setai":265,"jinko":633,"key":"23224029002","units":1},"geometry":{"type":"Polygon","coordinates":[[[136.87061,34.99198],[136.87215,34.99197],[136.87216,34.99232],[136.87225,34.99232],[136.87242,34.99223],[136.87254,34.99217],[136.87313,34.99172],[136.87329,34.99181],[136.87347,34.99186],[136.87349,34.99206],[136.87384,34.99253],[136.87408,34.99251],[136.87406,34.99246],[136.87433,34.99227],[136.87393,34.9917],[136.87417,34.99158],[136.87437,34.99147],[136.87444,34.99155],[136.87488,34.99142],[136.87481,34.99116],[136.87498,34.99106],[136.87522,34.9909],[136.87524,34.99078],[136.87525,34.99063],[136.87516,34.99061],[136.87516,34.99054],[136.87514,34.99029],[136.87502,34.99036],[136.87491,34.99041],[136.87468,34.99051],[136.87455,34.99057],[136.87439,34.9906],[136.87419,34.99061],[136.87214,34.99064],[136.8721,34.99064],[136.87076,34.99067],[136.87041,34.99061],[136.87023,34.99157],[136.87022,34.99161],[136.8702,34.99171],[136.86966,34.99241],[136.86968,34.99242],[136.87011,34.99266],[136.87061,34.99198]]]}},{"type":"Feature","properties":{"name":"八幡新町三丁目","setai":328,"jinko":840,"key":"23224029003","units":1},"geometry":{"type":"Polygon","coordinates":[[[136.87076,34.99067],[136.8721,34.99064],[136.87214,34.99064],[136.87419,34.99061],[136.87439,34.9906],[136.87455,34.99057],[136.87468,34.99051],[136.87491,34.99041],[136.87502,34.99036],[136.8748,34.99011],[136.87469,34.99026],[136.87454,34.99047],[136.87445,34.99045],[136.87434,34.99039],[136.87427,34.99033],[136.87424,34.99027],[136.87425,34.99021],[136.87427,34.9901],[136.87429,34.99003],[136.87429,34.98998],[136.87415,34.98989],[136.87393,34.98965],[136.87368,34.98953],[136.87364,34.98944],[136.87364,34.98937],[136.87359,34.98932],[136.87365,34.98918],[136.87357,34.98916],[136.87347,34.98915],[136.87312,34.9891],[136.87305,34.98913],[136.87294,34.98909],[136.87279,34.98898],[136.87275,34.98897],[136.87272,34.98898],[136.87267,34.98914],[136.8726,34.98924],[136.87214,34.98919],[136.87211,34.9891],[136.87204,34.98913],[136.87195,34.98906],[136.87195,34.989],[136.87176,34.98901],[136.87176,34.98897],[136.87166,34.98898],[136.87152,34.98903],[136.87125,34.98904],[136.87119,34.98891],[136.87119,34.98878],[136.87134,34.98878],[136.87125,34.98853],[136.87141,34.98833],[136.87174,34.98822],[136.87126,34.98761],[136.871,34.98775],[136.87021,34.98815],[136.86957,34.9885],[136.86811,34.98927],[136.86802,34.98933],[136.86799,34.98934],[136.86833,34.98957],[136.86856,34.98969],[136.86951,34.99017],[136.87041,34.99061],[136.87076,34.99067]]]}},{"type":"Feature","properties":{"name":"平野","setai":27,"jinko":53,"key":"232240300","units":1},"geometry":{"type":"Polygon","coordinates":[[[136.8886,35.00298],[136.8882,35.00258],[136.88778,35.00205],[136.88769,35.00192],[136.88721,35.00168],[136.88584,35.00094],[136.88467,35.0003],[136.88429,35.00009],[136.88396,34.9999],[136.88411,34.9997],[136.88414,34.99962],[136.88413,34.99953],[136.88401,34.99942],[136.88414,34.99926],[136.88424,34.99918],[136.88438,34.9991],[136.88453,34.99899],[136.88472,34.99883],[136.88486,34.99872],[136.88505,34.99864],[136.88536,34.99825],[136.88553,34.99799],[136.88568,34.99789],[136.88585,34.99782],[136.88602,34.99785],[136.88611,34.99788],[136.88603,34.99795],[136.88597,34.99804],[136.88594,34.99813],[136.88595,34.99822],[136.886,34.99837],[136.88629,34.99819],[136.88614,34.99804],[136.8865,34.99774],[136.88628,34.99756],[136.88665,34.99723],[136.88583,34.99636],[136.88482,34.99548],[136.88459,34.99582],[136.88442,34.99609],[136.8843,34.99636],[136.88422,34.99653],[136.88416,34.99673],[136.88409,34.99691],[136.88404,34.9971],[136.88402,34.99724],[136.884,34.99746],[136.8837,34.99771],[136.8833,34.99733],[136.88303,34.99715],[136.88267,34.99691],[136.88219,34.99659],[136.88216,34.99711],[136.88206,34.99712],[136.88192,34.99714],[136.88182,34.99713],[136.88138,34.9971],[136.88109,34.99718],[136.8809,34.99723],[136.88066,34.99731],[136.88023,34.99763],[136.88017,34.9976],[136.87961,34.99796],[136.87966,34.99806],[136.8797,34.99814],[136.8797,34.99819],[136.87965,34.99823],[136.87959,34.99825],[136.87954,34.99823],[136.87919,34.99853],[136.87903,34.99858],[136.8788,34.99858],[136.87907,34.99883],[136.88004,34.99935],[136.8809,34.99974],[136.88112,34.99986],[136.88129,34.99998],[136.88149,35.00012],[136.88169,35.0003],[136.88181,35.00044],[136.88189,35.00056],[136.88205,35.00086],[136.88219,35.00084],[136.88219,35.00084],[136.8822,35.00085],[136.88234,35.00092],[136.88421,35.00195],[136.88498,35.00237],[136.88464,35.00278],[136.88577,35.00337],[136.8861,35.00297],[136.88695,35.00343],[136.88764,35.00381],[136.88818,35.00336],[136.88851,35.00307],[136.8886,35.00298]]]}},{"type":"Feature","properties":{"name":"新舞子東町一丁目","setai":206,"jinko":488,"key":"23224031001","units":1},"geometry":{"type":"Polygon","coordinates":[[[136.83708,34.95473],[136.83754,34.95442],[136.83793,34.95427],[136.83776,34.95415],[136.83761,34.95401],[136.8375,34.95392],[136.83741,34.95376],[136.83729,34.95353],[136.83708,34.95339],[136.83696,34.95323],[136.83693,34.95309],[136.83509,34.95303],[136.83506,34.95303],[136.83241,34.95302],[136.83229,34.95392],[136.83253,34.95393],[136.83266,34.95379],[136.83288,34.95377],[136.83292,34.95348],[136.83313,34.9535],[136.83333,34.95349],[136.83349,34.95349],[136.83351,34.95378],[136.83361,34.95386],[136.83378,34.95391],[136.83408,34.95399],[136.83417,34.95402],[136.83427,34.95411],[136.83436,34.95427],[136.83443,34.9544],[136.83452,34.95455],[136.83501,34.95459],[136.83527,34.95459],[136.83546,34.95459],[136.83548,34.9551],[136.83586,34.95553],[136.83626,34.95527],[136.83665,34.95503],[136.8368,34.9549],[136.83696,34.95482],[136.83702,34.95474],[136.83708,34.95473]]]}},{"type":"Feature","properties":{"name":"新舞子東町二丁目","setai":225,"jinko":524,"key":"23224031002","units":1},"geometry":{"type":"Polygon","coordinates":[[[136.83704,34.95287],[136.83708,34.95274],[136.83695,34.95273],[136.83691,34.95272],[136.83679,34.95273],[136.83662,34.95277],[136.83654,34.95277],[136.83649,34.95274],[136.83643,34.9527],[136.83635,34.95266],[136.83631,34.9526],[136.83625,34.95241],[136.83617,34.95231],[136.83609,34.9522],[136.8361,34.95214],[136.83606,34.95196],[136.83599,34.95182],[136.83586,34.95166],[136.83576,34.95158],[136.83565,34.95154],[136.8355,34.95156],[136.83535,34.95141],[136.83524,34.9514],[136.83509,34.95137],[136.83489,34.95126],[136.83479,34.95128],[136.83475,34.95112],[136.83419,34.95122],[136.83321,34.95124],[136.83316,34.95161],[136.83257,34.95157],[136.83256,34.95169],[136.83251,34.95205],[136.83242,34.95278],[136.83241,34.95302],[136.83506,34.95303],[136.83509,34.95303],[136.83693,34.95309],[136.837,34.95296],[136.83704,34.95287]]]}},{"type":"Feature","properties":{"name":"西巽が丘一丁目","setai":232,"jinko":580,"key":"23224032001","units":1},"geometry":{"type":"Polygon","coordinates":[[[136.90742,34.96531],[136.90759,34.96521],[136.90774,34.96509],[136.90793,34.96488],[136.90821,34.96453],[136.9083,34.96442],[136.90839,34.96433],[136.9084,34.96417],[136.90847,34.96379],[136.90869,34.96341],[136.9088,34.96323],[136.90878,34.96309],[136.90873,34.9629],[136.9088,34.96263],[136.90696,34.96262],[136.90648,34.96264],[136.906,34.96262],[136.90598,34.96308],[136.90569,34.96308],[136.90571,34.96326],[136.90594,34.96355],[136.90619,34.96407],[136.90616,34.96454],[136.90582,34.9647],[136.90549,34.96532],[136.90593,34.96525],[136.90605,34.96524],[136.90632,34.96527],[136.90642,34.96528],[136.90662,34.96532],[136.90682,34.96536],[136.90704,34.96536],[136.90721,34.96534],[136.90742,34.96531]]]}},{"type":"Feature","properties":{"name":"西巽が丘二丁目","setai":304,"jinko":852,"key":"23224032002","units":1},"geometry":{"type":"Polygon","coordinates":[[[136.90598,34.96308],[136.906,34.96262],[136.90648,34.96264],[136.90696,34.96262],[136.9088,34.96263],[136.90884,34.96248],[136.90869,34.96224],[136.9082,34.96225],[136.90819,34.96197],[136.90783,34.96186],[136.90776,34.96147],[136.90769,34.96107],[136.9079,34.96094],[136.90771,34.96073],[136.90769,34.95951],[136.90764,34.95907],[136.90726,34.95926],[136.90669,34.95959],[136.90651,34.95962],[136.90516,34.95971],[136.90515,34.96005],[136.90515,34.96016],[136.90507,34.96024],[136.90497,34.96029],[136.90488,34.96033],[136.90488,34.96047],[136.90477,34.96081],[136.90485,34.96098],[136.90499,34.96109],[136.90513,34.96142],[136.90513,34.96156],[136.90519,34.96163],[136.90538,34.96181],[136.90569,34.96308],[136.90598,34.96308]]]}},{"type":"Feature","properties":{"name":"西巽が丘三丁目","setai":0,"jinko":0,"key":"23224032003","units":1},"geometry":{"type":"Polygon","coordinates":[[[136.90651,34.95962],[136.90669,34.95959],[136.90726,34.95926],[136.90689,34.95872],[136.90664,34.95884],[136.90646,34.95892],[136.90624,34.95899],[136.906,34.95901],[136.90554,34.95903],[136.90539,34.95921],[136.90531,34.95943],[136.90516,34.95971],[136.90651,34.95962]]]}},{"type":"Feature","properties":{"name":"神田","setai":1,"jinko":1,"key":"232240330","units":1},"geometry":{"type":"Polygon","coordinates":[[[136.8496,34.94049],[136.8497,34.94046],[136.84987,34.94038],[136.84996,34.94036],[136.85007,34.94033],[136.84972,34.93885],[136.84965,34.93881],[136.84957,34.93874],[136.8495,34.93871],[136.84936,34.93873],[136.84913,34.93879],[136.84897,34.9388],[136.84884,34.93884],[136.84863,34.93892],[136.84847,34.93895],[136.84735,34.93912],[136.84726,34.9388],[136.84712,34.93865],[136.84704,34.93873],[136.84695,34.93882],[136.84687,34.93893],[136.84676,34.93902],[136.84665,34.9391],[136.84655,34.93914],[136.84643,34.93917],[136.84638,34.93941],[136.84636,34.93957],[136.84635,34.93976],[136.84631,34.93992],[136.84621,34.93994],[136.84608,34.93998],[136.84595,34.94004],[136.84582,34.94012],[136.84564,34.94014],[136.84535,34.94022],[136.84552,34.94047],[136.84559,34.94075],[136.84566,34.9411],[136.84921,34.94054],[136.8496,34.94049]]]}},{"type":"Feature","properties":{"name":"旭一丁目","setai":4,"jinko":12,"key":"23224034001","units":1},"geometry":{"type":"Polygon","coordinates":[[[136.84218,34.95718],[136.84243,34.95717],[136.84275,34.95722],[136.84305,34.95721],[136.84348,34.95711],[136.84365,34.95705],[136.84387,34.95685],[136.84411,34.9565],[136.8442,34.95613],[136.84426,34.95602],[136.84445,34.95577],[136.84468,34.95556],[136.84489,34.95537],[136.84308,34.95576],[136.84271,34.95462],[136.8402,34.95518],[136.84031,34.95575],[136.84034,34.95587],[136.84038,34.95595],[136.8404,34.956],[136.84057,34.95625],[136.84078,34.95647],[136.84089,34.95655],[136.84097,34.9566],[136.84101,34.95666],[136.84107,34.95673],[136.84109,34.95681],[136.8411,34.95693],[136.84109,34.95703],[136.84108,34.9571],[136.84105,34.95715],[136.84101,34.95717],[136.84097,34.95718],[136.84092,34.9572],[136.84086,34.9572],[136.84077,34.95721],[136.84067,34.95723],[136.84062,34.95725],[136.84058,34.95728],[136.84055,34.95731],[136.84055,34.95736],[136.84055,34.95739],[136.84058,34.95745],[136.84064,34.95752],[136.84074,34.95758],[136.84084,34.95762],[136.84103,34.9577],[136.84115,34.95778],[136.84149,34.95747],[136.84191,34.95724],[136.84218,34.95718]]]}},{"type":"Feature","properties":{"name":"旭二丁目","setai":40,"jinko":139,"key":"23224034002","units":1},"geometry":{"type":"Polygon","coordinates":[[[136.84886,34.95516],[136.84892,34.95501],[136.84893,34.95497],[136.84891,34.9549],[136.84892,34.95488],[136.84903,34.95478],[136.84916,34.95465],[136.84923,34.95459],[136.84932,34.95455],[136.84955,34.95448],[136.84959,34.95446],[136.84961,34.95442],[136.84962,34.95436],[136.84979,34.95434],[136.84989,34.9543],[136.85003,34.95445],[136.85004,34.95458],[136.85005,34.95473],[136.85004,34.95494],[136.84994,34.95524],[136.84987,34.95543],[136.8508,34.95534],[136.85084,34.95479],[136.85095,34.95431],[136.85115,34.95431],[136.85117,34.95419],[136.85123,34.95407],[136.85131,34.95398],[136.85143,34.95381],[136.85153,34.95369],[136.85168,34.95353],[136.85127,34.95351],[136.85071,34.95351],[136.85067,34.95345],[136.85062,34.95343],[136.85056,34.95344],[136.85051,34.95336],[136.85054,34.95309],[136.85051,34.95292],[136.8504,34.95292],[136.85022,34.95292],[136.85004,34.95291],[136.8499,34.95291],[136.84975,34.95292],[136.84957,34.95293],[136.8494,34.95294],[136.84921,34.95294],[136.84907,34.95294],[136.84894,34.95295],[136.84882,34.95295],[136.84866,34.95294],[136.84843,34.95301],[136.84825,34.95302],[136.84805,34.95304],[136.84775,34.95307],[136.84751,34.9531],[136.84732,34.95312],[136.84709,34.95313],[136.84681,34.95313],[136.84674,34.95315],[136.84648,34.95331],[136.84635,34.95345],[136.84622,34.95363],[136.84618,34.95372],[136.84616,34.95383],[136.84615,34.95396],[136.84614,34.95411],[136.84608,34.95441],[136.84598,34.95457],[136.84593,34.95462],[136.84588,34.95467],[136.84578,34.95476],[136.84559,34.95494],[136.84551,34.955],[136.84527,34.95516],[136.84515,34.95524],[136.84499,34.95535],[136.84652,34.95504],[136.84679,34.95499],[136.84705,34.95495],[136.84733,34.9549],[136.84748,34.95496],[136.84767,34.95509],[136.84782,34.95517],[136.84799,34.95524],[136.84813,34.9553],[136.84816,34.95532],[136.84818,34.95531],[136.84835,34.95526],[136.84849,34.95521],[136.84863,34.95517],[136.84877,34.95515],[136.84886,34.95516]]]}},{"type":"Feature","properties":{"name":"旭三丁目","setai":1,"jinko":5,"key":"23224034003","units":1},"geometry":{"type":"Polygon","coordinates":[[[136.84574,34.95346],[136.8456,34.9532],[136.84547,34.95299],[136.84541,34.95287],[136.84536,34.95268],[136.84516,34.95215],[136.84394,34.95249],[136.84411,34.95364],[136.84504,34.9536],[136.84534,34.95358],[136.84558,34.95352],[136.84574,34.95346]]]}},{"type":"Feature","properties":{"name":"旭四丁目","setai":6,"jinko":12,"key":"23224034004","units":1},"geometry":{"type":"Polygon","coordinates":[[[136.84489,34.95537],[136.84499,34.95535],[136.84515,34.95524],[136.84527,34.95516],[136.84551,34.955],[136.84559,34.95494],[136.84578,34.95476],[136.84588,34.95467],[136.84593,34.95462],[136.84598,34.95457],[136.84608,34.95441],[136.84614,34.95411],[136.84615,34.95396],[136.84597,34.95392],[136.84596,34.95385],[136.84581,34.95383],[136.84567,34.95375],[136.84559,34.95368],[136.84558,34.95352],[136.84534,34.95358],[136.84504,34.9536],[136.84411,34.95364],[136.84394,34.95249],[136.84338,34.95266],[136.84239,34.95296],[136.84176,34.95313],[136.84123,34.95323],[136.84076,34.95324],[136.84033,34.95324],[136.83693,34.95309],[136.83696,34.95323],[136.83708,34.95339],[136.83729,34.95353],[136.83741,34.95376],[136.8375,34.95392],[136.83761,34.95401],[136.83776,34.95415],[136.83793,34.95427],[136.83802,34.9544],[136.83819,34.95449],[136.83861,34.95499],[136.83877,34.95489],[136.83895,34.9548],[136.83911,34.95479],[136.83929,34.95483],[136.83953,34.95491],[136.83963,34.95492],[136.83978,34.9549],[136.83985,34.95492],[136.83997,34.95496],[136.84012,34.95497],[136.84021,34.95502],[136.8402,34.95518],[136.84271,34.95462],[136.84308,34.95576],[136.84489,34.95537]]]}},{"type":"Feature","properties":{"name":"旭五丁目","setai":5,"jinko":5,"key":"23224034005","units":1},"geometry":{"type":"Polygon","coordinates":[[[136.837,34.95296],[136.83693,34.95309],[136.84033,34.95324],[136.84076,34.95324],[136.84123,34.95323],[136.84176,34.95313],[136.84239,34.95296],[136.84338,34.95266],[136.84394,34.95249],[136.84386,34.95194],[136.84367,34.95201],[136.84329,34.95216],[136.84283,34.95218],[136.84231,34.95223],[136.84131,34.95234],[136.84079,34.95218],[136.84035,34.95201],[136.84024,34.95187],[136.84001,34.95176],[136.83981,34.95163],[136.83972,34.95164],[136.83962,34.95166],[136.83905,34.95172],[136.83838,34.95184],[136.83804,34.95183],[136.83764,34.95184],[136.83693,34.95183],[136.83718,34.95239],[136.83736,34.95241],[136.83749,34.95244],[136.83782,34.95243],[136.83781,34.95265],[136.83774,34.95264],[136.83771,34.95291],[136.83768,34.95301],[136.83765,34.95303],[136.83761,34.95304],[136.83757,34.95302],[136.83752,34.95299],[136.83742,34.95298],[136.837,34.95296]]]}},{"type":"Feature","properties":{"name":"旭六丁目","setai":21,"jinko":57,"key":"23224034006","units":1},"geometry":{"type":"Polygon","coordinates":[[[136.84516,34.95215],[136.84508,34.95176],[136.84507,34.95162],[136.84509,34.9514],[136.84531,34.95097],[136.84535,34.95088],[136.8453,34.95084],[136.8451,34.95077],[136.84498,34.95072],[136.84487,34.95065],[136.84476,34.95059],[136.84468,34.95057],[136.84462,34.95052],[136.84462,34.95039],[136.84443,34.9504],[136.84396,34.95042],[136.84364,34.95044],[136.8437,34.95098],[136.84386,34.95194],[136.84394,34.95249],[136.84516,34.95215]]]}},{"type":"Feature","properties":{"name":"阿原","setai":0,"jinko":0,"key":"232240350","units":1},"geometry":{"type":"Polygon","coordinates":[[[136.88012,34.98214],[136.87969,34.98333],[136.88136,34.98367],[136.88144,34.98351],[136.88153,34.98327],[136.88157,34.98304],[136.88163,34.98278],[136.88166,34.98235],[136.88167,34.98199],[136.88239,34.98202],[136.88257,34.98193],[136.88271,34.98182],[136.8829,34.98151],[136.88227,34.98164],[136.88187,34.98165],[136.88136,34.98161],[136.88126,34.98231],[136.88012,34.98214]]]}},{"type":"Feature","properties":{"name":"南粕谷新海一丁目","setai":43,"jinko":107,"key":"23224036001","units":1},"geometry":{"type":"Polygon","coordinates":[[[136.83915,34.94101],[136.83993,34.94023],[136.8401,34.94007],[136.84082,34.9397],[136.84128,34.93951],[136.84227,34.939],[136.84233,34.93897],[136.84234,34.93894],[136.84219,34.93873],[136.84233,34.93867],[136.84257,34.93857],[136.84263,34.93857],[136.84256,34.93835],[136.84187,34.93835],[136.84127,34.93834],[136.84077,34.93838],[136.83965,34.93853],[136.83875,34.93866],[136.83772,34.93879],[136.83677,34.93891],[136.83628,34.93898],[136.83562,34.93907],[136.83523,34.9391],[136.83505,34.9391],[136.83471,34.93906],[136.83492,34.93931],[136.8351,34.93951],[136.83516,34.93959],[136.8353,34.93969],[136.83551,34.93977],[136.83756,34.94086],[136.83803,34.94111],[136.83822,34.94124],[136.83825,34.94127],[136.83839,34.94138],[136.83855,34.9415],[136.83915,34.94101]]]}},{"type":"Feature","properties":{"name":"南粕谷新海二丁目","setai":36,"jinko":81,"key":"23224036002","units":1},"geometry":{"type":"Polygon","coordinates":[[[136.84256,34.93835],[136.84348,34.93833],[136.84373,34.93834],[136.84389,34.93835],[136.8441,34.93839],[136.84431,34.9382],[136.84461,34.93793],[136.84479,34.93781],[136.84503,34.93767],[136.84515,34.9376],[136.84531,34.93743],[136.84523,34.93737],[136.84509,34.93726],[136.84505,34.93722],[136.84499,34.93713],[136.84484,34.93714],[136.8447,34.93711],[136.84454,34.93706],[136.84447,34.93703],[136.84444,34.93698],[136.8444,34.93665],[136.84454,34.93651],[136.84467,34.93622],[136.84476,34.93602],[136.8449,34.93587],[136.84538,34.93544],[136.84557,34.93533],[136.84566,34.93528],[136.84573,34.93526],[136.84578,34.93522],[136.84583,34.93517],[136.8458,34.9351],[136.84572,34.9349],[136.84568,34.93485],[136.84561,34.93486],[136.8453,34.93495],[136.84526,34.93487],[136.84507,34.93444],[136.84485,34.93419],[136.84469,34.934],[136.84421,34.93429],[136.84368,34.93461],[136.84367,34.93458],[136.84361,34.93462],[136.84358,34.93464],[136.84339,34.93475],[136.84346,34.93482],[136.84332,34.93489],[136.84285,34.93514],[136.8425,34.93524],[136.84193,34.93542],[136.84103,34.93582],[136.84102,34.93586],[136.84099,34.93594],[136.84002,34.9362],[136.83983,34.93628],[136.83806,34.93644],[136.83807,34.93642],[136.83799,34.93572],[136.83794,34.93563],[136.83791,34.93563],[136.83773,34.93577],[136.83756,34.9359],[136.83737,34.93603],[136.83712,34.93615],[136.83691,34.93624],[136.83667,34.93633],[136.83683,34.93692],[136.83672,34.93697],[136.83723,34.93789],[136.83743,34.93824],[136.83749,34.93834],[136.83772,34.93879],[136.83875,34.93866],[136.83965,34.93853],[136.84077,34.93838],[136.84127,34.93834],[136.84187,34.93835],[136.84256,34.93835]]]}},{"type":"Feature","properties":{"name":"南粕谷新海四丁目","setai":134,"jinko":328,"key":"23224036004","units":1},"geometry":{"type":"Polygon","coordinates":[[[136.83743,34.93824],[136.83723,34.93789],[136.83672,34.93697],[136.83669,34.93699],[136.83614,34.93726],[136.8361,34.93728],[136.83574,34.93744],[136.83569,34.93747],[136.83565,34.93749],[136.83544,34.93759],[136.83523,34.93769],[136.83497,34.93781],[136.83462,34.93789],[136.83445,34.93791],[136.83442,34.93791],[136.83382,34.93789],[136.83294,34.93784],[136.83258,34.93782],[136.83257,34.93799],[136.8326,34.938],[136.83264,34.93801],[136.83267,34.93801],[136.83273,34.93802],[136.833,34.93817],[136.83419,34.93882],[136.83438,34.93893],[136.83455,34.93901],[136.83471,34.93906],[136.83505,34.9391],[136.83523,34.9391],[136.83562,34.93907],[136.83628,34.93898],[136.83677,34.93891],[136.83772,34.93879],[136.83749,34.93834],[136.83743,34.93824]]]}},{"type":"Feature","properties":{"name":"南巽が丘一丁目","setai":172,"jinko":422,"key":"23224039001","units":1},"geometry":{"type":"Polygon","coordinates":[[[136.90976,34.96245],[136.90988,34.96245],[136.90999,34.96245],[136.91067,34.96208],[136.91069,34.96189],[136.91102,34.96174],[136.91115,34.96184],[136.91139,34.96152],[136.91156,34.96137],[136.91124,34.96111],[136.91098,34.96134],[136.91044,34.96176],[136.91006,34.96144],[136.90928,34.9608],[136.90923,34.96077],[136.90885,34.96053],[136.90877,34.96036],[136.90844,34.96044],[136.90832,34.96052],[136.90825,34.96061],[136.9081,34.96083],[136.9079,34.96094],[136.90769,34.96107],[136.90776,34.96147],[136.90783,34.96186],[136.90819,34.96197],[136.9082,34.96225],[136.90869,34.96224],[136.90884,34.96248],[136.90976,34.96245]]]}},{"type":"Feature","properties":{"name":"南巽が丘二丁目","setai":135,"jinko":347,"key":"23224039002","units":1},"geometry":{"type":"Polygon","coordinates":[[[136.91098,34.96134],[136.91124,34.96111],[136.91156,34.96137],[136.91165,34.96129],[136.91181,34.9611],[136.91226,34.96088],[136.91259,34.96073],[136.91303,34.96013],[136.91306,34.95967],[136.91301,34.95964],[136.91295,34.95959],[136.91291,34.95958],[136.91266,34.95971],[136.91234,34.9599],[136.91229,34.95996],[136.91223,34.96003],[136.91208,34.9598],[136.91157,34.96003],[136.91087,34.96037],[136.91047,34.96003],[136.90985,34.96038],[136.90939,34.96066],[136.90923,34.96077],[136.90928,34.9608],[136.91006,34.96144],[136.91044,34.96176],[136.91098,34.96134]]]}},{"type":"Feature","properties":{"name":"南巽が丘三丁目","setai":141,"jinko":366,"key":"23224039003","units":1},"geometry":{"type":"Polygon","coordinates":[[[136.90844,34.96044],[136.90877,34.96036],[136.90885,34.96053],[136.90923,34.96077],[136.90939,34.96066],[136.90985,34.96038],[136.91047,34.96003],[136.91098,34.95973],[136.91125,34.95959],[136.91118,34.95944],[136.91109,34.95932],[136.91104,34.95923],[136.9103,34.95917],[136.90941,34.95907],[136.90917,34.95877],[136.90914,34.95873],[136.9089,34.95874],[136.9085,34.9588],[136.90827,34.95885],[136.90805,34.95892],[136.90785,34.95897],[136.90764,34.95907],[136.90769,34.95951],[136.90771,34.96073],[136.9079,34.96094],[136.9081,34.96083],[136.90825,34.96061],[136.90832,34.96052],[136.90844,34.96044]]]}},{"type":"Feature","properties":{"name":"南巽が丘四丁目","setai":106,"jinko":330,"key":"23224039004","units":1},"geometry":{"type":"Polygon","coordinates":[[[136.91157,34.96003],[136.91208,34.9598],[136.91223,34.96003],[136.91229,34.95996],[136.91234,34.9599],[136.91266,34.95971],[136.91291,34.95958],[136.91244,34.9594],[136.91245,34.9592],[136.91245,34.9592],[136.91245,34.95916],[136.91242,34.95899],[136.91239,34.95883],[136.91236,34.95882],[136.91232,34.95881],[136.91223,34.95879],[136.91223,34.95879],[136.91214,34.95874],[136.91206,34.95867],[136.91203,34.95858],[136.91199,34.95835],[136.91193,34.95827],[136.91192,34.95822],[136.91194,34.95806],[136.91191,34.95796],[136.91188,34.95782],[136.91187,34.95782],[136.91161,34.95788],[136.91102,34.95801],[136.91074,34.95807],[136.91051,34.95811],[136.91016,34.95817],[136.91,34.95818],[136.90981,34.95815],[136.90921,34.95805],[136.90811,34.95804],[136.90797,34.95807],[136.90769,34.95823],[136.90689,34.95872],[136.90726,34.95926],[136.90764,34.95907],[136.90785,34.95897],[136.90805,34.95892],[136.90827,34.95885],[136.9085,34.9588],[136.9089,34.95874],[136.90914,34.95873],[136.90917,34.95877],[136.90941,34.95907],[136.9103,34.95917],[136.91104,34.95923],[136.91109,34.95932],[136.91118,34.95944],[136.91125,34.95959],[136.91098,34.95973],[136.91047,34.96003],[136.91087,34.96037],[136.91157,34.96003]]]}},{"type":"Feature","properties":{"name":"南粕谷本町","setai":235,"jinko":649,"key":"232240400","units":1},"geometry":{"type":"Polygon","coordinates":[[[136.84704,34.93873],[136.84712,34.93865],[136.84726,34.9388],[136.84735,34.93912],[136.84847,34.93895],[136.84863,34.93892],[136.84884,34.93884],[136.84897,34.9388],[136.84913,34.93879],[136.84936,34.93873],[136.8495,34.93871],[136.84957,34.93874],[136.84965,34.93881],[136.84972,34.93885],[136.8499,34.93882],[136.85009,34.9388],[136.8504,34.93866],[136.85051,34.93858],[136.85057,34.93855],[136.85068,34.93852],[136.8508,34.93847],[136.85091,34.93843],[136.85105,34.93834],[136.85117,34.93826],[136.85136,34.93814],[136.85087,34.93774],[136.85114,34.93762],[136.85113,34.9376],[136.85092,34.93731],[136.85062,34.93689],[136.85036,34.93652],[136.85014,34.93623],[136.84996,34.93631],[136.84995,34.93661],[136.84915,34.93656],[136.8487,34.93655],[136.84875,34.93645],[136.84888,34.9363],[136.84901,34.93617],[136.849,34.93598],[136.84873,34.93586],[136.84853,34.93576],[136.84838,34.93568],[136.84831,34.93563],[136.84826,34.93556],[136.84827,34.93548],[136.84828,34.93539],[136.84826,34.93533],[136.8482,34.93527],[136.84805,34.93516],[136.84789,34.93507],[136.84807,34.935],[136.84821,34.93492],[136.84831,34.93481],[136.84837,34.93466],[136.84832,34.93461],[136.84819,34.9344],[136.84807,34.93394],[136.84841,34.93379],[136.8487,34.93365],[136.84861,34.93355],[136.84781,34.93263],[136.8475,34.93233],[136.84658,34.93287],[136.84475,34.93397],[136.84474,34.93396],[136.84469,34.934],[136.84485,34.93419],[136.84507,34.93444],[136.84526,34.93487],[136.8453,34.93495],[136.84561,34.93486],[136.84568,34.93485],[136.84572,34.9349],[136.8458,34.9351],[136.84583,34.93517],[136.84578,34.93522],[136.84573,34.93526],[136.84566,34.93528],[136.84557,34.93533],[136.84538,34.93544],[136.8449,34.93587],[136.84476,34.93602],[136.84467,34.93622],[136.84454,34.93651],[136.8444,34.93665],[136.84444,34.93698],[136.84447,34.93703],[136.84454,34.93706],[136.8447,34.93711],[136.84484,34.93714],[136.84499,34.93713],[136.84505,34.93722],[136.84509,34.93726],[136.84523,34.93737],[136.84531,34.93743],[136.84515,34.9376],[136.84503,34.93767],[136.84479,34.93781],[136.84461,34.93793],[136.84431,34.9382],[136.8441,34.93839],[136.84389,34.93835],[136.84373,34.93834],[136.84348,34.93833],[136.84256,34.93835],[136.84263,34.93857],[136.84257,34.93857],[136.84233,34.93867],[136.84219,34.93873],[136.84234,34.93894],[136.84233,34.93897],[136.84227,34.939],[136.84128,34.93951],[136.84082,34.9397],[136.8401,34.94007],[136.83993,34.94023],[136.83915,34.94101],[136.8396,34.94122],[136.84016,34.94151],[136.84059,34.94171],[136.84081,34.94179],[136.84129,34.94172],[136.84169,34.94165],[136.84213,34.9416],[136.84292,34.94153],[136.84347,34.94139],[136.84364,34.94136],[136.84391,34.94133],[136.84389,34.94122],[136.84439,34.94121],[136.84458,34.94119],[136.84489,34.94118],[136.84511,34.94118],[136.84535,34.94115],[136.84566,34.9411],[136.84559,34.94075],[136.84552,34.94047],[136.84535,34.94022],[136.84564,34.94014],[136.84582,34.94012],[136.84595,34.94004],[136.84608,34.93998],[136.84621,34.93994],[136.84631,34.93992],[136.84635,34.93976],[136.84636,34.93957],[136.84638,34.93941],[136.84643,34.93917],[136.84655,34.93914],[136.84665,34.9391],[136.84676,34.93902],[136.84687,34.93893],[136.84695,34.93882],[136.84704,34.93873]]]}},{"type":"Feature","properties":{"name":"巽が丘一丁目","setai":339,"jinko":939,"key":"23224047001","units":1},"geometry":{"type":"Polygon","coordinates":[[[136.91274,34.96492],[136.91263,34.96472],[136.91253,34.96452],[136.91246,34.96424],[136.91248,34.96409],[136.91257,34.96389],[136.91219,34.96375],[136.91219,34.96367],[136.91219,34.96361],[136.91214,34.96352],[136.91207,34.96349],[136.91197,34.96349],[136.91188,34.9635],[136.91182,34.96341],[136.9117,34.96325],[136.91159,34.96335],[136.91154,34.96321],[136.91147,34.96297],[136.91162,34.96295],[136.91157,34.96277],[136.91153,34.96252],[136.91152,34.96231],[136.91156,34.96212],[136.91159,34.96199],[136.91165,34.96185],[136.91139,34.96152],[136.91115,34.96184],[136.91102,34.96174],[136.91069,34.96189],[136.91067,34.96208],[136.90999,34.96245],[136.90988,34.96245],[136.90976,34.96245],[136.90884,34.96248],[136.9088,34.96263],[136.90873,34.9629],[136.90878,34.96309],[136.9088,34.96323],[136.90869,34.96341],[136.90847,34.96379],[136.9084,34.96417],[136.9094,34.96437],[136.91014,34.96452],[136.9103,34.96458],[136.9104,34.96462],[136.91053,34.96463],[136.91077,34.96464],[136.91082,34.96463],[136.91088,34.96464],[136.91103,34.96471],[136.91132,34.96487],[136.91142,34.96493],[136.91154,34.96495],[136.91162,34.96494],[136.91165,34.96491],[136.9117,34.96483],[136.91185,34.96483],[136.91196,34.96483],[136.91219,34.96516],[136.91227,34.96525],[136.91272,34.96534],[136.91295,34.96533],[136.91281,34.96509],[136.91274,34.96492]]]}},{"type":"Feature","properties":{"name":"巽が丘二丁目","setai":160,"jinko":361,"key":"23224047002","units":1},"geometry":{"type":"Polygon","coordinates":[[[136.91478,34.96538],[136.9149,34.96536],[136.91495,34.96537],[136.91503,34.96537],[136.91511,34.96534],[136.91519,34.96525],[136.91532,34.96525],[136.91538,34.96534],[136.91558,34.9653],[136.91549,34.96455],[136.91533,34.96276],[136.91468,34.96279],[136.91441,34.96281],[136.91421,34.96286],[136.91404,34.96292],[136.91289,34.96359],[136.91271,34.96373],[136.91257,34.96389],[136.91248,34.96409],[136.91246,34.96424],[136.91253,34.96452],[136.91263,34.96472],[136.91274,34.96492],[136.91281,34.96509],[136.91295,34.96533],[136.91309,34.96533],[136.9133,34.96532],[136.91352,34.96532],[136.91375,34.96534],[136.91415,34.96536],[136.91457,34.9654],[136.91468,34.96539],[136.91478,34.96538]]]}},{"type":"Feature","properties":{"name":"巽が丘三丁目","setai":114,"jinko":191,"key":"23224047003","units":1},"geometry":{"type":"Polygon","coordinates":[[[136.91651,34.9655],[136.91666,34.9653],[136.91674,34.96519],[136.91676,34.96516],[136.91682,34.96504],[136.9169,34.96488],[136.91694,34.96469],[136.91695,34.96442],[136.91687,34.9642],[136.91675,34.96391],[136.91666,34.96382],[136.9168,34.96365],[136.91691,34.96326],[136.91696,34.96288],[136.91665,34.96282],[136.91663,34.96284],[136.91657,34.96286],[136.91654,34.96285],[136.91649,34.96283],[136.91608,34.96289],[136.91594,34.96291],[136.91575,34.96292],[136.91569,34.96292],[136.91567,34.96255],[136.91567,34.96242],[136.91552,34.96242],[136.9155,34.96242],[136.91546,34.96243],[136.91537,34.96243],[136.91528,34.96243],[136.91529,34.96247],[136.91529,34.96254],[136.91529,34.96254],[136.91531,34.96266],[136.91532,34.96268],[136.91533,34.96276],[136.91549,34.96455],[136.91558,34.9653],[136.91558,34.96549],[136.91613,34.96549],[136.9162,34.9655],[136.91651,34.9655]]]}},{"type":"Feature","properties":{"name":"巽が丘四丁目","setai":244,"jinko":585,"key":"23224047004","units":1},"geometry":{"type":"Polygon","coordinates":[[[136.91289,34.96359],[136.91404,34.96292],[136.91421,34.96286],[136.91441,34.96281],[136.91468,34.96279],[136.91533,34.96276],[136.91532,34.96268],[136.91531,34.96266],[136.91529,34.96254],[136.91529,34.96254],[136.91529,34.96247],[136.91528,34.96243],[136.915,34.96246],[136.91498,34.96232],[136.91494,34.96223],[136.91499,34.9622],[136.91494,34.96187],[136.91494,34.96186],[136.91482,34.96177],[136.91477,34.96171],[136.91471,34.96165],[136.91468,34.96159],[136.91499,34.96144],[136.91501,34.96143],[136.91506,34.96142],[136.91514,34.96142],[136.91511,34.96123],[136.91498,34.96124],[136.91498,34.96122],[136.91489,34.96113],[136.91484,34.96116],[136.91476,34.96123],[136.91463,34.96131],[136.91462,34.96129],[136.9145,34.96108],[136.91444,34.96098],[136.91426,34.96088],[136.91415,34.96074],[136.91405,34.96069],[136.91393,34.96064],[136.91378,34.9606],[136.91347,34.96047],[136.91342,34.96042],[136.91332,34.96034],[136.91325,34.96028],[136.91318,34.96023],[136.91303,34.96013],[136.91259,34.96073],[136.91226,34.96088],[136.91181,34.9611],[136.91165,34.96129],[136.91156,34.96137],[136.91139,34.96152],[136.91165,34.96185],[136.91159,34.96199],[136.91156,34.96212],[136.91152,34.96231],[136.91153,34.96252],[136.91157,34.96277],[136.91162,34.96295],[136.91147,34.96297],[136.91154,34.96321],[136.91159,34.96335],[136.9117,34.96325],[136.91182,34.96341],[136.91188,34.9635],[136.91197,34.96349],[136.91207,34.96349],[136.91214,34.96352],[136.91219,34.96361],[136.91219,34.96367],[136.91219,34.96375],[136.91257,34.96389],[136.91271,34.96373],[136.91289,34.96359]]]}},{"type":"Feature","properties":{"name":"緑浜町","setai":0,"jinko":0,"key":"232240480","units":1},"geometry":{"type":"Polygon","coordinates":[[[136.82837,34.9617],[136.82874,34.9615],[136.82866,34.96149],[136.82825,34.96144],[136.82802,34.96142],[136.82743,34.96135],[136.82714,34.9613],[136.82701,34.96127],[136.82698,34.96126],[136.8269,34.96124],[136.82679,34.96121],[136.82668,34.96117],[136.82655,34.96112],[136.8263,34.96102],[136.82621,34.96099],[136.82612,34.96093],[136.82597,34.96085],[136.8259,34.9608],[136.82584,34.96075],[136.82569,34.96065],[136.8256,34.96058],[136.82574,34.96049],[136.82514,34.95886],[136.82444,34.95704],[136.82301,34.95321],[136.823,34.95319],[136.82298,34.95316],[136.82381,34.95273],[136.82381,34.95273],[136.82383,34.95274],[136.82383,34.95274],[136.82384,34.95273],[136.82384,34.95273],[136.82385,34.95273],[136.82385,34.95273],[136.82386,34.95272],[136.82386,34.95272],[136.82386,34.95271],[136.82386,34.9527],[136.82419,34.95253],[136.82655,34.95132],[136.82655,34.95125],[136.82654,34.9512],[136.82392,34.95253],[136.82379,34.9526],[136.82378,34.95259],[136.82378,34.95259],[136.82377,34.95259],[136.82376,34.95259],[136.82375,34.95259],[136.82374,34.95259],[136.82374,34.9526],[136.82373,34.95261],[136.82373,34.95261],[136.82373,34.95261],[136.82373,34.95262],[136.82373,34.95262],[136.82373,34.95263],[136.82289,34.95306],[136.8227,34.95284],[136.82224,34.95309],[136.82208,34.95303],[136.82198,34.95298],[136.82195,34.95297],[136.82192,34.95294],[136.8219,34.95292],[136.82188,34.9529],[136.82159,34.95252],[136.82147,34.95237],[136.82138,34.95227],[136.82133,34.95222],[136.82133,34.95221],[136.82132,34.9522],[136.82132,34.95219],[136.82131,34.95218],[136.82129,34.95216],[136.82109,34.95196],[136.82087,34.9517],[136.82075,34.95158],[136.82071,34.95153],[136.82062,34.95141],[136.82049,34.95123],[136.82039,34.9511],[136.82031,34.95102],[136.82027,34.95097],[136.82023,34.95092],[136.82019,34.95086],[136.82016,34.95083],[136.82015,34.95081],[136.82013,34.95078],[136.82012,34.95075],[136.82012,34.95072],[136.82077,34.95036],[136.82029,34.94976],[136.8192,34.95035],[136.81917,34.95032],[136.81881,34.95052],[136.81791,34.95101],[136.8179,34.95101],[136.81515,34.9525],[136.81099,34.9548],[136.81104,34.95485],[136.8128,34.957],[136.8138,34.95824],[136.81382,34.95826],[136.81466,34.9593],[136.81649,34.96152],[136.81654,34.96158],[136.81869,34.96431],[136.81876,34.96429],[136.81882,34.96427],[136.81934,34.96413],[136.81984,34.96385],[136.8199,34.96391],[136.82035,34.96365],[136.8203,34.96358],[136.82253,34.96229],[136.82198,34.96159],[136.82194,34.96154],[136.82165,34.96118],[136.82436,34.95965],[136.8253,34.96075],[136.82542,34.96069],[136.82554,34.96078],[136.82569,34.96089],[136.82576,34.96094],[136.82584,34.96099],[136.82599,34.96108],[136.82612,34.96115],[136.82618,34.96119],[136.82634,34.96125],[136.82652,34.96133],[136.82666,34.96138],[136.82682,34.96143],[136.8269,34.96146],[136.82696,34.96147],[136.82698,34.96148],[136.82716,34.96152],[136.82728,34.96154],[136.82736,34.96155],[136.82751,34.96158],[136.82759,34.96159],[136.82837,34.9617]]]}},{"type":"Feature","properties":{"name":"南粕谷東坂一丁目","setai":39,"jinko":122,"key":"23224049001","units":1},"geometry":{"type":"Polygon","coordinates":[[[136.85438,34.94034],[136.85444,34.94029],[136.85466,34.94031],[136.85478,34.94026],[136.85482,34.9402],[136.8552,34.94001],[136.85531,34.93999],[136.85576,34.93988],[136.85605,34.9399],[136.85634,34.93983],[136.8566,34.9397],[136.85695,34.93949],[136.85721,34.93941],[136.85721,34.93926],[136.85723,34.93912],[136.8573,34.93895],[136.85734,34.93881],[136.85742,34.93859],[136.85751,34.93822],[136.85761,34.93788],[136.85766,34.93762],[136.85768,34.93748],[136.85769,34.93732],[136.85765,34.93716],[136.85747,34.93682],[136.85727,34.93652],[136.85692,34.93601],[136.85672,34.93575],[136.85647,34.93537],[136.85629,34.93507],[136.85609,34.93465],[136.85573,34.93398],[136.85538,34.93328],[136.85522,34.9329],[136.85513,34.93281],[136.85498,34.93295],[136.85491,34.93299],[136.85478,34.93315],[136.85475,34.93317],[136.85471,34.93334],[136.85461,34.93336],[136.85453,34.93341],[136.85448,34.93347],[136.85452,34.93355],[136.85457,34.93361],[136.85477,34.93365],[136.85499,34.93371],[136.85508,34.93375],[136.85516,34.93382],[136.85527,34.93389],[136.85528,34.93399],[136.85531,34.9341],[136.85534,34.93419],[136.85539,34.93426],[136.85537,34.93434],[136.8553,34.93441],[136.8554,34.93458],[136.85517,34.93469],[136.85514,34.9349],[136.85517,34.93511],[136.85521,34.93521],[136.85529,34.93532],[136.8554,34.93543],[136.85544,34.93553],[136.85546,34.9356],[136.85549,34.93564],[136.85554,34.93567],[136.85568,34.93572],[136.85583,34.93574],[136.85587,34.93578],[136.85603,34.93594],[136.8562,34.93611],[136.85632,34.93618],[136.85641,34.93622],[136.85654,34.93637],[136.85662,34.93647],[136.85672,34.93656],[136.85664,34.93659],[136.85681,34.93685],[136.85684,34.93693],[136.85689,34.93709],[136.85694,34.93719],[136.85693,34.93722],[136.85688,34.93724],[136.85678,34.93738],[136.8567,34.9374],[136.8566,34.93745],[136.85651,34.93748],[136.8564,34.93758],[136.8563,34.93771],[136.85613,34.93793],[136.85611,34.93796],[136.85602,34.93802],[136.85595,34.93804],[136.85576,34.9381],[136.85568,34.9381],[136.8557,34.93813],[136.8558,34.93839],[136.85582,34.93845],[136.85583,34.93852],[136.85571,34.93859],[136.85427,34.9391],[136.854,34.93919],[136.8541,34.93946],[136.85423,34.93965],[136.85434,34.93981],[136.85459,34.94016],[136.85447,34.94021],[136.8542,34.94031],[136.85383,34.94045],[136.85327,34.94063],[136.85275,34.94079],[136.85164,34.94115],[136.85147,34.94123],[136.85131,34.94129],[136.85119,34.94135],[136.85103,34.94141],[136.85089,34.94145],[136.85097,34.94163],[136.8515,34.9415],[136.85196,34.94129],[136.85233,34.94121],[136.85305,34.94098],[136.85351,34.94086],[136.85423,34.94056],[136.85438,34.94034]]]}},{"type":"Feature","properties":{"name":"南粕谷東坂二丁目","setai":38,"jinko":107,"key":"23224049002","units":1},"geometry":{"type":"Polygon","coordinates":[[[136.86245,34.9401],[136.86257,34.94005],[136.86273,34.94005],[136.86287,34.94012],[136.86287,34.9398],[136.86304,34.93972],[136.86314,34.93971],[136.86325,34.93971],[136.86362,34.93973],[136.86362,34.93973],[136.86358,34.93969],[136.86291,34.93934],[136.86271,34.93923],[136.86232,34.93902],[136.86221,34.93894],[136.86214,34.93889],[136.86211,34.93884],[136.86196,34.93866],[136.86143,34.93851],[136.85988,34.93811],[136.85881,34.93791],[136.85863,34.93787],[136.85865,34.93783],[136.85878,34.93752],[136.85881,34.93743],[136.8586,34.93738],[136.85838,34.93733],[136.85833,34.93729],[136.85796,34.93686],[136.85791,34.93675],[136.85789,34.9367],[136.85783,34.93656],[136.85778,34.93649],[136.85772,34.93637],[136.85766,34.93628],[136.85769,34.93605],[136.8577,34.93601],[136.85772,34.93593],[136.85773,34.93589],[136.85675,34.93481],[136.8567,34.93471],[136.85669,34.93469],[136.85665,34.93461],[136.8564,34.93411],[136.85623,34.934],[136.85605,34.93379],[136.85552,34.93319],[136.85522,34.9329],[136.85538,34.93328],[136.85573,34.93398],[136.85609,34.93465],[136.85629,34.93507],[136.85647,34.93537],[136.85672,34.93575],[136.85692,34.93601],[136.85727,34.93652],[136.85747,34.93682],[136.85765,34.93716],[136.85769,34.93732],[136.85768,34.93748],[136.85766,34.93762],[136.85761,34.93788],[136.85751,34.93822],[136.85742,34.93859],[136.85734,34.93881],[136.8573,34.93895],[136.85723,34.93912],[136.85721,34.93926],[136.85721,34.93941],[136.85764,34.93952],[136.85797,34.93954],[136.85818,34.93957],[136.85843,34.93957],[136.85864,34.93946],[136.85892,34.93937],[136.85908,34.93932],[136.85943,34.93946],[136.85945,34.93954],[136.85953,34.93963],[136.85964,34.93969],[136.85991,34.93973],[136.85998,34.93973],[136.86005,34.93977],[136.8601,34.93982],[136.86017,34.93993],[136.86024,34.93999],[136.86033,34.94003],[136.8604,34.94008],[136.86046,34.94013],[136.86057,34.94017],[136.86067,34.9402],[136.86083,34.94022],[136.86094,34.94025],[136.86137,34.94041],[136.86153,34.9405],[136.8617,34.94054],[136.86187,34.94042],[136.86227,34.9402],[136.86245,34.9401]]]}},{"type":"Feature","properties":{"name":"長浦一丁目","setai":185,"jinko":479,"key":"23224050001","units":1},"geometry":{"type":"Polygon","coordinates":[[[136.85219,34.97816],[136.85243,34.97762],[136.85251,34.97745],[136.85215,34.97745],[136.85181,34.97735],[136.85168,34.97729],[136.85154,34.97716],[136.85134,34.97697],[136.85117,34.97704],[136.85095,34.97706],[136.85073,34.97708],[136.85052,34.97704],[136.85037,34.977],[136.85014,34.97733],[136.84915,34.97749],[136.84816,34.97782],[136.84774,34.97796],[136.84755,34.97802],[136.84742,34.97793],[136.84742,34.97796],[136.84739,34.978],[136.84731,34.97806],[136.84723,34.9781],[136.84717,34.9781],[136.84701,34.97807],[136.84693,34.97807],[136.8471,34.97827],[136.84735,34.97849],[136.84772,34.97881],[136.84792,34.97899],[136.8482,34.97923],[136.84865,34.9797],[136.84898,34.98006],[136.84934,34.98049],[136.84986,34.98109],[136.85032,34.9816],[136.85125,34.98259],[136.85148,34.98244],[136.84957,34.98031],[136.85155,34.979],[136.85166,34.97892],[136.85184,34.9787],[136.85219,34.97816]]]}},{"type":"Feature","properties":{"name":"長浦二丁目","setai":269,"jinko":699,"key":"23224050002","units":1},"geometry":{"type":"Polygon","coordinates":[[[136.85014,34.97733],[136.85037,34.977],[136.85052,34.97704],[136.85073,34.97708],[136.85095,34.97706],[136.85117,34.97704],[136.85134,34.97697],[136.85154,34.97716],[136.85168,34.97729],[136.85181,34.97735],[136.85215,34.97745],[136.85251,34.97745],[136.85255,34.97735],[136.85252,34.97727],[136.85248,34.97719],[136.85246,34.97714],[136.85178,34.97659],[136.85185,34.97652],[136.85233,34.97689],[136.85243,34.97696],[136.85254,34.97695],[136.85259,34.97686],[136.85274,34.97642],[136.85287,34.97646],[136.85304,34.97601],[136.85253,34.97591],[136.85216,34.9758],[136.85208,34.97575],[136.85183,34.97552],[136.85173,34.97545],[136.85158,34.97523],[136.85132,34.97474],[136.85126,34.97466],[136.85114,34.97461],[136.85101,34.97455],[136.85072,34.9743],[136.85061,34.9742],[136.85042,34.97415],[136.85032,34.97414],[136.85021,34.97418],[136.84968,34.97431],[136.84966,34.97443],[136.84953,34.97471],[136.84938,34.97495],[136.8492,34.97532],[136.84899,34.97573],[136.84897,34.97577],[136.84892,34.97587],[136.849,34.97676],[136.84915,34.97749],[136.85014,34.97733]]]}},{"type":"Feature","properties":{"name":"長浦三丁目","setai":255,"jinko":562,"key":"23224050003","units":1},"geometry":{"type":"Polygon","coordinates":[[[136.84723,34.9781],[136.84731,34.97806],[136.84739,34.978],[136.84742,34.97796],[136.84742,34.97793],[136.84755,34.97802],[136.84774,34.97796],[136.84816,34.97782],[136.84915,34.97749],[136.849,34.97676],[136.84892,34.97587],[136.84897,34.97577],[136.84899,34.97573],[136.8492,34.97532],[136.84938,34.97495],[136.84908,34.97502],[136.84874,34.9751],[136.84839,34.9752],[136.84827,34.97521],[136.84814,34.97519],[136.84801,34.97507],[136.84777,34.97462],[136.84757,34.97452],[136.84732,34.97445],[136.84692,34.97443],[136.84675,34.9743],[136.84664,34.97426],[136.84613,34.97406],[136.84589,34.97405],[136.84598,34.97424],[136.84556,34.97447],[136.84545,34.97472],[136.84513,34.97496],[136.84513,34.97504],[136.84511,34.9751],[136.84506,34.97516],[136.84498,34.97521],[136.84493,34.9753],[136.84477,34.97531],[136.84474,34.97542],[136.84473,34.97555],[136.84484,34.97568],[136.8457,34.97666],[136.84625,34.9773],[136.84693,34.97807],[136.84701,34.97807],[136.84717,34.9781],[136.84723,34.9781]]]}},{"type":"Feature","properties":{"name":"柳花","setai":3,"jinko":8,"key":"232240510","units":1},"geometry":{"type":"Polygon","coordinates":[[[136.88958,34.99632],[136.89005,34.99346],[136.89019,34.99271],[136.89068,34.98949],[136.8873,34.98911],[136.88506,34.98885],[136.88503,34.98893],[136.88503,34.98901],[136.88522,34.98933],[136.8853,34.98941],[136.88537,34.98945],[136.88555,34.98952],[136.88574,34.9896],[136.88586,34.98967],[136.88596,34.98981],[136.88604,34.98995],[136.88606,34.99005],[136.88606,34.99012],[136.88604,34.99018],[136.88601,34.99033],[136.88594,34.99062],[136.8859,34.99088],[136.88583,34.99105],[136.88569,34.99125],[136.88554,34.99143],[136.88537,34.99163],[136.88517,34.99188],[136.88502,34.99205],[136.8849,34.9922],[136.88479,34.99232],[136.88468,34.99243],[136.88459,34.99264],[136.88452,34.99279],[136.88446,34.99296],[136.88445,34.99308],[136.88446,34.99322],[136.88453,34.99335],[136.88469,34.99362],[136.88485,34.99389],[136.88493,34.99403],[136.88502,34.9942],[136.88504,34.99439],[136.88499,34.99454],[136.88491,34.99463],[136.88485,34.99471],[136.88482,34.99481],[136.88477,34.9949],[136.88475,34.99492],[136.88475,34.99504],[136.88478,34.99532],[136.88482,34.99548],[136.88583,34.99636],[136.88665,34.99723],[136.88628,34.99756],[136.8865,34.99774],[136.88614,34.99804],[136.88629,34.99819],[136.886,34.99837],[136.88628,34.99874],[136.88652,34.99931],[136.88672,34.99958],[136.88706,34.99976],[136.88769,35.00013],[136.88796,35.00034],[136.88808,35.00042],[136.88841,35.00009],[136.88806,34.9998],[136.88833,34.99953],[136.8885,34.99936],[136.88868,34.9992],[136.88878,34.99911],[136.88843,34.99878],[136.88831,34.99866],[136.88858,34.99842],[136.88901,34.99807],[136.88922,34.99786],[136.88934,34.99765],[136.88947,34.99699],[136.88958,34.99632]]]}},{"type":"Feature","properties":{"name":"社山","setai":0,"jinko":0,"key":"232240520","units":1},"geometry":{"type":"Polygon","coordinates":[[[136.89206,34.98963],[136.89068,34.98949],[136.89019,34.99271],[136.89005,34.99346],[136.88958,34.99632],[136.89305,34.99669],[136.89323,34.99573],[136.89354,34.99385],[136.89379,34.99236],[136.89389,34.99173],[136.89399,34.99114],[136.8942,34.98988],[136.89206,34.98963]]]}},{"type":"Feature","properties":{"name":"笠松","setai":0,"jinko":0,"key":"232240530","units":1},"geometry":{"type":"Polygon","coordinates":[[[136.89651,34.98285],[136.89619,34.98284],[136.8963,34.98214],[136.89461,34.98195],[136.89481,34.98077],[136.89363,34.98066],[136.89214,34.98066],[136.89216,34.98089],[136.89204,34.98171],[136.89188,34.98263],[136.89162,34.98425],[136.89134,34.98591],[136.89068,34.98949],[136.89206,34.98963],[136.8922,34.98868],[136.89344,34.98886],[136.8936,34.9878],[136.89563,34.98804],[136.89573,34.98794],[136.89582,34.98785],[136.89587,34.98775],[136.8959,34.98759],[136.89592,34.9874],[136.89596,34.98713],[136.89608,34.98667],[136.89615,34.9864],[136.89625,34.98608],[136.89634,34.98584],[136.89647,34.98544],[136.89649,34.98518],[136.89662,34.98473],[136.89668,34.98453],[136.89674,34.98432],[136.89664,34.98424],[136.89644,34.98411],[136.89655,34.98387],[136.89665,34.98371],[136.89675,34.98354],[136.89679,34.98344],[136.89679,34.98328],[136.89676,34.98317],[136.89671,34.98303],[136.89662,34.98291],[136.89651,34.98285]]]}},{"type":"Feature","properties":{"name":"伊賀坂","setai":12,"jinko":30,"key":"232240540","units":1},"geometry":{"type":"Polygon","coordinates":[[[136.89068,34.98949],[136.89134,34.98591],[136.89162,34.98425],[136.89188,34.98263],[136.89034,34.98248],[136.88975,34.98238],[136.88879,34.98205],[136.88793,34.9817],[136.88602,34.98424],[136.88554,34.98488],[136.88483,34.98586],[136.88455,34.98622],[136.88469,34.98624],[136.88484,34.98624],[136.88493,34.98628],[136.88497,34.98634],[136.88505,34.98644],[136.88511,34.98653],[136.8852,34.98666],[136.88525,34.98672],[136.88531,34.98673],[136.8854,34.98673],[136.8855,34.98791],[136.8855,34.98804],[136.88549,34.98816],[136.88548,34.9885],[136.88545,34.98859],[136.88537,34.98869],[136.8853,34.98875],[136.88519,34.9888],[136.88506,34.98885],[136.8873,34.98911],[136.89068,34.98949]]]}},{"type":"Feature","properties":{"name":"鎌ヶ谷","setai":0,"jinko":0,"key":"232240550","units":1},"geometry":{"type":"Polygon","coordinates":[[[136.90046,34.982],[136.90072,34.98197],[136.90083,34.98197],[136.90146,34.9821],[136.90214,34.98225],[136.9023,34.98226],[136.90244,34.98225],[136.90256,34.98222],[136.90267,34.98217],[136.90276,34.9821],[136.90286,34.98194],[136.90305,34.98166],[136.90331,34.98133],[136.90348,34.98112],[136.90352,34.98097],[136.90354,34.98076],[136.90351,34.98072],[136.90316,34.98074],[136.90287,34.98071],[136.90272,34.98066],[136.90258,34.98053],[136.90237,34.98031],[136.90204,34.97984],[136.90194,34.97973],[136.90184,34.97954],[136.90174,34.97925],[136.9017,34.97918],[136.90164,34.97908],[136.90156,34.97899],[136.90098,34.97873],[136.90088,34.9787],[136.90005,34.97873],[136.90013,34.97816],[136.89947,34.97784],[136.89941,34.97737],[136.89934,34.97736],[136.89896,34.97736],[136.89881,34.97738],[136.89868,34.97742],[136.89816,34.97777],[136.89723,34.97824],[136.89666,34.97853],[136.89579,34.97934],[136.8949,34.98018],[136.89481,34.98077],[136.89461,34.98195],[136.8963,34.98214],[136.89619,34.98284],[136.89651,34.98285],[136.89662,34.98273],[136.89673,34.98259],[136.89684,34.98247],[136.89696,34.98244],[136.89726,34.98255],[136.89741,34.98283],[136.89753,34.98287],[136.89765,34.98285],[136.89777,34.98278],[136.898,34.98241],[136.89803,34.98233],[136.89813,34.98211],[136.89813,34.982],[136.89802,34.98178],[136.89789,34.98169],[136.89777,34.98149],[136.8976,34.98127],[136.89758,34.98118],[136.89773,34.98109],[136.89798,34.9813],[136.89817,34.98145],[136.89842,34.98155],[136.8988,34.98175],[136.89894,34.98176],[136.89907,34.98169],[136.8992,34.98156],[136.89927,34.98147],[136.8993,34.98132],[136.8995,34.98135],[136.89953,34.9815],[136.89963,34.98162],[136.89977,34.98169],[136.89999,34.98172],[136.90014,34.98171],[136.90042,34.98165],[136.90044,34.98178],[136.90046,34.982]]]}},{"type":"Feature","properties":{"name":"三反田","setai":0,"jinko":0,"key":"232240560","units":1},"geometry":{"type":"Polygon","coordinates":[[[136.89188,34.98263],[136.89204,34.98171],[136.89216,34.98089],[136.89214,34.98066],[136.89363,34.98066],[136.89481,34.98077],[136.8949,34.98018],[136.89579,34.97934],[136.89666,34.97853],[136.89723,34.97824],[136.89816,34.97777],[136.89868,34.97742],[136.89864,34.97727],[136.8987,34.97707],[136.89868,34.97687],[136.89881,34.97663],[136.89901,34.97633],[136.89906,34.97635],[136.89931,34.97591],[136.89946,34.97588],[136.89972,34.97581],[136.8998,34.97555],[136.90069,34.97584],[136.90117,34.9761],[136.90105,34.97635],[136.90106,34.97639],[136.9011,34.97642],[136.90086,34.97666],[136.90131,34.97679],[136.90183,34.97693],[136.90188,34.97693],[136.90219,34.97691],[136.90246,34.97687],[136.90241,34.97659],[136.90244,34.97644],[136.90249,34.97629],[136.90258,34.97616],[136.90282,34.97595],[136.90246,34.97567],[136.90232,34.97559],[136.90192,34.97544],[136.90179,34.97536],[136.90116,34.97461],[136.90067,34.97419],[136.90052,34.97411],[136.89907,34.97341],[136.89899,34.97336],[136.89894,34.97332],[136.89892,34.97326],[136.89897,34.97318],[136.89818,34.97333],[136.89759,34.97353],[136.89708,34.97377],[136.89653,34.97415],[136.89612,34.97453],[136.89584,34.97492],[136.89526,34.97573],[136.89479,34.97638],[136.89433,34.97701],[136.89375,34.97763],[136.89286,34.97852],[136.89234,34.97885],[136.89137,34.97937],[136.88941,34.98038],[136.88873,34.98078],[136.8884,34.98107],[136.88793,34.9817],[136.88879,34.98205],[136.88975,34.98238],[136.89034,34.98248],[136.89188,34.98263]]]}},{"type":"Feature","properties":{"name":"馬背口","setai":0,"jinko":0,"key":"232240570","units":1},"geometry":{"type":"Polygon","coordinates":[[[136.88793,34.9817],[136.8884,34.98107],[136.88873,34.98078],[136.88941,34.98038],[136.89137,34.97937],[136.88927,34.97605],[136.88913,34.97575],[136.8892,34.97546],[136.88933,34.97523],[136.88863,34.97505],[136.88844,34.97495],[136.88833,34.97478],[136.8882,34.97451],[136.88796,34.97437],[136.88785,34.97429],[136.88752,34.9744],[136.88751,34.97498],[136.88763,34.97517],[136.88642,34.97584],[136.88626,34.97582],[136.88611,34.97585],[136.88608,34.97592],[136.88607,34.97601],[136.88604,34.97607],[136.88592,34.97615],[136.88584,34.97615],[136.88577,34.97619],[136.88576,34.97628],[136.88584,34.97639],[136.88583,34.97651],[136.88588,34.97659],[136.88594,34.97665],[136.8861,34.97671],[136.88628,34.97684],[136.88632,34.97697],[136.88625,34.97709],[136.8861,34.97727],[136.88599,34.97735],[136.88588,34.97755],[136.88575,34.9776],[136.88568,34.97756],[136.88535,34.97811],[136.88474,34.97833],[136.88296,34.98141],[136.8829,34.98151],[136.88271,34.98182],[136.88311,34.98207],[136.88314,34.98216],[136.88309,34.98235],[136.88298,34.98256],[136.88299,34.9826],[136.88306,34.98261],[136.88314,34.9826],[136.88321,34.98257],[136.88347,34.98254],[136.8835,34.98259],[136.88348,34.98265],[136.88342,34.98274],[136.88327,34.9828],[136.88325,34.98284],[136.88325,34.9829],[136.8833,34.98295],[136.88348,34.98294],[136.88353,34.98318],[136.88371,34.98355],[136.88414,34.98401],[136.88441,34.9842],[136.88469,34.98439],[136.88495,34.98457],[136.88554,34.98488],[136.88602,34.98424],[136.88793,34.9817]]]}},{"type":"Feature","properties":{"name":"こうの巣","setai":0,"jinko":0,"key":"232240580","units":1},"geometry":{"type":"Polygon","coordinates":[[[136.89897,34.97318],[136.89937,34.97311],[136.89914,34.97299],[136.89937,34.97292],[136.89873,34.97251],[136.89812,34.97214],[136.89803,34.97169],[136.89691,34.97119],[136.89611,34.97089],[136.89522,34.97068],[136.89406,34.97014],[136.89355,34.97107],[136.89327,34.97092],[136.89315,34.97111],[136.89278,34.97158],[136.8927,34.97179],[136.89248,34.97197],[136.89213,34.97248],[136.89191,34.97258],[136.89148,34.97292],[136.89135,34.9731],[136.89123,34.97343],[136.89109,34.97371],[136.89127,34.97437],[136.89144,34.97462],[136.89146,34.975],[136.89156,34.97515],[136.89156,34.9753],[136.89163,34.97544],[136.89175,34.97567],[136.89181,34.97584],[136.89076,34.97557],[136.89018,34.97542],[136.8895,34.97529],[136.88933,34.97523],[136.8892,34.97546],[136.88913,34.97575],[136.88927,34.97605],[136.89137,34.97937],[136.89234,34.97885],[136.89286,34.97852],[136.89375,34.97763],[136.89433,34.97701],[136.89479,34.97638],[136.89526,34.97573],[136.89584,34.97492],[136.89612,34.97453],[136.89653,34.97415],[136.89708,34.97377],[136.89759,34.97353],[136.89818,34.97333],[136.89897,34.97318]]]}},{"type":"Feature","properties":{"name":"東七曲","setai":0,"jinko":0,"key":"232240590","units":1},"geometry":{"type":"Polygon","coordinates":[[[136.90186,34.97205],[136.90214,34.9717],[136.90236,34.97126],[136.90278,34.97],[136.90288,34.96968],[136.90311,34.96895],[136.90337,34.96817],[136.90312,34.96835],[136.90252,34.96824],[136.90225,34.96818],[136.90196,34.96821],[136.90165,34.9682],[136.90131,34.96812],[136.90119,34.96808],[136.9011,34.96802],[136.90095,34.9679],[136.90097,34.96822],[136.90086,34.9683],[136.9007,34.96837],[136.90067,34.9684],[136.90067,34.96866],[136.90065,34.96891],[136.90067,34.96896],[136.90094,34.96921],[136.90094,34.96923],[136.90048,34.9695],[136.89995,34.96981],[136.8995,34.97005],[136.89987,34.97022],[136.90017,34.97036],[136.90044,34.97047],[136.90074,34.97046],[136.9007,34.97064],[136.90063,34.97077],[136.90051,34.97099],[136.90068,34.97097],[136.90081,34.97093],[136.90148,34.97127],[136.90129,34.9715],[136.90083,34.97178],[136.90038,34.97188],[136.90001,34.97199],[136.89994,34.97211],[136.89995,34.97222],[136.89996,34.9723],[136.89999,34.97241],[136.89999,34.97251],[136.89994,34.97258],[136.89984,34.97262],[136.89974,34.97262],[136.89945,34.97244],[136.89927,34.97238],[136.899,34.97241],[136.89873,34.97251],[136.89937,34.97292],[136.89914,34.97299],[136.89937,34.97311],[136.89974,34.97305],[136.90008,34.97298],[136.90037,34.97291],[136.90074,34.97279],[136.90109,34.97262],[136.90138,34.97246],[136.90161,34.97227],[136.90186,34.97205]]]}},{"type":"Feature","properties":{"name":"岡田緑が丘","setai":202,"jinko":693,"key":"232240600","units":1},"geometry":{"type":"Polygon","coordinates":[[[136.86593,34.97236],[136.86616,34.97219],[136.86649,34.97222],[136.86664,34.97218],[136.86731,34.972],[136.8676,34.9719],[136.86755,34.97188],[136.8676,34.97187],[136.86757,34.9718],[136.86761,34.97177],[136.86746,34.97166],[136.86745,34.97152],[136.8675,34.97134],[136.86739,34.97118],[136.8671,34.97107],[136.86723,34.97087],[136.86692,34.97073],[136.86699,34.9706],[136.867,34.97059],[136.86714,34.97042],[136.86724,34.97012],[136.86743,34.96981],[136.86723,34.96976],[136.86718,34.9697],[136.8672,34.96955],[136.86728,34.96931],[136.86731,34.96928],[136.86722,34.96925],[136.86586,34.96894],[136.86582,34.96891],[136.86581,34.96893],[136.86546,34.96965],[136.86506,34.96986],[136.86501,34.96991],[136.86479,34.97014],[136.86469,34.97018],[136.86458,34.97018],[136.86433,34.97015],[136.86413,34.97017],[136.86396,34.97021],[136.86367,34.97027],[136.86377,34.97059],[136.86424,34.97118],[136.86438,34.9715],[136.86446,34.97174],[136.86457,34.97192],[136.86466,34.97209],[136.86542,34.97279],[136.8656,34.97267],[136.8657,34.97259],[136.86593,34.97236]]]}},{"type":"Feature","properties":{"name":"寺本新町一丁目","setai":223,"jinko":568,"key":"23224061001","units":1},"geometry":{"type":"Polygon","coordinates":[[[136.87773,34.99907],[136.87783,34.99885],[136.8781,34.9987],[136.8784,34.99861],[136.87856,34.99858],[136.8788,34.99858],[136.87863,34.99845],[136.87823,34.99792],[136.8776,34.99667],[136.87755,34.99649],[136.87763,34.99537],[136.87777,34.99374],[136.87779,34.99354],[136.87754,34.99308],[136.87739,34.99282],[136.87679,34.99348],[136.87655,34.99369],[136.87657,34.99492],[136.87658,34.99564],[136.87657,34.99647],[136.87655,34.99675],[136.87664,34.99695],[136.87699,34.99768],[136.87688,34.99794],[136.87664,34.99848],[136.87677,34.99855],[136.87686,34.99867],[136.87678,34.99882],[136.87671,34.99896],[136.8769,34.99905],[136.87707,34.99891],[136.87734,34.99923],[136.87773,34.99907]]]}},{"type":"Feature","properties":{"name":"寺本新町二丁目","setai":294,"jinko":744,"key":"23224061002","units":1},"geometry":{"type":"Polygon","coordinates":[[[136.8824,35.00235],[136.88243,35.00215],[136.8824,35.002],[136.88237,35.00186],[136.88232,35.00171],[136.88227,35.00157],[136.88223,35.00143],[136.88221,35.00137],[136.88211,35.00109],[136.8821,35.001],[136.88213,35.0009],[136.88219,35.00084],[136.88219,35.00084],[136.88205,35.00086],[136.88189,35.00056],[136.88181,35.00044],[136.88169,35.0003],[136.88149,35.00012],[136.88129,34.99998],[136.88112,34.99986],[136.8809,34.99974],[136.88004,34.99935],[136.87907,34.99883],[136.8788,34.99858],[136.87856,34.99858],[136.8784,34.99861],[136.8781,34.9987],[136.87783,34.99885],[136.87773,34.99907],[136.87786,34.99939],[136.87792,34.99955],[136.87802,34.99968],[136.87819,34.99985],[136.87845,35.00009],[136.87868,34.99989],[136.87879,34.99995],[136.87885,34.9999],[136.87904,35.00001],[136.87894,35.00012],[136.87934,35.00031],[136.87973,34.99983],[136.87992,34.9999],[136.87985,35.00017],[136.87967,35.00049],[136.87974,35.00053],[136.87979,35.00055],[136.87959,35.00107],[136.87968,35.00109],[136.87973,35.00112],[136.87983,35.00122],[136.87971,35.00139],[136.87974,35.00141],[136.88003,35.00157],[136.8799,35.00173],[136.88089,35.0024],[136.88093,35.00242],[136.88111,35.00227],[136.88122,35.00216],[136.88128,35.0022],[136.88139,35.00226],[136.88152,35.00234],[136.88154,35.00235],[136.8817,35.00245],[136.88168,35.0025],[136.88189,35.00263],[136.88206,35.00273],[136.8824,35.00235]]]}},{"type":"Feature","properties":{"name":"新知東町一丁目","setai":240,"jinko":514,"key":"23224062001","units":1},"geometry":{"type":"Polygon","coordinates":[[[136.86473,34.98331],[136.86653,34.98234],[136.86841,34.9814],[136.86842,34.98139],[136.86838,34.98137],[136.86805,34.98116],[136.86778,34.98104],[136.8673,34.98085],[136.86673,34.98071],[136.86611,34.98063],[136.86574,34.9806],[136.8654,34.98059],[136.86543,34.98073],[136.86541,34.98089],[136.86535,34.98095],[136.86525,34.98095],[136.86509,34.98091],[136.86509,34.98116],[136.86492,34.9811],[136.86489,34.98133],[136.86437,34.98132],[136.86446,34.9815],[136.86458,34.98175],[136.86409,34.98199],[136.86381,34.98176],[136.86377,34.98157],[136.86356,34.98168],[136.86347,34.98161],[136.86311,34.98183],[136.86256,34.98239],[136.86263,34.98246],[136.86269,34.98256],[136.86281,34.98253],[136.86296,34.9825],[136.8635,34.98261],[136.86363,34.98263],[136.86387,34.98284],[136.86361,34.98306],[136.86393,34.98328],[136.86437,34.98358],[136.86473,34.98331]]]}},{"type":"Feature","properties":{"name":"新知東町二丁目","setai":503,"jinko":1298,"key":"23224062002","units":1},"geometry":{"type":"Polygon","coordinates":[[[136.86874,34.98067],[136.86893,34.98057],[136.86909,34.9805],[136.86921,34.98043],[136.86926,34.9804],[136.86928,34.98029],[136.86931,34.98024],[136.86931,34.98023],[136.8694,34.98019],[136.86933,34.98011],[136.86928,34.9799],[136.86928,34.97988],[136.86928,34.97987],[136.8693,34.97985],[136.86941,34.97981],[136.8696,34.97975],[136.8697,34.97974],[136.86996,34.97967],[136.8699,34.97959],[136.86982,34.97951],[136.86977,34.97946],[136.86968,34.97939],[136.86951,34.97935],[136.86943,34.97929],[136.86922,34.97912],[136.86919,34.97909],[136.8691,34.97905],[136.86884,34.97898],[136.86875,34.97897],[136.86866,34.97897],[136.86839,34.97865],[136.86814,34.97834],[136.86778,34.97795],[136.86753,34.97777],[136.86702,34.97748],[136.86673,34.97732],[136.86673,34.97732],[136.86681,34.97726],[136.86689,34.97719],[136.86694,34.97707],[136.867,34.97668],[136.86708,34.97616],[136.86723,34.97586],[136.86727,34.97579],[136.86734,34.97572],[136.86734,34.97571],[136.86722,34.97557],[136.86717,34.97551],[136.86685,34.9758],[136.86675,34.97591],[136.86659,34.97617],[136.86647,34.97635],[136.86625,34.97662],[136.8659,34.97694],[136.8656,34.97719],[136.86543,34.97734],[136.86515,34.97763],[136.86426,34.97871],[136.86387,34.97924],[136.86347,34.97961],[136.86325,34.97982],[136.86303,34.98012],[136.86293,34.98029],[136.86289,34.9804],[136.86284,34.98046],[136.86267,34.98059],[136.86276,34.98071],[136.86286,34.98091],[136.863,34.98093],[136.86304,34.98093],[136.86313,34.98092],[136.86336,34.98088],[136.86359,34.98084],[136.86361,34.98083],[136.86393,34.98078],[136.8654,34.98059],[136.86574,34.9806],[136.86611,34.98063],[136.86673,34.98071],[136.8673,34.98085],[136.86778,34.98104],[136.86805,34.98116],[136.86817,34.98105],[136.86832,34.9809],[136.86839,34.98084],[136.86846,34.98077],[136.86874,34.98067]]]}},{"type":"Feature","properties":{"name":"岡田美里町","setai":282,"jinko":754,"key":"232240630","units":1},"geometry":{"type":"Polygon","coordinates":[[[136.85634,34.96667],[136.85639,34.9666],[136.85644,34.96651],[136.85651,34.96643],[136.85656,34.96638],[136.85662,34.96632],[136.85656,34.966],[136.85662,34.96579],[136.85621,34.96569],[136.85605,34.96579],[136.85585,34.96588],[136.85565,34.96591],[136.85536,34.96599],[136.85532,34.96603],[136.85541,34.96618],[136.85465,34.96651],[136.85452,34.96659],[136.85442,34.96664],[136.85437,34.96659],[136.85427,34.96648],[136.85399,34.96651],[136.85382,34.96655],[136.85372,34.96658],[136.85362,34.96662],[136.8534,34.96676],[136.85345,34.9669],[136.85353,34.96711],[136.8535,34.96719],[136.85319,34.96732],[136.85283,34.96747],[136.85271,34.96748],[136.85258,34.96751],[136.85251,34.96757],[136.85243,34.96768],[136.85243,34.96806],[136.85261,34.96843],[136.85262,34.96868],[136.85262,34.9688],[136.85275,34.96917],[136.85265,34.96921],[136.8526,34.96924],[136.85247,34.96931],[136.85239,34.96939],[136.85444,34.9699],[136.85491,34.96909],[136.85502,34.96891],[136.85567,34.9678],[136.85628,34.96679],[136.85634,34.96667]]]}}]}