{"type":"FeatureCollection","features":[{"type":"Feature","properties":{"name":"魚崎北町一丁目","setai":464,"jinko":917,"key":"28101001001","units":1},"geometry":{"type":"Polygon","coordinates":[[[135.27677,34.71684],[135.27572,34.71648],[135.2757,34.71653],[135.27556,34.71684],[135.27551,34.71699],[135.27544,34.71716],[135.27532,34.71747],[135.27516,34.71779],[135.27509,34.71794],[135.27503,34.71806],[135.27485,34.71845],[135.27518,34.71854],[135.27589,34.71876],[135.27693,34.71909],[135.27711,34.7187],[135.27716,34.7186],[135.27736,34.71812],[135.2775,34.7178],[135.27763,34.71753],[135.27779,34.71718],[135.2775,34.71709],[135.27713,34.71696],[135.27677,34.71684]]]}},{"type":"Feature","properties":{"name":"魚崎北町二丁目","setai":272,"jinko":612,"key":"28101001002","units":1},"geometry":{"type":"Polygon","coordinates":[[[135.27391,34.71625],[135.27336,34.71605],[135.27313,34.71652],[135.27303,34.71673],[135.27305,34.71673],[135.27292,34.71698],[135.27286,34.71711],[135.27278,34.71728],[135.27258,34.71773],[135.27313,34.71789],[135.27368,34.71807],[135.27426,34.71825],[135.27485,34.71845],[135.27503,34.71806],[135.27509,34.71794],[135.27516,34.71779],[135.27532,34.71747],[135.27544,34.71716],[135.27551,34.71699],[135.27556,34.71684],[135.27443,34.71646],[135.27444,34.71644],[135.27393,34.71625],[135.27391,34.71625]]]}},{"type":"Feature","properties":{"name":"魚崎北町三丁目","setai":251,"jinko":572,"key":"28101001003","units":1},"geometry":{"type":"Polygon","coordinates":[[[135.27215,34.71579],[135.27164,34.71572],[135.27135,34.71622],[135.27134,34.71625],[135.27112,34.71663],[135.27092,34.71701],[135.27076,34.71735],[135.27128,34.71746],[135.27187,34.71758],[135.27189,34.71759],[135.27258,34.71773],[135.27278,34.71728],[135.27286,34.71711],[135.27292,34.71698],[135.27305,34.71673],[135.27303,34.71673],[135.27313,34.71652],[135.27336,34.71605],[135.273,34.71594],[135.27267,34.71588],[135.27215,34.71579]]]}},{"type":"Feature","properties":{"name":"魚崎北町四丁目","setai":710,"jinko":1558,"key":"28101001004","units":1},"geometry":{"type":"Polygon","coordinates":[[[135.27053,34.71787],[135.27066,34.71757],[135.27076,34.71735],[135.27092,34.71701],[135.27112,34.71663],[135.27134,34.71625],[135.27135,34.71622],[135.27164,34.71572],[135.27148,34.71569],[135.27069,34.71555],[135.27007,34.71549],[135.26958,34.71546],[135.26956,34.71545],[135.26876,34.71539],[135.26862,34.71536],[135.2686,34.71549],[135.26855,34.71571],[135.26854,34.71576],[135.26843,34.71611],[135.26837,34.71631],[135.26828,34.71659],[135.26818,34.71681],[135.268,34.71728],[135.26795,34.7174],[135.26786,34.71764],[135.26777,34.71785],[135.26823,34.71784],[135.2687,34.71781],[135.26872,34.71781],[135.26943,34.71775],[135.26948,34.7178],[135.26968,34.7179],[135.26987,34.71798],[135.27026,34.7181],[135.27041,34.71814],[135.27053,34.71787]]]}},{"type":"Feature","properties":{"name":"魚崎北町五丁目","setai":533,"jinko":1060,"key":"28101001005","units":1},"geometry":{"type":"Polygon","coordinates":[[[135.27518,34.71854],[135.27485,34.71845],[135.2746,34.71893],[135.27441,34.71932],[135.27419,34.71979],[135.27418,34.71981],[135.27391,34.72033],[135.27502,34.72066],[135.27566,34.72087],[135.2759,34.72094],[135.27631,34.72107],[135.27628,34.7208],[135.27629,34.72063],[135.27632,34.72047],[135.27637,34.72031],[135.27648,34.72006],[135.27651,34.71999],[135.27653,34.71996],[135.27657,34.71986],[135.27659,34.71982],[135.27665,34.71969],[135.27668,34.71963],[135.2767,34.71959],[135.27674,34.7195],[135.27682,34.71933],[135.27683,34.71931],[135.27693,34.71909],[135.27589,34.71876],[135.27518,34.71854]]]}},{"type":"Feature","properties":{"name":"魚崎北町六丁目","setai":585,"jinko":1217,"key":"28101001006","units":1},"geometry":{"type":"Polygon","coordinates":[[[135.27313,34.71789],[135.27258,34.71773],[135.27238,34.71815],[135.27216,34.71862],[135.27199,34.71901],[135.27192,34.71916],[135.2717,34.71965],[135.27225,34.71983],[135.27281,34.72001],[135.27335,34.72017],[135.27391,34.72033],[135.27418,34.71981],[135.27419,34.71979],[135.27441,34.71932],[135.2746,34.71893],[135.27485,34.71845],[135.27426,34.71825],[135.27368,34.71807],[135.27313,34.71789]]]}},{"type":"Feature","properties":{"name":"魚崎北町七丁目","setai":278,"jinko":639,"key":"28101001007","units":1},"geometry":{"type":"Polygon","coordinates":[[[135.2717,34.71965],[135.27192,34.71916],[135.27199,34.71901],[135.27216,34.71862],[135.27238,34.71815],[135.27258,34.71773],[135.27189,34.71759],[135.27187,34.71758],[135.27128,34.71746],[135.27076,34.71735],[135.27066,34.71757],[135.27053,34.71787],[135.27041,34.71814],[135.27014,34.71883],[135.26999,34.71921],[135.27048,34.7193],[135.27055,34.7193],[135.27061,34.7193],[135.27103,34.71943],[135.2717,34.71965]]]}},{"type":"Feature","properties":{"name":"魚崎北町八丁目","setai":201,"jinko":414,"key":"28101001008","units":1},"geometry":{"type":"Polygon","coordinates":[[[135.26872,34.71975],[135.26894,34.71927],[135.26958,34.71945],[135.26986,34.71954],[135.26993,34.71939],[135.26999,34.71921],[135.27014,34.71883],[135.27041,34.71814],[135.27026,34.7181],[135.26987,34.71798],[135.26968,34.7179],[135.26948,34.7178],[135.26943,34.71775],[135.26872,34.71781],[135.2687,34.71781],[135.26823,34.71784],[135.26777,34.71785],[135.26758,34.7182],[135.26736,34.71872],[135.26714,34.71927],[135.26704,34.71951],[135.26701,34.71957],[135.26768,34.71967],[135.26787,34.71971],[135.26808,34.71975],[135.26856,34.71983],[135.26872,34.71975]]]}},{"type":"Feature","properties":{"name":"魚崎中町一丁目","setai":592,"jinko":1113,"key":"28101002001","units":1},"geometry":{"type":"Polygon","coordinates":[[[135.27711,34.71462],[135.27673,34.71443],[135.27632,34.71523],[135.2763,34.71528],[135.27613,34.71562],[135.27592,34.71603],[135.27572,34.71648],[135.27677,34.71684],[135.27713,34.71696],[135.2775,34.71709],[135.27779,34.71718],[135.27792,34.71693],[135.27805,34.71671],[135.27813,34.71658],[135.27826,34.7164],[135.27835,34.7163],[135.27858,34.71605],[135.27862,34.71601],[135.27889,34.71575],[135.27886,34.71572],[135.27842,34.71539],[135.27824,34.71527],[135.27768,34.71491],[135.27711,34.71462]]]}},{"type":"Feature","properties":{"name":"魚崎中町二丁目","setai":601,"jinko":1327,"key":"28101002002","units":1},"geometry":{"type":"Polygon","coordinates":[[[135.27505,34.7139],[135.27441,34.71377],[135.27439,34.71383],[135.27408,34.71449],[135.27388,34.7149],[135.27386,34.71494],[135.27371,34.71528],[135.27361,34.7155],[135.27336,34.71605],[135.27391,34.71625],[135.27393,34.71625],[135.27444,34.71644],[135.27443,34.71646],[135.27556,34.71684],[135.2757,34.71653],[135.27572,34.71648],[135.27592,34.71603],[135.27613,34.71562],[135.2763,34.71528],[135.27632,34.71523],[135.27673,34.71443],[135.27651,34.71434],[135.27612,34.7142],[135.27558,34.71403],[135.27537,34.71397],[135.27505,34.7139]]]}},{"type":"Feature","properties":{"name":"魚崎中町三丁目","setai":365,"jinko":803,"key":"28101002003","units":1},"geometry":{"type":"Polygon","coordinates":[[[135.27322,34.71351],[135.27268,34.71338],[135.27268,34.71346],[135.27263,34.71373],[135.2726,34.71388],[135.27251,34.71416],[135.27236,34.71443],[135.27233,34.7145],[135.27211,34.71488],[135.27164,34.71572],[135.27215,34.71579],[135.27267,34.71588],[135.273,34.71594],[135.27336,34.71605],[135.27361,34.7155],[135.27371,34.71528],[135.27386,34.71494],[135.27388,34.7149],[135.27408,34.71449],[135.27439,34.71383],[135.27441,34.71377],[135.27378,34.71363],[135.27322,34.71351]]]}},{"type":"Feature","properties":{"name":"魚崎中町四丁目","setai":591,"jinko":1078,"key":"28101002004","units":1},"geometry":{"type":"Polygon","coordinates":[[[135.26899,34.71251],[135.26891,34.71249],[135.2689,34.71263],[135.26889,34.71271],[135.26888,34.71275],[135.26888,34.71289],[135.26877,34.71372],[135.26876,34.714],[135.26874,34.71408],[135.26873,34.71412],[135.26869,34.71462],[135.26865,34.71495],[135.26864,34.71522],[135.26862,34.71536],[135.26876,34.71539],[135.26956,34.71545],[135.26958,34.71546],[135.27007,34.71549],[135.27069,34.71555],[135.27148,34.71569],[135.27164,34.71572],[135.27211,34.71488],[135.27233,34.7145],[135.27236,34.71443],[135.27251,34.71416],[135.2726,34.71388],[135.27263,34.71373],[135.27268,34.71346],[135.27268,34.71338],[135.27215,34.71326],[135.27158,34.71312],[135.27082,34.71295],[135.27025,34.71282],[135.26936,34.71262],[135.26899,34.71254],[135.26899,34.71251]]]}},{"type":"Feature","properties":{"name":"魚崎西町一丁目","setai":190,"jinko":374,"key":"28101003001","units":1},"geometry":{"type":"Polygon","coordinates":[[[135.26681,34.7093],[135.2677,34.70918],[135.2677,34.7092],[135.26835,34.70925],[135.26859,34.70926],[135.26859,34.70926],[135.26862,34.70926],[135.26861,34.70921],[135.2686,34.70899],[135.2686,34.70883],[135.26856,34.70852],[135.26854,34.7084],[135.26852,34.7083],[135.26848,34.70811],[135.26838,34.70772],[135.26834,34.70757],[135.26833,34.70751],[135.26828,34.70749],[135.26793,34.70706],[135.26782,34.70708],[135.26756,34.70673],[135.26671,34.70689],[135.26668,34.7068],[135.26631,34.70687],[135.26633,34.70696],[135.26495,34.70721],[135.26493,34.70713],[135.26434,34.70724],[135.26443,34.7076],[135.26449,34.7078],[135.26459,34.70778],[135.26552,34.70762],[135.26558,34.708],[135.26562,34.70831],[135.26563,34.70834],[135.26568,34.7087],[135.2658,34.70944],[135.26681,34.7093]]]}},{"type":"Feature","properties":{"name":"魚崎西町二丁目","setai":516,"jinko":1349,"key":"28101003002","units":1},"geometry":{"type":"Polygon","coordinates":[[[135.26883,34.71132],[135.26882,34.71062],[135.26876,34.71014],[135.26875,34.71003],[135.26868,34.70947],[135.26867,34.70944],[135.26862,34.70926],[135.26859,34.70926],[135.26859,34.70926],[135.26835,34.70925],[135.2677,34.7092],[135.2677,34.70918],[135.26681,34.7093],[135.2658,34.70944],[135.26582,34.70964],[135.26582,34.70964],[135.26584,34.70986],[135.26584,34.70988],[135.26586,34.71006],[135.26589,34.71042],[135.2659,34.71047],[135.26597,34.71123],[135.26693,34.71119],[135.26728,34.71118],[135.26745,34.71119],[135.26769,34.7112],[135.26807,34.71123],[135.26853,34.71131],[135.26876,34.71135],[135.26876,34.71136],[135.26883,34.71137],[135.26883,34.71132]]]}},{"type":"Feature","properties":{"name":"魚崎西町三丁目","setai":193,"jinko":336,"key":"28101003003","units":1},"geometry":{"type":"Polygon","coordinates":[[[135.26728,34.71118],[135.26693,34.71119],[135.26597,34.71123],[135.2656,34.71124],[135.26559,34.71136],[135.26559,34.71168],[135.26596,34.71173],[135.26599,34.71174],[135.26649,34.71186],[135.26678,34.7119],[135.26717,34.71197],[135.26738,34.712],[135.26742,34.71206],[135.26784,34.71214],[135.26797,34.7122],[135.2681,34.71223],[135.26849,34.7123],[135.26866,34.71236],[135.26878,34.71238],[135.26885,34.7124],[135.26884,34.71192],[135.26884,34.71173],[135.26883,34.71137],[135.26876,34.71136],[135.26876,34.71135],[135.26853,34.71131],[135.26807,34.71123],[135.26769,34.7112],[135.26745,34.71119],[135.26728,34.71118]]]}},{"type":"Feature","properties":{"name":"魚崎西町四丁目","setai":464,"jinko":872,"key":"28101003004","units":1},"geometry":{"type":"Polygon","coordinates":[[[135.2689,34.71263],[135.26891,34.71249],[135.26899,34.71251],[135.26898,34.71242],[135.26885,34.7124],[135.26878,34.71238],[135.26866,34.71236],[135.26849,34.7123],[135.2681,34.71223],[135.26797,34.7122],[135.26784,34.71214],[135.26742,34.71206],[135.26738,34.712],[135.26717,34.71197],[135.26678,34.7119],[135.26649,34.71186],[135.26599,34.71174],[135.26596,34.71173],[135.26559,34.71168],[135.26556,34.71177],[135.2655,34.71201],[135.2655,34.71203],[135.26526,34.71264],[135.26508,34.71312],[135.26554,34.71328],[135.26635,34.71356],[135.26683,34.7137],[135.26714,34.71378],[135.26741,34.71383],[135.26791,34.7139],[135.26824,34.71394],[135.26876,34.714],[135.26877,34.71372],[135.26888,34.71289],[135.26888,34.71275],[135.26889,34.71271],[135.2689,34.71263]]]}},{"type":"Feature","properties":{"name":"魚崎浜町","setai":14,"jinko":62,"key":"281010040","units":1},"geometry":{"type":"Polygon","coordinates":[[[135.28683,34.71161],[135.28741,34.70794],[135.28765,34.70795],[135.28775,34.7074],[135.2875,34.70737],[135.2878,34.70547],[135.28803,34.70404],[135.28799,34.70399],[135.28646,34.70382],[135.28542,34.70371],[135.28544,34.70349],[135.2822,34.70315],[135.28216,34.70336],[135.28181,34.70332],[135.28,34.70313],[135.27918,34.70303],[135.27188,34.70223],[135.27161,34.7024],[135.27135,34.70368],[135.27103,34.70609],[135.27121,34.70633],[135.27169,34.70652],[135.27451,34.70749],[135.27486,34.70762],[135.27635,34.70814],[135.27655,34.70823],[135.27656,34.70824],[135.27837,34.7091],[135.27917,34.7095],[135.28047,34.71013],[135.28026,34.71043],[135.28033,34.71046],[135.28064,34.71062],[135.28086,34.71032],[135.28157,34.71066],[135.28346,34.71159],[135.28471,34.71172],[135.28588,34.71185],[135.28679,34.71194],[135.28683,34.71161]]]}},{"type":"Feature","properties":{"name":"魚崎南町一丁目","setai":359,"jinko":685,"key":"28101005001","units":1},"geometry":{"type":"Polygon","coordinates":[[[135.28094,34.71077],[135.28064,34.71062],[135.28033,34.71046],[135.28026,34.71043],[135.28024,34.71041],[135.28005,34.71069],[135.27967,34.71051],[135.27932,34.71102],[135.2793,34.71105],[135.27951,34.71117],[135.27909,34.71177],[135.27881,34.71215],[135.27857,34.71247],[135.27823,34.71285],[135.27794,34.71315],[135.27745,34.71363],[135.27774,34.71374],[135.27814,34.7139],[135.27866,34.71412],[135.27913,34.71433],[135.27977,34.71464],[135.28012,34.71481],[135.28015,34.71477],[135.28102,34.71354],[135.28131,34.71314],[135.28158,34.71279],[135.28161,34.71276],[135.28157,34.71267],[135.28197,34.71211],[135.28213,34.71188],[135.28169,34.71162],[135.28114,34.71131],[135.28074,34.71106],[135.28094,34.71077]]]}},{"type":"Feature","properties":{"name":"魚崎南町二丁目","setai":855,"jinko":1725,"key":"28101005002","units":1},"geometry":{"type":"Polygon","coordinates":[[[135.27982,34.71024],[135.27888,34.70979],[135.27829,34.70951],[135.27767,34.7092],[135.27715,34.70994],[135.27706,34.70989],[135.27675,34.70972],[135.27631,34.71046],[135.27615,34.71079],[135.27612,34.71086],[135.27593,34.71127],[135.27572,34.71167],[135.27555,34.71201],[135.27547,34.71217],[135.27524,34.7126],[135.27515,34.71274],[135.27543,34.71285],[135.27603,34.71308],[135.27706,34.71348],[135.27745,34.71363],[135.27794,34.71315],[135.27823,34.71285],[135.27857,34.71247],[135.27881,34.71215],[135.27909,34.71177],[135.27951,34.71117],[135.2793,34.71105],[135.27932,34.71102],[135.27967,34.71051],[135.27964,34.7105],[135.27982,34.71024]]]}},{"type":"Feature","properties":{"name":"魚崎南町三丁目","setai":826,"jinko":1775,"key":"28101005003","units":1},"geometry":{"type":"Polygon","coordinates":[[[135.27631,34.71046],[135.27675,34.70972],[135.27706,34.70989],[135.27715,34.70994],[135.27767,34.7092],[135.27732,34.70902],[135.27646,34.7086],[135.2762,34.70847],[135.27581,34.70834],[135.27493,34.70803],[135.27445,34.70786],[135.27436,34.70802],[135.27429,34.708],[135.2741,34.70839],[135.27396,34.70864],[135.2741,34.70869],[135.27368,34.70954],[135.27374,34.70956],[135.27369,34.70963],[135.27358,34.70989],[135.27348,34.71017],[135.27347,34.71024],[135.27342,34.71054],[135.27341,34.71062],[135.27336,34.71081],[135.27334,34.71096],[135.27333,34.71102],[135.2733,34.71124],[135.27327,34.71145],[135.27322,34.71169],[135.27321,34.71177],[135.27318,34.71191],[135.27313,34.7121],[135.27363,34.71223],[135.27386,34.7123],[135.27457,34.71253],[135.27461,34.71254],[135.27515,34.71274],[135.27524,34.7126],[135.27547,34.71217],[135.27555,34.71201],[135.27572,34.71167],[135.27593,34.71127],[135.27612,34.71086],[135.27615,34.71079],[135.27631,34.71046]]]}},{"type":"Feature","properties":{"name":"魚崎南町四丁目","setai":386,"jinko":917,"key":"28101005004","units":1},"geometry":{"type":"Polygon","coordinates":[[[135.27429,34.708],[135.27235,34.7073],[135.27204,34.70791],[135.27195,34.70801],[135.2718,34.70841],[135.2716,34.70889],[135.27151,34.70912],[135.27134,34.70952],[135.27122,34.70978],[135.27095,34.71045],[135.27089,34.71063],[135.2708,34.71093],[135.27079,34.71095],[135.27061,34.71159],[135.27112,34.7117],[135.27143,34.71176],[135.27173,34.71182],[135.27206,34.71189],[135.27265,34.71201],[135.27313,34.7121],[135.27318,34.71191],[135.27321,34.71177],[135.27322,34.71169],[135.27327,34.71145],[135.2733,34.71124],[135.27333,34.71102],[135.27334,34.71096],[135.27336,34.71081],[135.27341,34.71062],[135.27342,34.71054],[135.27347,34.71024],[135.27348,34.71017],[135.27358,34.70989],[135.27369,34.70963],[135.27374,34.70956],[135.27368,34.70954],[135.2741,34.70869],[135.27396,34.70864],[135.2741,34.70839],[135.27429,34.708]]]}},{"type":"Feature","properties":{"name":"魚崎南町五丁目","setai":1063,"jinko":2523,"key":"28101005005","units":1},"geometry":{"type":"Polygon","coordinates":[[[135.27061,34.71159],[135.27079,34.71095],[135.2708,34.71093],[135.27089,34.71063],[135.27095,34.71045],[135.27122,34.70978],[135.27134,34.70952],[135.27151,34.70912],[135.2716,34.70889],[135.2718,34.70841],[135.27195,34.70801],[135.27204,34.70791],[135.27235,34.7073],[135.27136,34.70695],[135.26943,34.70627],[135.2693,34.70623],[135.26884,34.70638],[135.26825,34.707],[135.26793,34.70706],[135.26828,34.70749],[135.26833,34.70751],[135.26834,34.70757],[135.26838,34.70772],[135.26848,34.70811],[135.26852,34.7083],[135.26854,34.7084],[135.26856,34.70852],[135.2686,34.70883],[135.2686,34.70899],[135.26861,34.70921],[135.26862,34.70926],[135.26867,34.70944],[135.26868,34.70947],[135.26875,34.71003],[135.26876,34.71014],[135.26882,34.71062],[135.26883,34.71132],[135.26896,34.71128],[135.26926,34.71133],[135.26976,34.71142],[135.27061,34.71159]]]}},{"type":"Feature","properties":{"name":"魚崎南町六丁目","setai":243,"jinko":402,"key":"28101005006","units":1},"geometry":{"type":"Polygon","coordinates":[[[135.27774,34.71374],[135.27745,34.71363],[135.27715,34.7139],[135.27704,34.71404],[135.27701,34.71408],[135.2769,34.71422],[135.27673,34.71443],[135.27711,34.71462],[135.27768,34.71491],[135.27824,34.71527],[135.27842,34.71539],[135.27886,34.71572],[135.27889,34.71575],[135.27892,34.71573],[135.27919,34.71554],[135.27922,34.71552],[135.27945,34.71537],[135.27952,34.71532],[135.27973,34.71518],[135.27995,34.71503],[135.28012,34.71481],[135.27977,34.71464],[135.27913,34.71433],[135.27866,34.71412],[135.27814,34.7139],[135.27774,34.71374]]]}},{"type":"Feature","properties":{"name":"魚崎南町七丁目","setai":402,"jinko":775,"key":"28101005007","units":1},"geometry":{"type":"Polygon","coordinates":[[[135.27363,34.71223],[135.27313,34.7121],[135.2729,34.71283],[135.27276,34.71318],[135.27268,34.71338],[135.27322,34.71351],[135.27378,34.71363],[135.27441,34.71377],[135.27505,34.7139],[135.27537,34.71397],[135.27558,34.71403],[135.27612,34.7142],[135.27651,34.71434],[135.27673,34.71443],[135.2769,34.71422],[135.27701,34.71408],[135.27704,34.71404],[135.27715,34.7139],[135.27745,34.71363],[135.27706,34.71348],[135.27603,34.71308],[135.27543,34.71285],[135.27515,34.71274],[135.27461,34.71254],[135.27457,34.71253],[135.27386,34.7123],[135.27363,34.71223]]]}},{"type":"Feature","properties":{"name":"魚崎南町八丁目","setai":378,"jinko":743,"key":"28101005008","units":1},"geometry":{"type":"Polygon","coordinates":[[[135.26926,34.71133],[135.26896,34.71128],[135.26883,34.71132],[135.26883,34.71137],[135.26884,34.71173],[135.26884,34.71192],[135.26885,34.7124],[135.26898,34.71242],[135.26899,34.71251],[135.26899,34.71254],[135.26936,34.71262],[135.27025,34.71282],[135.27082,34.71295],[135.27158,34.71312],[135.27215,34.71326],[135.27268,34.71338],[135.27276,34.71318],[135.2729,34.71283],[135.27313,34.7121],[135.27265,34.71201],[135.27206,34.71189],[135.27173,34.71182],[135.27143,34.71176],[135.27112,34.7117],[135.27061,34.71159],[135.26976,34.71142],[135.26926,34.71133]]]}},{"type":"Feature","properties":{"name":"渦森台一丁目","setai":103,"jinko":214,"key":"28101006001","units":1},"geometry":{"type":"Polygon","coordinates":[[[135.25153,34.74007],[135.25173,34.73995],[135.25188,34.73986],[135.25202,34.73984],[135.25216,34.73986],[135.25235,34.73997],[135.25252,34.74002],[135.25269,34.74002],[135.25275,34.73993],[135.25271,34.73985],[135.25286,34.73976],[135.25308,34.73963],[135.25316,34.73957],[135.25296,34.73943],[135.2527,34.73921],[135.25264,34.73909],[135.25264,34.73896],[135.25265,34.73856],[135.25262,34.73838],[135.2525,34.7382],[135.25243,34.73809],[135.25237,34.73804],[135.25201,34.73772],[135.25181,34.73754],[135.25172,34.73745],[135.25132,34.73768],[135.25121,34.73775],[135.25109,34.73784],[135.25097,34.7379],[135.25063,34.73811],[135.25039,34.73825],[135.25015,34.73839],[135.24979,34.73861],[135.25023,34.73908],[135.2502,34.7391],[135.24887,34.73806],[135.25017,34.74009],[135.25032,34.74003],[135.25044,34.74003],[135.25058,34.74012],[135.25074,34.74025],[135.25082,34.7403],[135.25091,34.7404],[135.25108,34.74038],[135.25137,34.74025],[135.25141,34.7402],[135.25153,34.74007]]]}},{"type":"Feature","properties":{"name":"渦森台二丁目","setai":877,"jinko":1629,"key":"28101006002","units":1},"geometry":{"type":"Polygon","coordinates":[[[135.2503,34.73587],[135.25014,34.73565],[135.25012,34.73557],[135.2496,34.73528],[135.24944,34.73526],[135.24938,34.73529],[135.24919,34.7354],[135.24921,34.73547],[135.24881,34.73562],[135.24848,34.73537],[135.24831,34.73554],[135.2482,34.73544],[135.24809,34.73574],[135.24799,34.73563],[135.24792,34.73565],[135.24772,34.73577],[135.24755,34.73594],[135.24793,34.73655],[135.24887,34.73806],[135.2502,34.7391],[135.25023,34.73908],[135.24979,34.73861],[135.25015,34.73839],[135.25039,34.73825],[135.25063,34.73811],[135.25097,34.7379],[135.25109,34.73784],[135.25121,34.73775],[135.25132,34.73768],[135.25172,34.73745],[135.25154,34.73723],[135.25113,34.73677],[135.25083,34.73644],[135.25048,34.73607],[135.2503,34.73587]]]}},{"type":"Feature","properties":{"name":"渦森台三丁目","setai":194,"jinko":448,"key":"28101006003","units":1},"geometry":{"type":"Polygon","coordinates":[[[135.24793,34.73655],[135.24755,34.73594],[135.24749,34.73603],[135.24747,34.73612],[135.24737,34.73638],[135.24742,34.73655],[135.24738,34.73667],[135.2472,34.7368],[135.24678,34.73709],[135.24671,34.73717],[135.24657,34.73729],[135.24639,34.73733],[135.24624,34.73743],[135.24604,34.73754],[135.24559,34.73774],[135.24558,34.73786],[135.24552,34.73798],[135.24542,34.73802],[135.24523,34.73807],[135.24557,34.7383],[135.24591,34.73852],[135.24613,34.73864],[135.24655,34.73898],[135.2467,34.7391],[135.24702,34.73939],[135.24717,34.73953],[135.24749,34.73982],[135.24755,34.7399],[135.24818,34.74031],[135.2483,34.7404],[135.24822,34.74047],[135.2485,34.74068],[135.24867,34.74081],[135.24874,34.74088],[135.24899,34.74114],[135.24907,34.74124],[135.24918,34.74126],[135.24929,34.7413],[135.24946,34.74135],[135.24953,34.74128],[135.24957,34.74117],[135.24952,34.741],[135.24949,34.74087],[135.24961,34.74077],[135.24974,34.74056],[135.24997,34.74037],[135.25005,34.74027],[135.2501,34.74013],[135.25017,34.74009],[135.24887,34.73806],[135.24793,34.73655]]]}},{"type":"Feature","properties":{"name":"渦森台四丁目","setai":245,"jinko":573,"key":"28101006004","units":1},"geometry":{"type":"Polygon","coordinates":[[[135.24774,34.74289],[135.248,34.74281],[135.24814,34.74282],[135.24846,34.74281],[135.24854,34.74277],[135.24873,34.74252],[135.24889,34.74237],[135.2491,34.74207],[135.24923,34.74197],[135.24923,34.74196],[135.24929,34.74171],[135.24938,34.74153],[135.24935,34.74151],[135.24946,34.74135],[135.24929,34.7413],[135.24918,34.74126],[135.24907,34.74124],[135.24899,34.74114],[135.24874,34.74088],[135.24867,34.74081],[135.2485,34.74068],[135.24822,34.74047],[135.2483,34.7404],[135.24818,34.74031],[135.24755,34.7399],[135.24749,34.73982],[135.24717,34.73953],[135.24702,34.73939],[135.2467,34.7391],[135.24655,34.73898],[135.24613,34.73864],[135.24591,34.73852],[135.24557,34.7383],[135.24523,34.73807],[135.245,34.73817],[135.24496,34.73825],[135.245,34.73843],[135.24494,34.73861],[135.24495,34.73876],[135.2449,34.73891],[135.24486,34.73913],[135.24478,34.73929],[135.24478,34.73949],[135.24473,34.73963],[135.24474,34.73974],[135.24499,34.74037],[135.24505,34.74045],[135.24511,34.7407],[135.24522,34.74087],[135.24528,34.74104],[135.24532,34.7411],[135.24549,34.74132],[135.24565,34.74147],[135.24569,34.74156],[135.24631,34.74219],[135.24675,34.74248],[135.24717,34.74266],[135.24752,34.7428],[135.24774,34.74289]]]}},{"type":"Feature","properties":{"name":"青木一丁目","setai":0,"jinko":0,"key":"28101007001","units":1},"geometry":{"type":"Polygon","coordinates":[[[135.28837,34.71817],[135.28863,34.71768],[135.29049,34.71836],[135.29105,34.71739],[135.29118,34.71717],[135.29138,34.71683],[135.29187,34.71592],[135.29165,34.71544],[135.29149,34.7154],[135.29136,34.7151],[135.29123,34.71482],[135.29105,34.7149],[135.29082,34.71496],[135.2909,34.71515],[135.29085,34.71517],[135.29005,34.71487],[135.28944,34.71502],[135.28941,34.71501],[135.28866,34.71482],[135.28847,34.71479],[135.2872,34.71466],[135.28725,34.7143],[135.28549,34.71411],[135.28553,34.71375],[135.28414,34.7136],[135.28418,34.71324],[135.2831,34.71311],[135.28314,34.71286],[135.28323,34.71274],[135.28235,34.7123],[135.28197,34.71211],[135.28157,34.71267],[135.28161,34.71276],[135.28158,34.71279],[135.28131,34.71314],[135.28153,34.71323],[135.28356,34.71406],[135.28375,34.71414],[135.28405,34.71427],[135.28426,34.71437],[135.2846,34.71454],[135.28512,34.71483],[135.28565,34.71513],[135.28624,34.71545],[135.28646,34.71555],[135.28683,34.71571],[135.28696,34.7158],[135.28704,34.71592],[135.28705,34.716],[135.28703,34.71612],[135.28589,34.71786],[135.28606,34.71796],[135.28632,34.71811],[135.28717,34.71861],[135.28794,34.71902],[135.28837,34.71817]]]}},{"type":"Feature","properties":{"name":"青木二丁目","setai":975,"jinko":2098,"key":"28101007002","units":1},"geometry":{"type":"Polygon","coordinates":[[[135.28375,34.71414],[135.28356,34.71406],[135.28319,34.71479],[135.28317,34.71483],[135.28283,34.71544],[135.28251,34.71604],[135.28304,34.71632],[135.28333,34.71649],[135.28376,34.71671],[135.28427,34.71699],[135.28433,34.71702],[135.28518,34.71747],[135.28589,34.71786],[135.28703,34.71612],[135.28705,34.716],[135.28704,34.71592],[135.28696,34.7158],[135.28683,34.71571],[135.28646,34.71555],[135.28624,34.71545],[135.28565,34.71513],[135.28512,34.71483],[135.2846,34.71454],[135.28426,34.71437],[135.28405,34.71427],[135.28375,34.71414]]]}},{"type":"Feature","properties":{"name":"青木三丁目","setai":215,"jinko":569,"key":"28101007003","units":1},"geometry":{"type":"Polygon","coordinates":[[[135.28153,34.71323],[135.28131,34.71314],[135.28102,34.71354],[135.28015,34.71477],[135.28032,34.71487],[135.28048,34.71495],[135.28061,34.71503],[135.28146,34.71548],[135.2815,34.71551],[135.28192,34.71573],[135.28251,34.71604],[135.28283,34.71544],[135.28317,34.71483],[135.28319,34.71479],[135.28356,34.71406],[135.28153,34.71323]]]}},{"type":"Feature","properties":{"name":"青木四丁目","setai":222,"jinko":439,"key":"28101007004","units":1},"geometry":{"type":"Polygon","coordinates":[[[135.2891,34.72096],[135.28914,34.72089],[135.28936,34.72051],[135.28949,34.72056],[135.28985,34.72002],[135.28964,34.71992],[135.2887,34.71944],[135.28794,34.71902],[135.28717,34.71861],[135.28632,34.71811],[135.28619,34.71844],[135.28612,34.71861],[135.28598,34.71893],[135.28584,34.71924],[135.28548,34.72003],[135.28548,34.72008],[135.28643,34.72047],[135.28665,34.72058],[135.28673,34.72062],[135.28692,34.72069],[135.28717,34.72079],[135.28766,34.721],[135.28769,34.72095],[135.28885,34.72144],[135.28891,34.72133],[135.2891,34.72096]]]}},{"type":"Feature","properties":{"name":"青木五丁目","setai":778,"jinko":1543,"key":"28101007005","units":1},"geometry":{"type":"Polygon","coordinates":[[[135.28304,34.71632],[135.28251,34.71604],[135.28227,34.71647],[135.2821,34.71681],[135.28178,34.7174],[135.28167,34.71759],[135.28193,34.71775],[135.28222,34.71795],[135.28239,34.71807],[135.28262,34.71825],[135.28261,34.71834],[135.2826,34.71838],[135.28271,34.71846],[135.28305,34.7187],[135.28358,34.71904],[135.28394,34.71925],[135.28421,34.7194],[135.28425,34.71943],[135.2846,34.7196],[135.28493,34.71978],[135.28502,34.71983],[135.28548,34.72003],[135.28584,34.71924],[135.28598,34.71893],[135.28612,34.71861],[135.28619,34.71844],[135.28632,34.71811],[135.28606,34.71796],[135.28589,34.71786],[135.28518,34.71747],[135.28433,34.71702],[135.28427,34.71699],[135.28376,34.71671],[135.28333,34.71649],[135.28304,34.71632]]]}},{"type":"Feature","properties":{"name":"青木六丁目","setai":577,"jinko":1082,"key":"28101007006","units":1},"geometry":{"type":"Polygon","coordinates":[[[135.28032,34.71487],[135.28015,34.71477],[135.28012,34.71481],[135.27995,34.71503],[135.27973,34.71518],[135.27952,34.71532],[135.27945,34.71537],[135.27922,34.71552],[135.27919,34.71554],[135.27892,34.71573],[135.27929,34.716],[135.27965,34.71623],[135.27991,34.71639],[135.28065,34.71684],[135.28093,34.71705],[135.28111,34.71716],[135.28135,34.71724],[135.28167,34.71759],[135.28178,34.7174],[135.2821,34.71681],[135.28227,34.71647],[135.28251,34.71604],[135.28192,34.71573],[135.2815,34.71551],[135.28146,34.71548],[135.28061,34.71503],[135.28048,34.71495],[135.28032,34.71487]]]}},{"type":"Feature","properties":{"name":"岡本一丁目","setai":677,"jinko":1088,"key":"28101008001","units":1},"geometry":{"type":"Polygon","coordinates":[[[135.27695,34.72911],[135.27708,34.72876],[135.27716,34.72843],[135.27717,34.72838],[135.2772,34.72808],[135.27729,34.72788],[135.27693,34.72779],[135.27704,34.72754],[135.27713,34.72743],[135.27725,34.72721],[135.27727,34.72716],[135.2773,34.7271],[135.27733,34.72705],[135.27738,34.72692],[135.27857,34.7272],[135.27865,34.72702],[135.27746,34.72673],[135.27641,34.72648],[135.27513,34.72617],[135.27507,34.72632],[135.27481,34.7269],[135.27479,34.72693],[135.27465,34.72724],[135.27438,34.72782],[135.27428,34.72802],[135.2741,34.72827],[135.27394,34.72846],[135.27389,34.7286],[135.27387,34.72862],[135.27372,34.72896],[135.27409,34.72902],[135.27466,34.72909],[135.27506,34.72911],[135.27622,34.72906],[135.27695,34.72911]]]}},{"type":"Feature","properties":{"name":"岡本二丁目","setai":651,"jinko":1167,"key":"28101008002","units":1},"geometry":{"type":"Polygon","coordinates":[[[135.27372,34.72556],[135.273,34.72524],[135.27289,34.7255],[135.27269,34.72604],[135.27254,34.7264],[135.27241,34.7267],[135.27232,34.72689],[135.27227,34.727],[135.27219,34.72717],[135.27208,34.72742],[135.2719,34.72779],[135.27175,34.72812],[135.27163,34.72837],[135.27188,34.72847],[135.27272,34.72872],[135.27333,34.72888],[135.27372,34.72896],[135.27387,34.72862],[135.27389,34.7286],[135.27394,34.72846],[135.2741,34.72827],[135.27428,34.72802],[135.27438,34.72782],[135.27465,34.72724],[135.27479,34.72693],[135.27481,34.7269],[135.27507,34.72632],[135.27513,34.72617],[135.2752,34.72603],[135.27434,34.72579],[135.27372,34.72556]]]}},{"type":"Feature","properties":{"name":"岡本三丁目","setai":831,"jinko":1703,"key":"28101008003","units":1},"geometry":{"type":"Polygon","coordinates":[[[135.27289,34.7255],[135.273,34.72524],[135.27218,34.7248],[135.27194,34.72466],[135.27099,34.72406],[135.27087,34.72434],[135.27082,34.7243],[135.27064,34.72474],[135.27058,34.7249],[135.27038,34.72534],[135.27036,34.72539],[135.27004,34.7253],[135.26995,34.72557],[135.27025,34.72564],[135.27016,34.72586],[135.27003,34.72611],[135.2699,34.72638],[135.2698,34.72659],[135.2697,34.72679],[135.26966,34.72688],[135.2694,34.72736],[135.26928,34.72765],[135.26967,34.72778],[135.27044,34.72799],[135.27155,34.72834],[135.27163,34.72837],[135.27175,34.72812],[135.2719,34.72779],[135.27208,34.72742],[135.27219,34.72717],[135.27227,34.727],[135.27232,34.72689],[135.27241,34.7267],[135.27254,34.7264],[135.27269,34.72604],[135.27289,34.7255]]]}},{"type":"Feature","properties":{"name":"岡本四丁目","setai":406,"jinko":949,"key":"28101008004","units":1},"geometry":{"type":"Polygon","coordinates":[[[135.27003,34.72611],[135.27016,34.72586],[135.26965,34.72574],[135.26895,34.72557],[135.26884,34.72588],[135.26794,34.72575],[135.26769,34.72572],[135.26763,34.72589],[135.2675,34.72618],[135.26739,34.72646],[135.26727,34.7267],[135.26714,34.72695],[135.26829,34.72732],[135.26828,34.72734],[135.2688,34.7275],[135.26928,34.72765],[135.2694,34.72736],[135.26966,34.72688],[135.2697,34.72679],[135.2698,34.72659],[135.2699,34.72638],[135.27003,34.72611]]]}},{"type":"Feature","properties":{"name":"岡本五丁目","setai":404,"jinko":817,"key":"28101008005","units":1},"geometry":{"type":"Polygon","coordinates":[[[135.27695,34.72911],[135.27622,34.72906],[135.27506,34.72911],[135.27466,34.72909],[135.27409,34.72902],[135.27372,34.72896],[135.27371,34.72901],[135.27364,34.729],[135.27364,34.72903],[135.2736,34.72935],[135.27361,34.72956],[135.27362,34.72963],[135.27364,34.72975],[135.27368,34.72984],[135.27381,34.73013],[135.27396,34.73044],[135.27415,34.73081],[135.27425,34.73101],[135.27439,34.73128],[135.27443,34.73141],[135.27449,34.73164],[135.27454,34.73196],[135.27459,34.73209],[135.27483,34.73235],[135.27494,34.73231],[135.27509,34.73229],[135.2752,34.73192],[135.27532,34.73184],[135.27543,34.73167],[135.27549,34.73162],[135.27568,34.73147],[135.27597,34.73112],[135.27602,34.73106],[135.27637,34.7306],[135.27651,34.73041],[135.27656,34.73035],[135.27666,34.73016],[135.2767,34.73008],[135.27684,34.72973],[135.27692,34.7293],[135.27693,34.72927],[135.27693,34.72924],[135.27695,34.72911]]]}},{"type":"Feature","properties":{"name":"岡本六丁目","setai":407,"jinko":891,"key":"28101008006","units":1},"geometry":{"type":"Polygon","coordinates":[[[135.27375,34.73476],[135.27381,34.7346],[135.27383,34.73434],[135.27385,34.73417],[135.27391,34.73403],[135.27406,34.73382],[135.27424,34.73364],[135.27459,34.73337],[135.27498,34.73309],[135.27509,34.73296],[135.27513,34.73279],[135.27509,34.73263],[135.27494,34.73247],[135.27483,34.73235],[135.27459,34.73209],[135.27454,34.73196],[135.27449,34.73164],[135.27443,34.73141],[135.27439,34.73128],[135.27425,34.73101],[135.27415,34.73081],[135.27396,34.73044],[135.27381,34.73013],[135.27368,34.72984],[135.27364,34.72975],[135.27358,34.72976],[135.27351,34.73006],[135.27346,34.7303],[135.2734,34.73058],[135.27338,34.73063],[135.27332,34.73081],[135.27329,34.73086],[135.27318,34.73098],[135.27288,34.73124],[135.27255,34.73134],[135.27244,34.73131],[135.27203,34.73152],[135.27172,34.73169],[135.27131,34.73193],[135.27194,34.73206],[135.27217,34.73271],[135.27228,34.73272],[135.27249,34.73279],[135.27242,34.73283],[135.27217,34.73294],[135.27199,34.73291],[135.2719,34.73277],[135.27176,34.73273],[135.27158,34.73274],[135.27158,34.73306],[135.27151,34.73331],[135.27139,34.73361],[135.27126,34.73384],[135.27122,34.73396],[135.27116,34.73405],[135.27128,34.73406],[135.2714,34.73399],[135.27155,34.73379],[135.27172,34.73388],[135.27181,34.73394],[135.27191,34.73403],[135.27201,34.73416],[135.27209,34.73428],[135.27215,34.73452],[135.27219,34.7346],[135.2723,34.73464],[135.27228,34.73469],[135.27236,34.73471],[135.27239,34.73469],[135.27257,34.73478],[135.2726,34.7348],[135.27264,34.73484],[135.27267,34.73487],[135.27273,34.7351],[135.27285,34.73519],[135.27305,34.73522],[135.27323,34.73532],[135.27329,34.73534],[135.2735,34.73567],[135.27355,34.73571],[135.27366,34.73534],[135.27367,34.73515],[135.27375,34.73492],[135.27375,34.73476]]]}},{"type":"Feature","properties":{"name":"岡本七丁目","setai":770,"jinko":1563,"key":"28101008007","units":1},"geometry":{"type":"Polygon","coordinates":[[[135.27056,34.73356],[135.27065,34.73343],[135.27083,34.73348],[135.27089,34.73337],[135.27095,34.73333],[135.27096,34.73331],[135.27092,34.73314],[135.27099,34.73315],[135.27109,34.73291],[135.27118,34.73264],[135.27119,34.73249],[135.27116,34.73222],[135.27119,34.73208],[135.27122,34.73202],[135.27131,34.73193],[135.27172,34.73169],[135.27203,34.73152],[135.27244,34.73131],[135.27255,34.73134],[135.27288,34.73124],[135.27318,34.73098],[135.27329,34.73086],[135.27332,34.73081],[135.27338,34.73063],[135.2734,34.73058],[135.27346,34.7303],[135.27351,34.73006],[135.27358,34.72976],[135.27364,34.72975],[135.27362,34.72963],[135.27361,34.72956],[135.2736,34.72935],[135.27364,34.72903],[135.27364,34.729],[135.27371,34.72901],[135.27372,34.72896],[135.27333,34.72888],[135.27272,34.72872],[135.27188,34.72847],[135.27163,34.72837],[135.27158,34.72848],[135.27157,34.72849],[135.27135,34.72902],[135.27132,34.72907],[135.27112,34.7295],[135.2707,34.73039],[135.27051,34.73039],[135.26998,34.73042],[135.2697,34.73046],[135.26941,34.73047],[135.2693,34.73069],[135.26916,34.73087],[135.2689,34.73108],[135.26879,34.73117],[135.26875,34.73128],[135.26883,34.73146],[135.26885,34.73158],[135.26883,34.7317],[135.26883,34.73173],[135.26884,34.73179],[135.2688,34.73197],[135.26874,34.73212],[135.26882,34.73233],[135.26925,34.73232],[135.26962,34.73229],[135.26961,34.73233],[135.26951,34.7326],[135.26945,34.73262],[135.26932,34.73268],[135.26918,34.73276],[135.26907,34.73282],[135.26903,34.73285],[135.26901,34.73287],[135.26899,34.73292],[135.26891,34.73311],[135.26884,34.73328],[135.26872,34.73358],[135.26873,34.7337],[135.26884,34.73378],[135.26934,34.73401],[135.26942,34.73405],[135.26983,34.73441],[135.26986,34.73441],[135.26994,34.73439],[135.27029,34.73426],[135.2704,34.73402],[135.27039,34.73399],[135.27039,34.73393],[135.2704,34.73385],[135.27045,34.73373],[135.27056,34.73356]]]}},{"type":"Feature","properties":{"name":"岡本八丁目","setai":368,"jinko":878,"key":"28101008008","units":1},"geometry":{"type":"Polygon","coordinates":[[[135.26883,34.73146],[135.26875,34.73128],[135.26879,34.73117],[135.2689,34.73108],[135.26916,34.73087],[135.2693,34.73069],[135.26941,34.73047],[135.2697,34.73046],[135.26998,34.73042],[135.27051,34.73039],[135.2707,34.73039],[135.27112,34.7295],[135.27132,34.72907],[135.27135,34.72902],[135.27157,34.72849],[135.27158,34.72848],[135.27163,34.72837],[135.27155,34.72834],[135.27044,34.72799],[135.26967,34.72778],[135.26928,34.72765],[135.2688,34.7275],[135.26828,34.72734],[135.26825,34.72743],[135.26799,34.72802],[135.26779,34.72847],[135.26777,34.7285],[135.26761,34.72882],[135.26732,34.72923],[135.26721,34.72958],[135.26699,34.73017],[135.2671,34.73019],[135.26702,34.73038],[135.26696,34.7306],[135.26684,34.73073],[135.26666,34.73076],[135.2663,34.73072],[135.26608,34.73069],[135.26616,34.73079],[135.26633,34.73087],[135.26648,34.73089],[135.26665,34.73094],[135.26688,34.73095],[135.26688,34.73102],[135.26687,34.73109],[135.26733,34.73119],[135.26779,34.73146],[135.26798,34.73138],[135.2681,34.73137],[135.26819,34.73137],[135.26836,34.73137],[135.26835,34.73154],[135.26835,34.73158],[135.26841,34.73167],[135.26862,34.73178],[135.26884,34.73179],[135.26883,34.73173],[135.26883,34.7317],[135.26885,34.73158],[135.26883,34.73146]]]}},{"type":"Feature","properties":{"name":"岡本九丁目","setai":253,"jinko":534,"key":"28101008009","units":1},"geometry":{"type":"Polygon","coordinates":[[[135.26699,34.73017],[135.26721,34.72958],[135.26732,34.72923],[135.26761,34.72882],[135.26777,34.7285],[135.26779,34.72847],[135.26799,34.72802],[135.26825,34.72743],[135.26828,34.72734],[135.26829,34.72732],[135.26714,34.72695],[135.26713,34.72698],[135.2668,34.72764],[135.2666,34.72809],[135.26646,34.72848],[135.26577,34.72825],[135.26567,34.72852],[135.26556,34.72882],[135.26525,34.72968],[135.2652,34.72968],[135.26499,34.73028],[135.26535,34.73036],[135.26601,34.73067],[135.26608,34.73069],[135.2663,34.73072],[135.26666,34.73076],[135.26684,34.73073],[135.26696,34.7306],[135.26702,34.73038],[135.2671,34.73019],[135.26699,34.73017]]]}},{"type":"Feature","properties":{"name":"鴨子ケ原一丁目","setai":243,"jinko":588,"key":"28101009001","units":1},"geometry":{"type":"Polygon","coordinates":[[[135.25283,34.72812],[135.25259,34.72741],[135.2525,34.72725],[135.2523,34.72686],[135.25242,34.72674],[135.25251,34.7266],[135.25253,34.72649],[135.25239,34.72646],[135.25225,34.72651],[135.25219,34.72648],[135.2521,34.72646],[135.25201,34.72647],[135.25192,34.7266],[135.2517,34.72659],[135.25164,34.72679],[135.25157,34.72697],[135.25151,34.72701],[135.25139,34.72711],[135.25124,34.72716],[135.25115,34.72727],[135.25108,34.7274],[135.25097,34.72757],[135.2508,34.72768],[135.25073,34.72776],[135.2507,34.72784],[135.25055,34.72782],[135.25012,34.72777],[135.24971,34.72774],[135.24949,34.72772],[135.24937,34.72773],[135.24922,34.72808],[135.24914,34.72838],[135.24906,34.72865],[135.24899,34.72884],[135.24891,34.72913],[135.24879,34.72939],[135.24932,34.72945],[135.24996,34.72952],[135.25003,34.72954],[135.25034,34.72955],[135.25058,34.72956],[135.2507,34.72959],[135.251,34.72959],[135.25124,34.72957],[135.25144,34.72954],[135.25177,34.72951],[135.25211,34.72948],[135.25225,34.72942],[135.2524,34.72927],[135.25252,34.72881],[135.25257,34.72875],[135.25271,34.72867],[135.25277,34.72864],[135.25281,34.72862],[135.25285,34.72852],[135.25278,34.72843],[135.25276,34.72834],[135.25283,34.72819],[135.25283,34.72812]]]}},{"type":"Feature","properties":{"name":"鴨子ケ原二丁目","setai":709,"jinko":1686,"key":"28101009002","units":1},"geometry":{"type":"Polygon","coordinates":[[[135.25245,34.72933],[135.2524,34.72927],[135.25225,34.72942],[135.25211,34.72948],[135.25177,34.72951],[135.25144,34.72954],[135.25124,34.72957],[135.25097,34.72976],[135.25069,34.73006],[135.25066,34.73015],[135.25066,34.73033],[135.25063,34.73058],[135.2506,34.7307],[135.25059,34.73087],[135.25057,34.73099],[135.25054,34.73115],[135.25042,34.73169],[135.25037,34.73195],[135.25027,34.73236],[135.25019,34.73278],[135.25008,34.73319],[135.24999,34.73363],[135.24992,34.73392],[135.2499,34.734],[135.24978,34.7345],[135.2497,34.73491],[135.24967,34.73502],[135.2496,34.73528],[135.25012,34.73557],[135.25014,34.73565],[135.2503,34.73587],[135.25048,34.73607],[135.25083,34.73644],[135.25089,34.73637],[135.25103,34.73609],[135.25113,34.73596],[135.25123,34.73574],[135.25126,34.73563],[135.25132,34.73542],[135.25135,34.73532],[135.25149,34.73507],[135.25163,34.73484],[135.25168,34.73482],[135.25184,34.73476],[135.25213,34.73463],[135.25217,34.73454],[135.25217,34.7344],[135.25216,34.73434],[135.25186,34.73403],[135.25207,34.73374],[135.25206,34.7337],[135.25191,34.73364],[135.25214,34.73309],[135.25234,34.73272],[135.25227,34.73266],[135.25241,34.73249],[135.25245,34.73242],[135.25254,34.73239],[135.25261,34.73232],[135.25273,34.73225],[135.25279,34.73213],[135.25292,34.73204],[135.25297,34.73201],[135.25281,34.73162],[135.25268,34.73127],[135.25262,34.731],[135.25267,34.73085],[135.25283,34.73071],[135.25296,34.73048],[135.25296,34.73046],[135.25297,34.73031],[135.25288,34.73031],[135.25273,34.73026],[135.25268,34.73023],[135.25263,34.73019],[135.2526,34.73016],[135.25247,34.72991],[135.25245,34.72933]]]}},{"type":"Feature","properties":{"name":"鴨子ケ原三丁目","setai":617,"jinko":1408,"key":"28101009003","units":1},"geometry":{"type":"Polygon","coordinates":[[[135.24809,34.73574],[135.2482,34.73544],[135.24831,34.73554],[135.24848,34.73537],[135.24881,34.73562],[135.24921,34.73547],[135.24919,34.7354],[135.24938,34.73529],[135.24944,34.73526],[135.2496,34.73528],[135.24967,34.73502],[135.2497,34.73491],[135.24978,34.7345],[135.2499,34.734],[135.24992,34.73392],[135.24999,34.73363],[135.25008,34.73319],[135.25019,34.73278],[135.25027,34.73236],[135.25037,34.73195],[135.25042,34.73169],[135.25054,34.73115],[135.25057,34.73099],[135.25059,34.73087],[135.2506,34.7307],[135.25063,34.73058],[135.25066,34.73033],[135.25066,34.73015],[135.25069,34.73006],[135.25097,34.72976],[135.25124,34.72957],[135.251,34.72959],[135.2507,34.72959],[135.25058,34.72956],[135.25034,34.72955],[135.25003,34.72954],[135.24996,34.72952],[135.24932,34.72945],[135.24879,34.72939],[135.24891,34.72913],[135.24899,34.72884],[135.24906,34.72865],[135.24914,34.72838],[135.24922,34.72808],[135.24937,34.72773],[135.24933,34.72774],[135.24923,34.72767],[135.24919,34.72767],[135.24901,34.72754],[135.24879,34.72744],[135.24851,34.7274],[135.24847,34.72756],[135.24839,34.7277],[135.24827,34.72788],[135.24819,34.72792],[135.24785,34.72795],[135.24773,34.72801],[135.24747,34.72813],[135.24726,34.72826],[135.24721,34.72838],[135.24723,34.72852],[135.24729,34.7286],[135.24733,34.72866],[135.24748,34.72888],[135.24749,34.72892],[135.24749,34.72921],[135.24747,34.72927],[135.2474,34.72938],[135.24731,34.72952],[135.24725,34.72977],[135.24727,34.72989],[135.24739,34.7302],[135.24742,34.73036],[135.24738,34.73046],[135.24718,34.73067],[135.24719,34.7308],[135.24715,34.73087],[135.24696,34.73097],[135.24679,34.73108],[135.24638,34.73145],[135.24638,34.73173],[135.24639,34.73189],[135.24641,34.73221],[135.24643,34.73228],[135.24656,34.7324],[135.24674,34.73249],[135.24693,34.73261],[135.24698,34.73268],[135.24703,34.73287],[135.247,34.73309],[135.24696,34.73329],[135.24717,34.73346],[135.24721,34.73354],[135.2472,34.73369],[135.24719,34.73375],[135.24721,34.73384],[135.2473,34.73396],[135.24741,34.73403],[135.24748,34.73409],[135.2476,34.73438],[135.24779,34.7345],[135.2478,34.73458],[135.24768,34.73472],[135.24772,34.73483],[135.24784,34.73493],[135.24793,34.73496],[135.24798,34.73507],[135.248,34.73523],[135.24804,34.73529],[135.24809,34.73552],[135.24804,34.7356],[135.24799,34.73563],[135.24809,34.73574]]]}},{"type":"Feature","properties":{"name":"北青木一丁目","setai":453,"jinko":923,"key":"28101010001","units":1},"geometry":{"type":"Polygon","coordinates":[[[135.28643,34.72047],[135.28548,34.72008],[135.28534,34.7204],[135.28517,34.72076],[135.28515,34.72081],[135.28503,34.72106],[135.28499,34.72115],[135.28495,34.72123],[135.28492,34.7213],[135.28487,34.7214],[135.28479,34.72157],[135.28514,34.72168],[135.2853,34.72173],[135.28536,34.72175],[135.28559,34.72182],[135.28575,34.72187],[135.28583,34.7219],[135.28599,34.72195],[135.28608,34.72198],[135.28657,34.72214],[135.28688,34.72224],[135.28712,34.72232],[135.28731,34.72189],[135.28739,34.72168],[135.28742,34.72162],[135.28763,34.72109],[135.28766,34.721],[135.28717,34.72079],[135.28692,34.72069],[135.28673,34.72062],[135.28665,34.72058],[135.28643,34.72047]]]}},{"type":"Feature","properties":{"name":"北青木二丁目","setai":728,"jinko":1561,"key":"28101010002","units":1},"geometry":{"type":"Polygon","coordinates":[[[135.28271,34.71846],[135.2826,34.71838],[135.28253,34.7185],[135.28245,34.71864],[135.28226,34.71899],[135.28215,34.71918],[135.28204,34.71942],[135.28199,34.71954],[135.28191,34.71971],[135.28189,34.71977],[135.28189,34.71977],[135.28176,34.72005],[135.28171,34.72015],[135.2817,34.72018],[135.28169,34.72019],[135.28153,34.72053],[135.28269,34.72091],[135.28289,34.72097],[135.28363,34.72121],[135.28374,34.72124],[135.28421,34.72139],[135.28479,34.72157],[135.28487,34.7214],[135.28492,34.7213],[135.28495,34.72123],[135.28499,34.72115],[135.28503,34.72106],[135.28515,34.72081],[135.28517,34.72076],[135.28534,34.7204],[135.28548,34.72008],[135.28548,34.72003],[135.28502,34.71983],[135.28493,34.71978],[135.2846,34.7196],[135.28425,34.71943],[135.28421,34.7194],[135.28394,34.71925],[135.28358,34.71904],[135.28305,34.7187],[135.28271,34.71846]]]}},{"type":"Feature","properties":{"name":"北青木三丁目","setai":891,"jinko":1822,"key":"28101010003","units":1},"geometry":{"type":"Polygon","coordinates":[[[135.27991,34.71639],[135.27965,34.71623],[135.27955,34.71632],[135.27957,34.71634],[135.28032,34.71701],[135.28051,34.71715],[135.28034,34.71752],[135.28014,34.71793],[135.27996,34.71831],[135.27971,34.71885],[135.27966,34.71897],[135.27962,34.71906],[135.27958,34.71913],[135.2795,34.7193],[135.27946,34.7194],[135.27937,34.71959],[135.27927,34.71983],[135.27993,34.72004],[135.28013,34.7201],[135.28048,34.72021],[135.28084,34.72032],[135.28089,34.72032],[135.28153,34.72053],[135.28169,34.72019],[135.2817,34.72018],[135.28171,34.72015],[135.28176,34.72005],[135.28189,34.71977],[135.28189,34.71977],[135.28191,34.71971],[135.28199,34.71954],[135.28204,34.71942],[135.28215,34.71918],[135.28226,34.71899],[135.28245,34.71864],[135.28253,34.7185],[135.2826,34.71838],[135.28261,34.71834],[135.28262,34.71825],[135.28239,34.71807],[135.28222,34.71795],[135.28193,34.71775],[135.28167,34.71759],[135.28135,34.71724],[135.28111,34.71716],[135.28093,34.71705],[135.28065,34.71684],[135.27991,34.71639]]]}},{"type":"Feature","properties":{"name":"北青木四丁目","setai":827,"jinko":1781,"key":"28101010004","units":1},"geometry":{"type":"Polygon","coordinates":[[[135.27929,34.716],[135.27892,34.71573],[135.27889,34.71575],[135.27862,34.71601],[135.27858,34.71605],[135.27835,34.7163],[135.27826,34.7164],[135.27813,34.71658],[135.27805,34.71671],[135.27792,34.71693],[135.27779,34.71718],[135.27763,34.71753],[135.2775,34.7178],[135.27736,34.71812],[135.27716,34.7186],[135.27711,34.7187],[135.27693,34.71909],[135.27766,34.71932],[135.27818,34.71949],[135.27861,34.71962],[135.27927,34.71983],[135.27937,34.71959],[135.27946,34.7194],[135.2795,34.7193],[135.27958,34.71913],[135.27962,34.71906],[135.27966,34.71897],[135.27971,34.71885],[135.27996,34.71831],[135.28014,34.71793],[135.28034,34.71752],[135.28051,34.71715],[135.28032,34.71701],[135.27957,34.71634],[135.27955,34.71632],[135.27965,34.71623],[135.27929,34.716]]]}},{"type":"Feature","properties":{"name":"甲南台","setai":139,"jinko":350,"key":"281010110","units":1},"geometry":{"type":"Polygon","coordinates":[[[135.28571,34.73308],[135.28421,34.73261],[135.28424,34.733],[135.28428,34.73339],[135.2843,34.73352],[135.28432,34.73358],[135.28443,34.73382],[135.2845,34.73401],[135.28455,34.73425],[135.28451,34.7344],[135.28447,34.73459],[135.28447,34.73487],[135.28445,34.73496],[135.28443,34.73511],[135.28444,34.73535],[135.28444,34.73556],[135.2844,34.7357],[135.28488,34.73585],[135.28542,34.73603],[135.28547,34.73604],[135.2856,34.73572],[135.28572,34.7355],[135.28579,34.73541],[135.28589,34.73531],[135.2861,34.73505],[135.28612,34.73475],[135.28613,34.73434],[135.2859,34.7339],[135.2858,34.73362],[135.28579,34.7335],[135.28577,34.73335],[135.28571,34.73308]]]}},{"type":"Feature","properties":{"name":"甲南町一丁目","setai":542,"jinko":1147,"key":"28101012001","units":1},"geometry":{"type":"Polygon","coordinates":[[[135.27682,34.72122],[135.27631,34.72107],[135.27631,34.72112],[135.27653,34.72147],[135.27684,34.72195],[135.27692,34.72211],[135.27694,34.72219],[135.27692,34.72242],[135.27689,34.72253],[135.2768,34.72277],[135.27675,34.72287],[135.27674,34.72288],[135.27667,34.72304],[135.27658,34.7232],[135.27692,34.72331],[135.27758,34.72352],[135.27776,34.72315],[135.27798,34.7227],[135.27799,34.72267],[135.27813,34.72233],[135.27815,34.72228],[135.27826,34.72202],[135.27827,34.722],[135.27831,34.72189],[135.27839,34.72167],[135.27783,34.72151],[135.2778,34.7215],[135.27731,34.72136],[135.27696,34.72126],[135.27682,34.72122]]]}},{"type":"Feature","properties":{"name":"甲南町二丁目","setai":497,"jinko":875,"key":"28101012002","units":1},"geometry":{"type":"Polygon","coordinates":[[[135.27566,34.72087],[135.27502,34.72066],[135.27481,34.72115],[135.27474,34.72134],[135.27462,34.72161],[135.27444,34.72203],[135.27421,34.72255],[135.27446,34.72262],[135.27491,34.72274],[135.27494,34.72275],[135.27548,34.7229],[135.27552,34.72291],[135.27607,34.72305],[135.27649,34.72318],[135.27658,34.7232],[135.27667,34.72304],[135.27674,34.72288],[135.27675,34.72287],[135.2768,34.72277],[135.27689,34.72253],[135.27692,34.72242],[135.27694,34.72219],[135.27692,34.72211],[135.27684,34.72195],[135.27653,34.72147],[135.27631,34.72112],[135.27631,34.72107],[135.2759,34.72094],[135.27566,34.72087]]]}},{"type":"Feature","properties":{"name":"甲南町三丁目","setai":784,"jinko":1451,"key":"28101012003","units":1},"geometry":{"type":"Polygon","coordinates":[[[135.27335,34.72017],[135.27281,34.72001],[135.27268,34.7203],[135.27239,34.72091],[135.2723,34.72112],[135.27218,34.72139],[135.2721,34.72158],[135.27195,34.72193],[135.27261,34.72209],[135.273,34.7222],[135.27312,34.72224],[135.2736,34.72238],[135.27421,34.72255],[135.27444,34.72203],[135.27462,34.72161],[135.27474,34.72134],[135.27481,34.72115],[135.27502,34.72066],[135.27391,34.72033],[135.27335,34.72017]]]}},{"type":"Feature","properties":{"name":"甲南町四丁目","setai":912,"jinko":1811,"key":"28101012004","units":1},"geometry":{"type":"Polygon","coordinates":[[[135.27103,34.71943],[135.27061,34.7193],[135.27055,34.7193],[135.27048,34.7193],[135.26999,34.71921],[135.26993,34.71939],[135.26986,34.71954],[135.26982,34.71963],[135.26961,34.72003],[135.26952,34.72022],[135.26947,34.72035],[135.26929,34.72077],[135.26912,34.72117],[135.26966,34.72131],[135.26968,34.72131],[135.2702,34.72145],[135.27024,34.72146],[135.27066,34.72158],[135.27079,34.72161],[135.27083,34.72162],[135.2711,34.72169],[135.27127,34.72174],[135.27169,34.72185],[135.27195,34.72193],[135.2721,34.72158],[135.27218,34.72139],[135.2723,34.72112],[135.27239,34.72091],[135.27268,34.7203],[135.27281,34.72001],[135.27225,34.71983],[135.2717,34.71965],[135.27103,34.71943]]]}},{"type":"Feature","properties":{"name":"甲南町五丁目","setai":233,"jinko":421,"key":"28101012005","units":1},"geometry":{"type":"Polygon","coordinates":[[[135.26961,34.72003],[135.26982,34.71963],[135.26986,34.71954],[135.26958,34.71945],[135.26894,34.71927],[135.26872,34.71975],[135.26856,34.71983],[135.26808,34.71975],[135.26787,34.71971],[135.26768,34.71967],[135.26701,34.71957],[135.26684,34.71997],[135.26673,34.7202],[135.26665,34.72035],[135.26721,34.72059],[135.26741,34.72067],[135.26763,34.72074],[135.26792,34.72084],[135.26819,34.72091],[135.2685,34.721],[135.26912,34.72117],[135.26929,34.72077],[135.26947,34.72035],[135.26952,34.72022],[135.26961,34.72003]]]}},{"type":"Feature","properties":{"name":"向洋町西一丁目","setai":0,"jinko":0,"key":"28101013001","units":1},"geometry":{"type":"Polygon","coordinates":[[[135.26873,34.69375],[135.26487,34.69328],[135.26463,34.69471],[135.2636,34.69658],[135.26372,34.69663],[135.26326,34.69745],[135.26418,34.69779],[135.26526,34.69579],[135.26788,34.69607],[135.26808,34.6961],[135.26761,34.69921],[135.26725,34.70146],[135.26721,34.70173],[135.26732,34.70175],[135.26737,34.70146],[135.2681,34.6971],[135.26826,34.6961],[135.26873,34.69375]]]}},{"type":"Feature","properties":{"name":"向洋町西二丁目","setai":0,"jinko":0,"key":"28101013002","units":1},"geometry":{"type":"Polygon","coordinates":[[[135.26487,34.69328],[135.26364,34.69312],[135.26269,34.69301],[135.26223,34.69295],[135.26188,34.69289],[135.2615,34.69281],[135.26122,34.69274],[135.26069,34.69255],[135.26059,34.6925],[135.2604,34.69241],[135.25991,34.69217],[135.25714,34.6907],[135.25513,34.6897],[135.25466,34.69255],[135.25455,34.69322],[135.25404,34.694],[135.26326,34.69745],[135.26372,34.69663],[135.2636,34.69658],[135.26463,34.69471],[135.26487,34.69328]]]}},{"type":"Feature","properties":{"name":"向洋町西三丁目","setai":0,"jinko":0,"key":"28101013003","units":1},"geometry":{"type":"Polygon","coordinates":[[[135.25513,34.6897],[135.25527,34.68885],[135.25414,34.68871],[135.25297,34.68853],[135.25232,34.69256],[135.2522,34.69331],[135.25404,34.694],[135.25455,34.69322],[135.25466,34.69255],[135.25513,34.6897]]]}},{"type":"Feature","properties":{"name":"向洋町西四丁目","setai":0,"jinko":0,"key":"28101013004","units":1},"geometry":{"type":"Polygon","coordinates":[[[135.26104,34.68837],[135.25812,34.68801],[135.25547,34.6877],[135.25527,34.68885],[135.25513,34.6897],[135.25714,34.6907],[135.25991,34.69217],[135.2604,34.69241],[135.26104,34.68837]]]}},{"type":"Feature","properties":{"name":"向洋町西五丁目","setai":0,"jinko":0,"key":"28101013005","units":1},"geometry":{"type":"Polygon","coordinates":[[[135.26283,34.68933],[135.26284,34.68928],[135.26305,34.68797],[135.26324,34.68682],[135.26348,34.68533],[135.26158,34.6851],[135.2611,34.68799],[135.26104,34.68837],[135.2604,34.69241],[135.26059,34.6925],[135.26069,34.69255],[135.26122,34.69274],[135.2615,34.69281],[135.26188,34.69289],[135.26223,34.69295],[135.26231,34.69249],[135.26257,34.69089],[135.2626,34.69068],[135.26261,34.69066],[135.26283,34.68933]]]}},{"type":"Feature","properties":{"name":"向洋町西六丁目","setai":0,"jinko":0,"key":"28101013006","units":1},"geometry":{"type":"Polygon","coordinates":[[[135.26104,34.68837],[135.2611,34.68799],[135.26158,34.6851],[135.26348,34.68533],[135.26365,34.68429],[135.26368,34.68409],[135.26384,34.68411],[135.26406,34.68245],[135.26552,34.68261],[135.26613,34.67925],[135.25471,34.67798],[135.25386,34.68299],[135.25305,34.68805],[135.25297,34.68853],[135.25414,34.68871],[135.25527,34.68885],[135.25547,34.6877],[135.25812,34.68801],[135.26104,34.68837]]]}},{"type":"Feature","properties":{"name":"向洋町東一丁目","setai":0,"jinko":0,"key":"28101014001","units":1},"geometry":{"type":"Polygon","coordinates":[[[135.2726,34.69788],[135.27385,34.6977],[135.27346,34.69573],[135.27319,34.69425],[135.26929,34.69383],[135.26873,34.69375],[135.26826,34.6961],[135.2681,34.6971],[135.26737,34.70146],[135.26732,34.70175],[135.26746,34.70176],[135.26752,34.70146],[135.26791,34.69901],[135.26839,34.69613],[135.26931,34.69623],[135.27235,34.69656],[135.2726,34.69788]]]}},{"type":"Feature","properties":{"name":"向洋町東二丁目","setai":0,"jinko":0,"key":"28101014002","units":1},"geometry":{"type":"Polygon","coordinates":[[[135.27484,34.69444],[135.27319,34.69425],[135.27346,34.69573],[135.27453,34.69582],[135.27509,34.6959],[135.27568,34.6959],[135.27725,34.6958],[135.27815,34.69574],[135.28114,34.69536],[135.2843,34.6949],[135.28606,34.69467],[135.28625,34.69346],[135.28509,34.69361],[135.28357,34.69387],[135.28215,34.6941],[135.28085,34.6943],[135.27938,34.69454],[135.27765,34.69484],[135.2768,34.69479],[135.2763,34.69484],[135.27557,34.69476],[135.27561,34.69454],[135.27484,34.69444]]]}},{"type":"Feature","properties":{"name":"向洋町東三丁目","setai":22,"jinko":23,"key":"28101014003","units":1},"geometry":{"type":"Polygon","coordinates":[[[135.27874,34.68972],[135.27569,34.68939],[135.27548,34.69071],[135.27523,34.69237],[135.27484,34.69444],[135.27561,34.69454],[135.27557,34.69476],[135.2763,34.69484],[135.2768,34.69479],[135.27765,34.69484],[135.27938,34.69454],[135.28085,34.6943],[135.28215,34.6941],[135.28357,34.69387],[135.28509,34.69361],[135.28625,34.69346],[135.28606,34.69467],[135.2843,34.6949],[135.28114,34.69536],[135.27815,34.69574],[135.27725,34.6958],[135.27568,34.6959],[135.27509,34.6959],[135.27453,34.69582],[135.27346,34.69573],[135.27385,34.6977],[135.2726,34.69788],[135.27273,34.69851],[135.27279,34.69851],[135.27282,34.69867],[135.27285,34.69874],[135.27371,34.69865],[135.27487,34.69848],[135.27545,34.6984],[135.27761,34.69811],[135.27776,34.69809],[135.2814,34.69761],[135.28139,34.69733],[135.28142,34.6973],[135.2832,34.69734],[135.28321,34.69702],[135.28579,34.69705],[135.2858,34.69673],[135.28802,34.69676],[135.28803,34.69666],[135.28816,34.69667],[135.28857,34.69417],[135.28847,34.69416],[135.28875,34.69228],[135.28897,34.69085],[135.28634,34.69124],[135.28331,34.69169],[135.27891,34.69236],[135.27833,34.69245],[135.27834,34.69236],[135.27874,34.68972]]]}},{"type":"Feature","properties":{"name":"向洋町東四丁目","setai":10,"jinko":10,"key":"28101014004","units":1},"geometry":{"type":"Polygon","coordinates":[[[135.27503,34.68013],[135.27445,34.68353],[135.27656,34.68377],[135.27626,34.6857],[135.27621,34.686],[135.27613,34.68653],[135.27607,34.68685],[135.27607,34.68688],[135.27594,34.68766],[135.27589,34.68794],[135.27585,34.68816],[135.27569,34.68939],[135.27874,34.68972],[135.27878,34.68967],[135.27981,34.6895],[135.28122,34.68929],[135.28222,34.68915],[135.28299,34.68904],[135.2849,34.68876],[135.28673,34.68847],[135.28676,34.68842],[135.28759,34.6883],[135.28772,34.68831],[135.28789,34.68824],[135.2882,34.6882],[135.28855,34.68813],[135.28865,34.68813],[135.28874,34.68809],[135.28933,34.68799],[135.28947,34.68797],[135.28952,34.68777],[135.29001,34.68468],[135.29003,34.68464],[135.29051,34.6817],[135.2883,34.68146],[135.28827,34.68169],[135.28448,34.68124],[135.28452,34.68103],[135.27695,34.68018],[135.27693,34.68034],[135.27503,34.68013]]]}},{"type":"Feature","properties":{"name":"住吉台","setai":1565,"jinko":2983,"key":"281010150","units":1},"geometry":{"type":"Polygon","coordinates":[[[135.25829,34.74634],[135.25842,34.74631],[135.25855,34.74631],[135.25858,34.74636],[135.25894,34.74632],[135.25892,34.74629],[135.25875,34.74609],[135.25864,34.74599],[135.25851,34.74576],[135.25846,34.74566],[135.2584,34.74541],[135.25832,34.74514],[135.25832,34.745],[135.2583,34.74477],[135.2583,34.74444],[135.25845,34.74403],[135.25859,34.74378],[135.25866,34.74367],[135.25863,34.74351],[135.25864,34.74335],[135.25866,34.74321],[135.2588,34.74304],[135.25881,34.743],[135.25898,34.74262],[135.25907,34.74251],[135.25909,34.7424],[135.25917,34.7421],[135.25916,34.74205],[135.25916,34.74186],[135.25931,34.74158],[135.25936,34.74139],[135.25946,34.74088],[135.25951,34.74074],[135.25948,34.74051],[135.25958,34.74028],[135.25954,34.74014],[135.25956,34.73992],[135.25955,34.73981],[135.25944,34.73944],[135.25946,34.73919],[135.25944,34.73876],[135.25941,34.7386],[135.25936,34.73848],[135.25924,34.73832],[135.25914,34.73829],[135.259,34.73827],[135.25889,34.73819],[135.2584,34.73779],[135.25832,34.73769],[135.25824,34.73739],[135.25825,34.73727],[135.25831,34.7371],[135.25838,34.73702],[135.25859,34.7368],[135.25875,34.73672],[135.25901,34.73679],[135.25917,34.73677],[135.25939,34.73667],[135.2595,34.73653],[135.25956,34.7365],[135.25963,34.73646],[135.25985,34.73624],[135.25991,34.7361],[135.26003,34.73585],[135.26009,34.73571],[135.26009,34.7357],[135.26018,34.7356],[135.26024,34.73546],[135.2602,34.73525],[135.26012,34.73506],[135.26003,34.73494],[135.25991,34.73482],[135.25964,34.73463],[135.25951,34.7345],[135.25945,34.73436],[135.25953,34.73417],[135.25956,34.73405],[135.25955,34.73393],[135.25944,34.73368],[135.25946,34.7335],[135.25965,34.73337],[135.25971,34.73315],[135.25973,34.73286],[135.25968,34.7327],[135.25965,34.73271],[135.25945,34.73274],[135.25941,34.73272],[135.25915,34.73263],[135.25895,34.73271],[135.25882,34.73278],[135.25869,34.73287],[135.25851,34.73292],[135.25833,34.73294],[135.25824,34.73295],[135.258,34.73293],[135.2578,34.73293],[135.25763,34.73296],[135.25754,34.73301],[135.25741,34.73311],[135.2573,34.73322],[135.25727,34.7334],[135.25726,34.73363],[135.25726,34.73392],[135.25725,34.73393],[135.25723,34.73426],[135.2572,34.73465],[135.25719,34.7347],[135.25707,34.73482],[135.25655,34.73524],[135.25644,34.73529],[135.2563,34.73533],[135.25597,34.7354],[135.25581,34.73544],[135.2556,34.73552],[135.2554,34.73561],[135.25528,34.73569],[135.25524,34.73575],[135.25524,34.73585],[135.25524,34.73601],[135.25517,34.73625],[135.25509,34.73645],[135.25477,34.73701],[135.25467,34.73719],[135.25464,34.73734],[135.2547,34.73761],[135.2547,34.73782],[135.25468,34.73799],[135.25466,34.73806],[135.25449,34.73856],[135.25449,34.73872],[135.25454,34.7389],[135.25456,34.73907],[135.25453,34.73921],[135.25445,34.73933],[135.25417,34.73971],[135.25378,34.74019],[135.25393,34.74031],[135.25412,34.74049],[135.2542,34.74057],[135.25438,34.74107],[135.25443,34.74115],[135.25443,34.74144],[135.25447,34.74166],[135.25441,34.74172],[135.25431,34.74172],[135.25421,34.74173],[135.25418,34.7418],[135.25421,34.74194],[135.25408,34.74202],[135.25405,34.74214],[135.25406,34.74223],[135.25407,34.74236],[135.25413,34.74251],[135.25414,34.74254],[135.25423,34.74266],[135.25427,34.74278],[135.25422,34.74301],[135.25419,34.74314],[135.25422,34.74313],[135.25471,34.74308],[135.25475,34.7431],[135.25486,34.74334],[135.25507,34.7442],[135.25516,34.74458],[135.25542,34.7456],[135.25548,34.74601],[135.25663,34.74636],[135.25685,34.74685],[135.25727,34.74709],[135.25801,34.74664],[135.25829,34.74639],[135.25834,34.74638],[135.25829,34.74634]]]}},{"type":"Feature","properties":{"name":"住吉浜町","setai":0,"jinko":0,"key":"281010370","units":1},"geometry":{"type":"Polygon","coordinates":[[[135.26746,34.70176],[135.26732,34.70175],[135.26721,34.70173],[135.26552,34.70155],[135.26493,34.70148],[135.26419,34.70141],[135.26194,34.70115],[135.26076,34.70103],[135.25992,34.70675],[135.26048,34.70681],[135.26049,34.7076],[135.26058,34.70759],[135.26056,34.70736],[135.26089,34.70727],[135.26115,34.70726],[135.26468,34.70661],[135.26726,34.70615],[135.26757,34.70608],[135.26772,34.70596],[135.26776,34.70582],[135.26788,34.70501],[135.268,34.70432],[135.26826,34.70265],[135.26836,34.70204],[135.26817,34.70184],[135.26746,34.70176]]]}},{"type":"Feature","properties":{"name":"住吉東町一丁目","setai":336,"jinko":752,"key":"28101038001","units":1},"geometry":{"type":"Polygon","coordinates":[[[135.26791,34.7139],[135.26741,34.71383],[135.26727,34.71412],[135.26718,34.71436],[135.26705,34.71484],[135.26671,34.71559],[135.26657,34.71591],[135.26629,34.71652],[135.26668,34.71657],[135.26694,34.7166],[135.26818,34.71681],[135.26828,34.71659],[135.26837,34.71631],[135.26843,34.71611],[135.26854,34.71576],[135.26855,34.71571],[135.2686,34.71549],[135.26862,34.71536],[135.26864,34.71522],[135.26865,34.71495],[135.26869,34.71462],[135.26873,34.71412],[135.26874,34.71408],[135.26876,34.714],[135.26824,34.71394],[135.26791,34.7139]]]}},{"type":"Feature","properties":{"name":"住吉東町二丁目","setai":863,"jinko":1859,"key":"28101038002","units":1},"geometry":{"type":"Polygon","coordinates":[[[135.26668,34.71657],[135.26629,34.71652],[135.26614,34.71677],[135.26601,34.71698],[135.2659,34.71719],[135.2656,34.71776],[135.26547,34.718],[135.26514,34.71865],[135.26497,34.71894],[135.26473,34.71941],[135.26474,34.71943],[135.26518,34.71962],[135.26525,34.71965],[135.26549,34.71976],[135.26576,34.7199],[135.26589,34.71996],[135.26647,34.72026],[135.26665,34.72035],[135.26673,34.7202],[135.26684,34.71997],[135.26701,34.71957],[135.26704,34.71951],[135.26714,34.71927],[135.26736,34.71872],[135.26758,34.7182],[135.26777,34.71785],[135.26786,34.71764],[135.26795,34.7174],[135.268,34.71728],[135.26818,34.71681],[135.26694,34.7166],[135.26668,34.71657]]]}},{"type":"Feature","properties":{"name":"住吉東町三丁目","setai":517,"jinko":1205,"key":"28101038003","units":1},"geometry":{"type":"Polygon","coordinates":[[[135.26635,34.71356],[135.26554,34.71328],[135.26546,34.71347],[135.26534,34.71375],[135.26525,34.71395],[135.26512,34.71425],[135.26499,34.71451],[135.26486,34.71477],[135.26483,34.71483],[135.26467,34.71514],[135.26456,34.71534],[135.26454,34.71537],[135.26446,34.71553],[135.26419,34.71606],[135.26455,34.71614],[135.26531,34.71631],[135.26549,34.71635],[135.26597,34.71645],[135.26629,34.71652],[135.26657,34.71591],[135.26671,34.71559],[135.26705,34.71484],[135.26718,34.71436],[135.26727,34.71412],[135.26741,34.71383],[135.26714,34.71378],[135.26683,34.7137],[135.26635,34.71356]]]}},{"type":"Feature","properties":{"name":"住吉東町四丁目","setai":204,"jinko":397,"key":"28101038004","units":1},"geometry":{"type":"Polygon","coordinates":[[[135.26455,34.71614],[135.26419,34.71606],[135.26392,34.71669],[135.26375,34.71712],[135.26361,34.71745],[135.26356,34.71757],[135.26336,34.71807],[135.26322,34.71842],[135.26307,34.71885],[135.26314,34.71888],[135.26384,34.71909],[135.26424,34.71922],[135.26448,34.71932],[135.26473,34.71941],[135.26497,34.71894],[135.26514,34.71865],[135.26547,34.718],[135.2656,34.71776],[135.2659,34.71719],[135.26601,34.71698],[135.26614,34.71677],[135.26629,34.71652],[135.26597,34.71645],[135.26549,34.71635],[135.26531,34.71631],[135.26455,34.71614]]]}},{"type":"Feature","properties":{"name":"住吉東町五丁目","setai":181,"jinko":310,"key":"28101038005","units":1},"geometry":{"type":"Polygon","coordinates":[[[135.26384,34.71909],[135.26314,34.71888],[135.26295,34.71951],[135.26298,34.71952],[135.26326,34.71961],[135.26352,34.71968],[135.26381,34.71979],[135.26421,34.71998],[135.26473,34.72019],[135.26486,34.72025],[135.26497,34.72031],[135.26506,34.72035],[135.26527,34.72048],[135.26546,34.72057],[135.26585,34.72079],[135.26615,34.72097],[135.26616,34.72097],[135.26638,34.7207],[135.26654,34.7205],[135.26665,34.72035],[135.26647,34.72026],[135.26589,34.71996],[135.26576,34.7199],[135.26549,34.71976],[135.26525,34.71965],[135.26518,34.71962],[135.26474,34.71943],[135.26473,34.71941],[135.26448,34.71932],[135.26424,34.71922],[135.26384,34.71909]]]}},{"type":"Feature","properties":{"name":"住吉南町一丁目","setai":271,"jinko":581,"key":"28101039001","units":1},"geometry":{"type":"Polygon","coordinates":[[[135.26558,34.708],[135.26552,34.70762],[135.26459,34.70778],[135.26449,34.7078],[135.26443,34.7076],[135.26412,34.70766],[135.26407,34.70751],[135.26397,34.70753],[135.26386,34.70715],[135.26213,34.70745],[135.2623,34.70822],[135.2624,34.70898],[135.26243,34.70919],[135.26247,34.70936],[135.26251,34.70961],[135.26335,34.70962],[135.26374,34.70963],[135.26398,34.70961],[135.26417,34.70959],[135.26436,34.70958],[135.26455,34.70956],[135.26479,34.70953],[135.26506,34.70951],[135.2658,34.70944],[135.26568,34.7087],[135.26563,34.70834],[135.26562,34.70831],[135.26558,34.708]]]}},{"type":"Feature","properties":{"name":"住吉南町二丁目","setai":302,"jinko":636,"key":"28101039002","units":1},"geometry":{"type":"Polygon","coordinates":[[[135.26582,34.70964],[135.2658,34.70944],[135.26506,34.70951],[135.26479,34.70953],[135.26455,34.70956],[135.26436,34.70958],[135.26417,34.70959],[135.26398,34.70961],[135.26374,34.70963],[135.26335,34.70962],[135.26251,34.70961],[135.26254,34.70997],[135.26259,34.71039],[135.26264,34.71087],[135.26259,34.71108],[135.26257,34.71116],[135.26315,34.71117],[135.26372,34.71119],[135.26494,34.71124],[135.26542,34.71125],[135.2656,34.71124],[135.26597,34.71123],[135.2659,34.71047],[135.26589,34.71042],[135.26586,34.71006],[135.26584,34.70988],[135.26584,34.70986],[135.26582,34.70964],[135.26582,34.70964]]]}},{"type":"Feature","properties":{"name":"住吉南町三丁目","setai":164,"jinko":273,"key":"28101039003","units":1},"geometry":{"type":"Polygon","coordinates":[[[135.26399,34.71196],[135.26409,34.71193],[135.26409,34.712],[135.26424,34.71195],[135.26433,34.71192],[135.26458,34.71187],[135.26473,34.71183],[135.26476,34.71183],[135.26491,34.71181],[135.26501,34.7118],[135.2651,34.7118],[135.26516,34.71179],[135.26524,34.71179],[135.26531,34.71179],[135.26543,34.71179],[135.26554,34.7118],[135.26554,34.71177],[135.26556,34.71177],[135.26559,34.71168],[135.26559,34.71136],[135.2656,34.71124],[135.26542,34.71125],[135.26494,34.71124],[135.26372,34.71119],[135.26315,34.71117],[135.26257,34.71116],[135.26241,34.71176],[135.26211,34.71263],[135.26209,34.71268],[135.26235,34.71259],[135.26287,34.7124],[135.26297,34.71235],[135.26354,34.71214],[135.26362,34.71211],[135.26399,34.71196]]]}},{"type":"Feature","properties":{"name":"住吉南町四丁目","setai":89,"jinko":195,"key":"28101039004","units":1},"geometry":{"type":"Polygon","coordinates":[[[135.2623,34.70822],[135.26213,34.70745],[135.26187,34.7075],[135.2613,34.7076],[135.26083,34.70763],[135.26063,34.70761],[135.26049,34.70763],[135.26046,34.70838],[135.26046,34.70844],[135.26039,34.70921],[135.26035,34.70974],[135.26031,34.71005],[135.26012,34.71117],[135.26132,34.71111],[135.26196,34.71109],[135.26259,34.71108],[135.26264,34.71087],[135.26259,34.71039],[135.26254,34.70997],[135.26251,34.70961],[135.26247,34.70936],[135.26243,34.70919],[135.2624,34.70898],[135.2623,34.70822]]]}},{"type":"Feature","properties":{"name":"住吉南町五丁目","setai":570,"jinko":836,"key":"28101039005","units":1},"geometry":{"type":"Polygon","coordinates":[[[135.26257,34.71116],[135.26259,34.71108],[135.26196,34.71109],[135.26132,34.71111],[135.26012,34.71117],[135.26009,34.71136],[135.25993,34.71175],[135.25989,34.71183],[135.25983,34.71197],[135.25979,34.71205],[135.25967,34.71232],[135.25965,34.71237],[135.25942,34.71289],[135.25916,34.71346],[135.25902,34.71378],[135.25899,34.71386],[135.2597,34.7136],[135.26045,34.71331],[135.26077,34.71317],[135.26143,34.71294],[135.26209,34.71268],[135.26211,34.71263],[135.26241,34.71176],[135.26257,34.71116]]]}},{"type":"Feature","properties":{"name":"住吉宮町一丁目","setai":392,"jinko":628,"key":"28101040001","units":1},"geometry":{"type":"Polygon","coordinates":[[[135.2655,34.71201],[135.26556,34.71177],[135.26554,34.71177],[135.26554,34.7118],[135.26543,34.71179],[135.26531,34.71179],[135.26524,34.71179],[135.26516,34.71179],[135.2651,34.7118],[135.26501,34.7118],[135.26491,34.71181],[135.26476,34.71183],[135.26473,34.71183],[135.26458,34.71187],[135.26433,34.71192],[135.26424,34.71195],[135.26409,34.712],[135.26409,34.71193],[135.26399,34.71196],[135.26362,34.71211],[135.26354,34.71214],[135.26297,34.71235],[135.26287,34.7124],[135.26235,34.71259],[135.26209,34.71268],[135.26202,34.71288],[135.26197,34.71302],[135.26191,34.7132],[135.26262,34.71345],[135.26296,34.71356],[135.26346,34.71374],[135.26359,34.71379],[135.26401,34.71395],[135.26484,34.71417],[135.26512,34.71425],[135.26525,34.71395],[135.26534,34.71375],[135.26546,34.71347],[135.26554,34.71328],[135.26508,34.71312],[135.26526,34.71264],[135.2655,34.71203],[135.2655,34.71201]]]}},{"type":"Feature","properties":{"name":"住吉宮町二丁目","setai":681,"jinko":1302,"key":"28101040002","units":1},"geometry":{"type":"Polygon","coordinates":[[[135.26262,34.71345],[135.26191,34.7132],[135.26185,34.71341],[135.26179,34.71359],[135.26175,34.7137],[135.26165,34.71401],[135.26158,34.71422],[135.26143,34.71469],[135.26132,34.71503],[135.26124,34.71522],[135.26175,34.71536],[135.2621,34.71547],[135.26319,34.71578],[135.26355,34.71588],[135.26419,34.71606],[135.26446,34.71553],[135.26454,34.71537],[135.26456,34.71534],[135.26467,34.71514],[135.26483,34.71483],[135.26486,34.71477],[135.26499,34.71451],[135.26512,34.71425],[135.26484,34.71417],[135.26401,34.71395],[135.26359,34.71379],[135.26346,34.71374],[135.26296,34.71356],[135.26262,34.71345]]]}},{"type":"Feature","properties":{"name":"住吉宮町三丁目","setai":747,"jinko":1415,"key":"28101040003","units":1},"geometry":{"type":"Polygon","coordinates":[[[135.26175,34.71536],[135.26124,34.71522],[135.26105,34.71576],[135.26098,34.71596],[135.26086,34.71629],[135.26071,34.71669],[135.26053,34.71718],[135.26042,34.71756],[135.26035,34.71778],[135.26026,34.7181],[135.26051,34.71814],[135.26093,34.71824],[135.26106,34.71827],[135.26141,34.71836],[135.2617,34.71845],[135.26201,34.71854],[135.26234,34.71863],[135.26283,34.71878],[135.26307,34.71885],[135.26322,34.71842],[135.26336,34.71807],[135.26356,34.71757],[135.26361,34.71745],[135.26375,34.71712],[135.26392,34.71669],[135.26419,34.71606],[135.26355,34.71588],[135.26319,34.71578],[135.2621,34.71547],[135.26175,34.71536]]]}},{"type":"Feature","properties":{"name":"住吉宮町四丁目","setai":391,"jinko":714,"key":"28101040004","units":1},"geometry":{"type":"Polygon","coordinates":[[[135.26295,34.71951],[135.26314,34.71888],[135.26307,34.71885],[135.26283,34.71878],[135.26234,34.71863],[135.26201,34.71854],[135.2617,34.71845],[135.26141,34.71836],[135.26106,34.71827],[135.26093,34.71824],[135.26051,34.71814],[135.26065,34.71902],[135.26086,34.71905],[135.26097,34.71906],[135.26118,34.7191],[135.2613,34.71912],[135.26138,34.71911],[135.26141,34.71922],[135.26173,34.7193],[135.26286,34.71958],[135.26295,34.7196],[135.26298,34.71952],[135.26295,34.71951]]]}},{"type":"Feature","properties":{"name":"住吉宮町五丁目","setai":518,"jinko":925,"key":"28101040005","units":1},"geometry":{"type":"Polygon","coordinates":[[[135.26202,34.71288],[135.26209,34.71268],[135.26143,34.71294],[135.26077,34.71317],[135.26045,34.71331],[135.2597,34.7136],[135.25899,34.71386],[135.25896,34.7139],[135.25893,34.714],[135.25869,34.71451],[135.25924,34.71468],[135.25932,34.71469],[135.25983,34.71483],[135.26045,34.71501],[135.2606,34.71504],[135.26124,34.71522],[135.26132,34.71503],[135.26143,34.71469],[135.26158,34.71422],[135.26165,34.71401],[135.26175,34.7137],[135.26179,34.71359],[135.26185,34.71341],[135.26191,34.7132],[135.26197,34.71302],[135.26202,34.71288]]]}},{"type":"Feature","properties":{"name":"住吉宮町六丁目","setai":918,"jinko":1631,"key":"28101040006","units":1},"geometry":{"type":"Polygon","coordinates":[[[135.25924,34.71468],[135.25869,34.71451],[135.25851,34.71491],[135.25833,34.71529],[135.25825,34.71546],[135.25804,34.7159],[135.25793,34.71613],[135.25792,34.71616],[135.25778,34.71644],[135.25774,34.71651],[135.25759,34.71682],[135.25752,34.71698],[135.25737,34.71729],[135.25722,34.7176],[135.25789,34.71767],[135.25855,34.71773],[135.25927,34.71788],[135.25968,34.71797],[135.25974,34.71798],[135.26026,34.7181],[135.26035,34.71778],[135.26042,34.71756],[135.26053,34.71718],[135.26071,34.71669],[135.26086,34.71629],[135.26098,34.71596],[135.26105,34.71576],[135.26124,34.71522],[135.2606,34.71504],[135.26045,34.71501],[135.25983,34.71483],[135.25932,34.71469],[135.25924,34.71468]]]}},{"type":"Feature","properties":{"name":"住吉宮町七丁目","setai":473,"jinko":781,"key":"28101040007","units":1},"geometry":{"type":"Polygon","coordinates":[[[135.26065,34.71902],[135.26051,34.71814],[135.26026,34.7181],[135.25974,34.71798],[135.25968,34.71797],[135.25927,34.71788],[135.25855,34.71773],[135.25789,34.71767],[135.25722,34.7176],[135.25714,34.71801],[135.2571,34.71818],[135.25708,34.71829],[135.257,34.71863],[135.257,34.71863],[135.25698,34.71874],[135.25695,34.71899],[135.25713,34.71897],[135.25754,34.71894],[135.25767,34.71893],[135.25823,34.71888],[135.25887,34.71885],[135.25916,34.71884],[135.25944,34.71887],[135.26043,34.719],[135.26065,34.71902]]]}},{"type":"Feature","properties":{"name":"住吉山手一丁目","setai":336,"jinko":701,"key":"28101041001","units":1},"geometry":{"type":"Polygon","coordinates":[[[135.26106,34.72756],[135.26118,34.7272],[135.26134,34.72681],[135.26145,34.72661],[135.26153,34.7265],[135.26166,34.72631],[135.26183,34.72609],[135.26211,34.72575],[135.26225,34.72559],[135.26214,34.72556],[135.26161,34.72542],[135.26105,34.72528],[135.26095,34.72524],[135.26064,34.72516],[135.26037,34.7251],[135.26013,34.72505],[135.25997,34.72502],[135.25982,34.72499],[135.25963,34.72496],[135.25921,34.72491],[135.25886,34.72489],[135.25838,34.72488],[135.25815,34.72489],[135.25814,34.72518],[135.25818,34.72579],[135.25819,34.72633],[135.2582,34.72659],[135.2582,34.72676],[135.2582,34.72701],[135.25844,34.72696],[135.25861,34.7269],[135.25878,34.72681],[135.25885,34.72696],[135.25904,34.72722],[135.25917,34.72743],[135.25929,34.72756],[135.25943,34.72763],[135.25972,34.72769],[135.25976,34.72766],[135.25995,34.72755],[135.26001,34.72751],[135.26019,34.72749],[135.26012,34.72767],[135.26072,34.72781],[135.26098,34.72787],[135.26106,34.72756]]]}},{"type":"Feature","properties":{"name":"住吉山手二丁目","setai":456,"jinko":934,"key":"28101041002","units":1},"geometry":{"type":"Polygon","coordinates":[[[135.25818,34.72579],[135.25814,34.72518],[135.25815,34.72489],[135.25784,34.72491],[135.25766,34.72493],[135.25757,34.72494],[135.2572,34.72499],[135.25668,34.72506],[135.25645,34.72508],[135.25642,34.72521],[135.25638,34.72543],[135.25622,34.72545],[135.25608,34.72549],[135.2558,34.72559],[135.2556,34.72562],[135.25537,34.72562],[135.25525,34.72558],[135.25508,34.72558],[135.25496,34.7257],[135.25467,34.72597],[135.25459,34.72603],[135.25451,34.72609],[135.25429,34.72624],[135.25408,34.72637],[135.25397,34.72642],[135.25405,34.72657],[135.25417,34.72683],[135.25417,34.7269],[135.25473,34.72702],[135.25487,34.72705],[135.25498,34.72707],[135.25527,34.72714],[135.25567,34.72729],[135.25566,34.72733],[135.25609,34.72726],[135.25668,34.72719],[135.25691,34.72717],[135.25715,34.72714],[135.25727,34.72711],[135.25769,34.72703],[135.2579,34.72702],[135.2582,34.72701],[135.2582,34.72676],[135.2582,34.72659],[135.25819,34.72633],[135.25818,34.72579]]]}},{"type":"Feature","properties":{"name":"住吉山手三丁目","setai":213,"jinko":466,"key":"28101041003","units":1},"geometry":{"type":"Polygon","coordinates":[[[135.25821,34.73029],[135.25826,34.73018],[135.25881,34.73029],[135.25894,34.73005],[135.25913,34.72985],[135.25918,34.72981],[135.25969,34.72951],[135.25975,34.72948],[135.26019,34.72923],[135.26053,34.72897],[135.26065,34.72884],[135.26072,34.72872],[135.26077,34.72856],[135.26088,34.72836],[135.26093,34.7282],[135.26095,34.72807],[135.26098,34.72787],[135.26072,34.72781],[135.26012,34.72767],[135.26019,34.72749],[135.26001,34.72751],[135.25995,34.72755],[135.25976,34.72766],[135.25972,34.72769],[135.25943,34.72763],[135.25929,34.72756],[135.25917,34.72743],[135.25904,34.72722],[135.25885,34.72696],[135.25878,34.72681],[135.25861,34.7269],[135.25844,34.72696],[135.2582,34.72701],[135.25817,34.72721],[135.25819,34.72735],[135.25808,34.72737],[135.25795,34.72749],[135.25789,34.7276],[135.25781,34.72799],[135.25778,34.72823],[135.25773,34.72858],[135.25773,34.72861],[135.25769,34.72865],[135.25782,34.72895],[135.25792,34.72921],[135.25794,34.72937],[135.25796,34.72965],[135.25794,34.72981],[135.25805,34.73038],[135.25821,34.73029]]]}},{"type":"Feature","properties":{"name":"住吉山手四丁目","setai":455,"jinko":1003,"key":"28101041004","units":1},"geometry":{"type":"Polygon","coordinates":[[[135.25382,34.72943],[135.25382,34.72928],[135.25421,34.72929],[135.2543,34.72944],[135.25436,34.72958],[135.25471,34.72943],[135.25488,34.72938],[135.25519,34.72932],[135.25529,34.72927],[135.25548,34.72918],[135.25562,34.72912],[135.25593,34.72905],[135.25693,34.72882],[135.25764,34.72867],[135.25769,34.72865],[135.25773,34.72861],[135.25773,34.72858],[135.25778,34.72823],[135.25781,34.72799],[135.25789,34.7276],[135.25795,34.72749],[135.25808,34.72737],[135.25819,34.72735],[135.25817,34.72721],[135.2582,34.72701],[135.2579,34.72702],[135.25769,34.72703],[135.25727,34.72711],[135.25715,34.72714],[135.25691,34.72717],[135.25668,34.72719],[135.25609,34.72726],[135.25566,34.72733],[135.25567,34.72729],[135.25527,34.72714],[135.25498,34.72707],[135.25487,34.72705],[135.25473,34.72702],[135.25417,34.7269],[135.25417,34.72683],[135.25405,34.72657],[135.25397,34.72642],[135.25367,34.72633],[135.25354,34.72633],[135.25341,34.72635],[135.25328,34.72638],[135.25319,34.72643],[135.25312,34.72649],[135.25304,34.72659],[135.25302,34.72659],[135.25253,34.72649],[135.25251,34.7266],[135.25242,34.72674],[135.2523,34.72686],[135.2525,34.72725],[135.25259,34.72741],[135.25283,34.72812],[135.25283,34.72819],[135.25276,34.72834],[135.25278,34.72843],[135.25285,34.72852],[135.25281,34.72862],[135.25277,34.72864],[135.25271,34.72867],[135.25257,34.72875],[135.25252,34.72881],[135.2524,34.72927],[135.25245,34.72933],[135.25247,34.72991],[135.2526,34.73016],[135.25263,34.73019],[135.25268,34.73023],[135.25273,34.73026],[135.25288,34.73031],[135.25297,34.73031],[135.25322,34.73029],[135.25342,34.73025],[135.25357,34.73019],[135.25374,34.73011],[135.25395,34.72996],[135.25399,34.72981],[135.25396,34.72972],[135.25382,34.72943]]]}},{"type":"Feature","properties":{"name":"住吉山手五丁目","setai":224,"jinko":514,"key":"28101041005","units":1},"geometry":{"type":"Polygon","coordinates":[[[135.25692,34.73028],[135.25696,34.73026],[135.25703,34.73027],[135.25732,34.73044],[135.25742,34.73046],[135.25772,34.73045],[135.25805,34.73038],[135.25794,34.72981],[135.25796,34.72965],[135.25794,34.72937],[135.25792,34.72921],[135.25782,34.72895],[135.25769,34.72865],[135.25764,34.72867],[135.25693,34.72882],[135.25593,34.72905],[135.25562,34.72912],[135.25548,34.72918],[135.25529,34.72927],[135.25519,34.72932],[135.25488,34.72938],[135.25471,34.72943],[135.25436,34.72958],[135.2543,34.72944],[135.25421,34.72929],[135.25382,34.72928],[135.25382,34.72943],[135.25396,34.72972],[135.25399,34.72981],[135.25395,34.72996],[135.25374,34.73011],[135.25357,34.73019],[135.25342,34.73025],[135.25322,34.73029],[135.25297,34.73031],[135.25296,34.73046],[135.25296,34.73048],[135.25283,34.73071],[135.25267,34.73085],[135.25262,34.731],[135.25268,34.73127],[135.25281,34.73162],[135.25297,34.73201],[135.25307,34.73218],[135.25322,34.73223],[135.25414,34.73237],[135.25506,34.73247],[135.25521,34.73251],[135.25532,34.73263],[135.25539,34.7329],[135.25544,34.73311],[135.25546,34.73317],[135.25549,34.73328],[135.25554,34.73346],[135.2558,34.73329],[135.25597,34.73309],[135.25628,34.73263],[135.25635,34.73251],[135.25645,34.73231],[135.25658,34.73144],[135.25659,34.73124],[135.25659,34.73123],[135.25668,34.73098],[135.25674,34.73088],[135.25674,34.73087],[135.25677,34.73076],[135.25677,34.73066],[135.25675,34.73059],[135.25694,34.73043],[135.25692,34.73028]]]}},{"type":"Feature","properties":{"name":"住吉山手六丁目","setai":86,"jinko":174,"key":"28101041006","units":1},"geometry":{"type":"Polygon","coordinates":[[[135.25763,34.73296],[135.2578,34.73293],[135.258,34.73293],[135.25824,34.73295],[135.25833,34.73294],[135.25851,34.73292],[135.25869,34.73287],[135.25882,34.73278],[135.25895,34.73271],[135.25915,34.73263],[135.25941,34.73272],[135.25945,34.73274],[135.25965,34.73271],[135.25968,34.7327],[135.25959,34.73257],[135.25944,34.73248],[135.25925,34.73237],[135.25904,34.73226],[135.25898,34.73223],[135.25887,34.73216],[135.25881,34.7318],[135.25881,34.73174],[135.2588,34.73125],[135.25877,34.73046],[135.25881,34.73029],[135.25826,34.73018],[135.25821,34.73029],[135.25805,34.73038],[135.25772,34.73045],[135.25742,34.73046],[135.25732,34.73044],[135.25703,34.73027],[135.25696,34.73026],[135.25692,34.73028],[135.25694,34.73043],[135.25675,34.73059],[135.25677,34.73066],[135.25677,34.73076],[135.25674,34.73087],[135.25674,34.73088],[135.25668,34.73098],[135.25659,34.73123],[135.25659,34.73124],[135.25658,34.73144],[135.25645,34.73231],[135.25635,34.73251],[135.25628,34.73263],[135.25597,34.73309],[135.2558,34.73329],[135.25554,34.73346],[135.25556,34.73351],[135.25565,34.73372],[135.25569,34.7339],[135.25567,34.73407],[135.25559,34.73423],[135.25566,34.7343],[135.25556,34.73475],[135.25549,34.73483],[135.25531,34.7349],[135.25504,34.73499],[135.25485,34.73507],[135.2547,34.73528],[135.25458,34.7354],[135.25458,34.73547],[135.25465,34.73575],[135.25474,34.73587],[135.25505,34.73579],[135.25524,34.73575],[135.25528,34.73569],[135.2554,34.73561],[135.2556,34.73552],[135.25581,34.73544],[135.25597,34.7354],[135.2563,34.73533],[135.25644,34.73529],[135.25655,34.73524],[135.25707,34.73482],[135.25719,34.7347],[135.2572,34.73465],[135.25723,34.73426],[135.25725,34.73393],[135.25726,34.73392],[135.25726,34.73363],[135.25727,34.7334],[135.2573,34.73322],[135.25741,34.73311],[135.25754,34.73301],[135.25763,34.73296]]]}},{"type":"Feature","properties":{"name":"住吉山手七丁目","setai":648,"jinko":1429,"key":"28101041007","units":1},"geometry":{"type":"Polygon","coordinates":[[[135.25307,34.73218],[135.25297,34.73201],[135.25292,34.73204],[135.25279,34.73213],[135.25273,34.73225],[135.25261,34.73232],[135.25254,34.73239],[135.25245,34.73242],[135.25241,34.73249],[135.25227,34.73266],[135.25234,34.73272],[135.25214,34.73309],[135.25191,34.73364],[135.25206,34.7337],[135.25207,34.73374],[135.25186,34.73403],[135.25216,34.73434],[135.25217,34.7344],[135.25217,34.73454],[135.25213,34.73463],[135.25205,34.73476],[135.25183,34.73493],[135.25171,34.7351],[135.2517,34.73523],[135.25174,34.73551],[135.25175,34.73564],[135.25169,34.73579],[135.25174,34.73592],[135.25185,34.73596],[135.25202,34.73597],[135.25226,34.73576],[135.2524,34.73567],[135.25249,34.73559],[135.25262,34.73551],[135.25294,34.7354],[135.25315,34.73537],[135.25338,34.7353],[135.25375,34.73522],[135.25426,34.73513],[135.25445,34.73507],[135.25453,34.73504],[135.25491,34.73482],[135.25509,34.73479],[135.2552,34.73472],[135.25535,34.73456],[135.25559,34.73423],[135.25567,34.73407],[135.25569,34.7339],[135.25565,34.73372],[135.25556,34.73351],[135.25554,34.73346],[135.25549,34.73328],[135.25546,34.73317],[135.25544,34.73311],[135.25539,34.7329],[135.25532,34.73263],[135.25521,34.73251],[135.25506,34.73247],[135.25414,34.73237],[135.25322,34.73223],[135.25307,34.73218]]]}},{"type":"Feature","properties":{"name":"住吉山手八丁目","setai":324,"jinko":734,"key":"28101041008","units":1},"geometry":{"type":"Polygon","coordinates":[[[135.25524,34.73601],[135.25524,34.73585],[135.25524,34.73575],[135.25505,34.73579],[135.25474,34.73587],[135.25465,34.73575],[135.25458,34.73547],[135.25458,34.7354],[135.2547,34.73528],[135.25485,34.73507],[135.25504,34.73499],[135.25531,34.7349],[135.25549,34.73483],[135.25556,34.73475],[135.25566,34.7343],[135.25559,34.73423],[135.25535,34.73456],[135.2552,34.73472],[135.25509,34.73479],[135.25491,34.73482],[135.25453,34.73504],[135.25445,34.73507],[135.25426,34.73513],[135.25375,34.73522],[135.25338,34.7353],[135.25315,34.73537],[135.25294,34.7354],[135.25262,34.73551],[135.25249,34.73559],[135.2524,34.73567],[135.25226,34.73576],[135.25202,34.73597],[135.25185,34.73596],[135.25174,34.73592],[135.25169,34.73579],[135.25175,34.73564],[135.25174,34.73551],[135.2517,34.73523],[135.25171,34.7351],[135.25183,34.73493],[135.25205,34.73476],[135.25213,34.73463],[135.25184,34.73476],[135.25168,34.73482],[135.25163,34.73484],[135.25149,34.73507],[135.25135,34.73532],[135.25132,34.73542],[135.25126,34.73563],[135.25123,34.73574],[135.25113,34.73596],[135.25103,34.73609],[135.25089,34.73637],[135.25083,34.73644],[135.25113,34.73677],[135.25154,34.73723],[135.25172,34.73745],[135.25181,34.73754],[135.25201,34.73772],[135.25237,34.73804],[135.25243,34.73809],[135.2525,34.7382],[135.25262,34.73838],[135.25265,34.73856],[135.25264,34.73896],[135.25264,34.73909],[135.2527,34.73921],[135.25296,34.73943],[135.25316,34.73957],[135.25328,34.73965],[135.25336,34.73971],[135.25341,34.7401],[135.25346,34.74013],[135.25357,34.74015],[135.25378,34.74019],[135.25417,34.73971],[135.25445,34.73933],[135.25453,34.73921],[135.25456,34.73907],[135.25454,34.7389],[135.25449,34.73872],[135.25449,34.73856],[135.25466,34.73806],[135.25468,34.73799],[135.2547,34.73782],[135.2547,34.73761],[135.25464,34.73734],[135.25467,34.73719],[135.25477,34.73701],[135.25509,34.73645],[135.25517,34.73625],[135.25524,34.73601]]]}},{"type":"Feature","properties":{"name":"住吉山手九丁目","setai":194,"jinko":471,"key":"28101041009","units":1},"geometry":{"type":"Polygon","coordinates":[[[135.25422,34.74301],[135.25427,34.74278],[135.25423,34.74266],[135.25414,34.74254],[135.25413,34.74251],[135.25407,34.74236],[135.25406,34.74223],[135.25405,34.74214],[135.25408,34.74202],[135.25421,34.74194],[135.25418,34.7418],[135.25421,34.74173],[135.25431,34.74172],[135.25441,34.74172],[135.25447,34.74166],[135.25443,34.74144],[135.25443,34.74115],[135.25438,34.74107],[135.2542,34.74057],[135.25412,34.74049],[135.25393,34.74031],[135.25378,34.74019],[135.25357,34.74015],[135.25346,34.74013],[135.25341,34.7401],[135.25336,34.73971],[135.25328,34.73965],[135.25316,34.73957],[135.25308,34.73963],[135.25286,34.73976],[135.25271,34.73985],[135.25275,34.73993],[135.25269,34.74002],[135.25252,34.74002],[135.25235,34.73997],[135.25216,34.73986],[135.25202,34.73984],[135.25188,34.73986],[135.25173,34.73995],[135.25153,34.74007],[135.25141,34.7402],[135.25137,34.74025],[135.25108,34.74038],[135.25091,34.7404],[135.25082,34.7403],[135.25074,34.74025],[135.25058,34.74012],[135.25044,34.74003],[135.25032,34.74003],[135.25017,34.74009],[135.2501,34.74013],[135.25005,34.74027],[135.24997,34.74037],[135.24974,34.74056],[135.24961,34.74077],[135.24949,34.74087],[135.24952,34.741],[135.24957,34.74117],[135.24953,34.74128],[135.24946,34.74135],[135.24935,34.74151],[135.24938,34.74153],[135.24929,34.74171],[135.24923,34.74196],[135.25051,34.74203],[135.25062,34.74208],[135.2508,34.74214],[135.251,34.74219],[135.25116,34.74226],[135.25124,34.74237],[135.25137,34.74257],[135.25142,34.74267],[135.25145,34.7427],[135.25152,34.74271],[135.25185,34.7427],[135.25194,34.74274],[135.25208,34.74285],[135.25207,34.74303],[135.25209,34.74306],[135.25242,34.74302],[135.25246,34.74302],[135.25252,34.74308],[135.25263,34.74323],[135.25266,34.7434],[135.25268,34.74353],[135.25278,34.74358],[135.25287,34.74348],[135.25297,34.74338],[135.25313,34.74334],[135.25419,34.74314],[135.25422,34.74301]]]}},{"type":"Feature","properties":{"name":"田中町一丁目","setai":1078,"jinko":2056,"key":"28101042001","units":1},"geometry":{"type":"Polygon","coordinates":[[[135.27658,34.7232],[135.27649,34.72318],[135.27626,34.72372],[135.27624,34.72376],[135.27605,34.7242],[135.27584,34.72468],[135.27573,34.72492],[135.27559,34.7252],[135.27537,34.72565],[135.2752,34.72603],[135.27513,34.72617],[135.27641,34.72648],[135.27746,34.72673],[135.27768,34.72629],[135.27787,34.7259],[135.2781,34.72539],[135.27833,34.72489],[135.27843,34.72467],[135.27853,34.72445],[135.27863,34.72423],[135.27877,34.72391],[135.27823,34.72373],[135.27798,34.72366],[135.27758,34.72352],[135.27692,34.72331],[135.27658,34.7232]]]}},{"type":"Feature","properties":{"name":"田中町二丁目","setai":885,"jinko":1647,"key":"28101042002","units":1},"geometry":{"type":"Polygon","coordinates":[[[135.27446,34.72262],[135.27421,34.72255],[135.27404,34.72291],[135.27393,34.72315],[135.27382,34.72339],[135.27376,34.72355],[135.2735,34.72412],[135.27333,34.7245],[135.27312,34.72496],[135.273,34.72524],[135.27372,34.72556],[135.27434,34.72579],[135.2752,34.72603],[135.27537,34.72565],[135.27559,34.7252],[135.27573,34.72492],[135.27584,34.72468],[135.27605,34.7242],[135.27624,34.72376],[135.27626,34.72372],[135.27649,34.72318],[135.27607,34.72305],[135.27552,34.72291],[135.27548,34.7229],[135.27494,34.72275],[135.27491,34.72274],[135.27446,34.72262]]]}},{"type":"Feature","properties":{"name":"田中町三丁目","setai":622,"jinko":1266,"key":"28101042003","units":1},"geometry":{"type":"Polygon","coordinates":[[[135.27261,34.72209],[135.27195,34.72193],[135.27174,34.72245],[135.27158,34.72279],[135.27125,34.72349],[135.2711,34.72382],[135.27099,34.72406],[135.27194,34.72466],[135.27218,34.7248],[135.273,34.72524],[135.27312,34.72496],[135.27333,34.7245],[135.2735,34.72412],[135.27376,34.72355],[135.27382,34.72339],[135.27393,34.72315],[135.27404,34.72291],[135.27421,34.72255],[135.2736,34.72238],[135.27312,34.72224],[135.273,34.7222],[135.27261,34.72209]]]}},{"type":"Feature","properties":{"name":"田中町四丁目","setai":527,"jinko":988,"key":"28101042004","units":1},"geometry":{"type":"Polygon","coordinates":[[[135.26968,34.72131],[135.26966,34.72131],[135.2696,34.72146],[135.26949,34.72168],[135.26942,34.72185],[135.26935,34.72197],[135.2693,34.72209],[135.26917,34.72234],[135.26907,34.72253],[135.26904,34.72265],[135.26899,34.7228],[135.26948,34.72309],[135.26962,34.72317],[135.26984,34.72333],[135.27099,34.72406],[135.2711,34.72382],[135.27125,34.72349],[135.27158,34.72279],[135.27174,34.72245],[135.27195,34.72193],[135.27169,34.72185],[135.27127,34.72174],[135.2711,34.72169],[135.27083,34.72162],[135.27079,34.72161],[135.27066,34.72158],[135.27024,34.72146],[135.2702,34.72145],[135.26968,34.72131]]]}},{"type":"Feature","properties":{"name":"田中町五丁目","setai":511,"jinko":1066,"key":"28101042005","units":1},"geometry":{"type":"Polygon","coordinates":[[[135.2693,34.72209],[135.26935,34.72197],[135.26942,34.72185],[135.26949,34.72168],[135.2696,34.72146],[135.26966,34.72131],[135.26912,34.72117],[135.2685,34.721],[135.26819,34.72091],[135.26792,34.72084],[135.26763,34.72074],[135.26741,34.72067],[135.26721,34.72059],[135.26665,34.72035],[135.26654,34.7205],[135.26638,34.7207],[135.26616,34.72097],[135.26615,34.72097],[135.2661,34.72105],[135.26671,34.72145],[135.26767,34.72205],[135.2677,34.722],[135.26829,34.72237],[135.26899,34.7228],[135.26904,34.72265],[135.26907,34.72253],[135.26917,34.72234],[135.2693,34.72209]]]}},{"type":"Feature","properties":{"name":"西岡本一丁目","setai":820,"jinko":1949,"key":"28101043001","units":1},"geometry":{"type":"Polygon","coordinates":[[[135.26995,34.72557],[135.27004,34.7253],[135.27036,34.72539],[135.27038,34.72534],[135.27058,34.7249],[135.27064,34.72474],[135.27082,34.7243],[135.27087,34.72434],[135.27099,34.72406],[135.26984,34.72333],[135.26962,34.72317],[135.26948,34.72309],[135.26899,34.7228],[135.26829,34.72237],[135.2677,34.722],[135.26767,34.72205],[135.26759,34.72226],[135.26738,34.72273],[135.26725,34.72299],[135.2671,34.72329],[135.26708,34.72331],[135.26697,34.72355],[135.26689,34.72378],[135.26684,34.72389],[135.26662,34.72428],[135.26646,34.72452],[135.26636,34.7247],[135.26626,34.72488],[135.26639,34.72489],[135.26674,34.72491],[135.26718,34.72505],[135.26786,34.72527],[135.26895,34.72557],[135.26965,34.72574],[135.27016,34.72586],[135.27025,34.72564],[135.26995,34.72557]]]}},{"type":"Feature","properties":{"name":"西岡本二丁目","setai":684,"jinko":1767,"key":"28101043002","units":1},"geometry":{"type":"Polygon","coordinates":[[[135.26671,34.72145],[135.2661,34.72105],[135.26591,34.72125],[135.26559,34.72161],[135.2654,34.72179],[135.26511,34.72209],[135.26455,34.72269],[135.26437,34.7229],[135.26414,34.72318],[135.26382,34.72357],[135.2637,34.72373],[135.26349,34.72401],[135.26412,34.72436],[135.26474,34.72471],[135.26491,34.72477],[135.26502,34.72479],[135.2653,34.72484],[135.26555,34.72486],[135.26626,34.72488],[135.26636,34.7247],[135.26646,34.72452],[135.26662,34.72428],[135.26684,34.72389],[135.26689,34.72378],[135.26697,34.72355],[135.26708,34.72331],[135.2671,34.72329],[135.26725,34.72299],[135.26738,34.72273],[135.26759,34.72226],[135.26767,34.72205],[135.26671,34.72145]]]}},{"type":"Feature","properties":{"name":"西岡本三丁目","setai":581,"jinko":1459,"key":"28101043003","units":1},"geometry":{"type":"Polygon","coordinates":[[[135.26763,34.72589],[135.26769,34.72572],[135.26794,34.72575],[135.26884,34.72588],[135.26895,34.72557],[135.26786,34.72527],[135.26718,34.72505],[135.26674,34.72491],[135.26639,34.72489],[135.26626,34.72488],[135.26555,34.72486],[135.2653,34.72484],[135.26502,34.72479],[135.26491,34.72477],[135.26474,34.72471],[135.26412,34.72436],[135.26349,34.72401],[135.26303,34.72459],[135.2628,34.72489],[135.26264,34.7251],[135.26255,34.72521],[135.26225,34.72559],[135.26259,34.72566],[135.26298,34.72576],[135.26345,34.72587],[135.26387,34.72599],[135.26399,34.72603],[135.26493,34.72631],[135.26564,34.72652],[135.2659,34.72661],[135.26638,34.72676],[135.26713,34.72698],[135.26714,34.72695],[135.26727,34.7267],[135.26739,34.72646],[135.2675,34.72618],[135.26763,34.72589]]]}},{"type":"Feature","properties":{"name":"西岡本四丁目","setai":349,"jinko":872,"key":"28101043004","units":1},"geometry":{"type":"Polygon","coordinates":[[[135.2666,34.72809],[135.2668,34.72764],[135.26713,34.72698],[135.26638,34.72676],[135.2659,34.72661],[135.26564,34.72652],[135.26493,34.72631],[135.26399,34.72603],[135.26387,34.72599],[135.26345,34.72587],[135.26298,34.72576],[135.26259,34.72566],[135.26225,34.72559],[135.26211,34.72575],[135.26183,34.72609],[135.26166,34.72631],[135.26153,34.7265],[135.26145,34.72661],[135.26134,34.72681],[135.26207,34.72727],[135.2625,34.72757],[135.26275,34.72773],[135.26311,34.72789],[135.26348,34.72798],[135.2636,34.72799],[135.2637,34.728],[135.26376,34.728],[135.26479,34.72806],[135.26511,34.72808],[135.26529,34.72811],[135.26555,34.72817],[135.26577,34.72825],[135.26646,34.72848],[135.2666,34.72809]]]}},{"type":"Feature","properties":{"name":"西岡本五丁目","setai":312,"jinko":695,"key":"28101043005","units":1},"geometry":{"type":"Polygon","coordinates":[[[135.26394,34.72971],[135.26514,34.72968],[135.2652,34.72968],[135.26525,34.72968],[135.26556,34.72882],[135.26567,34.72852],[135.26577,34.72825],[135.26555,34.72817],[135.26529,34.72811],[135.26511,34.72808],[135.26479,34.72806],[135.26376,34.728],[135.2637,34.728],[135.2636,34.72799],[135.26348,34.72798],[135.26311,34.72789],[135.26275,34.72773],[135.2625,34.72757],[135.26207,34.72727],[135.26134,34.72681],[135.26118,34.7272],[135.26106,34.72756],[135.26098,34.72787],[135.26095,34.72807],[135.26093,34.7282],[135.26118,34.72831],[135.26149,34.72843],[135.26176,34.72855],[135.26199,34.72867],[135.26223,34.72886],[135.26255,34.72915],[135.2627,34.72926],[135.26291,34.7294],[135.26307,34.72947],[135.26344,34.7296],[135.26373,34.72967],[135.26394,34.72971]]]}},{"type":"Feature","properties":{"name":"西岡本六丁目","setai":383,"jinko":940,"key":"28101043006","units":1},"geometry":{"type":"Polygon","coordinates":[[[135.26335,34.73117],[135.26332,34.73077],[135.26343,34.73079],[135.264,34.73085],[135.26417,34.73073],[135.26419,34.73073],[135.26436,34.73067],[135.26453,34.73063],[135.26463,34.73057],[135.26428,34.73056],[135.26445,34.7303],[135.26459,34.73031],[135.26499,34.73028],[135.2652,34.72968],[135.26514,34.72968],[135.26394,34.72971],[135.26373,34.72967],[135.26344,34.7296],[135.26307,34.72947],[135.26291,34.7294],[135.2627,34.72926],[135.26255,34.72915],[135.26223,34.72886],[135.26199,34.72867],[135.26176,34.72855],[135.26149,34.72843],[135.26118,34.72831],[135.26093,34.7282],[135.26088,34.72836],[135.26077,34.72856],[135.26072,34.72872],[135.26065,34.72884],[135.26053,34.72897],[135.26019,34.72923],[135.25975,34.72948],[135.25969,34.72951],[135.25918,34.72981],[135.25913,34.72985],[135.25894,34.73005],[135.25959,34.73012],[135.26036,34.73022],[135.26057,34.73033],[135.26087,34.73047],[135.26138,34.73065],[135.26165,34.73074],[135.26191,34.73083],[135.26196,34.73087],[135.26255,34.73108],[135.26301,34.73109],[135.26328,34.73116],[135.26335,34.73117]]]}},{"type":"Feature","properties":{"name":"西岡本七丁目","setai":254,"jinko":650,"key":"28101043007","units":1},"geometry":{"type":"Polygon","coordinates":[[[135.26051,34.7332],[135.2607,34.73309],[135.26094,34.73311],[135.26123,34.73313],[135.26148,34.73292],[135.26171,34.73294],[135.26184,34.7329],[135.26193,34.73286],[135.26251,34.73283],[135.26257,34.73278],[135.26271,34.73271],[135.26283,34.7325],[135.2629,34.7324],[135.26301,34.73233],[135.26317,34.73228],[135.26324,34.73228],[135.26329,34.73227],[135.26339,34.73211],[135.26338,34.73202],[135.26338,34.73202],[135.26373,34.73204],[135.26387,34.73192],[135.26388,34.73192],[135.26398,34.73185],[135.26401,34.7318],[135.26443,34.73157],[135.26454,34.73142],[135.2645,34.7313],[135.26417,34.73073],[135.264,34.73085],[135.26343,34.73079],[135.26332,34.73077],[135.26335,34.73117],[135.26328,34.73116],[135.26301,34.73109],[135.26255,34.73108],[135.26196,34.73087],[135.26191,34.73083],[135.26165,34.73074],[135.26138,34.73065],[135.26087,34.73047],[135.26057,34.73033],[135.26036,34.73022],[135.25959,34.73012],[135.25894,34.73005],[135.25881,34.73029],[135.25877,34.73046],[135.2588,34.73125],[135.25881,34.73174],[135.25881,34.7318],[135.25887,34.73216],[135.25898,34.73223],[135.25904,34.73226],[135.25925,34.73237],[135.25944,34.73248],[135.25999,34.73221],[135.26011,34.73242],[135.26024,34.73263],[135.26021,34.73277],[135.26031,34.7333],[135.26051,34.7332]]]}},{"type":"Feature","properties":{"name":"深江北町一丁目","setai":934,"jinko":2051,"key":"28101044001","units":1},"geometry":{"type":"Polygon","coordinates":[[[135.30024,34.72752],[135.3006,34.72693],[135.3007,34.72668],[135.30075,34.72657],[135.30076,34.72655],[135.30037,34.72638],[135.29948,34.72601],[135.29828,34.7255],[135.29773,34.72527],[135.29737,34.72512],[135.29732,34.72525],[135.29716,34.72563],[135.29695,34.7261],[135.29674,34.72655],[135.29659,34.72693],[135.29642,34.72732],[135.29662,34.72738],[135.29696,34.72745],[135.29733,34.72755],[135.29751,34.72761],[135.29752,34.72761],[135.29841,34.72794],[135.2985,34.72774],[135.29858,34.72753],[135.29882,34.72761],[135.29865,34.72803],[135.29902,34.72814],[135.2991,34.72817],[135.29925,34.72825],[135.29926,34.72826],[135.29952,34.7285],[135.29958,34.72859],[135.29963,34.72861],[135.29973,34.72864],[135.30003,34.72796],[135.30022,34.72758],[135.30024,34.72752]]]}},{"type":"Feature","properties":{"name":"深江北町二丁目","setai":606,"jinko":1156,"key":"28101044002","units":1},"geometry":{"type":"Polygon","coordinates":[[[135.29483,34.72402],[135.29434,34.7238],[135.29428,34.72394],[135.29411,34.72428],[135.29392,34.72469],[135.29362,34.72531],[135.29331,34.72592],[135.29378,34.72607],[135.29441,34.72625],[135.29486,34.72639],[135.29493,34.72641],[135.29538,34.72655],[135.29603,34.72676],[135.29659,34.72693],[135.29674,34.72655],[135.29695,34.7261],[135.29716,34.72563],[135.29732,34.72525],[135.29737,34.72512],[135.29693,34.72493],[135.29626,34.72464],[135.2954,34.72427],[135.29483,34.72402]]]}},{"type":"Feature","properties":{"name":"深江北町三丁目","setai":760,"jinko":1495,"key":"28101044003","units":1},"geometry":{"type":"Polygon","coordinates":[[[135.29309,34.72325],[135.29203,34.7228],[135.29197,34.72299],[135.29187,34.7233],[135.29186,34.72333],[135.29179,34.72351],[135.29164,34.72384],[135.29128,34.72457],[135.29107,34.72501],[135.29097,34.72522],[135.2914,34.72536],[135.29143,34.72536],[135.29182,34.72548],[135.29197,34.72552],[135.29222,34.7256],[135.29281,34.72576],[135.29301,34.72582],[135.29331,34.72592],[135.29362,34.72531],[135.29392,34.72469],[135.29411,34.72428],[135.29428,34.72394],[135.29434,34.7238],[135.29423,34.72375],[135.29379,34.72356],[135.29309,34.72325]]]}},{"type":"Feature","properties":{"name":"深江北町四丁目","setai":591,"jinko":1285,"key":"28101044004","units":1},"geometry":{"type":"Polygon","coordinates":[[[135.29184,34.72263],[135.29169,34.72259],[135.29166,34.72263],[135.2916,34.7226],[135.29107,34.72239],[135.2905,34.72214],[135.29031,34.72207],[135.29003,34.72195],[135.28999,34.72205],[135.28997,34.72209],[135.28976,34.72254],[135.28976,34.72256],[135.28949,34.72312],[135.28912,34.72387],[135.28903,34.72408],[135.2888,34.72456],[135.28889,34.72458],[135.28979,34.72485],[135.29097,34.72522],[135.29107,34.72501],[135.29128,34.72457],[135.29164,34.72384],[135.29179,34.72351],[135.29186,34.72333],[135.29187,34.7233],[135.29197,34.72299],[135.29203,34.7228],[135.29207,34.7227],[135.29184,34.72263]]]}},{"type":"Feature","properties":{"name":"深江北町五丁目","setai":205,"jinko":375,"key":"28101044005","units":1},"geometry":{"type":"Polygon","coordinates":[[[135.28885,34.72144],[135.28769,34.72095],[135.28766,34.721],[135.28763,34.72109],[135.28742,34.72162],[135.28739,34.72168],[135.28731,34.72189],[135.28712,34.72232],[135.28715,34.72234],[135.28731,34.7224],[135.28771,34.72254],[135.28832,34.72274],[135.2889,34.72293],[135.28914,34.72301],[135.28949,34.72312],[135.28976,34.72256],[135.28976,34.72254],[135.28997,34.72209],[135.28999,34.72205],[135.29003,34.72195],[135.2897,34.72181],[135.28958,34.72176],[135.28885,34.72144]]]}},{"type":"Feature","properties":{"name":"深江浜町","setai":393,"jinko":625,"key":"281010450","units":1},"geometry":{"type":"Polygon","coordinates":[[[135.29429,34.71908],[135.29461,34.71854],[135.29686,34.71855],[135.29686,34.71855],[135.29839,34.71752],[135.30321,34.71681],[135.30341,34.7147],[135.30364,34.71217],[135.30387,34.71221],[135.30395,34.71195],[135.30368,34.71189],[135.30378,34.71078],[135.30397,34.70824],[135.30424,34.70594],[135.30403,34.70573],[135.29699,34.70497],[135.29708,34.70449],[135.2967,34.70444],[135.29596,34.70433],[135.29469,34.70423],[135.29462,34.70471],[135.29367,34.70461],[135.29341,34.70477],[135.29261,34.70997],[135.29258,34.71022],[135.29228,34.71206],[135.293,34.71376],[135.2934,34.71474],[135.2935,34.71478],[135.29523,34.71547],[135.29394,34.71765],[135.29384,34.71829],[135.29426,34.71847],[135.29397,34.71895],[135.29429,34.71908]]]}},{"type":"Feature","properties":{"name":"深江本町一丁目","setai":762,"jinko":1292,"key":"28101046001","units":1},"geometry":{"type":"Polygon","coordinates":[[[135.29853,34.72373],[135.29805,34.72354],[135.29792,34.72387],[135.29774,34.72428],[135.29757,34.72469],[135.29737,34.72512],[135.29773,34.72527],[135.29828,34.7255],[135.29948,34.72601],[135.30037,34.72638],[135.30076,34.72655],[135.30076,34.72647],[135.30087,34.72626],[135.30093,34.72611],[135.30111,34.72578],[135.30144,34.72513],[135.30149,34.72504],[135.30154,34.72495],[135.3012,34.72482],[135.30091,34.72471],[135.30044,34.72452],[135.3001,34.72438],[135.29966,34.7242],[135.29907,34.72396],[135.29904,34.72395],[135.29853,34.72373]]]}},{"type":"Feature","properties":{"name":"深江本町二丁目","setai":539,"jinko":1089,"key":"28101046002","units":1},"geometry":{"type":"Polygon","coordinates":[[[135.29577,34.72261],[135.29511,34.72234],[135.29505,34.72245],[135.29479,34.72289],[135.29462,34.72315],[135.29448,34.72338],[135.29441,34.7235],[135.29438,34.7236],[135.29434,34.7238],[135.29483,34.72402],[135.2954,34.72427],[135.29626,34.72464],[135.29693,34.72493],[135.29737,34.72512],[135.29757,34.72469],[135.29774,34.72428],[135.29792,34.72387],[135.29805,34.72354],[135.29759,34.72335],[135.29713,34.72317],[135.29704,34.72312],[135.29691,34.72307],[135.2966,34.72295],[135.29632,34.72284],[135.29577,34.72261]]]}},{"type":"Feature","properties":{"name":"深江本町三丁目","setai":996,"jinko":1714,"key":"28101046003","units":1},"geometry":{"type":"Polygon","coordinates":[[[135.29479,34.72289],[135.29505,34.72245],[135.29511,34.72234],[135.29501,34.72229],[135.2943,34.72201],[135.29366,34.72175],[135.29363,34.72173],[135.29322,34.72156],[135.29267,34.72134],[135.29259,34.72131],[135.29227,34.72117],[135.29191,34.72101],[135.2916,34.72087],[135.29151,34.72101],[135.2914,34.72124],[135.29138,34.72129],[135.2913,34.72159],[135.29123,34.72196],[135.29118,34.72218],[135.29107,34.72239],[135.2916,34.7226],[135.29166,34.72263],[135.29169,34.72259],[135.29184,34.72263],[135.29207,34.7227],[135.29203,34.7228],[135.29309,34.72325],[135.29379,34.72356],[135.29423,34.72375],[135.29434,34.7238],[135.29438,34.7236],[135.29441,34.7235],[135.29448,34.72338],[135.29462,34.72315],[135.29479,34.72289]]]}},{"type":"Feature","properties":{"name":"深江本町四丁目","setai":333,"jinko":612,"key":"28101046004","units":1},"geometry":{"type":"Polygon","coordinates":[[[135.2916,34.72087],[135.29071,34.72045],[135.28985,34.72002],[135.28949,34.72056],[135.28936,34.72051],[135.28914,34.72089],[135.2891,34.72096],[135.28891,34.72133],[135.28885,34.72144],[135.28958,34.72176],[135.2897,34.72181],[135.29003,34.72195],[135.29031,34.72207],[135.2905,34.72214],[135.29107,34.72239],[135.29118,34.72218],[135.29123,34.72196],[135.2913,34.72159],[135.29138,34.72129],[135.2914,34.72124],[135.29151,34.72101],[135.2916,34.72087]]]}},{"type":"Feature","properties":{"name":"深江南町一丁目","setai":1795,"jinko":3954,"key":"28101047001","units":1},"geometry":{"type":"Polygon","coordinates":[[[135.3035,34.71913],[135.30352,34.7191],[135.30275,34.71923],[135.3017,34.71941],[135.3015,34.71945],[135.30143,34.71946],[135.30101,34.7195],[135.30069,34.71957],[135.30047,34.71964],[135.30047,34.71967],[135.30046,34.71971],[135.30036,34.72061],[135.30034,34.72067],[135.30021,34.72121],[135.30018,34.72133],[135.30017,34.72137],[135.30004,34.72176],[135.29998,34.72189],[135.29986,34.72216],[135.29969,34.72257],[135.2995,34.72298],[135.2994,34.72319],[135.29935,34.7233],[135.29932,34.72336],[135.29925,34.72351],[135.29913,34.72376],[135.29904,34.72395],[135.29907,34.72396],[135.29966,34.7242],[135.3001,34.72438],[135.30044,34.72452],[135.30091,34.72471],[135.3012,34.72482],[135.30154,34.72495],[135.30163,34.72477],[135.30169,34.72464],[135.30177,34.72443],[135.30189,34.72414],[135.30192,34.72409],[135.30201,34.72387],[135.30214,34.72356],[135.30238,34.72297],[135.30252,34.72259],[135.30257,34.72246],[135.30262,34.72229],[135.30274,34.72191],[135.30283,34.72154],[135.30289,34.72133],[135.3029,34.7213],[135.30303,34.72086],[135.30319,34.72045],[135.30323,34.72034],[135.30327,34.72024],[135.30327,34.72022],[135.30332,34.7201],[135.30336,34.71999],[135.30345,34.71974],[135.30348,34.71955],[135.3035,34.71947],[135.3035,34.71913]]]}},{"type":"Feature","properties":{"name":"深江南町二丁目","setai":900,"jinko":1931,"key":"28101047002","units":1},"geometry":{"type":"Polygon","coordinates":[[[135.30047,34.71967],[135.30009,34.71967],[135.29975,34.7197],[135.2994,34.71977],[135.29925,34.71979],[135.29891,34.71985],[135.29825,34.71996],[135.29821,34.72025],[135.29813,34.72075],[135.29806,34.72106],[135.29795,34.72133],[135.29787,34.7215],[135.29775,34.72176],[135.29759,34.72212],[135.29758,34.72216],[135.29752,34.72227],[135.29742,34.72252],[135.29733,34.72273],[135.2973,34.72279],[135.29713,34.72317],[135.29759,34.72335],[135.29805,34.72354],[135.29853,34.72373],[135.29904,34.72395],[135.29913,34.72376],[135.29925,34.72351],[135.29932,34.72336],[135.29935,34.7233],[135.2994,34.72319],[135.2995,34.72298],[135.29969,34.72257],[135.29986,34.72216],[135.29998,34.72189],[135.30004,34.72176],[135.30017,34.72137],[135.30018,34.72133],[135.30021,34.72121],[135.30034,34.72067],[135.30036,34.72061],[135.30046,34.71971],[135.30047,34.71967]]]}},{"type":"Feature","properties":{"name":"深江南町三丁目","setai":634,"jinko":1380,"key":"28101047003","units":1},"geometry":{"type":"Polygon","coordinates":[[[135.29821,34.72025],[135.29825,34.71996],[135.29784,34.71998],[135.29733,34.71999],[135.29688,34.71998],[135.29683,34.71998],[135.29642,34.72058],[135.2964,34.72061],[135.29622,34.72088],[135.29619,34.72091],[135.29587,34.72133],[135.29553,34.72177],[135.29546,34.72185],[135.29511,34.72234],[135.29577,34.72261],[135.29632,34.72284],[135.2966,34.72295],[135.29691,34.72307],[135.29704,34.72312],[135.29713,34.72317],[135.2973,34.72279],[135.29733,34.72273],[135.29742,34.72252],[135.29752,34.72227],[135.29758,34.72216],[135.29759,34.72212],[135.29775,34.72176],[135.29787,34.7215],[135.29795,34.72133],[135.29806,34.72106],[135.29813,34.72075],[135.29821,34.72025]]]}},{"type":"Feature","properties":{"name":"深江南町四丁目","setai":683,"jinko":1236,"key":"28101047004","units":1},"geometry":{"type":"Polygon","coordinates":[[[135.29642,34.72058],[135.29683,34.71998],[135.29688,34.71998],[135.29733,34.71999],[135.29784,34.71998],[135.29825,34.71996],[135.29891,34.71985],[135.29925,34.71979],[135.2994,34.71977],[135.29975,34.7197],[135.30009,34.71967],[135.30047,34.71967],[135.30047,34.71964],[135.30055,34.71902],[135.30013,34.71909],[135.29957,34.71918],[135.29926,34.71923],[135.29893,34.71928],[135.29762,34.71948],[135.29717,34.71948],[135.29687,34.71948],[135.29603,34.71948],[135.29435,34.71948],[135.2943,34.71948],[135.2941,34.7194],[135.29429,34.71908],[135.29397,34.71895],[135.29378,34.71927],[135.29286,34.71891],[135.29269,34.71923],[135.29247,34.7196],[135.29216,34.7201],[135.29197,34.72039],[135.29177,34.72066],[135.2916,34.72087],[135.29191,34.72101],[135.29227,34.72117],[135.29259,34.72131],[135.29267,34.72134],[135.29322,34.72156],[135.29363,34.72173],[135.29366,34.72175],[135.2943,34.72201],[135.29501,34.72229],[135.29511,34.72234],[135.29546,34.72185],[135.29553,34.72177],[135.29587,34.72133],[135.29619,34.72091],[135.29622,34.72088],[135.2964,34.72061],[135.29642,34.72058]]]}},{"type":"Feature","properties":{"name":"深江南町五丁目","setai":0,"jinko":0,"key":"28101047005","units":1},"geometry":{"type":"Polygon","coordinates":[[[135.29286,34.71891],[135.29272,34.71886],[135.29311,34.71797],[135.29308,34.71778],[135.2928,34.71768],[135.29265,34.71772],[135.29241,34.71817],[135.29143,34.71779],[135.29149,34.71767],[135.29161,34.71771],[135.29163,34.71767],[135.29146,34.71761],[135.29139,34.71774],[135.29125,34.71767],[135.29136,34.71746],[135.29146,34.71729],[135.29118,34.71717],[135.29105,34.71739],[135.29049,34.71836],[135.28863,34.71768],[135.28837,34.71817],[135.28794,34.71902],[135.2887,34.71944],[135.28964,34.71992],[135.28985,34.72002],[135.29071,34.72045],[135.2916,34.72087],[135.29177,34.72066],[135.29197,34.72039],[135.29216,34.7201],[135.29247,34.7196],[135.29269,34.71923],[135.29286,34.71891]]]}},{"type":"Feature","properties":{"name":"本庄町一丁目","setai":1113,"jinko":2406,"key":"28101048001","units":1},"geometry":{"type":"Polygon","coordinates":[[[135.296,34.72747],[135.2961,34.72727],[135.29638,34.72735],[135.29642,34.72732],[135.29659,34.72693],[135.29603,34.72676],[135.29538,34.72655],[135.29493,34.72641],[135.29486,34.72639],[135.29441,34.72625],[135.29378,34.72607],[135.29331,34.72592],[135.2932,34.72617],[135.29306,34.72648],[135.29289,34.72684],[135.29279,34.72705],[135.29277,34.7271],[135.29271,34.72721],[135.29247,34.72772],[135.29236,34.72796],[135.29223,34.72822],[135.2925,34.72831],[135.29283,34.72842],[135.29327,34.72856],[135.29381,34.72874],[135.29392,34.72877],[135.29423,34.72887],[135.29495,34.7291],[135.29516,34.72917],[135.29553,34.72929],[135.2956,34.7292],[135.29571,34.72896],[135.29574,34.72889],[135.29575,34.72887],[135.29579,34.72876],[135.2958,34.72875],[135.29583,34.72869],[135.29564,34.72864],[135.29577,34.72829],[135.29578,34.72822],[135.29578,34.7282],[135.29565,34.72818],[135.29584,34.72778],[135.296,34.72748],[135.296,34.72747]]]}},{"type":"Feature","properties":{"name":"本庄町二丁目","setai":856,"jinko":1925,"key":"28101048002","units":1},"geometry":{"type":"Polygon","coordinates":[[[135.2914,34.72536],[135.29097,34.72522],[135.29069,34.72579],[135.29062,34.72595],[135.29061,34.72596],[135.29056,34.72607],[135.29048,34.72624],[135.29034,34.72653],[135.29013,34.72698],[135.28989,34.72748],[135.2903,34.72761],[135.29062,34.72771],[135.29109,34.72786],[135.29151,34.728],[135.29163,34.72803],[135.29223,34.72822],[135.29236,34.72796],[135.29247,34.72772],[135.29271,34.72721],[135.29277,34.7271],[135.29279,34.72705],[135.29289,34.72684],[135.29306,34.72648],[135.2932,34.72617],[135.29331,34.72592],[135.29301,34.72582],[135.29281,34.72576],[135.29222,34.7256],[135.29197,34.72552],[135.29182,34.72548],[135.29143,34.72536],[135.2914,34.72536]]]}},{"type":"Feature","properties":{"name":"本庄町三丁目","setai":511,"jinko":1074,"key":"28101048003","units":1},"geometry":{"type":"Polygon","coordinates":[[[135.28889,34.72458],[135.2888,34.72456],[135.28852,34.72515],[135.2882,34.72585],[135.288,34.72629],[135.28776,34.7268],[135.28865,34.72709],[135.28924,34.72728],[135.28938,34.72733],[135.28989,34.72748],[135.29013,34.72698],[135.29034,34.72653],[135.29048,34.72624],[135.29056,34.72607],[135.29061,34.72596],[135.29062,34.72595],[135.29069,34.72579],[135.29097,34.72522],[135.28979,34.72485],[135.28889,34.72458]]]}},{"type":"Feature","properties":{"name":"御影石町一丁目","setai":413,"jinko":995,"key":"28101049001","units":1},"geometry":{"type":"Polygon","coordinates":[[[135.25311,34.70812],[135.2523,34.70813],[135.25155,34.70814],[135.25143,34.70872],[135.25142,34.70879],[135.25133,34.7094],[135.25128,34.70971],[135.25125,34.70985],[135.25118,34.71012],[135.25099,34.71068],[135.25101,34.71069],[135.25142,34.71072],[135.25166,34.71074],[135.25254,34.7108],[135.25266,34.71081],[135.25307,34.71084],[135.25375,34.71088],[135.25385,34.71089],[135.254,34.71002],[135.25405,34.70975],[135.25405,34.70972],[135.25411,34.70945],[135.25415,34.70922],[135.25425,34.70868],[135.25435,34.70816],[135.25311,34.70812]]]}},{"type":"Feature","properties":{"name":"御影石町二丁目","setai":752,"jinko":1464,"key":"28101049002","units":1},"geometry":{"type":"Polygon","coordinates":[[[135.25142,34.71072],[135.25101,34.71069],[135.25091,34.71089],[135.25075,34.71128],[135.25026,34.71245],[135.25022,34.71251],[135.25001,34.71299],[135.24985,34.7133],[135.24981,34.71339],[135.24979,34.71342],[135.24999,34.71349],[135.25031,34.71359],[135.25079,34.71372],[135.25133,34.71389],[135.25241,34.71422],[135.25247,34.71408],[135.25251,34.71398],[135.25264,34.7137],[135.2528,34.71331],[135.25294,34.71297],[135.25307,34.71265],[135.25321,34.7123],[135.25332,34.71202],[135.25347,34.71163],[135.25358,34.71135],[135.25375,34.71088],[135.25307,34.71084],[135.25266,34.71081],[135.25254,34.7108],[135.25166,34.71074],[135.25142,34.71072]]]}},{"type":"Feature","properties":{"name":"御影石町三丁目","setai":490,"jinko":1004,"key":"28101049003","units":1},"geometry":{"type":"Polygon","coordinates":[[[135.24999,34.71349],[135.24979,34.71342],[135.24976,34.71347],[135.24964,34.71367],[135.24952,34.71392],[135.24945,34.7141],[135.24937,34.7143],[135.24927,34.71457],[135.24925,34.7147],[135.2492,34.71487],[135.24906,34.71547],[135.2494,34.71558],[135.24951,34.71561],[135.24999,34.71576],[135.25034,34.71588],[135.25039,34.71589],[135.25149,34.71622],[135.25159,34.71598],[135.25167,34.71579],[135.25183,34.71546],[135.25184,34.71544],[135.2521,34.71485],[135.25241,34.71422],[135.25133,34.71389],[135.25079,34.71372],[135.25031,34.71359],[135.24999,34.71349]]]}},{"type":"Feature","properties":{"name":"御影石町四丁目","setai":393,"jinko":884,"key":"28101049004","units":1},"geometry":{"type":"Polygon","coordinates":[[[135.2494,34.71558],[135.24906,34.71547],[135.2489,34.71619],[135.24887,34.71637],[135.2488,34.71665],[135.24837,34.71769],[135.24789,34.71886],[135.24834,34.71896],[135.24892,34.71909],[135.2493,34.71915],[135.24931,34.71915],[135.24952,34.71918],[135.2501,34.71923],[135.25037,34.71865],[135.25057,34.71824],[135.2507,34.71796],[135.25079,34.71775],[135.25091,34.7175],[135.25149,34.71622],[135.25039,34.71589],[135.25034,34.71588],[135.24999,34.71576],[135.24951,34.71561],[135.2494,34.71558]]]}},{"type":"Feature","properties":{"name":"御影塚町一丁目","setai":154,"jinko":461,"key":"28101054001","units":1},"geometry":{"type":"Polygon","coordinates":[[[135.25159,34.70789],[135.25145,34.70789],[135.25116,34.70791],[135.25057,34.70792],[135.25004,34.70795],[135.2496,34.70797],[135.24877,34.708],[135.24811,34.70803],[135.24761,34.70804],[135.24761,34.70817],[135.24755,34.70846],[135.24754,34.70882],[135.24745,34.70951],[135.24738,34.70988],[135.24728,34.71044],[135.24812,34.71049],[135.24825,34.7105],[135.24888,34.71054],[135.24891,34.71054],[135.24959,34.71058],[135.25011,34.71062],[135.25038,34.71064],[135.25051,34.71065],[135.25099,34.71068],[135.25118,34.71012],[135.25125,34.70985],[135.25128,34.70971],[135.25133,34.7094],[135.25142,34.70879],[135.25143,34.70872],[135.25155,34.70814],[135.25159,34.70789]]]}},{"type":"Feature","properties":{"name":"御影塚町二丁目","setai":783,"jinko":1510,"key":"28101054002","units":1},"geometry":{"type":"Polygon","coordinates":[[[135.24812,34.71049],[135.24728,34.71044],[135.24713,34.7109],[135.24709,34.71104],[135.24697,34.7114],[135.24685,34.71179],[135.24677,34.71202],[135.24673,34.71216],[135.24667,34.71239],[135.24665,34.71244],[135.24662,34.71253],[135.24654,34.71277],[135.247,34.71293],[135.24731,34.71304],[135.24767,34.71316],[135.24777,34.7132],[135.24813,34.71337],[135.24866,34.71363],[135.2491,34.71389],[135.24945,34.7141],[135.24952,34.71392],[135.24964,34.71367],[135.24976,34.71347],[135.24979,34.71342],[135.24981,34.71339],[135.24985,34.7133],[135.25001,34.71299],[135.25022,34.71251],[135.25026,34.71245],[135.25075,34.71128],[135.25091,34.71089],[135.25101,34.71069],[135.25099,34.71068],[135.25051,34.71065],[135.25038,34.71064],[135.25011,34.71062],[135.24959,34.71058],[135.24891,34.71054],[135.24888,34.71054],[135.24825,34.7105],[135.24812,34.71049]]]}},{"type":"Feature","properties":{"name":"御影塚町三丁目","setai":326,"jinko":458,"key":"28101054003","units":1},"geometry":{"type":"Polygon","coordinates":[[[135.24761,34.70817],[135.24761,34.70804],[135.24652,34.70808],[135.24589,34.7081],[135.24573,34.7081],[135.2447,34.70808],[135.24463,34.70851],[135.24462,34.70858],[135.24441,34.70928],[135.24439,34.70931],[135.24429,34.70953],[135.24426,34.7096],[135.24422,34.70967],[135.24416,34.70981],[135.24414,34.70986],[135.24413,34.70987],[135.24409,34.70996],[135.24409,34.70997],[135.24402,34.71018],[135.24468,34.71023],[135.24558,34.71031],[135.24578,34.71033],[135.2465,34.71038],[135.24728,34.71044],[135.24738,34.70988],[135.24745,34.70951],[135.24754,34.70882],[135.24755,34.70846],[135.24761,34.70817]]]}},{"type":"Feature","properties":{"name":"御影塚町四丁目","setai":303,"jinko":569,"key":"28101054004","units":1},"geometry":{"type":"Polygon","coordinates":[[[135.24468,34.71023],[135.24402,34.71018],[135.24397,34.71031],[135.24395,34.71037],[135.24377,34.71068],[135.24374,34.71076],[135.2437,34.71087],[135.24358,34.7112],[135.24348,34.71143],[135.24347,34.71148],[135.24344,34.71154],[135.24337,34.71177],[135.24395,34.71193],[135.24415,34.71198],[135.24442,34.71206],[135.24453,34.71209],[135.24518,34.71232],[135.24545,34.71242],[135.24551,34.71243],[135.24642,34.71273],[135.24654,34.71277],[135.24662,34.71253],[135.24665,34.71244],[135.24667,34.71239],[135.24673,34.71216],[135.24677,34.71202],[135.24685,34.71179],[135.24697,34.7114],[135.24709,34.71104],[135.24713,34.7109],[135.24728,34.71044],[135.2465,34.71038],[135.24578,34.71033],[135.24558,34.71031],[135.24468,34.71023]]]}},{"type":"Feature","properties":{"name":"御影中町一丁目","setai":782,"jinko":1252,"key":"28101055001","units":1},"geometry":{"type":"Polygon","coordinates":[[[135.25893,34.714],[135.25896,34.7139],[135.25806,34.71422],[135.2581,34.7143],[135.25744,34.71454],[135.2571,34.71466],[135.25679,34.71473],[135.25659,34.71477],[135.2566,34.71484],[135.25649,34.71489],[135.25649,34.71494],[135.25644,34.71507],[135.2563,34.71541],[135.25629,34.71544],[135.25618,34.71573],[135.25604,34.71608],[135.25593,34.71636],[135.25575,34.71682],[135.25556,34.71734],[135.25609,34.71748],[135.25619,34.71749],[135.25646,34.71752],[135.25722,34.7176],[135.25737,34.71729],[135.25752,34.71698],[135.25759,34.71682],[135.25774,34.71651],[135.25778,34.71644],[135.25792,34.71616],[135.25793,34.71613],[135.25804,34.7159],[135.25825,34.71546],[135.25833,34.71529],[135.25851,34.71491],[135.25869,34.71451],[135.25893,34.714]]]}},{"type":"Feature","properties":{"name":"御影中町二丁目","setai":378,"jinko":563,"key":"28101055002","units":1},"geometry":{"type":"Polygon","coordinates":[[[135.25565,34.71903],[135.25599,34.71901],[135.25645,34.71901],[135.25695,34.71899],[135.25698,34.71874],[135.257,34.71863],[135.257,34.71863],[135.25708,34.71829],[135.2571,34.71818],[135.25714,34.71801],[135.25722,34.7176],[135.25646,34.71752],[135.25619,34.71749],[135.25609,34.71748],[135.25556,34.71734],[135.25529,34.71796],[135.25528,34.71799],[135.25513,34.71841],[135.25506,34.71856],[135.25486,34.71907],[135.25559,34.71903],[135.25565,34.71903]]]}},{"type":"Feature","properties":{"name":"御影中町三丁目","setai":558,"jinko":1239,"key":"28101055003","units":1},"geometry":{"type":"Polygon","coordinates":[[[135.25606,34.71537],[135.25456,34.71493],[135.25443,34.71524],[135.25429,34.71559],[135.25419,34.71585],[135.25415,34.71594],[135.25409,34.71607],[135.25398,34.71634],[135.2539,34.71653],[135.25376,34.71687],[135.25432,34.71701],[135.25443,34.71704],[135.25475,34.71713],[135.25486,34.71716],[135.25528,34.71727],[135.25556,34.71734],[135.25575,34.71682],[135.25593,34.71636],[135.25604,34.71608],[135.25618,34.71573],[135.25629,34.71544],[135.25606,34.71537]]]}},{"type":"Feature","properties":{"name":"御影中町四丁目","setai":384,"jinko":817,"key":"28101055004","units":1},"geometry":{"type":"Polygon","coordinates":[[[135.25432,34.71701],[135.25376,34.71687],[135.25356,34.71737],[135.25353,34.71746],[135.25344,34.71769],[135.25335,34.71792],[135.25317,34.7184],[135.25298,34.71887],[135.25284,34.71918],[135.25302,34.71916],[135.25362,34.71914],[135.25391,34.71912],[135.2541,34.71911],[135.25486,34.71907],[135.25506,34.71856],[135.25513,34.71841],[135.25528,34.71799],[135.25529,34.71796],[135.25556,34.71734],[135.25528,34.71727],[135.25486,34.71716],[135.25475,34.71713],[135.25443,34.71704],[135.25432,34.71701]]]}},{"type":"Feature","properties":{"name":"御影中町五丁目","setai":80,"jinko":187,"key":"28101055005","units":1},"geometry":{"type":"Polygon","coordinates":[[[135.25407,34.71479],[135.25351,34.71464],[135.25331,34.71509],[135.25329,34.71512],[135.25309,34.71563],[135.25303,34.71577],[135.25272,34.71656],[135.25376,34.71687],[135.2539,34.71653],[135.25398,34.71634],[135.25409,34.71607],[135.25415,34.71594],[135.25419,34.71585],[135.25429,34.71559],[135.25443,34.71524],[135.25456,34.71493],[135.25407,34.71479]]]}},{"type":"Feature","properties":{"name":"御影中町六丁目","setai":407,"jinko":722,"key":"28101055006","units":1},"geometry":{"type":"Polygon","coordinates":[[[135.25376,34.71687],[135.25272,34.71656],[135.25251,34.7171],[135.25238,34.71742],[135.25229,34.71763],[135.2521,34.7181],[135.2519,34.71859],[135.25167,34.71923],[135.25229,34.7192],[135.25284,34.71918],[135.25298,34.71887],[135.25317,34.7184],[135.25335,34.71792],[135.25344,34.71769],[135.25353,34.71746],[135.25356,34.71737],[135.25376,34.71687]]]}},{"type":"Feature","properties":{"name":"御影中町七丁目","setai":280,"jinko":608,"key":"28101055007","units":1},"geometry":{"type":"Polygon","coordinates":[[[135.25295,34.71438],[135.25241,34.71422],[135.2521,34.71485],[135.25184,34.71544],[135.25183,34.71546],[135.25167,34.71579],[135.25159,34.71598],[135.25149,34.71622],[135.25204,34.71637],[135.25245,34.71649],[135.25272,34.71656],[135.25303,34.71577],[135.25309,34.71563],[135.25329,34.71512],[135.25331,34.71509],[135.25351,34.71464],[135.25354,34.71456],[135.25322,34.71446],[135.25295,34.71438]]]}},{"type":"Feature","properties":{"name":"御影中町八丁目","setai":279,"jinko":605,"key":"28101055008","units":1},"geometry":{"type":"Polygon","coordinates":[[[135.25204,34.71637],[135.25149,34.71622],[135.25091,34.7175],[135.25079,34.71775],[135.2507,34.71796],[135.25057,34.71824],[135.25037,34.71865],[135.2501,34.71923],[135.25073,34.71926],[135.25125,34.71926],[135.25167,34.71923],[135.2519,34.71859],[135.2521,34.7181],[135.25229,34.71763],[135.25238,34.71742],[135.25251,34.7171],[135.25272,34.71656],[135.25245,34.71649],[135.25204,34.71637]]]}},{"type":"Feature","properties":{"name":"御影浜町","setai":0,"jinko":0,"key":"281010560","units":1},"geometry":{"type":"Polygon","coordinates":[[[135.26049,34.7076],[135.26048,34.70681],[135.25992,34.70675],[135.26076,34.70103],[135.25552,34.70046],[135.25526,34.70061],[135.25508,34.70156],[135.25491,34.70272],[135.25476,34.70373],[135.25432,34.70642],[135.25422,34.70713],[135.25419,34.70732],[135.25419,34.70739],[135.25427,34.70752],[135.25445,34.7076],[135.25464,34.7076],[135.25656,34.70753],[135.26008,34.7074],[135.26009,34.70764],[135.26049,34.7076]]]}},{"type":"Feature","properties":{"name":"御影本町一丁目","setai":36,"jinko":69,"key":"28101057001","units":1},"geometry":{"type":"Polygon","coordinates":[[[135.26046,34.70838],[135.26049,34.70763],[135.26009,34.70766],[135.25894,34.70776],[135.2588,34.70777],[135.25873,34.70782],[135.25804,34.70829],[135.25806,34.70851],[135.258,34.70899],[135.25795,34.70949],[135.25786,34.71004],[135.25769,34.71061],[135.2575,34.71112],[135.25837,34.71115],[135.2588,34.71116],[135.25893,34.71117],[135.25951,34.71117],[135.26012,34.71117],[135.26031,34.71005],[135.26035,34.70974],[135.26039,34.70921],[135.26046,34.70844],[135.26046,34.70838]]]}},{"type":"Feature","properties":{"name":"御影本町二丁目","setai":687,"jinko":1494,"key":"28101057002","units":1},"geometry":{"type":"Polygon","coordinates":[[[135.25679,34.71473],[135.2571,34.71466],[135.25744,34.71454],[135.2581,34.7143],[135.25806,34.71422],[135.25896,34.7139],[135.25899,34.71386],[135.25902,34.71378],[135.25916,34.71346],[135.25942,34.71289],[135.25965,34.71237],[135.25967,34.71232],[135.25979,34.71205],[135.25983,34.71197],[135.25989,34.71183],[135.25993,34.71175],[135.26009,34.71136],[135.26012,34.71117],[135.25951,34.71117],[135.25893,34.71117],[135.2588,34.71116],[135.25837,34.71115],[135.2575,34.71112],[135.25738,34.71176],[135.25733,34.71204],[135.25699,34.71277],[135.2567,34.7133],[135.25665,34.71341],[135.2565,34.71372],[135.25634,34.71406],[135.25623,34.71436],[135.25609,34.71475],[135.2566,34.71468],[135.25659,34.71477],[135.25679,34.71473]]]}},{"type":"Feature","properties":{"name":"御影本町三丁目","setai":225,"jinko":400,"key":"28101057003","units":1},"geometry":{"type":"Polygon","coordinates":[[[135.25873,34.70782],[135.2588,34.70777],[135.25868,34.70782],[135.25754,34.70786],[135.25734,34.70803],[135.25734,34.70807],[135.25723,34.70808],[135.25723,34.70829],[135.25713,34.70829],[135.25713,34.70841],[135.25681,34.70843],[135.2566,34.70859],[135.25651,34.70946],[135.25646,34.70994],[135.25645,34.70995],[135.2564,34.71043],[135.2564,34.71047],[135.25634,34.71105],[135.2567,34.71108],[135.25707,34.7111],[135.2575,34.71112],[135.25769,34.71061],[135.25786,34.71004],[135.25795,34.70949],[135.258,34.70899],[135.25806,34.70851],[135.25804,34.70829],[135.25873,34.70782]]]}},{"type":"Feature","properties":{"name":"御影本町四丁目","setai":273,"jinko":432,"key":"28101057004","units":1},"geometry":{"type":"Polygon","coordinates":[[[135.25659,34.71477],[135.2566,34.71468],[135.25609,34.71475],[135.25623,34.71436],[135.25634,34.71406],[135.2565,34.71372],[135.25665,34.71341],[135.2567,34.7133],[135.25699,34.71277],[135.25733,34.71204],[135.25738,34.71176],[135.2575,34.71112],[135.25707,34.7111],[135.2567,34.71108],[135.25634,34.71105],[135.2563,34.71128],[135.25621,34.71166],[135.25614,34.7119],[135.25604,34.71219],[135.25593,34.71243],[135.25572,34.71282],[135.25543,34.71332],[135.25541,34.71335],[135.25505,34.71398],[135.2548,34.71441],[135.25474,34.71452],[135.25465,34.71468],[135.25456,34.71493],[135.25606,34.71537],[135.25629,34.71544],[135.2563,34.71541],[135.25644,34.71507],[135.25649,34.71494],[135.25649,34.71489],[135.2566,34.71484],[135.25659,34.71477]]]}},{"type":"Feature","properties":{"name":"御影本町五丁目","setai":169,"jinko":340,"key":"28101057005","units":1},"geometry":{"type":"Polygon","coordinates":[[[135.25651,34.70946],[135.2566,34.70859],[135.25681,34.70843],[135.25678,34.70806],[135.25435,34.70816],[135.25425,34.70868],[135.25543,34.70863],[135.25538,34.70895],[135.25544,34.70897],[135.25538,34.70935],[135.2553,34.70984],[135.25519,34.71036],[135.25506,34.71098],[135.25544,34.711],[135.25572,34.71101],[135.25634,34.71105],[135.2564,34.71047],[135.2564,34.71043],[135.25645,34.70995],[135.25646,34.70994],[135.25651,34.70946]]]}},{"type":"Feature","properties":{"name":"御影本町六丁目","setai":455,"jinko":663,"key":"28101057006","units":1},"geometry":{"type":"Polygon","coordinates":[[[135.25544,34.711],[135.25506,34.71098],[135.25489,34.7115],[135.25472,34.71199],[135.25461,34.7123],[135.25446,34.71267],[135.25432,34.71301],[135.25416,34.71334],[135.25413,34.7134],[135.25399,34.71366],[135.25379,34.71403],[135.25376,34.71409],[135.2536,34.71439],[135.25354,34.71456],[135.25351,34.71464],[135.25407,34.71479],[135.25456,34.71493],[135.25465,34.71468],[135.25474,34.71452],[135.2548,34.71441],[135.25505,34.71398],[135.25541,34.71335],[135.25543,34.71332],[135.25572,34.71282],[135.25593,34.71243],[135.25604,34.71219],[135.25614,34.7119],[135.25621,34.71166],[135.2563,34.71128],[135.25634,34.71105],[135.25572,34.71101],[135.25544,34.711]]]}},{"type":"Feature","properties":{"name":"御影本町七丁目","setai":178,"jinko":326,"key":"28101057007","units":1},"geometry":{"type":"Polygon","coordinates":[[[135.25538,34.70895],[135.25543,34.70863],[135.25425,34.70868],[135.25415,34.70922],[135.25411,34.70945],[135.25405,34.70972],[135.25405,34.70975],[135.254,34.71002],[135.25385,34.71089],[135.25446,34.71094],[135.25486,34.71096],[135.25506,34.71098],[135.25519,34.71036],[135.2553,34.70984],[135.25538,34.70935],[135.25544,34.70897],[135.25538,34.70895]]]}},{"type":"Feature","properties":{"name":"御影本町八丁目","setai":431,"jinko":774,"key":"28101057008","units":1},"geometry":{"type":"Polygon","coordinates":[[[135.25385,34.71089],[135.25375,34.71088],[135.25358,34.71135],[135.25347,34.71163],[135.25332,34.71202],[135.25321,34.7123],[135.25307,34.71265],[135.25294,34.71297],[135.2528,34.71331],[135.25264,34.7137],[135.25251,34.71398],[135.25247,34.71408],[135.25241,34.71422],[135.25295,34.71438],[135.25322,34.71446],[135.25354,34.71456],[135.2536,34.71439],[135.25376,34.71409],[135.25379,34.71403],[135.25399,34.71366],[135.25413,34.7134],[135.25416,34.71334],[135.25432,34.71301],[135.25446,34.71267],[135.25461,34.7123],[135.25472,34.71199],[135.25489,34.7115],[135.25506,34.71098],[135.25486,34.71096],[135.25446,34.71094],[135.25385,34.71089]]]}},{"type":"Feature","properties":{"name":"御影山手一丁目","setai":393,"jinko":985,"key":"28101058001","units":1},"geometry":{"type":"Polygon","coordinates":[[[135.25073,34.72776],[135.2508,34.72768],[135.25097,34.72757],[135.25108,34.7274],[135.25115,34.72727],[135.25124,34.72716],[135.25139,34.72711],[135.25151,34.72701],[135.25157,34.72697],[135.25164,34.72679],[135.2517,34.72659],[135.25192,34.7266],[135.25201,34.72647],[135.2521,34.72646],[135.25219,34.72648],[135.25225,34.72651],[135.25239,34.72646],[135.25253,34.72649],[135.25302,34.72659],[135.25304,34.72659],[135.25312,34.72649],[135.25319,34.72643],[135.25328,34.72638],[135.25341,34.72635],[135.25354,34.72633],[135.25367,34.72633],[135.25397,34.72642],[135.25408,34.72637],[135.25429,34.72624],[135.25451,34.72609],[135.25459,34.72603],[135.25467,34.72597],[135.25496,34.7257],[135.25508,34.72558],[135.25525,34.72558],[135.25537,34.72562],[135.2556,34.72562],[135.2558,34.72559],[135.25608,34.72549],[135.25622,34.72545],[135.25638,34.72543],[135.25642,34.72521],[135.25645,34.72508],[135.25585,34.72511],[135.25538,34.72511],[135.2553,34.7251],[135.25507,34.7251],[135.25479,34.72508],[135.25443,34.72505],[135.25409,34.72501],[135.25381,34.72496],[135.25336,34.72487],[135.25252,34.72468],[135.25183,34.7245],[135.25167,34.72446],[135.25123,34.72435],[135.25096,34.72428],[135.25066,34.72422],[135.24989,34.72403],[135.24988,34.72403],[135.24929,34.72391],[135.24899,34.72384],[135.24857,34.72375],[135.24849,34.72375],[135.24827,34.72371],[135.24815,34.72369],[135.24809,34.72367],[135.24801,34.72366],[135.2479,34.72363],[135.24791,34.72383],[135.24794,34.72406],[135.248,34.72427],[135.24808,34.72445],[135.24818,34.72466],[135.24831,34.7248],[135.24843,34.72491],[135.24846,34.72494],[135.24856,34.72499],[135.24856,34.72499],[135.24878,34.72527],[135.24908,34.72564],[135.24917,34.7258],[135.2492,34.72589],[135.24919,34.72615],[135.24916,34.72623],[135.24923,34.72625],[135.24921,34.7263],[135.24908,34.72645],[135.24902,34.72654],[135.24884,34.72668],[135.2487,34.72675],[135.24866,34.7268],[135.24857,34.72697],[135.24848,34.72706],[135.24845,34.72719],[135.24851,34.7274],[135.24879,34.72744],[135.24901,34.72754],[135.24919,34.72767],[135.24923,34.72767],[135.24933,34.72774],[135.24937,34.72773],[135.24949,34.72772],[135.24971,34.72774],[135.25012,34.72777],[135.25055,34.72782],[135.2507,34.72784],[135.25073,34.72776]]]}},{"type":"Feature","properties":{"name":"御影山手二丁目","setai":561,"jinko":1346,"key":"28101058002","units":1},"geometry":{"type":"Polygon","coordinates":[[[135.24468,34.72286],[135.24441,34.7228],[135.24428,34.72289],[135.24386,34.7232],[135.24352,34.72344],[135.24315,34.7237],[135.24345,34.72398],[135.24345,34.72398],[135.2436,34.72413],[135.24375,34.7242],[135.24433,34.72441],[135.24505,34.72469],[135.24521,34.72475],[135.24555,34.72493],[135.24584,34.72511],[135.24611,34.72529],[135.24616,34.72532],[135.24638,34.72543],[135.24662,34.72555],[135.2471,34.7257],[135.24717,34.72572],[135.24753,34.72581],[135.24772,34.72586],[135.24788,34.7259],[135.24833,34.72602],[135.24875,34.72613],[135.24889,34.72617],[135.24916,34.72623],[135.24919,34.72615],[135.2492,34.72589],[135.24917,34.7258],[135.24908,34.72564],[135.24878,34.72527],[135.24856,34.72499],[135.24856,34.72499],[135.24846,34.72494],[135.24843,34.72491],[135.24831,34.7248],[135.24818,34.72466],[135.24808,34.72445],[135.248,34.72427],[135.24794,34.72406],[135.24791,34.72383],[135.2479,34.72363],[135.24779,34.72361],[135.24703,34.72341],[135.24668,34.72332],[135.24614,34.7232],[135.24597,34.72316],[135.24586,34.72313],[135.24542,34.72303],[135.24513,34.72297],[135.24468,34.72286]]]}},{"type":"Feature","properties":{"name":"御影山手三丁目","setai":565,"jinko":1207,"key":"28101058003","units":1},"geometry":{"type":"Polygon","coordinates":[[[135.24619,34.73207],[135.24617,34.73187],[135.24626,34.73188],[135.24639,34.73189],[135.24638,34.73173],[135.24638,34.73145],[135.24679,34.73108],[135.24696,34.73097],[135.24715,34.73087],[135.24719,34.7308],[135.24718,34.73067],[135.24738,34.73046],[135.24742,34.73036],[135.24739,34.7302],[135.24727,34.72989],[135.24725,34.72977],[135.24731,34.72952],[135.2474,34.72938],[135.24747,34.72927],[135.24749,34.72921],[135.24749,34.72892],[135.24748,34.72888],[135.24733,34.72866],[135.24729,34.7286],[135.24723,34.72852],[135.24721,34.72838],[135.24726,34.72826],[135.24747,34.72813],[135.24773,34.72801],[135.24785,34.72795],[135.24819,34.72792],[135.24827,34.72788],[135.24839,34.7277],[135.24847,34.72756],[135.24851,34.7274],[135.24845,34.72719],[135.24848,34.72706],[135.24857,34.72697],[135.24866,34.7268],[135.2487,34.72675],[135.24884,34.72668],[135.24902,34.72654],[135.24908,34.72645],[135.24921,34.7263],[135.24923,34.72625],[135.24916,34.72623],[135.24889,34.72617],[135.24875,34.72613],[135.24833,34.72602],[135.24788,34.7259],[135.24778,34.72611],[135.2477,34.72629],[135.24767,34.72636],[135.24759,34.72661],[135.24752,34.72681],[135.24748,34.72692],[135.24738,34.72724],[135.24728,34.72754],[135.24685,34.72746],[135.24681,34.72779],[135.24678,34.72799],[135.24675,34.72815],[135.24668,34.72835],[135.24649,34.7286],[135.24644,34.72867],[135.24641,34.7287],[135.2461,34.72896],[135.24597,34.72909],[135.24589,34.72924],[135.24589,34.72926],[135.24587,34.7294],[135.24583,34.72961],[135.24581,34.72974],[135.24578,34.72992],[135.24575,34.73008],[135.24572,34.73021],[135.24568,34.73036],[135.24561,34.73051],[135.24552,34.73072],[135.24543,34.73092],[135.2454,34.73098],[135.24524,34.7312],[135.24516,34.73131],[135.24494,34.73161],[135.24485,34.73171],[135.24465,34.73191],[135.2455,34.73202],[135.24619,34.73207]]]}},{"type":"Feature","properties":{"name":"御影山手四丁目","setai":285,"jinko":711,"key":"28101058004","units":1},"geometry":{"type":"Polygon","coordinates":[[[135.24681,34.72779],[135.24685,34.72746],[135.24728,34.72754],[135.24738,34.72724],[135.24748,34.72692],[135.24752,34.72681],[135.24759,34.72661],[135.24767,34.72636],[135.2477,34.72629],[135.24778,34.72611],[135.24788,34.7259],[135.24772,34.72586],[135.24753,34.72581],[135.24717,34.72572],[135.2471,34.7257],[135.24662,34.72555],[135.24638,34.72543],[135.24616,34.72532],[135.24611,34.72529],[135.24584,34.72511],[135.24553,34.72536],[135.24528,34.72559],[135.2452,34.72567],[135.24499,34.7259],[135.24476,34.72619],[135.24457,34.72646],[135.24446,34.72678],[135.24441,34.72711],[135.24435,34.72743],[135.24434,34.7275],[135.2443,34.72776],[135.24428,34.72784],[135.24424,34.72808],[135.24423,34.72814],[135.24418,34.72841],[135.24417,34.72847],[135.24414,34.72868],[135.24414,34.72875],[135.24408,34.72906],[135.24402,34.7294],[135.24583,34.72961],[135.24587,34.7294],[135.24589,34.72926],[135.24589,34.72924],[135.24597,34.72909],[135.2461,34.72896],[135.24641,34.7287],[135.24644,34.72867],[135.24649,34.7286],[135.24668,34.72835],[135.24675,34.72815],[135.24678,34.72799],[135.24681,34.72779]]]}},{"type":"Feature","properties":{"name":"御影山手五丁目","setai":417,"jinko":1038,"key":"28101058005","units":1},"geometry":{"type":"Polygon","coordinates":[[[135.24345,34.72398],[135.24315,34.7237],[135.24308,34.72375],[135.24317,34.7242],[135.24321,34.72448],[135.24326,34.72503],[135.24317,34.72538],[135.24311,34.72561],[135.24307,34.72567],[135.24285,34.72589],[135.24275,34.72599],[135.24273,34.72628],[135.24266,34.72646],[135.243,34.72676],[135.24291,34.72758],[135.24274,34.72781],[135.24274,34.72807],[135.24283,34.72839],[135.24284,34.72858],[135.24283,34.72869],[135.24281,34.72877],[135.2428,34.72891],[135.24277,34.72926],[135.24402,34.7294],[135.24408,34.72906],[135.24414,34.72875],[135.24414,34.72868],[135.24417,34.72847],[135.24418,34.72841],[135.24423,34.72814],[135.24424,34.72808],[135.24428,34.72784],[135.2443,34.72776],[135.24434,34.7275],[135.24435,34.72743],[135.24441,34.72711],[135.24446,34.72678],[135.24457,34.72646],[135.24476,34.72619],[135.24499,34.7259],[135.2452,34.72567],[135.24528,34.72559],[135.24553,34.72536],[135.24584,34.72511],[135.24555,34.72493],[135.24521,34.72475],[135.24505,34.72469],[135.24433,34.72441],[135.24375,34.7242],[135.2436,34.72413],[135.24345,34.72398],[135.24345,34.72398]]]}},{"type":"Feature","properties":{"name":"御影山手六丁目","setai":287,"jinko":710,"key":"28101058006","units":1},"geometry":{"type":"Polygon","coordinates":[[[135.24402,34.7294],[135.24277,34.72926],[135.24277,34.72933],[135.24276,34.72956],[135.24273,34.72987],[135.24272,34.73008],[135.24272,34.73013],[135.24272,34.73016],[135.24273,34.73039],[135.24274,34.73058],[135.24274,34.73068],[135.24275,34.73082],[135.24275,34.73107],[135.24276,34.73134],[135.24288,34.73136],[135.24399,34.7315],[135.24414,34.73152],[135.24494,34.73161],[135.24516,34.73131],[135.24524,34.7312],[135.2454,34.73098],[135.24543,34.73092],[135.24552,34.73072],[135.24561,34.73051],[135.24568,34.73036],[135.24572,34.73021],[135.24575,34.73008],[135.24578,34.72992],[135.24581,34.72974],[135.24583,34.72961],[135.24402,34.7294]]]}},{"type":"Feature","properties":{"name":"本山北町一丁目","setai":293,"jinko":587,"key":"28101059001","units":1},"geometry":{"type":"Polygon","coordinates":[[[135.28648,34.72951],[135.28665,34.72912],[135.28672,34.72897],[135.2853,34.72859],[135.28446,34.72838],[135.28433,34.72835],[135.28375,34.7282],[135.28371,34.72835],[135.2837,34.72838],[135.2837,34.72842],[135.28364,34.72876],[135.2836,34.72887],[135.28359,34.72889],[135.28329,34.72925],[135.28323,34.72935],[135.28317,34.72934],[135.28303,34.72962],[135.28293,34.72982],[135.28358,34.72992],[135.284,34.72998],[135.28448,34.73005],[135.28488,34.73013],[135.28584,34.73029],[135.28622,34.73035],[135.28659,34.72954],[135.28648,34.72951]]]}},{"type":"Feature","properties":{"name":"本山北町二丁目","setai":409,"jinko":781,"key":"28101059002","units":1},"geometry":{"type":"Polygon","coordinates":[[[135.28303,34.72962],[135.28317,34.72934],[135.28323,34.72935],[135.28329,34.72925],[135.28359,34.72889],[135.2836,34.72887],[135.28364,34.72876],[135.2837,34.72842],[135.2837,34.72838],[135.28371,34.72835],[135.28375,34.7282],[135.28371,34.72819],[135.28314,34.72805],[135.28289,34.72799],[135.2819,34.72774],[135.28089,34.72752],[135.28084,34.72751],[135.28073,34.72771],[135.28059,34.72792],[135.28042,34.72818],[135.28027,34.72841],[135.28014,34.7286],[135.28012,34.72888],[135.27996,34.72931],[135.27992,34.72946],[135.28131,34.72962],[135.28158,34.72965],[135.28205,34.72972],[135.28284,34.72984],[135.28291,34.72985],[135.28293,34.72982],[135.28303,34.72962]]]}},{"type":"Feature","properties":{"name":"本山北町三丁目","setai":495,"jinko":928,"key":"28101059003","units":1},"geometry":{"type":"Polygon","coordinates":[[[135.27996,34.72931],[135.28012,34.72888],[135.28014,34.7286],[135.28027,34.72841],[135.28042,34.72818],[135.28059,34.72792],[135.28073,34.72771],[135.28084,34.72751],[135.27974,34.72728],[135.27934,34.72718],[135.27865,34.72702],[135.27857,34.7272],[135.27738,34.72692],[135.27733,34.72705],[135.2773,34.7271],[135.27727,34.72716],[135.27725,34.72721],[135.27713,34.72743],[135.27704,34.72754],[135.27693,34.72779],[135.27729,34.72788],[135.2772,34.72808],[135.27717,34.72838],[135.27716,34.72843],[135.27708,34.72876],[135.27695,34.72911],[135.27693,34.72924],[135.27725,34.72927],[135.27817,34.72934],[135.27819,34.72926],[135.27843,34.7293],[135.27855,34.72931],[135.27853,34.72936],[135.27992,34.72946],[135.27996,34.72931]]]}},{"type":"Feature","properties":{"name":"本山北町四丁目","setai":431,"jinko":1010,"key":"28101059004","units":1},"geometry":{"type":"Polygon","coordinates":[[[135.28428,34.73339],[135.28424,34.733],[135.28421,34.73261],[135.28571,34.73308],[135.28565,34.7329],[135.28557,34.73273],[135.28553,34.73266],[135.28549,34.7325],[135.28547,34.73228],[135.28552,34.73203],[135.28556,34.73195],[135.28565,34.73183],[135.28573,34.73179],[135.28584,34.73176],[135.28607,34.73176],[135.28612,34.73175],[135.28617,34.73168],[135.28621,34.73158],[135.28626,34.73138],[135.28636,34.73121],[135.2859,34.73098],[135.28609,34.73064],[135.28617,34.73044],[135.28622,34.73035],[135.28584,34.73029],[135.28488,34.73013],[135.28448,34.73005],[135.284,34.72998],[135.28358,34.72992],[135.28293,34.72982],[135.28291,34.72985],[135.28284,34.72984],[135.28281,34.72992],[135.28243,34.73057],[135.28248,34.73065],[135.28234,34.73091],[135.28231,34.73098],[135.28225,34.73107],[135.28214,34.7312],[135.28231,34.73139],[135.28236,34.7315],[135.28247,34.73171],[135.28255,34.73181],[135.28268,34.73199],[135.28261,34.73206],[135.28271,34.73221],[135.28242,34.73227],[135.28251,34.73276],[135.28236,34.73269],[135.28228,34.73267],[135.28217,34.73272],[135.28196,34.73284],[135.28169,34.73288],[135.28159,34.73287],[135.2817,34.73309],[135.28178,34.7331],[135.28182,34.73305],[135.28186,34.73309],[135.28208,34.7332],[135.28219,34.73332],[135.28245,34.73332],[135.28268,34.73332],[135.28296,34.73325],[135.28347,34.73329],[135.28346,34.73344],[135.28373,34.73357],[135.28375,34.73366],[135.28397,34.73365],[135.28423,34.73361],[135.28432,34.73358],[135.2843,34.73352],[135.28428,34.73339]]]}},{"type":"Feature","properties":{"name":"本山北町五丁目","setai":488,"jinko":990,"key":"28101059005","units":1},"geometry":{"type":"Polygon","coordinates":[[[135.28073,34.73283],[135.28091,34.73282],[135.28104,34.73285],[135.28139,34.73285],[135.28159,34.73287],[135.28169,34.73288],[135.28196,34.73284],[135.28217,34.73272],[135.28228,34.73267],[135.28236,34.73269],[135.28251,34.73276],[135.28242,34.73227],[135.28271,34.73221],[135.28261,34.73206],[135.28268,34.73199],[135.28255,34.73181],[135.28247,34.73171],[135.28236,34.7315],[135.28231,34.73139],[135.28214,34.7312],[135.28225,34.73107],[135.28231,34.73098],[135.28234,34.73091],[135.28248,34.73065],[135.28243,34.73057],[135.28281,34.72992],[135.28284,34.72984],[135.28205,34.72972],[135.28158,34.72965],[135.28131,34.72962],[135.27992,34.72946],[135.27991,34.72951],[135.27985,34.72973],[135.27986,34.72984],[135.27991,34.73004],[135.27991,34.7301],[135.27986,34.73023],[135.27978,34.73055],[135.27976,34.73085],[135.27972,34.73098],[135.27968,34.73136],[135.27963,34.73138],[135.27963,34.73151],[135.27952,34.7319],[135.27955,34.73229],[135.27956,34.73252],[135.27956,34.73286],[135.2796,34.73287],[135.27962,34.73306],[135.27998,34.73308],[135.28019,34.73309],[135.28029,34.73316],[135.28055,34.7332],[135.2806,34.73297],[135.28058,34.73287],[135.28073,34.73283]]]}},{"type":"Feature","properties":{"name":"本山北町六丁目","setai":461,"jinko":970,"key":"28101059006","units":1},"geometry":{"type":"Polygon","coordinates":[[[135.27914,34.73304],[135.27942,34.73295],[135.27956,34.73286],[135.27956,34.73252],[135.27955,34.73229],[135.27952,34.7319],[135.27963,34.73151],[135.27963,34.73138],[135.27968,34.73136],[135.27972,34.73098],[135.27976,34.73085],[135.27978,34.73055],[135.27986,34.73023],[135.27991,34.7301],[135.27991,34.73004],[135.27986,34.72984],[135.27985,34.72973],[135.27991,34.72951],[135.27992,34.72946],[135.27853,34.72936],[135.27855,34.72931],[135.27843,34.7293],[135.27819,34.72926],[135.27817,34.72934],[135.27725,34.72927],[135.27693,34.72924],[135.27693,34.72927],[135.27692,34.7293],[135.27684,34.72973],[135.2767,34.73008],[135.27666,34.73016],[135.27656,34.73035],[135.27651,34.73041],[135.27637,34.7306],[135.27602,34.73106],[135.27597,34.73112],[135.27568,34.73147],[135.27549,34.73162],[135.27543,34.73167],[135.27532,34.73184],[135.2752,34.73192],[135.27509,34.73229],[135.27566,34.73232],[135.27578,34.73229],[135.27603,34.73227],[135.27603,34.73205],[135.27627,34.73204],[135.27639,34.73196],[135.27662,34.73193],[135.27683,34.73197],[135.27687,34.73205],[135.27716,34.73211],[135.27749,34.73209],[135.27753,34.73213],[135.27774,34.73224],[135.27868,34.73223],[135.27864,34.73242],[135.27856,34.7324],[135.2786,34.73267],[135.2787,34.73268],[135.27867,34.73291],[135.27875,34.73302],[135.27885,34.733],[135.2791,34.73306],[135.27914,34.73304]]]}},{"type":"Feature","properties":{"name":"本山町岡本","setai":22,"jinko":43,"key":"281010600","units":1},"geometry":{"type":"Polygon","coordinates":[[[135.27122,34.74398],[135.27155,34.74372],[135.27197,34.74347],[135.27226,34.74328],[135.27238,34.74308],[135.27305,34.74238],[135.27335,34.74198],[135.27348,34.74177],[135.27355,34.74165],[135.27367,34.74138],[135.27368,34.7412],[135.27372,34.74104],[135.27374,34.74089],[135.27379,34.7407],[135.27374,34.74044],[135.27366,34.74019],[135.27352,34.73987],[135.27352,34.73969],[135.27359,34.73949],[135.27373,34.73911],[135.27371,34.73876],[135.27376,34.73865],[135.27401,34.73848],[135.27405,34.73838],[135.27401,34.73831],[135.27395,34.73818],[135.27389,34.73805],[135.27379,34.73799],[135.27367,34.73791],[135.27365,34.7378],[135.27365,34.73768],[135.27359,34.73759],[135.27347,34.73754],[135.27336,34.73739],[135.27325,34.7373],[135.27303,34.73724],[135.27285,34.73704],[135.27289,34.73694],[135.2729,34.73685],[135.27286,34.73674],[135.27311,34.73662],[135.27335,34.73647],[135.27351,34.73632],[135.27356,34.73609],[135.27346,34.73591],[135.2735,34.73567],[135.27329,34.73534],[135.27323,34.73532],[135.27305,34.73522],[135.27285,34.73519],[135.27273,34.7351],[135.27267,34.73487],[135.27264,34.73484],[135.2726,34.7348],[135.27257,34.73478],[135.27239,34.73469],[135.27236,34.73471],[135.27228,34.73469],[135.2723,34.73464],[135.27219,34.7346],[135.27215,34.73452],[135.27209,34.73428],[135.27201,34.73416],[135.27191,34.73403],[135.27181,34.73394],[135.27172,34.73388],[135.27155,34.73379],[135.2714,34.73399],[135.27128,34.73406],[135.27116,34.73405],[135.27122,34.73396],[135.27126,34.73384],[135.27139,34.73361],[135.27151,34.73331],[135.27158,34.73306],[135.27158,34.73274],[135.27176,34.73273],[135.2719,34.73277],[135.27199,34.73291],[135.27217,34.73294],[135.27242,34.73283],[135.27249,34.73279],[135.27228,34.73272],[135.27217,34.73271],[135.27194,34.73206],[135.27131,34.73193],[135.27122,34.73202],[135.27119,34.73208],[135.27116,34.73222],[135.27119,34.73249],[135.27118,34.73264],[135.27109,34.73291],[135.27099,34.73315],[135.27092,34.73314],[135.27096,34.73331],[135.27095,34.73333],[135.27089,34.73337],[135.27083,34.73348],[135.27065,34.73343],[135.27056,34.73356],[135.27045,34.73373],[135.2704,34.73385],[135.27039,34.73393],[135.27039,34.73399],[135.2704,34.73402],[135.27029,34.73426],[135.26994,34.73439],[135.26986,34.73441],[135.26983,34.73441],[135.26942,34.73405],[135.26934,34.73401],[135.26884,34.73378],[135.26873,34.7337],[135.26872,34.73358],[135.26884,34.73328],[135.26891,34.73311],[135.26899,34.73292],[135.26901,34.73287],[135.26903,34.73285],[135.26907,34.73282],[135.26918,34.73276],[135.26932,34.73268],[135.26945,34.73262],[135.26951,34.7326],[135.26961,34.73233],[135.26962,34.73229],[135.26925,34.73232],[135.26882,34.73233],[135.26874,34.73212],[135.2688,34.73197],[135.26884,34.73179],[135.26862,34.73178],[135.26841,34.73167],[135.26835,34.73158],[135.26835,34.73154],[135.26836,34.73137],[135.26819,34.73137],[135.2681,34.73137],[135.26798,34.73138],[135.26779,34.73146],[135.26733,34.73119],[135.26687,34.73109],[135.26688,34.73102],[135.26688,34.73095],[135.26665,34.73094],[135.26648,34.73089],[135.26633,34.73087],[135.26616,34.73079],[135.26608,34.73069],[135.26601,34.73067],[135.26535,34.73036],[135.26499,34.73028],[135.26459,34.73031],[135.26445,34.7303],[135.26428,34.73056],[135.26463,34.73057],[135.26453,34.73063],[135.26436,34.73067],[135.26419,34.73073],[135.26417,34.73073],[135.2645,34.7313],[135.26454,34.73142],[135.26443,34.73157],[135.26401,34.7318],[135.26398,34.73185],[135.26388,34.73192],[135.26387,34.73192],[135.26373,34.73204],[135.26338,34.73202],[135.26338,34.73202],[135.26339,34.73211],[135.26329,34.73227],[135.26324,34.73228],[135.26317,34.73228],[135.26301,34.73233],[135.2629,34.7324],[135.26283,34.7325],[135.26271,34.73271],[135.26257,34.73278],[135.26251,34.73283],[135.26193,34.73286],[135.26184,34.7329],[135.26171,34.73294],[135.26148,34.73292],[135.26123,34.73313],[135.26094,34.73311],[135.26114,34.73346],[135.26126,34.73364],[135.26143,34.73399],[135.26153,34.73433],[135.26162,34.73451],[135.26171,34.73458],[135.2618,34.73469],[135.26202,34.73482],[135.26217,34.73496],[135.26245,34.73518],[135.26268,34.73559],[135.26282,34.73592],[135.26289,34.73631],[135.26283,34.7366],[135.26265,34.73686],[135.2622,34.73702],[135.26226,34.73713],[135.26244,34.73728],[135.26255,34.73739],[135.26261,34.73749],[135.26258,34.73769],[135.26262,34.73793],[135.26254,34.73817],[135.26259,34.73833],[135.26287,34.73886],[135.2626,34.73924],[135.2626,34.73937],[135.2625,34.73963],[135.26229,34.74009],[135.26232,34.74036],[135.26246,34.74052],[135.26306,34.74099],[135.26331,34.74106],[135.26359,34.74127],[135.26367,34.74134],[135.26384,34.74159],[135.26405,34.74201],[135.26428,34.7421],[135.26452,34.74217],[135.26465,34.7428],[135.26496,34.7434],[135.26517,34.74433],[135.2651,34.74509],[135.26508,34.74555],[135.26491,34.74564],[135.26471,34.7456],[135.26427,34.74559],[135.26392,34.74558],[135.26362,34.74561],[135.26328,34.74564],[135.26301,34.7456],[135.26255,34.74552],[135.26205,34.74532],[135.26179,34.74525],[135.2616,34.7452],[135.26134,34.74519],[135.26055,34.74534],[135.26001,34.74546],[135.25983,34.74546],[135.25933,34.7455],[135.25851,34.74576],[135.25864,34.74599],[135.25875,34.74609],[135.25892,34.74629],[135.25894,34.74632],[135.25858,34.74636],[135.25855,34.74631],[135.25842,34.74631],[135.25829,34.74634],[135.25834,34.74638],[135.25925,34.74714],[135.25977,34.74772],[135.26009,34.74824],[135.26034,34.74827],[135.26046,34.74827],[135.26051,34.74836],[135.26069,34.74867],[135.26089,34.74887],[135.261,34.74908],[135.26114,34.74928],[135.26117,34.74942],[135.26121,34.74951],[135.26133,34.74964],[135.2614,34.74956],[135.26138,34.74933],[135.26132,34.7491],[135.26126,34.74891],[135.26128,34.7488],[135.2613,34.74854],[135.26134,34.74844],[135.26146,34.74837],[135.26162,34.74833],[135.26188,34.74814],[135.2621,34.74846],[135.26226,34.74856],[135.26241,34.74861],[135.26255,34.74863],[135.2628,34.74863],[135.26311,34.74861],[135.26328,34.74868],[135.26339,34.7487],[135.26375,34.74869],[135.26391,34.74872],[135.26408,34.74877],[135.2642,34.74886],[135.26431,34.74891],[135.26449,34.74894],[135.26476,34.74893],[135.26483,34.74887],[135.26489,34.74871],[135.26487,34.74828],[135.26489,34.74807],[135.26495,34.74789],[135.26508,34.74768],[135.2652,34.74752],[135.26535,34.74742],[135.26552,34.74728],[135.26577,34.74715],[135.26599,34.74709],[135.26634,34.74702],[135.26665,34.747],[135.26703,34.74697],[135.2674,34.7469],[135.26772,34.74686],[135.26802,34.74678],[135.26817,34.74666],[135.26831,34.74659],[135.2685,34.74647],[135.26877,34.74613],[135.26895,34.74594],[135.26918,34.74564],[135.26929,34.74549],[135.26944,34.74534],[135.26959,34.74531],[135.26971,34.74512],[135.26995,34.74492],[135.27058,34.74446],[135.27088,34.74422],[135.27122,34.74398]]]}},{"type":"Feature","properties":{"name":"本山町北畑","setai":43,"jinko":106,"key":"281010610","units":1},"geometry":{"type":"Polygon","coordinates":[[[135.28161,34.74242],[135.28157,34.74206],[135.28156,34.7419],[135.28162,34.74173],[135.28158,34.74156],[135.28151,34.74144],[135.2816,34.74127],[135.28162,34.74104],[135.28157,34.74079],[135.28193,34.74062],[135.28216,34.74039],[135.28224,34.74011],[135.28221,34.73986],[135.28219,34.73975],[135.28222,34.73966],[135.28222,34.73945],[135.28207,34.73928],[135.28204,34.73922],[135.28214,34.73898],[135.28219,34.73889],[135.28231,34.73869],[135.28242,34.73849],[135.28243,34.73831],[135.2822,34.73789],[135.28211,34.73743],[135.28216,34.73709],[135.28224,34.73685],[135.28214,34.73663],[135.28209,34.73622],[135.2824,34.73594],[135.28242,34.73571],[135.28225,34.73537],[135.28217,34.73516],[135.28193,34.73426],[135.28177,34.73369],[135.2817,34.73309],[135.28159,34.73287],[135.28139,34.73285],[135.28104,34.73285],[135.28091,34.73282],[135.28073,34.73283],[135.28058,34.73287],[135.2806,34.73297],[135.28055,34.7332],[135.28029,34.73316],[135.28019,34.73309],[135.27998,34.73308],[135.27962,34.73306],[135.2796,34.73287],[135.27956,34.73286],[135.27942,34.73295],[135.27914,34.73304],[135.2791,34.73306],[135.27885,34.733],[135.27875,34.73302],[135.27867,34.73291],[135.2787,34.73268],[135.2786,34.73267],[135.27856,34.7324],[135.27839,34.73296],[135.27821,34.73317],[135.2777,34.73375],[135.27728,34.73442],[135.27703,34.73489],[135.27701,34.73512],[135.27704,34.73525],[135.27721,34.73546],[135.2775,34.73568],[135.27784,34.7358],[135.2781,34.73635],[135.2784,34.73677],[135.27865,34.7369],[135.27908,34.73682],[135.27911,34.73694],[135.27887,34.73751],[135.2787,34.73756],[135.27844,34.73798],[135.27854,34.73816],[135.27854,34.73834],[135.27845,34.73861],[135.27838,34.73886],[135.27825,34.73923],[135.27764,34.73962],[135.27739,34.7397],[135.27728,34.73984],[135.27704,34.73984],[135.2767,34.74007],[135.2772,34.74143],[135.27749,34.74136],[135.2778,34.7413],[135.27802,34.74139],[135.27838,34.74158],[135.27859,34.74177],[135.27866,34.74188],[135.27867,34.74199],[135.27854,34.74218],[135.27854,34.74234],[135.27854,34.74248],[135.27882,34.74275],[135.27893,34.74291],[135.27908,34.74321],[135.28047,34.74397],[135.28037,34.74238],[135.28136,34.74242],[135.28161,34.74242]]]}},{"type":"Feature","properties":{"name":"本山町田中","setai":2,"jinko":3,"key":"281010620","units":1},"geometry":{"type":"Polygon","coordinates":[[[135.2622,34.73702],[135.26192,34.73704],[135.2615,34.73705],[135.26125,34.73704],[135.26099,34.7369],[135.26071,34.7365],[135.26045,34.73629],[135.26037,34.7361],[135.26036,34.73595],[135.26019,34.73576],[135.26009,34.73571],[135.26003,34.73585],[135.25991,34.7361],[135.25985,34.73624],[135.25963,34.73646],[135.25956,34.7365],[135.2595,34.73653],[135.25939,34.73667],[135.25917,34.73677],[135.25901,34.73679],[135.25875,34.73672],[135.25859,34.7368],[135.25838,34.73702],[135.25831,34.7371],[135.25825,34.73727],[135.25824,34.73739],[135.25832,34.73769],[135.2584,34.73779],[135.25889,34.73819],[135.259,34.73827],[135.25914,34.73829],[135.25924,34.73832],[135.25936,34.73848],[135.25941,34.7386],[135.25944,34.73876],[135.25946,34.73919],[135.25944,34.73944],[135.25955,34.73981],[135.25956,34.73992],[135.25954,34.74014],[135.25958,34.74028],[135.25948,34.74051],[135.25951,34.74074],[135.25946,34.74088],[135.25936,34.74139],[135.25931,34.74158],[135.25916,34.74186],[135.25916,34.74205],[135.25917,34.7421],[135.25909,34.7424],[135.25907,34.74251],[135.25898,34.74262],[135.25881,34.743],[135.2588,34.74304],[135.25866,34.74321],[135.25864,34.74335],[135.25863,34.74351],[135.25866,34.74367],[135.25859,34.74378],[135.25845,34.74403],[135.2583,34.74444],[135.2583,34.74477],[135.25832,34.745],[135.25832,34.74514],[135.2584,34.74541],[135.25846,34.74566],[135.25851,34.74576],[135.25933,34.7455],[135.25983,34.74546],[135.26001,34.74546],[135.26055,34.74534],[135.26134,34.74519],[135.2616,34.7452],[135.26179,34.74525],[135.26205,34.74532],[135.26255,34.74552],[135.26301,34.7456],[135.26328,34.74564],[135.26362,34.74561],[135.26392,34.74558],[135.26427,34.74559],[135.26471,34.7456],[135.26491,34.74564],[135.26508,34.74555],[135.2651,34.74509],[135.26517,34.74433],[135.26496,34.7434],[135.26465,34.7428],[135.26452,34.74217],[135.26428,34.7421],[135.26405,34.74201],[135.26384,34.74159],[135.26367,34.74134],[135.26359,34.74127],[135.26331,34.74106],[135.26306,34.74099],[135.26246,34.74052],[135.26232,34.74036],[135.26229,34.74009],[135.2625,34.73963],[135.2626,34.73937],[135.2626,34.73924],[135.26287,34.73886],[135.26259,34.73833],[135.26254,34.73817],[135.26262,34.73793],[135.26258,34.73769],[135.26261,34.73749],[135.26255,34.73739],[135.26244,34.73728],[135.26226,34.73713],[135.2622,34.73702]]]}},{"type":"Feature","properties":{"name":"本山町田辺","setai":16,"jinko":38,"key":"281010630","units":1},"geometry":{"type":"Polygon","coordinates":[[[135.2772,34.74143],[135.2767,34.74007],[135.27704,34.73984],[135.27728,34.73984],[135.27739,34.7397],[135.27764,34.73962],[135.27825,34.73923],[135.27838,34.73886],[135.27845,34.73861],[135.27854,34.73834],[135.27854,34.73816],[135.27844,34.73798],[135.2787,34.73756],[135.27887,34.73751],[135.27911,34.73694],[135.27908,34.73682],[135.27865,34.7369],[135.2784,34.73677],[135.2781,34.73635],[135.27784,34.7358],[135.2775,34.73568],[135.27721,34.73546],[135.27704,34.73525],[135.27701,34.73512],[135.27703,34.73489],[135.27728,34.73442],[135.2777,34.73375],[135.27821,34.73317],[135.27839,34.73296],[135.27856,34.7324],[135.27864,34.73242],[135.27868,34.73223],[135.27774,34.73224],[135.27753,34.73213],[135.27749,34.73209],[135.27716,34.73211],[135.27687,34.73205],[135.27683,34.73197],[135.27662,34.73193],[135.27639,34.73196],[135.27627,34.73204],[135.27603,34.73205],[135.27603,34.73227],[135.27578,34.73229],[135.27566,34.73232],[135.27509,34.73229],[135.27494,34.73231],[135.27483,34.73235],[135.27494,34.73247],[135.27509,34.73263],[135.27513,34.73279],[135.27509,34.73296],[135.27498,34.73309],[135.27459,34.73337],[135.27424,34.73364],[135.27406,34.73382],[135.27391,34.73403],[135.27385,34.73417],[135.27383,34.73434],[135.27381,34.7346],[135.27375,34.73476],[135.27375,34.73492],[135.27367,34.73515],[135.27366,34.73534],[135.27355,34.73571],[135.2735,34.73567],[135.27346,34.73591],[135.27356,34.73609],[135.27351,34.73632],[135.27335,34.73647],[135.27311,34.73662],[135.27286,34.73674],[135.2729,34.73685],[135.27289,34.73694],[135.27285,34.73704],[135.27303,34.73724],[135.27325,34.7373],[135.27336,34.73739],[135.27347,34.73754],[135.27359,34.73759],[135.27365,34.73768],[135.27365,34.7378],[135.27367,34.73791],[135.27379,34.73799],[135.27389,34.73805],[135.27395,34.73818],[135.27401,34.73831],[135.27405,34.73838],[135.27401,34.73848],[135.27376,34.73865],[135.27371,34.73876],[135.27373,34.73911],[135.27359,34.73949],[135.27352,34.73969],[135.27352,34.73987],[135.2737,34.73993],[135.27395,34.74011],[135.27437,34.74043],[135.27457,34.7406],[135.27479,34.74079],[135.27495,34.74086],[135.2751,34.74094],[135.27517,34.74112],[135.27531,34.74131],[135.27537,34.74149],[135.27549,34.74167],[135.27574,34.74172],[135.27606,34.74171],[135.27644,34.74164],[135.27694,34.74149],[135.2772,34.74143]]]}},{"type":"Feature","properties":{"name":"本山町中野","setai":0,"jinko":0,"key":"281010640","units":1},"geometry":{"type":"Polygon","coordinates":[[[135.28542,34.73603],[135.28488,34.73585],[135.2844,34.7357],[135.28444,34.73556],[135.28444,34.73535],[135.28443,34.73511],[135.28445,34.73496],[135.28447,34.73487],[135.28447,34.73459],[135.28451,34.7344],[135.28455,34.73425],[135.2845,34.73401],[135.28443,34.73382],[135.28432,34.73358],[135.28423,34.73361],[135.28397,34.73365],[135.28375,34.73366],[135.28373,34.73357],[135.28346,34.73344],[135.28347,34.73329],[135.28296,34.73325],[135.28268,34.73332],[135.28245,34.73332],[135.28219,34.73332],[135.28208,34.7332],[135.28186,34.73309],[135.28182,34.73305],[135.28178,34.7331],[135.2817,34.73309],[135.28177,34.73369],[135.28193,34.73426],[135.28217,34.73516],[135.28225,34.73537],[135.28242,34.73571],[135.2824,34.73594],[135.28209,34.73622],[135.28214,34.73663],[135.28224,34.73685],[135.28216,34.73709],[135.28211,34.73743],[135.2822,34.73789],[135.28243,34.73831],[135.28242,34.73849],[135.28231,34.73869],[135.28219,34.73889],[135.28214,34.73898],[135.28204,34.73922],[135.28207,34.73928],[135.28222,34.73945],[135.28222,34.73966],[135.28219,34.73975],[135.28221,34.73986],[135.28224,34.74011],[135.28216,34.74039],[135.28193,34.74062],[135.28157,34.74079],[135.28162,34.74104],[135.2816,34.74127],[135.28151,34.74144],[135.28158,34.74156],[135.28162,34.74173],[135.28156,34.7419],[135.28157,34.74206],[135.28161,34.74242],[135.28171,34.74242],[135.28293,34.74243],[135.28309,34.74241],[135.28335,34.74239],[135.28343,34.74224],[135.28349,34.74201],[135.28348,34.74192],[135.28378,34.74183],[135.28408,34.74144],[135.28428,34.74133],[135.28463,34.74092],[135.28482,34.74064],[135.28495,34.74046],[135.285,34.74031],[135.28513,34.73988],[135.28498,34.73951],[135.28487,34.73917],[135.2848,34.7388],[135.28488,34.73819],[135.28517,34.73751],[135.28525,34.73707],[135.28542,34.73675],[135.28542,34.73603]]]}},{"type":"Feature","properties":{"name":"本山町野寄","setai":0,"jinko":0,"key":"281010650","units":1},"geometry":{"type":"Polygon","coordinates":[[[135.2622,34.73702],[135.26265,34.73686],[135.26283,34.7366],[135.26289,34.73631],[135.26282,34.73592],[135.26268,34.73559],[135.26245,34.73518],[135.26217,34.73496],[135.26202,34.73482],[135.2618,34.73469],[135.26171,34.73458],[135.26162,34.73451],[135.26153,34.73433],[135.26143,34.73399],[135.26126,34.73364],[135.26114,34.73346],[135.26094,34.73311],[135.2607,34.73309],[135.26051,34.7332],[135.26031,34.7333],[135.26021,34.73277],[135.26024,34.73263],[135.26011,34.73242],[135.25999,34.73221],[135.25944,34.73248],[135.25959,34.73257],[135.25968,34.7327],[135.25973,34.73286],[135.25971,34.73315],[135.25965,34.73337],[135.25946,34.7335],[135.25944,34.73368],[135.25955,34.73393],[135.25956,34.73405],[135.25953,34.73417],[135.25945,34.73436],[135.25951,34.7345],[135.25964,34.73463],[135.25991,34.73482],[135.26003,34.73494],[135.26012,34.73506],[135.2602,34.73525],[135.26024,34.73546],[135.26018,34.7356],[135.26009,34.7357],[135.26009,34.73571],[135.26019,34.73576],[135.26036,34.73595],[135.26037,34.7361],[135.26045,34.73629],[135.26071,34.7365],[135.26099,34.7369],[135.26125,34.73704],[135.2615,34.73705],[135.26192,34.73704],[135.2622,34.73702]]]}},{"type":"Feature","properties":{"name":"本山町森","setai":1,"jinko":6,"key":"281010660","units":1},"geometry":{"type":"Polygon","coordinates":[[[135.26751,34.77932],[135.26759,34.77902],[135.26787,34.77878],[135.26798,34.77861],[135.26804,34.77847],[135.26813,34.77835],[135.26828,34.77807],[135.26838,34.77795],[135.26847,34.77776],[135.2685,34.77763],[135.26848,34.77736],[135.2685,34.77721],[135.26844,34.77714],[135.26843,34.7769],[135.26858,34.77677],[135.26896,34.77641],[135.26921,34.77635],[135.26936,34.77627],[135.26948,34.77613],[135.26958,34.77596],[135.26966,34.77579],[135.26964,34.77567],[135.26959,34.77548],[135.26959,34.77518],[135.26964,34.77492],[135.2697,34.77483],[135.26996,34.77461],[135.27012,34.77452],[135.2702,34.77443],[135.27023,34.77436],[135.27016,34.77416],[135.27017,34.77404],[135.27017,34.77385],[135.27029,34.77363],[135.27031,34.77355],[135.27035,34.77334],[135.27042,34.77323],[135.27066,34.77305],[135.27078,34.77289],[135.27092,34.7728],[135.271,34.77267],[135.27114,34.77252],[135.2711,34.77229],[135.27109,34.77202],[135.27123,34.77186],[135.27128,34.77176],[135.27136,34.7715],[135.27139,34.77142],[135.27148,34.77133],[135.27162,34.77106],[135.27162,34.77099],[135.27158,34.77084],[135.27155,34.77078],[135.27147,34.77074],[135.27132,34.77048],[135.27158,34.77022],[135.27171,34.77016],[135.2718,34.77007],[135.27184,34.77],[135.2722,34.76969],[135.27246,34.76958],[135.27256,34.76952],[135.27266,34.7694],[135.27278,34.76922],[135.27298,34.76917],[135.27309,34.76912],[135.27319,34.76903],[135.27376,34.76845],[135.2737,34.76822],[135.2737,34.76812],[135.27375,34.76796],[135.27381,34.76786],[135.27399,34.76751],[135.27409,34.76737],[135.27455,34.76713],[135.27461,34.76705],[135.27477,34.7668],[135.27488,34.76671],[135.27503,34.76663],[135.27523,34.76659],[135.27547,34.76658],[135.27593,34.76646],[135.27607,34.76632],[135.27625,34.76586],[135.27635,34.7657],[135.27643,34.76562],[135.27664,34.76546],[135.27677,34.76534],[135.27695,34.76504],[135.27695,34.76483],[135.277,34.76463],[135.2772,34.76449],[135.27746,34.76433],[135.27751,34.76422],[135.27736,34.76399],[135.27729,34.76384],[135.27713,34.76356],[135.27709,34.76346],[135.2772,34.76305],[135.27725,34.7629],[135.27727,34.76277],[135.27772,34.76241],[135.27768,34.76223],[135.27764,34.76212],[135.27782,34.76179],[135.27838,34.76167],[135.27878,34.76158],[135.27926,34.76148],[135.27959,34.76144],[135.27968,34.76124],[135.27975,34.76109],[135.27986,34.76093],[135.28006,34.76053],[135.27986,34.76051],[135.27999,34.76031],[135.28006,34.76023],[135.28013,34.7602],[135.28028,34.7602],[135.28037,34.76024],[135.28054,34.75998],[135.28048,34.75982],[135.28046,34.75957],[135.28058,34.75943],[135.28058,34.75919],[135.28062,34.7591],[135.28078,34.75892],[135.28083,34.75883],[135.28084,34.75872],[135.28082,34.75861],[135.28075,34.75853],[135.28079,34.758],[135.28088,34.75775],[135.28089,34.75744],[135.28078,34.75731],[135.28069,34.75707],[135.2807,34.757],[135.28085,34.7569],[135.2809,34.75669],[135.28074,34.75643],[135.2807,34.75633],[135.28063,34.75625],[135.28054,34.7559],[135.28064,34.75561],[135.28066,34.75545],[135.28057,34.75533],[135.28054,34.75523],[135.28055,34.75511],[135.28058,34.755],[135.2807,34.75482],[135.28085,34.75463],[135.28101,34.75426],[135.28113,34.75397],[135.28102,34.75383],[135.2809,34.75367],[135.28102,34.75335],[135.28098,34.75316],[135.28088,34.75298],[135.28079,34.75287],[135.28064,34.7527],[135.28049,34.7525],[135.28028,34.75228],[135.27995,34.75187],[135.28,34.7517],[135.2801,34.75164],[135.2802,34.75159],[135.28036,34.75154],[135.2806,34.75142],[135.28067,34.75122],[135.28111,34.75082],[135.28123,34.75074],[135.28146,34.75077],[135.2817,34.75068],[135.28202,34.75068],[135.28219,34.7507],[135.28233,34.75063],[135.28251,34.75039],[135.2825,34.75027],[135.28253,34.7502],[135.2827,34.75009],[135.28301,34.74998],[135.28321,34.74988],[135.28355,34.74962],[135.28375,34.74955],[135.28453,34.74925],[135.28473,34.74909],[135.28497,34.74897],[135.28518,34.74886],[135.28561,34.74865],[135.28575,34.74859],[135.286,34.74861],[135.28639,34.74849],[135.28655,34.74841],[135.2867,34.74837],[135.28713,34.74794],[135.28729,34.74785],[135.28731,34.74775],[135.28738,34.74766],[135.28745,34.7475],[135.28747,34.74742],[135.28742,34.74731],[135.28747,34.74727],[135.2875,34.74724],[135.28751,34.74716],[135.28749,34.74694],[135.2877,34.74673],[135.28799,34.7465],[135.28819,34.74639],[135.28827,34.74632],[135.28839,34.74618],[135.28846,34.746],[135.28872,34.74579],[135.28886,34.74572],[135.28907,34.74552],[135.2891,34.74549],[135.28916,34.74518],[135.28924,34.74508],[135.28936,34.74486],[135.2874,34.74468],[135.28693,34.74467],[135.28668,34.74466],[135.28613,34.74459],[135.28585,34.74461],[135.28547,34.74455],[135.28511,34.74452],[135.28473,34.74457],[135.28435,34.74457],[135.28516,34.74366],[135.28556,34.7432],[135.28625,34.74242],[135.28658,34.74205],[135.28679,34.74188],[135.28691,34.74183],[135.28727,34.74159],[135.28746,34.74142],[135.28768,34.74115],[135.2878,34.74082],[135.28786,34.74078],[135.28846,34.74067],[135.2889,34.74058],[135.28904,34.74054],[135.289,34.74048],[135.28891,34.74041],[135.2889,34.74028],[135.28894,34.7402],[135.28918,34.7402],[135.28928,34.74022],[135.28918,34.73983],[135.28917,34.73971],[135.28919,34.73965],[135.28928,34.73954],[135.28934,34.73941],[135.28929,34.7392],[135.28935,34.73907],[135.28945,34.73895],[135.28953,34.73877],[135.28955,34.73866],[135.28951,34.73835],[135.28958,34.7383],[135.28958,34.73788],[135.28957,34.7375],[135.28925,34.73752],[135.28922,34.73729],[135.28906,34.73726],[135.28899,34.73728],[135.28884,34.73729],[135.2887,34.73726],[135.28818,34.73714],[135.28836,34.7368],[135.28849,34.73674],[135.28872,34.73644],[135.28877,34.7364],[135.28895,34.73629],[135.28891,34.73615],[135.28874,34.7361],[135.28861,34.73595],[135.2884,34.73581],[135.28834,34.73576],[135.28826,34.73576],[135.28821,34.73579],[135.28793,34.73587],[135.28754,34.73574],[135.28745,34.73557],[135.2874,34.73549],[135.28725,34.73535],[135.28676,34.73515],[135.28663,34.73505],[135.28652,34.73494],[135.2864,34.73486],[135.28612,34.73475],[135.2861,34.73505],[135.28589,34.73531],[135.28579,34.73541],[135.28572,34.7355],[135.2856,34.73572],[135.28547,34.73604],[135.28542,34.73603],[135.28542,34.73675],[135.28525,34.73707],[135.28517,34.73751],[135.28488,34.73819],[135.2848,34.7388],[135.28487,34.73917],[135.28498,34.73951],[135.28513,34.73988],[135.285,34.74031],[135.28495,34.74046],[135.28482,34.74064],[135.28463,34.74092],[135.28428,34.74133],[135.28408,34.74144],[135.28378,34.74183],[135.28348,34.74192],[135.28349,34.74201],[135.28343,34.74224],[135.28335,34.74239],[135.28309,34.74241],[135.28293,34.74243],[135.28171,34.74242],[135.28161,34.74242],[135.28136,34.74242],[135.28037,34.74238],[135.28047,34.74397],[135.27908,34.74321],[135.27893,34.74291],[135.27882,34.74275],[135.27854,34.74248],[135.27854,34.74234],[135.27854,34.74218],[135.27867,34.74199],[135.27866,34.74188],[135.27859,34.74177],[135.27838,34.74158],[135.27802,34.74139],[135.2778,34.7413],[135.27749,34.74136],[135.2772,34.74143],[135.27694,34.74149],[135.27644,34.74164],[135.27606,34.74171],[135.27574,34.74172],[135.27549,34.74167],[135.27537,34.74149],[135.27531,34.74131],[135.27517,34.74112],[135.2751,34.74094],[135.27495,34.74086],[135.27479,34.74079],[135.27457,34.7406],[135.27437,34.74043],[135.27395,34.74011],[135.2737,34.73993],[135.27352,34.73987],[135.27366,34.74019],[135.27374,34.74044],[135.27379,34.7407],[135.27374,34.74089],[135.27372,34.74104],[135.27368,34.7412],[135.27367,34.74138],[135.27355,34.74165],[135.27348,34.74177],[135.27335,34.74198],[135.27305,34.74238],[135.27238,34.74308],[135.27226,34.74328],[135.27197,34.74347],[135.27155,34.74372],[135.27122,34.74398],[135.27088,34.74422],[135.27058,34.74446],[135.26995,34.74492],[135.26971,34.74512],[135.26959,34.74531],[135.26944,34.74534],[135.26929,34.74549],[135.26918,34.74564],[135.26895,34.74594],[135.26877,34.74613],[135.2685,34.74647],[135.26831,34.74659],[135.26817,34.74666],[135.26802,34.74678],[135.26772,34.74686],[135.2674,34.7469],[135.26703,34.74697],[135.26665,34.747],[135.26634,34.74702],[135.26599,34.74709],[135.26577,34.74715],[135.26552,34.74728],[135.26535,34.74742],[135.2652,34.74752],[135.26508,34.74768],[135.26495,34.74789],[135.26489,34.74807],[135.26487,34.74828],[135.26489,34.74871],[135.26483,34.74887],[135.26476,34.74893],[135.26449,34.74894],[135.26431,34.74891],[135.2642,34.74886],[135.26408,34.74877],[135.26391,34.74872],[135.26375,34.74869],[135.26339,34.7487],[135.26328,34.74868],[135.26311,34.74861],[135.2628,34.74863],[135.26255,34.74863],[135.26241,34.74861],[135.26226,34.74856],[135.2621,34.74846],[135.26188,34.74814],[135.26162,34.74833],[135.26146,34.74837],[135.26134,34.74844],[135.2613,34.74854],[135.26128,34.7488],[135.26126,34.74891],[135.26132,34.7491],[135.26138,34.74933],[135.2614,34.74956],[135.26133,34.74964],[135.26121,34.74951],[135.26117,34.74942],[135.26114,34.74928],[135.261,34.74908],[135.26089,34.74887],[135.26069,34.74867],[135.26051,34.74836],[135.26046,34.74827],[135.26034,34.74827],[135.26009,34.74824],[135.26015,34.74835],[135.26105,34.7498],[135.26154,34.75059],[135.26176,34.75154],[135.26106,34.7523],[135.26046,34.75305],[135.26017,34.75363],[135.26022,34.75422],[135.26058,34.75475],[135.2605,34.75518],[135.2604,34.75536],[135.26021,34.75561],[135.26034,34.75596],[135.26033,34.75604],[135.26013,34.75617],[135.25972,34.7564],[135.2596,34.75649],[135.25937,34.75675],[135.25922,34.75689],[135.25896,34.75701],[135.25877,34.75717],[135.25863,34.75725],[135.25844,34.75747],[135.25833,34.75763],[135.2583,34.75769],[135.25842,34.75819],[135.25844,34.75838],[135.25835,34.75878],[135.25837,34.759],[135.25837,34.7591],[135.25814,34.75924],[135.25775,34.75932],[135.25768,34.75934],[135.25746,34.75954],[135.25728,34.75964],[135.25711,34.75971],[135.2563,34.75981],[135.25618,34.76021],[135.25612,34.76032],[135.25591,34.76067],[135.25587,34.76093],[135.25575,34.76112],[135.25561,34.76147],[135.25559,34.76158],[135.25565,34.76174],[135.25574,34.76193],[135.25547,34.7621],[135.25533,34.76226],[135.25518,34.76266],[135.25509,34.76272],[135.25459,34.76276],[135.25442,34.76271],[135.254,34.76272],[135.25365,34.76276],[135.25385,34.7629],[135.25469,34.76352],[135.25567,34.76424],[135.25622,34.76465],[135.25774,34.76576],[135.2598,34.76729],[135.25919,34.76809],[135.25841,34.76914],[135.25797,34.76975],[135.25677,34.77137],[135.25697,34.77145],[135.25731,34.77153],[135.25763,34.77163],[135.25778,34.77169],[135.25813,34.77189],[135.25834,34.772],[135.25833,34.77207],[135.25829,34.77217],[135.25829,34.77233],[135.2584,34.77251],[135.25864,34.7727],[135.25886,34.7728],[135.25906,34.77286],[135.25932,34.7729],[135.25979,34.7734],[135.2598,34.7736],[135.25986,34.77374],[135.26049,34.77374],[135.26036,34.77393],[135.2602,34.77412],[135.26039,34.77437],[135.26076,34.77474],[135.26105,34.77497],[135.26124,34.77544],[135.2625,34.7753],[135.26385,34.77658],[135.26392,34.77669],[135.26395,34.7769],[135.26397,34.77716],[135.26395,34.77734],[135.26385,34.77734],[135.26371,34.77796],[135.26396,34.77796],[135.26535,34.77815],[135.26538,34.77816],[135.26553,34.77898],[135.26585,34.77926],[135.26605,34.77922],[135.26636,34.77957],[135.26633,34.78],[135.26661,34.78013],[135.26684,34.78027],[135.26717,34.77972],[135.26736,34.77948],[135.26751,34.77932]]]}},{"type":"Feature","properties":{"name":"本山中町一丁目","setai":459,"jinko":951,"key":"28101067001","units":1},"geometry":{"type":"Polygon","coordinates":[[[135.28822,34.72835],[135.28834,34.72802],[135.28848,34.72765],[135.28865,34.72709],[135.28776,34.7268],[135.28662,34.72642],[135.28637,34.72698],[135.28617,34.72735],[135.28599,34.72773],[135.28585,34.72807],[135.28554,34.72799],[135.28542,34.72831],[135.28539,34.72837],[135.2853,34.72859],[135.28672,34.72897],[135.28785,34.72927],[135.28797,34.72896],[135.28806,34.72873],[135.28819,34.7284],[135.28822,34.72835]]]}},{"type":"Feature","properties":{"name":"本山中町二丁目","setai":585,"jinko":1200,"key":"28101067002","units":1},"geometry":{"type":"Polygon","coordinates":[[[135.28542,34.72831],[135.28554,34.72799],[135.28585,34.72807],[135.28599,34.72773],[135.28617,34.72735],[135.28637,34.72698],[135.28662,34.72642],[135.28598,34.72621],[135.28547,34.72606],[135.28538,34.72603],[135.28503,34.72591],[135.28501,34.7259],[135.28439,34.7257],[135.28427,34.72566],[135.28409,34.72603],[135.284,34.72622],[135.2838,34.72665],[135.28362,34.72703],[135.28344,34.7274],[135.28343,34.72744],[135.28328,34.72776],[135.28314,34.72805],[135.28371,34.72819],[135.28375,34.7282],[135.28433,34.72835],[135.28446,34.72838],[135.2853,34.72859],[135.28539,34.72837],[135.28542,34.72831]]]}},{"type":"Feature","properties":{"name":"本山中町三丁目","setai":763,"jinko":1502,"key":"28101067003","units":1},"geometry":{"type":"Polygon","coordinates":[[[135.28291,34.72523],[135.28211,34.72498],[135.28186,34.72553],[135.28165,34.72596],[135.28145,34.72638],[135.28124,34.72683],[135.28107,34.72718],[135.28089,34.72752],[135.2819,34.72774],[135.28289,34.72799],[135.28314,34.72805],[135.28328,34.72776],[135.28343,34.72744],[135.28344,34.7274],[135.28362,34.72703],[135.2838,34.72665],[135.284,34.72622],[135.28409,34.72603],[135.28427,34.72566],[135.28387,34.72554],[135.28385,34.72553],[135.28304,34.72527],[135.28291,34.72523]]]}},{"type":"Feature","properties":{"name":"本山中町四丁目","setai":1159,"jinko":2191,"key":"28101067004","units":1},"geometry":{"type":"Polygon","coordinates":[[[135.2791,34.72401],[135.27877,34.72391],[135.27863,34.72423],[135.27853,34.72445],[135.27843,34.72467],[135.27833,34.72489],[135.2781,34.72539],[135.27787,34.7259],[135.27768,34.72629],[135.27746,34.72673],[135.27865,34.72702],[135.27934,34.72718],[135.27974,34.72728],[135.28084,34.72751],[135.28089,34.72752],[135.28107,34.72718],[135.28124,34.72683],[135.28145,34.72638],[135.28165,34.72596],[135.28186,34.72553],[135.28211,34.72498],[135.28207,34.72496],[135.2816,34.72482],[135.28102,34.72464],[135.28097,34.72462],[135.28074,34.72454],[135.28054,34.72447],[135.28039,34.72442],[135.28038,34.72442],[135.28009,34.72433],[135.27987,34.72426],[135.2791,34.72401]]]}},{"type":"Feature","properties":{"name":"本山南町一丁目","setai":291,"jinko":704,"key":"28101068001","units":1},"geometry":{"type":"Polygon","coordinates":[[[135.28771,34.72254],[135.28731,34.7224],[135.287,34.72258],[135.28689,34.72285],[135.28677,34.72314],[135.2866,34.72351],[135.28653,34.72368],[135.28645,34.72388],[135.28763,34.72423],[135.288,34.72434],[135.2888,34.72456],[135.28903,34.72408],[135.28912,34.72387],[135.28949,34.72312],[135.28914,34.72301],[135.2889,34.72293],[135.28832,34.72274],[135.28771,34.72254]]]}},{"type":"Feature","properties":{"name":"本山南町二丁目","setai":515,"jinko":980,"key":"28101068002","units":1},"geometry":{"type":"Polygon","coordinates":[[[135.28653,34.72368],[135.2866,34.72351],[135.28677,34.72314],[135.28689,34.72285],[135.287,34.72258],[135.28731,34.7224],[135.28715,34.72234],[135.28712,34.72232],[135.28688,34.72224],[135.28657,34.72214],[135.28608,34.72198],[135.28599,34.72195],[135.28583,34.7219],[135.28575,34.72187],[135.28559,34.72182],[135.28536,34.72175],[135.2853,34.72173],[135.28514,34.72168],[135.28479,34.72157],[135.28464,34.72191],[135.2844,34.72246],[135.28421,34.72285],[135.28402,34.72327],[135.28435,34.72337],[135.2845,34.72342],[135.28485,34.72354],[135.28491,34.72356],[135.28515,34.72363],[135.28525,34.72361],[135.28533,34.72361],[135.28545,34.72361],[135.28562,34.72365],[135.28565,34.72366],[135.28645,34.72388],[135.28653,34.72368]]]}},{"type":"Feature","properties":{"name":"本山南町三丁目","setai":760,"jinko":2295,"key":"28101068003","units":1},"geometry":{"type":"Polygon","coordinates":[[[135.28269,34.72091],[135.28153,34.72053],[135.2814,34.72081],[135.2813,34.72101],[135.2813,34.72101],[135.28125,34.72112],[135.28112,34.72141],[135.28099,34.72167],[135.2807,34.72229],[135.28117,34.72243],[135.28164,34.72256],[135.28206,34.72268],[135.28263,34.72285],[135.28298,34.72295],[135.28334,34.72305],[135.28366,34.72315],[135.28402,34.72327],[135.28421,34.72285],[135.2844,34.72246],[135.28464,34.72191],[135.28479,34.72157],[135.28421,34.72139],[135.28374,34.72124],[135.28363,34.72121],[135.28289,34.72097],[135.28269,34.72091]]]}},{"type":"Feature","properties":{"name":"本山南町四丁目","setai":226,"jinko":404,"key":"28101068004","units":1},"geometry":{"type":"Polygon","coordinates":[[[135.27993,34.72004],[135.27927,34.71983],[135.27917,34.72004],[135.27903,34.72033],[135.27885,34.72073],[135.2786,34.72123],[135.27839,34.72167],[135.27918,34.72187],[135.27953,34.72196],[135.28005,34.7221],[135.28022,34.72215],[135.2807,34.72229],[135.28099,34.72167],[135.28112,34.72141],[135.28125,34.72112],[135.2813,34.72101],[135.2813,34.72101],[135.2814,34.72081],[135.28153,34.72053],[135.28089,34.72032],[135.28084,34.72032],[135.28048,34.72021],[135.28013,34.7201],[135.27993,34.72004]]]}},{"type":"Feature","properties":{"name":"本山南町五丁目","setai":571,"jinko":1605,"key":"28101068005","units":1},"geometry":{"type":"Polygon","coordinates":[[[135.27766,34.71932],[135.27693,34.71909],[135.27683,34.71931],[135.27682,34.71933],[135.27674,34.7195],[135.2767,34.71959],[135.27668,34.71963],[135.27665,34.71969],[135.27659,34.71982],[135.27657,34.71986],[135.27653,34.71996],[135.27651,34.71999],[135.27648,34.72006],[135.27637,34.72031],[135.27632,34.72047],[135.27629,34.72063],[135.27628,34.7208],[135.27631,34.72107],[135.27682,34.72122],[135.27696,34.72126],[135.27731,34.72136],[135.2778,34.7215],[135.27783,34.72151],[135.27839,34.72167],[135.2786,34.72123],[135.27885,34.72073],[135.27903,34.72033],[135.27917,34.72004],[135.27927,34.71983],[135.27861,34.71962],[135.27818,34.71949],[135.27766,34.71932]]]}},{"type":"Feature","properties":{"name":"本山南町六丁目","setai":656,"jinko":1529,"key":"28101068006","units":1},"geometry":{"type":"Polygon","coordinates":[[[135.28763,34.72423],[135.28645,34.72388],[135.28638,34.72403],[135.2863,34.72418],[135.28625,34.72433],[135.28617,34.7245],[135.2859,34.72513],[135.28571,34.72555],[135.28547,34.72606],[135.28598,34.72621],[135.28662,34.72642],[135.28776,34.7268],[135.288,34.72629],[135.2882,34.72585],[135.28852,34.72515],[135.2888,34.72456],[135.288,34.72434],[135.28763,34.72423]]]}},{"type":"Feature","properties":{"name":"本山南町七丁目","setai":708,"jinko":1476,"key":"28101068007","units":1},"geometry":{"type":"Polygon","coordinates":[[[135.28562,34.72365],[135.28545,34.72361],[135.28533,34.72361],[135.28525,34.72361],[135.28515,34.72363],[135.28491,34.72356],[135.28485,34.72354],[135.2845,34.72342],[135.28435,34.72337],[135.28402,34.72327],[135.28391,34.72349],[135.28379,34.72374],[135.28361,34.7241],[135.28356,34.7242],[135.28349,34.72437],[135.28329,34.72478],[135.28325,34.72486],[135.28304,34.72527],[135.28385,34.72553],[135.28387,34.72554],[135.28427,34.72566],[135.28439,34.7257],[135.28501,34.7259],[135.28503,34.72591],[135.28538,34.72603],[135.28547,34.72606],[135.28571,34.72555],[135.2859,34.72513],[135.28617,34.7245],[135.28625,34.72433],[135.2863,34.72418],[135.28638,34.72403],[135.28645,34.72388],[135.28565,34.72366],[135.28562,34.72365]]]}},{"type":"Feature","properties":{"name":"本山南町八丁目","setai":839,"jinko":1739,"key":"28101068008","units":1},"geometry":{"type":"Polygon","coordinates":[[[135.28117,34.72243],[135.2807,34.72229],[135.2806,34.72251],[135.28058,34.72256],[135.28053,34.72269],[135.28046,34.72283],[135.28044,34.72288],[135.28038,34.72302],[135.28024,34.72334],[135.2802,34.72346],[135.28013,34.72362],[135.28009,34.72371],[135.28007,34.72377],[135.28002,34.72389],[135.28,34.72392],[135.27995,34.72406],[135.27987,34.72426],[135.28009,34.72433],[135.28038,34.72442],[135.28039,34.72442],[135.28054,34.72447],[135.28074,34.72454],[135.28097,34.72462],[135.28102,34.72464],[135.2816,34.72482],[135.28207,34.72496],[135.28211,34.72498],[135.28291,34.72523],[135.28304,34.72527],[135.28325,34.72486],[135.28329,34.72478],[135.28349,34.72437],[135.28356,34.7242],[135.28361,34.7241],[135.28379,34.72374],[135.28391,34.72349],[135.28402,34.72327],[135.28366,34.72315],[135.28334,34.72305],[135.28298,34.72295],[135.28263,34.72285],[135.28206,34.72268],[135.28164,34.72256],[135.28117,34.72243]]]}},{"type":"Feature","properties":{"name":"本山南町九丁目","setai":1028,"jinko":2208,"key":"28101068009","units":1},"geometry":{"type":"Polygon","coordinates":[[[135.27918,34.72187],[135.27839,34.72167],[135.27831,34.72189],[135.27827,34.722],[135.27826,34.72202],[135.27815,34.72228],[135.27813,34.72233],[135.27799,34.72267],[135.27798,34.7227],[135.27776,34.72315],[135.27758,34.72352],[135.27798,34.72366],[135.27823,34.72373],[135.27877,34.72391],[135.2791,34.72401],[135.27987,34.72426],[135.27995,34.72406],[135.28,34.72392],[135.28002,34.72389],[135.28007,34.72377],[135.28009,34.72371],[135.28013,34.72362],[135.2802,34.72346],[135.28024,34.72334],[135.28038,34.72302],[135.28044,34.72288],[135.28046,34.72283],[135.28053,34.72269],[135.28058,34.72256],[135.2806,34.72251],[135.2807,34.72229],[135.28022,34.72215],[135.28005,34.7221],[135.27953,34.72196],[135.27918,34.72187]]]}},{"type":"Feature","properties":{"name":"森北町一丁目","setai":375,"jinko":800,"key":"28101069001","units":1},"geometry":{"type":"Polygon","coordinates":[[[135.29147,34.73019],[135.2914,34.73018],[135.29134,34.73038],[135.29117,34.73088],[135.29128,34.73091],[135.29102,34.73151],[135.29168,34.73183],[135.29282,34.73241],[135.29381,34.73292],[135.29382,34.7329],[135.29397,34.73257],[135.2941,34.73226],[135.29421,34.73213],[135.2943,34.73196],[135.2943,34.73194],[135.2943,34.73192],[135.29442,34.73165],[135.29445,34.73159],[135.29458,34.73128],[135.29468,34.73104],[135.29409,34.73087],[135.2934,34.73068],[135.29241,34.73042],[135.29147,34.73019]]]}},{"type":"Feature","properties":{"name":"森北町二丁目","setai":248,"jinko":396,"key":"28101069002","units":1},"geometry":{"type":"Polygon","coordinates":[[[135.29013,34.72985],[135.28887,34.72954],[135.28882,34.7297],[135.28876,34.72993],[135.2887,34.73015],[135.28865,34.73024],[135.28858,34.73044],[135.28856,34.73061],[135.28853,34.73072],[135.28882,34.73078],[135.28962,34.73097],[135.29027,34.73118],[135.29102,34.73151],[135.29128,34.73091],[135.29117,34.73088],[135.29134,34.73038],[135.2914,34.73018],[135.29013,34.72985]]]}},{"type":"Feature","properties":{"name":"森北町三丁目","setai":397,"jinko":887,"key":"28101069003","units":1},"geometry":{"type":"Polygon","coordinates":[[[135.28785,34.72927],[135.28672,34.72897],[135.28665,34.72912],[135.28648,34.72951],[135.28659,34.72954],[135.28622,34.73035],[135.28724,34.73051],[135.28785,34.73061],[135.28803,34.73064],[135.28853,34.73072],[135.28856,34.73061],[135.28858,34.73044],[135.28865,34.73024],[135.2887,34.73015],[135.28876,34.72993],[135.28882,34.7297],[135.28887,34.72954],[135.28785,34.72927]]]}},{"type":"Feature","properties":{"name":"森北町四丁目","setai":577,"jinko":1222,"key":"28101069004","units":1},"geometry":{"type":"Polygon","coordinates":[[[135.29282,34.73241],[135.29168,34.73183],[135.29102,34.73151],[135.29027,34.73118],[135.28962,34.73097],[135.28882,34.73078],[135.28853,34.73072],[135.28803,34.73064],[135.28785,34.73061],[135.28724,34.73051],[135.28622,34.73035],[135.28617,34.73044],[135.28609,34.73064],[135.2859,34.73098],[135.28636,34.73121],[135.28639,34.73125],[135.28714,34.73185],[135.28726,34.73196],[135.28743,34.73208],[135.28761,34.73217],[135.28779,34.73225],[135.28811,34.73234],[135.28842,34.73239],[135.28859,34.73241],[135.28877,34.73242],[135.28895,34.73242],[135.28936,34.7324],[135.28951,34.73239],[135.28978,34.73233],[135.28999,34.7323],[135.29025,34.73228],[135.29043,34.73229],[135.29062,34.73232],[135.29084,34.73236],[135.2912,34.73253],[135.29146,34.73267],[135.29171,34.7328],[135.29218,34.73307],[135.29233,34.73316],[135.29276,34.73341],[135.29303,34.73358],[135.29321,34.73371],[135.29336,34.73352],[135.29338,34.73351],[135.29357,34.73342],[135.29363,34.73335],[135.29365,34.73331],[135.29372,34.73319],[135.29373,34.73314],[135.29381,34.73294],[135.29381,34.73292],[135.29282,34.73241]]]}},{"type":"Feature","properties":{"name":"森北町五丁目","setai":268,"jinko":648,"key":"28101069005","units":1},"geometry":{"type":"Polygon","coordinates":[[[135.29043,34.73229],[135.29025,34.73228],[135.28999,34.7323],[135.28978,34.73233],[135.28951,34.73239],[135.28936,34.7324],[135.28895,34.73242],[135.28924,34.73313],[135.28936,34.73339],[135.28941,34.73355],[135.28953,34.73381],[135.28963,34.73406],[135.28975,34.73439],[135.28979,34.73464],[135.28983,34.7348],[135.28989,34.73514],[135.29,34.73516],[135.29091,34.73528],[135.29112,34.73567],[135.2913,34.73603],[135.2914,34.73615],[135.2916,34.73595],[135.29196,34.73565],[135.29224,34.7354],[135.29236,34.73528],[135.29246,34.73519],[135.29269,34.73488],[135.29279,34.7347],[135.29276,34.73469],[135.2925,34.73442],[135.29258,34.73406],[135.29276,34.73341],[135.29233,34.73316],[135.29218,34.73307],[135.29171,34.7328],[135.29146,34.73267],[135.2912,34.73253],[135.29084,34.73236],[135.29062,34.73232],[135.29043,34.73229]]]}},{"type":"Feature","properties":{"name":"森北町六丁目","setai":349,"jinko":1006,"key":"28101069006","units":1},"geometry":{"type":"Polygon","coordinates":[[[135.28963,34.73584],[135.28978,34.73566],[135.28986,34.73554],[135.28993,34.73536],[135.28989,34.73514],[135.28983,34.7348],[135.28979,34.73464],[135.28975,34.73439],[135.28963,34.73406],[135.28953,34.73381],[135.28941,34.73355],[135.28936,34.73339],[135.28924,34.73313],[135.28895,34.73242],[135.28877,34.73242],[135.28859,34.73241],[135.28842,34.73239],[135.28811,34.73234],[135.28779,34.73225],[135.28761,34.73217],[135.28743,34.73208],[135.28726,34.73196],[135.28714,34.73185],[135.28639,34.73125],[135.28636,34.73121],[135.28626,34.73138],[135.28621,34.73158],[135.28617,34.73168],[135.28612,34.73175],[135.28607,34.73176],[135.28584,34.73176],[135.28573,34.73179],[135.28565,34.73183],[135.28556,34.73195],[135.28552,34.73203],[135.28547,34.73228],[135.28549,34.7325],[135.28553,34.73266],[135.28557,34.73273],[135.28565,34.7329],[135.28571,34.73308],[135.28577,34.73335],[135.28579,34.7335],[135.2858,34.73362],[135.2859,34.7339],[135.28613,34.73434],[135.28612,34.73475],[135.2864,34.73486],[135.28652,34.73494],[135.28663,34.73505],[135.28676,34.73515],[135.28725,34.73535],[135.2874,34.73549],[135.28745,34.73557],[135.28754,34.73574],[135.28793,34.73587],[135.28821,34.73579],[135.28826,34.73576],[135.28834,34.73576],[135.2884,34.73581],[135.28861,34.73595],[135.28874,34.7361],[135.28891,34.73615],[135.28895,34.73629],[135.28935,34.73605],[135.28943,34.73601],[135.28956,34.7359],[135.28963,34.73584]]]}},{"type":"Feature","properties":{"name":"森北町七丁目","setai":447,"jinko":1211,"key":"28101069007","units":1},"geometry":{"type":"Polygon","coordinates":[[[135.29026,34.74043],[135.29052,34.73949],[135.29058,34.73921],[135.29061,34.739],[135.2907,34.7388],[135.29073,34.73873],[135.29081,34.73853],[135.29092,34.73831],[135.29113,34.73794],[135.29118,34.73787],[135.29121,34.73783],[135.29128,34.73771],[135.29125,34.7377],[135.29107,34.73765],[135.29112,34.73758],[135.29117,34.73749],[135.29124,34.73738],[135.29126,34.73735],[135.29135,34.73739],[135.29142,34.73748],[135.29156,34.73726],[135.29173,34.73718],[135.29194,34.73711],[135.29211,34.73706],[135.29249,34.73694],[135.29267,34.73688],[135.29253,34.73651],[135.29239,34.73615],[135.29228,34.73598],[135.29222,34.73596],[135.29219,34.73594],[135.29196,34.73565],[135.2916,34.73595],[135.2914,34.73615],[135.2913,34.73603],[135.29112,34.73567],[135.29091,34.73528],[135.29,34.73516],[135.28989,34.73514],[135.28993,34.73536],[135.28986,34.73554],[135.28978,34.73566],[135.28963,34.73584],[135.28956,34.7359],[135.28943,34.73601],[135.28935,34.73605],[135.28895,34.73629],[135.28877,34.7364],[135.28872,34.73644],[135.28849,34.73674],[135.28836,34.7368],[135.28818,34.73714],[135.2887,34.73726],[135.28884,34.73729],[135.28899,34.73728],[135.28906,34.73726],[135.28922,34.73729],[135.28925,34.73752],[135.28957,34.7375],[135.28958,34.73788],[135.28958,34.7383],[135.28951,34.73835],[135.28955,34.73866],[135.28953,34.73877],[135.28945,34.73895],[135.28935,34.73907],[135.28929,34.7392],[135.28934,34.73941],[135.28928,34.73954],[135.28919,34.73965],[135.28917,34.73971],[135.28918,34.73983],[135.28928,34.74022],[135.28918,34.7402],[135.28894,34.7402],[135.2889,34.74028],[135.28891,34.74041],[135.289,34.74048],[135.28904,34.74054],[135.2892,34.74073],[135.28951,34.74099],[135.28961,34.74099],[135.28978,34.74092],[135.28984,34.74081],[135.29015,34.74067],[135.29022,34.7406],[135.29026,34.74043]]]}},{"type":"Feature","properties":{"name":"森南町一丁目","setai":858,"jinko":1663,"key":"28101070001","units":1},"geometry":{"type":"Polygon","coordinates":[[[135.2959,34.73133],[135.29607,34.73092],[135.29615,34.73071],[135.29618,34.73063],[135.2962,34.73061],[135.29629,34.73038],[135.29557,34.7302],[135.29554,34.73021],[135.29547,34.73022],[135.29515,34.73011],[135.29516,34.7301],[135.29528,34.72982],[135.29528,34.7298],[135.29545,34.72942],[135.29553,34.72929],[135.29516,34.72917],[135.29495,34.7291],[135.29423,34.72887],[135.29392,34.72877],[135.29381,34.72874],[135.29327,34.72856],[135.29283,34.72842],[135.2925,34.72831],[135.29223,34.72822],[135.29218,34.72832],[135.292,34.72878],[135.29186,34.72914],[135.29172,34.72953],[135.2916,34.72983],[135.29147,34.73019],[135.29241,34.73042],[135.2934,34.73068],[135.29409,34.73087],[135.29468,34.73104],[135.29468,34.73102],[135.29509,34.73114],[135.29561,34.73129],[135.29581,34.73133],[135.29589,34.73136],[135.2959,34.73133]]]}},{"type":"Feature","properties":{"name":"森南町二丁目","setai":449,"jinko":836,"key":"28101070002","units":1},"geometry":{"type":"Polygon","coordinates":[[[135.2903,34.72761],[135.28989,34.72748],[135.28962,34.72802],[135.28947,34.72834],[135.28945,34.72838],[135.28927,34.72874],[135.28911,34.72905],[135.28901,34.72924],[135.28891,34.72942],[135.28889,34.72947],[135.28887,34.72954],[135.29013,34.72985],[135.2914,34.73018],[135.29147,34.73019],[135.2916,34.72983],[135.29172,34.72953],[135.29186,34.72914],[135.292,34.72878],[135.29218,34.72832],[135.29223,34.72822],[135.29163,34.72803],[135.29151,34.728],[135.29109,34.72786],[135.29062,34.72771],[135.2903,34.72761]]]}},{"type":"Feature","properties":{"name":"森南町三丁目","setai":326,"jinko":726,"key":"28101070003","units":1},"geometry":{"type":"Polygon","coordinates":[[[135.28924,34.72728],[135.28865,34.72709],[135.28848,34.72765],[135.28834,34.72802],[135.28822,34.72835],[135.28819,34.7284],[135.28806,34.72873],[135.28797,34.72896],[135.28785,34.72927],[135.28887,34.72954],[135.28889,34.72947],[135.28891,34.72942],[135.28901,34.72924],[135.28911,34.72905],[135.28927,34.72874],[135.28945,34.72838],[135.28947,34.72834],[135.28962,34.72802],[135.28989,34.72748],[135.28938,34.72733],[135.28924,34.72728]]]}},{"type":"Feature","properties":{"name":"住吉本町一丁目","setai":1579,"jinko":2869,"key":"28101071001","units":1},"geometry":{"type":"Polygon","coordinates":[[[135.26326,34.71961],[135.26298,34.71952],[135.26295,34.7196],[135.26286,34.71958],[135.26173,34.7193],[135.26141,34.71922],[135.26138,34.71911],[135.2613,34.71912],[135.26118,34.7191],[135.26097,34.71906],[135.26086,34.71905],[135.26065,34.71902],[135.26069,34.71919],[135.26076,34.71967],[135.26076,34.71988],[135.26072,34.72037],[135.26071,34.72044],[135.26067,34.72068],[135.26061,34.72085],[135.2605,34.72111],[135.2603,34.72148],[135.2602,34.72168],[135.25999,34.72222],[135.25978,34.72279],[135.26003,34.72285],[135.26028,34.72293],[135.2607,34.72304],[135.26073,34.72306],[135.26138,34.72326],[135.26144,34.72328],[135.26177,34.72337],[135.26206,34.72347],[135.26217,34.72351],[135.26262,34.72365],[135.26307,34.7238],[135.26342,34.72396],[135.26349,34.72401],[135.2637,34.72373],[135.26382,34.72357],[135.26414,34.72318],[135.26437,34.7229],[135.26455,34.72269],[135.26511,34.72209],[135.2654,34.72179],[135.26559,34.72161],[135.26591,34.72125],[135.2661,34.72105],[135.26615,34.72097],[135.26585,34.72079],[135.26546,34.72057],[135.26527,34.72048],[135.26506,34.72035],[135.26497,34.72031],[135.26486,34.72025],[135.26473,34.72019],[135.26421,34.71998],[135.26381,34.71979],[135.26352,34.71968],[135.26326,34.71961]]]}},{"type":"Feature","properties":{"name":"住吉本町二丁目","setai":918,"jinko":1602,"key":"28101071002","units":1},"geometry":{"type":"Polygon","coordinates":[[[135.25944,34.71887],[135.25916,34.71884],[135.25887,34.71885],[135.25823,34.71888],[135.25767,34.71893],[135.25754,34.71894],[135.25713,34.71897],[135.25695,34.71899],[135.25694,34.71923],[135.25693,34.71946],[135.25698,34.71973],[135.25699,34.71979],[135.25704,34.72006],[135.25717,34.72073],[135.25721,34.72102],[135.25722,34.72108],[135.25724,34.72122],[135.25721,34.72136],[135.25712,34.72172],[135.25701,34.72211],[135.25698,34.72226],[135.25756,34.72238],[135.25829,34.72251],[135.25836,34.72253],[135.25875,34.7226],[135.25878,34.72261],[135.25933,34.72272],[135.25978,34.72279],[135.25999,34.72222],[135.2602,34.72168],[135.2603,34.72148],[135.2605,34.72111],[135.26061,34.72085],[135.26067,34.72068],[135.26071,34.72044],[135.26072,34.72037],[135.26076,34.71988],[135.26076,34.71967],[135.26069,34.71919],[135.26065,34.71902],[135.26043,34.719],[135.25944,34.71887]]]}},{"type":"Feature","properties":{"name":"住吉本町三丁目","setai":943,"jinko":2168,"key":"28101071003","units":1},"geometry":{"type":"Polygon","coordinates":[[[135.2628,34.72489],[135.26303,34.72459],[135.26349,34.72401],[135.26342,34.72396],[135.26307,34.7238],[135.26262,34.72365],[135.26217,34.72351],[135.26206,34.72347],[135.26177,34.72337],[135.26144,34.72328],[135.26138,34.72326],[135.26073,34.72306],[135.2607,34.72304],[135.26028,34.72293],[135.26003,34.72285],[135.25978,34.72279],[135.25933,34.72272],[135.25878,34.72261],[135.25875,34.7226],[135.25836,34.72253],[135.25829,34.72251],[135.25756,34.72238],[135.25698,34.72226],[135.25692,34.72262],[135.25691,34.72267],[135.25691,34.72277],[135.2569,34.72286],[135.25692,34.72308],[135.25694,34.72322],[135.25696,34.72337],[135.25698,34.72351],[135.25697,34.72358],[135.25697,34.72365],[135.25712,34.72369],[135.25697,34.72377],[135.25692,34.72401],[135.25684,34.72423],[135.25678,34.7243],[135.25656,34.72454],[135.25649,34.72469],[135.25648,34.72482],[135.25651,34.72495],[135.25645,34.72508],[135.25668,34.72506],[135.2572,34.72499],[135.25757,34.72494],[135.25766,34.72493],[135.25784,34.72491],[135.25815,34.72489],[135.25838,34.72488],[135.25886,34.72489],[135.25921,34.72491],[135.25963,34.72496],[135.25982,34.72499],[135.25997,34.72502],[135.26013,34.72505],[135.26037,34.7251],[135.26064,34.72516],[135.26095,34.72524],[135.26105,34.72528],[135.26161,34.72542],[135.26214,34.72556],[135.26225,34.72559],[135.26255,34.72521],[135.26264,34.7251],[135.2628,34.72489]]]}},{"type":"Feature","properties":{"name":"向洋町中一丁目","setai":1687,"jinko":3535,"key":"28101072001","units":1},"geometry":{"type":"Polygon","coordinates":[[[135.2713,34.69023],[135.26932,34.69005],[135.2691,34.69132],[135.26908,34.69148],[135.26905,34.69163],[135.26903,34.6918],[135.269,34.69197],[135.26898,34.69213],[135.26896,34.69229],[135.26894,34.69243],[135.26893,34.69244],[135.26892,34.69253],[135.26873,34.69375],[135.26929,34.69383],[135.27319,34.69425],[135.27484,34.69444],[135.27523,34.69237],[135.27548,34.69071],[135.27378,34.6905],[135.27294,34.69042],[135.27255,34.69038],[135.27247,34.69037],[135.27201,34.69031],[135.2713,34.69023]]]}},{"type":"Feature","properties":{"name":"向洋町中二丁目","setai":339,"jinko":798,"key":"28101072002","units":1},"geometry":{"type":"Polygon","coordinates":[[[135.27169,34.68772],[135.26972,34.68751],[135.26966,34.68792],[135.26933,34.69],[135.26932,34.69005],[135.2713,34.69023],[135.27201,34.69031],[135.27247,34.69037],[135.27255,34.69038],[135.27294,34.69042],[135.27378,34.6905],[135.27548,34.69071],[135.27569,34.68939],[135.27585,34.68816],[135.27421,34.68799],[135.27418,34.68798],[135.27337,34.6879],[135.27229,34.68778],[135.27169,34.68772]]]}},{"type":"Feature","properties":{"name":"向洋町中三丁目","setai":1449,"jinko":3183,"key":"28101072003","units":1},"geometry":{"type":"Polygon","coordinates":[[[135.27208,34.68525],[135.2701,34.68504],[135.2699,34.68632],[135.2699,34.68633],[135.26982,34.68686],[135.26973,34.6875],[135.26972,34.68751],[135.27169,34.68772],[135.27229,34.68778],[135.27337,34.6879],[135.27418,34.68798],[135.27421,34.68799],[135.27585,34.68816],[135.27589,34.68794],[135.27594,34.68766],[135.27607,34.68688],[135.27607,34.68685],[135.27613,34.68653],[135.27621,34.686],[135.27626,34.6857],[135.27503,34.68557],[135.27401,34.68546],[135.27208,34.68525]]]}},{"type":"Feature","properties":{"name":"向洋町中四丁目","setai":12,"jinko":35,"key":"28101072004","units":1},"geometry":{"type":"Polygon","coordinates":[[[135.27445,34.68353],[135.2704,34.6831],[135.2701,34.68504],[135.27208,34.68525],[135.27401,34.68546],[135.27503,34.68557],[135.27626,34.6857],[135.27656,34.68377],[135.27445,34.68353]]]}},{"type":"Feature","properties":{"name":"向洋町中五丁目","setai":2396,"jinko":5835,"key":"28101072005","units":1},"geometry":{"type":"Polygon","coordinates":[[[135.2648,34.68948],[135.26332,34.68933],[135.26331,34.68937],[135.26283,34.68933],[135.26261,34.69066],[135.2626,34.69068],[135.26257,34.69089],[135.26231,34.69249],[135.26223,34.69295],[135.26269,34.69301],[135.26364,34.69312],[135.26487,34.69328],[135.26873,34.69375],[135.26892,34.69253],[135.26893,34.69244],[135.26894,34.69243],[135.26896,34.69229],[135.26898,34.69213],[135.269,34.69197],[135.26903,34.6918],[135.26905,34.69163],[135.26908,34.69148],[135.2691,34.69132],[135.26932,34.69005],[135.26933,34.69],[135.26717,34.68975],[135.26669,34.6897],[135.26662,34.68969],[135.26624,34.68965],[135.26544,34.68955],[135.2652,34.68953],[135.2648,34.68948]]]}},{"type":"Feature","properties":{"name":"向洋町中六丁目","setai":382,"jinko":847,"key":"28101072006","units":1},"geometry":{"type":"Polygon","coordinates":[[[135.26933,34.69],[135.26966,34.68792],[135.26972,34.68751],[135.26973,34.6875],[135.26857,34.68738],[135.26836,34.68735],[135.26814,34.68733],[135.26792,34.68731],[135.26751,34.68727],[135.26679,34.68719],[135.26647,34.68716],[135.26619,34.68713],[135.26601,34.68711],[135.26538,34.68705],[135.26469,34.68697],[135.2645,34.68696],[135.26383,34.68689],[135.26324,34.68682],[135.26305,34.68797],[135.26284,34.68928],[135.26283,34.68933],[135.26331,34.68937],[135.26332,34.68933],[135.2648,34.68948],[135.2652,34.68953],[135.26544,34.68955],[135.26624,34.68965],[135.26662,34.68969],[135.26669,34.6897],[135.26717,34.68975],[135.26933,34.69]]]}},{"type":"Feature","properties":{"name":"向洋町中七丁目","setai":2099,"jinko":4325,"key":"28101072007","units":1},"geometry":{"type":"Polygon","coordinates":[[[135.26919,34.68497],[135.26365,34.68429],[135.26348,34.68533],[135.26324,34.68682],[135.26383,34.68689],[135.2645,34.68696],[135.26469,34.68697],[135.26538,34.68705],[135.26601,34.68711],[135.26619,34.68713],[135.26647,34.68716],[135.26679,34.68719],[135.26751,34.68727],[135.26792,34.68731],[135.26814,34.68733],[135.26836,34.68735],[135.26857,34.68738],[135.26973,34.6875],[135.26982,34.68686],[135.2699,34.68633],[135.2699,34.68632],[135.2701,34.68504],[135.26919,34.68497]]]}},{"type":"Feature","properties":{"name":"向洋町中八丁目","setai":0,"jinko":0,"key":"28101072008","units":1},"geometry":{"type":"Polygon","coordinates":[[[135.2704,34.6831],[135.26916,34.68297],[135.26552,34.68261],[135.26406,34.68245],[135.26384,34.68411],[135.26368,34.68409],[135.26365,34.68429],[135.26919,34.68497],[135.2701,34.68504],[135.2704,34.6831]]]}},{"type":"Feature","properties":{"name":"向洋町中九丁目","setai":267,"jinko":691,"key":"28101072009","units":1},"geometry":{"type":"Polygon","coordinates":[[[135.27445,34.68353],[135.27503,34.68013],[135.27496,34.68013],[135.27495,34.6802],[135.26913,34.67958],[135.26704,34.67933],[135.26613,34.67925],[135.26552,34.68261],[135.26916,34.68297],[135.2704,34.6831],[135.27445,34.68353]]]}},{"type":"Feature","properties":{"name":"御影一丁目","setai":710,"jinko":1552,"key":"28101078001","units":1},"geometry":{"type":"Polygon","coordinates":[[[135.25237,34.72142],[135.25243,34.72096],[135.25246,34.72075],[135.25251,34.72032],[135.25258,34.72007],[135.25258,34.72007],[135.25265,34.71985],[135.25265,34.71984],[135.25277,34.71943],[135.25277,34.71942],[135.25284,34.71918],[135.25229,34.7192],[135.25167,34.71923],[135.25125,34.71926],[135.25073,34.71926],[135.2501,34.71923],[135.24952,34.71918],[135.24931,34.71915],[135.2493,34.71915],[135.24892,34.71909],[135.24834,34.71896],[135.24789,34.71886],[135.24781,34.71913],[135.2478,34.71913],[135.24774,34.71928],[135.24762,34.71951],[135.24708,34.72003],[135.24702,34.72008],[135.24735,34.72018],[135.24735,34.72017],[135.24775,34.7203],[135.24832,34.72047],[135.24833,34.72043],[135.24881,34.72058],[135.24882,34.72058],[135.24949,34.72077],[135.25086,34.72114],[135.25086,34.72113],[135.25183,34.7213],[135.25237,34.72142]]]}},{"type":"Feature","properties":{"name":"御影二丁目","setai":764,"jinko":1534,"key":"28101078002","units":1},"geometry":{"type":"Polygon","coordinates":[[[135.25273,34.72374],[135.25291,34.72322],[135.25299,34.723],[135.25305,34.72278],[135.25322,34.72224],[135.25335,34.72159],[135.253,34.72154],[135.25244,34.72143],[135.25237,34.72142],[135.25183,34.7213],[135.25086,34.72113],[135.25086,34.72114],[135.24949,34.72077],[135.24938,34.72109],[135.24905,34.7218],[135.24896,34.72196],[135.24888,34.72208],[135.24888,34.72208],[135.24875,34.72222],[135.24861,34.72245],[135.24856,34.7226],[135.24855,34.72273],[135.24852,34.72289],[135.2485,34.72295],[135.24843,34.72317],[135.24839,34.7233],[135.2483,34.72362],[135.24817,34.7236],[135.24815,34.72369],[135.24827,34.72371],[135.24849,34.72375],[135.24857,34.72375],[135.24899,34.72384],[135.24929,34.72391],[135.24988,34.72403],[135.24989,34.72403],[135.25066,34.72422],[135.25096,34.72428],[135.25123,34.72435],[135.25167,34.72446],[135.25183,34.7245],[135.25252,34.72468],[135.25336,34.72487],[135.25341,34.72474],[135.25355,34.72439],[135.25357,34.72434],[135.25259,34.72419],[135.25273,34.72374]]]}},{"type":"Feature","properties":{"name":"御影三丁目","setai":521,"jinko":1202,"key":"28101078003","units":1},"geometry":{"type":"Polygon","coordinates":[[[135.24815,34.72369],[135.24817,34.7236],[135.2483,34.72362],[135.24839,34.7233],[135.24843,34.72317],[135.2485,34.72295],[135.24852,34.72289],[135.24855,34.72273],[135.24856,34.7226],[135.24861,34.72245],[135.24875,34.72222],[135.24888,34.72208],[135.24888,34.72208],[135.24896,34.72196],[135.24905,34.7218],[135.24938,34.72109],[135.24949,34.72077],[135.24882,34.72058],[135.24881,34.72058],[135.24833,34.72043],[135.24832,34.72047],[135.24775,34.7203],[135.24735,34.72017],[135.24735,34.72018],[135.24702,34.72008],[135.24674,34.7203],[135.24673,34.7203],[135.24655,34.72046],[135.24642,34.72063],[135.24627,34.72087],[135.24618,34.7211],[135.24614,34.72121],[135.24601,34.72156],[135.24593,34.72169],[135.24547,34.72203],[135.24496,34.72241],[135.24452,34.72272],[135.24441,34.7228],[135.24468,34.72286],[135.24513,34.72297],[135.24542,34.72303],[135.24586,34.72313],[135.24597,34.72316],[135.24614,34.7232],[135.24668,34.72332],[135.24703,34.72341],[135.24779,34.72361],[135.2479,34.72363],[135.24801,34.72366],[135.24809,34.72367],[135.24815,34.72369]]]}},{"type":"Feature","properties":{"name":"御影郡家一丁目","setai":1059,"jinko":2249,"key":"28101079001","units":1},"geometry":{"type":"Polygon","coordinates":[[[135.25694,34.71923],[135.25695,34.71899],[135.25645,34.71901],[135.25599,34.71901],[135.25565,34.71903],[135.25559,34.71903],[135.25486,34.71907],[135.2541,34.71911],[135.25391,34.71912],[135.25362,34.71914],[135.25302,34.71916],[135.25284,34.71918],[135.25277,34.71942],[135.25277,34.71943],[135.25265,34.71984],[135.25265,34.71985],[135.25258,34.72007],[135.25258,34.72007],[135.25251,34.72032],[135.25246,34.72075],[135.25243,34.72096],[135.25237,34.72142],[135.25244,34.72143],[135.253,34.72154],[135.25335,34.72159],[135.25351,34.72162],[135.25435,34.72178],[135.25469,34.72185],[135.25562,34.72201],[135.25566,34.72202],[135.25578,34.72204],[135.25618,34.72211],[135.25698,34.72226],[135.25701,34.72211],[135.25712,34.72172],[135.25721,34.72136],[135.25724,34.72122],[135.25722,34.72108],[135.25721,34.72102],[135.25717,34.72073],[135.25704,34.72006],[135.25699,34.71979],[135.25698,34.71973],[135.25693,34.71946],[135.25694,34.71923]]]}},{"type":"Feature","properties":{"name":"御影郡家二丁目","setai":474,"jinko":969,"key":"28101079002","units":1},"geometry":{"type":"Polygon","coordinates":[[[135.25351,34.72162],[135.25335,34.72159],[135.25322,34.72224],[135.25305,34.72278],[135.25299,34.723],[135.25291,34.72322],[135.25273,34.72374],[135.25259,34.72419],[135.25357,34.72434],[135.25355,34.72439],[135.25341,34.72474],[135.25336,34.72487],[135.25381,34.72496],[135.25409,34.72501],[135.25443,34.72505],[135.25479,34.72508],[135.25507,34.7251],[135.2553,34.7251],[135.25538,34.72511],[135.25585,34.72511],[135.25645,34.72508],[135.25651,34.72495],[135.25648,34.72482],[135.25649,34.72469],[135.25656,34.72454],[135.25678,34.7243],[135.25684,34.72423],[135.25692,34.72401],[135.25697,34.72377],[135.25712,34.72369],[135.25697,34.72365],[135.25697,34.72358],[135.25698,34.72351],[135.25696,34.72337],[135.25694,34.72322],[135.25692,34.72308],[135.2569,34.72286],[135.25691,34.72277],[135.25691,34.72267],[135.25692,34.72262],[135.25698,34.72226],[135.25618,34.72211],[135.25578,34.72204],[135.25566,34.72202],[135.25562,34.72201],[135.25469,34.72185],[135.25435,34.72178],[135.25351,34.72162]]]}}]}