{"type":"FeatureCollection","features":[{"type":"Feature","properties":{"name":"亀崎","setai":102,"jinko":297,"key":"122280010","units":1},"geometry":{"type":"Polygon","coordinates":[[[140.20497,35.70726],[140.20542,35.70648],[140.20613,35.70683],[140.20627,35.70665],[140.20638,35.7067],[140.20747,35.70637],[140.20739,35.7062],[140.20656,35.70645],[140.20646,35.70641],[140.20674,35.70604],[140.20691,35.7058],[140.20705,35.70554],[140.20721,35.70527],[140.20735,35.70502],[140.20745,35.70478],[140.20752,35.70455],[140.20751,35.70437],[140.20749,35.7043],[140.20742,35.70413],[140.20709,35.70347],[140.20677,35.7028],[140.20652,35.70228],[140.20659,35.70231],[140.20779,35.70289],[140.20809,35.70243],[140.20785,35.7023],[140.20802,35.70176],[140.20802,35.70176],[140.20753,35.70151],[140.20736,35.70141],[140.20723,35.70125],[140.20707,35.70098],[140.20736,35.7008],[140.20781,35.70052],[140.20816,35.70034],[140.20825,35.69999],[140.20847,35.69909],[140.20872,35.69836],[140.20884,35.69788],[140.20875,35.69752],[140.20854,35.6971],[140.20819,35.69636],[140.20749,35.69483],[140.20744,35.69474],[140.20432,35.69518],[140.20168,35.69555],[140.20166,35.69543],[140.20164,35.6953],[140.20159,35.69501],[140.20157,35.6949],[140.20157,35.69485],[140.20161,35.69469],[140.20114,35.69486],[140.20074,35.69495],[140.20027,35.69509],[140.19999,35.6952],[140.19996,35.69525],[140.19986,35.69535],[140.19972,35.69538],[140.19954,35.69539],[140.19944,35.69538],[140.19938,35.69529],[140.19935,35.69523],[140.19933,35.69518],[140.19932,35.69512],[140.19924,35.69514],[140.19917,35.69516],[140.19909,35.69518],[140.19902,35.69522],[140.19897,35.69526],[140.19899,35.69533],[140.19876,35.69541],[140.19857,35.69549],[140.19837,35.69564],[140.19808,35.69447],[140.1979,35.69457],[140.19777,35.69467],[140.19776,35.69471],[140.19778,35.69485],[140.19777,35.69489],[140.19766,35.69492],[140.19758,35.6949],[140.19741,35.69484],[140.19728,35.69486],[140.19717,35.69493],[140.19706,35.695],[140.19666,35.6951],[140.19641,35.69517],[140.19618,35.69522],[140.19596,35.69524],[140.19575,35.69529],[140.19358,35.69536],[140.19297,35.69541],[140.19206,35.69542],[140.19178,35.69541],[140.19114,35.69519],[140.19055,35.69498],[140.19011,35.69484],[140.18993,35.69509],[140.18944,35.69578],[140.18927,35.69609],[140.18921,35.69639],[140.18922,35.69646],[140.18943,35.69681],[140.18957,35.69705],[140.18958,35.6973],[140.18955,35.69735],[140.1895,35.6974],[140.18942,35.69744],[140.18904,35.69763],[140.18908,35.69782],[140.18904,35.698],[140.18893,35.69826],[140.18869,35.69873],[140.18858,35.69888],[140.18824,35.69888],[140.18798,35.69879],[140.18752,35.69941],[140.18751,35.69961],[140.18747,35.69993],[140.18745,35.70001],[140.18741,35.70005],[140.18732,35.7001],[140.1871,35.7001],[140.18693,35.70007],[140.18672,35.69993],[140.18664,35.69985],[140.18659,35.69978],[140.18651,35.69965],[140.18643,35.69958],[140.18632,35.69951],[140.18617,35.69946],[140.18604,35.69941],[140.18593,35.69939],[140.1859,35.69939],[140.18589,35.6994],[140.18588,35.69941],[140.18587,35.69943],[140.18587,35.69945],[140.18585,35.69948],[140.18582,35.69949],[140.18579,35.69949],[140.18577,35.69948],[140.18575,35.69946],[140.18571,35.69943],[140.18565,35.6994],[140.18557,35.69938],[140.18545,35.69937],[140.18531,35.69938],[140.18515,35.69941],[140.18504,35.69934],[140.185,35.69926],[140.18461,35.69908],[140.18457,35.69907],[140.18453,35.69906],[140.18448,35.69905],[140.18441,35.69901],[140.1842,35.69886],[140.18407,35.69865],[140.18378,35.69797],[140.18367,35.69767],[140.1836,35.69743],[140.18325,35.69731],[140.1831,35.69736],[140.18301,35.69739],[140.18326,35.69795],[140.18328,35.69808],[140.18329,35.69832],[140.18333,35.69854],[140.18334,35.69867],[140.18336,35.69876],[140.18335,35.6988],[140.18334,35.69884],[140.18332,35.69885],[140.18326,35.69885],[140.18288,35.69885],[140.18274,35.69883],[140.18249,35.69885],[140.18248,35.69892],[140.18259,35.699],[140.18274,35.69909],[140.18316,35.69918],[140.18352,35.69924],[140.18386,35.69938],[140.18408,35.69959],[140.18433,35.69964],[140.18478,35.69987],[140.18507,35.69993],[140.18553,35.69999],[140.18601,35.70012],[140.18628,35.7003],[140.18644,35.70046],[140.18657,35.70053],[140.18728,35.70068],[140.18736,35.70071],[140.18739,35.70073],[140.18747,35.70081],[140.1875,35.70086],[140.18775,35.70073],[140.18777,35.70072],[140.18781,35.7007],[140.18821,35.70065],[140.18826,35.70082],[140.18839,35.70104],[140.18849,35.70123],[140.18862,35.70136],[140.18883,35.70162],[140.18915,35.70191],[140.18934,35.70187],[140.18944,35.70195],[140.1896,35.70213],[140.18955,35.70227],[140.18965,35.70257],[140.18973,35.70276],[140.18989,35.703],[140.19012,35.70309],[140.19038,35.7032],[140.19056,35.7033],[140.19073,35.70338],[140.19092,35.70348],[140.19096,35.70349],[140.19097,35.70351],[140.19097,35.70351],[140.19098,35.70358],[140.19099,35.70361],[140.19102,35.70364],[140.19107,35.70368],[140.1911,35.7037],[140.19118,35.70373],[140.19128,35.70376],[140.1913,35.70376],[140.19145,35.70385],[140.19174,35.70405],[140.19197,35.70418],[140.19215,35.70425],[140.19236,35.70431],[140.19249,35.70431],[140.1926,35.7043],[140.19281,35.70418],[140.19296,35.70394],[140.19302,35.70368],[140.19297,35.70338],[140.19288,35.70317],[140.19277,35.70306],[140.19265,35.70297],[140.19252,35.70282],[140.19272,35.70278],[140.19283,35.70273],[140.19301,35.70243],[140.1936,35.70183],[140.19365,35.70178],[140.19369,35.70184],[140.19368,35.70203],[140.19443,35.70259],[140.19475,35.70246],[140.19477,35.70287],[140.19534,35.70277],[140.19634,35.70357],[140.19664,35.70353],[140.19691,35.70366],[140.1977,35.70409],[140.19833,35.70423],[140.19836,35.70433],[140.19835,35.70446],[140.19829,35.70478],[140.19847,35.70475],[140.19865,35.70476],[140.19883,35.70481],[140.19907,35.70491],[140.19921,35.70498],[140.19924,35.70483],[140.19938,35.70439],[140.1996,35.70443],[140.19963,35.70429],[140.1997,35.70431],[140.20118,35.70471],[140.20329,35.705],[140.20365,35.70512],[140.20359,35.70553],[140.20396,35.70557],[140.20389,35.70616],[140.20492,35.7063],[140.20483,35.70667],[140.20497,35.70726]]]}},{"type":"Feature","properties":{"name":"物井","setai":792,"jinko":1871,"key":"122280020","units":1},"geometry":{"type":"MultiPolygon","coordinates":[[[[140.19924,35.69514],[140.19932,35.69512],[140.19933,35.69518],[140.19935,35.69523],[140.19938,35.69529],[140.19944,35.69538],[140.19954,35.69539],[140.19972,35.69538],[140.19986,35.69535],[140.19996,35.69525],[140.19999,35.6952],[140.20027,35.69509],[140.20074,35.69495],[140.20114,35.69486],[140.20161,35.69469],[140.20157,35.69485],[140.20157,35.6949],[140.20159,35.69501],[140.20164,35.6953],[140.20166,35.69543],[140.20168,35.69555],[140.20432,35.69518],[140.20744,35.69474],[140.20705,35.69391],[140.20685,35.69352],[140.20636,35.69246],[140.20619,35.69206],[140.20582,35.69123],[140.20561,35.69078],[140.20557,35.69069],[140.20526,35.69007],[140.2049,35.68928],[140.20517,35.68919],[140.20493,35.68871],[140.20489,35.68863],[140.20479,35.68842],[140.20467,35.68818],[140.20441,35.68828],[140.20438,35.68836],[140.2042,35.68842],[140.20396,35.6882],[140.20377,35.688],[140.20359,35.68783],[140.20341,35.68764],[140.20329,35.68749],[140.20315,35.68734],[140.20302,35.68722],[140.2029,35.68709],[140.20279,35.68693],[140.20271,35.6868],[140.2027,35.68678],[140.20265,35.68666],[140.2026,35.68658],[140.20258,35.68651],[140.20254,35.68642],[140.20252,35.68631],[140.20252,35.6862],[140.20252,35.68615],[140.20252,35.68613],[140.20253,35.68604],[140.20253,35.68602],[140.20255,35.68587],[140.20259,35.68564],[140.20265,35.68546],[140.2027,35.68529],[140.20273,35.68519],[140.20277,35.68507],[140.20285,35.68476],[140.20305,35.68406],[140.20314,35.68404],[140.20371,35.68389],[140.20364,35.68344],[140.20327,35.68359],[140.20318,35.68362],[140.20334,35.68303],[140.20347,35.68258],[140.20354,35.68236],[140.20358,35.68216],[140.20288,35.68217],[140.20217,35.68218],[140.20141,35.68219],[140.20047,35.68223],[140.19956,35.68227],[140.1986,35.68233],[140.19745,35.6824],[140.1977,35.68271],[140.19821,35.68334],[140.1985,35.68369],[140.19883,35.68409],[140.19883,35.68409],[140.19909,35.6844],[140.19918,35.68457],[140.19931,35.68473],[140.19945,35.6849],[140.19962,35.68508],[140.19987,35.68535],[140.2,35.68549],[140.20023,35.68577],[140.20027,35.68575],[140.20083,35.68643],[140.20073,35.68647],[140.20025,35.6862],[140.2001,35.6863],[140.19988,35.68606],[140.19965,35.68616],[140.19956,35.68617],[140.19942,35.6862],[140.19926,35.68624],[140.19924,35.68611],[140.19914,35.68585],[140.19906,35.68585],[140.19904,35.68585],[140.19901,35.68583],[140.19894,35.68576],[140.19869,35.68552],[140.19838,35.68522],[140.1985,35.68513],[140.19794,35.68468],[140.1979,35.68469],[140.19748,35.68447],[140.19744,35.68453],[140.19738,35.68475],[140.19733,35.68483],[140.19733,35.68485],[140.19726,35.68508],[140.19714,35.68512],[140.19708,35.68513],[140.19705,35.68514],[140.19702,35.68514],[140.19698,35.68513],[140.19694,35.68513],[140.19689,35.6851],[140.19683,35.68506],[140.19672,35.68499],[140.19668,35.68497],[140.19665,35.68497],[140.19662,35.68497],[140.19635,35.68508],[140.19633,35.68524],[140.19633,35.6853],[140.19634,35.68535],[140.19635,35.68538],[140.19636,35.68542],[140.19621,35.68545],[140.19633,35.68564],[140.19635,35.68571],[140.19628,35.68582],[140.19628,35.68584],[140.19631,35.68604],[140.19573,35.68614],[140.19581,35.68636],[140.19573,35.68638],[140.19577,35.68647],[140.19566,35.68649],[140.19575,35.68676],[140.19568,35.68678],[140.19532,35.68689],[140.19516,35.68693],[140.19475,35.68694],[140.19389,35.68686],[140.1937,35.68684],[140.19368,35.68706],[140.19386,35.68748],[140.19385,35.68786],[140.19389,35.68788],[140.19389,35.68788],[140.19403,35.68792],[140.19417,35.68795],[140.19453,35.68803],[140.19496,35.68761],[140.19515,35.68813],[140.1952,35.68824],[140.19513,35.68833],[140.19514,35.68835],[140.19514,35.68836],[140.19516,35.68837],[140.19523,35.68848],[140.19522,35.68848],[140.19528,35.68857],[140.19533,35.6886],[140.19541,35.6886],[140.19561,35.68858],[140.19574,35.6885],[140.19578,35.68847],[140.19584,35.68846],[140.19593,35.68851],[140.19597,35.68854],[140.19606,35.68859],[140.19607,35.68859],[140.19616,35.68867],[140.19614,35.68869],[140.19636,35.68885],[140.1964,35.68889],[140.19641,35.6889],[140.19648,35.68893],[140.19649,35.68895],[140.1965,35.68912],[140.19644,35.68932],[140.19649,35.68932],[140.19674,35.68934],[140.1967,35.68941],[140.19669,35.68944],[140.19664,35.68961],[140.19661,35.68976],[140.19661,35.68983],[140.19661,35.68983],[140.19667,35.68984],[140.19678,35.68985],[140.19688,35.68984],[140.19703,35.68983],[140.19713,35.68983],[140.1972,35.68984],[140.19736,35.68987],[140.19755,35.6899],[140.19769,35.68991],[140.19781,35.68993],[140.19795,35.68997],[140.19797,35.68998],[140.19784,35.69002],[140.19769,35.69014],[140.19761,35.69041],[140.19762,35.69054],[140.19767,35.69064],[140.19776,35.69064],[140.19787,35.69065],[140.19786,35.69081],[140.1979,35.69088],[140.19789,35.69093],[140.19785,35.69093],[140.19782,35.6911],[140.19789,35.69119],[140.19791,35.69122],[140.19799,35.69126],[140.19809,35.69126],[140.19825,35.69127],[140.1984,35.6913],[140.19842,35.69124],[140.19843,35.69123],[140.19845,35.69122],[140.19847,35.69121],[140.1986,35.69122],[140.1986,35.69154],[140.19862,35.6919],[140.19864,35.69201],[140.19876,35.69201],[140.19865,35.6922],[140.19864,35.69225],[140.19865,35.69228],[140.19866,35.6923],[140.1987,35.69232],[140.19882,35.69233],[140.19882,35.69231],[140.19889,35.69231],[140.19899,35.69209],[140.19912,35.69204],[140.1992,35.69202],[140.1992,35.69202],[140.19928,35.69199],[140.19936,35.69198],[140.19945,35.69198],[140.1996,35.69202],[140.19986,35.69211],[140.19997,35.69181],[140.19987,35.69179],[140.19987,35.69178],[140.19986,35.69175],[140.19987,35.69171],[140.20029,35.69172],[140.20054,35.69177],[140.20074,35.69182],[140.20081,35.69186],[140.2009,35.69193],[140.20096,35.69202],[140.20101,35.69211],[140.20101,35.69218],[140.20097,35.6923],[140.20091,35.6924],[140.20094,35.69249],[140.20099,35.69256],[140.20083,35.69264],[140.20039,35.69284],[140.20005,35.69297],[140.19959,35.69308],[140.19926,35.69314],[140.19885,35.69314],[140.19862,35.69315],[140.19828,35.69307],[140.19755,35.69284],[140.19728,35.69271],[140.19684,35.69251],[140.19649,35.69229],[140.19611,35.6918],[140.19573,35.69141],[140.19547,35.69114],[140.19547,35.69114],[140.19541,35.69118],[140.19535,35.69122],[140.1953,35.69125],[140.19526,35.69128],[140.19521,35.6913],[140.19507,35.69138],[140.19502,35.6914],[140.19497,35.69142],[140.19491,35.69139],[140.19484,35.69137],[140.19484,35.69136],[140.19482,35.69136],[140.19479,35.69134],[140.19476,35.69133],[140.19471,35.69131],[140.19468,35.6913],[140.19468,35.69129],[140.19465,35.69128],[140.19461,35.69127],[140.19458,35.69125],[140.19454,35.69124],[140.19452,35.69123],[140.19447,35.69121],[140.19443,35.6912],[140.1944,35.6912],[140.19435,35.6912],[140.19432,35.6912],[140.19429,35.6912],[140.19422,35.69121],[140.1941,35.69123],[140.19404,35.69124],[140.19401,35.69125],[140.19393,35.69129],[140.19389,35.69131],[140.19383,35.69134],[140.1938,35.69136],[140.19378,35.69138],[140.19373,35.69141],[140.1937,35.69143],[140.19367,35.69144],[140.19364,35.69146],[140.19362,35.69147],[140.19359,35.69149],[140.19356,35.69151],[140.19353,35.69153],[140.19348,35.69155],[140.19344,35.69157],[140.19338,35.69159],[140.19333,35.69161],[140.1933,35.69163],[140.19323,35.69165],[140.19317,35.69167],[140.19312,35.69169],[140.19307,35.69171],[140.19302,35.69171],[140.19297,35.69171],[140.19292,35.69171],[140.19286,35.69171],[140.1928,35.69171],[140.19275,35.69171],[140.19268,35.6917],[140.19262,35.6917],[140.19258,35.6917],[140.19252,35.6917],[140.19249,35.6917],[140.19243,35.69169],[140.19238,35.69169],[140.19233,35.69167],[140.19229,35.69166],[140.19221,35.69164],[140.19214,35.69162],[140.19208,35.69159],[140.19196,35.69155],[140.19188,35.69152],[140.19182,35.6915],[140.19176,35.69148],[140.19167,35.69145],[140.19162,35.69143],[140.19155,35.69141],[140.19153,35.6914],[140.19152,35.69138],[140.19144,35.6913],[140.19133,35.6912],[140.19091,35.69082],[140.19077,35.69072],[140.19055,35.69057],[140.19019,35.69032],[140.18943,35.68977],[140.1887,35.68928],[140.1884,35.68954],[140.18796,35.68991],[140.18756,35.69024],[140.18696,35.69075],[140.18709,35.6909],[140.18791,35.69135],[140.18786,35.69139],[140.18793,35.69144],[140.18844,35.69191],[140.18939,35.69278],[140.18934,35.69282],[140.18946,35.69311],[140.18948,35.69326],[140.18945,35.69339],[140.18954,35.69349],[140.18963,35.69346],[140.19017,35.69346],[140.19018,35.69359],[140.19016,35.6937],[140.1901,35.69393],[140.19006,35.69399],[140.19003,35.69402],[140.19034,35.69436],[140.19036,35.69439],[140.19036,35.69444],[140.19011,35.69484],[140.19055,35.69498],[140.19114,35.69519],[140.19178,35.69541],[140.19206,35.69542],[140.19297,35.69541],[140.19358,35.69536],[140.19575,35.69529],[140.19596,35.69524],[140.19618,35.69522],[140.19641,35.69517],[140.19666,35.6951],[140.19706,35.695],[140.19717,35.69493],[140.19728,35.69486],[140.19741,35.69484],[140.19758,35.6949],[140.19766,35.69492],[140.19777,35.69489],[140.19778,35.69485],[140.19776,35.69471],[140.19777,35.69467],[140.1979,35.69457],[140.19808,35.69447],[140.19837,35.69564],[140.19857,35.69549],[140.19876,35.69541],[140.19899,35.69533],[140.19897,35.69526],[140.19902,35.69522],[140.19909,35.69518],[140.19917,35.69516],[140.19924,35.69514]]],[[[140.1838,35.68792],[140.18378,35.68768],[140.18376,35.68756],[140.18369,35.68737],[140.18366,35.6873],[140.18356,35.6871],[140.18356,35.6871],[140.18383,35.68695],[140.18383,35.68695],[140.18396,35.68688],[140.184,35.68667],[140.18402,35.68668],[140.1841,35.68638],[140.1841,35.68636],[140.18384,35.68637],[140.18364,35.686],[140.18347,35.68612],[140.18347,35.68613],[140.18339,35.68624],[140.18324,35.68647],[140.18307,35.68644],[140.18292,35.6864],[140.18274,35.68628],[140.18224,35.68598],[140.18189,35.68575],[140.18154,35.68551],[140.18111,35.68512],[140.18077,35.68473],[140.18049,35.68443],[140.17978,35.68446],[140.17941,35.68447],[140.17939,35.68485],[140.17935,35.68485],[140.17926,35.68507],[140.17925,35.68508],[140.17919,35.68513],[140.17914,35.68519],[140.17911,35.6853],[140.17899,35.68566],[140.17898,35.68636],[140.17885,35.68673],[140.17881,35.68678],[140.17879,35.68683],[140.17877,35.68697],[140.17879,35.68706],[140.17878,35.68714],[140.17876,35.68724],[140.17871,35.68732],[140.17876,35.68738],[140.17894,35.68753],[140.17909,35.68767],[140.17927,35.68776],[140.17997,35.688],[140.18116,35.68777],[140.18167,35.68785],[140.18257,35.68789],[140.18271,35.68792],[140.18322,35.68816],[140.18336,35.68818],[140.18377,35.68819],[140.1838,35.68792]]],[[[140.19518,35.68395],[140.19565,35.68377],[140.19635,35.68354],[140.19667,35.68343],[140.19617,35.68251],[140.19404,35.68276],[140.1921,35.68297],[140.19126,35.6831],[140.19133,35.68343],[140.1913,35.68353],[140.19119,35.68365],[140.19102,35.68374],[140.19072,35.68391],[140.19121,35.68429],[140.19132,35.6842],[140.19136,35.68408],[140.19155,35.68394],[140.19185,35.68385],[140.19208,35.68393],[140.19234,35.68405],[140.19251,35.68411],[140.19288,35.68416],[140.19314,35.68421],[140.19333,35.68432],[140.1935,35.68439],[140.19363,35.68457],[140.19364,35.68466],[140.1935,35.68479],[140.19351,35.68479],[140.19359,35.6848],[140.19405,35.6848],[140.19449,35.68442],[140.19479,35.68419],[140.19493,35.6841],[140.19518,35.68395]]]]}},{"type":"Feature","properties":{"name":"長岡","setai":20,"jinko":54,"key":"122280030","units":1},"geometry":{"type":"Polygon","coordinates":[[[140.18723,35.68372],[140.18767,35.68366],[140.18798,35.68361],[140.18856,35.68351],[140.18921,35.68341],[140.18987,35.68331],[140.19021,35.68326],[140.19126,35.6831],[140.1921,35.68297],[140.19404,35.68276],[140.19617,35.68251],[140.19683,35.68245],[140.19739,35.68241],[140.19745,35.6824],[140.19717,35.68207],[140.19699,35.68194],[140.19632,35.68138],[140.19561,35.6809],[140.195,35.68058],[140.19454,35.68035],[140.19402,35.68014],[140.19376,35.68003],[140.19327,35.67989],[140.1927,35.67974],[140.19214,35.67956],[140.19159,35.6794],[140.19087,35.67921],[140.18968,35.67885],[140.1894,35.67877],[140.18907,35.67861],[140.18882,35.67849],[140.18871,35.67843],[140.18838,35.67826],[140.18818,35.67838],[140.18788,35.67855],[140.18773,35.67863],[140.18766,35.67878],[140.18751,35.67902],[140.18736,35.67924],[140.18712,35.67934],[140.18693,35.67954],[140.18683,35.67987],[140.18672,35.68015],[140.18671,35.68035],[140.18669,35.68065],[140.1866,35.68095],[140.18662,35.68113],[140.18651,35.68137],[140.18626,35.68151],[140.18555,35.682],[140.18507,35.68243],[140.18495,35.68264],[140.18482,35.68292],[140.1847,35.68319],[140.18456,35.68358],[140.1845,35.68386],[140.18446,35.68414],[140.18547,35.68398],[140.18723,35.68372]]]}},{"type":"Feature","properties":{"name":"栗山","setai":2266,"jinko":5307,"key":"122280040","units":1},"geometry":{"type":"Polygon","coordinates":[[[140.18357,35.68575],[140.18331,35.68552],[140.18327,35.68557],[140.18269,35.68499],[140.18245,35.68477],[140.18245,35.68477],[140.18254,35.68473],[140.18257,35.68431],[140.18301,35.68429],[140.18446,35.68414],[140.1845,35.68386],[140.18456,35.68358],[140.1847,35.68319],[140.18482,35.68292],[140.18495,35.68264],[140.18507,35.68243],[140.18555,35.682],[140.18626,35.68151],[140.18651,35.68137],[140.18662,35.68113],[140.1866,35.68095],[140.18669,35.68065],[140.18671,35.68035],[140.18672,35.68015],[140.18683,35.67987],[140.18693,35.67954],[140.18712,35.67934],[140.18736,35.67924],[140.18751,35.67902],[140.18766,35.67878],[140.18773,35.67863],[140.18788,35.67855],[140.18818,35.67838],[140.18838,35.67826],[140.18837,35.67826],[140.18771,35.67781],[140.18726,35.67743],[140.18725,35.67742],[140.18583,35.67587],[140.18486,35.67477],[140.18415,35.67396],[140.18381,35.67362],[140.18365,35.67343],[140.1835,35.67352],[140.1831,35.67343],[140.18291,35.67375],[140.18281,35.67369],[140.18251,35.67368],[140.18223,35.67373],[140.18192,35.67405],[140.18175,35.67401],[140.18146,35.67394],[140.1813,35.67399],[140.18116,35.67392],[140.18111,35.67376],[140.18106,35.67366],[140.18069,35.67382],[140.1807,35.67375],[140.18069,35.67369],[140.1807,35.67363],[140.18081,35.67346],[140.18042,35.67319],[140.18035,35.67313],[140.18031,35.67304],[140.18035,35.6729],[140.18035,35.67277],[140.18053,35.6726],[140.18058,35.67253],[140.18058,35.67244],[140.18047,35.67228],[140.18048,35.67217],[140.17998,35.67187],[140.17982,35.67204],[140.17952,35.67185],[140.17947,35.67192],[140.17942,35.67199],[140.17938,35.67207],[140.17934,35.67213],[140.17928,35.67218],[140.17922,35.67225],[140.1792,35.6723],[140.1792,35.67256],[140.17916,35.6726],[140.17889,35.67264],[140.17878,35.67273],[140.17868,35.67279],[140.1786,35.67263],[140.1782,35.67278],[140.17814,35.67281],[140.17823,35.67295],[140.17835,35.67311],[140.1784,35.67325],[140.17854,35.67368],[140.17869,35.67367],[140.17874,35.67365],[140.17878,35.67362],[140.1788,35.67367],[140.17886,35.67375],[140.17885,35.67385],[140.17877,35.67391],[140.17857,35.67393],[140.17864,35.67411],[140.17856,35.67414],[140.17869,35.67432],[140.17917,35.67455],[140.17931,35.67446],[140.17939,35.67444],[140.17947,35.67451],[140.17988,35.67514],[140.18046,35.67603],[140.18014,35.67621],[140.17987,35.67625],[140.17983,35.67617],[140.17975,35.67606],[140.1797,35.676],[140.17863,35.67515],[140.17848,35.6751],[140.17837,35.67521],[140.17859,35.67562],[140.17847,35.67566],[140.17837,35.67573],[140.17825,35.67573],[140.17817,35.67558],[140.17806,35.67552],[140.17793,35.67544],[140.17783,35.67529],[140.17782,35.67515],[140.17789,35.67507],[140.17796,35.67507],[140.17804,35.67508],[140.1783,35.67454],[140.17831,35.6745],[140.17831,35.67446],[140.17829,35.67441],[140.17824,35.67434],[140.1776,35.67458],[140.17751,35.67461],[140.17745,35.67449],[140.17724,35.67403],[140.17723,35.67383],[140.17695,35.67391],[140.17664,35.67437],[140.1763,35.67441],[140.176,35.67449],[140.17572,35.67465],[140.17533,35.67487],[140.1753,35.6746],[140.17529,35.67452],[140.17537,35.67431],[140.17544,35.67425],[140.17541,35.67421],[140.17526,35.674],[140.17528,35.67399],[140.17501,35.67356],[140.17508,35.67321],[140.17519,35.67313],[140.17546,35.67291],[140.17527,35.67288],[140.17498,35.67289],[140.175,35.67277],[140.17503,35.67251],[140.17508,35.67213],[140.17483,35.67214],[140.17444,35.67218],[140.17439,35.67195],[140.17432,35.67183],[140.17414,35.67173],[140.17374,35.67156],[140.17328,35.67145],[140.1731,35.67144],[140.17312,35.67134],[140.17278,35.67129],[140.17225,35.67143],[140.17207,35.67142],[140.17202,35.67164],[140.17175,35.67161],[140.1716,35.67161],[140.17139,35.67146],[140.17115,35.67127],[140.17083,35.67135],[140.17045,35.67151],[140.17021,35.67161],[140.16988,35.67178],[140.16989,35.67184],[140.1693,35.6722],[140.16932,35.67222],[140.16866,35.67263],[140.16826,35.67283],[140.16786,35.67293],[140.16746,35.67305],[140.16641,35.67347],[140.1663,35.67351],[140.16658,35.67422],[140.16641,35.67426],[140.16623,35.67431],[140.16666,35.67521],[140.16692,35.67634],[140.16685,35.67636],[140.16688,35.67639],[140.16701,35.67658],[140.16707,35.67655],[140.16712,35.67664],[140.16696,35.67672],[140.16724,35.67713],[140.16737,35.67728],[140.16765,35.67757],[140.16778,35.67774],[140.16795,35.67797],[140.168,35.6782],[140.16802,35.67837],[140.16809,35.67859],[140.1682,35.67873],[140.16839,35.67893],[140.16876,35.67928],[140.16889,35.67949],[140.1692,35.68002],[140.16946,35.68003],[140.16977,35.68004],[140.16984,35.68005],[140.16987,35.68004],[140.16989,35.68004],[140.16992,35.67997],[140.17,35.67969],[140.17008,35.67957],[140.1702,35.67953],[140.17034,35.67951],[140.17092,35.67953],[140.1715,35.67959],[140.1722,35.67952],[140.17239,35.67954],[140.17268,35.67959],[140.17311,35.67957],[140.17353,35.67956],[140.17391,35.67957],[140.17535,35.67993],[140.17539,35.68002],[140.17561,35.6801],[140.17579,35.68013],[140.17605,35.68018],[140.17614,35.68022],[140.17635,35.68033],[140.17643,35.68039],[140.17654,35.68057],[140.17668,35.68078],[140.17695,35.6811],[140.17702,35.68127],[140.17715,35.68154],[140.17744,35.68166],[140.17775,35.68176],[140.17779,35.68177],[140.17787,35.68175],[140.17798,35.68188],[140.17802,35.68203],[140.17829,35.68245],[140.17854,35.68282],[140.17881,35.6833],[140.17913,35.68371],[140.17943,35.68405],[140.17959,35.68424],[140.17978,35.68446],[140.18049,35.68443],[140.18077,35.68473],[140.18111,35.68512],[140.18154,35.68551],[140.18189,35.68575],[140.18224,35.68598],[140.18274,35.68628],[140.18292,35.6864],[140.18307,35.68644],[140.18324,35.68647],[140.18339,35.68624],[140.18347,35.68613],[140.18339,35.68606],[140.18365,35.6859],[140.18363,35.68585],[140.18359,35.68578],[140.18357,35.68575]]]}},{"type":"Feature","properties":{"name":"内黒田","setai":496,"jinko":1361,"key":"122280050","units":1},"geometry":{"type":"MultiPolygon","coordinates":[[[[140.17632,35.69708],[140.17627,35.69699],[140.17625,35.69695],[140.17627,35.69689],[140.17632,35.69677],[140.17644,35.69658],[140.17657,35.69637],[140.17656,35.69624],[140.17656,35.69621],[140.17662,35.69614],[140.17669,35.69605],[140.17673,35.69599],[140.17673,35.69596],[140.17673,35.69593],[140.17672,35.69583],[140.1767,35.69565],[140.17667,35.69541],[140.17669,35.69507],[140.17671,35.69502],[140.17677,35.69497],[140.17693,35.69488],[140.177,35.69484],[140.17704,35.69482],[140.17713,35.69479],[140.17723,35.69475],[140.17722,35.6947],[140.17717,35.69452],[140.17707,35.69451],[140.17702,35.69448],[140.17696,35.69445],[140.17692,35.6944],[140.17689,35.69436],[140.17687,35.6943],[140.17687,35.69424],[140.17688,35.6942],[140.17692,35.69409],[140.17699,35.69391],[140.17706,35.69369],[140.17711,35.69355],[140.17715,35.69346],[140.17717,35.69342],[140.17722,35.69337],[140.17754,35.69305],[140.17788,35.69288],[140.17795,35.69277],[140.17798,35.69264],[140.17803,35.69241],[140.17803,35.69236],[140.17806,35.69202],[140.17786,35.69205],[140.17767,35.6921],[140.17762,35.69213],[140.17759,35.69214],[140.17758,35.69217],[140.17757,35.69221],[140.17757,35.69224],[140.17746,35.69223],[140.17739,35.69222],[140.17734,35.69221],[140.1773,35.69219],[140.17726,35.69217],[140.17722,35.69214],[140.17717,35.69215],[140.17711,35.69215],[140.17706,35.69214],[140.17697,35.69188],[140.17696,35.69142],[140.17692,35.69123],[140.1768,35.69116],[140.17666,35.69114],[140.17651,35.69118],[140.17645,35.69125],[140.17631,35.69132],[140.17623,35.69129],[140.17616,35.69131],[140.17615,35.69125],[140.17608,35.69113],[140.17582,35.69122],[140.17571,35.69099],[140.17574,35.69078],[140.17554,35.6908],[140.17548,35.69078],[140.17544,35.69075],[140.17538,35.6907],[140.17535,35.69067],[140.1753,35.69063],[140.17525,35.69061],[140.17526,35.69049],[140.17489,35.6904],[140.17489,35.69035],[140.17502,35.69029],[140.17511,35.69024],[140.17523,35.69017],[140.17512,35.69006],[140.17493,35.69014],[140.17471,35.68975],[140.17458,35.68957],[140.17437,35.68962],[140.1743,35.68961],[140.17434,35.68947],[140.1744,35.68923],[140.17452,35.68874],[140.17464,35.68822],[140.17467,35.68804],[140.175,35.68738],[140.17522,35.6869],[140.17511,35.68617],[140.17494,35.68531],[140.17493,35.68521],[140.17503,35.6851],[140.17498,35.68458],[140.17499,35.68456],[140.17504,35.68455],[140.17657,35.6847],[140.17671,35.68471],[140.17742,35.68476],[140.17811,35.6848],[140.17881,35.68484],[140.17935,35.68485],[140.17939,35.68485],[140.17941,35.68447],[140.17978,35.68446],[140.17959,35.68424],[140.17943,35.68405],[140.17913,35.68371],[140.17881,35.6833],[140.17854,35.68282],[140.17829,35.68245],[140.17802,35.68203],[140.17798,35.68188],[140.17787,35.68175],[140.17779,35.68177],[140.17775,35.68176],[140.17744,35.68166],[140.17715,35.68154],[140.17702,35.68127],[140.17695,35.6811],[140.17668,35.68078],[140.17654,35.68057],[140.17643,35.68039],[140.17635,35.68033],[140.17614,35.68022],[140.17605,35.68018],[140.17579,35.68013],[140.17561,35.6801],[140.17539,35.68002],[140.17535,35.67993],[140.17391,35.67957],[140.17353,35.67956],[140.17311,35.67957],[140.17268,35.67959],[140.17239,35.67954],[140.1722,35.67952],[140.1715,35.67959],[140.17092,35.67953],[140.17034,35.67951],[140.1702,35.67953],[140.17008,35.67957],[140.17,35.67969],[140.16992,35.67997],[140.16989,35.68004],[140.16987,35.68004],[140.16984,35.68005],[140.16977,35.68004],[140.16976,35.68008],[140.16968,35.68045],[140.16965,35.68061],[140.16959,35.68084],[140.16945,35.68121],[140.16932,35.68153],[140.16922,35.68178],[140.16914,35.68201],[140.16906,35.68212],[140.16894,35.68226],[140.16882,35.68238],[140.16877,35.68256],[140.16871,35.68279],[140.1686,35.68294],[140.16848,35.6831],[140.16846,35.6832],[140.16839,35.68343],[140.16833,35.68369],[140.16815,35.68396],[140.16799,35.68459],[140.16803,35.68509],[140.16805,35.68516],[140.16777,35.68558],[140.16757,35.68677],[140.16753,35.68755],[140.16733,35.68887],[140.16754,35.68923],[140.16762,35.68989],[140.16762,35.69018],[140.16766,35.69032],[140.16805,35.69109],[140.16821,35.69135],[140.16828,35.69236],[140.16841,35.69287],[140.16842,35.69332],[140.16883,35.69368],[140.16931,35.69432],[140.16924,35.69437],[140.17026,35.69562],[140.17053,35.6958],[140.17196,35.69666],[140.17268,35.69711],[140.17275,35.69706],[140.17418,35.6988],[140.17445,35.69921],[140.17509,35.69884],[140.17506,35.69876],[140.17507,35.69867],[140.1751,35.6986],[140.17514,35.69853],[140.17525,35.69845],[140.17531,35.69841],[140.17535,35.69839],[140.17538,35.69833],[140.17548,35.69818],[140.17556,35.69811],[140.17561,35.69804],[140.17566,35.69797],[140.17585,35.69767],[140.17593,35.69753],[140.17598,35.69743],[140.17609,35.69727],[140.17633,35.6972],[140.17634,35.69716],[140.17632,35.69708]]],[[[140.16641,35.67347],[140.16746,35.67305],[140.16742,35.67291],[140.16635,35.67331],[140.16628,35.67334],[140.16595,35.67297],[140.16581,35.67305],[140.16602,35.67331],[140.16586,35.67339],[140.16601,35.67375],[140.16613,35.67398],[140.16623,35.67431],[140.16641,35.67426],[140.16658,35.67422],[140.1663,35.67351],[140.16641,35.67347]]]]}},{"type":"Feature","properties":{"name":"萱橋","setai":7,"jinko":19,"key":"122280060","units":1},"geometry":{"type":"Polygon","coordinates":[[[140.16924,35.69437],[140.16931,35.69432],[140.16883,35.69368],[140.16842,35.69332],[140.16841,35.69287],[140.16828,35.69236],[140.16821,35.69135],[140.16805,35.69109],[140.16766,35.69032],[140.16762,35.69018],[140.16762,35.68989],[140.16754,35.68923],[140.16733,35.68887],[140.16753,35.68755],[140.16757,35.68677],[140.16777,35.68558],[140.16805,35.68516],[140.16803,35.68509],[140.16799,35.68459],[140.16815,35.68396],[140.16833,35.68369],[140.16839,35.68343],[140.16846,35.6832],[140.16848,35.6831],[140.1686,35.68294],[140.16871,35.68279],[140.16877,35.68256],[140.16882,35.68238],[140.16894,35.68226],[140.16906,35.68212],[140.16914,35.68201],[140.16922,35.68178],[140.16932,35.68153],[140.16945,35.68121],[140.16959,35.68084],[140.16965,35.68061],[140.16968,35.68045],[140.16976,35.68008],[140.16977,35.68004],[140.16946,35.68003],[140.1692,35.68002],[140.16921,35.68021],[140.16918,35.68039],[140.16908,35.68059],[140.16909,35.68092],[140.16906,35.68114],[140.16893,35.68147],[140.16878,35.68171],[140.16869,35.68178],[140.16855,35.68191],[140.16836,35.68223],[140.16834,35.68225],[140.16824,35.68239],[140.16812,35.68252],[140.16805,35.68262],[140.16795,35.6827],[140.16784,35.68273],[140.16777,35.68274],[140.16774,35.68276],[140.16772,35.68279],[140.16772,35.68298],[140.16768,35.68331],[140.1659,35.68299],[140.16569,35.68392],[140.16562,35.68414],[140.16551,35.68467],[140.16534,35.68539],[140.16525,35.68597],[140.16521,35.6862],[140.16512,35.68619],[140.16474,35.68614],[140.16454,35.6861],[140.16442,35.68607],[140.16428,35.68603],[140.16405,35.68597],[140.16386,35.6859],[140.16369,35.6858],[140.16343,35.68559],[140.16331,35.68548],[140.16323,35.6854],[140.16317,35.68531],[140.16315,35.68522],[140.16313,35.68512],[140.16309,35.68509],[140.16301,35.68516],[140.16299,35.68532],[140.16301,35.6855],[140.16322,35.68576],[140.16335,35.68587],[140.16356,35.68605],[140.16383,35.68619],[140.16396,35.68628],[140.16428,35.68634],[140.16457,35.6864],[140.16473,35.68647],[140.16486,35.68653],[140.16498,35.68656],[140.1653,35.68656],[140.16545,35.68657],[140.16573,35.6866],[140.16596,35.68668],[140.16606,35.68676],[140.16625,35.68696],[140.16637,35.68707],[140.16631,35.68718],[140.1663,35.68729],[140.16635,35.68747],[140.16636,35.68761],[140.16632,35.68772],[140.16631,35.68783],[140.16635,35.68798],[140.16632,35.68846],[140.16632,35.68857],[140.16628,35.68873],[140.16625,35.68897],[140.16617,35.689],[140.16599,35.68907],[140.16577,35.68917],[140.16549,35.68928],[140.16556,35.6894],[140.16564,35.68943],[140.16581,35.6894],[140.16604,35.68942],[140.16619,35.68948],[140.1664,35.68961],[140.16662,35.68985],[140.16709,35.69047],[140.16756,35.69087],[140.16765,35.69103],[140.16758,35.69125],[140.16752,35.69136],[140.16739,35.69141],[140.16738,35.69148],[140.16743,35.6916],[140.16757,35.69253],[140.16755,35.69262],[140.16742,35.6927],[140.16735,35.69275],[140.16734,35.69281],[140.1674,35.69287],[140.16757,35.69295],[140.16765,35.69306],[140.1678,35.69343],[140.16796,35.69369],[140.16801,35.69379],[140.16832,35.6941],[140.16846,35.69435],[140.16852,35.69447],[140.16857,35.69455],[140.16876,35.69466],[140.1692,35.69439],[140.16924,35.69437]]]}},{"type":"Feature","properties":{"name":"下志津新田","setai":1480,"jinko":3487,"key":"122280070","units":1},"geometry":{"type":"Polygon","coordinates":[[[140.15845,35.66871],[140.15835,35.66832],[140.15826,35.6681],[140.15817,35.66789],[140.15792,35.6674],[140.1578,35.66717],[140.15766,35.66693],[140.15731,35.66628],[140.1573,35.66626],[140.15776,35.66623],[140.15792,35.66621],[140.15803,35.66614],[140.15834,35.66592],[140.15829,35.6659],[140.15803,35.66564],[140.15782,35.66515],[140.15753,35.66462],[140.15731,35.66421],[140.1571,35.66373],[140.15674,35.66293],[140.15674,35.66287],[140.15673,35.66282],[140.15615,35.66177],[140.15578,35.66122],[140.15537,35.66051],[140.15507,35.66003],[140.15475,35.65952],[140.15463,35.65929],[140.15464,35.65921],[140.15457,35.65917],[140.15363,35.65873],[140.15336,35.65887],[140.15296,35.659],[140.15233,35.65918],[140.15232,35.6592],[140.15232,35.65923],[140.15232,35.65927],[140.15232,35.65929],[140.15233,35.65931],[140.15235,35.65935],[140.15238,35.65941],[140.15247,35.65956],[140.15295,35.66007],[140.15301,35.66016],[140.15253,35.66039],[140.15252,35.66039],[140.15239,35.66051],[140.15228,35.66059],[140.15177,35.66108],[140.15161,35.66126],[140.15146,35.6614],[140.1513,35.66154],[140.15118,35.66175],[140.15132,35.6617],[140.15147,35.66164],[140.15231,35.6625],[140.15296,35.66198],[140.15306,35.66191],[140.15334,35.66235],[140.15367,35.66277],[140.15323,35.66295],[140.15314,35.66298],[140.15273,35.66315],[140.15275,35.66377],[140.15278,35.66405],[140.15282,35.66426],[140.15322,35.66433],[140.1534,35.66445],[140.15321,35.66442],[140.15319,35.66446],[140.15307,35.66501],[140.15304,35.66517],[140.15244,35.66509],[140.15166,35.66499],[140.15186,35.66529],[140.15298,35.66549],[140.15372,35.66563],[140.15445,35.66575],[140.154,35.66698],[140.15402,35.66699],[140.15367,35.66802],[140.15366,35.66808],[140.15516,35.66846],[140.15516,35.66849],[140.15587,35.66861],[140.15591,35.66849],[140.1561,35.66853],[140.15608,35.6686],[140.1569,35.66872],[140.15719,35.66877],[140.15778,35.66886],[140.1578,35.66926],[140.1578,35.6693],[140.15781,35.66942],[140.15783,35.66968],[140.15799,35.66967],[140.15799,35.66964],[140.15864,35.6696],[140.15856,35.66926],[140.15856,35.66924],[140.15855,35.66921],[140.15851,35.669],[140.15845,35.66871]]]}},{"type":"Feature","properties":{"name":"四街道","setai":1231,"jinko":2797,"key":"122280081","units":1},"geometry":{"type":"Polygon","coordinates":[[[140.16359,35.66883],[140.16382,35.66814],[140.16398,35.66768],[140.1641,35.66733],[140.1637,35.66679],[140.16339,35.66638],[140.16341,35.66632],[140.16326,35.66613],[140.16275,35.66547],[140.16249,35.66513],[140.1624,35.665],[140.16223,35.66478],[140.16188,35.66431],[140.16128,35.66354],[140.16093,35.66307],[140.16088,35.663],[140.16082,35.66291],[140.16029,35.66221],[140.16003,35.66188],[140.15946,35.66108],[140.15941,35.66107],[140.15755,35.66057],[140.1569,35.66037],[140.15576,35.65989],[140.15571,35.65981],[140.15567,35.65976],[140.15554,35.65966],[140.15515,35.65945],[140.15488,35.65934],[140.15464,35.65921],[140.15463,35.65929],[140.15475,35.65952],[140.15507,35.66003],[140.15537,35.66051],[140.15578,35.66122],[140.15615,35.66177],[140.15673,35.66282],[140.15674,35.66287],[140.15674,35.66293],[140.1571,35.66373],[140.15731,35.66421],[140.15753,35.66462],[140.15782,35.66515],[140.15803,35.66564],[140.15829,35.6659],[140.15834,35.66592],[140.15803,35.66614],[140.15792,35.66621],[140.15776,35.66623],[140.1573,35.66626],[140.15731,35.66628],[140.15766,35.66693],[140.1578,35.66717],[140.15792,35.6674],[140.15817,35.66789],[140.15966,35.66738],[140.15978,35.66762],[140.16006,35.66819],[140.16044,35.66896],[140.16096,35.66882],[140.16099,35.66889],[140.16222,35.66853],[140.16234,35.66913],[140.16345,35.66933],[140.16355,35.66899],[140.16356,35.66893],[140.16359,35.66883]]]}},{"type":"Feature","properties":{"name":"四街道一丁目","setai":548,"jinko":1019,"key":"12228008201","units":1},"geometry":{"type":"Polygon","coordinates":[[[140.16533,35.66362],[140.16545,35.66319],[140.16563,35.66328],[140.16575,35.66309],[140.16591,35.66283],[140.16534,35.66263],[140.16533,35.66268],[140.16553,35.66277],[140.16542,35.66295],[140.16465,35.66262],[140.16254,35.66185],[140.16249,35.66193],[140.16247,35.66194],[140.16243,35.66196],[140.16239,35.66196],[140.16237,35.66196],[140.16235,35.66195],[140.16201,35.66181],[140.16171,35.6617],[140.16114,35.66155],[140.15946,35.66108],[140.16003,35.66188],[140.16029,35.66221],[140.16082,35.66291],[140.16088,35.663],[140.16093,35.66307],[140.16128,35.66354],[140.16188,35.66431],[140.16223,35.66478],[140.1624,35.665],[140.16249,35.66513],[140.16275,35.66547],[140.16326,35.66613],[140.16341,35.66632],[140.16339,35.66638],[140.1637,35.66679],[140.1641,35.66733],[140.16443,35.66635],[140.16444,35.66633],[140.16454,35.66604],[140.16491,35.66485],[140.16516,35.66412],[140.16528,35.66377],[140.16533,35.66362]]]}},{"type":"Feature","properties":{"name":"四街道二丁目","setai":829,"jinko":1715,"key":"12228008202","units":1},"geometry":{"type":"Polygon","coordinates":[[[140.16495,35.66136],[140.16459,35.66101],[140.16445,35.66107],[140.16431,35.6611],[140.16429,35.66098],[140.16426,35.66089],[140.16419,35.6607],[140.16418,35.66051],[140.1642,35.66025],[140.16369,35.66001],[140.16334,35.65996],[140.16289,35.65998],[140.16285,35.66001],[140.16267,35.66015],[140.16257,35.66006],[140.16243,35.66016],[140.16226,35.66003],[140.1621,35.66013],[140.16175,35.65996],[140.16173,35.65995],[140.16149,35.65982],[140.16141,35.65977],[140.16136,35.65983],[140.16096,35.65953],[140.16103,35.65945],[140.16093,35.65936],[140.16062,35.65904],[140.16049,35.65887],[140.16029,35.65868],[140.16011,35.65851],[140.15989,35.65829],[140.15952,35.65787],[140.15929,35.6576],[140.15921,35.65761],[140.1591,35.65737],[140.15901,35.65717],[140.15834,35.6572],[140.15814,35.65733],[140.15805,35.65724],[140.15785,35.65703],[140.1577,35.65702],[140.1573,35.65713],[140.15725,35.65714],[140.15703,35.65721],[140.15723,35.65764],[140.15745,35.65808],[140.15769,35.65842],[140.158,35.65884],[140.15869,35.65961],[140.15909,35.65998],[140.15946,35.66028],[140.15994,35.66061],[140.16039,35.66092],[140.16073,35.66106],[140.16132,35.66136],[140.16199,35.6616],[140.16216,35.66167],[140.16254,35.66185],[140.16465,35.66262],[140.16542,35.66295],[140.16553,35.66277],[140.16533,35.66268],[140.16535,35.66219],[140.16524,35.66189],[140.16519,35.66176],[140.16511,35.66159],[140.16506,35.6615],[140.165,35.66141],[140.16495,35.66136]]]}},{"type":"Feature","properties":{"name":"四街道三丁目","setai":593,"jinko":1250,"key":"12228008203","units":1},"geometry":{"type":"Polygon","coordinates":[[[140.15723,35.65764],[140.15703,35.65721],[140.1569,35.65727],[140.15683,35.65731],[140.15684,35.65735],[140.15665,35.65741],[140.1562,35.65755],[140.15619,35.65756],[140.15563,35.65783],[140.1552,35.65801],[140.15519,35.65801],[140.15451,35.65832],[140.1545,35.65832],[140.15363,35.65873],[140.15457,35.65917],[140.15464,35.65921],[140.15488,35.65934],[140.15515,35.65945],[140.15554,35.65966],[140.15567,35.65976],[140.15571,35.65981],[140.15576,35.65989],[140.1569,35.66037],[140.15755,35.66057],[140.15941,35.66107],[140.15946,35.66108],[140.16114,35.66155],[140.16171,35.6617],[140.16201,35.66181],[140.16235,35.66195],[140.16237,35.66196],[140.16239,35.66196],[140.16243,35.66196],[140.16247,35.66194],[140.16249,35.66193],[140.16254,35.66185],[140.16216,35.66167],[140.16199,35.6616],[140.16132,35.66136],[140.16073,35.66106],[140.16039,35.66092],[140.15994,35.66061],[140.15946,35.66028],[140.15909,35.65998],[140.15869,35.65961],[140.158,35.65884],[140.15769,35.65842],[140.15745,35.65808],[140.15723,35.65764]]]}},{"type":"Feature","properties":{"name":"大日","setai":7620,"jinko":18088,"key":"12228009003","units":3},"geometry":{"type":"MultiPolygon","coordinates":[[[[140.15568,35.67798],[140.15817,35.67793],[140.15886,35.67794],[140.15898,35.67794],[140.15921,35.67794],[140.15943,35.67793],[140.15942,35.67733],[140.15942,35.6771],[140.16071,35.67709],[140.16069,35.67624],[140.15942,35.67622],[140.15941,35.67624],[140.15814,35.67625],[140.15815,35.67583],[140.15814,35.6754],[140.15813,35.67455],[140.15812,35.67369],[140.15838,35.67369],[140.15839,35.67281],[140.15842,35.67212],[140.15845,35.67068],[140.15835,35.67052],[140.15832,35.67047],[140.15784,35.66975],[140.15783,35.66968],[140.15781,35.66942],[140.1578,35.6693],[140.1578,35.66926],[140.15778,35.66886],[140.15719,35.66877],[140.1569,35.66872],[140.15608,35.6686],[140.1561,35.66853],[140.15591,35.66849],[140.15587,35.66861],[140.15516,35.66849],[140.15516,35.66846],[140.15366,35.66808],[140.15367,35.66802],[140.15402,35.66699],[140.154,35.66698],[140.15445,35.66575],[140.15372,35.66563],[140.15298,35.66549],[140.15186,35.66529],[140.15166,35.66499],[140.15141,35.66463],[140.15146,35.66459],[140.15154,35.66455],[140.15152,35.66452],[140.15144,35.66447],[140.15104,35.6643],[140.15102,35.66433],[140.15099,35.66438],[140.15102,35.6644],[140.1508,35.66487],[140.15075,35.6649],[140.15059,35.66488],[140.1505,35.66547],[140.1504,35.666],[140.15043,35.66637],[140.15047,35.66658],[140.15058,35.66714],[140.15068,35.66747],[140.15069,35.66751],[140.15106,35.66823],[140.15148,35.66885],[140.15162,35.66928],[140.15168,35.66941],[140.15168,35.66942],[140.15173,35.66953],[140.15179,35.66967],[140.15192,35.67008],[140.15199,35.67031],[140.15202,35.67043],[140.15203,35.67046],[140.15203,35.67047],[140.15181,35.67052],[140.15174,35.67053],[140.15178,35.67081],[140.15163,35.67089],[140.15171,35.6712],[140.15171,35.6712],[140.15174,35.6712],[140.15177,35.67141],[140.1518,35.67151],[140.15185,35.67167],[140.15188,35.67177],[140.15192,35.67189],[140.15194,35.67196],[140.15195,35.67201],[140.1519,35.67202],[140.1517,35.67206],[140.15173,35.67217],[140.15179,35.67217],[140.15183,35.67217],[140.15184,35.67225],[140.15184,35.67225],[140.15185,35.67225],[140.15191,35.67225],[140.15192,35.67244],[140.15191,35.67244],[140.15187,35.67244],[140.15196,35.67286],[140.15196,35.67287],[140.15197,35.67286],[140.152,35.67286],[140.152,35.67286],[140.15201,35.67296],[140.15201,35.67296],[140.1523,35.67303],[140.15231,35.67304],[140.15234,35.67307],[140.15241,35.67317],[140.15241,35.67317],[140.15242,35.67318],[140.15244,35.67319],[140.15244,35.6732],[140.15263,35.67316],[140.15269,35.67316],[140.15272,35.67317],[140.15274,35.6732],[140.15274,35.67321],[140.15276,35.67329],[140.15275,35.67332],[140.1527,35.67344],[140.1527,35.67344],[140.1527,35.67345],[140.1527,35.67357],[140.1527,35.67357],[140.15269,35.67358],[140.15264,35.67362],[140.15261,35.67364],[140.15259,35.67366],[140.15259,35.67366],[140.15259,35.67368],[140.15259,35.67372],[140.15259,35.67373],[140.15259,35.67374],[140.15259,35.67376],[140.15261,35.67379],[140.15261,35.67379],[140.15264,35.67381],[140.15268,35.67382],[140.15271,35.67385],[140.15272,35.67389],[140.15272,35.67394],[140.15272,35.67395],[140.15272,35.67396],[140.1527,35.67402],[140.15268,35.67408],[140.15265,35.6742],[140.15262,35.67429],[140.15262,35.6743],[140.15264,35.67433],[140.15267,35.67446],[140.15265,35.67452],[140.15258,35.67457],[140.15248,35.6746],[140.15252,35.67476],[140.15252,35.67476],[140.15247,35.67482],[140.15247,35.67483],[140.15243,35.67487],[140.15245,35.67494],[140.15247,35.67498],[140.15247,35.67498],[140.1525,35.675],[140.15254,35.67502],[140.15254,35.67502],[140.15259,35.67507],[140.15271,35.67521],[140.15277,35.67528],[140.15284,35.67535],[140.15284,35.67535],[140.15296,35.67535],[140.15309,35.67534],[140.1531,35.67536],[140.15313,35.67543],[140.15314,35.67544],[140.15326,35.67584],[140.1533,35.67595],[140.1533,35.676],[140.15319,35.67622],[140.15317,35.67626],[140.15317,35.67626],[140.15312,35.67633],[140.15311,35.67634],[140.15311,35.67635],[140.15311,35.67652],[140.15311,35.67662],[140.15319,35.67693],[140.15317,35.67711],[140.15315,35.67727],[140.15312,35.67731],[140.153,35.67739],[140.15289,35.67744],[140.15288,35.67758],[140.15279,35.67787],[140.15276,35.67802],[140.15294,35.67828],[140.15295,35.67829],[140.1531,35.67864],[140.15442,35.67864],[140.15568,35.67863],[140.15568,35.67798]]],[[[140.16397,35.67846],[140.16415,35.67769],[140.16504,35.6778],[140.165,35.67798],[140.16524,35.67798],[140.16531,35.67799],[140.16556,35.67812],[140.16556,35.67812],[140.16561,35.67814],[140.16572,35.67816],[140.16586,35.67812],[140.16599,35.67804],[140.16619,35.67793],[140.16638,35.67789],[140.16671,35.67782],[140.1672,35.67772],[140.16731,35.67766],[140.16739,35.67771],[140.16764,35.67757],[140.16765,35.67757],[140.16737,35.67728],[140.16724,35.67713],[140.16696,35.67672],[140.16712,35.67664],[140.16707,35.67655],[140.16701,35.67658],[140.16688,35.67639],[140.16685,35.67636],[140.16692,35.67634],[140.16666,35.67521],[140.16623,35.67431],[140.16613,35.67398],[140.16601,35.67375],[140.16586,35.67339],[140.16602,35.67331],[140.16581,35.67305],[140.16595,35.67297],[140.16579,35.67279],[140.16589,35.67261],[140.16601,35.67233],[140.16623,35.67169],[140.16697,35.67184],[140.16706,35.67171],[140.16712,35.67159],[140.16717,35.6714],[140.16665,35.67126],[140.16704,35.67],[140.16554,35.66955],[140.16532,35.6695],[140.16506,35.66948],[140.16506,35.66948],[140.16399,35.66943],[140.16389,35.66942],[140.16387,35.66967],[140.16366,35.66965],[140.16337,35.66964],[140.16341,35.66947],[140.16345,35.66933],[140.16234,35.66913],[140.16222,35.66853],[140.16099,35.66889],[140.16096,35.66882],[140.16044,35.66896],[140.16006,35.66819],[140.15978,35.66762],[140.15966,35.66738],[140.15817,35.66789],[140.15826,35.6681],[140.15835,35.66832],[140.15845,35.66871],[140.15851,35.669],[140.15855,35.66921],[140.15856,35.66924],[140.15856,35.66926],[140.15864,35.6696],[140.15799,35.66964],[140.15799,35.66967],[140.15783,35.66968],[140.15784,35.66975],[140.15832,35.67047],[140.15835,35.67052],[140.15845,35.67068],[140.15842,35.67212],[140.15839,35.67281],[140.15838,35.67369],[140.15812,35.67369],[140.15813,35.67455],[140.15814,35.6754],[140.15815,35.67583],[140.15814,35.67625],[140.15941,35.67624],[140.15942,35.67622],[140.16069,35.67624],[140.16071,35.67709],[140.16167,35.6771],[140.1615,35.67798],[140.16149,35.67798],[140.16146,35.67808],[140.16335,35.67837],[140.16397,35.67846]]],[[[140.14999,35.69988],[140.15037,35.6997],[140.15052,35.69992],[140.15116,35.69964],[140.15147,35.69951],[140.15256,35.69902],[140.1547,35.69807],[140.15455,35.69784],[140.15461,35.69781],[140.15708,35.69675],[140.15787,35.69638],[140.15906,35.69586],[140.15893,35.69574],[140.1588,35.6955],[140.15876,35.6953],[140.15889,35.6953],[140.15939,35.69549],[140.15988,35.6957],[140.16071,35.69602],[140.16104,35.69608],[140.1616,35.69611],[140.16199,35.69602],[140.16246,35.69601],[140.16289,35.69605],[140.16303,35.69596],[140.16312,35.69587],[140.16312,35.69575],[140.16354,35.69561],[140.1633,35.69533],[140.16324,35.6952],[140.16296,35.69474],[140.16293,35.69438],[140.16286,35.69412],[140.16289,35.69375],[140.16276,35.69349],[140.16249,35.69326],[140.16232,35.69315],[140.16221,35.69307],[140.16211,35.69304],[140.16184,35.69283],[140.16168,35.69275],[140.1616,35.69264],[140.16147,35.69255],[140.16138,35.69245],[140.16133,35.69232],[140.16127,35.69221],[140.16111,35.69197],[140.16098,35.69169],[140.16089,35.69144],[140.16086,35.69122],[140.16102,35.69104],[140.16095,35.69119],[140.16108,35.6916],[140.16129,35.69194],[140.16143,35.69217],[140.16171,35.69248],[140.16208,35.69279],[140.16236,35.69278],[140.16241,35.69294],[140.16268,35.69318],[140.16312,35.69382],[140.16311,35.6944],[140.16308,35.69448],[140.16325,35.69482],[140.16335,35.69499],[140.1634,35.69522],[140.16375,35.69553],[140.16451,35.69594],[140.16473,35.69623],[140.16482,35.69633],[140.165,35.69645],[140.16513,35.69651],[140.16517,35.69652],[140.16517,35.69652],[140.16522,35.69652],[140.16536,35.69646],[140.16538,35.69648],[140.16535,35.69656],[140.16535,35.6966],[140.16535,35.6967],[140.16536,35.69673],[140.16538,35.69677],[140.1654,35.6968],[140.16543,35.69681],[140.16551,35.69684],[140.16555,35.69685],[140.16566,35.69686],[140.16572,35.69685],[140.16571,35.697],[140.1657,35.69702],[140.16568,35.69705],[140.16567,35.69709],[140.16578,35.69731],[140.16586,35.69747],[140.16586,35.69757],[140.16569,35.69809],[140.16562,35.69824],[140.16564,35.69825],[140.16558,35.69853],[140.16558,35.69877],[140.16563,35.69878],[140.16619,35.6983],[140.16688,35.69777],[140.16746,35.69733],[140.16767,35.69709],[140.16781,35.69706],[140.16793,35.69698],[140.16843,35.6966],[140.16874,35.69648],[140.16927,35.69629],[140.16925,35.69622],[140.16914,35.69595],[140.16904,35.69577],[140.16901,35.69562],[140.16909,35.69524],[140.16908,35.6951],[140.16876,35.69466],[140.16857,35.69455],[140.16852,35.69447],[140.16846,35.69435],[140.16832,35.6941],[140.16801,35.69379],[140.16796,35.69369],[140.1678,35.69343],[140.16765,35.69306],[140.16757,35.69295],[140.1674,35.69287],[140.16734,35.69281],[140.16735,35.69275],[140.16742,35.6927],[140.16755,35.69262],[140.16757,35.69253],[140.16743,35.6916],[140.16738,35.69148],[140.16739,35.69141],[140.16752,35.69136],[140.16758,35.69125],[140.16765,35.69103],[140.16756,35.69087],[140.16709,35.69047],[140.16662,35.68985],[140.1664,35.68961],[140.16619,35.68948],[140.16604,35.68942],[140.16581,35.6894],[140.16564,35.68943],[140.16556,35.6894],[140.16549,35.68928],[140.16577,35.68917],[140.16599,35.68907],[140.16617,35.689],[140.16625,35.68897],[140.16628,35.68873],[140.16632,35.68857],[140.16632,35.68846],[140.16635,35.68798],[140.16631,35.68783],[140.16632,35.68772],[140.16636,35.68761],[140.16635,35.68747],[140.1663,35.68729],[140.16631,35.68718],[140.16637,35.68707],[140.16625,35.68696],[140.16606,35.68676],[140.16596,35.68668],[140.16573,35.6866],[140.16545,35.68657],[140.1653,35.68656],[140.16498,35.68656],[140.16486,35.68653],[140.16473,35.68647],[140.16457,35.6864],[140.16428,35.68634],[140.16396,35.68628],[140.16383,35.68619],[140.16356,35.68605],[140.16335,35.68587],[140.16322,35.68576],[140.16301,35.6855],[140.16299,35.68532],[140.16301,35.68516],[140.16309,35.68509],[140.16313,35.68512],[140.16315,35.68522],[140.16317,35.68531],[140.16323,35.6854],[140.16331,35.68548],[140.16343,35.68559],[140.16369,35.6858],[140.16386,35.6859],[140.16405,35.68597],[140.16428,35.68603],[140.16442,35.68607],[140.16454,35.6861],[140.16474,35.68614],[140.16512,35.68619],[140.16521,35.6862],[140.16525,35.68597],[140.16534,35.68539],[140.16551,35.68467],[140.16562,35.68414],[140.16569,35.68392],[140.1659,35.68299],[140.16768,35.68331],[140.16772,35.68298],[140.16772,35.68279],[140.16774,35.68276],[140.16777,35.68274],[140.16784,35.68273],[140.16795,35.6827],[140.16805,35.68262],[140.16812,35.68252],[140.16824,35.68239],[140.16834,35.68225],[140.16836,35.68223],[140.16855,35.68191],[140.16869,35.68178],[140.16878,35.68171],[140.16893,35.68147],[140.16906,35.68114],[140.16909,35.68092],[140.16908,35.68059],[140.16918,35.68039],[140.16921,35.68021],[140.1692,35.68002],[140.16889,35.67949],[140.16876,35.67928],[140.16839,35.67893],[140.1682,35.67873],[140.16809,35.67859],[140.16802,35.67837],[140.168,35.6782],[140.16795,35.67797],[140.16778,35.67774],[140.16765,35.67757],[140.16764,35.67757],[140.16739,35.67771],[140.16731,35.67766],[140.1672,35.67772],[140.16671,35.67782],[140.16638,35.67789],[140.16619,35.67793],[140.16599,35.67804],[140.16586,35.67812],[140.16572,35.67816],[140.16561,35.67814],[140.16556,35.67812],[140.16556,35.67812],[140.16531,35.67799],[140.16524,35.67798],[140.165,35.67798],[140.16504,35.6778],[140.16415,35.67769],[140.16397,35.67846],[140.16335,35.67837],[140.16146,35.67808],[140.16149,35.67798],[140.1615,35.67798],[140.16167,35.6771],[140.16071,35.67709],[140.15942,35.6771],[140.15942,35.67733],[140.15943,35.67793],[140.15921,35.67794],[140.15898,35.67794],[140.15886,35.67794],[140.15817,35.67793],[140.15568,35.67798],[140.15568,35.67863],[140.15442,35.67864],[140.1531,35.67864],[140.15307,35.67907],[140.15294,35.67915],[140.1523,35.67924],[140.15232,35.67947],[140.15233,35.67968],[140.15234,35.67978],[140.15235,35.67987],[140.15246,35.68013],[140.15255,35.68032],[140.15257,35.68047],[140.15262,35.68059],[140.15265,35.68066],[140.15251,35.68117],[140.15254,35.68128],[140.15262,35.68151],[140.15266,35.68164],[140.1527,35.68174],[140.15272,35.68183],[140.15276,35.68195],[140.15279,35.68203],[140.15272,35.68203],[140.15283,35.68226],[140.15381,35.68229],[140.15382,35.68235],[140.15385,35.68248],[140.1539,35.68262],[140.15391,35.68275],[140.15389,35.68283],[140.15385,35.68292],[140.15382,35.683],[140.15382,35.68308],[140.15384,35.68314],[140.15388,35.68321],[140.15392,35.68328],[140.15392,35.68329],[140.15393,35.68333],[140.15394,35.68337],[140.15394,35.68337],[140.15398,35.68338],[140.15401,35.68337],[140.15405,35.68336],[140.15412,35.68335],[140.15416,35.68335],[140.15423,35.68336],[140.15423,35.68337],[140.15424,35.68339],[140.15424,35.68339],[140.15419,35.68344],[140.15416,35.68346],[140.1541,35.68351],[140.15403,35.68353],[140.15383,35.68359],[140.1538,35.68385],[140.15375,35.68407],[140.15367,35.68437],[140.15358,35.68465],[140.15355,35.68482],[140.15352,35.685],[140.1535,35.68518],[140.15348,35.68551],[140.15342,35.68571],[140.1533,35.68599],[140.15326,35.68608],[140.15317,35.6862],[140.15307,35.68634],[140.15301,35.68643],[140.15297,35.68653],[140.15293,35.6867],[140.1529,35.68686],[140.15289,35.68696],[140.15289,35.68705],[140.15292,35.68714],[140.15298,35.68725],[140.153,35.6873],[140.15304,35.68732],[140.15307,35.68734],[140.15308,35.68738],[140.15284,35.68778],[140.15277,35.688],[140.15273,35.688],[140.1527,35.68801],[140.15269,35.68803],[140.1527,35.68807],[140.1529,35.68859],[140.15292,35.68864],[140.15293,35.68866],[140.15303,35.68864],[140.15314,35.68858],[140.15318,35.68856],[140.15327,35.68852],[140.15336,35.68847],[140.15349,35.68862],[140.15352,35.68866],[140.15358,35.68874],[140.15366,35.68883],[140.15376,35.68893],[140.15369,35.689],[140.15365,35.68904],[140.15352,35.68913],[140.15342,35.68918],[140.15287,35.68929],[140.15271,35.68939],[140.15258,35.6895],[140.15246,35.68963],[140.15223,35.68994],[140.15202,35.69018],[140.15183,35.69036],[140.15172,35.69048],[140.15164,35.69056],[140.15157,35.69062],[140.15151,35.69069],[140.15152,35.69091],[140.15154,35.69106],[140.15156,35.69138],[140.1512,35.6913],[140.15102,35.69128],[140.15093,35.69129],[140.15083,35.69133],[140.15055,35.69146],[140.15042,35.69151],[140.15025,35.6916],[140.1501,35.69171],[140.14989,35.69188],[140.14984,35.6919],[140.14982,35.69192],[140.14977,35.69195],[140.14906,35.69222],[140.14809,35.69251],[140.14753,35.69274],[140.14718,35.69286],[140.14723,35.69319],[140.14737,35.69353],[140.14781,35.69413],[140.1478,35.69424],[140.14785,35.69447],[140.14789,35.69458],[140.14816,35.69493],[140.14862,35.69543],[140.14902,35.69553],[140.14939,35.69565],[140.14953,35.6957],[140.14971,35.69592],[140.14981,35.69606],[140.14989,35.69616],[140.14997,35.69626],[140.15007,35.69631],[140.15023,35.69631],[140.15038,35.69628],[140.15061,35.69616],[140.15068,35.69623],[140.15073,35.6964],[140.1506,35.69651],[140.15025,35.6966],[140.14985,35.69657],[140.14968,35.69638],[140.14957,35.69619],[140.14952,35.69617],[140.14912,35.69627],[140.14906,35.69628],[140.14885,35.69634],[140.14826,35.69643],[140.14843,35.69729],[140.14868,35.69838],[140.14883,35.69898],[140.14889,35.6992],[140.14901,35.6998],[140.14833,35.7001],[140.14889,35.70094],[140.14969,35.70059],[140.15029,35.70032],[140.15029,35.70032],[140.15026,35.70028],[140.14999,35.69988]]],[[[140.14809,35.69106],[140.14801,35.69054],[140.14798,35.6904],[140.14795,35.69029],[140.14784,35.69002],[140.14782,35.68996],[140.14781,35.6899],[140.14781,35.68985],[140.14782,35.68971],[140.14782,35.68966],[140.14802,35.68967],[140.14814,35.68996],[140.14816,35.69009],[140.14818,35.69025],[140.14822,35.69044],[140.14826,35.69061],[140.14828,35.69067],[140.1484,35.69099],[140.14848,35.69119],[140.14868,35.69116],[140.14881,35.69113],[140.1489,35.6911],[140.14897,35.69106],[140.14907,35.69097],[140.14914,35.69089],[140.14926,35.69086],[140.14936,35.69081],[140.14953,35.69073],[140.14985,35.69056],[140.15009,35.69043],[140.15056,35.69007],[140.15088,35.68973],[140.15098,35.68963],[140.15114,35.6895],[140.15148,35.68929],[140.15176,35.68896],[140.15185,35.68883],[140.15186,35.68877],[140.15181,35.68851],[140.15177,35.68832],[140.15174,35.68824],[140.15174,35.68823],[140.15172,35.68822],[140.15157,35.68816],[140.15142,35.6881],[140.15131,35.68806],[140.151,35.68794],[140.15086,35.68787],[140.15077,35.68779],[140.15076,35.68775],[140.15068,35.68767],[140.15057,35.68756],[140.15042,35.68742],[140.1503,35.68731],[140.1502,35.68724],[140.14994,35.68706],[140.14977,35.68694],[140.14962,35.68682],[140.14947,35.6867],[140.14938,35.68659],[140.14929,35.68648],[140.14923,35.68637],[140.14914,35.68618],[140.14906,35.68593],[140.149,35.68574],[140.14895,35.68565],[140.14891,35.68556],[140.14889,35.68536],[140.14889,35.68523],[140.14887,35.68491],[140.14885,35.68485],[140.14883,35.68483],[140.14852,35.68463],[140.14826,35.68448],[140.14815,35.68439],[140.14811,35.68434],[140.14819,35.68424],[140.14819,35.68424],[140.14822,35.6842],[140.14767,35.68385],[140.14495,35.684],[140.14124,35.68423],[140.14107,35.68257],[140.13981,35.68262],[140.13981,35.68247],[140.13844,35.68255],[140.13831,35.68255],[140.13831,35.68273],[140.13798,35.68274],[140.13797,35.68282],[140.13797,35.68284],[140.13798,35.683],[140.13798,35.68301],[140.13796,35.68303],[140.13776,35.68326],[140.13774,35.6833],[140.13774,35.68335],[140.13777,35.68353],[140.1378,35.6836],[140.13783,35.68365],[140.13787,35.68369],[140.13795,35.68375],[140.13814,35.68418],[140.13823,35.68442],[140.13822,35.68463],[140.13822,35.68483],[140.13823,35.6849],[140.13824,35.68494],[140.13824,35.68495],[140.13827,35.685],[140.13833,35.68508],[140.13854,35.68529],[140.13881,35.68552],[140.13888,35.68559],[140.13898,35.68562],[140.13919,35.68568],[140.13926,35.68571],[140.13929,35.68573],[140.13931,35.68575],[140.13932,35.68578],[140.13943,35.68603],[140.13959,35.68643],[140.1396,35.6865],[140.1396,35.68656],[140.13959,35.68663],[140.13953,35.68684],[140.13946,35.68704],[140.13943,35.68712],[140.13942,35.68719],[140.13941,35.68728],[140.13942,35.68734],[140.13946,35.68764],[140.13956,35.68794],[140.13962,35.6881],[140.13962,35.6881],[140.13965,35.68815],[140.1397,35.6882],[140.13977,35.68825],[140.13981,35.68827],[140.14065,35.68874],[140.14083,35.68882],[140.14102,35.68893],[140.14131,35.68915],[140.14153,35.68939],[140.14163,35.68949],[140.14174,35.68958],[140.14187,35.68967],[140.14192,35.68971],[140.14196,35.68978],[140.142,35.68987],[140.1421,35.69014],[140.14218,35.69038],[140.1423,35.69076],[140.14274,35.6912],[140.14282,35.6912],[140.14284,35.69125],[140.14348,35.69122],[140.14427,35.69119],[140.14499,35.69109],[140.14526,35.69105],[140.14536,35.69105],[140.14555,35.69108],[140.14584,35.69112],[140.14595,35.69115],[140.14605,35.69119],[140.14618,35.69125],[140.1468,35.69162],[140.14695,35.69168],[140.14704,35.69171],[140.14711,35.69171],[140.14734,35.69165],[140.14761,35.69158],[140.14797,35.69132],[140.14805,35.69128],[140.14812,35.69125],[140.14809,35.69106]]]]}},{"type":"Feature","properties":{"name":"鹿放ケ丘","setai":488,"jinko":1076,"key":"122280100","units":1},"geometry":{"type":"Polygon","coordinates":[[[140.1531,35.68391],[140.15304,35.68379],[140.15304,35.68378],[140.153,35.6837],[140.15299,35.68369],[140.15295,35.68359],[140.15292,35.68354],[140.15292,35.68354],[140.15279,35.68353],[140.15272,35.68342],[140.1527,35.68334],[140.15269,35.68326],[140.1527,35.68319],[140.15271,35.68312],[140.15274,35.68304],[140.15279,35.68294],[140.15284,35.6828],[140.15296,35.68253],[140.15283,35.68227],[140.15283,35.68226],[140.15272,35.68203],[140.15279,35.68203],[140.15276,35.68195],[140.15272,35.68183],[140.1527,35.68174],[140.15266,35.68164],[140.15262,35.68151],[140.15254,35.68128],[140.15251,35.68117],[140.15265,35.68066],[140.15262,35.68059],[140.15257,35.68047],[140.15255,35.68032],[140.15246,35.68013],[140.15235,35.67987],[140.15234,35.67978],[140.15233,35.67968],[140.15232,35.67947],[140.1523,35.67924],[140.15226,35.67924],[140.1523,35.67858],[140.15226,35.67843],[140.15225,35.6784],[140.15222,35.6782],[140.15201,35.67796],[140.15191,35.67785],[140.15207,35.67772],[140.15223,35.67761],[140.15226,35.6776],[140.15264,35.67734],[140.15273,35.67725],[140.1528,35.67713],[140.15273,35.67634],[140.15252,35.67553],[140.1525,35.67541],[140.15243,35.67513],[140.15215,35.67518],[140.15208,35.67491],[140.15204,35.6746],[140.15202,35.67453],[140.15202,35.67452],[140.15202,35.67452],[140.15204,35.67446],[140.15205,35.67445],[140.1521,35.67441],[140.1522,35.67439],[140.15232,35.67437],[140.15215,35.67373],[140.15213,35.67367],[140.15204,35.67332],[140.15197,35.67314],[140.15191,35.67298],[140.15189,35.67287],[140.15184,35.6727],[140.15181,35.67269],[140.1517,35.67266],[140.15167,35.67254],[140.15163,35.67239],[140.15159,35.67225],[140.15158,35.67222],[140.15165,35.67216],[140.15169,35.67213],[140.15168,35.67208],[140.15157,35.67169],[140.15149,35.67141],[140.15146,35.67124],[140.15144,35.67108],[140.15141,35.67088],[140.15141,35.67083],[140.15141,35.67083],[140.15143,35.6708],[140.15145,35.67076],[140.15147,35.67072],[140.15147,35.67068],[140.15147,35.67068],[140.15141,35.67043],[140.15137,35.67026],[140.15141,35.67017],[140.15132,35.66967],[140.15109,35.66948],[140.15107,35.66946],[140.15105,35.66943],[140.15101,35.66939],[140.15101,35.66938],[140.15092,35.66928],[140.15095,35.66881],[140.1502,35.66824],[140.15008,35.66807],[140.15008,35.66806],[140.15007,35.66799],[140.1497,35.66797],[140.14887,35.66792],[140.14821,35.66787],[140.14782,35.66785],[140.147,35.6678],[140.14617,35.66775],[140.14491,35.66768],[140.14345,35.66759],[140.14222,35.66752],[140.14109,35.66747],[140.14096,35.66747],[140.14096,35.66769],[140.14095,35.66804],[140.14097,35.66877],[140.14097,35.6688],[140.14097,35.66885],[140.13909,35.66948],[140.13617,35.67047],[140.13655,35.67113],[140.1366,35.6712],[140.13661,35.67122],[140.13666,35.67117],[140.13671,35.67113],[140.13672,35.67113],[140.13673,35.67113],[140.13678,35.67112],[140.13684,35.67112],[140.1369,35.67113],[140.13691,35.67114],[140.13692,35.67114],[140.13695,35.67116],[140.13697,35.67117],[140.1372,35.67134],[140.13733,35.67146],[140.1376,35.67173],[140.13766,35.67181],[140.13772,35.67191],[140.13774,35.67199],[140.13778,35.67223],[140.13783,35.67253],[140.13784,35.67253],[140.13785,35.67254],[140.13789,35.67255],[140.13797,35.67254],[140.13833,35.67251],[140.13848,35.6725],[140.13876,35.6725],[140.1389,35.6725],[140.13896,35.67249],[140.13916,35.6725],[140.13921,35.67251],[140.13935,35.67252],[140.1395,35.67253],[140.13963,35.67254],[140.13973,35.67254],[140.13987,35.67252],[140.1399,35.67252],[140.14,35.6725],[140.14022,35.67246],[140.14036,35.67244],[140.14054,35.67241],[140.14059,35.67239],[140.14069,35.67231],[140.14088,35.67215],[140.141,35.67205],[140.14117,35.67188],[140.14123,35.67182],[140.14124,35.67182],[140.14125,35.6718],[140.1413,35.67172],[140.14134,35.67166],[140.14139,35.67162],[140.14151,35.67153],[140.14154,35.67151],[140.14161,35.67145],[140.14173,35.67133],[140.14181,35.67124],[140.14182,35.67124],[140.14198,35.67134],[140.14165,35.67167],[140.1415,35.67181],[140.14144,35.67187],[140.14139,35.67192],[140.14131,35.67203],[140.14124,35.67212],[140.14109,35.67225],[140.14095,35.67236],[140.14091,35.6724],[140.14064,35.67255],[140.1405,35.67266],[140.14027,35.67287],[140.14021,35.67293],[140.14018,35.67295],[140.14014,35.67295],[140.14007,35.67296],[140.13941,35.67296],[140.13936,35.67295],[140.13928,35.67292],[140.1392,35.6729],[140.1391,35.6729],[140.13875,35.67293],[140.13864,35.67294],[140.13854,35.67296],[140.13845,35.67299],[140.13835,35.67303],[140.13808,35.67316],[140.13808,35.67316],[140.13811,35.67343],[140.13815,35.67387],[140.13815,35.67387],[140.13825,35.67413],[140.13838,35.67445],[140.13841,35.67451],[140.13842,35.67454],[140.13842,35.67461],[140.13831,35.67533],[140.13829,35.67544],[140.13827,35.67549],[140.13824,35.67553],[140.13808,35.6757],[140.13805,35.67575],[140.13792,35.67625],[140.13786,35.67639],[140.13785,35.67641],[140.13778,35.67653],[140.13764,35.67677],[140.13743,35.67742],[140.13719,35.67799],[140.1372,35.67808],[140.13721,35.67816],[140.13724,35.67833],[140.13727,35.6785],[140.1373,35.67871],[140.13683,35.67953],[140.13681,35.6796],[140.1368,35.67972],[140.1367,35.68009],[140.13668,35.68016],[140.1367,35.68017],[140.13674,35.68018],[140.13683,35.68021],[140.137,35.68029],[140.13701,35.68029],[140.13701,35.68029],[140.13712,35.68034],[140.13714,35.68036],[140.13718,35.68036],[140.13729,35.68039],[140.13744,35.68051],[140.13763,35.68069],[140.13767,35.68073],[140.13774,35.68081],[140.13777,35.68086],[140.13793,35.68113],[140.13799,35.68127],[140.13801,35.68142],[140.13802,35.68159],[140.13802,35.68163],[140.13801,35.68164],[140.13795,35.68171],[140.13799,35.68178],[140.138,35.68179],[140.13799,35.68181],[140.13794,35.68188],[140.138,35.68211],[140.13799,35.68219],[140.13799,35.68221],[140.13801,35.68239],[140.13798,35.68266],[140.13798,35.68274],[140.13831,35.68273],[140.13831,35.68255],[140.13844,35.68255],[140.13981,35.68247],[140.13981,35.68262],[140.14107,35.68257],[140.14124,35.68423],[140.14495,35.684],[140.14767,35.68385],[140.14822,35.6842],[140.14819,35.68424],[140.14832,35.68429],[140.14847,35.68435],[140.14851,35.68437],[140.14852,35.68437],[140.14853,35.68438],[140.1487,35.68447],[140.14888,35.68455],[140.14901,35.68464],[140.14901,35.68465],[140.14908,35.68474],[140.14908,35.68474],[140.14908,35.68474],[140.1491,35.68485],[140.14912,35.68495],[140.14914,35.68517],[140.14918,35.68543],[140.14924,35.68558],[140.14931,35.68573],[140.14934,35.68596],[140.14938,35.68611],[140.1494,35.68616],[140.1494,35.68624],[140.14951,35.68634],[140.14963,35.68643],[140.14975,35.68652],[140.14989,35.68663],[140.14999,35.68672],[140.15012,35.68679],[140.15018,35.68682],[140.1503,35.68685],[140.15051,35.68696],[140.15057,35.68706],[140.15066,35.68716],[140.1507,35.68722],[140.15074,35.68725],[140.15084,35.6873],[140.15096,35.6874],[140.15106,35.68749],[140.15119,35.68757],[140.15133,35.68765],[140.15145,35.6877],[140.15155,35.68773],[140.15173,35.68777],[140.15195,35.68781],[140.152,35.68782],[140.15202,35.68778],[140.1521,35.68755],[140.15217,35.68731],[140.1522,35.68721],[140.15225,35.68704],[140.15227,35.68692],[140.15229,35.6868],[140.15233,35.68656],[140.15235,35.68642],[140.15235,35.68642],[140.15242,35.68618],[140.15247,35.68608],[140.15254,35.686],[140.15264,35.68585],[140.15266,35.68581],[140.15272,35.68569],[140.15278,35.68559],[140.15284,35.68545],[140.15289,35.68522],[140.15292,35.68508],[140.15293,35.68502],[140.15293,35.68491],[140.15293,35.68478],[140.15293,35.68478],[140.15299,35.68455],[140.15292,35.68451],[140.15285,35.68448],[140.15285,35.68438],[140.15285,35.68436],[140.15285,35.68433],[140.15287,35.68424],[140.15289,35.68415],[140.15291,35.68413],[140.15292,35.68411],[140.15294,35.68409],[140.15298,35.68405],[140.15307,35.68398],[140.15308,35.68397],[140.15311,35.68396],[140.1531,35.68391]]]}},{"type":"Feature","properties":{"name":"鹿渡","setai":2468,"jinko":5502,"key":"122280110","units":1},"geometry":{"type":"Polygon","coordinates":[[[140.18548,35.66485],[140.18541,35.66469],[140.18537,35.66463],[140.18534,35.66459],[140.18528,35.66454],[140.18522,35.66452],[140.18513,35.66449],[140.18507,35.66448],[140.18498,35.66444],[140.1849,35.6644],[140.18483,35.66436],[140.18453,35.66425],[140.18421,35.66414],[140.18402,35.6641],[140.18396,35.66409],[140.18388,35.6641],[140.18378,35.66412],[140.18358,35.66414],[140.1834,35.66411],[140.18323,35.66408],[140.18299,35.66401],[140.18287,35.66394],[140.1828,35.66379],[140.18272,35.66369],[140.18263,35.6636],[140.18252,35.66355],[140.18245,35.6635],[140.1824,35.66345],[140.18234,35.66339],[140.18228,35.66334],[140.18217,35.66328],[140.18194,35.66315],[140.18179,35.66304],[140.18163,35.66298],[140.18147,35.66294],[140.18136,35.66291],[140.18127,35.66283],[140.18116,35.6627],[140.18106,35.66258],[140.18103,35.6624],[140.18104,35.66235],[140.18101,35.6623],[140.18096,35.66222],[140.18088,35.66213],[140.18077,35.662],[140.1806,35.6618],[140.18059,35.66178],[140.18048,35.66166],[140.17995,35.66193],[140.17858,35.66011],[140.17786,35.66028],[140.17772,35.6603],[140.17727,35.66017],[140.17687,35.66018],[140.17662,35.66012],[140.1761,35.65997],[140.17595,35.65992],[140.17588,35.65987],[140.17579,35.66008],[140.17582,35.66015],[140.17568,35.66052],[140.17588,35.66069],[140.17559,35.6607],[140.17505,35.66071],[140.17461,35.66069],[140.17448,35.66069],[140.17442,35.66076],[140.17385,35.66149],[140.17347,35.66197],[140.17325,35.66224],[140.17278,35.66269],[140.17273,35.66274],[140.17183,35.66267],[140.17181,35.66282],[140.17158,35.6628],[140.17096,35.66275],[140.17079,35.66273],[140.17059,35.66271],[140.1706,35.66276],[140.17041,35.66274],[140.17036,35.66281],[140.17024,35.6628],[140.17024,35.66277],[140.17012,35.66276],[140.16996,35.66275],[140.16997,35.66268],[140.16985,35.66268],[140.16965,35.66267],[140.16965,35.66262],[140.16961,35.66262],[140.1695,35.66261],[140.16936,35.6626],[140.16924,35.66259],[140.16905,35.66257],[140.16904,35.66261],[140.16893,35.6626],[140.16872,35.66259],[140.16828,35.66253],[140.16781,35.66249],[140.16784,35.66235],[140.16756,35.66234],[140.16731,35.66233],[140.16662,35.66227],[140.16625,35.66226],[140.1657,35.66222],[140.16535,35.66219],[140.16533,35.66268],[140.16534,35.66263],[140.16591,35.66283],[140.16575,35.66309],[140.16563,35.66328],[140.16545,35.66319],[140.16533,35.66362],[140.16528,35.66377],[140.16516,35.66412],[140.16491,35.66485],[140.16454,35.66604],[140.16444,35.66633],[140.16479,35.6664],[140.16561,35.66658],[140.1667,35.66681],[140.16763,35.667],[140.16788,35.66708],[140.16734,35.66892],[140.16704,35.67],[140.16665,35.67126],[140.16717,35.6714],[140.16712,35.67159],[140.16706,35.67171],[140.16697,35.67184],[140.16623,35.67169],[140.16601,35.67233],[140.16589,35.67261],[140.16579,35.67279],[140.16595,35.67297],[140.16628,35.67334],[140.16635,35.67331],[140.16742,35.67291],[140.16746,35.67305],[140.16786,35.67293],[140.16826,35.67283],[140.16866,35.67263],[140.16932,35.67222],[140.1693,35.6722],[140.16989,35.67184],[140.16988,35.67178],[140.17021,35.67161],[140.17045,35.67151],[140.17083,35.67135],[140.17115,35.67127],[140.17139,35.67146],[140.1716,35.67161],[140.17175,35.67161],[140.17202,35.67164],[140.17207,35.67142],[140.17225,35.67143],[140.17278,35.67129],[140.17312,35.67134],[140.1731,35.67144],[140.17328,35.67145],[140.17374,35.67156],[140.17414,35.67173],[140.17456,35.67137],[140.17439,35.67129],[140.17451,35.67101],[140.17437,35.67096],[140.17441,35.67068],[140.17453,35.67069],[140.1747,35.67076],[140.17481,35.67082],[140.17505,35.67093],[140.17507,35.67089],[140.17479,35.67072],[140.17445,35.67049],[140.17416,35.67019],[140.17389,35.66947],[140.17356,35.66899],[140.17351,35.66888],[140.17334,35.66872],[140.17325,35.66848],[140.17322,35.66836],[140.17319,35.6683],[140.17315,35.66825],[140.17312,35.6682],[140.17308,35.66814],[140.17302,35.66806],[140.17298,35.66795],[140.17296,35.6679],[140.17295,35.66783],[140.17294,35.66775],[140.17293,35.66763],[140.17292,35.66746],[140.17291,35.66736],[140.1729,35.66733],[140.17288,35.66722],[140.17286,35.66709],[140.17284,35.66698],[140.17283,35.66689],[140.17283,35.66682],[140.17285,35.66676],[140.17291,35.66669],[140.17299,35.6666],[140.17299,35.6666],[140.17292,35.66655],[140.17283,35.66649],[140.17265,35.66639],[140.17215,35.66607],[140.17163,35.66576],[140.1703,35.66493],[140.17016,35.66485],[140.17037,35.66463],[140.17063,35.66434],[140.1707,35.66425],[140.17068,35.66423],[140.17073,35.66417],[140.17078,35.6642],[140.17084,35.66415],[140.17081,35.66411],[140.17089,35.66407],[140.17085,35.66402],[140.1709,35.66399],[140.17098,35.66407],[140.17103,35.66413],[140.17105,35.66415],[140.17111,35.66417],[140.17137,35.66394],[140.17176,35.6636],[140.17178,35.66358],[140.17182,35.66354],[140.17187,35.66355],[140.17198,35.66356],[140.17193,35.6637],[140.17188,35.66389],[140.17184,35.66401],[140.17203,35.66405],[140.17224,35.66409],[140.17246,35.66413],[140.17233,35.66466],[140.17242,35.66473],[140.1725,35.66478],[140.17272,35.66483],[140.1731,35.66484],[140.17316,35.66484],[140.17359,35.66487],[140.17397,35.66488],[140.17434,35.66482],[140.17444,35.66504],[140.17444,35.66505],[140.17442,35.66509],[140.17439,35.66513],[140.17428,35.66522],[140.17425,35.66526],[140.17423,35.6653],[140.17423,35.66536],[140.17421,35.66552],[140.17412,35.66553],[140.17408,35.66578],[140.17414,35.66579],[140.17414,35.6658],[140.17412,35.66585],[140.17408,35.66588],[140.17405,35.66595],[140.17396,35.66629],[140.17396,35.6664],[140.17399,35.66649],[140.17379,35.66671],[140.17355,35.66679],[140.17341,35.66685],[140.17346,35.66688],[140.17368,35.66701],[140.17389,35.66715],[140.17452,35.66754],[140.17452,35.66754],[140.17494,35.66779],[140.17524,35.66797],[140.17552,35.66815],[140.1758,35.66832],[140.17582,35.66834],[140.1761,35.6685],[140.17622,35.66857],[140.17631,35.66863],[140.17639,35.66868],[140.17639,35.66868],[140.17661,35.66882],[140.1769,35.66899],[140.17719,35.66918],[140.17726,35.66921],[140.1776,35.66942],[140.17793,35.66962],[140.17906,35.67031],[140.18013,35.67097],[140.18119,35.67163],[140.18227,35.67229],[140.18254,35.67245],[140.18299,35.67278],[140.18339,35.67315],[140.18365,35.67343],[140.18381,35.67362],[140.18415,35.67396],[140.18486,35.67477],[140.18583,35.67587],[140.18725,35.67742],[140.18739,35.67731],[140.18855,35.67682],[140.18746,35.67309],[140.18729,35.67258],[140.18712,35.67207],[140.18691,35.67158],[140.18623,35.67001],[140.186,35.66946],[140.18591,35.66919],[140.18577,35.6687],[140.18557,35.66773],[140.18524,35.66648],[140.18556,35.66642],[140.18554,35.66637],[140.18557,35.66617],[140.18559,35.66605],[140.18567,35.66591],[140.18571,35.66583],[140.18575,35.66565],[140.18577,35.66553],[140.18579,35.66543],[140.18578,35.66535],[140.18574,35.66529],[140.18565,35.66513],[140.18559,35.66504],[140.18557,35.665],[140.18553,35.66493],[140.18548,35.66485]]]}},{"type":"Feature","properties":{"name":"和良比","setai":3209,"jinko":7627,"key":"122280120","units":1},"geometry":{"type":"MultiPolygon","coordinates":[[[[140.17181,35.66282],[140.17183,35.66267],[140.17273,35.66274],[140.17278,35.66269],[140.17325,35.66224],[140.17347,35.66197],[140.17385,35.66149],[140.17442,35.66076],[140.17448,35.66069],[140.17461,35.66069],[140.17505,35.66071],[140.17559,35.6607],[140.17588,35.66069],[140.17568,35.66052],[140.17582,35.66015],[140.17579,35.66008],[140.17588,35.65987],[140.17581,35.65979],[140.17563,35.65948],[140.17549,35.65939],[140.17528,35.65926],[140.17522,35.6592],[140.17517,35.65914],[140.17501,35.65894],[140.17473,35.65869],[140.17461,35.65865],[140.17453,35.65866],[140.17439,35.65868],[140.17422,35.65867],[140.17407,35.65866],[140.17393,35.65863],[140.17373,35.65857],[140.17293,35.65849],[140.17268,35.65837],[140.17249,35.65813],[140.17234,35.658],[140.17199,35.65772],[140.1716,35.65738],[140.17157,35.65725],[140.17175,35.65713],[140.17188,35.65696],[140.17197,35.65674],[140.17181,35.65666],[140.17177,35.65663],[140.17175,35.65659],[140.17175,35.65655],[140.17176,35.65632],[140.17164,35.65629],[140.17146,35.65631],[140.17127,35.65623],[140.17117,35.65622],[140.17113,35.65617],[140.17102,35.65614],[140.17093,35.65608],[140.17092,35.65609],[140.17083,35.65605],[140.17077,35.65602],[140.17072,35.65598],[140.17068,35.65594],[140.17062,35.65582],[140.17059,35.65578],[140.17053,35.65566],[140.17039,35.65538],[140.17031,35.65521],[140.17032,35.65522],[140.17027,35.65506],[140.17024,35.65493],[140.17022,35.65483],[140.1702,35.65459],[140.17006,35.65419],[140.17034,35.65404],[140.17049,35.65398],[140.17069,35.65387],[140.17098,35.6537],[140.17086,35.65362],[140.17018,35.65317],[140.16894,35.65234],[140.16844,35.65202],[140.16875,35.65171],[140.16842,35.65149],[140.16823,35.65138],[140.16797,35.6512],[140.16796,35.6512],[140.16743,35.65079],[140.16725,35.65094],[140.16698,35.65067],[140.16652,35.65023],[140.1661,35.65066],[140.16589,35.65112],[140.16552,35.65099],[140.16543,35.65094],[140.16509,35.65082],[140.16495,35.65076],[140.16461,35.65068],[140.16463,35.65097],[140.16465,35.65122],[140.16464,35.65122],[140.16399,35.65122],[140.16327,35.65122],[140.16328,35.65135],[140.16262,35.65127],[140.16264,35.65088],[140.16217,35.65084],[140.1614,35.65088],[140.16133,35.65097],[140.1607,35.65067],[140.16029,35.65047],[140.16004,35.65035],[140.15927,35.64995],[140.15912,35.64986],[140.15874,35.64956],[140.15853,35.64933],[140.15838,35.64915],[140.15826,35.64893],[140.15803,35.64834],[140.15801,35.64824],[140.15792,35.64764],[140.15784,35.64721],[140.1578,35.64695],[140.15775,35.64669],[140.15751,35.6468],[140.15737,35.64703],[140.15659,35.64838],[140.15623,35.649],[140.15616,35.64912],[140.15611,35.64916],[140.15572,35.64987],[140.15561,35.65004],[140.15555,35.65014],[140.15553,35.6502],[140.15542,35.65039],[140.15536,35.6505],[140.15534,35.65054],[140.15533,35.65062],[140.15533,35.65067],[140.15534,35.65122],[140.15534,35.65135],[140.15535,35.65148],[140.1554,35.65178],[140.15544,35.65197],[140.15549,35.65215],[140.15549,35.65215],[140.1555,35.65218],[140.15555,35.65233],[140.15559,35.65254],[140.15573,35.65314],[140.15578,35.65339],[140.15582,35.65352],[140.15584,35.65362],[140.15586,35.65369],[140.15592,35.65395],[140.15597,35.65414],[140.15605,35.65437],[140.15607,35.65444],[140.1562,35.65475],[140.15621,35.6548],[140.15627,35.65494],[140.15644,35.6557],[140.1566,35.65634],[140.15661,35.65635],[140.15671,35.6567],[140.15678,35.65668],[140.15682,35.65709],[140.15683,35.65731],[140.1569,35.65727],[140.15703,35.65721],[140.15725,35.65714],[140.1573,35.65713],[140.1577,35.65702],[140.15785,35.65703],[140.15842,35.65674],[140.15817,35.65623],[140.15823,35.65619],[140.15865,35.65604],[140.1586,35.65594],[140.15856,35.6558],[140.15846,35.65584],[140.1584,35.65572],[140.15852,35.65569],[140.15849,35.65562],[140.15848,35.6556],[140.15838,35.65531],[140.1586,35.65529],[140.15854,35.65508],[140.15838,35.65465],[140.15828,35.65432],[140.15779,35.65443],[140.15737,35.65322],[140.15775,35.65314],[140.15764,35.65272],[140.15749,35.65274],[140.15745,35.65236],[140.15777,35.6524],[140.1591,35.65263],[140.15949,35.65269],[140.15973,35.65274],[140.16,35.65353],[140.16002,35.65358],[140.16012,35.65358],[140.16019,35.65382],[140.16021,35.65385],[140.16048,35.65375],[140.16064,35.6537],[140.16089,35.65366],[140.16099,35.65308],[140.16117,35.65309],[140.1612,35.65289],[140.16133,35.6529],[140.16153,35.65292],[140.1615,35.65312],[140.1614,35.65367],[140.1624,35.65379],[140.1624,35.65356],[140.16284,35.65351],[140.16299,35.6535],[140.16289,35.65393],[140.16313,35.654],[140.16333,35.65403],[140.16339,35.65392],[140.16341,35.65389],[140.16347,35.65384],[140.16353,35.65378],[140.16355,35.65377],[140.1636,35.65376],[140.16369,35.65374],[140.1639,35.65368],[140.16406,35.65364],[140.16424,35.65364],[140.16437,35.65364],[140.16447,35.65363],[140.16426,35.65375],[140.1647,35.65414],[140.16477,35.6542],[140.16491,35.65412],[140.16498,35.65421],[140.16485,35.65427],[140.16466,35.65441],[140.16455,35.65458],[140.16384,35.65431],[140.1636,35.65464],[140.16354,35.65494],[140.16353,35.65495],[140.16361,35.65499],[140.16386,35.65511],[140.16385,35.65518],[140.16388,35.65522],[140.16415,35.65531],[140.16431,35.65537],[140.16438,35.65543],[140.16446,35.6555],[140.16458,35.65561],[140.16472,35.65573],[140.16455,35.65579],[140.16439,35.65586],[140.16416,35.65595],[140.16414,35.65596],[140.16411,35.65598],[140.16409,35.656],[140.16409,35.65602],[140.16411,35.65606],[140.16414,35.65613],[140.16418,35.65622],[140.16422,35.6563],[140.16422,35.65636],[140.16428,35.65646],[140.16433,35.65655],[140.16451,35.65658],[140.16479,35.65647],[140.16494,35.65627],[140.16503,35.65623],[140.165,35.65633],[140.16522,35.65662],[140.16524,35.65659],[140.16543,35.65673],[140.16542,35.65678],[140.16551,35.65684],[140.16554,35.65688],[140.16575,35.6571],[140.1658,35.65715],[140.16585,35.65721],[140.1659,35.65726],[140.16602,35.65739],[140.16605,35.65742],[140.16634,35.65775],[140.16654,35.65779],[140.16666,35.65782],[140.16677,35.65774],[140.1669,35.65765],[140.16706,35.65783],[140.16705,35.658],[140.16717,35.65805],[140.16712,35.65814],[140.16708,35.6582],[140.16703,35.65833],[140.167,35.6584],[140.16698,35.65848],[140.16649,35.65862],[140.16621,35.65869],[140.16584,35.65879],[140.16578,35.65881],[140.16568,35.65891],[140.16534,35.65906],[140.16493,35.65937],[140.16493,35.65953],[140.16463,35.65977],[140.16422,35.65973],[140.16427,35.65967],[140.16383,35.65937],[140.16369,35.65951],[140.16334,35.65996],[140.16369,35.66001],[140.1642,35.66025],[140.16418,35.66051],[140.16419,35.6607],[140.16426,35.66089],[140.16429,35.66098],[140.16431,35.6611],[140.16445,35.66107],[140.16459,35.66101],[140.16495,35.66136],[140.165,35.66141],[140.16506,35.6615],[140.16511,35.66159],[140.16519,35.66176],[140.16524,35.66189],[140.16535,35.66219],[140.1657,35.66222],[140.16625,35.66226],[140.16662,35.66227],[140.16731,35.66233],[140.16756,35.66234],[140.16784,35.66235],[140.16781,35.66249],[140.16828,35.66253],[140.16872,35.66259],[140.16893,35.6626],[140.16904,35.66261],[140.16905,35.66257],[140.16924,35.66259],[140.16936,35.6626],[140.1695,35.66261],[140.16961,35.66262],[140.16965,35.66262],[140.16965,35.66267],[140.16985,35.66268],[140.16997,35.66268],[140.16996,35.66275],[140.17012,35.66276],[140.17024,35.66277],[140.17024,35.6628],[140.17036,35.66281],[140.17041,35.66274],[140.1706,35.66276],[140.17059,35.66271],[140.17079,35.66273],[140.17096,35.66275],[140.17158,35.6628],[140.17181,35.66282]]],[[[140.16288,35.6479],[140.16309,35.64778],[140.16324,35.64766],[140.1634,35.64764],[140.16352,35.64759],[140.1636,35.64756],[140.16365,35.64755],[140.16422,35.64737],[140.16499,35.64709],[140.16476,35.64671],[140.16435,35.64637],[140.16377,35.64606],[140.16348,35.6459],[140.16331,35.64576],[140.16311,35.64554],[140.1628,35.64522],[140.1628,35.64522],[140.16279,35.64522],[140.16269,35.64525],[140.16138,35.64559],[140.16107,35.64568],[140.16057,35.64581],[140.1605,35.64582],[140.16023,35.64587],[140.15984,35.64595],[140.15977,35.64597],[140.15973,35.64597],[140.15953,35.646],[140.15937,35.64604],[140.15798,35.6466],[140.15789,35.64664],[140.15798,35.64671],[140.158,35.64673],[140.15807,35.64681],[140.15813,35.64687],[140.15816,35.6469],[140.1582,35.64691],[140.15833,35.6473],[140.15839,35.64745],[140.15924,35.64748],[140.15982,35.6475],[140.16021,35.64751],[140.16052,35.64753],[140.16074,35.64754],[140.161,35.64757],[140.16115,35.64764],[140.16147,35.64787],[140.16177,35.64789],[140.16192,35.64789],[140.16216,35.64789],[140.16239,35.64789],[140.16254,35.6479],[140.16288,35.6479]]]]}},{"type":"Feature","properties":{"name":"山梨","setai":211,"jinko":635,"key":"122280130","units":1},"geometry":{"type":"MultiPolygon","coordinates":[[[[140.20447,35.68],[140.20521,35.67904],[140.20536,35.67915],[140.20602,35.6783],[140.20621,35.6781],[140.20636,35.67801],[140.20653,35.67791],[140.20672,35.6778],[140.20694,35.67767],[140.20743,35.67744],[140.20784,35.67727],[140.20803,35.6772],[140.20859,35.67697],[140.20899,35.67679],[140.20913,35.67673],[140.20996,35.67639],[140.20988,35.67627],[140.20981,35.67618],[140.20907,35.6762],[140.20877,35.67512],[140.20799,35.67224],[140.20778,35.67228],[140.20756,35.67232],[140.20741,35.67246],[140.20736,35.67254],[140.20728,35.67269],[140.20715,35.67284],[140.20697,35.67305],[140.20685,35.67311],[140.20667,35.67318],[140.20657,35.67325],[140.20648,35.67331],[140.20617,35.67356],[140.20636,35.67445],[140.20633,35.67449],[140.20609,35.67477],[140.20593,35.67487],[140.20574,35.67499],[140.20515,35.67521],[140.20475,35.67532],[140.20445,35.67539],[140.20367,35.67548],[140.20284,35.67555],[140.2027,35.6753],[140.20245,35.6752],[140.20183,35.67499],[140.20152,35.67509],[140.20126,35.67511],[140.20118,35.67493],[140.20105,35.67495],[140.20097,35.67477],[140.20085,35.67456],[140.201,35.67452],[140.20095,35.67442],[140.20094,35.67434],[140.20091,35.67427],[140.2008,35.67411],[140.20041,35.67384],[140.19993,35.67396],[140.19973,35.67401],[140.19961,35.67379],[140.19964,35.67363],[140.19973,35.67341],[140.19974,35.6734],[140.19974,35.67338],[140.19973,35.67337],[140.19969,35.67335],[140.19963,35.67333],[140.19961,35.67332],[140.19962,35.6733],[140.19964,35.67328],[140.19964,35.67328],[140.19976,35.67319],[140.2,35.67317],[140.19992,35.67301],[140.19989,35.67291],[140.19987,35.67284],[140.19982,35.67259],[140.19972,35.67253],[140.19945,35.67248],[140.19927,35.67245],[140.19922,35.6725],[140.19891,35.67282],[140.19889,35.67275],[140.19888,35.67269],[140.19882,35.67253],[140.19876,35.67243],[140.19868,35.67232],[140.19865,35.67228],[140.19859,35.67221],[140.19856,35.67217],[140.1985,35.67211],[140.19827,35.67185],[140.19802,35.6716],[140.19763,35.67121],[140.19761,35.67119],[140.19713,35.67075],[140.19682,35.6705],[140.19673,35.6704],[140.19656,35.67014],[140.19648,35.66998],[140.19644,35.66985],[140.19627,35.66973],[140.19608,35.66968],[140.19553,35.66958],[140.19529,35.6695],[140.19508,35.66934],[140.19506,35.66932],[140.19506,35.66932],[140.19499,35.66927],[140.1949,35.66919],[140.19484,35.66914],[140.19479,35.66913],[140.19471,35.66911],[140.19464,35.66908],[140.19461,35.66908],[140.19458,35.66907],[140.19431,35.669],[140.19377,35.66887],[140.19346,35.66878],[140.19333,35.66869],[140.19319,35.66851],[140.1935,35.66808],[140.19324,35.66795],[140.19325,35.66753],[140.19299,35.6669],[140.19315,35.66683],[140.19316,35.66682],[140.19306,35.66673],[140.1929,35.66657],[140.19289,35.66655],[140.1929,35.66653],[140.19292,35.66634],[140.19299,35.666],[140.19296,35.66596],[140.19288,35.66588],[140.19274,35.66576],[140.19262,35.66567],[140.19262,35.66567],[140.19258,35.66565],[140.1925,35.66561],[140.1924,35.66557],[140.19235,35.66557],[140.19225,35.6656],[140.19165,35.66525],[140.19092,35.6648],[140.19079,35.66476],[140.1908,35.66477],[140.19099,35.66507],[140.1911,35.66521],[140.19134,35.66555],[140.19144,35.66569],[140.19149,35.66578],[140.19151,35.66587],[140.19154,35.66599],[140.19154,35.66608],[140.1916,35.66631],[140.19157,35.66631],[140.19119,35.66634],[140.18954,35.66651],[140.18957,35.66678],[140.1896,35.66719],[140.18963,35.66755],[140.18918,35.6677],[140.18899,35.66815],[140.18879,35.66809],[140.18854,35.66801],[140.18836,35.66793],[140.18829,35.6679],[140.18821,35.66787],[140.18815,35.66786],[140.18794,35.66783],[140.18768,35.6678],[140.18732,35.66782],[140.1872,35.66781],[140.18705,35.66742],[140.18692,35.6671],[140.18682,35.66713],[140.18674,35.66714],[140.18665,35.66716],[140.18652,35.66718],[140.18639,35.6672],[140.18635,35.66722],[140.18631,35.66722],[140.18622,35.6672],[140.18619,35.66716],[140.18616,35.66709],[140.18614,35.66705],[140.18611,35.66699],[140.18607,35.66693],[140.18602,35.66691],[140.18595,35.66689],[140.18591,35.66683],[140.18585,35.66675],[140.18576,35.66665],[140.18568,35.66657],[140.18561,35.66648],[140.18556,35.66642],[140.18524,35.66648],[140.18557,35.66773],[140.18577,35.6687],[140.18591,35.66919],[140.186,35.66946],[140.18623,35.67001],[140.18691,35.67158],[140.18712,35.67207],[140.18729,35.67258],[140.18746,35.67309],[140.18855,35.67682],[140.18739,35.67731],[140.18725,35.67742],[140.18726,35.67743],[140.18771,35.67781],[140.18837,35.67826],[140.18838,35.67826],[140.18871,35.67843],[140.18882,35.67849],[140.18907,35.67861],[140.1894,35.67877],[140.18968,35.67885],[140.19087,35.67921],[140.19159,35.6794],[140.19214,35.67956],[140.1927,35.67974],[140.19327,35.67989],[140.19376,35.68003],[140.19402,35.68014],[140.19454,35.68035],[140.195,35.68058],[140.19561,35.6809],[140.19632,35.68138],[140.19699,35.68194],[140.19717,35.68207],[140.19745,35.6824],[140.1986,35.68233],[140.19956,35.68227],[140.20047,35.68223],[140.20141,35.68219],[140.20217,35.68218],[140.20288,35.68217],[140.20358,35.68216],[140.20362,35.682],[140.20395,35.68077],[140.20417,35.68038],[140.20447,35.68]]],[[[140.18647,35.65838],[140.18702,35.65829],[140.18706,35.65829],[140.18701,35.65776],[140.187,35.65722],[140.18714,35.65668],[140.18732,35.6562],[140.18716,35.65615],[140.18696,35.65605],[140.18662,35.65622],[140.18624,35.65641],[140.18621,35.65643],[140.18618,35.65646],[140.18625,35.6566],[140.18629,35.65682],[140.18632,35.65712],[140.18633,35.65719],[140.18632,35.6574],[140.18629,35.65763],[140.18628,35.65817],[140.18628,35.65825],[140.1863,35.65835],[140.18635,35.65832],[140.18641,35.65833],[140.18647,35.65838]]]]}},{"type":"Feature","properties":{"name":"吉岡","setai":390,"jinko":944,"key":"122280140","units":1},"geometry":{"type":"Polygon","coordinates":[[[140.21275,35.65721],[140.21317,35.65661],[140.2132,35.65544],[140.21321,35.65498],[140.21324,35.65443],[140.2132,35.65442],[140.21311,35.65442],[140.21305,35.65441],[140.21298,35.65439],[140.21288,35.65436],[140.21281,35.65434],[140.21276,35.65432],[140.2127,35.65432],[140.21255,35.65434],[140.21243,35.65436],[140.21237,35.65437],[140.21226,35.65437],[140.2121,35.65437],[140.21203,35.65438],[140.21198,35.6544],[140.21192,35.65445],[140.21188,35.65447],[140.21184,35.65447],[140.21179,35.65445],[140.21164,35.65434],[140.2116,35.65433],[140.2115,35.65432],[140.21143,35.65432],[140.21139,35.65431],[140.21132,35.65427],[140.21127,35.65425],[140.21121,35.65425],[140.21111,35.65424],[140.21104,35.65423],[140.21091,35.65418],[140.21087,35.65417],[140.21081,35.65417],[140.21076,35.65416],[140.21072,35.65415],[140.21067,35.65412],[140.21059,35.65409],[140.21056,35.65407],[140.21033,35.65407],[140.21027,35.65406],[140.21024,35.65404],[140.21021,35.65402],[140.21016,35.65397],[140.21011,35.65392],[140.21008,35.65389],[140.21003,35.65387],[140.2098,35.6538],[140.20957,35.65372],[140.20949,35.6537],[140.20944,35.65367],[140.2094,35.65365],[140.20925,35.65354],[140.20891,35.65333],[140.20887,35.65331],[140.20882,35.65332],[140.20874,35.65334],[140.20866,35.65335],[140.20856,35.65326],[140.20847,35.65319],[140.20841,35.65316],[140.20835,35.65313],[140.2083,35.65312],[140.20827,35.6531],[140.20822,35.65306],[140.20816,35.65301],[140.20803,35.65295],[140.20788,35.65287],[140.2077,35.6528],[140.20753,35.65274],[140.2075,35.65272],[140.20748,35.65269],[140.20744,35.65264],[140.20741,35.65261],[140.20737,35.65258],[140.2073,35.65255],[140.20723,35.65252],[140.20718,35.65249],[140.20714,35.65246],[140.20708,35.6524],[140.20691,35.65226],[140.20684,35.65222],[140.20675,35.65217],[140.20669,35.65214],[140.20664,35.6521],[140.2066,35.65208],[140.20648,35.65204],[140.20641,35.65203],[140.2062,35.65195],[140.20602,35.65189],[140.20588,35.65183],[140.20584,35.65181],[140.20581,35.65179],[140.20579,35.65176],[140.20576,35.65173],[140.20573,35.65172],[140.2057,35.65171],[140.20549,35.65172],[140.20541,35.65175],[140.20537,35.65177],[140.20533,35.65177],[140.20528,35.65176],[140.20521,35.65175],[140.20516,35.65175],[140.20513,35.65175],[140.2051,35.65177],[140.20505,35.6518],[140.20502,35.65181],[140.20498,35.6518],[140.20493,35.65178],[140.20485,35.65178],[140.20481,35.65168],[140.20481,35.65154],[140.20481,35.65139],[140.20482,35.65125],[140.20483,35.6511],[140.20483,35.65103],[140.20448,35.65104],[140.20472,35.65006],[140.20499,35.64911],[140.2051,35.6487],[140.20517,35.64856],[140.2053,35.64842],[140.20533,35.64832],[140.20568,35.64803],[140.20606,35.64797],[140.20604,35.64789],[140.20606,35.64786],[140.20611,35.64782],[140.20624,35.64776],[140.20629,35.64772],[140.20635,35.64764],[140.20644,35.64749],[140.20655,35.64739],[140.20659,35.64733],[140.20662,35.64727],[140.20665,35.64712],[140.20668,35.64682],[140.20671,35.64665],[140.20671,35.64663],[140.20673,35.64659],[140.20675,35.64654],[140.20677,35.6465],[140.20682,35.64644],[140.20687,35.64639],[140.20695,35.6463],[140.20706,35.6462],[140.20713,35.64613],[140.2072,35.64608],[140.20725,35.64606],[140.20728,35.64605],[140.2073,35.64604],[140.20734,35.64603],[140.20737,35.64602],[140.20741,35.64602],[140.20743,35.64602],[140.20745,35.64603],[140.20749,35.64604],[140.20752,35.64605],[140.20754,35.64607],[140.20757,35.64608],[140.2076,35.64611],[140.20763,35.64613],[140.20764,35.64616],[140.20766,35.6463],[140.20767,35.64634],[140.20768,35.64637],[140.20768,35.64637],[140.2077,35.64638],[140.20771,35.64639],[140.20773,35.64639],[140.20775,35.6464],[140.20779,35.6464],[140.20782,35.6464],[140.20784,35.64639],[140.20791,35.64638],[140.208,35.64636],[140.20806,35.64635],[140.20817,35.64632],[140.20855,35.64621],[140.20858,35.64588],[140.20813,35.64552],[140.20771,35.64522],[140.20723,35.64487],[140.20679,35.64445],[140.20608,35.64382],[140.206,35.64372],[140.20599,35.64365],[140.20604,35.64348],[140.20601,35.64332],[140.20597,35.64322],[140.20593,35.64315],[140.20574,35.64288],[140.20518,35.64209],[140.20489,35.64168],[140.20452,35.64124],[140.20427,35.64094],[140.20405,35.64069],[140.20389,35.64051],[140.20372,35.64031],[140.20351,35.64009],[140.2034,35.63997],[140.20333,35.6399],[140.20333,35.63989],[140.20248,35.64032],[140.20272,35.64066],[140.20224,35.64082],[140.20201,35.64097],[140.20187,35.64106],[140.20191,35.64118],[140.20203,35.64137],[140.20223,35.64171],[140.20229,35.64183],[140.20234,35.64191],[140.20228,35.64193],[140.20221,35.64197],[140.20215,35.64201],[140.20156,35.64268],[140.20172,35.64274],[140.20185,35.64281],[140.20194,35.64288],[140.20201,35.64295],[140.20204,35.64298],[140.20206,35.64302],[140.20207,35.64311],[140.20206,35.64316],[140.20201,35.64323],[140.20198,35.64329],[140.20195,35.64338],[140.20193,35.64348],[140.20188,35.64353],[140.2018,35.64358],[140.20173,35.6436],[140.20167,35.64385],[140.20203,35.64407],[140.20196,35.64409],[140.20179,35.64414],[140.20174,35.64416],[140.20172,35.64413],[140.20152,35.64388],[140.20147,35.6439],[140.20142,35.6439],[140.20135,35.64392],[140.20125,35.64394],[140.20116,35.64388],[140.20107,35.64382],[140.20092,35.64374],[140.20072,35.64379],[140.20059,35.64391],[140.20046,35.64381],[140.2003,35.64372],[140.20021,35.64381],[140.20018,35.64373],[140.20014,35.64364],[140.2,35.64366],[140.19989,35.64366],[140.19986,35.64365],[140.19986,35.64371],[140.19985,35.64378],[140.19984,35.64381],[140.1998,35.64381],[140.19977,35.64381],[140.19965,35.64364],[140.1996,35.64359],[140.19972,35.64351],[140.19976,35.64347],[140.19983,35.6434],[140.19996,35.64329],[140.19999,35.64319],[140.19997,35.64309],[140.19993,35.64295],[140.1999,35.64283],[140.19989,35.64273],[140.19991,35.64263],[140.19996,35.64254],[140.20002,35.64236],[140.2,35.64215],[140.19997,35.64208],[140.19993,35.64199],[140.19986,35.64185],[140.19972,35.64154],[140.19922,35.64169],[140.19929,35.64193],[140.19907,35.64201],[140.19898,35.64216],[140.19917,35.64234],[140.1991,35.64239],[140.19899,35.6425],[140.19883,35.64262],[140.19873,35.64256],[140.19865,35.64252],[140.19857,35.64246],[140.19853,35.6424],[140.1985,35.64233],[140.19845,35.64229],[140.19833,35.64222],[140.19845,35.6421],[140.19851,35.6421],[140.19835,35.64195],[140.19834,35.64193],[140.19832,35.64192],[140.19822,35.6419],[140.19801,35.64199],[140.19799,35.642],[140.19797,35.64199],[140.1978,35.64185],[140.19774,35.64178],[140.19768,35.64159],[140.19774,35.64154],[140.19779,35.6415],[140.19797,35.6414],[140.1981,35.64134],[140.19822,35.64125],[140.19832,35.64114],[140.19841,35.64101],[140.19846,35.64089],[140.1985,35.64079],[140.19855,35.64073],[140.19859,35.64068],[140.19854,35.64059],[140.19847,35.64052],[140.19842,35.64044],[140.1984,35.64039],[140.19838,35.64032],[140.19837,35.64027],[140.19836,35.64024],[140.19846,35.64019],[140.19853,35.64015],[140.19858,35.6401],[140.19861,35.64006],[140.19864,35.64],[140.19869,35.63992],[140.19874,35.63987],[140.19878,35.63981],[140.19883,35.63975],[140.1989,35.63967],[140.19895,35.63961],[140.19906,35.63944],[140.19943,35.63961],[140.2002,35.63998],[140.20067,35.64021],[140.20075,35.64025],[140.20091,35.64031],[140.20094,35.64029],[140.20101,35.64021],[140.2011,35.6401],[140.20114,35.64002],[140.20117,35.63996],[140.2012,35.63987],[140.20122,35.63978],[140.20124,35.63966],[140.20128,35.63924],[140.20131,35.63915],[140.20134,35.63909],[140.20136,35.63904],[140.20116,35.63902],[140.20108,35.63901],[140.20097,35.63897],[140.20092,35.63893],[140.2008,35.63874],[140.20063,35.63855],[140.19994,35.63782],[140.19981,35.63768],[140.19979,35.63765],[140.19965,35.6375],[140.19946,35.63747],[140.19928,35.63744],[140.19911,35.63742],[140.19868,35.63736],[140.19823,35.6373],[140.19791,35.63725],[140.19792,35.63718],[140.19794,35.63709],[140.19795,35.63704],[140.19795,35.63701],[140.19796,35.63699],[140.19798,35.6369],[140.198,35.63678],[140.19801,35.63673],[140.19802,35.6367],[140.19803,35.63665],[140.19804,35.6366],[140.19806,35.63655],[140.19806,35.63651],[140.19806,35.63646],[140.19806,35.63642],[140.19806,35.63636],[140.19806,35.63631],[140.19805,35.63627],[140.19805,35.63625],[140.19802,35.63618],[140.19798,35.63612],[140.19795,35.63604],[140.19774,35.63575],[140.19732,35.63509],[140.19711,35.63517],[140.19687,35.63524],[140.19664,35.63525],[140.19637,35.63519],[140.19602,35.63542],[140.19572,35.63544],[140.19533,35.63553],[140.19482,35.6355],[140.195,35.6359],[140.19473,35.63586],[140.19447,35.63583],[140.19287,35.63562],[140.19281,35.63562],[140.19277,35.63558],[140.19238,35.63534],[140.19233,35.63535],[140.1923,35.63535],[140.1923,35.63535],[140.19224,35.63528],[140.19212,35.63515],[140.192,35.63505],[140.19198,35.63503],[140.19187,35.63497],[140.19183,35.63496],[140.19175,35.63494],[140.192,35.63414],[140.19146,35.63393],[140.19146,35.63393],[140.19133,35.63388],[140.19119,35.63383],[140.19115,35.63382],[140.19115,35.63382],[140.19116,35.6338],[140.19125,35.63367],[140.19143,35.63349],[140.19143,35.63349],[140.19115,35.63333],[140.19113,35.63332],[140.19048,35.6332],[140.19052,35.63309],[140.19055,35.63304],[140.19064,35.63286],[140.19071,35.63276],[140.19081,35.63258],[140.19058,35.63242],[140.19051,35.6324],[140.1904,35.63235],[140.19031,35.6323],[140.19021,35.63225],[140.19011,35.63218],[140.19007,35.63214],[140.19004,35.63209],[140.19002,35.63205],[140.18944,35.63165],[140.18924,35.63151],[140.18943,35.63145],[140.18937,35.6314],[140.18945,35.63128],[140.18951,35.63123],[140.1896,35.63119],[140.18956,35.63108],[140.18947,35.63084],[140.18944,35.63079],[140.18938,35.63071],[140.18919,35.63053],[140.18855,35.6302],[140.18855,35.6302],[140.18804,35.62994],[140.18816,35.62981],[140.18818,35.62978],[140.18822,35.62975],[140.18824,35.62974],[140.18827,35.62972],[140.18831,35.62971],[140.18836,35.62972],[140.1884,35.62973],[140.18845,35.62976],[140.18861,35.62976],[140.18868,35.62965],[140.18872,35.62952],[140.18879,35.62939],[140.18883,35.62931],[140.18897,35.62931],[140.18993,35.62995],[140.19034,35.63037],[140.19088,35.62985],[140.19091,35.63005],[140.19096,35.6302],[140.19099,35.63033],[140.19103,35.63038],[140.1912,35.63062],[140.1915,35.63103],[140.19177,35.63118],[140.19179,35.63117],[140.19186,35.63108],[140.19207,35.63081],[140.19216,35.6307],[140.19202,35.63057],[140.19234,35.63027],[140.19243,35.63018],[140.19251,35.63023],[140.19255,35.63027],[140.19261,35.63022],[140.19266,35.63004],[140.19267,35.62983],[140.19276,35.6298],[140.19291,35.62976],[140.19349,35.62959],[140.19354,35.62957],[140.19352,35.62953],[140.1935,35.6295],[140.19354,35.62948],[140.19429,35.62924],[140.19427,35.62921],[140.1941,35.62901],[140.1938,35.6285],[140.19445,35.62807],[140.19447,35.62806],[140.19447,35.62806],[140.19443,35.62803],[140.19435,35.62799],[140.19429,35.62794],[140.19425,35.62791],[140.19422,35.62788],[140.1941,35.62772],[140.19389,35.62744],[140.19382,35.62734],[140.19362,35.62705],[140.1936,35.62703],[140.19356,35.62697],[140.19343,35.62679],[140.19341,35.62678],[140.1934,35.62677],[140.19338,35.62677],[140.19311,35.62667],[140.1931,35.62667],[140.19308,35.62667],[140.19298,35.62665],[140.19294,35.62664],[140.1929,35.62662],[140.19282,35.62658],[140.19259,35.62647],[140.1925,35.62643],[140.19233,35.62636],[140.1923,35.62633],[140.1923,35.62632],[140.19232,35.62629],[140.19234,35.62626],[140.19228,35.62624],[140.19207,35.62615],[140.19195,35.62611],[140.19125,35.62581],[140.19097,35.6257],[140.19086,35.62565],[140.19071,35.62562],[140.19054,35.62559],[140.19049,35.62559],[140.19045,35.62559],[140.19041,35.62559],[140.1903,35.62559],[140.19025,35.62563],[140.19018,35.62557],[140.19011,35.62551],[140.18999,35.62543],[140.18967,35.62553],[140.1895,35.6256],[140.18947,35.62561],[140.18922,35.62572],[140.1892,35.62575],[140.18919,35.62578],[140.18933,35.62594],[140.18934,35.62598],[140.18934,35.62603],[140.18931,35.62607],[140.18925,35.62612],[140.18916,35.62612],[140.18905,35.62611],[140.18898,35.62622],[140.18889,35.62616],[140.18889,35.62616],[140.18875,35.62646],[140.1887,35.62651],[140.18865,35.62656],[140.18858,35.62664],[140.18839,35.62684],[140.1882,35.62702],[140.18808,35.62715],[140.18801,35.6272],[140.18796,35.62724],[140.18787,35.6273],[140.1878,35.62734],[140.18771,35.62743],[140.18753,35.62754],[140.18723,35.62774],[140.18709,35.62783],[140.18695,35.62795],[140.18684,35.62806],[140.18675,35.62814],[140.18669,35.6282],[140.18661,35.62827],[140.18651,35.62835],[140.18638,35.62845],[140.18622,35.62856],[140.18611,35.62862],[140.18602,35.62868],[140.18597,35.62869],[140.18594,35.6287],[140.18588,35.62873],[140.18579,35.62876],[140.1857,35.62879],[140.18563,35.62881],[140.18553,35.62884],[140.18533,35.6289],[140.18518,35.62896],[140.18513,35.62895],[140.18504,35.62898],[140.18498,35.62901],[140.185,35.62905],[140.18501,35.62904],[140.18519,35.62918],[140.18512,35.62924],[140.18512,35.62924],[140.18544,35.62968],[140.18564,35.62995],[140.1857,35.63003],[140.18601,35.63045],[140.18625,35.63082],[140.18657,35.63128],[140.18667,35.63144],[140.18687,35.63175],[140.18688,35.63176],[140.18688,35.63177],[140.18687,35.63178],[140.18662,35.63238],[140.18653,35.63256],[140.18649,35.63262],[140.18644,35.63267],[140.18644,35.63268],[140.18641,35.6327],[140.1863,35.63282],[140.18617,35.63296],[140.18604,35.63309],[140.18604,35.63309],[140.18643,35.63331],[140.18661,35.63341],[140.18679,35.63351],[140.18681,35.63352],[140.18683,35.63353],[140.18734,35.63373],[140.18755,35.63381],[140.18813,35.63406],[140.18832,35.63445],[140.18861,35.63505],[140.18873,35.63531],[140.18886,35.63561],[140.1891,35.63614],[140.18913,35.63621],[140.18919,35.63631],[140.1892,35.63631],[140.18927,35.6364],[140.18942,35.63654],[140.18942,35.63654],[140.18958,35.63668],[140.18958,35.63668],[140.18966,35.63677],[140.18968,35.63679],[140.18971,35.63682],[140.18982,35.63696],[140.18989,35.63706],[140.19007,35.63727],[140.19011,35.63734],[140.19011,35.63735],[140.19016,35.63747],[140.19022,35.63763],[140.19028,35.63772],[140.1903,35.63777],[140.19029,35.6378],[140.19028,35.63783],[140.19047,35.63773],[140.19069,35.63762],[140.19082,35.63753],[140.19096,35.63748],[140.19104,35.63742],[140.19103,35.63742],[140.19086,35.63723],[140.19086,35.63722],[140.19086,35.6372],[140.19091,35.63716],[140.19096,35.63714],[140.19097,35.63714],[140.19098,35.63715],[140.19104,35.63721],[140.1912,35.63738],[140.19125,35.63741],[140.19132,35.63742],[140.19138,35.63739],[140.19143,35.63736],[140.19148,35.63732],[140.1915,35.63732],[140.19154,35.63732],[140.19157,35.63734],[140.1916,35.63737],[140.1916,35.63738],[140.1916,35.63747],[140.1916,35.63762],[140.1916,35.63783],[140.1916,35.63792],[140.1916,35.638],[140.1916,35.6381],[140.19161,35.63821],[140.19163,35.63829],[140.19165,35.63834],[140.19165,35.63837],[140.19166,35.6384],[140.19166,35.6386],[140.19168,35.6387],[140.1917,35.63878],[140.19172,35.63885],[140.19176,35.63893],[140.19179,35.63899],[140.19179,35.63905],[140.19178,35.6391],[140.19178,35.63916],[140.19178,35.63928],[140.19177,35.6394],[140.19177,35.63949],[140.19178,35.63955],[140.1918,35.6396],[140.19182,35.63963],[140.19186,35.63967],[140.1919,35.63971],[140.19198,35.63974],[140.19204,35.63975],[140.19211,35.63975],[140.19216,35.63974],[140.19221,35.63972],[140.19231,35.63967],[140.19237,35.63966],[140.19244,35.63964],[140.19252,35.63963],[140.19262,35.63963],[140.19273,35.63963],[140.19281,35.63963],[140.19291,35.63961],[140.19299,35.63957],[140.19309,35.63954],[140.19312,35.63953],[140.19312,35.6395],[140.19315,35.63884],[140.19348,35.63885],[140.19351,35.63896],[140.19353,35.63908],[140.19355,35.63917],[140.19356,35.63922],[140.19357,35.6393],[140.19361,35.63938],[140.19364,35.63946],[140.19368,35.63952],[140.19375,35.63956],[140.19381,35.63956],[140.19388,35.63954],[140.194,35.6395],[140.19414,35.63945],[140.19425,35.63942],[140.19436,35.63939],[140.19447,35.63938],[140.19459,35.63941],[140.19476,35.63942],[140.1949,35.63945],[140.19499,35.63943],[140.19507,35.6394],[140.19516,35.6394],[140.19522,35.63942],[140.19529,35.63948],[140.19538,35.63956],[140.1955,35.63965],[140.19554,35.63969],[140.19564,35.63973],[140.19572,35.63979],[140.1959,35.63995],[140.19589,35.63999],[140.19586,35.64002],[140.19579,35.64004],[140.19576,35.64008],[140.19575,35.64011],[140.19571,35.64013],[140.19565,35.64017],[140.19564,35.64022],[140.19562,35.64029],[140.19555,35.64037],[140.19548,35.64044],[140.19539,35.64037],[140.19535,35.64035],[140.19532,35.64031],[140.1953,35.64028],[140.19527,35.64024],[140.19523,35.64021],[140.19518,35.64018],[140.19508,35.64013],[140.19499,35.64008],[140.19491,35.64004],[140.19486,35.64002],[140.19481,35.64001],[140.19479,35.63999],[140.19474,35.63996],[140.19469,35.63992],[140.19448,35.63988],[140.19436,35.63986],[140.19433,35.63986],[140.19423,35.63982],[140.19417,35.6398],[140.19413,35.63979],[140.1941,35.63978],[140.19399,35.63979],[140.19372,35.63983],[140.19362,35.63984],[140.19355,35.63986],[140.19344,35.63987],[140.19335,35.63989],[140.1933,35.63991],[140.19327,35.63992],[140.19322,35.63992],[140.19311,35.63993],[140.19304,35.63994],[140.19297,35.63994],[140.19291,35.63996],[140.19284,35.63998],[140.19272,35.64002],[140.19262,35.64007],[140.19256,35.64009],[140.19253,35.6401],[140.19246,35.6401],[140.19241,35.6401],[140.19237,35.64012],[140.19233,35.64014],[140.19228,35.64017],[140.19225,35.64018],[140.19222,35.6402],[140.19217,35.64021],[140.19214,35.64023],[140.19212,35.64024],[140.19206,35.6403],[140.19187,35.64046],[140.19173,35.64058],[140.19163,35.64067],[140.1916,35.64069],[140.19158,35.64071],[140.19154,35.64072],[140.19148,35.64074],[140.19143,35.64076],[140.1914,35.64078],[140.19137,35.6408],[140.19134,35.64084],[140.1913,35.64091],[140.19128,35.64097],[140.19123,35.64105],[140.1912,35.6411],[140.19118,35.64112],[140.19115,35.64116],[140.1911,35.64119],[140.19101,35.64126],[140.19097,35.6413],[140.19093,35.64132],[140.19082,35.64136],[140.19077,35.64138],[140.19075,35.64139],[140.19073,35.64141],[140.19069,35.64146],[140.19066,35.64151],[140.19064,35.64153],[140.19063,35.64155],[140.19062,35.64157],[140.19062,35.6416],[140.19062,35.64164],[140.19062,35.64168],[140.19062,35.64173],[140.19062,35.64174],[140.1906,35.64179],[140.19057,35.64183],[140.19051,35.64194],[140.19039,35.64213],[140.19031,35.64228],[140.19024,35.64236],[140.19013,35.64248],[140.18995,35.64266],[140.18977,35.64278],[140.18956,35.64291],[140.18947,35.64294],[140.18939,35.64294],[140.18935,35.64296],[140.18928,35.64303],[140.18911,35.64298],[140.18908,35.64306],[140.18905,35.64308],[140.18901,35.64308],[140.18872,35.64302],[140.18859,35.64298],[140.18839,35.6429],[140.18824,35.64283],[140.18804,35.64271],[140.18795,35.64267],[140.18783,35.64263],[140.18756,35.64254],[140.18745,35.6425],[140.18726,35.6424],[140.18701,35.64231],[140.18665,35.64214],[140.18661,35.64213],[140.18656,35.6421],[140.1865,35.64208],[140.18645,35.64206],[140.18644,35.64206],[140.18641,35.64205],[140.18636,35.64205],[140.1863,35.64205],[140.18625,35.64205],[140.18621,35.64206],[140.18613,35.64207],[140.1861,35.64208],[140.18608,35.64215],[140.18607,35.64219],[140.18605,35.64222],[140.18595,35.64236],[140.18582,35.64257],[140.18568,35.64285],[140.18557,35.64312],[140.18538,35.64356],[140.18525,35.64391],[140.18522,35.64398],[140.18518,35.64417],[140.18517,35.64419],[140.18517,35.64423],[140.18517,35.64428],[140.18516,35.64433],[140.18517,35.64438],[140.18517,35.64439],[140.18518,35.64442],[140.18519,35.64444],[140.18519,35.64446],[140.1852,35.64448],[140.1852,35.6445],[140.1852,35.64453],[140.1852,35.64456],[140.1852,35.64461],[140.18522,35.64461],[140.18524,35.64462],[140.18526,35.64462],[140.18528,35.64463],[140.18529,35.64464],[140.1853,35.64465],[140.18531,35.64467],[140.18532,35.64468],[140.18533,35.64469],[140.18533,35.64471],[140.18533,35.64473],[140.18534,35.64479],[140.18535,35.64488],[140.18536,35.64492],[140.18536,35.64495],[140.18537,35.64498],[140.1854,35.64506],[140.18543,35.64514],[140.18547,35.64522],[140.18553,35.64532],[140.18555,35.64536],[140.18558,35.64541],[140.1856,35.64546],[140.18564,35.64551],[140.18567,35.64556],[140.18571,35.64562],[140.18589,35.64583],[140.18594,35.64588],[140.18598,35.64593],[140.18604,35.64598],[140.18618,35.64609],[140.18618,35.6461],[140.18561,35.64665],[140.18525,35.647],[140.18663,35.64765],[140.19022,35.64939],[140.1902,35.64942],[140.19045,35.64954],[140.19194,35.6504],[140.19313,35.65115],[140.19416,35.65166],[140.19479,35.65189],[140.19559,35.65214],[140.19692,35.65254],[140.19776,35.6528],[140.19847,35.65304],[140.19878,35.65315],[140.19935,35.65347],[140.1999,35.65387],[140.20022,35.65423],[140.20023,35.65425],[140.20086,35.65502],[140.20134,35.65555],[140.20186,35.65594],[140.20211,35.65604],[140.20309,35.65625],[140.20385,35.65638],[140.20452,35.65648],[140.20528,35.65664],[140.2061,35.65678],[140.20691,35.65691],[140.20755,35.657],[140.20819,35.65702],[140.20865,35.65699],[140.20977,35.6568],[140.20991,35.65678],[140.21055,35.65672],[140.21111,35.65676],[140.21135,35.65682],[140.21205,35.657],[140.2126,35.65717],[140.21275,35.65721]]]}},{"type":"Feature","properties":{"name":"小名木","setai":241,"jinko":593,"key":"122280150","units":1},"geometry":{"type":"Polygon","coordinates":[[[140.18163,35.66068],[140.18302,35.65983],[140.18298,35.6597],[140.18297,35.65966],[140.18305,35.65961],[140.18381,35.65915],[140.18429,35.65887],[140.18453,35.65888],[140.18465,35.65889],[140.18476,35.65889],[140.18492,35.6589],[140.18505,35.6589],[140.1853,35.65892],[140.18599,35.65851],[140.18614,35.65843],[140.18624,35.65837],[140.1863,35.65835],[140.18628,35.65825],[140.18628,35.65817],[140.18629,35.65763],[140.18632,35.6574],[140.18633,35.65719],[140.18632,35.65712],[140.18629,35.65682],[140.18625,35.6566],[140.18618,35.65646],[140.18621,35.65643],[140.18624,35.65641],[140.18662,35.65622],[140.18696,35.65605],[140.18727,35.65509],[140.18761,35.65497],[140.18774,35.65491],[140.18776,35.6549],[140.18779,35.65466],[140.18789,35.65451],[140.188,35.65444],[140.18804,35.65432],[140.18823,35.6539],[140.1887,35.65304],[140.1888,35.65276],[140.18896,35.65241],[140.18887,35.65237],[140.18874,35.6523],[140.18824,35.65205],[140.18778,35.65184],[140.18734,35.65159],[140.18679,35.65122],[140.18629,35.65074],[140.18577,35.65017],[140.18492,35.64913],[140.1847,35.64892],[140.18428,35.64837],[140.18405,35.6482],[140.18395,35.64826],[140.18379,35.64835],[140.18363,35.64843],[140.18356,35.64845],[140.1835,35.64845],[140.18342,35.64839],[140.18336,35.64844],[140.18334,35.64842],[140.18328,35.6484],[140.18325,35.64838],[140.18321,35.64836],[140.18315,35.64831],[140.18311,35.64829],[140.183,35.64811],[140.183,35.64811],[140.18273,35.64866],[140.18273,35.64867],[140.18261,35.64891],[140.18261,35.64891],[140.18211,35.64884],[140.18168,35.64878],[140.18166,35.64878],[140.18164,35.64878],[140.1816,35.64878],[140.18151,35.64877],[140.18151,35.64877],[140.18085,35.6487],[140.18063,35.64868],[140.18062,35.64868],[140.18031,35.64873],[140.18021,35.64878],[140.18015,35.64878],[140.17988,35.64877],[140.1798,35.64877],[140.17968,35.64881],[140.17957,35.64884],[140.17942,35.64892],[140.17935,35.64897],[140.1793,35.64902],[140.17928,35.64905],[140.17924,35.64912],[140.17921,35.6492],[140.17939,35.64931],[140.17943,35.64939],[140.17945,35.64945],[140.17948,35.64951],[140.17951,35.64957],[140.17951,35.64957],[140.17953,35.64972],[140.17953,35.6498],[140.17952,35.64987],[140.17952,35.65002],[140.17951,35.65018],[140.1795,35.6503],[140.1795,35.65031],[140.17947,35.65039],[140.17945,35.65043],[140.17945,35.65043],[140.17944,35.65044],[140.17941,35.65047],[140.17929,35.65058],[140.17927,35.6506],[140.17925,35.65061],[140.17883,35.65094],[140.17851,35.65118],[140.1785,35.6512],[140.17845,35.65126],[140.17811,35.65168],[140.17799,35.65183],[140.17795,35.65188],[140.17792,35.65192],[140.17789,35.65196],[140.1778,35.65206],[140.17778,35.65208],[140.17767,35.65221],[140.17762,35.65226],[140.17757,35.65232],[140.1773,35.65251],[140.1773,35.65252],[140.17723,35.65258],[140.17721,35.6526],[140.17708,35.65271],[140.17708,35.65272],[140.17708,35.65272],[140.17697,35.65282],[140.17686,35.65293],[140.17677,35.65302],[140.1767,35.65309],[140.1767,35.65309],[140.17694,35.65326],[140.17693,35.65332],[140.1769,35.65339],[140.17699,35.65346],[140.17731,35.65323],[140.17759,35.65345],[140.17779,35.65359],[140.17772,35.65369],[140.17755,35.65391],[140.17772,35.65396],[140.17783,35.65399],[140.17798,35.65405],[140.17814,35.65414],[140.17858,35.65436],[140.17813,35.65531],[140.1785,35.65545],[140.17848,35.65556],[140.17826,35.65557],[140.17812,35.65584],[140.17806,35.65596],[140.178,35.65598],[140.17793,35.65598],[140.17776,35.65599],[140.17748,35.65596],[140.17741,35.65621],[140.17738,35.65626],[140.17734,35.65633],[140.17727,35.65644],[140.17736,35.65649],[140.17773,35.65674],[140.17779,35.65678],[140.17779,35.65678],[140.1777,35.65684],[140.17752,35.65695],[140.17718,35.65715],[140.17712,35.65689],[140.17689,35.65664],[140.1766,35.65661],[140.17657,35.65673],[140.17641,35.65751],[140.17668,35.6576],[140.17675,35.65774],[140.17681,35.65785],[140.17674,35.65792],[140.17671,35.65796],[140.1766,35.65803],[140.17664,35.65811],[140.17672,35.65824],[140.17693,35.6586],[140.17702,35.65868],[140.17714,35.65872],[140.17741,35.65874],[140.17744,35.65918],[140.17735,35.6597],[140.17731,35.65992],[140.17727,35.66017],[140.17772,35.6603],[140.17786,35.66028],[140.17858,35.66011],[140.17995,35.66193],[140.18048,35.66166],[140.18042,35.66157],[140.1806,35.66145],[140.1807,35.6614],[140.18077,35.66137],[140.18091,35.66126],[140.1811,35.66111],[140.18132,35.66089],[140.18163,35.66068]]]}},{"type":"Feature","properties":{"name":"成山","setai":12,"jinko":33,"key":"122280160","units":1},"geometry":{"type":"Polygon","coordinates":[[[140.21192,35.66624],[140.2121,35.66608],[140.21252,35.66572],[140.21307,35.66517],[140.21316,35.66506],[140.2133,35.66495],[140.21349,35.66484],[140.21362,35.6647],[140.21376,35.66459],[140.21404,35.66424],[140.21433,35.66355],[140.21458,35.66327],[140.21491,35.66271],[140.21494,35.66261],[140.21493,35.6625],[140.21474,35.66213],[140.21418,35.66174],[140.21401,35.66167],[140.2138,35.66152],[140.21356,35.66129],[140.21347,35.66114],[140.21347,35.66097],[140.21342,35.66093],[140.21329,35.6609],[140.21297,35.66078],[140.21284,35.66065],[140.21279,35.66053],[140.21279,35.6603],[140.2128,35.66011],[140.2128,35.65983],[140.21284,35.6592],[140.21302,35.6573],[140.21284,35.65724],[140.21275,35.65721],[140.2126,35.65717],[140.21205,35.657],[140.21135,35.65682],[140.21111,35.65676],[140.21055,35.65672],[140.20991,35.65678],[140.20977,35.6568],[140.20963,35.65801],[140.20968,35.65805],[140.20971,35.65808],[140.20977,35.65812],[140.20983,35.65815],[140.20991,35.6582],[140.20997,35.65823],[140.21003,35.65827],[140.21007,35.65832],[140.21009,35.65836],[140.2101,35.6584],[140.21011,35.65846],[140.21012,35.65854],[140.21009,35.65869],[140.21005,35.65881],[140.21002,35.65892],[140.20998,35.65897],[140.20995,35.65904],[140.20994,35.65913],[140.20996,35.65925],[140.20995,35.65931],[140.20991,35.65942],[140.20985,35.65951],[140.20983,35.65956],[140.20979,35.6596],[140.20974,35.65964],[140.20968,35.65963],[140.2096,35.65962],[140.20949,35.65959],[140.20944,35.66018],[140.20937,35.66085],[140.20935,35.66136],[140.20887,35.6612],[140.2082,35.66112],[140.20775,35.66111],[140.20749,35.66122],[140.2073,35.66146],[140.2071,35.66174],[140.20709,35.66181],[140.20708,35.66188],[140.20708,35.66194],[140.20709,35.662],[140.20709,35.66205],[140.20711,35.6621],[140.20713,35.66215],[140.20717,35.66223],[140.20661,35.66252],[140.20618,35.66284],[140.20598,35.66299],[140.20591,35.66307],[140.20583,35.66332],[140.20584,35.66351],[140.20579,35.66376],[140.20635,35.66377],[140.20664,35.66378],[140.2068,35.66383],[140.20712,35.66407],[140.20722,35.6642],[140.20743,35.66454],[140.20748,35.66492],[140.20751,35.66514],[140.20761,35.6656],[140.20762,35.66572],[140.20759,35.66579],[140.20753,35.66583],[140.20744,35.66581],[140.20734,35.66583],[140.20731,35.66587],[140.20729,35.666],[140.20754,35.66616],[140.20775,35.6663],[140.20783,35.6664],[140.20792,35.66663],[140.20811,35.66689],[140.2083,35.66709],[140.20843,35.66734],[140.20864,35.66759],[140.20869,35.66773],[140.20907,35.6679],[140.20943,35.6681],[140.20976,35.66819],[140.2101,35.66832],[140.21025,35.66839],[140.21031,35.66846],[140.21031,35.66854],[140.21026,35.66864],[140.21009,35.66885],[140.20996,35.66906],[140.20993,35.66915],[140.20994,35.66949],[140.21032,35.66953],[140.21032,35.66942],[140.21036,35.66919],[140.21042,35.66908],[140.21047,35.66889],[140.2106,35.66865],[140.21062,35.66842],[140.21078,35.66814],[140.21086,35.66802],[140.21095,35.66792],[140.21118,35.66772],[140.21123,35.66764],[140.21135,35.66754],[140.21138,35.66748],[140.21157,35.66716],[140.21169,35.66701],[140.21186,35.66643],[140.21192,35.66624]]]}},{"type":"Feature","properties":{"name":"中台","setai":75,"jinko":407,"key":"122280170","units":1},"geometry":{"type":"Polygon","coordinates":[[[140.20865,35.67173],[140.20886,35.67167],[140.20918,35.67175],[140.20923,35.6717],[140.20937,35.67154],[140.20942,35.67152],[140.20952,35.67152],[140.20958,35.67148],[140.20972,35.6713],[140.20989,35.67085],[140.21005,35.67039],[140.21006,35.67033],[140.21009,35.67026],[140.21016,35.67015],[140.2103,35.66981],[140.21032,35.66962],[140.21032,35.66953],[140.20994,35.66949],[140.20993,35.66915],[140.20996,35.66906],[140.21009,35.66885],[140.21026,35.66864],[140.21031,35.66854],[140.21031,35.66846],[140.21025,35.66839],[140.2101,35.66832],[140.20976,35.66819],[140.20943,35.6681],[140.20907,35.6679],[140.20869,35.66773],[140.20864,35.66759],[140.20843,35.66734],[140.2083,35.66709],[140.20811,35.66689],[140.20792,35.66663],[140.20783,35.6664],[140.20775,35.6663],[140.20754,35.66616],[140.20729,35.666],[140.20731,35.66587],[140.20734,35.66583],[140.20744,35.66581],[140.20753,35.66583],[140.20759,35.66579],[140.20762,35.66572],[140.20761,35.6656],[140.20751,35.66514],[140.20748,35.66492],[140.20743,35.66454],[140.20722,35.6642],[140.20712,35.66407],[140.2068,35.66383],[140.20664,35.66378],[140.20635,35.66377],[140.20579,35.66376],[140.20584,35.66351],[140.20583,35.66332],[140.20591,35.66307],[140.20598,35.66299],[140.20618,35.66284],[140.20661,35.66252],[140.20717,35.66223],[140.20713,35.66215],[140.20711,35.6621],[140.20709,35.66205],[140.20709,35.662],[140.20708,35.66194],[140.20708,35.66188],[140.20709,35.66181],[140.2071,35.66174],[140.2073,35.66146],[140.20749,35.66122],[140.20775,35.66111],[140.2082,35.66112],[140.20887,35.6612],[140.20935,35.66136],[140.20937,35.66085],[140.20944,35.66018],[140.20949,35.65959],[140.2096,35.65962],[140.20968,35.65963],[140.20974,35.65964],[140.20979,35.6596],[140.20983,35.65956],[140.20985,35.65951],[140.20991,35.65942],[140.20995,35.65931],[140.20996,35.65925],[140.20994,35.65913],[140.20995,35.65904],[140.20998,35.65897],[140.21002,35.65892],[140.21005,35.65881],[140.21009,35.65869],[140.21012,35.65854],[140.21011,35.65846],[140.2101,35.6584],[140.21009,35.65836],[140.21007,35.65832],[140.21003,35.65827],[140.20997,35.65823],[140.20991,35.6582],[140.20983,35.65815],[140.20977,35.65812],[140.20971,35.65808],[140.20968,35.65805],[140.20963,35.65801],[140.20977,35.6568],[140.20865,35.65699],[140.20819,35.65702],[140.20755,35.657],[140.20691,35.65691],[140.2061,35.65678],[140.20528,35.65664],[140.20452,35.65648],[140.20385,35.65638],[140.20309,35.65625],[140.20211,35.65604],[140.20186,35.65594],[140.20134,35.65555],[140.20086,35.65502],[140.20023,35.65425],[140.20022,35.65423],[140.1999,35.65387],[140.19935,35.65347],[140.19878,35.65315],[140.19847,35.65304],[140.1984,35.65431],[140.19836,35.65446],[140.19841,35.6547],[140.19841,35.6549],[140.19842,35.65508],[140.19844,35.65521],[140.19846,35.65533],[140.19849,35.65544],[140.19852,35.65552],[140.19856,35.65561],[140.19862,35.65568],[140.19869,35.65575],[140.19876,35.65582],[140.19882,35.6559],[140.19886,35.65598],[140.19891,35.65607],[140.19894,35.65617],[140.19896,35.65624],[140.19895,35.65633],[140.19894,35.65645],[140.19893,35.65657],[140.19892,35.65673],[140.19891,35.65693],[140.19893,35.65707],[140.19898,35.65717],[140.19902,35.6573],[140.19906,35.65737],[140.19909,35.65743],[140.19911,35.65748],[140.19912,35.65754],[140.19914,35.65761],[140.1992,35.65774],[140.19923,35.6578],[140.1993,35.65789],[140.19935,35.65795],[140.19943,35.658],[140.19952,35.65804],[140.1996,35.65807],[140.19966,35.65808],[140.19972,35.65811],[140.19975,35.65814],[140.19975,35.65819],[140.19974,35.65824],[140.19969,35.65828],[140.19964,35.65831],[140.1996,35.65837],[140.19957,35.65843],[140.19957,35.65849],[140.19958,35.65856],[140.19965,35.6587],[140.19974,35.6589],[140.20007,35.65939],[140.20011,35.65939],[140.20048,35.65913],[140.20055,35.65908],[140.20066,35.65896],[140.20077,35.65884],[140.20084,35.65876],[140.20094,35.65867],[140.20105,35.65862],[140.20113,35.6586],[140.20124,35.65858],[140.20127,35.65859],[140.20128,35.65861],[140.20104,35.65901],[140.20106,35.6591],[140.20118,35.65916],[140.20131,35.65919],[140.20135,35.65925],[140.20131,35.65933],[140.20119,35.65938],[140.20106,35.65938],[140.20091,35.65939],[140.20073,35.65942],[140.20063,35.6595],[140.20055,35.65967],[140.20051,35.65977],[140.20049,35.65991],[140.20048,35.66004],[140.20045,35.66009],[140.20035,35.66013],[140.20019,35.66019],[140.20019,35.66077],[140.20026,35.66139],[140.20029,35.662],[140.20051,35.66202],[140.20052,35.66236],[140.20049,35.66257],[140.20037,35.66267],[140.20041,35.66293],[140.20047,35.66326],[140.20045,35.66352],[140.20036,35.66389],[140.20025,35.66408],[140.20007,35.66476],[140.20008,35.6653],[140.20016,35.66559],[140.20031,35.66609],[140.19996,35.66605],[140.19972,35.6661],[140.19961,35.66614],[140.19967,35.66634],[140.19968,35.66641],[140.19949,35.6665],[140.19933,35.66659],[140.19932,35.66669],[140.19932,35.66686],[140.19922,35.66697],[140.19911,35.66704],[140.19895,35.66713],[140.19885,35.66721],[140.19876,35.66728],[140.19892,35.66725],[140.19909,35.66722],[140.19922,35.66727],[140.19936,35.66733],[140.19951,35.66741],[140.19964,35.66751],[140.19975,35.6676],[140.19947,35.66781],[140.19943,35.66781],[140.19937,35.6678],[140.19931,35.66779],[140.19925,35.66782],[140.19919,35.66786],[140.19923,35.66789],[140.19925,35.66793],[140.19926,35.66799],[140.19926,35.66802],[140.19926,35.66805],[140.1993,35.66812],[140.19933,35.6682],[140.19937,35.66831],[140.19938,35.66835],[140.19943,35.66837],[140.19949,35.6684],[140.19955,35.66839],[140.19963,35.66837],[140.19966,35.66837],[140.19972,35.66842],[140.19981,35.66849],[140.20002,35.66864],[140.20017,35.66875],[140.20022,35.66879],[140.20038,35.66892],[140.2007,35.66913],[140.20117,35.6688],[140.20155,35.66832],[140.20201,35.668],[140.20233,35.66783],[140.20261,35.66817],[140.20263,35.6682],[140.20323,35.66884],[140.20324,35.66886],[140.20351,35.66911],[140.20365,35.66915],[140.20375,35.66924],[140.20424,35.66954],[140.20439,35.66959],[140.20453,35.66971],[140.20475,35.66983],[140.20524,35.67009],[140.20544,35.67017],[140.20565,35.67028],[140.20583,35.67042],[140.20598,35.6705],[140.20619,35.67057],[140.20628,35.67064],[140.20635,35.67068],[140.2065,35.67074],[140.20679,35.67094],[140.20698,35.67113],[140.20716,35.67121],[140.20733,35.67134],[140.20743,35.67139],[140.20749,35.67149],[140.20763,35.67159],[140.20776,35.67178],[140.20781,35.67184],[140.20781,35.67184],[140.20789,35.67197],[140.20817,35.67183],[140.20834,35.67182],[140.20852,35.67179],[140.20865,35.67173]]]}},{"type":"Feature","properties":{"name":"中野","setai":7,"jinko":14,"key":"122280180","units":1},"geometry":{"type":"MultiPolygon","coordinates":[[[[140.20365,35.66915],[140.20351,35.66911],[140.20324,35.66886],[140.20323,35.66884],[140.20263,35.6682],[140.20261,35.66817],[140.20233,35.66783],[140.20201,35.668],[140.20155,35.66832],[140.20117,35.6688],[140.2007,35.66913],[140.20073,35.66914],[140.20074,35.66914],[140.20076,35.66917],[140.20078,35.6692],[140.20087,35.66927],[140.20089,35.66934],[140.20091,35.66942],[140.20096,35.66949],[140.20098,35.66955],[140.20102,35.6696],[140.20115,35.66973],[140.20124,35.66982],[140.20133,35.66989],[140.20136,35.66992],[140.20138,35.66994],[140.20138,35.66995],[140.20149,35.67006],[140.20163,35.67018],[140.20176,35.67028],[140.2019,35.67031],[140.20206,35.67028],[140.20224,35.67017],[140.20235,35.67012],[140.2024,35.67012],[140.20247,35.67016],[140.20257,35.67008],[140.20272,35.66998],[140.20296,35.66985],[140.20297,35.66978],[140.20298,35.66967],[140.20273,35.66952],[140.20248,35.66938],[140.20239,35.66935],[140.20225,35.66922],[140.20219,35.66915],[140.2021,35.66907],[140.20203,35.66896],[140.20202,35.66888],[140.20237,35.66913],[140.20242,35.66918],[140.20248,35.66912],[140.20262,35.66921],[140.20287,35.66935],[140.20313,35.66948],[140.20334,35.66953],[140.20359,35.66957],[140.2037,35.6696],[140.20378,35.66961],[140.20384,35.66962],[140.20394,35.66968],[140.20399,35.66973],[140.20407,35.66984],[140.20413,35.66992],[140.20416,35.66996],[140.20422,35.66999],[140.20443,35.67004],[140.20468,35.67014],[140.20502,35.67033],[140.20524,35.67009],[140.20475,35.66983],[140.20453,35.66971],[140.20439,35.66959],[140.20424,35.66954],[140.20375,35.66924],[140.20365,35.66915]]],[[[140.18916,35.65334],[140.18886,35.65328],[140.18842,35.65401],[140.18815,35.65447],[140.188,35.65468],[140.18789,35.6548],[140.18776,35.6549],[140.18774,35.65491],[140.18761,35.65497],[140.18727,35.65509],[140.18696,35.65605],[140.18716,35.65615],[140.18732,35.6562],[140.18742,35.6563],[140.18748,35.65639],[140.18774,35.65628],[140.18819,35.6551],[140.18875,35.65423],[140.18908,35.65416],[140.18916,35.65334]]]]}},{"type":"Feature","properties":{"name":"南波佐間","setai":66,"jinko":135,"key":"122280190","units":1},"geometry":{"type":"MultiPolygon","coordinates":[[[[140.19967,35.66634],[140.19961,35.66614],[140.19972,35.6661],[140.19996,35.66605],[140.20031,35.66609],[140.20016,35.66559],[140.20008,35.6653],[140.20007,35.66476],[140.20025,35.66408],[140.20036,35.66389],[140.20045,35.66352],[140.20047,35.66326],[140.20041,35.66293],[140.20037,35.66267],[140.20049,35.66257],[140.20052,35.66236],[140.20051,35.66202],[140.20029,35.662],[140.20026,35.66139],[140.20019,35.66077],[140.20019,35.66019],[140.20035,35.66013],[140.20045,35.66009],[140.20048,35.66004],[140.20049,35.65991],[140.20051,35.65977],[140.20055,35.65967],[140.20063,35.6595],[140.20073,35.65942],[140.20091,35.65939],[140.20106,35.65938],[140.20119,35.65938],[140.20131,35.65933],[140.20135,35.65925],[140.20131,35.65919],[140.20118,35.65916],[140.20106,35.6591],[140.20104,35.65901],[140.20128,35.65861],[140.20127,35.65859],[140.20124,35.65858],[140.20113,35.6586],[140.20105,35.65862],[140.20094,35.65867],[140.20084,35.65876],[140.20077,35.65884],[140.20066,35.65896],[140.20055,35.65908],[140.20048,35.65913],[140.20011,35.65939],[140.20007,35.65939],[140.19974,35.6589],[140.19965,35.6587],[140.19958,35.65856],[140.19957,35.65849],[140.19957,35.65843],[140.1996,35.65837],[140.19964,35.65831],[140.19969,35.65828],[140.19974,35.65824],[140.19975,35.65819],[140.19975,35.65814],[140.19972,35.65811],[140.19966,35.65808],[140.1996,35.65807],[140.19952,35.65804],[140.19943,35.658],[140.19935,35.65795],[140.1993,35.65789],[140.19923,35.6578],[140.1992,35.65774],[140.19914,35.65761],[140.19912,35.65754],[140.19911,35.65748],[140.19909,35.65743],[140.19906,35.65737],[140.19902,35.6573],[140.19898,35.65717],[140.19893,35.65707],[140.19891,35.65693],[140.19892,35.65673],[140.19893,35.65657],[140.19894,35.65645],[140.19895,35.65633],[140.19896,35.65624],[140.19894,35.65617],[140.19891,35.65607],[140.19886,35.65598],[140.19882,35.6559],[140.19876,35.65582],[140.19869,35.65575],[140.19862,35.65568],[140.19856,35.65561],[140.19852,35.65552],[140.19849,35.65544],[140.19846,35.65533],[140.19844,35.65521],[140.19842,35.65508],[140.19841,35.6549],[140.19841,35.6547],[140.19836,35.65446],[140.1984,35.65431],[140.19847,35.65304],[140.19776,35.6528],[140.19692,35.65254],[140.19559,35.65214],[140.19479,35.65189],[140.19416,35.65166],[140.19313,35.65115],[140.19194,35.6504],[140.19045,35.64954],[140.1902,35.64942],[140.19022,35.64939],[140.18663,35.64765],[140.18616,35.64804],[140.18554,35.64862],[140.18529,35.64883],[140.18492,35.64913],[140.18577,35.65017],[140.18629,35.65074],[140.18699,35.64999],[140.18708,35.65009],[140.1872,35.65024],[140.18741,35.65043],[140.18775,35.65013],[140.18802,35.65027],[140.18865,35.6506],[140.18931,35.65094],[140.18914,35.65125],[140.189,35.65149],[140.1889,35.65179],[140.18889,35.65206],[140.18896,35.65241],[140.189,35.65269],[140.189,35.65301],[140.18942,35.65273],[140.18973,35.65251],[140.19017,35.65215],[140.19091,35.65162],[140.19139,35.65129],[140.19152,35.65144],[140.19208,35.6519],[140.1923,35.65212],[140.19274,35.6526],[140.19243,35.65281],[140.19266,35.65306],[140.19299,35.65285],[140.19326,35.65318],[140.19339,35.65338],[140.19376,35.65364],[140.19399,35.65384],[140.19413,35.65395],[140.19433,35.65406],[140.19481,35.65436],[140.19476,35.65451],[140.1948,35.65469],[140.19419,35.6549],[140.19431,35.65515],[140.19478,35.65584],[140.19523,35.65564],[140.19553,35.65623],[140.195,35.65644],[140.19474,35.65712],[140.19493,35.6574],[140.19496,35.65744],[140.19493,35.65748],[140.1948,35.65761],[140.19481,35.65768],[140.19484,35.65787],[140.19496,35.65811],[140.19508,35.65825],[140.19513,35.65853],[140.19513,35.65866],[140.19517,35.65887],[140.19515,35.65901],[140.195,35.65913],[140.1949,35.65928],[140.19486,35.65943],[140.19488,35.65953],[140.1948,35.65961],[140.19455,35.65947],[140.19439,35.65969],[140.19439,35.65985],[140.19416,35.66039],[140.19415,35.66067],[140.19425,35.66105],[140.19425,35.66128],[140.19433,35.66167],[140.19439,35.66201],[140.19444,35.66219],[140.19433,35.66246],[140.19419,35.66289],[140.19405,35.66331],[140.19374,35.66332],[140.19372,35.66337],[140.19371,35.66388],[140.19376,35.66384],[140.19392,35.66397],[140.19419,35.66414],[140.19438,35.6643],[140.19451,35.66446],[140.19462,35.66453],[140.19502,35.66469],[140.19523,35.6647],[140.19536,35.66474],[140.19559,35.66488],[140.19581,35.66516],[140.19622,35.66538],[140.19675,35.66552],[140.19705,35.6658],[140.19768,35.66624],[140.19789,35.66633],[140.19799,35.66631],[140.19813,35.6663],[140.19828,35.66635],[140.19845,35.66641],[140.19866,35.66648],[140.19889,35.66651],[140.19905,35.66655],[140.19914,35.66656],[140.19925,35.66658],[140.19933,35.66659],[140.19949,35.6665],[140.19968,35.66641],[140.19967,35.66634]]],[[[140.18363,35.64843],[140.18379,35.64835],[140.18395,35.64826],[140.18405,35.6482],[140.18373,35.64794],[140.18348,35.64776],[140.18317,35.64753],[140.18216,35.64689],[140.18215,35.64688],[140.18215,35.64689],[140.18247,35.64728],[140.1827,35.64756],[140.183,35.64811],[140.183,35.64811],[140.183,35.64811],[140.18311,35.64829],[140.18315,35.64831],[140.18321,35.64836],[140.18325,35.64838],[140.18328,35.6484],[140.18334,35.64842],[140.18336,35.64844],[140.18342,35.64839],[140.1835,35.64845],[140.18356,35.64845],[140.18363,35.64843]]]]}},{"type":"Feature","properties":{"name":"上野","setai":48,"jinko":235,"key":"122280200","units":1},"geometry":{"type":"MultiPolygon","coordinates":[[[[140.19419,35.66289],[140.19433,35.66246],[140.19444,35.66219],[140.19439,35.66201],[140.19433,35.66167],[140.19425,35.66128],[140.19425,35.66105],[140.19415,35.66067],[140.19416,35.66039],[140.19439,35.65985],[140.19439,35.65969],[140.19455,35.65947],[140.1948,35.65961],[140.19488,35.65953],[140.19486,35.65943],[140.1949,35.65928],[140.195,35.65913],[140.19515,35.65901],[140.19517,35.65887],[140.19513,35.65866],[140.19513,35.65853],[140.19508,35.65825],[140.19496,35.65811],[140.19484,35.65787],[140.19481,35.65768],[140.1948,35.65761],[140.19456,35.65734],[140.19434,35.65705],[140.19411,35.65677],[140.19409,35.6566],[140.19382,35.65655],[140.19362,35.65643],[140.19359,35.65634],[140.19358,35.65612],[140.19344,35.6561],[140.19334,35.65609],[140.19324,35.65601],[140.19315,35.65595],[140.19301,35.65587],[140.19288,35.6558],[140.19272,35.65572],[140.19256,35.65564],[140.19222,35.65559],[140.19205,35.65581],[140.19062,35.65532],[140.19035,35.65556],[140.19015,35.65573],[140.19003,35.65578],[140.18979,35.65546],[140.18939,35.65554],[140.189,35.65536],[140.18856,35.6552],[140.18819,35.6551],[140.18774,35.65628],[140.18748,35.65639],[140.18742,35.6563],[140.18732,35.6562],[140.18714,35.65668],[140.187,35.65722],[140.18701,35.65776],[140.18706,35.65829],[140.18706,35.65835],[140.18706,35.65846],[140.18708,35.65886],[140.18711,35.65927],[140.18711,35.65929],[140.18719,35.65967],[140.18727,35.66],[140.18728,35.66004],[140.18734,35.6603],[140.18752,35.66113],[140.18753,35.66118],[140.18756,35.66132],[140.1876,35.66138],[140.18771,35.6615],[140.18794,35.66177],[140.18818,35.66204],[140.18843,35.66232],[140.18865,35.66257],[140.18918,35.66247],[140.18974,35.66237],[140.19019,35.6623],[140.19058,35.66222],[140.19094,35.66213],[140.19109,35.66212],[140.19129,35.66215],[140.19146,35.6622],[140.19169,35.66219],[140.19187,35.66223],[140.192,35.66228],[140.19227,35.66248],[140.19247,35.66269],[140.19254,35.66282],[140.19264,35.66283],[140.19293,35.6628],[140.19307,35.66286],[140.19326,35.66302],[140.19374,35.66332],[140.19405,35.66331],[140.19419,35.66289]]],[[[140.18115,35.64418],[140.18052,35.64356],[140.18051,35.64362],[140.18049,35.64367],[140.18045,35.64375],[140.18041,35.64384],[140.1804,35.64388],[140.1804,35.64424],[140.1804,35.64424],[140.1804,35.64424],[140.1804,35.64467],[140.18039,35.6448],[140.18039,35.64484],[140.18039,35.64484],[140.18039,35.64487],[140.18038,35.6449],[140.18032,35.645],[140.18027,35.64507],[140.18025,35.64509],[140.18038,35.64521],[140.18061,35.64541],[140.18144,35.64614],[140.18155,35.64624],[140.18194,35.64665],[140.18208,35.64681],[140.18215,35.64688],[140.18216,35.64689],[140.18317,35.64753],[140.18348,35.64776],[140.18373,35.64794],[140.18405,35.6482],[140.18428,35.64837],[140.1847,35.64892],[140.18492,35.64913],[140.18529,35.64883],[140.18554,35.64862],[140.18616,35.64804],[140.18663,35.64765],[140.18525,35.647],[140.18462,35.64666],[140.18413,35.64639],[140.18309,35.64582],[140.18269,35.6456],[140.18249,35.64548],[140.18235,35.64537],[140.18215,35.64517],[140.18186,35.64489],[140.18157,35.64459],[140.18115,35.64418]]]]}},{"type":"Feature","properties":{"name":"和田","setai":79,"jinko":216,"key":"122280210","units":1},"geometry":{"type":"MultiPolygon","coordinates":[[[[140.19225,35.6656],[140.19235,35.66557],[140.1924,35.66557],[140.19242,35.66532],[140.1925,35.66521],[140.19258,35.66509],[140.19271,35.6649],[140.19281,35.66475],[140.19298,35.66458],[140.19323,35.66436],[140.19354,35.66406],[140.1936,35.664],[140.19371,35.66388],[140.19372,35.66337],[140.19374,35.66332],[140.19326,35.66302],[140.19307,35.66286],[140.19293,35.6628],[140.19264,35.66283],[140.19254,35.66282],[140.19247,35.66269],[140.19227,35.66248],[140.192,35.66228],[140.19187,35.66223],[140.19169,35.66219],[140.19146,35.6622],[140.19129,35.66215],[140.19109,35.66212],[140.19094,35.66213],[140.19058,35.66222],[140.19019,35.6623],[140.18974,35.66237],[140.18918,35.66247],[140.18865,35.66257],[140.18868,35.66261],[140.18894,35.66289],[140.18918,35.66318],[140.18943,35.66345],[140.18969,35.66371],[140.18997,35.66397],[140.19026,35.66423],[140.19053,35.66448],[140.19069,35.66464],[140.19079,35.66476],[140.19092,35.6648],[140.19165,35.66525],[140.19225,35.6656]]],[[[140.18896,35.65241],[140.1888,35.65276],[140.1887,35.65304],[140.18823,35.6539],[140.18804,35.65432],[140.188,35.65444],[140.18789,35.65451],[140.18779,35.65466],[140.18776,35.6549],[140.18789,35.6548],[140.188,35.65468],[140.18815,35.65447],[140.18842,35.65401],[140.18886,35.65328],[140.18916,35.65334],[140.18908,35.65416],[140.18875,35.65423],[140.18819,35.6551],[140.18856,35.6552],[140.189,35.65536],[140.18939,35.65554],[140.18979,35.65546],[140.19003,35.65578],[140.19015,35.65573],[140.19035,35.65556],[140.19062,35.65532],[140.19205,35.65581],[140.19222,35.65559],[140.19256,35.65564],[140.19272,35.65572],[140.19288,35.6558],[140.19301,35.65587],[140.19315,35.65595],[140.19324,35.65601],[140.19334,35.65609],[140.19344,35.6561],[140.19358,35.65612],[140.19359,35.65634],[140.19362,35.65643],[140.19382,35.65655],[140.19409,35.6566],[140.19411,35.65677],[140.19434,35.65705],[140.19456,35.65734],[140.1948,35.65761],[140.19493,35.65748],[140.19496,35.65744],[140.19493,35.6574],[140.19474,35.65712],[140.195,35.65644],[140.19553,35.65623],[140.19523,35.65564],[140.19478,35.65584],[140.19431,35.65515],[140.19419,35.6549],[140.1948,35.65469],[140.19476,35.65451],[140.19481,35.65436],[140.19433,35.65406],[140.19413,35.65395],[140.19399,35.65384],[140.19376,35.65364],[140.19339,35.65338],[140.19326,35.65318],[140.19299,35.65285],[140.19266,35.65306],[140.19243,35.65281],[140.19274,35.6526],[140.1923,35.65212],[140.19208,35.6519],[140.19152,35.65144],[140.19139,35.65129],[140.19091,35.65162],[140.19017,35.65215],[140.18973,35.65251],[140.18942,35.65273],[140.189,35.65301],[140.189,35.65269],[140.18896,35.65241]]],[[[140.18896,35.65241],[140.18889,35.65206],[140.1889,35.65179],[140.189,35.65149],[140.18914,35.65125],[140.18931,35.65094],[140.18865,35.6506],[140.18802,35.65027],[140.18775,35.65013],[140.18741,35.65043],[140.1872,35.65024],[140.18708,35.65009],[140.18699,35.64999],[140.18629,35.65074],[140.18679,35.65122],[140.18734,35.65159],[140.18778,35.65184],[140.18824,35.65205],[140.18874,35.6523],[140.18887,35.65237],[140.18896,35.65241]]],[[[140.19725,35.66917],[140.1969,35.66884],[140.19684,35.66877],[140.19667,35.66888],[140.19645,35.66891],[140.19625,35.66894],[140.19616,35.66896],[140.19588,35.66902],[140.19547,35.66862],[140.1954,35.66867],[140.19536,35.6687],[140.19528,35.66883],[140.1952,35.66901],[140.19516,35.66912],[140.1953,35.6692],[140.19506,35.66932],[140.19508,35.66934],[140.19529,35.6695],[140.19553,35.66958],[140.19608,35.66968],[140.19627,35.66973],[140.19644,35.66985],[140.19648,35.66998],[140.19656,35.67014],[140.19673,35.6704],[140.19682,35.6705],[140.19713,35.67075],[140.19731,35.67065],[140.19744,35.67057],[140.19716,35.67028],[140.1975,35.67016],[140.19814,35.66971],[140.19804,35.66969],[140.19749,35.6694],[140.19725,35.66917]]],[[[140.19388,35.66695],[140.19396,35.66673],[140.19396,35.66661],[140.19388,35.66661],[140.19381,35.66662],[140.19373,35.66662],[140.19368,35.66663],[140.19362,35.66666],[140.19349,35.66672],[140.19333,35.66678],[140.19324,35.66681],[140.19318,35.66684],[140.19316,35.66682],[140.19315,35.66683],[140.19299,35.6669],[140.19325,35.66753],[140.19324,35.66795],[140.1935,35.66808],[140.19319,35.66851],[140.19333,35.66869],[140.19346,35.66878],[140.19377,35.66887],[140.19431,35.669],[140.19441,35.66876],[140.19422,35.66868],[140.19438,35.66858],[140.19439,35.66848],[140.19418,35.66832],[140.19399,35.66815],[140.19367,35.66786],[140.19369,35.66783],[140.19372,35.66777],[140.19379,35.66765],[140.1938,35.66744],[140.1938,35.66737],[140.19378,35.66722],[140.19383,35.66711],[140.19388,35.66695]]],[[[140.19828,35.66635],[140.19813,35.6663],[140.19799,35.66631],[140.19789,35.66633],[140.19775,35.66658],[140.19764,35.66663],[140.19757,35.66666],[140.19754,35.66668],[140.19748,35.66674],[140.19743,35.66683],[140.19735,35.6669],[140.19724,35.66692],[140.19725,35.66695],[140.19726,35.66698],[140.19748,35.66701],[140.19766,35.66704],[140.1977,35.66706],[140.19785,35.66713],[140.19816,35.66729],[140.19855,35.66748],[140.19866,35.66739],[140.19876,35.66728],[140.19885,35.66721],[140.19895,35.66713],[140.19911,35.66704],[140.19922,35.66697],[140.19932,35.66686],[140.19932,35.66669],[140.19933,35.66659],[140.19925,35.66658],[140.19914,35.66656],[140.19905,35.66655],[140.19889,35.66651],[140.19866,35.66648],[140.19845,35.66641],[140.19828,35.66635]]]]}},{"type":"Feature","properties":{"name":"みのり町","setai":249,"jinko":504,"key":"122280220","units":1},"geometry":{"type":"Polygon","coordinates":[[[140.17444,35.66504],[140.17434,35.66482],[140.17397,35.66488],[140.17359,35.66487],[140.17316,35.66484],[140.1731,35.66484],[140.17272,35.66483],[140.1725,35.66478],[140.17242,35.66473],[140.17233,35.66466],[140.17246,35.66413],[140.17224,35.66409],[140.17203,35.66405],[140.17184,35.66401],[140.17188,35.66389],[140.17193,35.6637],[140.17198,35.66356],[140.17187,35.66355],[140.17182,35.66354],[140.17178,35.66358],[140.17176,35.6636],[140.17137,35.66394],[140.17111,35.66417],[140.17105,35.66415],[140.17103,35.66413],[140.17098,35.66407],[140.1709,35.66399],[140.17085,35.66402],[140.17089,35.66407],[140.17081,35.66411],[140.17084,35.66415],[140.17078,35.6642],[140.17073,35.66417],[140.17068,35.66423],[140.1707,35.66425],[140.17063,35.66434],[140.17037,35.66463],[140.17016,35.66485],[140.1703,35.66493],[140.17163,35.66576],[140.17215,35.66607],[140.17265,35.66639],[140.17283,35.66649],[140.17292,35.66655],[140.17299,35.6666],[140.17334,35.6668],[140.17341,35.66685],[140.17355,35.66679],[140.17379,35.66671],[140.17399,35.66649],[140.17396,35.6664],[140.17396,35.66629],[140.17405,35.66595],[140.17408,35.66588],[140.17412,35.66585],[140.17414,35.6658],[140.17414,35.66579],[140.17408,35.66578],[140.17412,35.66553],[140.17421,35.66552],[140.17423,35.66536],[140.17423,35.6653],[140.17425,35.66526],[140.17428,35.66522],[140.17439,35.66513],[140.17442,35.66509],[140.17444,35.66505],[140.17444,35.66504]]]}},{"type":"Feature","properties":{"name":"千代田一丁目","setai":584,"jinko":1292,"key":"12228023001","units":1},"geometry":{"type":"Polygon","coordinates":[[[140.18245,35.69094],[140.18304,35.68971],[140.18372,35.68849],[140.18384,35.6882],[140.18377,35.68819],[140.18336,35.68818],[140.18322,35.68816],[140.18271,35.68792],[140.18257,35.68789],[140.18167,35.68785],[140.18116,35.68777],[140.17997,35.688],[140.17927,35.68776],[140.17909,35.68767],[140.17894,35.68753],[140.17921,35.68858],[140.17937,35.68858],[140.17963,35.68861],[140.17958,35.68897],[140.17955,35.68913],[140.17952,35.68928],[140.17928,35.68956],[140.17902,35.68984],[140.17884,35.69026],[140.17871,35.69064],[140.17852,35.69058],[140.17849,35.6906],[140.17826,35.69089],[140.17807,35.69122],[140.17798,35.69142],[140.17844,35.6916],[140.17879,35.69172],[140.17917,35.69183],[140.17993,35.69208],[140.18095,35.69242],[140.18162,35.69263],[140.18173,35.69241],[140.18189,35.69208],[140.18207,35.69173],[140.18227,35.69132],[140.18245,35.69094]]]}},{"type":"Feature","properties":{"name":"千代田二丁目","setai":296,"jinko":638,"key":"12228023002","units":1},"geometry":{"type":"Polygon","coordinates":[[[140.18044,35.69509],[140.18104,35.69385],[140.18162,35.69263],[140.18095,35.69242],[140.17993,35.69208],[140.17917,35.69183],[140.17879,35.69172],[140.17844,35.6916],[140.17819,35.6919],[140.17817,35.69195],[140.17816,35.69201],[140.17806,35.69202],[140.17803,35.69236],[140.17803,35.69241],[140.17798,35.69264],[140.17795,35.69277],[140.17788,35.69288],[140.17754,35.69305],[140.17722,35.69337],[140.17717,35.69342],[140.17715,35.69346],[140.17711,35.69355],[140.17706,35.69369],[140.17699,35.69391],[140.17692,35.69409],[140.17688,35.6942],[140.17687,35.69424],[140.17687,35.6943],[140.17689,35.69436],[140.17692,35.6944],[140.17696,35.69445],[140.17702,35.69448],[140.17707,35.69451],[140.17717,35.69452],[140.17722,35.6947],[140.17723,35.69475],[140.17724,35.69475],[140.17733,35.69444],[140.17741,35.69447],[140.17749,35.69451],[140.17787,35.69464],[140.17855,35.69471],[140.17861,35.69473],[140.17868,35.69477],[140.17885,35.69486],[140.1789,35.69487],[140.17925,35.69485],[140.1792,35.69494],[140.17977,35.69503],[140.18009,35.69518],[140.18034,35.69528],[140.18036,35.69525],[140.18044,35.69509]]]}},{"type":"Feature","properties":{"name":"千代田三丁目","setai":535,"jinko":1190,"key":"12228023003","units":1},"geometry":{"type":"Polygon","coordinates":[[[140.18752,35.69941],[140.18798,35.69879],[140.18824,35.69888],[140.18858,35.69888],[140.18869,35.69873],[140.18893,35.69826],[140.18904,35.698],[140.18908,35.69782],[140.18904,35.69763],[140.18942,35.69744],[140.1895,35.6974],[140.18955,35.69735],[140.18958,35.6973],[140.18957,35.69705],[140.18943,35.69681],[140.18922,35.69646],[140.18921,35.69639],[140.18927,35.69609],[140.18944,35.69578],[140.18993,35.69509],[140.19011,35.69484],[140.19036,35.69444],[140.19036,35.69439],[140.19034,35.69436],[140.19003,35.69402],[140.18992,35.69391],[140.18967,35.69408],[140.18931,35.69431],[140.18899,35.69456],[140.18892,35.69462],[140.18884,35.69471],[140.18857,35.69498],[140.18839,35.69517],[140.18788,35.69568],[140.18768,35.69586],[140.18747,35.696],[140.18729,35.6961],[140.1867,35.69631],[140.18632,35.69643],[140.18614,35.69647],[140.18591,35.69653],[140.18566,35.69658],[140.18542,35.6966],[140.1853,35.69659],[140.18514,35.69659],[140.18491,35.69655],[140.18427,35.69633],[140.18343,35.69607],[140.18266,35.69581],[140.18261,35.6958],[140.18112,35.69531],[140.18044,35.69509],[140.18036,35.69525],[140.18034,35.69528],[140.18051,35.69536],[140.18119,35.69558],[140.18141,35.69568],[140.18225,35.69623],[140.18254,35.69646],[140.18271,35.69663],[140.18292,35.69707],[140.18301,35.69739],[140.1831,35.69736],[140.18325,35.69731],[140.1836,35.69743],[140.18367,35.69767],[140.18378,35.69797],[140.18407,35.69865],[140.1842,35.69886],[140.18441,35.69901],[140.18448,35.69905],[140.18453,35.69906],[140.18457,35.69907],[140.18461,35.69908],[140.185,35.69926],[140.18504,35.69934],[140.18515,35.69941],[140.18531,35.69938],[140.18545,35.69937],[140.18557,35.69938],[140.18565,35.6994],[140.18571,35.69943],[140.18575,35.69946],[140.18577,35.69948],[140.18579,35.69949],[140.18582,35.69949],[140.18585,35.69948],[140.18587,35.69945],[140.18587,35.69943],[140.18588,35.69941],[140.18589,35.6994],[140.1859,35.69939],[140.18593,35.69939],[140.18604,35.69941],[140.18617,35.69946],[140.18632,35.69951],[140.18643,35.69958],[140.18651,35.69965],[140.18659,35.69978],[140.18664,35.69985],[140.18672,35.69993],[140.18693,35.70007],[140.1871,35.7001],[140.18732,35.7001],[140.18741,35.70005],[140.18745,35.70001],[140.18747,35.69993],[140.18751,35.69961],[140.18752,35.69941]]]}},{"type":"Feature","properties":{"name":"千代田四丁目","setai":631,"jinko":1411,"key":"12228023004","units":1},"geometry":{"type":"Polygon","coordinates":[[[140.18805,35.69493],[140.18774,35.69473],[140.18752,35.69458],[140.18727,35.69451],[140.1871,35.69448],[140.18676,35.69452],[140.18604,35.69472],[140.18557,35.69485],[140.18533,35.69425],[140.18531,35.69422],[140.18524,35.69404],[140.18514,35.6939],[140.18492,35.69371],[140.18451,35.69356],[140.18385,35.69335],[140.18349,35.69323],[140.18231,35.69286],[140.18162,35.69263],[140.18104,35.69385],[140.18044,35.69509],[140.18112,35.69531],[140.18261,35.6958],[140.18266,35.69581],[140.18343,35.69607],[140.18427,35.69633],[140.18491,35.69655],[140.18514,35.69659],[140.1853,35.69659],[140.18542,35.6966],[140.18566,35.69658],[140.18591,35.69653],[140.18614,35.69647],[140.18632,35.69643],[140.1867,35.69631],[140.18729,35.6961],[140.18747,35.696],[140.18768,35.69586],[140.18788,35.69568],[140.18839,35.69517],[140.18805,35.69493]]]}},{"type":"Feature","properties":{"name":"千代田五丁目","setai":677,"jinko":1491,"key":"12228023005","units":1},"geometry":{"type":"Polygon","coordinates":[[[140.18899,35.69456],[140.18931,35.69431],[140.18967,35.69408],[140.18992,35.69391],[140.19003,35.69402],[140.19006,35.69399],[140.1901,35.69393],[140.19016,35.6937],[140.19018,35.69359],[140.19017,35.69346],[140.18963,35.69346],[140.18954,35.69349],[140.18945,35.69339],[140.18948,35.69326],[140.18946,35.69311],[140.18934,35.69282],[140.18939,35.69278],[140.18844,35.69191],[140.18793,35.69144],[140.18786,35.69139],[140.18791,35.69135],[140.18709,35.6909],[140.18696,35.69075],[140.18687,35.69079],[140.18659,35.69049],[140.18579,35.68964],[140.18565,35.68949],[140.1852,35.68895],[140.18455,35.68819],[140.18414,35.6882],[140.184,35.6882],[140.18384,35.6882],[140.18372,35.68849],[140.18304,35.68971],[140.18245,35.69094],[140.18227,35.69132],[140.18207,35.69173],[140.18189,35.69208],[140.18173,35.69241],[140.18162,35.69263],[140.18231,35.69286],[140.18349,35.69323],[140.18385,35.69335],[140.18451,35.69356],[140.18492,35.69371],[140.18514,35.6939],[140.18524,35.69404],[140.18531,35.69422],[140.18533,35.69425],[140.18557,35.69485],[140.18604,35.69472],[140.18676,35.69452],[140.1871,35.69448],[140.18727,35.69451],[140.18752,35.69458],[140.18774,35.69473],[140.18805,35.69493],[140.18839,35.69517],[140.18857,35.69498],[140.18884,35.69471],[140.18892,35.69462],[140.18899,35.69456]]]}},{"type":"Feature","properties":{"name":"旭ケ丘一丁目","setai":307,"jinko":715,"key":"12228024001","units":1},"geometry":{"type":"Polygon","coordinates":[[[140.18482,35.66417],[140.1845,35.66385],[140.18424,35.66356],[140.18397,35.66328],[140.18513,35.66259],[140.18487,35.6623],[140.18463,35.66203],[140.18437,35.66175],[140.18413,35.66148],[140.18388,35.66121],[140.18363,35.66093],[140.18339,35.66064],[140.18316,35.66037],[140.18308,35.66007],[140.18306,35.66002],[140.18302,35.65983],[140.18163,35.66068],[140.18132,35.66089],[140.1811,35.66111],[140.18091,35.66126],[140.18077,35.66137],[140.1807,35.6614],[140.1806,35.66145],[140.18042,35.66157],[140.18048,35.66166],[140.18059,35.66178],[140.1806,35.6618],[140.18077,35.662],[140.18088,35.66213],[140.18096,35.66222],[140.18101,35.6623],[140.18104,35.66235],[140.18103,35.6624],[140.18106,35.66258],[140.18116,35.6627],[140.18127,35.66283],[140.18136,35.66291],[140.18147,35.66294],[140.18163,35.66298],[140.18179,35.66304],[140.18194,35.66315],[140.18217,35.66328],[140.18228,35.66334],[140.18234,35.66339],[140.1824,35.66345],[140.18245,35.6635],[140.18252,35.66355],[140.18263,35.6636],[140.18272,35.66369],[140.1828,35.66379],[140.18287,35.66394],[140.18299,35.66401],[140.18323,35.66408],[140.1834,35.66411],[140.18358,35.66414],[140.18378,35.66412],[140.18388,35.6641],[140.18396,35.66409],[140.18402,35.6641],[140.18421,35.66414],[140.18453,35.66425],[140.18482,35.66417]]]}},{"type":"Feature","properties":{"name":"旭ケ丘二丁目","setai":429,"jinko":1006,"key":"12228024002","units":1},"geometry":{"type":"Polygon","coordinates":[[[140.18711,35.65927],[140.18708,35.65886],[140.18706,35.65846],[140.18706,35.65835],[140.18706,35.65829],[140.18702,35.65829],[140.18647,35.65838],[140.18641,35.65833],[140.18635,35.65832],[140.1863,35.65835],[140.18624,35.65837],[140.18614,35.65843],[140.18599,35.65851],[140.1853,35.65892],[140.18505,35.6589],[140.18492,35.6589],[140.18476,35.65889],[140.18465,35.65889],[140.18453,35.65888],[140.18429,35.65887],[140.18381,35.65915],[140.18305,35.65961],[140.18297,35.65966],[140.18298,35.6597],[140.18302,35.65983],[140.18306,35.66002],[140.18308,35.66007],[140.18316,35.66037],[140.18339,35.66064],[140.18363,35.66093],[140.18388,35.66121],[140.18413,35.66148],[140.18437,35.66175],[140.18463,35.66203],[140.18487,35.6623],[140.18513,35.66259],[140.1855,35.66237],[140.18629,35.6619],[140.18744,35.66122],[140.18753,35.66118],[140.18752,35.66113],[140.18734,35.6603],[140.18728,35.66004],[140.18727,35.66],[140.18719,35.65967],[140.18711,35.65929],[140.18711,35.65927]]]}},{"type":"Feature","properties":{"name":"旭ケ丘三丁目","setai":267,"jinko":623,"key":"12228024003","units":1},"geometry":{"type":"Polygon","coordinates":[[[140.18756,35.66132],[140.18753,35.66118],[140.18744,35.66122],[140.18629,35.6619],[140.1855,35.66237],[140.18513,35.66259],[140.18397,35.66328],[140.18424,35.66356],[140.1845,35.66385],[140.18482,35.66417],[140.18453,35.66425],[140.18483,35.66436],[140.1849,35.6644],[140.18498,35.66444],[140.18507,35.66448],[140.18513,35.66449],[140.18522,35.66452],[140.18528,35.66454],[140.18534,35.66459],[140.18537,35.66463],[140.18541,35.66469],[140.18548,35.66485],[140.18553,35.66493],[140.18571,35.66483],[140.18666,35.66427],[140.18702,35.66405],[140.18781,35.66358],[140.18888,35.66293],[140.18894,35.66289],[140.18868,35.66261],[140.18865,35.66257],[140.18843,35.66232],[140.18818,35.66204],[140.18794,35.66177],[140.18771,35.6615],[140.1876,35.66138],[140.18756,35.66132]]]}},{"type":"Feature","properties":{"name":"旭ケ丘四丁目","setai":280,"jinko":684,"key":"12228024004","units":1},"geometry":{"type":"Polygon","coordinates":[[[140.18899,35.66815],[140.18918,35.6677],[140.18963,35.66755],[140.1896,35.66719],[140.18957,35.66678],[140.18954,35.66651],[140.18952,35.66638],[140.18951,35.6663],[140.18926,35.66632],[140.18903,35.66635],[140.18887,35.66635],[140.18871,35.66634],[140.18848,35.66626],[140.18841,35.66619],[140.18816,35.66592],[140.1879,35.66565],[140.18765,35.66537],[140.18741,35.66509],[140.18715,35.66482],[140.18691,35.66454],[140.18666,35.66427],[140.18571,35.66483],[140.18553,35.66493],[140.18557,35.665],[140.18559,35.66504],[140.18565,35.66513],[140.18574,35.66529],[140.18578,35.66535],[140.18579,35.66543],[140.18577,35.66553],[140.18575,35.66565],[140.18571,35.66583],[140.18567,35.66591],[140.18559,35.66605],[140.18557,35.66617],[140.18554,35.66637],[140.18556,35.66642],[140.18561,35.66648],[140.18568,35.66657],[140.18576,35.66665],[140.18585,35.66675],[140.18591,35.66683],[140.18595,35.66689],[140.18602,35.66691],[140.18607,35.66693],[140.18611,35.66699],[140.18614,35.66705],[140.18616,35.66709],[140.18619,35.66716],[140.18622,35.6672],[140.18631,35.66722],[140.18635,35.66722],[140.18639,35.6672],[140.18652,35.66718],[140.18665,35.66716],[140.18674,35.66714],[140.18682,35.66713],[140.18692,35.6671],[140.18705,35.66742],[140.1872,35.66781],[140.18732,35.66782],[140.18768,35.6678],[140.18794,35.66783],[140.18815,35.66786],[140.18821,35.66787],[140.18829,35.6679],[140.18836,35.66793],[140.18854,35.66801],[140.18879,35.66809],[140.18899,35.66815]]]}},{"type":"Feature","properties":{"name":"旭ケ丘五丁目","setai":325,"jinko":790,"key":"12228024005","units":1},"geometry":{"type":"Polygon","coordinates":[[[140.19119,35.66634],[140.19157,35.66631],[140.1916,35.66631],[140.19154,35.66608],[140.19154,35.66599],[140.19151,35.66587],[140.19149,35.66578],[140.19144,35.66569],[140.19134,35.66555],[140.1911,35.66521],[140.19099,35.66507],[140.1908,35.66477],[140.19079,35.66476],[140.19069,35.66464],[140.19053,35.66448],[140.19026,35.66423],[140.18997,35.66397],[140.18969,35.66371],[140.18943,35.66345],[140.18918,35.66318],[140.18894,35.66289],[140.18888,35.66293],[140.18781,35.66358],[140.18702,35.66405],[140.18666,35.66427],[140.18691,35.66454],[140.18715,35.66482],[140.18741,35.66509],[140.18765,35.66537],[140.1879,35.66565],[140.18816,35.66592],[140.18841,35.66619],[140.18848,35.66626],[140.18871,35.66634],[140.18887,35.66635],[140.18903,35.66635],[140.18926,35.66632],[140.18951,35.6663],[140.18952,35.66638],[140.18954,35.66651],[140.19119,35.66634]]]}},{"type":"Feature","properties":{"name":"みそら一丁目","setai":526,"jinko":1313,"key":"12228025001","units":1},"geometry":{"type":"Polygon","coordinates":[[[140.1954,35.66867],[140.19547,35.66862],[140.19588,35.66902],[140.19616,35.66896],[140.19625,35.66894],[140.19645,35.66891],[140.19667,35.66888],[140.19684,35.66877],[140.19703,35.66864],[140.19708,35.6686],[140.19727,35.66847],[140.19732,35.66843],[140.19806,35.66793],[140.19839,35.6677],[140.19842,35.6677],[140.19855,35.66748],[140.19816,35.66729],[140.19785,35.66713],[140.1977,35.66706],[140.19766,35.66704],[140.19748,35.66701],[140.19726,35.66698],[140.19725,35.66695],[140.19724,35.66692],[140.19735,35.6669],[140.19743,35.66683],[140.19748,35.66674],[140.19754,35.66668],[140.19757,35.66666],[140.19764,35.66663],[140.19775,35.66658],[140.19789,35.66633],[140.19768,35.66624],[140.19705,35.6658],[140.19675,35.66552],[140.19622,35.66538],[140.19581,35.66516],[140.19559,35.66488],[140.19536,35.66474],[140.19523,35.6647],[140.19502,35.66469],[140.19462,35.66453],[140.19451,35.66446],[140.19438,35.6643],[140.19419,35.66414],[140.19392,35.66397],[140.19376,35.66384],[140.19371,35.66388],[140.1936,35.664],[140.19354,35.66406],[140.19323,35.66436],[140.19298,35.66458],[140.19281,35.66475],[140.19271,35.6649],[140.19258,35.66509],[140.1925,35.66521],[140.19242,35.66532],[140.1924,35.66557],[140.1925,35.66561],[140.19258,35.66565],[140.19262,35.66567],[140.19262,35.66567],[140.19274,35.66576],[140.19288,35.66588],[140.19296,35.66596],[140.19299,35.666],[140.19292,35.66634],[140.1929,35.66653],[140.19289,35.66655],[140.1929,35.66657],[140.19306,35.66673],[140.19316,35.66682],[140.19318,35.66684],[140.19324,35.66681],[140.19333,35.66678],[140.19349,35.66672],[140.19362,35.66666],[140.19368,35.66663],[140.19373,35.66662],[140.19381,35.66662],[140.19388,35.66661],[140.19396,35.66661],[140.19396,35.66673],[140.19388,35.66695],[140.19383,35.66711],[140.19378,35.66722],[140.1938,35.66737],[140.1938,35.66744],[140.19379,35.66765],[140.19372,35.66777],[140.19369,35.66783],[140.19367,35.66786],[140.19399,35.66815],[140.19418,35.66832],[140.19439,35.66848],[140.19438,35.66858],[140.19422,35.66868],[140.19441,35.66876],[140.19431,35.669],[140.19458,35.66907],[140.19461,35.66908],[140.19464,35.66908],[140.19471,35.66911],[140.19479,35.66913],[140.19484,35.66914],[140.1949,35.66919],[140.19499,35.66927],[140.19506,35.66932],[140.19506,35.66932],[140.1953,35.6692],[140.19516,35.66912],[140.1952,35.66901],[140.19528,35.66883],[140.19536,35.6687],[140.1954,35.66867]]]}},{"type":"Feature","properties":{"name":"みそら二丁目","setai":345,"jinko":812,"key":"12228025002","units":1},"geometry":{"type":"Polygon","coordinates":[[[140.2006,35.67252],[140.20108,35.67159],[140.20132,35.67111],[140.20161,35.67054],[140.20103,35.66996],[140.20043,35.66934],[140.20073,35.66914],[140.2007,35.66913],[140.20038,35.66892],[140.20022,35.66879],[140.20017,35.66875],[140.20002,35.66864],[140.19981,35.66849],[140.19972,35.66842],[140.19966,35.66837],[140.19963,35.66837],[140.19955,35.66839],[140.19949,35.6684],[140.19943,35.66837],[140.19938,35.66835],[140.19937,35.66831],[140.19933,35.6682],[140.1993,35.66812],[140.19926,35.66805],[140.19926,35.66802],[140.19926,35.66799],[140.19925,35.66793],[140.19923,35.66789],[140.19919,35.66786],[140.19925,35.66782],[140.19931,35.66779],[140.19937,35.6678],[140.19943,35.66781],[140.19947,35.66781],[140.19975,35.6676],[140.19964,35.66751],[140.19951,35.66741],[140.19936,35.66733],[140.19922,35.66727],[140.19909,35.66722],[140.19892,35.66725],[140.19876,35.66728],[140.19866,35.66739],[140.19855,35.66748],[140.19842,35.6677],[140.19839,35.6677],[140.19806,35.66793],[140.19732,35.66843],[140.19727,35.66847],[140.19708,35.6686],[140.19703,35.66864],[140.19684,35.66877],[140.1969,35.66884],[140.19725,35.66917],[140.19749,35.6694],[140.19804,35.66969],[140.19814,35.66971],[140.1975,35.67016],[140.19716,35.67028],[140.19744,35.67057],[140.19731,35.67065],[140.19713,35.67075],[140.19761,35.67119],[140.19763,35.67121],[140.19802,35.6716],[140.19827,35.67185],[140.1985,35.67211],[140.19856,35.67217],[140.19859,35.67221],[140.19865,35.67228],[140.19868,35.67232],[140.19876,35.67243],[140.19882,35.67253],[140.19888,35.67269],[140.19889,35.67275],[140.19891,35.67282],[140.19922,35.6725],[140.19927,35.67245],[140.19945,35.67248],[140.19972,35.67253],[140.19982,35.67259],[140.19987,35.67284],[140.19989,35.67291],[140.19992,35.67301],[140.2,35.67317],[140.20029,35.67316],[140.2006,35.67252]]]}},{"type":"Feature","properties":{"name":"みそら三丁目","setai":417,"jinko":1051,"key":"12228025003","units":1},"geometry":{"type":"Polygon","coordinates":[[[140.20574,35.67499],[140.20593,35.67487],[140.20609,35.67477],[140.20633,35.67449],[140.20636,35.67445],[140.20617,35.67356],[140.20584,35.67371],[140.2058,35.67371],[140.20505,35.67336],[140.20465,35.67317],[140.20426,35.67299],[140.20323,35.67252],[140.20302,35.67242],[140.20283,35.67232],[140.20149,35.67172],[140.20108,35.67159],[140.2006,35.67252],[140.20029,35.67316],[140.2,35.67317],[140.19976,35.67319],[140.19964,35.67328],[140.19964,35.67328],[140.19962,35.6733],[140.19961,35.67332],[140.19963,35.67333],[140.19969,35.67335],[140.19973,35.67337],[140.19974,35.67338],[140.19974,35.6734],[140.19973,35.67341],[140.19964,35.67363],[140.19961,35.67379],[140.19973,35.67401],[140.19993,35.67396],[140.20041,35.67384],[140.2008,35.67411],[140.20091,35.67427],[140.20094,35.67434],[140.20095,35.67442],[140.201,35.67452],[140.20085,35.67456],[140.20097,35.67477],[140.20105,35.67495],[140.20118,35.67493],[140.20126,35.67511],[140.20152,35.67509],[140.20183,35.67499],[140.20245,35.6752],[140.2027,35.6753],[140.20284,35.67555],[140.20367,35.67548],[140.20445,35.67539],[140.20475,35.67532],[140.20515,35.67521],[140.20574,35.67499]]]}},{"type":"Feature","properties":{"name":"みそら四丁目","setai":415,"jinko":1054,"key":"12228025004","units":1},"geometry":{"type":"Polygon","coordinates":[[[140.20583,35.67042],[140.20565,35.67028],[140.20544,35.67017],[140.20524,35.67009],[140.20502,35.67033],[140.20468,35.67014],[140.20443,35.67004],[140.20422,35.66999],[140.20416,35.66996],[140.20413,35.66992],[140.20407,35.66984],[140.20399,35.66973],[140.20394,35.66968],[140.20384,35.66962],[140.20378,35.66961],[140.2037,35.6696],[140.20359,35.66957],[140.20334,35.66953],[140.20313,35.66948],[140.20287,35.66935],[140.20262,35.66921],[140.20248,35.66912],[140.20242,35.66918],[140.20237,35.66913],[140.20202,35.66888],[140.20203,35.66896],[140.2021,35.66907],[140.20219,35.66915],[140.20225,35.66922],[140.20239,35.66935],[140.20248,35.66938],[140.20273,35.66952],[140.20298,35.66967],[140.20297,35.66978],[140.20296,35.66985],[140.20272,35.66998],[140.20257,35.67008],[140.20247,35.67016],[140.2024,35.67012],[140.20235,35.67012],[140.20224,35.67017],[140.20206,35.67028],[140.2019,35.67031],[140.20176,35.67028],[140.20163,35.67018],[140.20149,35.67006],[140.20138,35.66995],[140.20138,35.66994],[140.20136,35.66992],[140.20133,35.66989],[140.20124,35.66982],[140.20115,35.66973],[140.20102,35.6696],[140.20098,35.66955],[140.20096,35.66949],[140.20091,35.66942],[140.20089,35.66934],[140.20087,35.66927],[140.20078,35.6692],[140.20076,35.66917],[140.20074,35.66914],[140.20073,35.66914],[140.20043,35.66934],[140.20103,35.66996],[140.20161,35.67054],[140.20132,35.67111],[140.20108,35.67159],[140.20149,35.67172],[140.20283,35.67232],[140.20302,35.67242],[140.20323,35.67252],[140.20426,35.67299],[140.20465,35.67317],[140.20505,35.67336],[140.2058,35.67371],[140.20584,35.67371],[140.20617,35.67356],[140.20648,35.67331],[140.20657,35.67325],[140.20667,35.67318],[140.20685,35.67311],[140.20697,35.67305],[140.20715,35.67284],[140.20728,35.67269],[140.20736,35.67254],[140.20741,35.67246],[140.20756,35.67232],[140.20778,35.67228],[140.20799,35.67224],[140.20798,35.67222],[140.20789,35.67197],[140.20781,35.67184],[140.20781,35.67184],[140.20776,35.67178],[140.20763,35.67159],[140.20749,35.67149],[140.20743,35.67139],[140.20733,35.67134],[140.20716,35.67121],[140.20698,35.67113],[140.20679,35.67094],[140.2065,35.67074],[140.20635,35.67068],[140.20628,35.67064],[140.20619,35.67057],[140.20598,35.6705],[140.20583,35.67042]]]}},{"type":"Feature","properties":{"name":"つくし座一丁目","setai":336,"jinko":799,"key":"12228026001","units":1},"geometry":{"type":"Polygon","coordinates":[[[140.17979,35.67134],[140.18013,35.67097],[140.17906,35.67031],[140.17793,35.66962],[140.17785,35.6697],[140.17782,35.66968],[140.17779,35.66968],[140.17773,35.66969],[140.17717,35.66977],[140.17695,35.66989],[140.17684,35.66994],[140.17668,35.66995],[140.17641,35.66992],[140.17618,35.66995],[140.17609,35.66997],[140.17595,35.67003],[140.17587,35.67017],[140.17576,35.67033],[140.17563,35.67041],[140.17552,35.67049],[140.17537,35.67065],[140.17514,35.67084],[140.1751,35.67087],[140.17507,35.67089],[140.17505,35.67093],[140.17506,35.67105],[140.17501,35.67124],[140.1754,35.67147],[140.17549,35.67152],[140.17562,35.67159],[140.17592,35.67121],[140.17614,35.67131],[140.17626,35.67136],[140.17659,35.67183],[140.17654,35.67191],[140.17672,35.6723],[140.17694,35.67265],[140.17717,35.67281],[140.17759,35.67306],[140.17791,35.67301],[140.17779,35.67293],[140.17814,35.67281],[140.1782,35.67278],[140.1786,35.67263],[140.17884,35.67237],[140.17907,35.67212],[140.17932,35.67185],[140.17954,35.67161],[140.17955,35.67159],[140.17979,35.67134]]]}},{"type":"Feature","properties":{"name":"つくし座二丁目","setai":121,"jinko":293,"key":"12228026002","units":1},"geometry":{"type":"Polygon","coordinates":[[[140.17988,35.67514],[140.17947,35.67451],[140.17939,35.67444],[140.17931,35.67446],[140.17917,35.67455],[140.17869,35.67432],[140.17856,35.67414],[140.17864,35.67411],[140.17857,35.67393],[140.17877,35.67391],[140.17885,35.67385],[140.17886,35.67375],[140.1788,35.67367],[140.17878,35.67362],[140.17874,35.67365],[140.17869,35.67367],[140.17854,35.67368],[140.1784,35.67325],[140.17835,35.67311],[140.17823,35.67295],[140.17814,35.67281],[140.17779,35.67293],[140.17791,35.67301],[140.17759,35.67306],[140.17717,35.67281],[140.17735,35.6731],[140.17745,35.67331],[140.17779,35.67329],[140.17794,35.6737],[140.17777,35.67373],[140.17723,35.67383],[140.17724,35.67403],[140.17745,35.67449],[140.17751,35.67461],[140.1776,35.67458],[140.17824,35.67434],[140.17829,35.67441],[140.17831,35.67446],[140.17831,35.6745],[140.1783,35.67454],[140.17804,35.67508],[140.17796,35.67507],[140.17789,35.67507],[140.17782,35.67515],[140.17783,35.67529],[140.17793,35.67544],[140.17806,35.67552],[140.17817,35.67558],[140.17825,35.67573],[140.17837,35.67573],[140.17847,35.67566],[140.17859,35.67562],[140.17837,35.67521],[140.17848,35.6751],[140.17863,35.67515],[140.1797,35.676],[140.17975,35.67606],[140.17983,35.67617],[140.17987,35.67625],[140.18014,35.67621],[140.18046,35.67603],[140.17988,35.67514]]]}},{"type":"Feature","properties":{"name":"つくし座三丁目","setai":181,"jinko":420,"key":"12228026003","units":1},"geometry":{"type":"Polygon","coordinates":[[[140.18192,35.67405],[140.18223,35.67373],[140.18251,35.67368],[140.18281,35.67369],[140.18291,35.67375],[140.1831,35.67343],[140.1835,35.67352],[140.18365,35.67343],[140.18339,35.67315],[140.18299,35.67278],[140.18254,35.67245],[140.18227,35.67229],[140.18119,35.67163],[140.18013,35.67097],[140.17979,35.67134],[140.17955,35.67159],[140.17954,35.67161],[140.17932,35.67185],[140.17907,35.67212],[140.17884,35.67237],[140.1786,35.67263],[140.17868,35.67279],[140.17878,35.67273],[140.17889,35.67264],[140.17916,35.6726],[140.1792,35.67256],[140.1792,35.6723],[140.17922,35.67225],[140.17928,35.67218],[140.17934,35.67213],[140.17938,35.67207],[140.17942,35.67199],[140.17947,35.67192],[140.17952,35.67185],[140.17982,35.67204],[140.17998,35.67187],[140.18048,35.67217],[140.18047,35.67228],[140.18058,35.67244],[140.18058,35.67253],[140.18053,35.6726],[140.18035,35.67277],[140.18035,35.6729],[140.18031,35.67304],[140.18035,35.67313],[140.18042,35.67319],[140.18081,35.67346],[140.1807,35.67363],[140.18069,35.67369],[140.1807,35.67375],[140.18069,35.67382],[140.18106,35.67366],[140.18111,35.67376],[140.18116,35.67392],[140.1813,35.67399],[140.18146,35.67394],[140.18175,35.67401],[140.18192,35.67405]]]}},{"type":"Feature","properties":{"name":"さつきケ丘","setai":216,"jinko":549,"key":"122280270","units":1},"geometry":{"type":"Polygon","coordinates":[[[140.15319,35.66446],[140.15321,35.66442],[140.1534,35.66445],[140.15322,35.66433],[140.15282,35.66426],[140.15278,35.66405],[140.15275,35.66377],[140.15273,35.66315],[140.15314,35.66298],[140.15323,35.66295],[140.15367,35.66277],[140.15334,35.66235],[140.15306,35.66191],[140.15296,35.66198],[140.15231,35.6625],[140.15147,35.66164],[140.15132,35.6617],[140.15118,35.66175],[140.15117,35.66175],[140.15116,35.66178],[140.15109,35.66191],[140.15109,35.66191],[140.15107,35.66194],[140.151,35.66204],[140.15099,35.66205],[140.15099,35.66205],[140.15085,35.66215],[140.15087,35.6622],[140.15087,35.66229],[140.15087,35.66232],[140.15106,35.66297],[140.15112,35.66326],[140.15113,35.66342],[140.15113,35.66342],[140.15115,35.66358],[140.15116,35.66377],[140.15118,35.66378],[140.15118,35.66378],[140.1512,35.66379],[140.1512,35.66387],[140.15114,35.66405],[140.15107,35.66421],[140.15104,35.6643],[140.15144,35.66447],[140.15152,35.66452],[140.15154,35.66455],[140.15146,35.66459],[140.15141,35.66463],[140.15166,35.66499],[140.15244,35.66509],[140.15304,35.66517],[140.15307,35.66501],[140.15319,35.66446]]]}},{"type":"Feature","properties":{"name":"さちが丘一丁目","setai":268,"jinko":651,"key":"12228028001","units":1},"geometry":{"type":"Polygon","coordinates":[[[140.17618,35.66995],[140.17641,35.66992],[140.17668,35.66995],[140.17684,35.66994],[140.17695,35.66989],[140.17717,35.66977],[140.17773,35.66969],[140.17779,35.66968],[140.17782,35.66968],[140.17785,35.6697],[140.17793,35.66962],[140.1776,35.66942],[140.17726,35.66921],[140.17719,35.66918],[140.1769,35.66899],[140.17661,35.66882],[140.17639,35.66868],[140.17639,35.66868],[140.17631,35.66863],[140.17622,35.66857],[140.1761,35.6685],[140.17582,35.66834],[140.1758,35.66832],[140.17552,35.66815],[140.17524,35.66797],[140.17494,35.66779],[140.17452,35.66754],[140.17452,35.66754],[140.17389,35.66715],[140.17368,35.66701],[140.17346,35.66688],[140.17341,35.66685],[140.17334,35.6668],[140.17299,35.6666],[140.17299,35.6666],[140.17291,35.66669],[140.17285,35.66676],[140.17283,35.66682],[140.17283,35.66689],[140.17284,35.66698],[140.17286,35.66709],[140.17288,35.66722],[140.1729,35.66733],[140.17291,35.66736],[140.17292,35.66746],[140.17293,35.66763],[140.17294,35.66775],[140.17295,35.66783],[140.17296,35.6679],[140.17298,35.66795],[140.17302,35.66806],[140.17308,35.66814],[140.17312,35.6682],[140.17315,35.66825],[140.17319,35.6683],[140.17322,35.66836],[140.17325,35.66848],[140.17334,35.66872],[140.17351,35.66888],[140.17356,35.66899],[140.17389,35.66947],[140.17416,35.67019],[140.17445,35.67049],[140.17479,35.67072],[140.17507,35.67089],[140.1751,35.67087],[140.17514,35.67084],[140.17537,35.67065],[140.17552,35.67049],[140.17563,35.67041],[140.17576,35.67033],[140.17587,35.67017],[140.17595,35.67003],[140.17609,35.66997],[140.17618,35.66995]]]}},{"type":"Feature","properties":{"name":"さちが丘二丁目","setai":242,"jinko":556,"key":"12228028002","units":1},"geometry":{"type":"Polygon","coordinates":[[[140.17794,35.6737],[140.17779,35.67329],[140.17745,35.67331],[140.17735,35.6731],[140.17717,35.67281],[140.17694,35.67265],[140.17672,35.6723],[140.17654,35.67191],[140.17659,35.67183],[140.17626,35.67136],[140.17614,35.67131],[140.17592,35.67121],[140.17562,35.67159],[140.17549,35.67152],[140.1754,35.67147],[140.17501,35.67124],[140.17506,35.67105],[140.17505,35.67093],[140.17481,35.67082],[140.1747,35.67076],[140.17453,35.67069],[140.17441,35.67068],[140.17437,35.67096],[140.17451,35.67101],[140.17439,35.67129],[140.17456,35.67137],[140.17414,35.67173],[140.17432,35.67183],[140.17439,35.67195],[140.17444,35.67218],[140.17483,35.67214],[140.17508,35.67213],[140.17503,35.67251],[140.175,35.67277],[140.17498,35.67289],[140.17527,35.67288],[140.17546,35.67291],[140.17519,35.67313],[140.17508,35.67321],[140.17501,35.67356],[140.17528,35.67399],[140.17526,35.674],[140.17541,35.67421],[140.17544,35.67425],[140.17537,35.67431],[140.17529,35.67452],[140.1753,35.6746],[140.17533,35.67487],[140.17572,35.67465],[140.176,35.67449],[140.1763,35.67441],[140.17664,35.67437],[140.17695,35.67391],[140.17723,35.67383],[140.17777,35.67373],[140.17794,35.6737]]]}},{"type":"Feature","properties":{"name":"美しが丘一丁目","setai":537,"jinko":1281,"key":"12228029001","units":1},"geometry":{"type":"Polygon","coordinates":[[[140.16243,35.66016],[140.16257,35.66006],[140.16267,35.66015],[140.16285,35.66001],[140.16289,35.65998],[140.16334,35.65996],[140.16369,35.65951],[140.16383,35.65937],[140.16427,35.65967],[140.16422,35.65973],[140.16463,35.65977],[140.16493,35.65953],[140.16493,35.65937],[140.16534,35.65906],[140.16568,35.65891],[140.16578,35.65881],[140.16584,35.65879],[140.16621,35.65869],[140.16649,35.65862],[140.16698,35.65848],[140.167,35.6584],[140.16703,35.65833],[140.16708,35.6582],[140.16712,35.65814],[140.16717,35.65805],[140.16705,35.658],[140.16706,35.65783],[140.1669,35.65765],[140.16677,35.65774],[140.16666,35.65782],[140.16654,35.65779],[140.16634,35.65775],[140.16605,35.65742],[140.16602,35.65739],[140.1659,35.65726],[140.16585,35.65721],[140.1658,35.65715],[140.16575,35.6571],[140.16554,35.65688],[140.16551,35.65684],[140.16542,35.65678],[140.16543,35.65673],[140.16524,35.65659],[140.16522,35.65662],[140.165,35.65633],[140.16503,35.65623],[140.16494,35.65627],[140.16479,35.65647],[140.16451,35.65658],[140.16433,35.65655],[140.16428,35.65646],[140.16422,35.65636],[140.16422,35.6563],[140.16418,35.65622],[140.16414,35.65613],[140.16411,35.65606],[140.16409,35.65602],[140.16409,35.656],[140.16411,35.65598],[140.16414,35.65596],[140.16416,35.65595],[140.16439,35.65586],[140.16455,35.65579],[140.16472,35.65573],[140.16458,35.65561],[140.16446,35.6555],[140.16438,35.65543],[140.16431,35.65537],[140.16415,35.65531],[140.16388,35.65522],[140.16385,35.65518],[140.16386,35.65511],[140.16361,35.65499],[140.16353,35.65495],[140.16354,35.65494],[140.1636,35.65464],[140.16384,35.65431],[140.16455,35.65458],[140.16466,35.65441],[140.16485,35.65427],[140.16498,35.65421],[140.16491,35.65412],[140.16477,35.6542],[140.1647,35.65414],[140.16426,35.65375],[140.16447,35.65363],[140.16437,35.65364],[140.16424,35.65364],[140.16406,35.65364],[140.1639,35.65368],[140.16369,35.65374],[140.16362,35.65394],[140.16345,35.6544],[140.16328,35.65486],[140.16321,35.65506],[140.16308,35.65539],[140.16278,35.65619],[140.1627,35.65639],[140.16235,35.65732],[140.16193,35.65843],[140.16175,35.65888],[140.16154,35.65962],[140.16149,35.65982],[140.16173,35.65995],[140.16175,35.65996],[140.1621,35.66013],[140.16226,35.66003],[140.16243,35.66016]]]}},{"type":"Feature","properties":{"name":"美しが丘二丁目","setai":349,"jinko":830,"key":"12228029002","units":1},"geometry":{"type":"Polygon","coordinates":[[[140.16136,35.65983],[140.16141,35.65977],[140.16149,35.65982],[140.16154,35.65962],[140.16175,35.65888],[140.16193,35.65843],[140.16235,35.65732],[140.1627,35.65639],[140.16278,35.65619],[140.16308,35.65539],[140.16321,35.65506],[140.16328,35.65486],[140.16345,35.6544],[140.16301,35.65429],[140.16274,35.65422],[140.16256,35.6542],[140.16246,35.65421],[140.16235,35.65422],[140.16224,35.65424],[140.16214,35.65427],[140.16206,35.65431],[140.16195,35.65439],[140.1617,35.65459],[140.16138,35.65485],[140.16091,35.65524],[140.16056,35.65553],[140.16017,35.65585],[140.1598,35.65614],[140.15947,35.65642],[140.15928,35.65657],[140.15914,35.65668],[140.15887,35.65685],[140.15834,35.6572],[140.15901,35.65717],[140.1591,35.65737],[140.15921,35.65761],[140.15929,35.6576],[140.15952,35.65787],[140.15989,35.65829],[140.16011,35.65851],[140.16029,35.65868],[140.16049,35.65887],[140.16062,35.65904],[140.16093,35.65936],[140.16103,35.65945],[140.16096,35.65953],[140.16136,35.65983]]]}},{"type":"Feature","properties":{"name":"美しが丘三丁目","setai":435,"jinko":1074,"key":"12228029003","units":1},"geometry":{"type":"Polygon","coordinates":[[[140.16017,35.65585],[140.16056,35.65553],[140.16091,35.65524],[140.16138,35.65485],[140.1617,35.65459],[140.16195,35.65439],[140.16206,35.65431],[140.16214,35.65427],[140.16224,35.65424],[140.16235,35.65422],[140.16246,35.65421],[140.16256,35.6542],[140.16274,35.65422],[140.16301,35.65429],[140.16345,35.6544],[140.16362,35.65394],[140.16369,35.65374],[140.1636,35.65376],[140.16355,35.65377],[140.16353,35.65378],[140.16347,35.65384],[140.16341,35.65389],[140.16339,35.65392],[140.16333,35.65403],[140.16313,35.654],[140.16289,35.65393],[140.16299,35.6535],[140.16284,35.65351],[140.1624,35.65356],[140.1624,35.65379],[140.1614,35.65367],[140.1615,35.65312],[140.16153,35.65292],[140.16133,35.6529],[140.1612,35.65289],[140.16117,35.65309],[140.16099,35.65308],[140.16089,35.65366],[140.16064,35.6537],[140.16048,35.65375],[140.16021,35.65385],[140.16019,35.65382],[140.16012,35.65358],[140.16002,35.65358],[140.16,35.65353],[140.15973,35.65274],[140.15949,35.65269],[140.1591,35.65263],[140.15777,35.6524],[140.15745,35.65236],[140.15749,35.65274],[140.15764,35.65272],[140.15775,35.65314],[140.15737,35.65322],[140.15779,35.65443],[140.15828,35.65432],[140.15838,35.65465],[140.15854,35.65508],[140.1586,35.65529],[140.15838,35.65531],[140.15848,35.6556],[140.15849,35.65562],[140.15852,35.65569],[140.1584,35.65572],[140.15846,35.65584],[140.15856,35.6558],[140.1586,35.65594],[140.15865,35.65604],[140.15823,35.65619],[140.15817,35.65623],[140.15842,35.65674],[140.15785,35.65703],[140.15805,35.65724],[140.15814,35.65733],[140.15834,35.6572],[140.15887,35.65685],[140.15914,35.65668],[140.15928,35.65657],[140.15947,35.65642],[140.1598,35.65614],[140.16017,35.65585]]]}},{"type":"Feature","properties":{"name":"めいわ一丁目","setai":469,"jinko":1298,"key":"12228030001","units":1},"geometry":{"type":"Polygon","coordinates":[[[140.17702,35.65868],[140.17693,35.6586],[140.17672,35.65824],[140.17664,35.65811],[140.1766,35.65803],[140.17671,35.65796],[140.17674,35.65792],[140.17681,35.65785],[140.17675,35.65774],[140.17668,35.6576],[140.17641,35.65751],[140.17657,35.65673],[140.1766,35.65661],[140.17689,35.65664],[140.17712,35.65689],[140.17718,35.65715],[140.17752,35.65695],[140.1777,35.65684],[140.17779,35.65678],[140.17779,35.65678],[140.17773,35.65674],[140.17736,35.65649],[140.17727,35.65644],[140.17734,35.65633],[140.17738,35.65626],[140.17741,35.65621],[140.17748,35.65596],[140.17776,35.65599],[140.17793,35.65598],[140.178,35.65598],[140.17806,35.65596],[140.1775,35.65591],[140.17656,35.65578],[140.1752,35.65558],[140.17349,35.65547],[140.17191,35.65538],[140.17181,35.65538],[140.17098,35.65532],[140.17032,35.65522],[140.17031,35.65521],[140.17039,35.65538],[140.17053,35.65566],[140.17059,35.65578],[140.17062,35.65582],[140.17068,35.65594],[140.17072,35.65598],[140.17077,35.65602],[140.17083,35.65605],[140.17092,35.65609],[140.17093,35.65608],[140.17102,35.65614],[140.17113,35.65617],[140.17117,35.65622],[140.17127,35.65623],[140.17146,35.65631],[140.17164,35.65629],[140.17176,35.65632],[140.17175,35.65655],[140.17175,35.65659],[140.17177,35.65663],[140.17181,35.65666],[140.17197,35.65674],[140.17188,35.65696],[140.17175,35.65713],[140.17157,35.65725],[140.1716,35.65738],[140.17199,35.65772],[140.17234,35.658],[140.17249,35.65813],[140.17268,35.65837],[140.17293,35.65849],[140.17373,35.65857],[140.17393,35.65863],[140.17407,35.65866],[140.17422,35.65867],[140.17439,35.65868],[140.17453,35.65866],[140.17461,35.65865],[140.17473,35.65869],[140.17501,35.65894],[140.17517,35.65914],[140.17522,35.6592],[140.17528,35.65926],[140.17549,35.65939],[140.17563,35.65948],[140.17581,35.65979],[140.17588,35.65987],[140.17595,35.65992],[140.1761,35.65997],[140.17662,35.66012],[140.17687,35.66018],[140.17727,35.66017],[140.17731,35.65992],[140.17735,35.6597],[140.17744,35.65918],[140.17741,35.65874],[140.17714,35.65872],[140.17702,35.65868]]]}},{"type":"Feature","properties":{"name":"めいわ二丁目","setai":463,"jinko":1481,"key":"12228030002","units":1},"geometry":{"type":"Polygon","coordinates":[[[140.17812,35.65584],[140.17826,35.65557],[140.17848,35.65556],[140.1785,35.65545],[140.17813,35.65531],[140.17858,35.65436],[140.17814,35.65414],[140.17798,35.65405],[140.17783,35.65399],[140.17772,35.65396],[140.17755,35.65391],[140.17772,35.65369],[140.17779,35.65359],[140.17759,35.65345],[140.17731,35.65323],[140.17699,35.65346],[140.1769,35.65339],[140.17693,35.65332],[140.17694,35.65326],[140.1767,35.65309],[140.1767,35.65309],[140.1767,35.65309],[140.17669,35.6531],[140.17657,35.6532],[140.17655,35.65322],[140.17655,35.65322],[140.17644,35.6533],[140.17638,35.65335],[140.17629,35.65339],[140.17623,35.65343],[140.17615,35.65347],[140.17608,35.6535],[140.17602,35.65353],[140.17585,35.65358],[140.17564,35.65364],[140.17554,35.65366],[140.1754,35.65369],[140.17536,35.6537],[140.17528,35.65371],[140.17505,35.65378],[140.17505,35.65378],[140.17503,35.65378],[140.17478,35.65387],[140.17467,35.65389],[140.17466,35.65389],[140.17446,35.65391],[140.17424,35.65398],[140.17417,35.65401],[140.17417,35.65401],[140.17397,35.65394],[140.17387,35.65389],[140.17386,35.65389],[140.17384,35.65388],[140.17383,35.65388],[140.17367,35.65387],[140.17363,35.65384],[140.17314,35.65333],[140.17304,35.65326],[140.17299,35.6532],[140.17295,35.65316],[140.1729,35.65309],[140.17286,35.65305],[140.17283,35.653],[140.1728,35.65295],[140.17278,35.65291],[140.1727,35.65278],[140.17269,35.65274],[140.17266,35.65267],[140.17264,35.65261],[140.17261,35.65256],[140.17259,35.65251],[140.17257,35.65245],[140.17254,35.65239],[140.17249,35.65228],[140.17247,35.65223],[140.17243,35.65217],[140.1724,35.65209],[140.17218,35.65227],[140.17209,35.65234],[140.17205,35.65238],[140.1718,35.65262],[140.17162,35.65279],[140.1719,35.65298],[140.17154,35.65331],[140.17062,35.65263],[140.1695,35.65182],[140.16894,35.65234],[140.17018,35.65317],[140.17086,35.65362],[140.17098,35.6537],[140.17069,35.65387],[140.17049,35.65398],[140.17034,35.65404],[140.17006,35.65419],[140.1702,35.65459],[140.17022,35.65483],[140.17024,35.65493],[140.17027,35.65506],[140.17032,35.65522],[140.17098,35.65532],[140.17181,35.65538],[140.17191,35.65538],[140.17349,35.65547],[140.1752,35.65558],[140.17656,35.65578],[140.1775,35.65591],[140.17806,35.65596],[140.17812,35.65584]]]}},{"type":"Feature","properties":{"name":"めいわ三丁目","setai":613,"jinko":1912,"key":"12228030003","units":1},"geometry":{"type":"Polygon","coordinates":[[[140.16824,35.6509],[140.16741,35.65029],[140.16703,35.65001],[140.16659,35.64969],[140.16633,35.64951],[140.16613,35.64937],[140.16593,35.64923],[140.16579,35.64917],[140.16553,35.64905],[140.16517,35.64892],[140.16486,35.64883],[140.16463,35.6488],[140.16424,35.64875],[140.16404,35.64873],[140.16368,35.64868],[140.1633,35.64864],[140.16281,35.64858],[140.16223,35.64851],[140.16177,35.64845],[140.16056,35.6483],[140.16039,35.64828],[140.16021,35.64826],[140.15978,35.64821],[140.15947,35.64819],[140.15922,35.64819],[140.1589,35.64821],[140.15855,35.64824],[140.15803,35.64834],[140.15826,35.64893],[140.15838,35.64915],[140.15853,35.64933],[140.15874,35.64956],[140.15912,35.64986],[140.15927,35.64995],[140.16004,35.65035],[140.16029,35.65047],[140.1607,35.65067],[140.16133,35.65097],[140.1614,35.65088],[140.16217,35.65084],[140.16264,35.65088],[140.16262,35.65127],[140.16328,35.65135],[140.16327,35.65122],[140.16399,35.65122],[140.16464,35.65122],[140.16465,35.65122],[140.16463,35.65097],[140.16461,35.65068],[140.16495,35.65076],[140.16509,35.65082],[140.16543,35.65094],[140.16552,35.65099],[140.16589,35.65112],[140.1661,35.65066],[140.16652,35.65023],[140.16698,35.65067],[140.16725,35.65094],[140.16743,35.65079],[140.16796,35.6512],[140.16797,35.6512],[140.16823,35.65138],[140.16842,35.65149],[140.16875,35.65171],[140.16844,35.65202],[140.16894,35.65234],[140.1695,35.65182],[140.16888,35.65137],[140.16824,35.6509]]]}},{"type":"Feature","properties":{"name":"めいわ四丁目","setai":464,"jinko":1400,"key":"12228030004","units":1},"geometry":{"type":"Polygon","coordinates":[[[140.16669,35.64821],[140.16656,35.64805],[140.16653,35.64801],[140.16643,35.64789],[140.16643,35.64788],[140.16627,35.6477],[140.1662,35.64762],[140.16612,35.64753],[140.16611,35.64753],[140.16599,35.64746],[140.16598,35.64744],[140.16557,35.64708],[140.16544,35.64696],[140.16533,35.64685],[140.16531,35.64684],[140.1653,35.64682],[140.1652,35.64671],[140.16516,35.64662],[140.16508,35.64653],[140.16505,35.64649],[140.16494,35.64637],[140.16482,35.64626],[140.16466,35.64614],[140.16464,35.64613],[140.16464,35.64613],[140.16442,35.64601],[140.16436,35.64598],[140.16424,35.64592],[140.16414,35.64587],[140.16397,35.64578],[140.16383,35.64572],[140.16381,35.6457],[140.16364,35.64556],[140.16325,35.64516],[140.16321,35.64511],[140.1632,35.64511],[140.16305,35.64515],[140.16303,35.64516],[140.1628,35.64522],[140.16311,35.64554],[140.16331,35.64576],[140.16348,35.6459],[140.16377,35.64606],[140.16435,35.64637],[140.16476,35.64671],[140.16499,35.64709],[140.16422,35.64737],[140.16365,35.64755],[140.1636,35.64756],[140.16352,35.64759],[140.1634,35.64764],[140.16324,35.64766],[140.16309,35.64778],[140.16288,35.6479],[140.16254,35.6479],[140.16239,35.64789],[140.16216,35.64789],[140.16192,35.64789],[140.16177,35.64789],[140.16147,35.64787],[140.16115,35.64764],[140.161,35.64757],[140.16074,35.64754],[140.16052,35.64753],[140.16021,35.64751],[140.15982,35.6475],[140.15924,35.64748],[140.15839,35.64745],[140.15833,35.6473],[140.1582,35.64691],[140.15816,35.6469],[140.15813,35.64687],[140.15807,35.64681],[140.158,35.64673],[140.15798,35.64671],[140.15789,35.64664],[140.15775,35.64669],[140.1578,35.64695],[140.15784,35.64721],[140.15792,35.64764],[140.15801,35.64824],[140.15803,35.64834],[140.15855,35.64824],[140.1589,35.64821],[140.15922,35.64819],[140.15947,35.64819],[140.15978,35.64821],[140.16021,35.64826],[140.16039,35.64828],[140.16056,35.6483],[140.16177,35.64845],[140.16223,35.64851],[140.16281,35.64858],[140.1633,35.64864],[140.16368,35.64868],[140.16404,35.64873],[140.16424,35.64875],[140.16463,35.6488],[140.16486,35.64883],[140.16517,35.64892],[140.16553,35.64905],[140.16579,35.64917],[140.16593,35.64923],[140.16613,35.64937],[140.16633,35.64951],[140.16659,35.64969],[140.16703,35.65001],[140.16741,35.65029],[140.16824,35.6509],[140.16888,35.65137],[140.1695,35.65182],[140.17062,35.65263],[140.17154,35.65331],[140.1719,35.65298],[140.17162,35.65279],[140.1718,35.65262],[140.17205,35.65238],[140.17209,35.65234],[140.1718,35.65215],[140.17172,35.65209],[140.17168,35.65205],[140.17165,35.65203],[140.17155,35.65193],[140.17149,35.65188],[140.17142,35.65183],[140.17123,35.65169],[140.17122,35.65169],[140.17122,35.65169],[140.17103,35.65158],[140.17092,35.65152],[140.17089,35.6515],[140.17079,35.65144],[140.17077,35.65142],[140.17076,35.65141],[140.17074,35.6514],[140.1707,35.65136],[140.17041,35.65125],[140.17016,35.65111],[140.17003,35.65106],[140.16993,35.65099],[140.1699,35.65096],[140.1698,35.65087],[140.16976,35.65084],[140.16971,35.6508],[140.16968,35.65079],[140.16966,35.65077],[140.16958,35.65072],[140.16956,35.6507],[140.16955,35.65069],[140.16953,35.65067],[140.16951,35.65064],[140.16947,35.65058],[140.16947,35.65058],[140.16942,35.6505],[140.1694,35.65047],[140.16936,35.65041],[140.16931,35.65032],[140.16925,35.65022],[140.16921,35.65015],[140.16921,35.65013],[140.1692,35.65012],[140.16915,35.65004],[140.16914,35.65003],[140.16911,35.65],[140.16904,35.6499],[140.16883,35.64969],[140.16877,35.64961],[140.16872,35.64957],[140.16865,35.64952],[140.16855,35.64943],[140.16847,35.64934],[140.16844,35.64931],[140.16842,35.64929],[140.16838,35.64925],[140.16838,35.64924],[140.16838,35.64924],[140.16834,35.64919],[140.1683,35.64913],[140.16828,35.64911],[140.16826,35.64909],[140.16825,35.64909],[140.16825,35.64909],[140.16822,35.64908],[140.16817,35.64907],[140.16798,35.64905],[140.16796,35.64905],[140.16786,35.64903],[140.1678,35.64902],[140.16769,35.64899],[140.1676,35.64896],[140.16758,35.64895],[140.16757,35.64894],[140.16752,35.64892],[140.16748,35.64891],[140.16741,35.64889],[140.1674,35.64889],[140.1674,35.64889],[140.16738,35.64888],[140.16735,35.64887],[140.16725,35.64887],[140.1672,35.64886],[140.16714,35.64886],[140.16709,35.64885],[140.16706,35.64883],[140.16703,35.6488],[140.16697,35.64874],[140.16687,35.64864],[140.16685,35.64861],[140.16684,35.64855],[140.16683,35.6485],[140.1668,35.64839],[140.16674,35.64827],[140.1667,35.64822],[140.16669,35.64821]]]}},{"type":"Feature","properties":{"name":"めいわ五丁目","setai":196,"jinko":469,"key":"12228030005","units":1},"geometry":{"type":"Polygon","coordinates":[[[140.1705,35.64536],[140.17045,35.64535],[140.17023,35.64557],[140.17021,35.64559],[140.17006,35.64575],[140.17011,35.64578],[140.17014,35.6458],[140.17018,35.64583],[140.17021,35.64585],[140.17039,35.64602],[140.17039,35.64602],[140.17046,35.64609],[140.17056,35.6462],[140.17066,35.64631],[140.17075,35.64642],[140.17076,35.64643],[140.1708,35.6465],[140.17083,35.64654],[140.17085,35.64657],[140.17093,35.6467],[140.17097,35.64676],[140.171,35.6468],[140.1711,35.64694],[140.17117,35.64704],[140.1712,35.64708],[140.17126,35.64716],[140.17132,35.64723],[140.17143,35.64738],[140.17154,35.64753],[140.17154,35.64753],[140.17157,35.64757],[140.17158,35.64759],[140.17163,35.64768],[140.17168,35.64782],[140.17174,35.64797],[140.17189,35.64836],[140.17189,35.64836],[140.17194,35.64846],[140.17206,35.64871],[140.17214,35.64884],[140.17225,35.64901],[140.1723,35.64908],[140.17236,35.64918],[140.17239,35.64923],[140.17242,35.64927],[140.17247,35.64932],[140.1725,35.64936],[140.17255,35.64941],[140.17259,35.64946],[140.17264,35.64951],[140.17269,35.64957],[140.17277,35.64966],[140.17281,35.64971],[140.17285,35.64976],[140.17287,35.64979],[140.17288,35.64981],[140.17294,35.64994],[140.17301,35.65008],[140.17312,35.65035],[140.17313,35.65047],[140.17314,35.65059],[140.17315,35.65069],[140.17317,35.65107],[140.17318,35.65119],[140.17319,35.65142],[140.17322,35.65161],[140.17323,35.6517],[140.17323,35.6517],[140.17314,35.65174],[140.17309,35.65177],[140.17302,35.6518],[140.17293,35.65184],[140.17248,35.65205],[140.17247,35.65205],[140.17247,35.65206],[140.1724,35.65209],[140.17243,35.65217],[140.17247,35.65223],[140.17249,35.65228],[140.17254,35.65239],[140.17257,35.65245],[140.17259,35.65251],[140.17261,35.65256],[140.17264,35.65261],[140.17266,35.65267],[140.17269,35.65274],[140.1727,35.65278],[140.17278,35.65291],[140.1728,35.65295],[140.17283,35.653],[140.17286,35.65305],[140.1729,35.65309],[140.17295,35.65316],[140.17299,35.6532],[140.17304,35.65326],[140.17314,35.65333],[140.17363,35.65384],[140.17367,35.65387],[140.17383,35.65388],[140.17384,35.65388],[140.17383,35.65387],[140.17382,35.65384],[140.17382,35.65381],[140.1739,35.65357],[140.1739,35.65357],[140.17399,35.65327],[140.17403,35.65315],[140.17392,35.65296],[140.17391,35.65268],[140.17391,35.65261],[140.17392,35.65247],[140.17393,35.65236],[140.17394,35.65208],[140.17394,35.65197],[140.17393,35.65178],[140.17391,35.65151],[140.17391,35.65141],[140.1739,35.65134],[140.1739,35.65109],[140.1739,35.651],[140.17397,35.65082],[140.17391,35.65052],[140.17389,35.65044],[140.1738,35.65032],[140.17373,35.65022],[140.17372,35.6502],[140.17372,35.65019],[140.1737,35.65013],[140.17369,35.65009],[140.17367,35.64997],[140.17367,35.64997],[140.17363,35.64978],[140.1736,35.64949],[140.17349,35.64941],[140.17333,35.64931],[140.17323,35.64925],[140.17312,35.64914],[140.17304,35.64906],[140.17301,35.64903],[140.17294,35.64895],[140.17288,35.64888],[140.1728,35.64877],[140.17277,35.64872],[140.17271,35.6486],[140.17267,35.64852],[140.17261,35.64829],[140.17258,35.64817],[140.17257,35.64811],[140.1725,35.64793],[140.17243,35.64778],[140.17224,35.64743],[140.1722,35.64734],[140.17211,35.64722],[140.17202,35.64711],[140.17187,35.64694],[140.17179,35.64685],[140.17168,35.64675],[140.17152,35.6466],[140.17144,35.6465],[140.1713,35.64631],[140.17112,35.64606],[140.17094,35.64583],[140.17067,35.64552],[140.17057,35.64541],[140.1705,35.64536]]]}},{"type":"Feature","properties":{"name":"池花一丁目","setai":352,"jinko":1035,"key":"12228031001","units":1},"geometry":{"type":"Polygon","coordinates":[[[140.17657,35.6847],[140.17504,35.68455],[140.17499,35.68456],[140.17498,35.68458],[140.17503,35.6851],[140.17493,35.68521],[140.17494,35.68531],[140.17511,35.68617],[140.17522,35.6869],[140.175,35.68738],[140.17467,35.68804],[140.17464,35.68822],[140.17495,35.68824],[140.17549,35.68828],[140.17658,35.68836],[140.17775,35.68846],[140.17782,35.68846],[140.17785,35.68847],[140.17821,35.6885],[140.17861,35.68853],[140.17921,35.68858],[140.17894,35.68753],[140.17876,35.68738],[140.17871,35.68732],[140.17876,35.68724],[140.17878,35.68714],[140.17879,35.68706],[140.17877,35.68697],[140.17879,35.68683],[140.17881,35.68678],[140.17885,35.68673],[140.17898,35.68636],[140.17899,35.68566],[140.17911,35.6853],[140.17914,35.68519],[140.17919,35.68513],[140.17925,35.68508],[140.17926,35.68507],[140.17935,35.68485],[140.17881,35.68484],[140.17811,35.6848],[140.17742,35.68476],[140.17671,35.68471],[140.17657,35.6847]]]}},{"type":"Feature","properties":{"name":"池花二丁目","setai":258,"jinko":748,"key":"12228031002","units":1},"geometry":{"type":"Polygon","coordinates":[[[140.17759,35.69214],[140.17762,35.69213],[140.17767,35.6921],[140.17786,35.69205],[140.17806,35.69202],[140.17816,35.69201],[140.17817,35.69195],[140.17819,35.6919],[140.17844,35.6916],[140.17798,35.69142],[140.17807,35.69122],[140.17826,35.69089],[140.17849,35.6906],[140.17852,35.69058],[140.17871,35.69064],[140.17884,35.69026],[140.17902,35.68984],[140.17928,35.68956],[140.17952,35.68928],[140.17955,35.68913],[140.17958,35.68897],[140.17963,35.68861],[140.17937,35.68858],[140.17921,35.68858],[140.17861,35.68853],[140.17821,35.6885],[140.17785,35.68847],[140.17782,35.68846],[140.17775,35.68846],[140.17658,35.68836],[140.17549,35.68828],[140.17495,35.68824],[140.17464,35.68822],[140.17452,35.68874],[140.1744,35.68923],[140.17434,35.68947],[140.1743,35.68961],[140.17437,35.68962],[140.17458,35.68957],[140.17471,35.68975],[140.17493,35.69014],[140.17512,35.69006],[140.17523,35.69017],[140.17511,35.69024],[140.17502,35.69029],[140.17489,35.69035],[140.17489,35.6904],[140.17526,35.69049],[140.17525,35.69061],[140.1753,35.69063],[140.17535,35.69067],[140.17538,35.6907],[140.17544,35.69075],[140.17548,35.69078],[140.17554,35.6908],[140.17574,35.69078],[140.17571,35.69099],[140.17582,35.69122],[140.17608,35.69113],[140.17615,35.69125],[140.17616,35.69131],[140.17623,35.69129],[140.17631,35.69132],[140.17645,35.69125],[140.17651,35.69118],[140.17666,35.69114],[140.1768,35.69116],[140.17692,35.69123],[140.17696,35.69142],[140.17697,35.69188],[140.17706,35.69214],[140.17711,35.69215],[140.17717,35.69215],[140.17722,35.69214],[140.17726,35.69217],[140.1773,35.69219],[140.17734,35.69221],[140.17739,35.69222],[140.17746,35.69223],[140.17757,35.69224],[140.17757,35.69221],[140.17758,35.69217],[140.17759,35.69214]]]}},{"type":"Feature","properties":{"name":"鷹の台一丁目","setai":181,"jinko":557,"key":"12228032001","units":1},"geometry":{"type":"Polygon","coordinates":[[[140.20203,35.64407],[140.20167,35.64385],[140.20173,35.6436],[140.2018,35.64358],[140.20188,35.64353],[140.20193,35.64348],[140.20195,35.64338],[140.20198,35.64329],[140.20201,35.64323],[140.20206,35.64316],[140.20207,35.64311],[140.20206,35.64302],[140.20204,35.64298],[140.20201,35.64295],[140.20194,35.64288],[140.20185,35.64281],[140.20172,35.64274],[140.20156,35.64268],[140.20215,35.64201],[140.20221,35.64197],[140.20228,35.64193],[140.20234,35.64191],[140.20229,35.64183],[140.20223,35.64171],[140.20203,35.64137],[140.20191,35.64118],[140.20187,35.64106],[140.20201,35.64097],[140.20224,35.64082],[140.20272,35.64066],[140.20248,35.64032],[140.20333,35.63989],[140.20329,35.63986],[140.20323,35.63979],[140.20276,35.63932],[140.20236,35.63888],[140.20207,35.63857],[140.20179,35.63826],[140.20176,35.63823],[140.20139,35.63783],[140.20119,35.63763],[140.20116,35.63759],[140.20097,35.63739],[140.20077,35.63719],[140.20075,35.63716],[140.20075,35.63716],[140.20064,35.63705],[140.20059,35.63699],[140.19984,35.63616],[140.19967,35.63598],[140.19966,35.63596],[140.19955,35.63583],[140.19951,35.63579],[140.19945,35.6357],[140.19922,35.63537],[140.1992,35.63535],[140.1991,35.6352],[140.19908,35.63517],[140.19907,35.63515],[140.19903,35.63509],[140.19877,35.63466],[140.19865,35.63448],[140.19739,35.63505],[140.19734,35.63508],[140.19732,35.63509],[140.19774,35.63575],[140.19795,35.63604],[140.19798,35.63612],[140.19802,35.63618],[140.19805,35.63625],[140.19805,35.63627],[140.19806,35.63631],[140.19806,35.63636],[140.19806,35.63642],[140.19806,35.63646],[140.19806,35.63651],[140.19806,35.63655],[140.19804,35.6366],[140.19803,35.63665],[140.19802,35.6367],[140.19801,35.63673],[140.198,35.63678],[140.19798,35.6369],[140.19796,35.63699],[140.19795,35.63701],[140.19795,35.63704],[140.19794,35.63709],[140.19792,35.63718],[140.19791,35.63725],[140.19823,35.6373],[140.19868,35.63736],[140.19911,35.63742],[140.19928,35.63744],[140.19946,35.63747],[140.19965,35.6375],[140.19979,35.63765],[140.19981,35.63768],[140.19994,35.63782],[140.20063,35.63855],[140.2008,35.63874],[140.20092,35.63893],[140.20097,35.63897],[140.20108,35.63901],[140.20116,35.63902],[140.20136,35.63904],[140.20134,35.63909],[140.20131,35.63915],[140.20128,35.63924],[140.20124,35.63966],[140.20122,35.63978],[140.2012,35.63987],[140.20117,35.63996],[140.20114,35.64002],[140.2011,35.6401],[140.20101,35.64021],[140.20094,35.64029],[140.20091,35.64031],[140.20075,35.64025],[140.20067,35.64021],[140.2002,35.63998],[140.19943,35.63961],[140.19906,35.63944],[140.19895,35.63961],[140.1989,35.63967],[140.19883,35.63975],[140.19878,35.63981],[140.19874,35.63987],[140.19869,35.63992],[140.19864,35.64],[140.19861,35.64006],[140.19858,35.6401],[140.19853,35.64015],[140.19846,35.64019],[140.19836,35.64024],[140.19837,35.64027],[140.19838,35.64032],[140.1984,35.64039],[140.19842,35.64044],[140.19847,35.64052],[140.19854,35.64059],[140.19859,35.64068],[140.19855,35.64073],[140.1985,35.64079],[140.19846,35.64089],[140.19841,35.64101],[140.19832,35.64114],[140.19822,35.64125],[140.1981,35.64134],[140.19797,35.6414],[140.19779,35.6415],[140.19774,35.64154],[140.19768,35.64159],[140.19774,35.64178],[140.1978,35.64185],[140.19797,35.64199],[140.19799,35.642],[140.19801,35.64199],[140.19822,35.6419],[140.19832,35.64192],[140.19834,35.64193],[140.19835,35.64195],[140.19851,35.6421],[140.19845,35.6421],[140.19833,35.64222],[140.19845,35.64229],[140.1985,35.64233],[140.19853,35.6424],[140.19857,35.64246],[140.19865,35.64252],[140.19873,35.64256],[140.19883,35.64262],[140.19899,35.6425],[140.1991,35.64239],[140.19917,35.64234],[140.19898,35.64216],[140.19907,35.64201],[140.19929,35.64193],[140.19922,35.64169],[140.19972,35.64154],[140.19986,35.64185],[140.19993,35.64199],[140.19997,35.64208],[140.2,35.64215],[140.20002,35.64236],[140.19996,35.64254],[140.19991,35.64263],[140.19989,35.64273],[140.1999,35.64283],[140.19993,35.64295],[140.19997,35.64309],[140.19999,35.64319],[140.19996,35.64329],[140.19983,35.6434],[140.19976,35.64347],[140.19972,35.64351],[140.1996,35.64359],[140.19965,35.64364],[140.19977,35.64381],[140.1998,35.64381],[140.19984,35.64381],[140.19985,35.64378],[140.19986,35.64371],[140.19986,35.64365],[140.19989,35.64366],[140.2,35.64366],[140.20014,35.64364],[140.20018,35.64373],[140.20021,35.64381],[140.2003,35.64372],[140.20046,35.64381],[140.20059,35.64391],[140.20072,35.64379],[140.20092,35.64374],[140.20107,35.64382],[140.20116,35.64388],[140.20125,35.64394],[140.20135,35.64392],[140.20142,35.6439],[140.20147,35.6439],[140.20152,35.64388],[140.20172,35.64413],[140.20174,35.64416],[140.20179,35.64414],[140.20196,35.64409],[140.20203,35.64407]]]}},{"type":"Feature","properties":{"name":"鷹の台二丁目","setai":439,"jinko":1236,"key":"12228032002","units":1},"geometry":{"type":"Polygon","coordinates":[[[140.1958,35.63024],[140.1958,35.63024],[140.19526,35.63049],[140.19517,35.63054],[140.1947,35.63074],[140.19429,35.63092],[140.19414,35.631],[140.19398,35.6311],[140.19378,35.63121],[140.19358,35.63138],[140.19347,35.63149],[140.19331,35.63164],[140.19238,35.63255],[140.1927,35.63277],[140.19328,35.63314],[140.19362,35.63338],[140.19393,35.63359],[140.19434,35.63386],[140.19449,35.63396],[140.19452,35.63398],[140.19495,35.63427],[140.19563,35.63473],[140.19575,35.63482],[140.19616,35.63509],[140.19637,35.63519],[140.19664,35.63525],[140.19687,35.63524],[140.19711,35.63517],[140.19732,35.63509],[140.19734,35.63508],[140.19739,35.63505],[140.19865,35.63448],[140.19865,35.63448],[140.19862,35.63443],[140.19854,35.6343],[140.1985,35.63424],[140.19846,35.63417],[140.19846,35.63417],[140.19842,35.63412],[140.19786,35.63327],[140.19779,35.63315],[140.19775,35.6331],[140.19762,35.63291],[140.19744,35.63265],[140.19738,35.63256],[140.19704,35.63205],[140.19669,35.63155],[140.19667,35.63151],[140.19581,35.63024],[140.1958,35.63024]]]}},{"type":"Feature","properties":{"name":"鷹の台三丁目","setai":300,"jinko":897,"key":"12228032003","units":1},"geometry":{"type":"Polygon","coordinates":[[[140.195,35.6359],[140.19482,35.6355],[140.19533,35.63553],[140.19572,35.63544],[140.19602,35.63542],[140.19637,35.63519],[140.19616,35.63509],[140.19575,35.63482],[140.19563,35.63473],[140.19495,35.63427],[140.19452,35.63398],[140.19449,35.63396],[140.19434,35.63386],[140.19393,35.63359],[140.19362,35.63338],[140.19328,35.63314],[140.1927,35.63277],[140.19238,35.63255],[140.19205,35.63234],[140.1912,35.63176],[140.19012,35.63102],[140.18982,35.63081],[140.18946,35.63058],[140.18911,35.63035],[140.18897,35.63028],[140.18861,35.63008],[140.18845,35.63],[140.18836,35.62995],[140.18825,35.62988],[140.18816,35.62981],[140.18804,35.62994],[140.18855,35.6302],[140.18855,35.6302],[140.18919,35.63053],[140.18938,35.63071],[140.18944,35.63079],[140.18947,35.63084],[140.18956,35.63108],[140.1896,35.63119],[140.18951,35.63123],[140.18945,35.63128],[140.18937,35.6314],[140.18943,35.63145],[140.18924,35.63151],[140.18944,35.63165],[140.19002,35.63205],[140.19004,35.63209],[140.19007,35.63214],[140.19011,35.63218],[140.19021,35.63225],[140.19031,35.6323],[140.1904,35.63235],[140.19051,35.6324],[140.19058,35.63242],[140.19081,35.63258],[140.19071,35.63276],[140.19064,35.63286],[140.19055,35.63304],[140.19052,35.63309],[140.19048,35.6332],[140.19113,35.63332],[140.19115,35.63333],[140.19143,35.63349],[140.19143,35.63349],[140.19125,35.63367],[140.19116,35.6338],[140.19115,35.63382],[140.19115,35.63382],[140.19119,35.63383],[140.19133,35.63388],[140.19146,35.63393],[140.19146,35.63393],[140.192,35.63414],[140.19175,35.63494],[140.19183,35.63496],[140.19187,35.63497],[140.19198,35.63503],[140.192,35.63505],[140.19212,35.63515],[140.19224,35.63528],[140.1923,35.63535],[140.1923,35.63535],[140.19233,35.63535],[140.19238,35.63534],[140.19277,35.63558],[140.19281,35.63562],[140.19287,35.63562],[140.19447,35.63583],[140.19473,35.63586],[140.195,35.6359]]]}},{"type":"Feature","properties":{"name":"鷹の台四丁目","setai":355,"jinko":840,"key":"12228032004","units":1},"geometry":{"type":"Polygon","coordinates":[[[140.19378,35.63121],[140.19398,35.6311],[140.19414,35.631],[140.19429,35.63092],[140.1947,35.63074],[140.19517,35.63054],[140.19526,35.63049],[140.1958,35.63024],[140.1956,35.62995],[140.19556,35.62991],[140.19551,35.62983],[140.19548,35.62979],[140.19547,35.62977],[140.19541,35.62969],[140.19536,35.62961],[140.19532,35.62956],[140.19529,35.62952],[140.19524,35.62944],[140.19517,35.62934],[140.1951,35.62924],[140.19504,35.62915],[140.19504,35.62914],[140.19503,35.62913],[140.19501,35.62909],[140.195,35.62906],[140.19493,35.62894],[140.19493,35.62893],[140.1949,35.62885],[140.1949,35.62885],[140.19489,35.62882],[140.19487,35.62877],[140.19487,35.62876],[140.19485,35.62864],[140.19485,35.6286],[140.19485,35.62859],[140.19484,35.62858],[140.19485,35.62845],[140.19486,35.62839],[140.1949,35.62826],[140.1949,35.62825],[140.19492,35.62818],[140.19492,35.62818],[140.19489,35.62817],[140.19487,35.62817],[140.19474,35.62814],[140.19465,35.62812],[140.19465,35.62812],[140.19457,35.6281],[140.19454,35.62809],[140.19447,35.62806],[140.19447,35.62806],[140.19445,35.62807],[140.1938,35.6285],[140.1941,35.62901],[140.19427,35.62921],[140.19429,35.62924],[140.19354,35.62948],[140.1935,35.6295],[140.19352,35.62953],[140.19354,35.62957],[140.19349,35.62959],[140.19291,35.62976],[140.19276,35.6298],[140.19267,35.62983],[140.19266,35.63004],[140.19261,35.63022],[140.19255,35.63027],[140.19251,35.63023],[140.19243,35.63018],[140.19234,35.63027],[140.19202,35.63057],[140.19216,35.6307],[140.19207,35.63081],[140.19186,35.63108],[140.19179,35.63117],[140.19177,35.63118],[140.1915,35.63103],[140.1912,35.63062],[140.19103,35.63038],[140.19099,35.63033],[140.19096,35.6302],[140.19091,35.63005],[140.19088,35.62985],[140.19034,35.63037],[140.18993,35.62995],[140.18897,35.62931],[140.18883,35.62931],[140.18879,35.62939],[140.18872,35.62952],[140.18868,35.62965],[140.18861,35.62976],[140.18845,35.62976],[140.1884,35.62973],[140.18836,35.62972],[140.18831,35.62971],[140.18827,35.62972],[140.18824,35.62974],[140.18822,35.62975],[140.18818,35.62978],[140.18816,35.62981],[140.18825,35.62988],[140.18836,35.62995],[140.18845,35.63],[140.18861,35.63008],[140.18897,35.63028],[140.18911,35.63035],[140.18946,35.63058],[140.18982,35.63081],[140.19012,35.63102],[140.1912,35.63176],[140.19205,35.63234],[140.19238,35.63255],[140.19331,35.63164],[140.19347,35.63149],[140.19358,35.63138],[140.19378,35.63121]]]}},{"type":"Feature","properties":{"name":"もねの里一丁目","setai":67,"jinko":166,"key":"12228033001","units":1},"geometry":{"type":"Polygon","coordinates":[[[140.18495,35.68696],[140.18566,35.68602],[140.18605,35.68551],[140.18612,35.6854],[140.18616,35.68535],[140.18619,35.68531],[140.18659,35.68477],[140.18681,35.6844],[140.18694,35.68419],[140.18723,35.68372],[140.18547,35.68398],[140.18446,35.68414],[140.18301,35.68429],[140.18257,35.68431],[140.18254,35.68473],[140.18245,35.68477],[140.18245,35.68477],[140.18269,35.68499],[140.18327,35.68557],[140.18331,35.68552],[140.18357,35.68575],[140.18359,35.68578],[140.18363,35.68585],[140.18365,35.6859],[140.18339,35.68606],[140.18347,35.68613],[140.18347,35.68612],[140.18364,35.686],[140.18384,35.68637],[140.1841,35.68636],[140.1841,35.68638],[140.18402,35.68668],[140.184,35.68667],[140.18396,35.68688],[140.18383,35.68695],[140.18383,35.68695],[140.18356,35.6871],[140.18356,35.6871],[140.18366,35.6873],[140.18369,35.68737],[140.18376,35.68756],[140.18378,35.68768],[140.1838,35.68792],[140.18377,35.68819],[140.18384,35.6882],[140.184,35.6882],[140.18424,35.68788],[140.18495,35.68696]]]}},{"type":"Feature","properties":{"name":"もねの里二丁目","setai":434,"jinko":1166,"key":"12228033002","units":1},"geometry":{"type":"Polygon","coordinates":[[[140.18961,35.68852],[140.19023,35.68801],[140.19133,35.68709],[140.19154,35.68691],[140.19155,35.6869],[140.1919,35.6866],[140.19184,35.68655],[140.19183,35.68654],[140.19179,35.68651],[140.19173,35.68647],[140.19167,35.68642],[140.19158,35.68636],[140.19157,35.68635],[140.19157,35.68635],[140.19151,35.68631],[140.19117,35.68605],[140.19116,35.68604],[140.19105,35.68596],[140.19097,35.68591],[140.19094,35.68589],[140.19089,35.68587],[140.19083,35.68584],[140.19074,35.6858],[140.19069,35.68578],[140.19061,35.68576],[140.19047,35.68572],[140.19036,35.6857],[140.19026,35.68568],[140.19009,35.68569],[140.18992,35.6857],[140.18986,35.6857],[140.1898,35.68571],[140.1898,35.68571],[140.18977,35.68571],[140.18968,35.68572],[140.18959,35.68573],[140.18952,35.68574],[140.18945,35.68574],[140.1893,35.68575],[140.18909,35.68577],[140.18892,35.68579],[140.18875,35.6858],[140.18867,35.68581],[140.1885,35.68582],[140.18838,35.68582],[140.1883,35.68581],[140.1882,35.6858],[140.18817,35.6858],[140.18766,35.68572],[140.18663,35.68547],[140.18616,35.68535],[140.18612,35.6854],[140.18605,35.68551],[140.18566,35.68602],[140.18495,35.68696],[140.18424,35.68788],[140.184,35.6882],[140.18414,35.6882],[140.18455,35.68819],[140.1852,35.68895],[140.18565,35.68949],[140.18579,35.68964],[140.18659,35.69049],[140.18687,35.69079],[140.18696,35.69075],[140.18756,35.69024],[140.18796,35.68991],[140.1884,35.68954],[140.1887,35.68928],[140.18923,35.68884],[140.18961,35.68852]]]}},{"type":"Feature","properties":{"name":"もねの里三丁目","setai":480,"jinko":1436,"key":"12228033003","units":1},"geometry":{"type":"Polygon","coordinates":[[[140.19307,35.69171],[140.19312,35.69169],[140.19317,35.69167],[140.19323,35.69165],[140.1933,35.69163],[140.19333,35.69161],[140.19338,35.69159],[140.19344,35.69157],[140.19348,35.69155],[140.19353,35.69153],[140.19356,35.69151],[140.19359,35.69149],[140.19362,35.69147],[140.19364,35.69146],[140.19367,35.69144],[140.1937,35.69143],[140.19373,35.69141],[140.19378,35.69138],[140.1938,35.69136],[140.19383,35.69134],[140.19389,35.69131],[140.19393,35.69129],[140.19401,35.69125],[140.19404,35.69124],[140.1941,35.69123],[140.19422,35.69121],[140.19429,35.6912],[140.19432,35.6912],[140.19435,35.6912],[140.1944,35.6912],[140.19443,35.6912],[140.19447,35.69121],[140.19452,35.69123],[140.19454,35.69124],[140.19458,35.69125],[140.19461,35.69127],[140.19465,35.69128],[140.19468,35.69129],[140.19468,35.6913],[140.19471,35.69131],[140.19476,35.69133],[140.19479,35.69134],[140.19482,35.69136],[140.19484,35.69136],[140.19484,35.69137],[140.19491,35.69139],[140.19497,35.69142],[140.19502,35.6914],[140.19507,35.69138],[140.19521,35.6913],[140.19526,35.69128],[140.1953,35.69125],[140.19535,35.69122],[140.19541,35.69118],[140.19547,35.69114],[140.19547,35.69114],[140.19546,35.69113],[140.19541,35.69108],[140.19513,35.69082],[140.19497,35.69066],[140.19491,35.6906],[140.19491,35.6906],[140.19471,35.6904],[140.19445,35.69015],[140.19425,35.68996],[140.19409,35.68981],[140.19404,35.68976],[140.19385,35.68957],[140.19356,35.68929],[140.19354,35.68928],[140.19348,35.68922],[140.19344,35.68918],[140.19341,35.68915],[140.19334,35.68909],[140.19332,35.68907],[140.19329,35.68904],[140.19328,35.68904],[140.19325,35.689],[140.1932,35.68895],[140.1932,35.68895],[140.19315,35.68889],[140.19311,35.68883],[140.19309,35.6888],[140.19307,35.68875],[140.19305,35.68872],[140.19305,35.68871],[140.19304,35.68868],[140.19302,35.68865],[140.193,35.68859],[140.19298,35.68855],[140.19295,35.68849],[140.19294,35.68845],[140.19293,35.68842],[140.19292,35.68841],[140.19294,35.68841],[140.19274,35.68774],[140.19266,35.68751],[140.19259,35.68737],[140.19259,35.68737],[140.19256,35.68731],[140.19232,35.68693],[140.1919,35.6866],[140.19155,35.6869],[140.19154,35.68691],[140.19133,35.68709],[140.19023,35.68801],[140.18961,35.68852],[140.18923,35.68884],[140.1887,35.68928],[140.18943,35.68977],[140.19019,35.69032],[140.19055,35.69057],[140.19077,35.69072],[140.19091,35.69082],[140.19133,35.6912],[140.19144,35.6913],[140.19152,35.69138],[140.19153,35.6914],[140.19155,35.69141],[140.19162,35.69143],[140.19167,35.69145],[140.19176,35.69148],[140.19182,35.6915],[140.19188,35.69152],[140.19196,35.69155],[140.19208,35.69159],[140.19214,35.69162],[140.19221,35.69164],[140.19229,35.69166],[140.19233,35.69167],[140.19238,35.69169],[140.19243,35.69169],[140.19249,35.6917],[140.19252,35.6917],[140.19258,35.6917],[140.19262,35.6917],[140.19268,35.6917],[140.19275,35.69171],[140.1928,35.69171],[140.19286,35.69171],[140.19292,35.69171],[140.19297,35.69171],[140.19302,35.69171],[140.19307,35.69171]]]}},{"type":"Feature","properties":{"name":"もねの里四丁目","setai":265,"jinko":927,"key":"12228033004","units":1},"geometry":{"type":"Polygon","coordinates":[[[140.20091,35.6924],[140.20097,35.6923],[140.20101,35.69218],[140.20101,35.69211],[140.20096,35.69202],[140.2009,35.69193],[140.20081,35.69186],[140.20074,35.69182],[140.20054,35.69177],[140.20029,35.69172],[140.19987,35.69171],[140.19986,35.69175],[140.19987,35.69178],[140.19987,35.69179],[140.19997,35.69181],[140.19986,35.69211],[140.1996,35.69202],[140.19945,35.69198],[140.19936,35.69198],[140.19928,35.69199],[140.1992,35.69202],[140.1992,35.69202],[140.19912,35.69204],[140.19899,35.69209],[140.19889,35.69231],[140.19882,35.69231],[140.19882,35.69233],[140.1987,35.69232],[140.19866,35.6923],[140.19865,35.69228],[140.19864,35.69225],[140.19865,35.6922],[140.19876,35.69201],[140.19864,35.69201],[140.19862,35.6919],[140.1986,35.69154],[140.1986,35.69122],[140.19847,35.69121],[140.19845,35.69122],[140.19843,35.69123],[140.19842,35.69124],[140.1984,35.6913],[140.19825,35.69127],[140.19809,35.69126],[140.19799,35.69126],[140.19791,35.69122],[140.19789,35.69119],[140.19782,35.6911],[140.19785,35.69093],[140.19789,35.69093],[140.1979,35.69088],[140.19786,35.69081],[140.19787,35.69065],[140.19776,35.69064],[140.19767,35.69064],[140.19762,35.69054],[140.19761,35.69041],[140.19769,35.69014],[140.19784,35.69002],[140.19797,35.68998],[140.19795,35.68997],[140.19781,35.68993],[140.19769,35.68991],[140.19755,35.6899],[140.19736,35.68987],[140.1972,35.68984],[140.19713,35.68983],[140.19703,35.68983],[140.19688,35.68984],[140.19678,35.68985],[140.19667,35.68984],[140.19661,35.68983],[140.19661,35.68983],[140.19661,35.68976],[140.19664,35.68961],[140.19669,35.68944],[140.1967,35.68941],[140.19674,35.68934],[140.19649,35.68932],[140.19644,35.68932],[140.1965,35.68912],[140.19649,35.68895],[140.19648,35.68893],[140.19641,35.6889],[140.1964,35.68889],[140.19636,35.68885],[140.19614,35.68869],[140.19616,35.68867],[140.19607,35.68859],[140.19606,35.68859],[140.19597,35.68854],[140.19593,35.68851],[140.19584,35.68846],[140.19578,35.68847],[140.19574,35.6885],[140.19561,35.68858],[140.19541,35.6886],[140.19533,35.6886],[140.19528,35.68857],[140.19522,35.68848],[140.19523,35.68848],[140.19516,35.68837],[140.19514,35.68836],[140.19514,35.68835],[140.19513,35.68833],[140.1952,35.68824],[140.19515,35.68813],[140.19496,35.68761],[140.19453,35.68803],[140.19417,35.68795],[140.19403,35.68792],[140.19389,35.68788],[140.19389,35.68788],[140.19385,35.68786],[140.19386,35.68748],[140.19368,35.68706],[140.1937,35.68684],[140.19354,35.68689],[140.19344,35.68694],[140.19328,35.68702],[140.19259,35.68737],[140.19259,35.68737],[140.19266,35.68751],[140.19274,35.68774],[140.19294,35.68841],[140.19292,35.68841],[140.19293,35.68842],[140.19294,35.68845],[140.19295,35.68849],[140.19298,35.68855],[140.193,35.68859],[140.19302,35.68865],[140.19304,35.68868],[140.19305,35.68871],[140.19305,35.68872],[140.19307,35.68875],[140.19309,35.6888],[140.19311,35.68883],[140.19315,35.68889],[140.1932,35.68895],[140.1932,35.68895],[140.19325,35.689],[140.19328,35.68904],[140.19329,35.68904],[140.19332,35.68907],[140.19334,35.68909],[140.19341,35.68915],[140.19344,35.68918],[140.19348,35.68922],[140.19354,35.68928],[140.19356,35.68929],[140.19385,35.68957],[140.19404,35.68976],[140.19409,35.68981],[140.19425,35.68996],[140.19445,35.69015],[140.19471,35.6904],[140.19491,35.6906],[140.19491,35.6906],[140.19497,35.69066],[140.19513,35.69082],[140.19541,35.69108],[140.19546,35.69113],[140.19547,35.69114],[140.19547,35.69114],[140.19547,35.69114],[140.19573,35.69141],[140.19611,35.6918],[140.19649,35.69229],[140.19684,35.69251],[140.19728,35.69271],[140.19755,35.69284],[140.19828,35.69307],[140.19862,35.69315],[140.19885,35.69314],[140.19926,35.69314],[140.19959,35.69308],[140.20005,35.69297],[140.20039,35.69284],[140.20083,35.69264],[140.20099,35.69256],[140.20094,35.69249],[140.20091,35.6924]]]}},{"type":"Feature","properties":{"name":"もねの里五丁目","setai":229,"jinko":606,"key":"12228033005","units":1},"geometry":{"type":"Polygon","coordinates":[[[140.19354,35.68689],[140.1937,35.68684],[140.19389,35.68686],[140.19475,35.68694],[140.19516,35.68693],[140.19532,35.68689],[140.19568,35.68678],[140.19575,35.68676],[140.19566,35.68649],[140.19577,35.68647],[140.19573,35.68638],[140.19581,35.68636],[140.19573,35.68614],[140.19631,35.68604],[140.19628,35.68584],[140.19628,35.68582],[140.19635,35.68571],[140.19633,35.68564],[140.19621,35.68545],[140.19636,35.68542],[140.19635,35.68538],[140.19634,35.68535],[140.19633,35.6853],[140.19633,35.68524],[140.19635,35.68508],[140.19662,35.68497],[140.19665,35.68497],[140.19668,35.68497],[140.19672,35.68499],[140.19683,35.68506],[140.19689,35.6851],[140.19694,35.68513],[140.19698,35.68513],[140.19702,35.68514],[140.19705,35.68514],[140.19708,35.68513],[140.19714,35.68512],[140.19726,35.68508],[140.19733,35.68485],[140.19733,35.68483],[140.19738,35.68475],[140.19744,35.68453],[140.19748,35.68447],[140.1979,35.68469],[140.19794,35.68468],[140.1985,35.68513],[140.19838,35.68522],[140.19869,35.68552],[140.19894,35.68576],[140.19901,35.68583],[140.19904,35.68585],[140.19906,35.68585],[140.19914,35.68585],[140.19924,35.68611],[140.19926,35.68624],[140.19942,35.6862],[140.19956,35.68617],[140.19965,35.68616],[140.19988,35.68606],[140.2001,35.6863],[140.20025,35.6862],[140.20073,35.68647],[140.20083,35.68643],[140.20027,35.68575],[140.20023,35.68577],[140.2,35.68549],[140.19987,35.68535],[140.19962,35.68508],[140.19945,35.6849],[140.19931,35.68473],[140.19918,35.68457],[140.19909,35.6844],[140.19883,35.68409],[140.19883,35.68409],[140.1985,35.68369],[140.19821,35.68334],[140.1977,35.68271],[140.19745,35.6824],[140.19739,35.68241],[140.19683,35.68245],[140.19617,35.68251],[140.19667,35.68343],[140.19635,35.68354],[140.19565,35.68377],[140.19518,35.68395],[140.19493,35.6841],[140.19479,35.68419],[140.19449,35.68442],[140.19405,35.6848],[140.19344,35.68531],[140.19344,35.68531],[140.19314,35.68557],[140.1926,35.68602],[140.1919,35.6866],[140.19232,35.68693],[140.19256,35.68731],[140.19259,35.68737],[140.19328,35.68702],[140.19344,35.68694],[140.19354,35.68689]]]}},{"type":"Feature","properties":{"name":"もねの里六丁目","setai":110,"jinko":300,"key":"12228033006","units":1},"geometry":{"type":"Polygon","coordinates":[[[140.1926,35.68602],[140.19314,35.68557],[140.19344,35.68531],[140.19344,35.68531],[140.19405,35.6848],[140.19359,35.6848],[140.19351,35.68479],[140.1935,35.68479],[140.19364,35.68466],[140.19363,35.68457],[140.1935,35.68439],[140.19333,35.68432],[140.19314,35.68421],[140.19288,35.68416],[140.19251,35.68411],[140.19234,35.68405],[140.19208,35.68393],[140.19185,35.68385],[140.19155,35.68394],[140.19136,35.68408],[140.19132,35.6842],[140.19121,35.68429],[140.19072,35.68391],[140.19102,35.68374],[140.19119,35.68365],[140.1913,35.68353],[140.19133,35.68343],[140.19126,35.6831],[140.19021,35.68326],[140.18987,35.68331],[140.18921,35.68341],[140.18856,35.68351],[140.18798,35.68361],[140.18767,35.68366],[140.18723,35.68372],[140.18694,35.68419],[140.18681,35.6844],[140.18659,35.68477],[140.18619,35.68531],[140.18616,35.68535],[140.18663,35.68547],[140.18766,35.68572],[140.18817,35.6858],[140.1882,35.6858],[140.1883,35.68581],[140.18838,35.68582],[140.1885,35.68582],[140.18867,35.68581],[140.18875,35.6858],[140.18892,35.68579],[140.18909,35.68577],[140.1893,35.68575],[140.18945,35.68574],[140.18952,35.68574],[140.18959,35.68573],[140.18968,35.68572],[140.18977,35.68571],[140.1898,35.68571],[140.1898,35.68571],[140.18986,35.6857],[140.18992,35.6857],[140.19009,35.68569],[140.19026,35.68568],[140.19036,35.6857],[140.19047,35.68572],[140.19061,35.68576],[140.19069,35.68578],[140.19074,35.6858],[140.19083,35.68584],[140.19089,35.68587],[140.19094,35.68589],[140.19097,35.68591],[140.19105,35.68596],[140.19116,35.68604],[140.19117,35.68605],[140.19151,35.68631],[140.19157,35.68635],[140.19157,35.68635],[140.19158,35.68636],[140.19167,35.68642],[140.19173,35.68647],[140.19179,35.68651],[140.19183,35.68654],[140.19184,35.68655],[140.1919,35.6866],[140.1926,35.68602]]]}},{"type":"Feature","properties":{"name":"中央","setai":535,"jinko":1393,"key":"122280340","units":1},"geometry":{"type":"Polygon","coordinates":[[[140.16704,35.67],[140.16734,35.66892],[140.16788,35.66708],[140.16763,35.667],[140.1667,35.66681],[140.16561,35.66658],[140.16479,35.6664],[140.16444,35.66633],[140.16443,35.66635],[140.1641,35.66733],[140.16398,35.66768],[140.16382,35.66814],[140.16359,35.66883],[140.16356,35.66893],[140.16355,35.66899],[140.16345,35.66933],[140.16341,35.66947],[140.16337,35.66964],[140.16366,35.66965],[140.16387,35.66967],[140.16389,35.66942],[140.16399,35.66943],[140.16506,35.66948],[140.16506,35.66948],[140.16532,35.6695],[140.16554,35.66955],[140.16704,35.67]]]}}]}