{"type":"FeatureCollection","features":[{"type":"Feature","properties":{"name":"大釜大清水","setai":802,"jinko":2045,"key":"032160010","units":1,"m":974,"f":1071,"gk":1,"a0":184,"a1":1148,"a2":711,"a75":337,"ag":[59,56,69,93,67,76,90,87,125,175,133,146,156,177,197,125,108,64,28,10,2],"nf":2},"geometry":{"type":"Polygon","coordinates":[[[141.02338,39.76248],[141.02465,39.76214],[141.02563,39.76181],[141.02634,39.76155],[141.02711,39.76121],[141.02759,39.76092],[141.02777,39.76072],[141.02837,39.76015],[141.02865,39.7599],[141.02876,39.75975],[141.02887,39.75956],[141.02917,39.75949],[141.02942,39.75942],[141.02974,39.75927],[141.02996,39.75919],[141.03028,39.75915],[141.03079,39.75911],[141.0314,39.75908],[141.03172,39.75908],[141.03262,39.75914],[141.03304,39.75918],[141.0333,39.75921],[141.03346,39.7593],[141.0337,39.75956],[141.03341,39.7576],[141.03334,39.75687],[141.03336,39.75656],[141.03345,39.75637],[141.03365,39.75615],[141.0341,39.75604],[141.03514,39.75605],[141.03486,39.75405],[141.03469,39.75242],[141.03415,39.75232],[141.03375,39.75226],[141.0334,39.75224],[141.03275,39.75219],[141.03128,39.7521],[141.0311,39.7521],[141.03098,39.7521],[141.03082,39.75209],[141.03054,39.75201],[141.03089,39.75107],[141.03098,39.75074],[141.03105,39.75031],[141.03102,39.74969],[141.03101,39.74941],[141.03102,39.74926],[141.0311,39.74912],[141.03145,39.74893],[141.03262,39.74885],[141.03334,39.74875],[141.03431,39.74854],[141.03462,39.74844],[141.03479,39.74837],[141.03489,39.74832],[141.03492,39.74827],[141.03484,39.74815],[141.03465,39.74787],[141.0345,39.74756],[141.03436,39.74721],[141.0343,39.74699],[141.03421,39.74672],[141.03412,39.74628],[141.03489,39.74621],[141.03581,39.74609],[141.03631,39.74597],[141.03715,39.74561],[141.03806,39.74518],[141.03901,39.74469],[141.0398,39.7441],[141.04054,39.7434],[141.04081,39.7431],[141.04119,39.74259],[141.04156,39.74203],[141.042,39.74131],[141.04223,39.74076],[141.04244,39.74013],[141.04254,39.73973],[141.04256,39.73954],[141.04337,39.73948],[141.04452,39.73939],[141.04609,39.73923],[141.04676,39.7391],[141.04742,39.73887],[141.04789,39.7387],[141.04812,39.73858],[141.04835,39.73841],[141.04857,39.73819],[141.04873,39.73791],[141.04906,39.73712],[141.0494,39.73649],[141.04967,39.73606],[141.04997,39.73573],[141.0502,39.73548],[141.05039,39.73532],[141.05046,39.73525],[141.05051,39.73511],[141.05045,39.73487],[141.05032,39.73438],[141.05006,39.73374],[141.04968,39.73298],[141.04953,39.73266],[141.04959,39.73242],[141.04995,39.73199],[141.05045,39.73158],[141.05094,39.73104],[141.05175,39.73033],[141.05211,39.73009],[141.05234,39.72998],[141.05259,39.72979],[141.05266,39.72966],[141.05266,39.72946],[141.05245,39.72887],[141.05218,39.72824],[141.05201,39.72791],[141.05195,39.72754],[141.05197,39.72718],[141.05207,39.72682],[141.05222,39.72656],[141.05258,39.72606],[141.05265,39.72558],[141.05276,39.72522],[141.05284,39.72486],[141.05276,39.72394],[141.05268,39.72373],[141.05246,39.72357],[141.05224,39.72349],[141.05207,39.72348],[141.05172,39.72354],[141.05126,39.72367],[141.05106,39.7237],[141.05065,39.7237],[141.05045,39.72375],[141.05036,39.72382],[141.0503,39.72394],[141.05023,39.72427],[141.05016,39.72436],[141.04981,39.72449],[141.04964,39.72459],[141.04957,39.72468],[141.04954,39.72486],[141.04959,39.72513],[141.04954,39.72532],[141.04942,39.72541],[141.04932,39.72543],[141.04918,39.72542],[141.04887,39.72534],[141.04858,39.72525],[141.04844,39.72516],[141.04841,39.72509],[141.0483,39.72474],[141.04818,39.72433],[141.04806,39.72416],[141.04787,39.72411],[141.04766,39.7241],[141.04747,39.72412],[141.04721,39.72422],[141.04694,39.72428],[141.04665,39.7243],[141.04637,39.7243],[141.04617,39.72424],[141.04597,39.72412],[141.04569,39.72396],[141.04554,39.7239],[141.04527,39.72383],[141.04475,39.72374],[141.04423,39.72363],[141.04386,39.72352],[141.04338,39.72335],[141.04286,39.7232],[141.04255,39.72316],[141.0423,39.72317],[141.04201,39.72324],[141.04167,39.72333],[141.04114,39.72343],[141.04029,39.72365],[141.03998,39.7237],[141.03981,39.72368],[141.03965,39.72361],[141.04018,39.72284],[141.04057,39.72225],[141.0407,39.7216],[141.04061,39.72114],[141.04043,39.7207],[141.0401,39.72028],[141.03966,39.71995],[141.03935,39.71983],[141.03909,39.71965],[141.03878,39.71948],[141.03823,39.71927],[141.03779,39.71907],[141.03769,39.71895],[141.03765,39.71875],[141.03763,39.71844],[141.03715,39.71781],[141.03678,39.71743],[141.03655,39.71709],[141.03646,39.71663],[141.03644,39.71631],[141.03654,39.71592],[141.03669,39.71556],[141.03697,39.7151],[141.03704,39.71489],[141.03698,39.71465],[141.03694,39.71436],[141.03698,39.71407],[141.03706,39.71365],[141.03708,39.71326],[141.03684,39.71286],[141.03671,39.71257],[141.03658,39.71229],[141.03634,39.71178],[141.03605,39.71136],[141.03593,39.71109],[141.03596,39.71091],[141.03601,39.71059],[141.03626,39.70985],[141.03649,39.70914],[141.03652,39.70893],[141.03657,39.70882],[141.03668,39.7087],[141.0368,39.70859],[141.03688,39.7085],[141.037,39.70841],[141.03707,39.7083],[141.03709,39.70818],[141.03707,39.70802],[141.03701,39.70789],[141.03691,39.70766],[141.03683,39.70749],[141.0368,39.70733],[141.03681,39.70723],[141.03683,39.70715],[141.03686,39.70708],[141.03693,39.70701],[141.0371,39.70688],[141.03726,39.70672],[141.03734,39.70667],[141.0375,39.70664],[141.03768,39.70662],[141.03787,39.70658],[141.03807,39.70655],[141.03821,39.70649],[141.0383,39.70643],[141.03833,39.70638],[141.03836,39.70625],[141.03836,39.7062],[141.03833,39.70617],[141.03826,39.7061],[141.03825,39.70608],[141.03829,39.70602],[141.03852,39.70583],[141.0387,39.70572],[141.0388,39.70568],[141.0389,39.70566],[141.03902,39.70567],[141.03914,39.70569],[141.03936,39.70579],[141.03958,39.70586],[141.03966,39.70587],[141.03939,39.70566],[141.03934,39.70562],[141.0393,39.70555],[141.0393,39.7055],[141.03932,39.70544],[141.03944,39.70524],[141.03959,39.70512],[141.03973,39.70502],[141.0398,39.70492],[141.03982,39.70483],[141.03982,39.70476],[141.03978,39.70433],[141.03976,39.70429],[141.03971,39.70426],[141.03966,39.70425],[141.03958,39.70427],[141.03942,39.70435],[141.03921,39.70442],[141.03913,39.70445],[141.03903,39.70446],[141.03897,39.70446],[141.0389,39.70444],[141.03885,39.70443],[141.03877,39.70447],[141.03858,39.70456],[141.03851,39.70463],[141.0382,39.70496],[141.03805,39.70511],[141.03781,39.70523],[141.03758,39.70535],[141.03748,39.7054],[141.03734,39.70541],[141.03713,39.70541],[141.03712,39.70544],[141.03708,39.70547],[141.03691,39.70552],[141.03674,39.70557],[141.03662,39.70563],[141.03644,39.70573],[141.03633,39.70577],[141.03619,39.70581],[141.03606,39.70581],[141.03595,39.70578],[141.03579,39.70571],[141.03562,39.70562],[141.03552,39.70554],[141.03533,39.70535],[141.03518,39.70518],[141.03508,39.70504],[141.03503,39.70498],[141.03498,39.70495],[141.03491,39.70492],[141.0348,39.70491],[141.03471,39.70492],[141.03455,39.70497],[141.03441,39.70504],[141.03419,39.70517],[141.03395,39.70534],[141.03361,39.70554],[141.03353,39.70557],[141.03341,39.7056],[141.0331,39.70558],[141.03287,39.70556],[141.03281,39.70554],[141.03278,39.7055],[141.03278,39.70544],[141.03279,39.70534],[141.03279,39.70528],[141.03275,39.70521],[141.03264,39.70514],[141.03247,39.70508],[141.03224,39.70507],[141.0321,39.70509],[141.032,39.70512],[141.0319,39.70521],[141.03186,39.70526],[141.03185,39.70533],[141.03186,39.7054],[141.03187,39.70552],[141.03181,39.70561],[141.03164,39.70578],[141.03154,39.70584],[141.03146,39.70585],[141.03139,39.70583],[141.03131,39.70576],[141.03125,39.70564],[141.03123,39.70558],[141.03127,39.70539],[141.03128,39.70531],[141.03126,39.70526],[141.03119,39.7052],[141.03108,39.70515],[141.03096,39.7051],[141.0308,39.70506],[141.03069,39.70506],[141.03063,39.70506],[141.03056,39.70507],[141.03046,39.7051],[141.03035,39.70515],[141.03009,39.70532],[141.02968,39.70559],[141.02948,39.70573],[141.0294,39.70578],[141.02933,39.70582],[141.02925,39.70584],[141.02909,39.70583],[141.02879,39.7058],[141.02869,39.7058],[141.02852,39.70581],[141.02835,39.70584],[141.02823,39.70584],[141.02809,39.70581],[141.028,39.70577],[141.02796,39.70571],[141.0279,39.70559],[141.02788,39.70543],[141.02783,39.70511],[141.02781,39.70506],[141.0277,39.70496],[141.02765,39.70493],[141.02761,39.70492],[141.02754,39.70491],[141.02726,39.70491],[141.02691,39.70489],[141.02683,39.7049],[141.02671,39.70492],[141.02661,39.70495],[141.02653,39.70498],[141.02643,39.70499],[141.0263,39.70499],[141.02605,39.70494],[141.02596,39.70492],[141.0259,39.70494],[141.02582,39.70496],[141.0257,39.70495],[141.0254,39.70488],[141.02534,39.70488],[141.02528,39.70488],[141.0252,39.70491],[141.02509,39.70501],[141.02499,39.70511],[141.02492,39.70517],[141.0248,39.70525],[141.0247,39.70528],[141.02463,39.70529],[141.02449,39.70528],[141.02414,39.70518],[141.024,39.70515],[141.02386,39.70513],[141.02378,39.70513],[141.02369,39.70514],[141.02365,39.70516],[141.02365,39.70518],[141.02371,39.70522],[141.02377,39.70528],[141.0238,39.70534],[141.02381,39.70543],[141.02385,39.70552],[141.0239,39.70569],[141.02389,39.70577],[141.02387,39.70581],[141.02382,39.70584],[141.02372,39.70585],[141.02338,39.70585],[141.02315,39.70587],[141.02304,39.7059],[141.02298,39.70594],[141.02294,39.706],[141.02294,39.70606],[141.02295,39.70611],[141.02299,39.70617],[141.02316,39.70636],[141.0232,39.70643],[141.0232,39.70647],[141.02317,39.70651],[141.02313,39.70651],[141.02306,39.70652],[141.02282,39.70644],[141.02255,39.70637],[141.02246,39.70635],[141.02226,39.70637],[141.02219,39.70641],[141.02215,39.70647],[141.02213,39.70651],[141.02213,39.70659],[141.02216,39.70666],[141.02233,39.70696],[141.02235,39.70703],[141.02234,39.70704],[141.02227,39.70707],[141.02211,39.70711],[141.02189,39.70717],[141.02178,39.70723],[141.02163,39.70732],[141.02155,39.70739],[141.02149,39.70746],[141.02147,39.7075],[141.02144,39.70757],[141.02143,39.70763],[141.02143,39.70773],[141.02142,39.70785],[141.02144,39.70793],[141.0215,39.70806],[141.02156,39.7081],[141.0216,39.70814],[141.02164,39.70823],[141.02164,39.70827],[141.02161,39.70829],[141.02157,39.70832],[141.02149,39.70833],[141.02143,39.7084],[141.02135,39.70849],[141.02132,39.70851],[141.02109,39.70853],[141.02102,39.70854],[141.02093,39.7086],[141.02087,39.70865],[141.02086,39.7087],[141.02089,39.70875],[141.02093,39.7088],[141.02099,39.70883],[141.02104,39.70894],[141.02103,39.70902],[141.02098,39.70912],[141.02092,39.70918],[141.02084,39.70932],[141.02081,39.70939],[141.02081,39.70944],[141.02082,39.70947],[141.02086,39.70951],[141.02104,39.7096],[141.02117,39.70966],[141.02124,39.70972],[141.02129,39.70987],[141.02129,39.70994],[141.02129,39.71021],[141.02129,39.71088],[141.02132,39.71103],[141.02132,39.7111],[141.02129,39.71116],[141.02127,39.7113],[141.02125,39.71139],[141.0212,39.71146],[141.02114,39.71151],[141.02101,39.71157],[141.02088,39.71165],[141.02085,39.71171],[141.02087,39.71177],[141.02097,39.71181],[141.02109,39.71183],[141.02118,39.71186],[141.02125,39.71189],[141.02133,39.71198],[141.02136,39.71203],[141.02133,39.71208],[141.02127,39.7121],[141.02119,39.71209],[141.0211,39.71203],[141.02104,39.712],[141.021,39.712],[141.02094,39.71201],[141.02089,39.71203],[141.02084,39.71208],[141.02082,39.71215],[141.0208,39.71232],[141.0208,39.71233],[141.02084,39.71252],[141.02088,39.71263],[141.02091,39.71267],[141.02098,39.71271],[141.02112,39.71274],[141.02123,39.71275],[141.02134,39.71277],[141.02144,39.71285],[141.0215,39.71293],[141.02152,39.71299],[141.0215,39.71302],[141.02145,39.71303],[141.02137,39.71302],[141.02111,39.71295],[141.02104,39.71294],[141.02098,39.71295],[141.02094,39.71299],[141.02095,39.71304],[141.021,39.71313],[141.02104,39.71324],[141.02104,39.71332],[141.02103,39.71337],[141.02102,39.71343],[141.02102,39.71348],[141.02109,39.71368],[141.02109,39.71375],[141.02105,39.71383],[141.021,39.71387],[141.02084,39.71394],[141.02076,39.71399],[141.02072,39.71402],[141.02068,39.71408],[141.02067,39.71416],[141.02069,39.71421],[141.02076,39.71426],[141.02085,39.71431],[141.02095,39.71433],[141.02101,39.7143],[141.02106,39.71428],[141.02111,39.71429],[141.02114,39.71434],[141.02113,39.71438],[141.02117,39.71439],[141.02121,39.71439],[141.02124,39.71438],[141.02128,39.71431],[141.02131,39.71424],[141.02134,39.7142],[141.02142,39.71419],[141.02149,39.71419],[141.02161,39.71421],[141.02169,39.71424],[141.02173,39.71428],[141.02173,39.71433],[141.02171,39.71437],[141.02162,39.71444],[141.02151,39.71453],[141.02149,39.71458],[141.0215,39.71463],[141.02163,39.71476],[141.02167,39.71481],[141.02168,39.71486],[141.02163,39.71493],[141.02157,39.71498],[141.02151,39.71499],[141.02144,39.71499],[141.02133,39.71498],[141.02098,39.7149],[141.0209,39.71489],[141.02084,39.7149],[141.02083,39.71493],[141.02082,39.71498],[141.02084,39.71502],[141.02089,39.71506],[141.02097,39.71515],[141.02101,39.7152],[141.02102,39.71525],[141.02102,39.71534],[141.02098,39.71537],[141.02093,39.71539],[141.02087,39.7154],[141.02067,39.71532],[141.02044,39.71518],[141.02038,39.71516],[141.02032,39.71515],[141.02027,39.71516],[141.02016,39.71521],[141.02012,39.71525],[141.02013,39.7153],[141.02017,39.71538],[141.0202,39.71544],[141.02022,39.71554],[141.02022,39.71561],[141.02018,39.71565],[141.02011,39.71567],[141.02004,39.71563],[141.01998,39.71554],[141.01995,39.71551],[141.01991,39.7155],[141.01978,39.71551],[141.0197,39.71553],[141.01967,39.71555],[141.01967,39.71558],[141.01968,39.71566],[141.01968,39.71572],[141.01968,39.71575],[141.01965,39.71577],[141.01962,39.71576],[141.01953,39.71573],[141.01948,39.71571],[141.01944,39.71572],[141.01939,39.71572],[141.01934,39.71575],[141.01922,39.7158],[141.01909,39.71585],[141.01884,39.7159],[141.01872,39.71594],[141.01867,39.71597],[141.01869,39.71603],[141.01872,39.71608],[141.01882,39.71615],[141.01887,39.7162],[141.01891,39.71626],[141.01893,39.71635],[141.01898,39.71675],[141.01891,39.71677],[141.01883,39.71676],[141.0186,39.71667],[141.01852,39.71664],[141.01843,39.71663],[141.0184,39.71665],[141.01837,39.71668],[141.0184,39.71673],[141.01843,39.71678],[141.0185,39.7168],[141.01868,39.71683],[141.01874,39.71686],[141.0188,39.71692],[141.01879,39.71697],[141.01877,39.71703],[141.01873,39.71705],[141.01865,39.71705],[141.01853,39.71704],[141.01835,39.71696],[141.0182,39.7169],[141.01798,39.71683],[141.01778,39.71678],[141.01759,39.71669],[141.01747,39.71665],[141.01741,39.71665],[141.01727,39.71666],[141.01715,39.71668],[141.01706,39.71666],[141.01702,39.71662],[141.01705,39.71657],[141.01721,39.71642],[141.01728,39.71634],[141.01729,39.71625],[141.01726,39.7162],[141.01721,39.71618],[141.01707,39.71616],[141.01699,39.71616],[141.01691,39.71617],[141.01686,39.7162],[141.01685,39.71623],[141.01684,39.71631],[141.01686,39.7164],[141.01685,39.71646],[141.01683,39.71654],[141.01679,39.71661],[141.01673,39.71665],[141.01666,39.71666],[141.01637,39.71664],[141.01616,39.71663],[141.01609,39.71665],[141.01603,39.71669],[141.01599,39.71674],[141.016,39.71679],[141.01603,39.71683],[141.01613,39.71686],[141.01631,39.71687],[141.01646,39.71689],[141.01651,39.71691],[141.01652,39.71694],[141.0165,39.71697],[141.01642,39.71703],[141.01635,39.71707],[141.01631,39.71714],[141.01632,39.7172],[141.01638,39.71727],[141.01653,39.71737],[141.01658,39.71742],[141.01658,39.71746],[141.01658,39.71752],[141.01655,39.71758],[141.01651,39.71761],[141.01642,39.71765],[141.01635,39.71766],[141.01619,39.71766],[141.01603,39.71763],[141.01597,39.71763],[141.01593,39.71764],[141.01592,39.71768],[141.01592,39.71772],[141.0159,39.71778],[141.01587,39.71783],[141.01584,39.7179],[141.01583,39.71797],[141.01584,39.718],[141.01588,39.71804],[141.01601,39.71812],[141.01603,39.71815],[141.01606,39.7182],[141.0161,39.71825],[141.01614,39.7183],[141.01622,39.71838],[141.01627,39.71844],[141.0163,39.7185],[141.01629,39.71856],[141.01628,39.71876],[141.01628,39.71885],[141.01632,39.71899],[141.01639,39.7192],[141.0166,39.71963],[141.01671,39.71986],[141.01684,39.72022],[141.01689,39.72044],[141.01695,39.72057],[141.01699,39.72063],[141.01705,39.72068],[141.01728,39.72081],[141.01748,39.7209],[141.0175,39.72096],[141.01755,39.72111],[141.01754,39.72125],[141.01752,39.72131],[141.01749,39.72135],[141.01743,39.72138],[141.01731,39.72142],[141.01713,39.72148],[141.01707,39.72152],[141.01704,39.72155],[141.01705,39.72159],[141.01709,39.72169],[141.01714,39.72176],[141.01724,39.72188],[141.01735,39.72199],[141.01737,39.72205],[141.01738,39.72216],[141.01738,39.72226],[141.01739,39.72236],[141.01746,39.72254],[141.01748,39.72262],[141.01748,39.72268],[141.01745,39.72275],[141.01737,39.72288],[141.01728,39.72297],[141.01717,39.72304],[141.01707,39.72309],[141.01697,39.72312],[141.01667,39.72312],[141.01659,39.72314],[141.01657,39.72317],[141.01657,39.7232],[141.0166,39.72324],[141.0167,39.72337],[141.01676,39.72349],[141.01689,39.72374],[141.0169,39.72384],[141.01689,39.72392],[141.01689,39.72395],[141.01693,39.724],[141.01696,39.72402],[141.01702,39.72403],[141.01711,39.72401],[141.01715,39.72402],[141.01717,39.72403],[141.01717,39.72409],[141.01712,39.72426],[141.01709,39.72432],[141.01704,39.72444],[141.017,39.72456],[141.01699,39.72465],[141.01698,39.72478],[141.01699,39.72495],[141.01698,39.72509],[141.01695,39.72533],[141.01695,39.72543],[141.01696,39.72555],[141.01696,39.72563],[141.01695,39.72568],[141.01692,39.72576],[141.01693,39.72582],[141.01698,39.72609],[141.01707,39.72626],[141.01716,39.72638],[141.01721,39.72648],[141.01724,39.72656],[141.01725,39.72661],[141.01724,39.72664],[141.01718,39.72687],[141.01715,39.72691],[141.0171,39.72696],[141.01708,39.727],[141.01708,39.72703],[141.01709,39.72707],[141.01711,39.72712],[141.01712,39.72716],[141.01711,39.72718],[141.01709,39.7272],[141.01705,39.72722],[141.01698,39.72725],[141.0168,39.7273],[141.01674,39.72733],[141.0167,39.72737],[141.01668,39.72741],[141.01668,39.72747],[141.01668,39.72752],[141.0167,39.72756],[141.01674,39.72765],[141.0168,39.72786],[141.01682,39.72792],[141.0168,39.72798],[141.0168,39.7282],[141.01681,39.72829],[141.01682,39.72832],[141.01691,39.72839],[141.01698,39.72847],[141.01699,39.72851],[141.01697,39.72855],[141.01694,39.72857],[141.01684,39.7286],[141.0168,39.72862],[141.01678,39.72864],[141.01678,39.72868],[141.01682,39.72873],[141.01686,39.72876],[141.0169,39.72877],[141.01696,39.72877],[141.01705,39.72874],[141.01709,39.72874],[141.01712,39.72876],[141.01715,39.7288],[141.01717,39.72885],[141.01716,39.7289],[141.01712,39.72896],[141.01707,39.72904],[141.01706,39.72907],[141.01706,39.72911],[141.01716,39.72929],[141.01722,39.72939],[141.01724,39.72947],[141.01724,39.7295],[141.01722,39.72954],[141.0172,39.72958],[141.01716,39.72962],[141.01706,39.72968],[141.01699,39.72972],[141.01693,39.72975],[141.01692,39.72977],[141.01693,39.72979],[141.01694,39.72985],[141.01696,39.7299],[141.01695,39.72995],[141.01693,39.72999],[141.01689,39.73006],[141.01686,39.73012],[141.01682,39.73015],[141.01673,39.73017],[141.01667,39.73018],[141.01665,39.73022],[141.01663,39.73029],[141.0166,39.73031],[141.01658,39.73035],[141.01657,39.7304],[141.01654,39.73049],[141.01649,39.73055],[141.01649,39.7306],[141.01649,39.73065],[141.01654,39.73075],[141.01655,39.73082],[141.01652,39.73089],[141.01642,39.73103],[141.01637,39.73106],[141.01629,39.73108],[141.01622,39.7311],[141.01619,39.73114],[141.01618,39.7312],[141.01617,39.73132],[141.01615,39.73139],[141.01611,39.73144],[141.01605,39.73146],[141.01588,39.73153],[141.01577,39.7316],[141.01569,39.73169],[141.01565,39.73176],[141.01564,39.73185],[141.01567,39.73191],[141.01573,39.73198],[141.01577,39.73203],[141.01576,39.73208],[141.01573,39.73215],[141.01568,39.7322],[141.01557,39.73223],[141.01538,39.73231],[141.01531,39.73235],[141.01522,39.73243],[141.01515,39.73254],[141.01508,39.73272],[141.01501,39.73303],[141.01494,39.73348],[141.01494,39.73362],[141.01501,39.7339],[141.015,39.73399],[141.01498,39.73414],[141.01493,39.73429],[141.01488,39.73442],[141.01481,39.73451],[141.01469,39.73461],[141.01445,39.73475],[141.01431,39.73485],[141.01425,39.73495],[141.01422,39.73508],[141.0142,39.73534],[141.01421,39.73548],[141.01431,39.73565],[141.01442,39.7358],[141.01461,39.73601],[141.01468,39.73611],[141.01469,39.73619],[141.01468,39.73628],[141.01464,39.73637],[141.01457,39.73654],[141.01453,39.7366],[141.01449,39.73661],[141.01431,39.73661],[141.01419,39.73663],[141.01414,39.73666],[141.0141,39.73671],[141.01406,39.73683],[141.01406,39.73697],[141.01406,39.73716],[141.01406,39.73739],[141.01404,39.73773],[141.01395,39.73833],[141.01393,39.73882],[141.01392,39.73919],[141.01392,39.73925],[141.01396,39.73931],[141.01407,39.73938],[141.01415,39.73944],[141.01422,39.73952],[141.01432,39.73964],[141.01469,39.74009],[141.01501,39.74042],[141.01517,39.74063],[141.01523,39.74074],[141.01528,39.74097],[141.01519,39.74107],[141.01528,39.74122],[141.01541,39.7413],[141.01547,39.74134],[141.01552,39.74148],[141.01559,39.74161],[141.01572,39.74169],[141.01589,39.74174],[141.01612,39.74173],[141.01631,39.74174],[141.0166,39.74183],[141.01669,39.7419],[141.01671,39.74196],[141.0167,39.74205],[141.01657,39.74259],[141.01652,39.74264],[141.01624,39.74287],[141.01613,39.74302],[141.0161,39.74312],[141.0161,39.74322],[141.01616,39.74333],[141.0163,39.74343],[141.01633,39.7435],[141.01637,39.74364],[141.01643,39.74381],[141.01645,39.744],[141.01649,39.74408],[141.01659,39.74419],[141.01701,39.74455],[141.01747,39.7451],[141.01756,39.74524],[141.01772,39.74537],[141.0183,39.74589],[141.01855,39.74606],[141.01924,39.74609],[141.01954,39.74613],[141.01968,39.74617],[141.01991,39.74629],[141.02023,39.7465],[141.01992,39.74683],[141.01992,39.74689],[141.01996,39.74695],[141.02005,39.74704],[141.02014,39.74714],[141.02026,39.74738],[141.02039,39.74766],[141.02043,39.74787],[141.02048,39.74835],[141.02051,39.74845],[141.02061,39.74853],[141.02077,39.74866],[141.02089,39.74882],[141.02095,39.74894],[141.02102,39.74919],[141.02103,39.74942],[141.02103,39.7498],[141.02088,39.7507],[141.0208,39.75121],[141.02067,39.75176],[141.02063,39.75221],[141.02063,39.75278],[141.02064,39.75307],[141.0203,39.75473],[141.02022,39.7549],[141.02005,39.75512],[141.01977,39.75663],[141.02107,39.75854],[141.02125,39.75886],[141.02134,39.7591],[141.02137,39.75932],[141.02132,39.75959],[141.02114,39.75993],[141.02088,39.76021],[141.02041,39.7607],[141.02,39.76071],[141.01995,39.76107],[141.01996,39.76124],[141.01996,39.76142],[141.01999,39.7616],[141.02041,39.76262],[141.0211,39.7624],[141.02145,39.76272],[141.02146,39.76284],[141.02239,39.7627],[141.02338,39.76248]]]}},{"type":"Feature","properties":{"name":"大釜高森","setai":291,"jinko":836,"key":"03216002002","units":1,"m":410,"f":426,"gk":2,"a0":70,"a1":440,"a2":324,"a75":159,"ag":[19,18,33,40,30,22,29,41,45,58,74,44,57,73,92,77,59,8,9,6,0],"nf":2},"geometry":{"type":"Polygon","coordinates":[[[141.0456,39.71482],[141.0459,39.71475],[141.04618,39.71483],[141.04637,39.71485],[141.04648,39.71476],[141.04678,39.71452],[141.04703,39.71441],[141.04729,39.71443],[141.04775,39.71461],[141.0482,39.71477],[141.04872,39.71492],[141.04908,39.71494],[141.04949,39.71492],[141.04978,39.7149],[141.04965,39.71443],[141.04962,39.71427],[141.04962,39.71407],[141.04962,39.71389],[141.04962,39.71373],[141.04963,39.7135],[141.04963,39.71336],[141.04963,39.71324],[141.04963,39.71311],[141.04963,39.71293],[141.04964,39.71258],[141.04964,39.71228],[141.04964,39.71206],[141.04967,39.71192],[141.04973,39.71168],[141.04978,39.71147],[141.04982,39.71128],[141.04987,39.71109],[141.04991,39.71093],[141.04996,39.71073],[141.05,39.71053],[141.05005,39.71036],[141.05009,39.71018],[141.05014,39.70997],[141.05017,39.70984],[141.05018,39.70979],[141.0502,39.70964],[141.0503,39.70943],[141.05039,39.70923],[141.05045,39.70903],[141.05051,39.70885],[141.05056,39.70868],[141.0506,39.70856],[141.05064,39.70849],[141.05066,39.70844],[141.05068,39.70841],[141.05071,39.70836],[141.05076,39.70831],[141.05081,39.70826],[141.05087,39.7082],[141.05096,39.70811],[141.05107,39.70801],[141.05121,39.70788],[141.0513,39.7078],[141.0514,39.7077],[141.05148,39.7076],[141.05154,39.70754],[141.05161,39.70743],[141.05164,39.70738],[141.05165,39.70737],[141.05168,39.70733],[141.0518,39.70723],[141.05184,39.70717],[141.05187,39.70712],[141.0519,39.70708],[141.05191,39.70704],[141.05191,39.70702],[141.05192,39.7069],[141.05193,39.70678],[141.05194,39.70668],[141.05196,39.70661],[141.05197,39.70654],[141.05198,39.70649],[141.05199,39.70645],[141.052,39.70641],[141.05202,39.70637],[141.05204,39.70633],[141.05211,39.70619],[141.05216,39.70609],[141.0522,39.70597],[141.05225,39.7058],[141.05227,39.70569],[141.05228,39.70551],[141.0523,39.70532],[141.05231,39.70528],[141.05232,39.70526],[141.05239,39.70517],[141.05247,39.70506],[141.0525,39.70503],[141.05251,39.70501],[141.05252,39.70498],[141.05252,39.70496],[141.05252,39.70494],[141.05251,39.70491],[141.05249,39.70485],[141.05247,39.70481],[141.05246,39.70476],[141.05245,39.70471],[141.05245,39.70469],[141.05245,39.70466],[141.05246,39.70463],[141.05247,39.70461],[141.05257,39.70446],[141.05273,39.70421],[141.05283,39.70406],[141.05286,39.70391],[141.05297,39.70392],[141.0534,39.70389],[141.05372,39.70388],[141.05392,39.70392],[141.05423,39.70401],[141.05486,39.70422],[141.0551,39.7043],[141.05531,39.70439],[141.05545,39.70449],[141.05565,39.70459],[141.05581,39.70468],[141.05596,39.70468],[141.05605,39.70466],[141.05625,39.70463],[141.05642,39.70463],[141.05676,39.70467],[141.05699,39.70467],[141.05714,39.7046],[141.05732,39.70438],[141.05739,39.70433],[141.05744,39.70432],[141.05755,39.70431],[141.05764,39.70429],[141.05777,39.70423],[141.05789,39.70414],[141.05795,39.70407],[141.05801,39.70396],[141.05807,39.70387],[141.05812,39.70385],[141.05819,39.70383],[141.05828,39.70382],[141.0584,39.70384],[141.05949,39.70403],[141.06074,39.70427],[141.06213,39.70453],[141.06223,39.70422],[141.06231,39.70399],[141.06241,39.70382],[141.06258,39.70359],[141.06269,39.70346],[141.06272,39.70337],[141.0627,39.70322],[141.06265,39.70296],[141.06266,39.70281],[141.06292,39.70202],[141.06319,39.70121],[141.06339,39.70072],[141.06353,39.70049],[141.06286,39.70032],[141.06215,39.70011],[141.06328,39.69771],[141.06357,39.69714],[141.06297,39.69701],[141.06242,39.69683],[141.06196,39.69669],[141.06121,39.69641],[141.06065,39.69615],[141.06023,39.69599],[141.05995,39.69584],[141.05937,39.69567],[141.05899,39.69553],[141.05859,39.6954],[141.05807,39.69519],[141.05763,39.69501],[141.05745,39.69492],[141.0571,39.69478],[141.05668,39.69459],[141.05625,39.69445],[141.05597,39.69434],[141.05556,39.6942],[141.05521,39.69404],[141.05458,39.69375],[141.05396,39.69344],[141.05348,39.69312],[141.0531,39.69282],[141.05274,39.69251],[141.05221,39.69206],[141.05174,39.69164],[141.05123,39.69126],[141.05078,39.69097],[141.05026,39.69068],[141.04965,39.69041],[141.04905,39.69022],[141.04874,39.69016],[141.04828,39.69008],[141.04804,39.69005],[141.04766,39.69005],[141.04718,39.69009],[141.04676,39.69017],[141.04672,39.69019],[141.04633,39.69033],[141.04595,39.69058],[141.04547,39.69106],[141.04496,39.69178],[141.04468,39.6921],[141.04434,39.69237],[141.04306,39.69303],[141.04223,39.69341],[141.04077,39.69399],[141.0396,39.69441],[141.0393,39.69461],[141.03859,39.69519],[141.03815,39.69556],[141.03773,39.69608],[141.03747,39.69645],[141.03716,39.69701],[141.03699,39.69738],[141.03656,39.69847],[141.0364,39.69888],[141.03615,39.69932],[141.03591,39.69962],[141.03563,39.69987],[141.0352,39.70018],[141.03491,39.70034],[141.03463,39.70045],[141.03425,39.70054],[141.03373,39.70061],[141.03225,39.70061],[141.03195,39.70059],[141.03175,39.70053],[141.03145,39.70037],[141.03142,39.70041],[141.031,39.70094],[141.02993,39.70168],[141.02996,39.7017],[141.03025,39.70177],[141.03065,39.70184],[141.03128,39.70193],[141.032,39.70204],[141.0327,39.70215],[141.03332,39.70221],[141.03395,39.70225],[141.03465,39.70224],[141.03599,39.70217],[141.0388,39.70212],[141.03997,39.70207],[141.04031,39.70204],[141.04108,39.70201],[141.0427,39.70191],[141.04283,39.70188],[141.0431,39.70182],[141.04358,39.70174],[141.04433,39.70201],[141.04427,39.70218],[141.04421,39.70221],[141.0441,39.70226],[141.04399,39.70228],[141.04391,39.70229],[141.04377,39.70232],[141.04362,39.70238],[141.04355,39.70241],[141.04347,39.70249],[141.04335,39.70261],[141.04328,39.70267],[141.04323,39.70274],[141.04323,39.70277],[141.04328,39.70293],[141.04323,39.703],[141.04284,39.70286],[141.04271,39.70289],[141.04263,39.70291],[141.04262,39.70292],[141.04261,39.70292],[141.04254,39.70294],[141.04242,39.70297],[141.04223,39.70301],[141.04188,39.70302],[141.04173,39.70301],[141.04163,39.70299],[141.04152,39.70293],[141.04144,39.70292],[141.04135,39.70292],[141.04126,39.70295],[141.04115,39.703],[141.04105,39.70305],[141.04102,39.70308],[141.04101,39.70313],[141.04098,39.70322],[141.04096,39.70327],[141.04084,39.70345],[141.04078,39.70355],[141.04068,39.70366],[141.04056,39.70379],[141.04046,39.70389],[141.04039,39.70395],[141.04032,39.70398],[141.04027,39.70402],[141.04023,39.70407],[141.04019,39.70411],[141.04015,39.70412],[141.04011,39.70412],[141.04005,39.70408],[141.04002,39.70401],[141.03996,39.70388],[141.03993,39.7038],[141.03992,39.70372],[141.03994,39.70361],[141.03999,39.70349],[141.03998,39.70343],[141.03994,39.70335],[141.03992,39.70331],[141.03989,39.7033],[141.03982,39.7033],[141.03968,39.70334],[141.03954,39.70337],[141.03938,39.70343],[141.0392,39.7035],[141.03902,39.70359],[141.03887,39.70366],[141.03875,39.70375],[141.03861,39.70388],[141.03851,39.70398],[141.03846,39.70406],[141.03841,39.70412],[141.03841,39.70418],[141.03842,39.70427],[141.03841,39.70433],[141.03833,39.70452],[141.03824,39.70468],[141.03814,39.70483],[141.03807,39.70489],[141.03788,39.70504],[141.0377,39.70512],[141.03744,39.70521],[141.03731,39.70525],[141.03723,39.70526],[141.03718,39.7053],[141.03715,39.70537],[141.03713,39.70541],[141.03734,39.70541],[141.03748,39.7054],[141.03758,39.70535],[141.03781,39.70523],[141.03805,39.70511],[141.0382,39.70496],[141.03851,39.70463],[141.03858,39.70456],[141.03877,39.70447],[141.03885,39.70443],[141.0389,39.70444],[141.03897,39.70446],[141.03903,39.70446],[141.03913,39.70445],[141.03921,39.70442],[141.03942,39.70435],[141.03958,39.70427],[141.03966,39.70425],[141.03971,39.70426],[141.03976,39.70429],[141.03978,39.70433],[141.03982,39.70476],[141.03982,39.70483],[141.0398,39.70492],[141.03973,39.70502],[141.03959,39.70512],[141.03944,39.70524],[141.03932,39.70544],[141.0393,39.7055],[141.0393,39.70555],[141.03934,39.70562],[141.03939,39.70566],[141.03966,39.70587],[141.03958,39.70586],[141.03936,39.70579],[141.03914,39.70569],[141.03902,39.70567],[141.0389,39.70566],[141.0388,39.70568],[141.0387,39.70572],[141.03852,39.70583],[141.03829,39.70602],[141.03825,39.70608],[141.03826,39.7061],[141.03833,39.70617],[141.03836,39.7062],[141.03836,39.70625],[141.03833,39.70638],[141.0383,39.70643],[141.03821,39.70649],[141.03807,39.70655],[141.03787,39.70658],[141.03768,39.70662],[141.0375,39.70664],[141.03734,39.70667],[141.03726,39.70672],[141.0371,39.70688],[141.03693,39.70701],[141.03686,39.70708],[141.03683,39.70715],[141.03681,39.70723],[141.0368,39.70733],[141.03683,39.70749],[141.03691,39.70766],[141.03701,39.70789],[141.03707,39.70802],[141.03709,39.70818],[141.03707,39.7083],[141.037,39.70841],[141.03688,39.7085],[141.0368,39.70859],[141.03668,39.7087],[141.03657,39.70882],[141.03652,39.70893],[141.03649,39.70914],[141.03626,39.70985],[141.03601,39.71059],[141.03596,39.71091],[141.03593,39.71109],[141.03605,39.71136],[141.03634,39.71178],[141.03658,39.71229],[141.03671,39.71257],[141.03684,39.71286],[141.03708,39.71326],[141.03706,39.71365],[141.03698,39.71407],[141.03694,39.71436],[141.03698,39.71465],[141.03704,39.71489],[141.03697,39.7151],[141.03669,39.71556],[141.03654,39.71592],[141.03644,39.71631],[141.03646,39.71663],[141.03655,39.71709],[141.03678,39.71743],[141.03715,39.71781],[141.03763,39.71844],[141.03838,39.71822],[141.03952,39.71809],[141.03991,39.71801],[141.04038,39.71791],[141.04078,39.71783],[141.04192,39.71742],[141.04242,39.71731],[141.04267,39.71724],[141.04281,39.71717],[141.04294,39.71703],[141.04305,39.71691],[141.04314,39.71682],[141.04338,39.71667],[141.0437,39.71653],[141.0438,39.71647],[141.04393,39.71639],[141.04403,39.7163],[141.0441,39.7162],[141.04418,39.71589],[141.04443,39.7155],[141.04452,39.71542],[141.04478,39.71521],[141.04502,39.71507],[141.04534,39.71491],[141.0456,39.71482]]]}},{"type":"Feature","properties":{"name":"大釜釜口","setai":674,"jinko":1831,"key":"03216002012","units":1,"m":874,"f":957,"gk":4,"a0":290,"a1":1179,"a2":359,"a75":177,"ag":[102,93,95,104,73,125,113,114,141,141,137,126,105,97,85,80,48,34,14,1,0],"nf":3},"geometry":{"type":"Polygon","coordinates":[[[141.06155,39.7109],[141.06211,39.71073],[141.0624,39.71076],[141.06266,39.71075],[141.06285,39.71073],[141.06296,39.71066],[141.06292,39.71034],[141.06263,39.71031],[141.06235,39.71038],[141.06191,39.71044],[141.06157,39.71044],[141.06134,39.71038],[141.06113,39.71027],[141.06098,39.71012],[141.06084,39.70994],[141.06082,39.70987],[141.06085,39.70976],[141.06102,39.70968],[141.06131,39.70962],[141.06198,39.70944],[141.06303,39.70927],[141.06404,39.70908],[141.06409,39.70943],[141.0642,39.70973],[141.06427,39.70988],[141.06446,39.71008],[141.06453,39.71014],[141.06461,39.71018],[141.06466,39.71019],[141.0647,39.71019],[141.06481,39.71015],[141.065,39.7101],[141.06552,39.71024],[141.06615,39.71039],[141.06681,39.71044],[141.06716,39.71043],[141.06748,39.71037],[141.06758,39.71031],[141.06776,39.71007],[141.06791,39.70938],[141.0687,39.70983],[141.0696,39.71034],[141.06988,39.71027],[141.0714,39.71016],[141.07209,39.71012],[141.07198,39.70941],[141.0733,39.70953],[141.07384,39.70959],[141.07395,39.70911],[141.07407,39.70861],[141.07423,39.70795],[141.07422,39.70795],[141.07431,39.70757],[141.07431,39.70755],[141.07539,39.70773],[141.0754,39.70771],[141.07562,39.70722],[141.07609,39.70729],[141.0763,39.70647],[141.07632,39.70638],[141.07637,39.7062],[141.07638,39.70615],[141.0769,39.70622],[141.07693,39.70612],[141.07725,39.70616],[141.07719,39.70642],[141.07773,39.70647],[141.07793,39.70565],[141.07802,39.70525],[141.07938,39.70536],[141.07931,39.70579],[141.07932,39.70585],[141.07948,39.70599],[141.07972,39.70615],[141.08003,39.70629],[141.08028,39.70638],[141.08047,39.70642],[141.0805,39.70642],[141.0805,39.70641],[141.08104,39.70637],[141.0814,39.70634],[141.08177,39.7063],[141.08312,39.7061],[141.0833,39.70599],[141.08335,39.70594],[141.08397,39.70517],[141.08467,39.7045],[141.08626,39.70299],[141.08594,39.7031],[141.08562,39.70319],[141.08518,39.70324],[141.08474,39.7033],[141.08419,39.70336],[141.08371,39.70344],[141.08342,39.70347],[141.08239,39.70358],[141.08166,39.70363],[141.08092,39.70359],[141.07982,39.70345],[141.079,39.70336],[141.0784,39.70317],[141.07782,39.70291],[141.07748,39.70275],[141.07726,39.7026],[141.07706,39.70244],[141.07674,39.70212],[141.07649,39.70182],[141.07631,39.70161],[141.07617,39.70128],[141.07605,39.70093],[141.07581,39.70034],[141.07563,39.69989],[141.07528,39.69937],[141.07502,39.69907],[141.07464,39.6987],[141.07434,39.69846],[141.07387,39.69818],[141.07324,39.69789],[141.07277,39.69771],[141.07225,39.69757],[141.07181,39.69745],[141.07127,39.69737],[141.07081,39.69729],[141.0705,39.69726],[141.07028,39.69727],[141.0699,39.69732],[141.06947,39.69738],[141.0688,39.69744],[141.06825,39.69746],[141.06766,39.69744],[141.06681,39.69741],[141.06615,39.69741],[141.06552,39.69739],[141.06507,39.69738],[141.0648,39.69736],[141.0647,39.69734],[141.06439,39.69729],[141.06395,39.69723],[141.06357,39.69714],[141.06328,39.69771],[141.06215,39.70011],[141.06286,39.70032],[141.06353,39.70049],[141.06339,39.70072],[141.06319,39.70121],[141.06292,39.70202],[141.06266,39.70281],[141.06265,39.70296],[141.0627,39.70322],[141.06272,39.70337],[141.06269,39.70346],[141.06258,39.70359],[141.06241,39.70382],[141.06231,39.70399],[141.06223,39.70422],[141.06213,39.70453],[141.06074,39.70427],[141.05949,39.70403],[141.0584,39.70384],[141.05828,39.70382],[141.05819,39.70383],[141.05812,39.70385],[141.05807,39.70387],[141.05801,39.70396],[141.05795,39.70407],[141.05789,39.70414],[141.05777,39.70423],[141.05764,39.70429],[141.05755,39.70431],[141.05744,39.70432],[141.05739,39.70433],[141.05732,39.70438],[141.05714,39.7046],[141.05699,39.70467],[141.05676,39.70467],[141.05642,39.70463],[141.05625,39.70463],[141.05605,39.70466],[141.05596,39.70468],[141.05581,39.70468],[141.05565,39.70459],[141.05545,39.70449],[141.05531,39.70439],[141.0551,39.7043],[141.05486,39.70422],[141.05423,39.70401],[141.05392,39.70392],[141.05372,39.70388],[141.0534,39.70389],[141.05297,39.70392],[141.05286,39.70391],[141.05283,39.70406],[141.05273,39.70421],[141.05257,39.70446],[141.05247,39.70461],[141.05246,39.70463],[141.05245,39.70466],[141.05245,39.70469],[141.05245,39.70471],[141.05246,39.70476],[141.05247,39.70481],[141.05249,39.70485],[141.05251,39.70491],[141.05252,39.70494],[141.05252,39.70496],[141.05252,39.70498],[141.05251,39.70501],[141.0525,39.70503],[141.05247,39.70506],[141.05239,39.70517],[141.05232,39.70526],[141.05231,39.70528],[141.0523,39.70532],[141.05228,39.70551],[141.05227,39.70569],[141.05225,39.7058],[141.0522,39.70597],[141.05216,39.70609],[141.05211,39.70619],[141.05204,39.70633],[141.05202,39.70637],[141.052,39.70641],[141.05199,39.70645],[141.05198,39.70649],[141.05197,39.70654],[141.05196,39.70661],[141.05194,39.70668],[141.05193,39.70678],[141.05192,39.7069],[141.05191,39.70702],[141.05191,39.70704],[141.0519,39.70708],[141.05187,39.70712],[141.05184,39.70717],[141.0518,39.70723],[141.05168,39.70733],[141.05165,39.70737],[141.05164,39.70738],[141.05161,39.70743],[141.05154,39.70754],[141.05148,39.7076],[141.0514,39.7077],[141.0513,39.7078],[141.05121,39.70788],[141.05107,39.70801],[141.05096,39.70811],[141.05087,39.7082],[141.05081,39.70826],[141.05076,39.70831],[141.05071,39.70836],[141.05068,39.70841],[141.05066,39.70844],[141.05064,39.70849],[141.0506,39.70856],[141.05056,39.70868],[141.05051,39.70885],[141.05045,39.70903],[141.05039,39.70923],[141.0503,39.70943],[141.0502,39.70964],[141.05018,39.70979],[141.05017,39.70984],[141.05014,39.70997],[141.05009,39.71018],[141.05005,39.71036],[141.05,39.71053],[141.04996,39.71073],[141.04991,39.71093],[141.04987,39.71109],[141.04982,39.71128],[141.04978,39.71147],[141.04973,39.71168],[141.04967,39.71192],[141.04964,39.71206],[141.04964,39.71228],[141.04964,39.71258],[141.04963,39.71293],[141.04963,39.71311],[141.04963,39.71324],[141.04963,39.71336],[141.04963,39.7135],[141.04962,39.71373],[141.04962,39.71389],[141.04962,39.71407],[141.04962,39.71427],[141.04965,39.71443],[141.04978,39.7149],[141.05019,39.71479],[141.05091,39.71464],[141.05162,39.71443],[141.05223,39.71407],[141.05306,39.71363],[141.05438,39.71335],[141.05509,39.713],[141.05568,39.71248],[141.05654,39.71238],[141.05705,39.71215],[141.0578,39.71186],[141.05846,39.71154],[141.05948,39.71132],[141.06013,39.71118],[141.06155,39.7109]]]}},{"type":"Feature","properties":{"name":"篠木樋の口","setai":506,"jinko":1258,"key":"032160030","units":1,"m":613,"f":645,"gk":6,"a0":153,"a1":781,"a2":320,"a75":148,"ag":[41,50,62,59,59,71,56,86,102,92,83,80,93,93,79,56,39,35,15,3,0],"nf":4},"geometry":{"type":"Polygon","coordinates":[[[141.05761,39.7236],[141.05826,39.72282],[141.0589,39.72217],[141.05943,39.72163],[141.0601,39.72108],[141.06074,39.72059],[141.0611,39.72032],[141.06126,39.72025],[141.06141,39.7202],[141.06178,39.72003],[141.06215,39.71984],[141.06242,39.7197],[141.06284,39.71957],[141.06311,39.71954],[141.06338,39.71951],[141.06401,39.71968],[141.06429,39.71982],[141.06463,39.72011],[141.06484,39.72029],[141.06524,39.72051],[141.06605,39.7208],[141.06619,39.72087],[141.06644,39.72051],[141.06661,39.72031],[141.0668,39.72008],[141.06712,39.71968],[141.06744,39.71936],[141.06777,39.71911],[141.06824,39.71904],[141.07091,39.71859],[141.07058,39.71744],[141.07126,39.71733],[141.07147,39.71731],[141.07168,39.71732],[141.07188,39.71733],[141.07202,39.71732],[141.07247,39.71725],[141.073,39.71717],[141.0735,39.71708],[141.07385,39.71702],[141.07414,39.71642],[141.0751,39.71628],[141.07493,39.71573],[141.07556,39.71562],[141.07545,39.71519],[141.076,39.71514],[141.0767,39.71507],[141.07711,39.71503],[141.07739,39.71498],[141.07733,39.71478],[141.07799,39.71466],[141.07803,39.71443],[141.07723,39.71421],[141.07732,39.71381],[141.0778,39.71392],[141.07841,39.71405],[141.07852,39.71352],[141.07821,39.71346],[141.07849,39.71235],[141.07861,39.71189],[141.07873,39.71173],[141.07891,39.71165],[141.07911,39.71165],[141.07948,39.71169],[141.08001,39.71178],[141.08032,39.71189],[141.08059,39.71078],[141.08062,39.71062],[141.07818,39.71026],[141.07843,39.70924],[141.07869,39.7082],[141.0788,39.70779],[141.07885,39.70772],[141.07887,39.7077],[141.07898,39.70754],[141.07902,39.70744],[141.07911,39.7073],[141.07916,39.70725],[141.07919,39.70721],[141.0798,39.7073],[141.08,39.70733],[141.08018,39.70721],[141.08055,39.70695],[141.08069,39.70684],[141.08072,39.70679],[141.08075,39.70674],[141.08073,39.70662],[141.08053,39.70648],[141.0805,39.70642],[141.08047,39.70642],[141.08028,39.70638],[141.08003,39.70629],[141.07972,39.70615],[141.07948,39.70599],[141.07932,39.70585],[141.07931,39.70579],[141.07938,39.70536],[141.07802,39.70525],[141.07793,39.70565],[141.07773,39.70647],[141.07719,39.70642],[141.07725,39.70616],[141.07693,39.70612],[141.0769,39.70622],[141.07638,39.70615],[141.07637,39.7062],[141.07632,39.70638],[141.0763,39.70647],[141.07609,39.70729],[141.07562,39.70722],[141.0754,39.70771],[141.07539,39.70773],[141.07431,39.70755],[141.07431,39.70757],[141.07422,39.70795],[141.07423,39.70795],[141.07407,39.70861],[141.07395,39.70911],[141.07384,39.70959],[141.0733,39.70953],[141.07198,39.70941],[141.07209,39.71012],[141.0714,39.71016],[141.06988,39.71027],[141.0696,39.71034],[141.0687,39.70983],[141.06791,39.70938],[141.06776,39.71007],[141.06758,39.71031],[141.06748,39.71037],[141.06716,39.71043],[141.06681,39.71044],[141.06615,39.71039],[141.06552,39.71024],[141.065,39.7101],[141.06481,39.71015],[141.0647,39.71019],[141.06466,39.71019],[141.06461,39.71018],[141.06453,39.71014],[141.06446,39.71008],[141.06427,39.70988],[141.0642,39.70973],[141.06409,39.70943],[141.06404,39.70908],[141.06303,39.70927],[141.06198,39.70944],[141.06131,39.70962],[141.06102,39.70968],[141.06085,39.70976],[141.06082,39.70987],[141.06084,39.70994],[141.06098,39.71012],[141.06113,39.71027],[141.06134,39.71038],[141.06157,39.71044],[141.06191,39.71044],[141.06235,39.71038],[141.06263,39.71031],[141.06292,39.71034],[141.06296,39.71066],[141.06285,39.71073],[141.06266,39.71075],[141.0624,39.71076],[141.06211,39.71073],[141.06155,39.7109],[141.06013,39.71118],[141.05948,39.71132],[141.05846,39.71154],[141.0578,39.71186],[141.05705,39.71215],[141.05654,39.71238],[141.05568,39.71248],[141.05509,39.713],[141.05438,39.71335],[141.05306,39.71363],[141.05223,39.71407],[141.05162,39.71443],[141.05091,39.71464],[141.05019,39.71479],[141.04978,39.7149],[141.04949,39.71492],[141.04908,39.71494],[141.04872,39.71492],[141.0482,39.71477],[141.04775,39.71461],[141.04729,39.71443],[141.04703,39.71441],[141.04678,39.71452],[141.04648,39.71476],[141.04637,39.71485],[141.04618,39.71483],[141.0459,39.71475],[141.0456,39.71482],[141.04534,39.71491],[141.04502,39.71507],[141.04478,39.71521],[141.04452,39.71542],[141.04443,39.7155],[141.04418,39.71589],[141.0441,39.7162],[141.04403,39.7163],[141.04393,39.71639],[141.0438,39.71647],[141.0437,39.71653],[141.04338,39.71667],[141.04314,39.71682],[141.04305,39.71691],[141.04294,39.71703],[141.04281,39.71717],[141.04267,39.71724],[141.04242,39.71731],[141.04192,39.71742],[141.04078,39.71783],[141.04038,39.71791],[141.03991,39.71801],[141.03952,39.71809],[141.03838,39.71822],[141.03763,39.71844],[141.03765,39.71875],[141.03769,39.71895],[141.03779,39.71907],[141.03823,39.71927],[141.03878,39.71948],[141.03909,39.71965],[141.03935,39.71983],[141.03966,39.71995],[141.0401,39.72028],[141.04043,39.7207],[141.04061,39.72114],[141.0407,39.7216],[141.04057,39.72225],[141.04018,39.72284],[141.03965,39.72361],[141.03981,39.72368],[141.03998,39.7237],[141.04029,39.72365],[141.04114,39.72343],[141.04167,39.72333],[141.04201,39.72324],[141.0423,39.72317],[141.04255,39.72316],[141.04286,39.7232],[141.04338,39.72335],[141.04386,39.72352],[141.04423,39.72363],[141.04475,39.72374],[141.04527,39.72383],[141.04554,39.7239],[141.04569,39.72396],[141.04597,39.72412],[141.04617,39.72424],[141.04637,39.7243],[141.04665,39.7243],[141.04694,39.72428],[141.04721,39.72422],[141.04747,39.72412],[141.04766,39.7241],[141.04787,39.72411],[141.04806,39.72416],[141.04818,39.72433],[141.0483,39.72474],[141.04841,39.72509],[141.04844,39.72516],[141.04858,39.72525],[141.04887,39.72534],[141.04918,39.72542],[141.04932,39.72543],[141.04942,39.72541],[141.04954,39.72532],[141.04959,39.72513],[141.04954,39.72486],[141.04957,39.72468],[141.04964,39.72459],[141.04981,39.72449],[141.05016,39.72436],[141.05023,39.72427],[141.0503,39.72394],[141.05036,39.72382],[141.05045,39.72375],[141.05065,39.7237],[141.05106,39.7237],[141.05126,39.72367],[141.05172,39.72354],[141.05207,39.72348],[141.05224,39.72349],[141.05246,39.72357],[141.05268,39.72373],[141.05276,39.72394],[141.05284,39.72486],[141.05276,39.72522],[141.05265,39.72558],[141.05258,39.72606],[141.05338,39.72593],[141.05406,39.72576],[141.05449,39.72556],[141.05508,39.72532],[141.05551,39.72516],[141.05585,39.725],[141.05628,39.72481],[141.0567,39.7245],[141.05711,39.72411],[141.05761,39.7236]]]}},{"type":"Feature","properties":{"name":"大沢割田","setai":179,"jinko":550,"key":"032160040","units":1,"m":260,"f":290,"gk":0,"a0":66,"a1":301,"a2":183,"a75":73,"ag":[14,23,29,20,10,16,23,38,31,48,24,39,52,53,57,22,21,21,9,0,0]},"geometry":{"type":"Polygon","coordinates":[[[141.04053,39.75632],[141.04069,39.7563],[141.04085,39.75634],[141.04124,39.75647],[141.04172,39.75561],[141.0422,39.75471],[141.04238,39.75438],[141.04281,39.75393],[141.04324,39.75347],[141.04364,39.75307],[141.04406,39.75268],[141.04443,39.75233],[141.04485,39.75199],[141.04514,39.75188],[141.04548,39.75176],[141.04576,39.7517],[141.04642,39.75172],[141.0472,39.75198],[141.04776,39.75223],[141.04811,39.75232],[141.04855,39.75232],[141.04893,39.75226],[141.04937,39.75192],[141.05012,39.75127],[141.05129,39.75025],[141.05201,39.7496],[141.05245,39.74922],[141.0527,39.74902],[141.05304,39.74866],[141.05356,39.74778],[141.0541,39.7469],[141.05475,39.74579],[141.05562,39.74443],[141.05654,39.7432],[141.05734,39.74204],[141.05822,39.74093],[141.05899,39.74004],[141.06065,39.7385],[141.06147,39.73766],[141.06196,39.73736],[141.0625,39.73688],[141.06296,39.73633],[141.06346,39.73572],[141.06388,39.73542],[141.06434,39.73506],[141.06494,39.73475],[141.06579,39.73445],[141.06632,39.73428],[141.06679,39.73423],[141.06688,39.73415],[141.06726,39.73377],[141.0675,39.73355],[141.06761,39.73339],[141.06767,39.7333],[141.0677,39.73319],[141.06769,39.733],[141.06765,39.73285],[141.06755,39.73274],[141.06771,39.73266],[141.06809,39.73253],[141.06841,39.73238],[141.06875,39.7321],[141.06914,39.73175],[141.0687,39.73147],[141.06836,39.73124],[141.06821,39.73111],[141.06804,39.7309],[141.06802,39.73083],[141.06804,39.73078],[141.06816,39.73072],[141.06834,39.73062],[141.06839,39.73055],[141.06838,39.73017],[141.06839,39.73007],[141.06844,39.72998],[141.0686,39.72974],[141.06873,39.72955],[141.06878,39.72951],[141.06894,39.72944],[141.06973,39.72925],[141.06965,39.72916],[141.06955,39.72905],[141.06944,39.72896],[141.06936,39.72887],[141.06924,39.72877],[141.06905,39.72861],[141.06894,39.7285],[141.06882,39.7284],[141.06871,39.7283],[141.0686,39.72821],[141.06852,39.7281],[141.06844,39.72796],[141.06827,39.72757],[141.06816,39.72733],[141.06807,39.72711],[141.06801,39.72692],[141.06799,39.72683],[141.06799,39.72674],[141.06808,39.72658],[141.06819,39.72642],[141.06827,39.72632],[141.06844,39.72609],[141.06859,39.7259],[141.06863,39.72583],[141.06869,39.72592],[141.06874,39.72602],[141.06872,39.72617],[141.06865,39.72626],[141.06861,39.72636],[141.06859,39.72643],[141.06857,39.72653],[141.06859,39.72675],[141.0687,39.72675],[141.06893,39.72675],[141.06903,39.72676],[141.06915,39.72678],[141.06925,39.72681],[141.06938,39.72683],[141.0695,39.72684],[141.06967,39.72681],[141.06987,39.72679],[141.07001,39.72676],[141.07015,39.72671],[141.07028,39.72669],[141.07046,39.72672],[141.0706,39.72674],[141.07064,39.72667],[141.07068,39.72655],[141.07073,39.72645],[141.07075,39.7264],[141.07069,39.72619],[141.07085,39.72615],[141.07116,39.72611],[141.07163,39.72602],[141.0718,39.726],[141.07277,39.72582],[141.07313,39.72577],[141.07335,39.72574],[141.07336,39.72548],[141.07338,39.72524],[141.07354,39.72524],[141.07365,39.72522],[141.07378,39.72523],[141.07399,39.72524],[141.07429,39.72528],[141.07463,39.72531],[141.07486,39.72532],[141.0749,39.72533],[141.07507,39.72531],[141.07533,39.7253],[141.07559,39.72528],[141.0758,39.72526],[141.07606,39.72526],[141.0761,39.72525],[141.07588,39.72455],[141.07579,39.72423],[141.07588,39.72423],[141.07601,39.72417],[141.07606,39.72414],[141.07609,39.72411],[141.07615,39.72408],[141.07624,39.72408],[141.07634,39.72407],[141.07642,39.72403],[141.07655,39.72397],[141.07667,39.72395],[141.07677,39.72396],[141.07691,39.72395],[141.07709,39.72394],[141.07729,39.72394],[141.07747,39.72395],[141.07758,39.72394],[141.07771,39.72392],[141.07777,39.72391],[141.07766,39.72351],[141.07753,39.72306],[141.07747,39.72286],[141.07804,39.72276],[141.07879,39.72264],[141.07861,39.72209],[141.08057,39.72175],[141.08041,39.72122],[141.08034,39.72092],[141.0799,39.72097],[141.07983,39.72066],[141.08024,39.72057],[141.07983,39.71919],[141.0798,39.71904],[141.07945,39.71836],[141.07877,39.71678],[141.07851,39.71618],[141.07776,39.71629],[141.07739,39.71498],[141.07711,39.71503],[141.0767,39.71507],[141.076,39.71514],[141.07545,39.71519],[141.07556,39.71562],[141.07493,39.71573],[141.0751,39.71628],[141.07414,39.71642],[141.07385,39.71702],[141.0735,39.71708],[141.073,39.71717],[141.07247,39.71725],[141.07202,39.71732],[141.07188,39.71733],[141.07168,39.71732],[141.07147,39.71731],[141.07126,39.71733],[141.07058,39.71744],[141.07091,39.71859],[141.06824,39.71904],[141.06777,39.71911],[141.06744,39.71936],[141.06712,39.71968],[141.0668,39.72008],[141.06661,39.72031],[141.06644,39.72051],[141.06619,39.72087],[141.06605,39.7208],[141.06524,39.72051],[141.06484,39.72029],[141.06463,39.72011],[141.06429,39.71982],[141.06401,39.71968],[141.06338,39.71951],[141.06311,39.71954],[141.06284,39.71957],[141.06242,39.7197],[141.06215,39.71984],[141.06178,39.72003],[141.06141,39.7202],[141.06126,39.72025],[141.0611,39.72032],[141.06074,39.72059],[141.0601,39.72108],[141.05943,39.72163],[141.0589,39.72217],[141.05826,39.72282],[141.05761,39.7236],[141.05711,39.72411],[141.0567,39.7245],[141.05628,39.72481],[141.05585,39.725],[141.05551,39.72516],[141.05508,39.72532],[141.05449,39.72556],[141.05406,39.72576],[141.05338,39.72593],[141.05258,39.72606],[141.05222,39.72656],[141.05207,39.72682],[141.05197,39.72718],[141.05195,39.72754],[141.05201,39.72791],[141.05218,39.72824],[141.05245,39.72887],[141.05266,39.72946],[141.05266,39.72966],[141.05259,39.72979],[141.05234,39.72998],[141.05211,39.73009],[141.05175,39.73033],[141.05094,39.73104],[141.05045,39.73158],[141.04995,39.73199],[141.04959,39.73242],[141.04953,39.73266],[141.04968,39.73298],[141.05006,39.73374],[141.05032,39.73438],[141.05045,39.73487],[141.05051,39.73511],[141.05046,39.73525],[141.05039,39.73532],[141.0502,39.73548],[141.04997,39.73573],[141.04967,39.73606],[141.0494,39.73649],[141.04906,39.73712],[141.04873,39.73791],[141.04857,39.73819],[141.04835,39.73841],[141.04812,39.73858],[141.04789,39.7387],[141.04742,39.73887],[141.04676,39.7391],[141.04609,39.73923],[141.04452,39.73939],[141.04337,39.73948],[141.04256,39.73954],[141.04254,39.73973],[141.04244,39.74013],[141.04223,39.74076],[141.042,39.74131],[141.04156,39.74203],[141.04119,39.74259],[141.04081,39.7431],[141.04054,39.7434],[141.0398,39.7441],[141.03901,39.74469],[141.03806,39.74518],[141.03715,39.74561],[141.03631,39.74597],[141.03581,39.74609],[141.03489,39.74621],[141.03412,39.74628],[141.03421,39.74672],[141.0343,39.74699],[141.03436,39.74721],[141.0345,39.74756],[141.03465,39.74787],[141.03484,39.74815],[141.03492,39.74827],[141.03489,39.74832],[141.03479,39.74837],[141.03462,39.74844],[141.03431,39.74854],[141.03334,39.74875],[141.03262,39.74885],[141.03145,39.74893],[141.0311,39.74912],[141.03102,39.74926],[141.03101,39.74941],[141.03102,39.74969],[141.03105,39.75031],[141.03098,39.75074],[141.03089,39.75107],[141.03054,39.75201],[141.03082,39.75209],[141.03098,39.7521],[141.0311,39.7521],[141.03128,39.7521],[141.03275,39.75219],[141.0334,39.75224],[141.03375,39.75226],[141.03415,39.75232],[141.03469,39.75242],[141.03486,39.75405],[141.03514,39.75605],[141.03621,39.75611],[141.03811,39.75651],[141.03846,39.75663],[141.03877,39.75667],[141.03909,39.75663],[141.03981,39.75645],[141.04007,39.75641],[141.04027,39.75638],[141.04053,39.75632]]]}},{"type":"Feature","properties":{"name":"鵜飼御庭田","setai":928,"jinko":2431,"key":"03216005005","units":1,"m":1160,"f":1271,"gk":1,"a0":282,"a1":1300,"a2":846,"a75":340,"ag":[68,102,112,108,61,81,93,144,139,165,155,177,177,264,242,184,93,43,15,5,0],"nf":3},"geometry":{"type":"Polygon","coordinates":[[[141.06161,39.75287],[141.06269,39.75269],[141.06268,39.75274],[141.06358,39.75278],[141.0636,39.7527],[141.06369,39.7527],[141.06407,39.75256],[141.06448,39.75236],[141.06478,39.75222],[141.06507,39.75207],[141.06542,39.75187],[141.06551,39.75185],[141.0656,39.75179],[141.06575,39.75161],[141.06586,39.75143],[141.06599,39.75134],[141.06608,39.75131],[141.06628,39.75131],[141.06644,39.7513],[141.06655,39.75128],[141.06671,39.75123],[141.06687,39.75119],[141.06694,39.75113],[141.06707,39.751],[141.06732,39.7507],[141.06758,39.7504],[141.06778,39.7502],[141.06799,39.75005],[141.06824,39.7499],[141.06889,39.74948],[141.06946,39.74914],[141.0697,39.74898],[141.06982,39.74888],[141.06999,39.74875],[141.07012,39.7487],[141.07114,39.74842],[141.07251,39.74805],[141.07259,39.74803],[141.07346,39.74782],[141.074,39.74765],[141.07443,39.74752],[141.07503,39.74739],[141.07583,39.74721],[141.07677,39.74697],[141.07742,39.74681],[141.0779,39.74673],[141.0784,39.7467],[141.07841,39.74665],[141.07853,39.74653],[141.07875,39.74639],[141.07858,39.7462],[141.07854,39.74613],[141.07851,39.74601],[141.07849,39.74578],[141.07846,39.74562],[141.0784,39.74546],[141.07832,39.7453],[141.07828,39.74511],[141.07823,39.7449],[141.07824,39.74483],[141.07826,39.74468],[141.07831,39.74442],[141.07848,39.74404],[141.07861,39.7438],[141.07876,39.74354],[141.07882,39.74342],[141.07886,39.74331],[141.07898,39.74313],[141.07906,39.74294],[141.07914,39.74259],[141.07919,39.74223],[141.07926,39.74187],[141.07931,39.74166],[141.0793,39.7415],[141.07924,39.7413],[141.07917,39.74103],[141.07925,39.74102],[141.07958,39.74094],[141.07979,39.74091],[141.08,39.74091],[141.08029,39.74092],[141.08048,39.74093],[141.08068,39.74097],[141.08087,39.74099],[141.08109,39.74098],[141.08131,39.74096],[141.08159,39.74093],[141.08175,39.7409],[141.08189,39.74086],[141.08199,39.7408],[141.08217,39.74066],[141.08242,39.74041],[141.08261,39.74023],[141.08278,39.74009],[141.08291,39.74001],[141.08328,39.73976],[141.08281,39.73933],[141.08234,39.73889],[141.08213,39.73872],[141.0816,39.73828],[141.08129,39.73802],[141.08185,39.73734],[141.08259,39.73639],[141.08277,39.73615],[141.08375,39.7349],[141.08506,39.7355],[141.08544,39.73567],[141.0857,39.73534],[141.08638,39.73446],[141.08639,39.73444],[141.08671,39.73397],[141.08684,39.73377],[141.08701,39.73342],[141.08708,39.73326],[141.08596,39.73277],[141.08636,39.73222],[141.08645,39.73209],[141.08698,39.73131],[141.08713,39.73131],[141.08726,39.73049],[141.08871,39.73063],[141.08917,39.73067],[141.08972,39.73072],[141.08984,39.72996],[141.08999,39.72896],[141.09012,39.72819],[141.09063,39.72824],[141.09067,39.72792],[141.09071,39.72769],[141.09075,39.72755],[141.09079,39.72745],[141.09089,39.72733],[141.091,39.72723],[141.09116,39.72712],[141.09136,39.72703],[141.09165,39.72691],[141.09186,39.72685],[141.09209,39.7268],[141.09214,39.72675],[141.09221,39.72661],[141.09226,39.72641],[141.09228,39.72615],[141.09224,39.72567],[141.09222,39.72545],[141.09215,39.72506],[141.092,39.72442],[141.09086,39.72464],[141.08913,39.72494],[141.089,39.72458],[141.08826,39.72206],[141.08794,39.72211],[141.08568,39.72252],[141.08483,39.72266],[141.08323,39.72294],[141.08102,39.72333],[141.08132,39.72436],[141.08161,39.72538],[141.07919,39.7258],[141.07837,39.72595],[141.07867,39.72696],[141.07718,39.72723],[141.07698,39.72727],[141.07686,39.72731],[141.07673,39.72734],[141.07622,39.72746],[141.07518,39.72766],[141.07482,39.72773],[141.07478,39.72784],[141.07459,39.72804],[141.07458,39.72812],[141.07451,39.72818],[141.07439,39.72816],[141.07425,39.72815],[141.07412,39.72819],[141.07395,39.7283],[141.07382,39.72838],[141.07369,39.72844],[141.0735,39.72855],[141.07339,39.72858],[141.07342,39.72868],[141.07346,39.72873],[141.07358,39.72879],[141.07354,39.72886],[141.07349,39.72896],[141.07345,39.72908],[141.0734,39.7292],[141.07334,39.72939],[141.07332,39.72946],[141.07328,39.72953],[141.07324,39.72957],[141.07317,39.72961],[141.07307,39.72965],[141.07295,39.72968],[141.07285,39.72971],[141.07274,39.72975],[141.07266,39.7298],[141.07259,39.72988],[141.07251,39.72997],[141.07241,39.73001],[141.07223,39.73005],[141.07205,39.73009],[141.07192,39.73012],[141.07172,39.73015],[141.0716,39.73018],[141.07151,39.7302],[141.07142,39.7302],[141.07132,39.73017],[141.07117,39.73011],[141.07106,39.73007],[141.07094,39.73002],[141.0708,39.72996],[141.07065,39.72989],[141.07051,39.72984],[141.07033,39.72977],[141.07023,39.72973],[141.0701,39.72967],[141.07003,39.72963],[141.06997,39.72957],[141.06987,39.72946],[141.06982,39.72937],[141.06976,39.72929],[141.06973,39.72925],[141.06894,39.72944],[141.06878,39.72951],[141.06873,39.72955],[141.0686,39.72974],[141.06844,39.72998],[141.06839,39.73007],[141.06838,39.73017],[141.06839,39.73055],[141.06834,39.73062],[141.06816,39.73072],[141.06804,39.73078],[141.06802,39.73083],[141.06804,39.7309],[141.06821,39.73111],[141.06836,39.73124],[141.0687,39.73147],[141.06914,39.73175],[141.06875,39.7321],[141.06841,39.73238],[141.06809,39.73253],[141.06771,39.73266],[141.06755,39.73274],[141.06765,39.73285],[141.06769,39.733],[141.0677,39.73319],[141.06767,39.7333],[141.06761,39.73339],[141.0675,39.73355],[141.06726,39.73377],[141.06688,39.73415],[141.06679,39.73423],[141.06632,39.73428],[141.06579,39.73445],[141.06494,39.73475],[141.06434,39.73506],[141.06388,39.73542],[141.06346,39.73572],[141.06296,39.73633],[141.0625,39.73688],[141.06196,39.73736],[141.06147,39.73766],[141.06065,39.7385],[141.05899,39.74004],[141.05822,39.74093],[141.05734,39.74204],[141.05654,39.7432],[141.05562,39.74443],[141.05475,39.74579],[141.0541,39.7469],[141.05356,39.74778],[141.05304,39.74866],[141.0527,39.74902],[141.05245,39.74922],[141.05201,39.7496],[141.05129,39.75025],[141.05012,39.75127],[141.04937,39.75192],[141.04893,39.75226],[141.04855,39.75232],[141.04811,39.75232],[141.04776,39.75223],[141.0472,39.75198],[141.04642,39.75172],[141.04576,39.7517],[141.04548,39.75176],[141.04514,39.75188],[141.04485,39.75199],[141.04484,39.75248],[141.04488,39.75312],[141.0451,39.75346],[141.04566,39.75405],[141.04713,39.75564],[141.04749,39.75598],[141.04751,39.756],[141.04797,39.75653],[141.04851,39.75697],[141.04878,39.75717],[141.04884,39.75722],[141.04901,39.75738],[141.04947,39.75786],[141.04978,39.75805],[141.05014,39.75826],[141.05036,39.75841],[141.05053,39.75849],[141.0514,39.7582],[141.05204,39.75804],[141.0524,39.75795],[141.05265,39.75787],[141.0528,39.75773],[141.05287,39.75755],[141.05293,39.75721],[141.0529,39.75673],[141.05304,39.75628],[141.05322,39.75606],[141.05361,39.75575],[141.05422,39.75544],[141.05487,39.75501],[141.05561,39.75447],[141.05599,39.75419],[141.05635,39.75384],[141.05692,39.75369],[141.0581,39.75346],[141.05877,39.75332],[141.06022,39.7531],[141.06096,39.75297],[141.06161,39.75287]]]}},{"type":"Feature","properties":{"name":"鵜飼狐洞","setai":2173,"jinko":5496,"key":"03216005025","units":2,"m":2542,"f":2954,"gk":41,"a0":697,"a1":2923,"a2":1858,"a75":988,"ag":[199,217,281,261,173,224,258,322,403,439,282,250,311,366,504,367,261,198,111,42,9],"nf":18},"geometry":{"type":"MultiPolygon","coordinates":[[[[141.09522,39.73731],[141.09555,39.73691],[141.09574,39.7367],[141.09601,39.73636],[141.09619,39.73609],[141.09627,39.73592],[141.09638,39.73566],[141.09642,39.73558],[141.09645,39.73552],[141.09656,39.73523],[141.09674,39.73467],[141.09693,39.7341],[141.09705,39.73379],[141.09709,39.73371],[141.09719,39.73361],[141.09725,39.73358],[141.09733,39.73356],[141.09746,39.73357],[141.09756,39.73357],[141.09765,39.73358],[141.0977,39.73357],[141.09775,39.73354],[141.09782,39.73347],[141.09792,39.73337],[141.09798,39.73333],[141.09807,39.73329],[141.09823,39.73325],[141.09828,39.73302],[141.09834,39.73292],[141.09826,39.73275],[141.09863,39.73258],[141.09873,39.73237],[141.09882,39.73221],[141.09891,39.73212],[141.099,39.73207],[141.09937,39.7319],[141.0992,39.73171],[141.09907,39.73151],[141.099,39.73128],[141.09895,39.73111],[141.09887,39.73063],[141.09881,39.73061],[141.09876,39.73057],[141.09875,39.73052],[141.0988,39.73049],[141.099,39.73048],[141.09911,39.73049],[141.09955,39.73043],[141.09941,39.72979],[141.09933,39.7298],[141.09929,39.7296],[141.09926,39.72957],[141.09918,39.72958],[141.09909,39.72961],[141.09902,39.72965],[141.09894,39.72969],[141.09887,39.72971],[141.09876,39.72966],[141.09868,39.72957],[141.09858,39.72946],[141.09848,39.72942],[141.09836,39.72939],[141.09824,39.72935],[141.09813,39.72932],[141.09803,39.72924],[141.098,39.72917],[141.098,39.72914],[141.0983,39.72914],[141.0983,39.7291],[141.09848,39.72917],[141.09852,39.72916],[141.09853,39.72913],[141.09854,39.729],[141.0986,39.72893],[141.0986,39.72889],[141.09859,39.72885],[141.09859,39.7288],[141.09865,39.72876],[141.09866,39.72874],[141.09864,39.72866],[141.09864,39.72862],[141.09844,39.7285],[141.09842,39.72847],[141.09847,39.72831],[141.09858,39.72806],[141.09922,39.72705],[141.09927,39.72694],[141.09929,39.72683],[141.09928,39.72667],[141.09924,39.7265],[141.09915,39.72622],[141.09898,39.72601],[141.09871,39.72564],[141.09865,39.72554],[141.0986,39.72543],[141.09859,39.72532],[141.09864,39.72527],[141.09869,39.72521],[141.09868,39.72512],[141.09865,39.72496],[141.09857,39.72474],[141.09853,39.72465],[141.09855,39.72457],[141.09876,39.72429],[141.09878,39.72426],[141.09877,39.72419],[141.0987,39.72405],[141.09877,39.72316],[141.09671,39.72355],[141.09313,39.72421],[141.092,39.72442],[141.09215,39.72506],[141.09222,39.72545],[141.09224,39.72567],[141.09228,39.72615],[141.09226,39.72641],[141.09221,39.72661],[141.09214,39.72675],[141.09209,39.7268],[141.09186,39.72685],[141.09165,39.72691],[141.09136,39.72703],[141.09116,39.72712],[141.091,39.72723],[141.09089,39.72733],[141.09079,39.72745],[141.09075,39.72755],[141.09071,39.72769],[141.09067,39.72792],[141.09063,39.72824],[141.09012,39.72819],[141.08999,39.72896],[141.08984,39.72996],[141.08972,39.73072],[141.08917,39.73067],[141.08871,39.73063],[141.08726,39.73049],[141.08713,39.73131],[141.08915,39.73148],[141.08915,39.73166],[141.08912,39.7319],[141.08988,39.73197],[141.09023,39.732],[141.0902,39.73219],[141.09013,39.73228],[141.09095,39.73266],[141.09099,39.73261],[141.09115,39.73268],[141.09102,39.73345],[141.09093,39.73408],[141.09077,39.73493],[141.09074,39.73491],[141.09074,39.73492],[141.09029,39.73552],[141.09011,39.73575],[141.08987,39.73607],[141.08942,39.73665],[141.08932,39.73678],[141.09038,39.73725],[141.09108,39.73756],[141.09151,39.7372],[141.09195,39.7378],[141.09226,39.73822],[141.09237,39.7383],[141.09261,39.73843],[141.09307,39.73866],[141.09316,39.73979],[141.09336,39.74159],[141.09364,39.74131],[141.09414,39.7408],[141.09508,39.73985],[141.09361,39.739],[141.09386,39.73873],[141.09422,39.73836],[141.09464,39.73792],[141.09499,39.73756],[141.09522,39.73731]]],[[[141.0867,39.73984],[141.08614,39.73959],[141.08693,39.73859],[141.08687,39.73854],[141.0869,39.73851],[141.08726,39.73803],[141.08806,39.73841],[141.08866,39.73766],[141.08869,39.73762],[141.0897,39.73807],[141.08983,39.73798],[141.09038,39.73725],[141.08932,39.73678],[141.08942,39.73665],[141.08987,39.73607],[141.09011,39.73575],[141.09029,39.73552],[141.09074,39.73492],[141.09074,39.73491],[141.09077,39.73493],[141.09093,39.73408],[141.09102,39.73345],[141.09115,39.73268],[141.09099,39.73261],[141.09095,39.73266],[141.09013,39.73228],[141.0902,39.73219],[141.09023,39.732],[141.08988,39.73197],[141.08912,39.7319],[141.08915,39.73166],[141.08915,39.73148],[141.08713,39.73131],[141.08698,39.73131],[141.08645,39.73209],[141.08636,39.73222],[141.08596,39.73277],[141.08708,39.73326],[141.08701,39.73342],[141.08684,39.73377],[141.08671,39.73397],[141.08639,39.73444],[141.08638,39.73446],[141.0857,39.73534],[141.08544,39.73567],[141.08506,39.7355],[141.08375,39.7349],[141.08277,39.73615],[141.08259,39.73639],[141.08185,39.73734],[141.08129,39.73802],[141.0816,39.73828],[141.08213,39.73872],[141.0825,39.73819],[141.08313,39.73849],[141.08334,39.73853],[141.08346,39.73858],[141.08401,39.73886],[141.08388,39.73904],[141.08479,39.73945],[141.08535,39.73969],[141.0855,39.73975],[141.08561,39.73959],[141.08652,39.74001],[141.0867,39.73984]]]]}},{"type":"Feature","properties":{"name":"黒沢","setai":701,"jinko":2068,"key":"03216005035","units":1,"m":991,"f":1077,"gk":12,"a0":431,"a1":1075,"a2":554,"a75":306,"ag":[93,185,153,108,42,60,105,156,183,126,111,87,97,130,118,100,89,55,50,10,2],"nf":8},"geometry":{"type":"Polygon","coordinates":[[[141.09128,39.74863],[141.09123,39.74839],[141.09109,39.74774],[141.09107,39.74768],[141.0909,39.74694],[141.09072,39.7462],[141.09069,39.74607],[141.09061,39.74572],[141.09055,39.74543],[141.09044,39.74513],[141.09023,39.74488],[141.0902,39.74486],[141.09095,39.74408],[141.0916,39.74342],[141.09229,39.7427],[141.0931,39.74185],[141.09336,39.74159],[141.09316,39.73979],[141.09307,39.73866],[141.09261,39.73843],[141.09237,39.7383],[141.09226,39.73822],[141.09195,39.7378],[141.09151,39.7372],[141.09108,39.73756],[141.09038,39.73725],[141.08983,39.73798],[141.0897,39.73807],[141.08869,39.73762],[141.08866,39.73766],[141.08806,39.73841],[141.08726,39.73803],[141.0869,39.73851],[141.08687,39.73854],[141.08693,39.73859],[141.08614,39.73959],[141.0867,39.73984],[141.08652,39.74001],[141.08561,39.73959],[141.0855,39.73975],[141.08535,39.73969],[141.08479,39.73945],[141.08388,39.73904],[141.08401,39.73886],[141.08346,39.73858],[141.08334,39.73853],[141.08313,39.73849],[141.0825,39.73819],[141.08213,39.73872],[141.08234,39.73889],[141.08281,39.73933],[141.08328,39.73976],[141.08291,39.74001],[141.08278,39.74009],[141.08261,39.74023],[141.08242,39.74041],[141.08217,39.74066],[141.08199,39.7408],[141.08189,39.74086],[141.08175,39.7409],[141.08159,39.74093],[141.08131,39.74096],[141.08109,39.74098],[141.08087,39.74099],[141.08068,39.74097],[141.08048,39.74093],[141.08029,39.74092],[141.08,39.74091],[141.07979,39.74091],[141.07958,39.74094],[141.07925,39.74102],[141.07917,39.74103],[141.07924,39.7413],[141.0793,39.7415],[141.07931,39.74166],[141.07926,39.74187],[141.07919,39.74223],[141.07914,39.74259],[141.07906,39.74294],[141.07898,39.74313],[141.07886,39.74331],[141.07882,39.74342],[141.07876,39.74354],[141.07861,39.7438],[141.07848,39.74404],[141.07831,39.74442],[141.07826,39.74468],[141.07824,39.74483],[141.07823,39.7449],[141.07828,39.74511],[141.07832,39.7453],[141.0784,39.74546],[141.07846,39.74562],[141.07849,39.74578],[141.07851,39.74601],[141.07854,39.74613],[141.07858,39.7462],[141.07875,39.74639],[141.07853,39.74653],[141.07841,39.74665],[141.0784,39.7467],[141.0779,39.74673],[141.07742,39.74681],[141.07677,39.74697],[141.07583,39.74721],[141.07503,39.74739],[141.07443,39.74752],[141.074,39.74765],[141.07346,39.74782],[141.07259,39.74803],[141.07251,39.74805],[141.07114,39.74842],[141.07012,39.7487],[141.06999,39.74875],[141.06982,39.74888],[141.0697,39.74898],[141.07038,39.74948],[141.07046,39.74942],[141.07064,39.7493],[141.07079,39.74923],[141.07087,39.7492],[141.07095,39.74919],[141.07107,39.7492],[141.07124,39.74922],[141.07136,39.74924],[141.07145,39.7492],[141.07166,39.7491],[141.07206,39.74891],[141.07214,39.74885],[141.07225,39.7488],[141.07268,39.7487],[141.07373,39.74858],[141.07522,39.74853],[141.0767,39.74851],[141.07693,39.74858],[141.07713,39.74864],[141.07726,39.74878],[141.07758,39.74902],[141.07772,39.74912],[141.07793,39.74918],[141.07837,39.74919],[141.07872,39.74918],[141.07886,39.74915],[141.07918,39.74907],[141.07966,39.74893],[141.08001,39.74885],[141.0806,39.74877],[141.08118,39.74871],[141.08166,39.74866],[141.08218,39.74864],[141.08298,39.74861],[141.08345,39.74861],[141.08398,39.74865],[141.08403,39.74866],[141.08441,39.74871],[141.0848,39.74876],[141.08518,39.74878],[141.08565,39.7488],[141.08572,39.7488],[141.08584,39.74882],[141.08622,39.74889],[141.08647,39.74893],[141.08681,39.74903],[141.08718,39.74911],[141.0876,39.7492],[141.08791,39.74923],[141.08849,39.74928],[141.0888,39.74929],[141.08908,39.74936],[141.08928,39.74938],[141.08969,39.7494],[141.09149,39.74945],[141.09141,39.74913],[141.09128,39.74863]]]}},{"type":"Feature","properties":{"name":"鵜飼姥屋敷","setai":97,"jinko":280,"key":"032160060","units":1,"m":136,"f":144,"gk":2,"a0":35,"a1":135,"a2":110,"a75":47,"ag":[7,14,14,7,9,6,4,19,20,17,12,22,19,37,26,17,15,10,4,1,0]},"geometry":{"type":"Polygon","coordinates":[[[141.06455,39.78909],[141.06541,39.78896],[141.06593,39.78897],[141.06699,39.78914],[141.06708,39.78915],[141.06865,39.78926],[141.07332,39.78946],[141.07568,39.78962],[141.07678,39.78972],[141.07723,39.78974],[141.07712,39.78876],[141.077,39.78772],[141.07703,39.78626],[141.07702,39.78512],[141.07695,39.78398],[141.07693,39.78371],[141.07689,39.78345],[141.07675,39.78318],[141.07659,39.78294],[141.07629,39.78263],[141.07591,39.78226],[141.07528,39.78176],[141.07512,39.78165],[141.07459,39.78123],[141.07409,39.78068],[141.07344,39.77974],[141.07257,39.7783],[141.07171,39.77658],[141.07133,39.77571],[141.07076,39.77616],[141.07017,39.77647],[141.06951,39.77668],[141.0688,39.77676],[141.06755,39.77669],[141.06662,39.77658],[141.06488,39.7763],[141.06353,39.77587],[141.06205,39.77534],[141.0609,39.77482],[141.06039,39.77458],[141.0605,39.77399],[141.06065,39.77321],[141.06101,39.77172],[141.06139,39.77031],[141.06148,39.76917],[141.06162,39.76725],[141.0618,39.7657],[141.06201,39.76459],[141.06222,39.76379],[141.06225,39.76322],[141.06228,39.76273],[141.06232,39.76237],[141.06244,39.76206],[141.0628,39.76158],[141.06318,39.76117],[141.06352,39.76069],[141.06403,39.75993],[141.06441,39.7589],[141.06452,39.75795],[141.06453,39.75703],[141.06447,39.75674],[141.06434,39.75604],[141.0643,39.75595],[141.06426,39.75586],[141.06371,39.75549],[141.06369,39.75548],[141.0636,39.75542],[141.06349,39.7555],[141.06339,39.75553],[141.06325,39.75566],[141.0631,39.75547],[141.06339,39.7553],[141.06328,39.75523],[141.06333,39.75496],[141.06287,39.75494],[141.06252,39.75493],[141.06191,39.75485],[141.06206,39.75417],[141.06221,39.7539],[141.06239,39.75359],[141.06242,39.75355],[141.06262,39.75321],[141.06268,39.75274],[141.06269,39.75269],[141.06161,39.75287],[141.06096,39.75297],[141.06022,39.7531],[141.05877,39.75332],[141.0581,39.75346],[141.05692,39.75369],[141.05635,39.75384],[141.05599,39.75419],[141.05561,39.75447],[141.05487,39.75501],[141.05422,39.75544],[141.05361,39.75575],[141.05322,39.75606],[141.05304,39.75628],[141.0529,39.75673],[141.05293,39.75721],[141.05287,39.75755],[141.0528,39.75773],[141.05265,39.75787],[141.0524,39.75795],[141.05204,39.75804],[141.0514,39.7582],[141.05053,39.75849],[141.05036,39.75841],[141.05014,39.75826],[141.04978,39.75805],[141.04947,39.75786],[141.04901,39.75738],[141.04884,39.75722],[141.04878,39.75717],[141.04851,39.75697],[141.04797,39.75653],[141.04751,39.756],[141.04749,39.75598],[141.04713,39.75564],[141.04566,39.75405],[141.0451,39.75346],[141.04488,39.75312],[141.04484,39.75248],[141.04485,39.75199],[141.04443,39.75233],[141.04406,39.75268],[141.04364,39.75307],[141.04324,39.75347],[141.04281,39.75393],[141.04238,39.75438],[141.0422,39.75471],[141.04172,39.75561],[141.04124,39.75647],[141.04085,39.75634],[141.04069,39.7563],[141.04053,39.75632],[141.04027,39.75638],[141.04007,39.75641],[141.03981,39.75645],[141.03909,39.75663],[141.03877,39.75667],[141.03846,39.75663],[141.03811,39.75651],[141.03621,39.75611],[141.03514,39.75605],[141.0341,39.75604],[141.03365,39.75615],[141.03345,39.75637],[141.03336,39.75656],[141.03334,39.75687],[141.03341,39.7576],[141.0337,39.75956],[141.03346,39.7593],[141.0333,39.75921],[141.03304,39.75918],[141.03262,39.75914],[141.03172,39.75908],[141.0314,39.75908],[141.03079,39.75911],[141.03028,39.75915],[141.02996,39.75919],[141.02974,39.75927],[141.02942,39.75942],[141.02917,39.75949],[141.02887,39.75956],[141.02876,39.75975],[141.02865,39.7599],[141.02837,39.76015],[141.02777,39.76072],[141.02759,39.76092],[141.02711,39.76121],[141.02634,39.76155],[141.02563,39.76181],[141.02465,39.76214],[141.02338,39.76248],[141.02239,39.7627],[141.02146,39.76284],[141.02152,39.7639],[141.02156,39.76497],[141.02113,39.76528],[141.02072,39.76528],[141.02041,39.76532],[141.02024,39.76538],[141.0202,39.76548],[141.02029,39.76584],[141.01933,39.7667],[141.01869,39.76725],[141.01794,39.7679],[141.01768,39.76815],[141.01754,39.76833],[141.01737,39.76858],[141.01712,39.76892],[141.01698,39.76905],[141.01672,39.76921],[141.01608,39.76959],[141.01507,39.77021],[141.01445,39.77063],[141.01391,39.771],[141.01358,39.77123],[141.01338,39.77166],[141.01324,39.77213],[141.01206,39.77237],[141.01154,39.7724],[141.01113,39.77254],[141.01046,39.77292],[141.00986,39.77328],[141.00957,39.77348],[141.00934,39.77368],[141.00903,39.77397],[141.00883,39.77419],[141.0087,39.77434],[141.00859,39.77451],[141.00841,39.77482],[141.00832,39.77504],[141.00827,39.77512],[141.00819,39.77538],[141.00786,39.77545],[141.00738,39.77563],[141.00708,39.77571],[141.00684,39.77576],[141.00655,39.77578],[141.00634,39.77582],[141.00607,39.7759],[141.00587,39.77593],[141.00561,39.77593],[141.00509,39.77585],[141.00477,39.77582],[141.00455,39.77581],[141.00424,39.77583],[141.00389,39.77582],[141.00368,39.77579],[141.00345,39.77574],[141.00325,39.77588],[141.00303,39.77609],[141.00316,39.77632],[141.00317,39.77646],[141.00325,39.77681],[141.00326,39.77704],[141.0037,39.77782],[141.00374,39.77796],[141.00368,39.77835],[141.00374,39.77848],[141.00378,39.77866],[141.00379,39.77877],[141.00373,39.77889],[141.00359,39.77918],[141.00354,39.77932],[141.0035,39.7795],[141.00353,39.77972],[141.00358,39.77988],[141.00367,39.7801],[141.00367,39.78019],[141.00365,39.78032],[141.00358,39.78043],[141.00343,39.78053],[141.0033,39.78058],[141.00315,39.78069],[141.00307,39.78083],[141.00302,39.78099],[141.00302,39.78111],[141.00305,39.78127],[141.00309,39.78143],[141.00307,39.78151],[141.00297,39.78157],[141.00291,39.78164],[141.00292,39.78171],[141.00292,39.78189],[141.00296,39.782],[141.00313,39.78228],[141.0032,39.7824],[141.0033,39.78281],[141.00312,39.78293],[141.00292,39.78311],[141.00279,39.78329],[141.00272,39.78343],[141.00269,39.78358],[141.00266,39.78381],[141.00259,39.78402],[141.00267,39.78419],[141.00272,39.78435],[141.00268,39.78476],[141.00269,39.78492],[141.00278,39.78548],[141.00282,39.78582],[141.00281,39.78615],[141.00278,39.78661],[141.00279,39.7871],[141.00273,39.78755],[141.00268,39.78812],[141.0027,39.78866],[141.00274,39.78928],[141.00281,39.78951],[141.00287,39.78967],[141.00299,39.78987],[141.00303,39.78996],[141.00303,39.79004],[141.003,39.79016],[141.00301,39.79023],[141.00308,39.79042],[141.00315,39.7906],[141.00315,39.79067],[141.00314,39.79078],[141.00312,39.79088],[141.00313,39.79096],[141.00316,39.79107],[141.00339,39.79182],[141.00342,39.7919],[141.00349,39.79198],[141.00356,39.79207],[141.0036,39.79217],[141.00362,39.79227],[141.00364,39.79242],[141.00361,39.79277],[141.0036,39.79289],[141.00375,39.79326],[141.00376,39.79336],[141.00375,39.79349],[141.00374,39.79366],[141.00373,39.79385],[141.00376,39.79402],[141.0038,39.79418],[141.0038,39.79429],[141.0038,39.79435],[141.00384,39.79441],[141.00392,39.79451],[141.00395,39.79458],[141.00393,39.79467],[141.00387,39.79487],[141.00386,39.79502],[141.00386,39.79516],[141.00392,39.79558],[141.00392,39.79596],[141.00396,39.79662],[141.00396,39.79728],[141.00397,39.79773],[141.00403,39.79851],[141.00411,39.80021],[141.00423,39.80193],[141.0043,39.80364],[141.00431,39.80488],[141.00442,39.80628],[141.00449,39.8075],[141.00441,39.80767],[141.00679,39.80761],[141.00899,39.80755],[141.01068,39.8075],[141.01235,39.80744],[141.0136,39.8074],[141.0158,39.80715],[141.01905,39.80676],[141.01978,39.80669],[141.02041,39.8066],[141.03151,39.80439],[141.0398,39.80283],[141.04021,39.80271],[141.04229,39.80203],[141.04282,39.80189],[141.04314,39.80177],[141.04361,39.80152],[141.04385,39.80132],[141.04409,39.80112],[141.04428,39.80077],[141.04443,39.8003],[141.04453,39.80009],[141.04469,39.79987],[141.04495,39.7996],[141.04854,39.79465],[141.04875,39.79442],[141.04905,39.79419],[141.04945,39.79395],[141.05056,39.79333],[141.05151,39.79278],[141.05271,39.79215],[141.0537,39.79172],[141.05468,39.79126],[141.05614,39.79075],[141.057,39.79048],[141.05763,39.79045],[141.05832,39.79036],[141.05875,39.79024],[141.05961,39.79004],[141.06012,39.7898],[141.06072,39.78969],[141.06185,39.78954],[141.06281,39.78933],[141.06368,39.78918],[141.06455,39.78909]]]}},{"type":"Feature","properties":{"name":"湯舟沢","setai":1430,"jinko":4058,"key":"03216007017","units":2,"m":1941,"f":2117,"gk":6,"a0":621,"a1":2596,"a2":839,"a75":289,"ag":[160,217,244,245,148,156,176,253,304,337,301,363,313,302,248,149,81,41,13,4,1],"nf":2},"geometry":{"type":"MultiPolygon","coordinates":[[[[141.10597,39.77728],[141.10593,39.77667],[141.10603,39.77658],[141.10601,39.77625],[141.1059,39.77616],[141.1059,39.77585],[141.10577,39.77549],[141.1057,39.77539],[141.10532,39.77491],[141.10475,39.77419],[141.10465,39.77439],[141.10446,39.77483],[141.10435,39.77508],[141.10353,39.77511],[141.10347,39.77515],[141.10347,39.77542],[141.10343,39.77545],[141.10339,39.77545],[141.10274,39.77549],[141.10245,39.7755],[141.10237,39.77555],[141.10151,39.77613],[141.10102,39.77642],[141.10073,39.7765],[141.10063,39.77652],[141.10052,39.77651],[141.10043,39.77649],[141.10036,39.77647],[141.1003,39.77643],[141.10024,39.77643],[141.10017,39.77642],[141.10011,39.77639],[141.10007,39.77635],[141.1,39.77635],[141.09984,39.7764],[141.09962,39.77655],[141.09945,39.77665],[141.0992,39.77669],[141.09906,39.7767],[141.0989,39.77668],[141.09882,39.77665],[141.09878,39.77662],[141.09875,39.77653],[141.09852,39.7766],[141.09827,39.77661],[141.0982,39.77662],[141.09826,39.77678],[141.09831,39.77689],[141.09818,39.77701],[141.09801,39.7772],[141.09795,39.77727],[141.09785,39.77733],[141.09768,39.77743],[141.09753,39.77751],[141.09741,39.77758],[141.0973,39.77765],[141.09724,39.77769],[141.09687,39.77773],[141.09667,39.77775],[141.09649,39.77779],[141.09641,39.77779],[141.09621,39.7778],[141.0961,39.77781],[141.09603,39.77783],[141.09594,39.77788],[141.09573,39.77806],[141.09561,39.77816],[141.09557,39.7782],[141.09556,39.77827],[141.09552,39.77833],[141.09547,39.77838],[141.09746,39.7792],[141.09815,39.77949],[141.0985,39.77961],[141.09879,39.77969],[141.09884,39.77996],[141.09866,39.78023],[141.09826,39.78061],[141.0981,39.78071],[141.09794,39.78081],[141.09788,39.78087],[141.09785,39.78093],[141.09785,39.7811],[141.09784,39.78137],[141.09783,39.78175],[141.09794,39.78198],[141.098,39.78213],[141.09808,39.78217],[141.09823,39.78223],[141.09835,39.78223],[141.09871,39.78219],[141.09984,39.78205],[141.10021,39.78201],[141.10052,39.78198],[141.10087,39.78192],[141.10117,39.78184],[141.10118,39.78184],[141.10164,39.78171],[141.1021,39.78159],[141.10225,39.78155],[141.10256,39.78147],[141.10302,39.78135],[141.10355,39.78088],[141.10393,39.78036],[141.10369,39.78009],[141.10376,39.7797],[141.10373,39.77964],[141.1039,39.7795],[141.10412,39.77923],[141.10436,39.77875],[141.10558,39.77872],[141.10566,39.77868],[141.10574,39.77864],[141.10578,39.77854],[141.10579,39.77849],[141.10578,39.77835],[141.10572,39.77801],[141.10573,39.77797],[141.10577,39.77789],[141.10578,39.77773],[141.10576,39.77749],[141.10597,39.77728]]],[[[141.10993,39.7834],[141.11015,39.78335],[141.11035,39.78342],[141.11043,39.78346],[141.11055,39.78359],[141.11038,39.78303],[141.10998,39.78183],[141.10958,39.78064],[141.10908,39.77938],[141.10872,39.77849],[141.10827,39.77747],[141.10798,39.77685],[141.10746,39.77578],[141.10686,39.77465],[141.10633,39.77374],[141.10615,39.77343],[141.10583,39.77286],[141.1052,39.77176],[141.10445,39.77059],[141.10357,39.76928],[141.10344,39.76909],[141.10283,39.76819],[141.10208,39.76706],[141.10147,39.76604],[141.10086,39.76505],[141.10057,39.76452],[141.10018,39.7638],[141.09958,39.76266],[141.09897,39.76137],[141.09878,39.76096],[141.09874,39.76089],[141.09858,39.76053],[141.09827,39.75985],[141.09798,39.75917],[141.09758,39.7581],[141.09749,39.75786],[141.09716,39.75699],[141.09686,39.75614],[141.09666,39.75552],[141.09607,39.75573],[141.09593,39.75562],[141.0959,39.75561],[141.09585,39.7556],[141.09583,39.7556],[141.09528,39.75585],[141.09496,39.75606],[141.09442,39.75638],[141.09375,39.7569],[141.09352,39.75694],[141.09289,39.75675],[141.09228,39.75721],[141.0913,39.75795],[141.09084,39.75829],[141.09023,39.75855],[141.08991,39.75864],[141.08975,39.75876],[141.08954,39.75901],[141.08921,39.75956],[141.08885,39.76005],[141.08864,39.76039],[141.08857,39.76049],[141.08814,39.76115],[141.08756,39.76195],[141.08642,39.76315],[141.0854,39.76406],[141.08439,39.76487],[141.083,39.76591],[141.08095,39.76736],[141.07939,39.76849],[141.07836,39.76924],[141.07712,39.77038],[141.07565,39.77152],[141.07438,39.77258],[141.07345,39.77343],[141.07226,39.77461],[141.07189,39.77501],[141.07133,39.77571],[141.07171,39.77658],[141.07257,39.7783],[141.07344,39.77974],[141.07409,39.78068],[141.07459,39.78123],[141.07512,39.78165],[141.07528,39.78176],[141.07591,39.78226],[141.07629,39.78263],[141.07659,39.78294],[141.07675,39.78318],[141.07689,39.78345],[141.07693,39.78371],[141.07695,39.78398],[141.07702,39.78512],[141.07703,39.78626],[141.077,39.78772],[141.07712,39.78876],[141.07723,39.78974],[141.08105,39.78994],[141.08274,39.79004],[141.08454,39.79042],[141.0862,39.79086],[141.08734,39.79133],[141.08807,39.79169],[141.08869,39.79184],[141.08996,39.79194],[141.09169,39.7918],[141.09277,39.79157],[141.09397,39.79136],[141.09552,39.79105],[141.09679,39.79064],[141.09823,39.79023],[141.09989,39.78976],[141.10103,39.78951],[141.10059,39.78908],[141.10039,39.78885],[141.10024,39.78858],[141.1002,39.78841],[141.10017,39.7882],[141.10018,39.78803],[141.10027,39.78782],[141.10049,39.78754],[141.10101,39.78721],[141.10145,39.78699],[141.10169,39.7866],[141.102,39.78611],[141.10236,39.78553],[141.10262,39.7854],[141.10305,39.78536],[141.10379,39.7853],[141.10466,39.78522],[141.10557,39.78497],[141.10634,39.78472],[141.10699,39.7846],[141.10765,39.78453],[141.10871,39.78425],[141.10914,39.78402],[141.10943,39.78382],[141.10977,39.7835],[141.10993,39.7834]],[[141.09852,39.7766],[141.09875,39.77653],[141.09878,39.77662],[141.09882,39.77665],[141.0989,39.77668],[141.09906,39.7767],[141.0992,39.77669],[141.09945,39.77665],[141.09962,39.77655],[141.09984,39.7764],[141.1,39.77635],[141.10007,39.77635],[141.10011,39.77639],[141.10017,39.77642],[141.10024,39.77643],[141.1003,39.77643],[141.10036,39.77647],[141.10043,39.77649],[141.10052,39.77651],[141.10063,39.77652],[141.10073,39.7765],[141.10102,39.77642],[141.10151,39.77613],[141.10237,39.77555],[141.10245,39.7755],[141.10274,39.77549],[141.10339,39.77545],[141.10343,39.77545],[141.10347,39.77542],[141.10347,39.77515],[141.10353,39.77511],[141.10435,39.77508],[141.10446,39.77483],[141.10465,39.77439],[141.10475,39.77419],[141.10532,39.77491],[141.1057,39.77539],[141.10577,39.77549],[141.1059,39.77585],[141.1059,39.77616],[141.10601,39.77625],[141.10603,39.77658],[141.10593,39.77667],[141.10597,39.77728],[141.10576,39.77749],[141.10578,39.77773],[141.10577,39.77789],[141.10573,39.77797],[141.10572,39.77801],[141.10578,39.77835],[141.10579,39.77849],[141.10578,39.77854],[141.10574,39.77864],[141.10566,39.77868],[141.10558,39.77872],[141.10436,39.77875],[141.10412,39.77923],[141.1039,39.7795],[141.10373,39.77964],[141.10376,39.7797],[141.10369,39.78009],[141.10393,39.78036],[141.10355,39.78088],[141.10302,39.78135],[141.10256,39.78147],[141.10225,39.78155],[141.1021,39.78159],[141.10164,39.78171],[141.10118,39.78184],[141.10117,39.78184],[141.10087,39.78192],[141.10052,39.78198],[141.10021,39.78201],[141.09984,39.78205],[141.09871,39.78219],[141.09835,39.78223],[141.09823,39.78223],[141.09808,39.78217],[141.098,39.78213],[141.09794,39.78198],[141.09783,39.78175],[141.09784,39.78137],[141.09785,39.7811],[141.09785,39.78093],[141.09788,39.78087],[141.09794,39.78081],[141.0981,39.78071],[141.09826,39.78061],[141.09866,39.78023],[141.09884,39.77996],[141.09879,39.77969],[141.0985,39.77961],[141.09815,39.77949],[141.09746,39.7792],[141.09547,39.77838],[141.09552,39.77833],[141.09556,39.77827],[141.09557,39.7782],[141.09561,39.77816],[141.09573,39.77806],[141.09594,39.77788],[141.09603,39.77783],[141.0961,39.77781],[141.09621,39.7778],[141.09641,39.77779],[141.09649,39.77779],[141.09667,39.77775],[141.09687,39.77773],[141.09724,39.77769],[141.0973,39.77765],[141.09741,39.77758],[141.09753,39.77751],[141.09768,39.77743],[141.09785,39.77733],[141.09795,39.77727],[141.09801,39.7772],[141.09818,39.77701],[141.09831,39.77689],[141.09826,39.77678],[141.0982,39.77662],[141.09827,39.77661],[141.09852,39.7766]]]]}},{"type":"Feature","properties":{"name":"木賊川","setai":202,"jinko":521,"key":"03216007027","units":1,"m":253,"f":268,"gk":4,"a0":45,"a1":293,"a2":183,"a75":66,"ag":[10,20,15,22,17,17,24,26,30,32,40,33,52,69,48,25,18,12,10,1,0]},"geometry":{"type":"Polygon","coordinates":[[[141.11306,39.78369],[141.11325,39.78368],[141.11349,39.78371],[141.11386,39.78386],[141.11398,39.7839],[141.1141,39.78389],[141.1147,39.78347],[141.11471,39.78321],[141.11485,39.78277],[141.11496,39.78255],[141.115,39.7825],[141.11509,39.78244],[141.11521,39.7824],[141.11535,39.78237],[141.11538,39.78236],[141.11539,39.78232],[141.11536,39.78229],[141.11534,39.78224],[141.11535,39.78219],[141.11537,39.78216],[141.11543,39.78211],[141.11553,39.78205],[141.11555,39.78203],[141.11556,39.78197],[141.11557,39.78192],[141.11559,39.78189],[141.11565,39.78182],[141.11581,39.78169],[141.1159,39.78159],[141.11594,39.78154],[141.11589,39.78148],[141.11585,39.78144],[141.1158,39.78143],[141.11563,39.78139],[141.11544,39.7813],[141.11534,39.78122],[141.11526,39.78114],[141.11524,39.78109],[141.11524,39.78101],[141.11526,39.78098],[141.11529,39.78096],[141.11549,39.7809],[141.11554,39.78088],[141.11555,39.78085],[141.11557,39.7808],[141.11557,39.7806],[141.11555,39.78055],[141.11547,39.78048],[141.11532,39.78045],[141.11498,39.78045],[141.11489,39.78041],[141.11484,39.78036],[141.11484,39.78028],[141.11496,39.78009],[141.1152,39.77986],[141.11522,39.77979],[141.11522,39.77974],[141.11511,39.77961],[141.11502,39.77948],[141.11501,39.77944],[141.115,39.77939],[141.11502,39.77934],[141.11509,39.77915],[141.11517,39.77891],[141.1152,39.77882],[141.1152,39.77876],[141.11519,39.7787],[141.11517,39.77865],[141.11512,39.77861],[141.11503,39.77856],[141.11494,39.77852],[141.11482,39.77849],[141.11475,39.77846],[141.11473,39.77843],[141.11473,39.77839],[141.11472,39.77834],[141.11474,39.77826],[141.1148,39.77803],[141.11489,39.77778],[141.11497,39.77757],[141.11501,39.77747],[141.11501,39.77743],[141.11501,39.77739],[141.11494,39.77726],[141.11491,39.77718],[141.1149,39.77712],[141.11493,39.77708],[141.11499,39.77702],[141.11504,39.77696],[141.11507,39.7769],[141.11509,39.77677],[141.11511,39.77663],[141.1151,39.77656],[141.11507,39.77649],[141.115,39.77639],[141.11491,39.77628],[141.11488,39.77621],[141.11486,39.77613],[141.11486,39.77603],[141.11487,39.77597],[141.11491,39.77591],[141.11497,39.77579],[141.11499,39.77572],[141.11498,39.77557],[141.11499,39.77551],[141.11504,39.77539],[141.11512,39.77522],[141.11516,39.77514],[141.1152,39.77501],[141.11521,39.77493],[141.1152,39.77488],[141.11517,39.77484],[141.11512,39.77482],[141.11503,39.77481],[141.11497,39.77479],[141.11492,39.77476],[141.11484,39.77474],[141.11482,39.77471],[141.11481,39.77468],[141.11483,39.77466],[141.11487,39.77462],[141.11491,39.77458],[141.11494,39.7745],[141.11496,39.77445],[141.11497,39.7744],[141.11495,39.77437],[141.11492,39.77436],[141.11488,39.77434],[141.11483,39.77433],[141.11479,39.7743],[141.11478,39.77427],[141.11478,39.77423],[141.11481,39.77418],[141.11484,39.77416],[141.11487,39.77415],[141.11494,39.77413],[141.11499,39.7741],[141.11503,39.77408],[141.11504,39.77405],[141.11505,39.77402],[141.115,39.77395],[141.11498,39.77389],[141.11497,39.77373],[141.11499,39.77357],[141.11501,39.77351],[141.11505,39.77347],[141.11514,39.77342],[141.11516,39.7734],[141.11517,39.77336],[141.11516,39.77331],[141.11507,39.77322],[141.11503,39.77312],[141.11499,39.77304],[141.11496,39.77288],[141.11495,39.77281],[141.11497,39.77277],[141.11503,39.77275],[141.11508,39.77274],[141.11517,39.77271],[141.1152,39.77268],[141.11521,39.77261],[141.11523,39.77256],[141.11529,39.77247],[141.11529,39.77242],[141.11524,39.77237],[141.11514,39.77231],[141.11504,39.77219],[141.11494,39.77204],[141.11493,39.77198],[141.11496,39.77189],[141.11496,39.77174],[141.115,39.77169],[141.11515,39.77157],[141.1152,39.77152],[141.11521,39.77139],[141.11522,39.77129],[141.11533,39.77107],[141.11536,39.77095],[141.11538,39.77083],[141.11531,39.77056],[141.11526,39.77039],[141.11516,39.7702],[141.11511,39.77006],[141.11509,39.76992],[141.11512,39.76983],[141.11517,39.76975],[141.11518,39.76964],[141.11516,39.76942],[141.11519,39.76933],[141.11528,39.76921],[141.1153,39.76914],[141.11529,39.76906],[141.11525,39.76894],[141.11517,39.76883],[141.11497,39.76865],[141.11483,39.76855],[141.11468,39.76845],[141.1146,39.76838],[141.11452,39.7683],[141.11436,39.76823],[141.11428,39.76818],[141.11424,39.76814],[141.11422,39.76804],[141.11419,39.76798],[141.11414,39.76793],[141.11407,39.76789],[141.11405,39.76784],[141.11407,39.76777],[141.11411,39.76765],[141.1141,39.76759],[141.11403,39.76753],[141.11392,39.76747],[141.11386,39.76743],[141.11384,39.76738],[141.11384,39.76723],[141.11301,39.76754],[141.11272,39.76764],[141.11235,39.76771],[141.11196,39.76777],[141.11158,39.76697],[141.11115,39.7661],[141.11045,39.76465],[141.11011,39.76396],[141.10981,39.76333],[141.10949,39.76268],[141.10882,39.7613],[141.10784,39.76161],[141.10775,39.76166],[141.10771,39.76171],[141.1077,39.76184],[141.10773,39.76201],[141.10771,39.76213],[141.10758,39.76245],[141.10749,39.76273],[141.10733,39.7631],[141.10726,39.76327],[141.10722,39.76339],[141.10714,39.7635],[141.10704,39.76361],[141.10699,39.76349],[141.10696,39.76329],[141.10696,39.76303],[141.10692,39.76281],[141.10687,39.76268],[141.10678,39.76255],[141.10667,39.76244],[141.10656,39.76238],[141.1063,39.76229],[141.10589,39.76216],[141.10543,39.76202],[141.10508,39.76193],[141.10452,39.76185],[141.10401,39.7618],[141.10382,39.76176],[141.1036,39.76168],[141.10355,39.76165],[141.10343,39.76172],[141.10313,39.76185],[141.10251,39.76202],[141.10163,39.76222],[141.10148,39.76149],[141.10138,39.76109],[141.10115,39.76055],[141.10084,39.76056],[141.10053,39.7605],[141.10039,39.76053],[141.09979,39.76072],[141.09927,39.76082],[141.09874,39.76089],[141.09878,39.76096],[141.09897,39.76137],[141.09958,39.76266],[141.10018,39.7638],[141.10057,39.76452],[141.10086,39.76505],[141.10147,39.76604],[141.10208,39.76706],[141.10283,39.76819],[141.10344,39.76909],[141.10357,39.76928],[141.10445,39.77059],[141.1052,39.77176],[141.10583,39.77286],[141.10615,39.77343],[141.10633,39.77374],[141.10686,39.77465],[141.10746,39.77578],[141.10798,39.77685],[141.10827,39.77747],[141.10872,39.77849],[141.10908,39.77938],[141.10958,39.78064],[141.10998,39.78183],[141.11038,39.78303],[141.11055,39.78359],[141.11088,39.78451],[141.11142,39.78431],[141.11219,39.78399],[141.11278,39.78376],[141.11306,39.78369]]]}},{"type":"Feature","properties":{"name":"外山","setai":2397,"jinko":6805,"key":"03216007037","units":1,"m":3228,"f":3577,"gk":20,"a0":1236,"a1":4174,"a2":1378,"a75":655,"ag":[428,411,397,348,235,322,463,526,572,514,443,378,373,369,354,225,153,138,102,30,7],"nf":17},"geometry":{"type":"Polygon","coordinates":[[[141.09228,39.75721],[141.09289,39.75675],[141.09352,39.75694],[141.09375,39.7569],[141.09442,39.75638],[141.09496,39.75606],[141.09528,39.75585],[141.09583,39.7556],[141.09585,39.7556],[141.0959,39.75561],[141.09593,39.75562],[141.09607,39.75573],[141.09666,39.75552],[141.09734,39.75526],[141.09784,39.75506],[141.09794,39.75502],[141.09865,39.75474],[141.09925,39.75453],[141.09964,39.75439],[141.1003,39.75417],[141.10068,39.75404],[141.10076,39.75403],[141.10082,39.75402],[141.10098,39.754],[141.10239,39.75378],[141.10279,39.75369],[141.10339,39.75353],[141.1036,39.75346],[141.10456,39.75317],[141.10557,39.75289],[141.10565,39.75286],[141.10568,39.75286],[141.10689,39.75251],[141.10737,39.75237],[141.10951,39.75176],[141.11025,39.75154],[141.11087,39.75135],[141.11119,39.75126],[141.11244,39.75092],[141.11223,39.75045],[141.11203,39.74999],[141.11157,39.74894],[141.11148,39.74873],[141.11126,39.74832],[141.11102,39.74796],[141.11099,39.74792],[141.11096,39.74788],[141.11089,39.74779],[141.11044,39.74721],[141.10945,39.746],[141.10974,39.74584],[141.10959,39.74582],[141.10949,39.74579],[141.10947,39.74577],[141.1094,39.7457],[141.10917,39.74542],[141.10905,39.74525],[141.10903,39.74524],[141.1089,39.74513],[141.1084,39.74469],[141.10805,39.74438],[141.10797,39.74434],[141.10779,39.74433],[141.1069,39.74431],[141.1068,39.74431],[141.10675,39.74431],[141.10634,39.74431],[141.10604,39.74431],[141.10554,39.74435],[141.10513,39.74438],[141.105,39.74423],[141.10486,39.74406],[141.10478,39.74393],[141.10459,39.74376],[141.1044,39.74363],[141.10412,39.7435],[141.10401,39.74343],[141.10395,39.74335],[141.10391,39.74318],[141.10381,39.74302],[141.1038,39.74298],[141.10379,39.74293],[141.10383,39.74284],[141.10385,39.74276],[141.10379,39.74268],[141.10372,39.74258],[141.10337,39.74215],[141.10325,39.74195],[141.10308,39.74169],[141.10266,39.74105],[141.1024,39.74064],[141.10094,39.7413],[141.09937,39.742],[141.09945,39.74217],[141.09952,39.74228],[141.09954,39.74241],[141.09954,39.74264],[141.09952,39.74274],[141.09954,39.74278],[141.09963,39.74284],[141.09961,39.74288],[141.09912,39.74337],[141.09847,39.744],[141.09821,39.74424],[141.09761,39.74482],[141.09754,39.74492],[141.09739,39.74503],[141.09678,39.74552],[141.09673,39.74554],[141.09651,39.74566],[141.09632,39.74578],[141.09599,39.74593],[141.09558,39.74613],[141.09532,39.74621],[141.09487,39.74628],[141.09438,39.74634],[141.09431,39.74635],[141.09414,39.74632],[141.09371,39.74623],[141.09331,39.7461],[141.09315,39.74606],[141.09305,39.74605],[141.09218,39.74604],[141.09155,39.74603],[141.09107,39.74603],[141.0909,39.74604],[141.09069,39.74607],[141.09072,39.7462],[141.0909,39.74694],[141.09107,39.74768],[141.09109,39.74774],[141.09123,39.74839],[141.09128,39.74863],[141.09141,39.74913],[141.09149,39.74945],[141.08969,39.7494],[141.08928,39.74938],[141.08908,39.74936],[141.0888,39.74929],[141.08849,39.74928],[141.08791,39.74923],[141.0876,39.7492],[141.08718,39.74911],[141.08681,39.74903],[141.08647,39.74893],[141.08622,39.74889],[141.08584,39.74882],[141.08572,39.7488],[141.08565,39.7488],[141.08518,39.74878],[141.0848,39.74876],[141.08441,39.74871],[141.08403,39.74866],[141.08398,39.74865],[141.08345,39.74861],[141.08298,39.74861],[141.08218,39.74864],[141.08166,39.74866],[141.08118,39.74871],[141.0806,39.74877],[141.08001,39.74885],[141.07966,39.74893],[141.07918,39.74907],[141.07886,39.74915],[141.07872,39.74918],[141.07837,39.74919],[141.07793,39.74918],[141.07772,39.74912],[141.07758,39.74902],[141.07726,39.74878],[141.07713,39.74864],[141.07693,39.74858],[141.0767,39.74851],[141.07522,39.74853],[141.07373,39.74858],[141.07268,39.7487],[141.07225,39.7488],[141.07214,39.74885],[141.07206,39.74891],[141.07166,39.7491],[141.07145,39.7492],[141.07136,39.74924],[141.07124,39.74922],[141.07107,39.7492],[141.07095,39.74919],[141.07087,39.7492],[141.07079,39.74923],[141.07064,39.7493],[141.07046,39.74942],[141.07038,39.74948],[141.0697,39.74898],[141.06946,39.74914],[141.06889,39.74948],[141.06824,39.7499],[141.06799,39.75005],[141.06778,39.7502],[141.06758,39.7504],[141.06732,39.7507],[141.06707,39.751],[141.06694,39.75113],[141.06687,39.75119],[141.06671,39.75123],[141.06655,39.75128],[141.06644,39.7513],[141.06628,39.75131],[141.06608,39.75131],[141.06599,39.75134],[141.06586,39.75143],[141.06575,39.75161],[141.0656,39.75179],[141.06551,39.75185],[141.06542,39.75187],[141.06507,39.75207],[141.06478,39.75222],[141.06448,39.75236],[141.06407,39.75256],[141.06369,39.7527],[141.0636,39.7527],[141.06358,39.75278],[141.06268,39.75274],[141.06262,39.75321],[141.06242,39.75355],[141.06239,39.75359],[141.06221,39.7539],[141.06206,39.75417],[141.06191,39.75485],[141.06252,39.75493],[141.06287,39.75494],[141.06333,39.75496],[141.06328,39.75523],[141.06339,39.7553],[141.0631,39.75547],[141.06325,39.75566],[141.06339,39.75553],[141.06349,39.7555],[141.0636,39.75542],[141.06369,39.75548],[141.06371,39.75549],[141.06426,39.75586],[141.0643,39.75595],[141.06434,39.75604],[141.06447,39.75674],[141.06453,39.75703],[141.06452,39.75795],[141.06441,39.7589],[141.06403,39.75993],[141.06352,39.76069],[141.06318,39.76117],[141.0628,39.76158],[141.06244,39.76206],[141.06232,39.76237],[141.06228,39.76273],[141.06225,39.76322],[141.06222,39.76379],[141.06201,39.76459],[141.0618,39.7657],[141.06162,39.76725],[141.06148,39.76917],[141.06139,39.77031],[141.06101,39.77172],[141.06065,39.77321],[141.0605,39.77399],[141.06039,39.77458],[141.0609,39.77482],[141.06205,39.77534],[141.06353,39.77587],[141.06488,39.7763],[141.06662,39.77658],[141.06755,39.77669],[141.0688,39.77676],[141.06951,39.77668],[141.07017,39.77647],[141.07076,39.77616],[141.07133,39.77571],[141.07189,39.77501],[141.07226,39.77461],[141.07345,39.77343],[141.07438,39.77258],[141.07565,39.77152],[141.07712,39.77038],[141.07836,39.76924],[141.07939,39.76849],[141.08095,39.76736],[141.083,39.76591],[141.08439,39.76487],[141.0854,39.76406],[141.08642,39.76315],[141.08756,39.76195],[141.08814,39.76115],[141.08857,39.76049],[141.08864,39.76039],[141.08885,39.76005],[141.08921,39.75956],[141.08954,39.75901],[141.08975,39.75876],[141.08991,39.75864],[141.09023,39.75855],[141.09084,39.75829],[141.0913,39.75795],[141.09228,39.75721]]]}},{"type":"Feature","properties":{"name":"穴口","setai":2102,"jinko":5155,"key":"03216007047","units":3,"m":2508,"f":2647,"gk":16,"a0":768,"a1":3077,"a2":1288,"a75":582,"ag":[251,299,218,201,225,221,326,368,390,377,303,332,334,349,357,255,156,101,53,15,2],"nf":22},"geometry":{"type":"MultiPolygon","coordinates":[[[[141.1174,39.75087],[141.11745,39.75081],[141.11754,39.7507],[141.11769,39.75043],[141.11776,39.75031],[141.11783,39.75018],[141.11794,39.74994],[141.11795,39.7498],[141.11796,39.74967],[141.11797,39.74954],[141.11799,39.74942],[141.11799,39.74931],[141.11802,39.74928],[141.11808,39.74926],[141.11818,39.74926],[141.11852,39.74925],[141.11891,39.74927],[141.11903,39.74929],[141.11929,39.74934],[141.1195,39.74939],[141.1197,39.74946],[141.11973,39.74947],[141.12005,39.74957],[141.12006,39.74958],[141.12022,39.74964],[141.12039,39.74967],[141.12049,39.74968],[141.12065,39.74967],[141.12087,39.74965],[141.12095,39.74964],[141.12109,39.74962],[141.12119,39.74961],[141.12141,39.74959],[141.12166,39.74956],[141.12198,39.74951],[141.12201,39.74951],[141.12228,39.74947],[141.12256,39.74943],[141.12264,39.74942],[141.12276,39.7494],[141.12286,39.74938],[141.12329,39.7495],[141.12359,39.7496],[141.12365,39.74962],[141.12327,39.7492],[141.12333,39.74916],[141.12311,39.74888],[141.1229,39.74862],[141.12267,39.74835],[141.12231,39.74791],[141.12229,39.74788],[141.12193,39.74746],[141.12189,39.74744],[141.12172,39.7473],[141.1215,39.74709],[141.12114,39.74689],[141.12091,39.74699],[141.12074,39.74678],[141.12082,39.74674],[141.12064,39.74652],[141.1203,39.74668],[141.11986,39.7461],[141.11963,39.74622],[141.11933,39.74587],[141.11912,39.74598],[141.11939,39.74629],[141.1195,39.74644],[141.11931,39.74656],[141.11947,39.74675],[141.11967,39.74697],[141.11956,39.74702],[141.11973,39.74736],[141.11994,39.74774],[141.12001,39.74793],[141.11988,39.748],[141.12012,39.74826],[141.12021,39.74842],[141.11975,39.74855],[141.11959,39.74851],[141.11934,39.74846],[141.11909,39.7484],[141.11897,39.74837],[141.11887,39.74837],[141.11813,39.74808],[141.11806,39.74805],[141.11796,39.74801],[141.11789,39.74795],[141.11785,39.74788],[141.11783,39.74785],[141.11775,39.74762],[141.11772,39.74746],[141.11742,39.7472],[141.11725,39.74709],[141.11706,39.74708],[141.11642,39.74701],[141.11639,39.74701],[141.11598,39.74695],[141.11565,39.74684],[141.11538,39.7467],[141.11503,39.74651],[141.11476,39.74635],[141.11463,39.74626],[141.11454,39.74621],[141.11452,39.74617],[141.11437,39.74614],[141.11426,39.74611],[141.11413,39.7461],[141.11394,39.74611],[141.11343,39.74613],[141.11337,39.74613],[141.11314,39.74613],[141.11283,39.74612],[141.11264,39.74608],[141.11251,39.74604],[141.11199,39.74593],[141.11162,39.74583],[141.11149,39.7458],[141.111,39.74569],[141.11064,39.74531],[141.11032,39.74546],[141.10974,39.74584],[141.10945,39.746],[141.11044,39.74721],[141.11089,39.74779],[141.11096,39.74788],[141.11099,39.74792],[141.11102,39.74796],[141.11126,39.74832],[141.11148,39.74873],[141.11157,39.74894],[141.11203,39.74999],[141.11223,39.75045],[141.11244,39.75092],[141.11268,39.75085],[141.11286,39.75106],[141.11328,39.7515],[141.1136,39.75185],[141.11406,39.75232],[141.11432,39.7526],[141.11505,39.75232],[141.11565,39.75206],[141.11584,39.75197],[141.11611,39.75185],[141.11614,39.75181],[141.11619,39.75179],[141.11639,39.75173],[141.11657,39.75169],[141.11668,39.75165],[141.11682,39.75159],[141.1169,39.75154],[141.11696,39.75149],[141.11696,39.75144],[141.11695,39.75139],[141.11691,39.75133],[141.11686,39.75127],[141.11683,39.75121],[141.11684,39.75117],[141.11687,39.75114],[141.11691,39.7511],[141.11702,39.75105],[141.11722,39.75096],[141.11735,39.7509],[141.1174,39.75087]]],[[[141.11127,39.74536],[141.1113,39.74528],[141.11135,39.74508],[141.11138,39.74496],[141.11138,39.74496],[141.11146,39.74491],[141.11155,39.74487],[141.11171,39.74445],[141.11204,39.74429],[141.11208,39.74427],[141.11201,39.74419],[141.11198,39.74417],[141.11196,39.74416],[141.1118,39.74424],[141.11177,39.74423],[141.11175,39.74422],[141.11166,39.74407],[141.11162,39.74403],[141.11134,39.74378],[141.11125,39.7438],[141.11053,39.74406],[141.11032,39.74349],[141.11032,39.74331],[141.11032,39.74315],[141.11035,39.74292],[141.11042,39.74275],[141.11049,39.74266],[141.11059,39.74256],[141.11065,39.74252],[141.11081,39.74238],[141.11085,39.74234],[141.1108,39.74227],[141.11078,39.74225],[141.11078,39.74225],[141.11077,39.74225],[141.11067,39.7423],[141.11059,39.74233],[141.11003,39.74262],[141.10979,39.74238],[141.10958,39.74217],[141.10956,39.74218],[141.1093,39.74236],[141.10927,39.74233],[141.10927,39.74233],[141.1092,39.74226],[141.10903,39.7421],[141.10898,39.74206],[141.10903,39.74203],[141.10925,39.74186],[141.1093,39.74178],[141.10921,39.74171],[141.10892,39.74151],[141.10883,39.74146],[141.10863,39.74138],[141.10847,39.74132],[141.10828,39.7413],[141.10818,39.74129],[141.10781,39.74125],[141.10764,39.74123],[141.10743,39.74114],[141.10732,39.74101],[141.10717,39.7408],[141.10707,39.7407],[141.10697,39.74085],[141.10668,39.74124],[141.10637,39.74164],[141.10634,39.7417],[141.10616,39.74193],[141.10607,39.74206],[141.10587,39.74236],[141.10575,39.74253],[141.10555,39.74248],[141.10556,39.74225],[141.10556,39.7421],[141.10555,39.74188],[141.10554,39.74184],[141.10552,39.74166],[141.10548,39.74147],[141.10545,39.74108],[141.10542,39.74087],[141.10542,39.74086],[141.10538,39.74062],[141.10537,39.74057],[141.10526,39.74045],[141.10513,39.7403],[141.10512,39.74028],[141.10488,39.73998],[141.10439,39.73943],[141.10308,39.74004],[141.10238,39.74035],[141.10222,39.74034],[141.10228,39.74045],[141.1024,39.74064],[141.10266,39.74105],[141.10308,39.74169],[141.10325,39.74195],[141.10337,39.74215],[141.10372,39.74258],[141.10379,39.74268],[141.10385,39.74276],[141.10383,39.74284],[141.10379,39.74293],[141.1038,39.74298],[141.10381,39.74302],[141.10391,39.74318],[141.10395,39.74335],[141.10401,39.74343],[141.10412,39.7435],[141.1044,39.74363],[141.10459,39.74376],[141.10478,39.74393],[141.10486,39.74406],[141.105,39.74423],[141.10513,39.74438],[141.10554,39.74435],[141.10604,39.74431],[141.10634,39.74431],[141.10675,39.74431],[141.1068,39.74431],[141.1069,39.74431],[141.10779,39.74433],[141.10797,39.74434],[141.10805,39.74438],[141.1084,39.74469],[141.1089,39.74513],[141.10903,39.74524],[141.10905,39.74525],[141.10917,39.74542],[141.1094,39.7457],[141.10947,39.74577],[141.10949,39.74579],[141.10959,39.74582],[141.10974,39.74584],[141.11032,39.74546],[141.11064,39.74531],[141.111,39.74569],[141.11149,39.7458],[141.11162,39.74583],[141.11199,39.74593],[141.11185,39.74587],[141.11168,39.74573],[141.11153,39.74569],[141.11144,39.74565],[141.11139,39.74562],[141.11134,39.74558],[141.1113,39.74553],[141.11127,39.74548],[141.11126,39.74542],[141.11127,39.74536]]],[[[141.10308,39.74004],[141.10439,39.73943],[141.10488,39.73998],[141.10512,39.74028],[141.1053,39.7402],[141.10532,39.74019],[141.10529,39.74015],[141.10445,39.73913],[141.10491,39.7389],[141.10475,39.73869],[141.10496,39.73858],[141.10483,39.73843],[141.10483,39.73843],[141.10507,39.7383],[141.10499,39.7382],[141.10515,39.73812],[141.10506,39.73802],[141.10535,39.73786],[141.10526,39.73773],[141.10525,39.73772],[141.10555,39.73756],[141.10526,39.7372],[141.10539,39.73714],[141.10563,39.73704],[141.10578,39.73696],[141.10571,39.73686],[141.10566,39.7368],[141.10577,39.73674],[141.10605,39.73661],[141.10592,39.73644],[141.10585,39.73635],[141.10617,39.73612],[141.10602,39.73589],[141.10569,39.73544],[141.10567,39.73542],[141.10553,39.73526],[141.10522,39.73492],[141.10477,39.73436],[141.10471,39.73427],[141.10469,39.73423],[141.10467,39.73413],[141.10464,39.73403],[141.10461,39.73385],[141.10459,39.73374],[141.10455,39.73369],[141.10445,39.73361],[141.10429,39.7335],[141.1041,39.73341],[141.10393,39.73334],[141.10374,39.73323],[141.10281,39.73246],[141.10243,39.73211],[141.10221,39.7319],[141.10206,39.73175],[141.10194,39.73164],[141.10181,39.73153],[141.10128,39.73121],[141.10109,39.73117],[141.10104,39.73116],[141.10089,39.73116],[141.10082,39.73112],[141.0998,39.73089],[141.09978,39.73082],[141.09929,39.73073],[141.09896,39.73065],[141.09887,39.73063],[141.09895,39.73111],[141.099,39.73128],[141.09907,39.73151],[141.0992,39.73171],[141.09937,39.7319],[141.09975,39.73213],[141.10002,39.73222],[141.10052,39.73233],[141.10106,39.73245],[141.10137,39.73248],[141.10175,39.73255],[141.10196,39.73264],[141.10211,39.73278],[141.10224,39.73306],[141.10235,39.73334],[141.10236,39.73354],[141.1023,39.73381],[141.10224,39.7341],[141.1021,39.73457],[141.10181,39.73546],[141.10151,39.7364],[141.10133,39.73686],[141.10126,39.73715],[141.10122,39.73752],[141.10122,39.73782],[141.10126,39.73807],[141.10135,39.73842],[141.10139,39.73858],[141.10143,39.73872],[141.1015,39.73896],[141.10153,39.73902],[141.10168,39.73938],[141.10182,39.73958],[141.102,39.73989],[141.10215,39.74021],[141.10222,39.74034],[141.10238,39.74035],[141.10308,39.74004]]]]}},{"type":"Feature","properties":{"name":"中村","setai":364,"jinko":918,"key":"03216007067","units":1,"m":455,"f":463,"gk":0,"a0":106,"a1":494,"a2":316,"a75":127,"ag":[23,43,40,37,25,15,29,68,77,72,53,56,62,89,100,60,35,22,7,3,0],"nf":2},"geometry":{"type":"Polygon","coordinates":[[[141.11206,39.76137],[141.11208,39.76124],[141.11208,39.76118],[141.11202,39.76108],[141.112,39.76099],[141.11201,39.76092],[141.11209,39.76084],[141.11213,39.76077],[141.11213,39.76071],[141.11212,39.76061],[141.11212,39.76049],[141.11215,39.76039],[141.11221,39.76031],[141.11243,39.76007],[141.11261,39.75982],[141.11272,39.75964],[141.1128,39.75953],[141.11295,39.75938],[141.11302,39.75925],[141.11303,39.75921],[141.11295,39.75911],[141.11268,39.75889],[141.11245,39.75872],[141.11223,39.75858],[141.1122,39.75851],[141.11223,39.75845],[141.11225,39.75842],[141.11231,39.75838],[141.11243,39.7582],[141.11259,39.75799],[141.11271,39.75784],[141.11278,39.75775],[141.11282,39.75768],[141.11286,39.75754],[141.1129,39.75741],[141.11294,39.7573],[141.11297,39.75722],[141.11303,39.75711],[141.11306,39.75697],[141.1131,39.75675],[141.11311,39.75662],[141.11311,39.75646],[141.11308,39.75619],[141.11308,39.75605],[141.11311,39.75592],[141.1131,39.75587],[141.11307,39.75579],[141.11297,39.75565],[141.1129,39.75552],[141.11282,39.75538],[141.11273,39.7552],[141.1127,39.75501],[141.11271,39.75482],[141.11276,39.75466],[141.11283,39.75451],[141.11298,39.75429],[141.11306,39.75424],[141.11318,39.75419],[141.11336,39.75416],[141.11349,39.75414],[141.11366,39.75417],[141.11381,39.75422],[141.11402,39.7543],[141.11413,39.75437],[141.1142,39.75444],[141.11423,39.75452],[141.11427,39.75465],[141.11429,39.75495],[141.11435,39.75518],[141.11442,39.75532],[141.11451,39.75539],[141.11464,39.75542],[141.11503,39.75545],[141.11526,39.75547],[141.11542,39.7555],[141.11571,39.75562],[141.116,39.75572],[141.11629,39.75581],[141.11643,39.75584],[141.11659,39.75585],[141.11677,39.75584],[141.117,39.75579],[141.11729,39.75569],[141.11752,39.75563],[141.11762,39.75558],[141.11775,39.75545],[141.11787,39.75523],[141.11792,39.75513],[141.11795,39.7551],[141.11799,39.75508],[141.11799,39.75508],[141.11798,39.75507],[141.11801,39.75501],[141.11805,39.75494],[141.11809,39.75487],[141.11811,39.7548],[141.11812,39.75475],[141.11809,39.7547],[141.11806,39.75466],[141.118,39.75462],[141.11791,39.75461],[141.11777,39.7546],[141.11763,39.7546],[141.11752,39.75459],[141.11741,39.75455],[141.11733,39.7545],[141.11726,39.75445],[141.11719,39.75434],[141.11714,39.75407],[141.11713,39.7539],[141.11713,39.75375],[141.11711,39.75369],[141.11709,39.75367],[141.11706,39.75365],[141.11701,39.75365],[141.11695,39.75364],[141.11689,39.75362],[141.11684,39.7536],[141.1168,39.75358],[141.11677,39.75354],[141.11675,39.75352],[141.11677,39.75347],[141.11686,39.75341],[141.11689,39.75339],[141.11696,39.75337],[141.11705,39.75332],[141.11708,39.7533],[141.1171,39.75327],[141.1171,39.75321],[141.1171,39.75319],[141.11709,39.75316],[141.11704,39.75313],[141.11699,39.75308],[141.11694,39.75304],[141.11687,39.75297],[141.1168,39.7529],[141.11674,39.75283],[141.11667,39.75277],[141.11659,39.75269],[141.11655,39.75262],[141.11653,39.75258],[141.11654,39.75252],[141.11657,39.75242],[141.1166,39.75234],[141.1166,39.7523],[141.11658,39.75227],[141.11655,39.75224],[141.1165,39.7522],[141.11643,39.75217],[141.11637,39.75214],[141.1163,39.7521],[141.11621,39.75206],[141.11613,39.75201],[141.11608,39.75197],[141.11607,39.75195],[141.11608,39.7519],[141.11611,39.75185],[141.11584,39.75197],[141.11565,39.75206],[141.11505,39.75232],[141.11432,39.7526],[141.11406,39.75232],[141.1136,39.75185],[141.11328,39.7515],[141.11286,39.75106],[141.11268,39.75085],[141.11244,39.75092],[141.11119,39.75126],[141.11087,39.75135],[141.11025,39.75154],[141.10951,39.75176],[141.10737,39.75237],[141.10689,39.75251],[141.10568,39.75286],[141.10565,39.75286],[141.10557,39.75289],[141.10456,39.75317],[141.1036,39.75346],[141.10339,39.75353],[141.10279,39.75369],[141.10239,39.75378],[141.10098,39.754],[141.10082,39.75402],[141.10076,39.75403],[141.10068,39.75404],[141.1003,39.75417],[141.09964,39.75439],[141.09925,39.75453],[141.09865,39.75474],[141.09794,39.75502],[141.09784,39.75506],[141.09734,39.75526],[141.09666,39.75552],[141.09686,39.75614],[141.09716,39.75699],[141.09749,39.75786],[141.09758,39.7581],[141.09798,39.75917],[141.09827,39.75985],[141.09858,39.76053],[141.09874,39.76089],[141.09927,39.76082],[141.09979,39.76072],[141.10039,39.76053],[141.10053,39.7605],[141.10084,39.76056],[141.10115,39.76055],[141.10138,39.76109],[141.10148,39.76149],[141.10163,39.76222],[141.10251,39.76202],[141.10313,39.76185],[141.10343,39.76172],[141.10355,39.76165],[141.1036,39.76168],[141.10382,39.76176],[141.10401,39.7618],[141.10452,39.76185],[141.10508,39.76193],[141.10543,39.76202],[141.10589,39.76216],[141.1063,39.76229],[141.10656,39.76238],[141.10667,39.76244],[141.10678,39.76255],[141.10687,39.76268],[141.10692,39.76281],[141.10696,39.76303],[141.10696,39.76329],[141.10699,39.76349],[141.10704,39.76361],[141.10714,39.7635],[141.10722,39.76339],[141.10726,39.76327],[141.10733,39.7631],[141.10749,39.76273],[141.10758,39.76245],[141.10771,39.76213],[141.10773,39.76201],[141.1077,39.76184],[141.10771,39.76171],[141.10775,39.76166],[141.10784,39.76161],[141.10882,39.7613],[141.10949,39.76268],[141.10981,39.76333],[141.11011,39.76396],[141.11045,39.76465],[141.11115,39.7661],[141.11158,39.76697],[141.11196,39.76777],[141.11235,39.76771],[141.11272,39.76764],[141.11301,39.76754],[141.11384,39.76723],[141.11381,39.76715],[141.11372,39.76707],[141.11357,39.76699],[141.11354,39.76694],[141.11356,39.76686],[141.11356,39.76657],[141.11358,39.76638],[141.11356,39.7662],[141.1135,39.76603],[141.11341,39.76597],[141.11326,39.76591],[141.11312,39.76585],[141.11305,39.76579],[141.113,39.76567],[141.11295,39.7656],[141.11286,39.76555],[141.11277,39.76554],[141.11268,39.76551],[141.11263,39.76545],[141.11259,39.76535],[141.11256,39.76515],[141.11253,39.7651],[141.11237,39.76499],[141.1123,39.76492],[141.11227,39.76485],[141.11228,39.76476],[141.11229,39.76463],[141.11226,39.76457],[141.1122,39.76454],[141.11212,39.76451],[141.11201,39.76448],[141.11197,39.76446],[141.11193,39.76441],[141.1119,39.76434],[141.11188,39.76428],[141.11184,39.76423],[141.11177,39.76421],[141.11172,39.76417],[141.11167,39.76411],[141.11151,39.7639],[141.11145,39.76382],[141.11143,39.76363],[141.11143,39.76352],[141.11147,39.76342],[141.11155,39.76326],[141.11155,39.76321],[141.11147,39.76308],[141.11142,39.76298],[141.11139,39.76275],[141.11139,39.76271],[141.11144,39.76267],[141.11151,39.76261],[141.11155,39.76255],[141.11156,39.76245],[141.11159,39.7624],[141.11162,39.76236],[141.11179,39.76229],[141.11184,39.76226],[141.11185,39.7622],[141.11188,39.76209],[141.11189,39.762],[141.11194,39.76193],[141.11212,39.76173],[141.11216,39.76163],[141.11216,39.76157],[141.11211,39.76147],[141.11206,39.76137]]]}},{"type":"Feature","properties":{"name":"室小路","setai":1002,"jinko":2620,"key":"03216007097","units":1,"m":1283,"f":1337,"gk":8,"a0":485,"a1":1735,"a2":374,"a75":157,"ag":[145,154,186,175,102,147,155,188,227,284,197,144,116,118,99,57,57,26,14,1,2],"nf":26},"geometry":{"type":"Polygon","coordinates":[[[141.09558,39.74613],[141.09599,39.74593],[141.09632,39.74578],[141.09651,39.74566],[141.09673,39.74554],[141.09678,39.74552],[141.09739,39.74503],[141.09754,39.74492],[141.09761,39.74482],[141.09821,39.74424],[141.09847,39.744],[141.09912,39.74337],[141.09961,39.74288],[141.09963,39.74284],[141.09954,39.74278],[141.09952,39.74274],[141.09954,39.74264],[141.09954,39.74241],[141.09952,39.74228],[141.09945,39.74217],[141.09937,39.742],[141.10094,39.7413],[141.1024,39.74064],[141.10228,39.74045],[141.10222,39.74034],[141.10215,39.74021],[141.102,39.73989],[141.10182,39.73958],[141.10168,39.73938],[141.10153,39.73902],[141.1015,39.73896],[141.10143,39.73872],[141.10139,39.73858],[141.10135,39.73842],[141.10126,39.73807],[141.10122,39.73782],[141.10122,39.73752],[141.10126,39.73715],[141.10133,39.73686],[141.10151,39.7364],[141.10181,39.73546],[141.1021,39.73457],[141.10224,39.7341],[141.1023,39.73381],[141.10236,39.73354],[141.10235,39.73334],[141.10224,39.73306],[141.10211,39.73278],[141.10196,39.73264],[141.10175,39.73255],[141.10137,39.73248],[141.10106,39.73245],[141.10052,39.73233],[141.10002,39.73222],[141.09975,39.73213],[141.09937,39.7319],[141.099,39.73207],[141.09891,39.73212],[141.09882,39.73221],[141.09873,39.73237],[141.09863,39.73258],[141.09826,39.73275],[141.09834,39.73292],[141.09828,39.73302],[141.09823,39.73325],[141.09807,39.73329],[141.09798,39.73333],[141.09792,39.73337],[141.09782,39.73347],[141.09775,39.73354],[141.0977,39.73357],[141.09765,39.73358],[141.09756,39.73357],[141.09746,39.73357],[141.09733,39.73356],[141.09725,39.73358],[141.09719,39.73361],[141.09709,39.73371],[141.09705,39.73379],[141.09693,39.7341],[141.09674,39.73467],[141.09656,39.73523],[141.09645,39.73552],[141.09642,39.73558],[141.09638,39.73566],[141.09627,39.73592],[141.09619,39.73609],[141.09601,39.73636],[141.09574,39.7367],[141.09555,39.73691],[141.09522,39.73731],[141.09499,39.73756],[141.09464,39.73792],[141.09422,39.73836],[141.09386,39.73873],[141.09361,39.739],[141.09508,39.73985],[141.09414,39.7408],[141.09364,39.74131],[141.09336,39.74159],[141.0931,39.74185],[141.09229,39.7427],[141.0916,39.74342],[141.09095,39.74408],[141.0902,39.74486],[141.09023,39.74488],[141.09044,39.74513],[141.09055,39.74543],[141.09061,39.74572],[141.09069,39.74607],[141.0909,39.74604],[141.09107,39.74603],[141.09155,39.74603],[141.09218,39.74604],[141.09305,39.74605],[141.09315,39.74606],[141.09331,39.7461],[141.09371,39.74623],[141.09414,39.74632],[141.09431,39.74635],[141.09438,39.74634],[141.09487,39.74628],[141.09532,39.74621],[141.09558,39.74613]]]}},{"type":"Feature","properties":{"name":"巣子","setai":4934,"jinko":10924,"key":"03216008008","units":4,"m":5498,"f":5426,"gk":46,"a0":1223,"a1":6760,"a2":2778,"a75":1104,"ag":[345,404,474,840,937,453,535,632,616,682,611,648,806,856,818,449,331,213,87,23,1],"nf":163},"geometry":{"type":"MultiPolygon","coordinates":[[[[141.12892,39.8281],[141.12901,39.82809],[141.12909,39.8281],[141.12916,39.82812],[141.12923,39.8282],[141.12931,39.82827],[141.12934,39.82829],[141.12938,39.82828],[141.12949,39.82821],[141.12959,39.82812],[141.12972,39.82794],[141.1298,39.82784],[141.12985,39.82781],[141.12991,39.8278],[141.13,39.82782],[141.13028,39.82793],[141.13051,39.828],[141.13064,39.82801],[141.13073,39.82799],[141.13082,39.82785],[141.13089,39.82776],[141.13102,39.82767],[141.13128,39.82759],[141.13147,39.82756],[141.13158,39.82761],[141.13187,39.8278],[141.13207,39.82786],[141.13212,39.82786],[141.13225,39.82782],[141.13232,39.82775],[141.13235,39.82766],[141.13242,39.82748],[141.13251,39.82731],[141.13272,39.82707],[141.13295,39.82688],[141.13308,39.8268],[141.13317,39.82677],[141.13327,39.82676],[141.13335,39.82677],[141.13343,39.82682],[141.13362,39.82699],[141.13369,39.82706],[141.1338,39.8271],[141.13405,39.82712],[141.13421,39.8271],[141.13431,39.82706],[141.13438,39.82699],[141.13445,39.82686],[141.13448,39.82672],[141.13448,39.82643],[141.13449,39.82615],[141.13449,39.82599],[141.1345,39.82583],[141.13451,39.82576],[141.13455,39.82568],[141.13461,39.82558],[141.13462,39.82554],[141.1346,39.82549],[141.13455,39.82544],[141.13449,39.82541],[141.13438,39.82538],[141.13418,39.82532],[141.13397,39.82523],[141.13387,39.82517],[141.13382,39.82509],[141.13382,39.82501],[141.13385,39.82494],[141.13389,39.82488],[141.13397,39.82483],[141.13413,39.82472],[141.13428,39.82457],[141.13443,39.82442],[141.13462,39.82423],[141.13475,39.82413],[141.13484,39.82406],[141.13496,39.82403],[141.13506,39.82403],[141.13518,39.82404],[141.1353,39.82406],[141.13538,39.82405],[141.13544,39.82403],[141.13556,39.82398],[141.13566,39.82389],[141.1357,39.82388],[141.13575,39.82388],[141.13583,39.8239],[141.13589,39.82393],[141.13595,39.82399],[141.13598,39.82409],[141.13596,39.82425],[141.13587,39.8245],[141.13582,39.82466],[141.1358,39.82475],[141.1358,39.82481],[141.13584,39.82486],[141.13589,39.82488],[141.13597,39.82488],[141.13611,39.82482],[141.13632,39.82472],[141.13646,39.82468],[141.13657,39.82468],[141.13667,39.82469],[141.13676,39.82472],[141.13682,39.82476],[141.13688,39.82483],[141.13691,39.82495],[141.13691,39.82511],[141.13693,39.82519],[141.13696,39.82525],[141.13705,39.8253],[141.13717,39.82532],[141.13731,39.82531],[141.13743,39.82527],[141.13753,39.82521],[141.1376,39.8252],[141.13774,39.82518],[141.13791,39.8251],[141.13799,39.82507],[141.13821,39.82501],[141.13833,39.82496],[141.13852,39.82484],[141.13863,39.82473],[141.13869,39.82465],[141.13876,39.82455],[141.13882,39.82448],[141.13889,39.82444],[141.13899,39.82444],[141.13908,39.82448],[141.13916,39.82455],[141.13932,39.82473],[141.13942,39.8248],[141.13952,39.82484],[141.1396,39.82486],[141.13967,39.82486],[141.13976,39.82482],[141.13985,39.82474],[141.13995,39.8246],[141.14002,39.8245],[141.14007,39.82449],[141.14017,39.82452],[141.14035,39.82459],[141.14043,39.82459],[141.14052,39.82459],[141.14063,39.82455],[141.1408,39.82445],[141.14093,39.82434],[141.14104,39.82425],[141.14109,39.8242],[141.14119,39.82413],[141.14127,39.82408],[141.14136,39.82406],[141.1415,39.82405],[141.14163,39.82408],[141.1418,39.82413],[141.14191,39.82415],[141.14205,39.82414],[141.1423,39.82408],[141.14246,39.82406],[141.14259,39.82407],[141.14267,39.82409],[141.14272,39.82416],[141.14273,39.82423],[141.14268,39.82444],[141.14268,39.82452],[141.14271,39.82459],[141.1428,39.82466],[141.14289,39.82471],[141.14316,39.82478],[141.14328,39.82484],[141.14341,39.82491],[141.14355,39.82506],[141.14367,39.82515],[141.14381,39.82523],[141.14409,39.82535],[141.14427,39.82541],[141.14441,39.82545],[141.14453,39.82545],[141.14464,39.82543],[141.14485,39.82536],[141.14503,39.8253],[141.14509,39.82529],[141.14516,39.8253],[141.1453,39.82536],[141.14542,39.8255],[141.14547,39.82559],[141.14546,39.82591],[141.14547,39.82602],[141.14551,39.82609],[141.14555,39.82615],[141.14561,39.8262],[141.14572,39.82624],[141.14585,39.82626],[141.14595,39.82626],[141.14601,39.82622],[141.14613,39.82613],[141.14623,39.82611],[141.14639,39.82613],[141.14651,39.82617],[141.14661,39.82624],[141.1467,39.8263],[141.14682,39.82647],[141.14693,39.82658],[141.14706,39.82664],[141.14717,39.82663],[141.14731,39.82658],[141.1476,39.82634],[141.14819,39.82635],[141.14824,39.82635],[141.14838,39.82635],[141.14865,39.82634],[141.14905,39.82626],[141.14952,39.82609],[141.14987,39.82596],[141.15023,39.82566],[141.15029,39.82542],[141.15031,39.82505],[141.1501,39.82442],[141.15012,39.824],[141.15024,39.82361],[141.15034,39.82343],[141.15091,39.8231],[141.15138,39.82291],[141.15185,39.82278],[141.15312,39.82259],[141.15426,39.8224],[141.1548,39.82225],[141.1552,39.82201],[141.15542,39.82178],[141.15556,39.8216],[141.15564,39.82142],[141.15564,39.82129],[141.15527,39.82097],[141.15453,39.8205],[141.1536,39.81995],[141.15282,39.8195],[141.15264,39.81929],[141.15244,39.81887],[141.15205,39.8177],[141.15183,39.81687],[141.15183,39.81664],[141.15189,39.81644],[141.15206,39.81624],[141.15252,39.81591],[141.1532,39.81549],[141.15387,39.8149],[141.1542,39.81461],[141.15438,39.81433],[141.15464,39.81399],[141.15481,39.81358],[141.15489,39.81323],[141.15491,39.81284],[141.15487,39.81254],[141.1548,39.81225],[141.15461,39.81192],[141.15436,39.81171],[141.15417,39.81162],[141.15393,39.81152],[141.15345,39.81143],[141.15225,39.81128],[141.15167,39.81118],[141.15082,39.81098],[141.14972,39.81068],[141.14913,39.81046],[141.14872,39.81023],[141.1482,39.80992],[141.14791,39.80966],[141.14774,39.80939],[141.14764,39.80913],[141.14764,39.80902],[141.14765,39.8088],[141.14774,39.80841],[141.14796,39.80812],[141.14831,39.8078],[141.14858,39.80766],[141.14925,39.80749],[141.15024,39.80729],[141.15114,39.80713],[141.15159,39.80712],[141.15169,39.80712],[141.15219,39.80716],[141.15252,39.80722],[141.15316,39.80737],[141.15398,39.80773],[141.15459,39.80802],[141.15503,39.80819],[141.1554,39.80826],[141.156,39.80823],[141.15708,39.80811],[141.15777,39.80803],[141.15849,39.80793],[141.15915,39.8079],[141.15978,39.80792],[141.1603,39.80798],[141.16135,39.80814],[141.1618,39.80824],[141.16208,39.80824],[141.16246,39.8078],[141.16236,39.8073],[141.16226,39.80689],[141.16224,39.80668],[141.16178,39.80593],[141.16126,39.80513],[141.16116,39.80488],[141.16102,39.80429],[141.16075,39.8035],[141.16074,39.80321],[141.16105,39.80283],[141.16138,39.80256],[141.16204,39.80226],[141.16383,39.80196],[141.16487,39.80182],[141.1653,39.80177],[141.16565,39.80166],[141.16589,39.80151],[141.16609,39.80132],[141.1662,39.80111],[141.16622,39.80108],[141.16613,39.80077],[141.16612,39.80073],[141.16584,39.80055],[141.16526,39.80022],[141.16443,39.79951],[141.16341,39.79866],[141.16252,39.79796],[141.16235,39.79768],[141.16215,39.79723],[141.16212,39.79681],[141.16214,39.79655],[141.16229,39.79597],[141.1625,39.79537],[141.1629,39.79447],[141.16317,39.79384],[141.16332,39.79305],[141.16353,39.79208],[141.16296,39.79198],[141.16274,39.79193],[141.16264,39.79195],[141.16249,39.79203],[141.16235,39.79213],[141.16188,39.79251],[141.16154,39.79279],[141.16121,39.79302],[141.16081,39.79322],[141.16018,39.79346],[141.15945,39.79372],[141.15889,39.7939],[141.15845,39.79402],[141.15788,39.79413],[141.15774,39.79414],[141.15765,39.79412],[141.15759,39.79407],[141.15752,39.794],[141.15744,39.79392],[141.15737,39.79388],[141.1573,39.79386],[141.15723,39.79384],[141.15715,39.79383],[141.15702,39.79384],[141.15695,39.79382],[141.15686,39.79377],[141.15676,39.7937],[141.15668,39.79361],[141.15653,39.79343],[141.15633,39.79312],[141.156,39.79256],[141.15551,39.79192],[141.15533,39.79169],[141.15516,39.79138],[141.15491,39.79092],[141.15465,39.79048],[141.15442,39.79007],[141.15401,39.78945],[141.15387,39.78915],[141.15375,39.78888],[141.15335,39.78826],[141.15296,39.78774],[141.1527,39.78744],[141.15224,39.78701],[141.15177,39.78653],[141.1513,39.78606],[141.15084,39.78611],[141.15075,39.78613],[141.15065,39.7862],[141.15053,39.78634],[141.15037,39.78651],[141.15029,39.78659],[141.15019,39.78666],[141.14999,39.78676],[141.1497,39.78689],[141.14946,39.787],[141.14939,39.78706],[141.1493,39.78719],[141.14919,39.78735],[141.14899,39.78755],[141.14879,39.78777],[141.14861,39.78799],[141.14851,39.78816],[141.14843,39.78836],[141.14835,39.78848],[141.1482,39.78902],[141.14808,39.78941],[141.14802,39.7896],[141.14795,39.78993],[141.14784,39.79082],[141.1478,39.79144],[141.14778,39.79209],[141.14776,39.79234],[141.14772,39.79256],[141.14763,39.79323],[141.14744,39.7942],[141.14732,39.79477],[141.14727,39.79503],[141.14718,39.79527],[141.14712,39.79541],[141.14691,39.79568],[141.14676,39.79587],[141.14672,39.79598],[141.14662,39.79657],[141.14657,39.79688],[141.14649,39.79701],[141.14634,39.79734],[141.14624,39.79776],[141.14621,39.79786],[141.14614,39.79788],[141.14606,39.79788],[141.14595,39.79785],[141.14588,39.79776],[141.14586,39.79767],[141.14577,39.79758],[141.14557,39.79744],[141.14532,39.79725],[141.14519,39.79716],[141.14539,39.7963],[141.14539,39.79621],[141.14537,39.79616],[141.1453,39.79609],[141.14393,39.79577],[141.14365,39.79569],[141.14144,39.79519],[141.14146,39.79545],[141.14154,39.79614],[141.14158,39.79683],[141.14161,39.79731],[141.14158,39.79765],[141.14153,39.79794],[141.14146,39.79824],[141.13981,39.7978],[141.13836,39.79743],[141.13767,39.79726],[141.13685,39.79705],[141.13549,39.7967],[141.13473,39.79651],[141.13369,39.79628],[141.13261,39.79606],[141.1316,39.79584],[141.13125,39.79576],[141.13072,39.79567],[141.13018,39.7956],[141.1293,39.79552],[141.12865,39.79543],[141.12837,39.79538],[141.12824,39.79536],[141.128,39.79529],[141.12768,39.79517],[141.12728,39.79498],[141.12689,39.7948],[141.12662,39.79468],[141.12628,39.79461],[141.12595,39.7946],[141.12537,39.79457],[141.12498,39.79454],[141.12469,39.79448],[141.1244,39.79441],[141.12408,39.7943],[141.12385,39.79419],[141.12348,39.79397],[141.12326,39.79379],[141.123,39.79355],[141.12283,39.79341],[141.12262,39.79335],[141.12247,39.79334],[141.12231,39.79336],[141.12208,39.79343],[141.12172,39.79356],[141.12148,39.79363],[141.12132,39.79364],[141.12116,39.79362],[141.12086,39.79438],[141.12013,39.79568],[141.11938,39.79701],[141.1189,39.79787],[141.11859,39.7985],[141.11846,39.79878],[141.11841,39.799],[141.1184,39.79924],[141.11845,39.80013],[141.11861,39.80175],[141.11878,39.80338],[141.11893,39.80488],[141.11915,39.80675],[141.11924,39.80775],[141.11924,39.80805],[141.11915,39.80874],[141.11888,39.81012],[141.11876,39.81072],[141.11868,39.81114],[141.11847,39.81215],[141.11817,39.81359],[141.11793,39.81461],[141.11788,39.81503],[141.11784,39.81515],[141.11777,39.81537],[141.1176,39.81563],[141.11737,39.81587],[141.11646,39.81652],[141.11615,39.81675],[141.11648,39.81697],[141.11655,39.81701],[141.11666,39.81702],[141.11695,39.81703],[141.11707,39.81705],[141.11724,39.81709],[141.1174,39.81714],[141.11747,39.81719],[141.11757,39.81732],[141.11775,39.81751],[141.11783,39.81759],[141.11792,39.81764],[141.11804,39.81766],[141.11824,39.8177],[141.11846,39.81772],[141.11874,39.81772],[141.1189,39.81777],[141.11925,39.81785],[141.1193,39.81788],[141.11933,39.81793],[141.11951,39.81861],[141.11953,39.81866],[141.11958,39.81869],[141.11994,39.81895],[141.11995,39.81898],[141.11993,39.81901],[141.11985,39.81904],[141.11972,39.81907],[141.11953,39.81912],[141.11946,39.81916],[141.11942,39.81921],[141.11943,39.81927],[141.11946,39.81932],[141.11954,39.81939],[141.11973,39.81948],[141.12018,39.81962],[141.1203,39.81964],[141.12042,39.81964],[141.12052,39.81962],[141.12063,39.81963],[141.12079,39.81966],[141.12173,39.81993],[141.12184,39.81995],[141.12202,39.81994],[141.12227,39.81996],[141.12246,39.82],[141.12267,39.82008],[141.12277,39.82013],[141.12283,39.82018],[141.12286,39.82029],[141.12285,39.82082],[141.12282,39.82092],[141.12273,39.82106],[141.12261,39.82121],[141.12249,39.82136],[141.12235,39.82146],[141.12215,39.82157],[141.12196,39.82164],[141.12175,39.8217],[141.12103,39.82183],[141.12093,39.82188],[141.12024,39.82217],[141.11873,39.82282],[141.11858,39.8229],[141.12063,39.82581],[141.12113,39.82595],[141.1217,39.82613],[141.12202,39.8263],[141.1225,39.82654],[141.12322,39.82691],[141.12373,39.82715],[141.1246,39.82763],[141.12527,39.82809],[141.12655,39.82923],[141.12687,39.82913],[141.12704,39.82907],[141.12719,39.82891],[141.12727,39.82886],[141.1275,39.82884],[141.12775,39.82881],[141.1279,39.82875],[141.12833,39.82853],[141.12857,39.82838],[141.12883,39.82814],[141.12892,39.8281]]],[[[141.13936,39.79335],[141.1405,39.79127],[141.14071,39.79126],[141.1426,39.79201],[141.14293,39.79155],[141.14324,39.7911],[141.14341,39.79075],[141.14356,39.79047],[141.14369,39.79026],[141.14389,39.79006],[141.14418,39.78983],[141.14424,39.7898],[141.1446,39.78956],[141.14467,39.7895],[141.14476,39.78942],[141.14484,39.7893],[141.14491,39.78913],[141.14496,39.78879],[141.14501,39.7882],[141.14509,39.78757],[141.14515,39.78685],[141.14521,39.78643],[141.1457,39.78646],[141.14646,39.7865],[141.14676,39.78653],[141.14664,39.78629],[141.14662,39.78619],[141.14661,39.78603],[141.14662,39.78587],[141.14668,39.78588],[141.14665,39.7851],[141.14599,39.7851],[141.14546,39.78509],[141.14548,39.78486],[141.14566,39.78396],[141.14589,39.78277],[141.14587,39.78196],[141.14583,39.78161],[141.14518,39.78151],[141.14461,39.78145],[141.14391,39.7814],[141.14351,39.78135],[141.14337,39.78132],[141.14316,39.78122],[141.14305,39.78119],[141.14277,39.78117],[141.14269,39.78116],[141.14231,39.78114],[141.14207,39.78119],[141.14166,39.78132],[141.14136,39.7814],[141.14121,39.78144],[141.14097,39.78149],[141.14082,39.78151],[141.14068,39.78153],[141.14026,39.78156],[141.14,39.78096],[141.13973,39.78034],[141.13945,39.77976],[141.13937,39.77958],[141.13921,39.77948],[141.13913,39.77943],[141.13835,39.77898],[141.13778,39.77864],[141.13759,39.77854],[141.13742,39.77841],[141.13704,39.77802],[141.1368,39.77776],[141.13653,39.77747],[141.13665,39.77752],[141.13679,39.77753],[141.13715,39.77744],[141.13702,39.77724],[141.13674,39.77691],[141.13671,39.77682],[141.1367,39.77677],[141.13674,39.77656],[141.13675,39.77654],[141.13682,39.77634],[141.13685,39.77621],[141.13686,39.7761],[141.13684,39.77601],[141.13675,39.77571],[141.13666,39.77546],[141.13656,39.77507],[141.13655,39.77497],[141.13655,39.77491],[141.13657,39.77487],[141.13658,39.7748],[141.13659,39.77472],[141.13642,39.77487],[141.13629,39.77492],[141.13616,39.77492],[141.13605,39.77492],[141.13589,39.77487],[141.13575,39.77482],[141.13559,39.77477],[141.13553,39.77475],[141.13476,39.77446],[141.13395,39.77419],[141.13355,39.77404],[141.1328,39.77377],[141.13228,39.77358],[141.13109,39.77316],[141.13074,39.77304],[141.12971,39.77267],[141.12897,39.77239],[141.12983,39.77142],[141.13051,39.77051],[141.13078,39.76994],[141.13082,39.76971],[141.13082,39.76971],[141.13083,39.76968],[141.13088,39.76928],[141.13088,39.76911],[141.1308,39.76911],[141.13072,39.76908],[141.13069,39.76905],[141.1307,39.76897],[141.13071,39.76884],[141.13071,39.76873],[141.13069,39.7686],[141.13065,39.76856],[141.13062,39.76853],[141.13055,39.7685],[141.13043,39.76845],[141.1303,39.76837],[141.1302,39.76827],[141.13009,39.76815],[141.13003,39.76808],[141.12996,39.76802],[141.12991,39.76799],[141.12985,39.768],[141.12966,39.76804],[141.12936,39.76814],[141.12927,39.76818],[141.12919,39.7682],[141.12911,39.76822],[141.12901,39.76821],[141.12889,39.76817],[141.12884,39.76814],[141.12878,39.76812],[141.12872,39.7681],[141.12866,39.76805],[141.12858,39.76798],[141.12855,39.7679],[141.1285,39.76785],[141.12843,39.76783],[141.12834,39.76782],[141.12825,39.76781],[141.1282,39.76779],[141.12813,39.76776],[141.1281,39.76773],[141.12808,39.76769],[141.12808,39.76761],[141.12812,39.76746],[141.12817,39.76737],[141.12818,39.7673],[141.12817,39.76725],[141.12812,39.76719],[141.12807,39.76714],[141.12799,39.76707],[141.12795,39.76704],[141.1279,39.76699],[141.12787,39.76694],[141.12782,39.7669],[141.12776,39.76687],[141.12768,39.76685],[141.12761,39.76681],[141.12759,39.76679],[141.12753,39.76675],[141.12749,39.7667],[141.12748,39.76661],[141.12747,39.76656],[141.12745,39.76652],[141.1274,39.76649],[141.12734,39.76646],[141.12723,39.76645],[141.12712,39.76645],[141.12696,39.76642],[141.12686,39.76638],[141.1268,39.76634],[141.12671,39.76619],[141.12655,39.76592],[141.12641,39.76561],[141.12633,39.76542],[141.12628,39.7652],[141.12624,39.76506],[141.12613,39.76487],[141.12594,39.76463],[141.12579,39.76447],[141.12569,39.76432],[141.12564,39.76422],[141.12561,39.76411],[141.12561,39.76398],[141.1256,39.76381],[141.1256,39.76366],[141.12557,39.7635],[141.12554,39.76341],[141.12548,39.76334],[141.12536,39.76325],[141.12523,39.76317],[141.12511,39.76314],[141.12494,39.76304],[141.12482,39.76298],[141.12469,39.76281],[141.12461,39.76268],[141.12453,39.76252],[141.12446,39.76235],[141.12437,39.76219],[141.12432,39.76212],[141.12428,39.76207],[141.12423,39.76203],[141.12416,39.76199],[141.12406,39.76195],[141.12389,39.76188],[141.12374,39.76183],[141.12365,39.76177],[141.12356,39.7617],[141.12349,39.76162],[141.12344,39.76152],[141.1234,39.76136],[141.12337,39.76122],[141.12335,39.76102],[141.12331,39.76091],[141.12326,39.76082],[141.12322,39.76078],[141.12317,39.76076],[141.12308,39.76074],[141.12297,39.76074],[141.12288,39.76074],[141.1228,39.76071],[141.12274,39.76063],[141.12265,39.76049],[141.12259,39.76041],[141.12253,39.76034],[141.12247,39.76026],[141.12239,39.7602],[141.1223,39.76017],[141.12216,39.76016],[141.122,39.76016],[141.12195,39.76016],[141.1219,39.76015],[141.12183,39.76011],[141.12179,39.76006],[141.12178,39.75999],[141.12179,39.75992],[141.12181,39.75985],[141.12181,39.75969],[141.12181,39.75954],[141.12183,39.75939],[141.12183,39.75923],[141.12183,39.759],[141.12183,39.75881],[141.12183,39.75869],[141.12184,39.7586],[141.12185,39.75855],[141.12183,39.7584],[141.12183,39.75829],[141.12185,39.75824],[141.12186,39.75819],[141.12185,39.75814],[141.12183,39.75805],[141.12184,39.75793],[141.12184,39.75742],[141.12184,39.75704],[141.12181,39.7569],[141.12177,39.75683],[141.12168,39.75676],[141.12158,39.7567],[141.12152,39.75666],[141.12145,39.75659],[141.12139,39.75654],[141.12129,39.75647],[141.12123,39.7564],[141.12119,39.75635],[141.12115,39.75632],[141.1211,39.75629],[141.12101,39.75626],[141.1209,39.75625],[141.12081,39.75623],[141.12072,39.75619],[141.12065,39.75616],[141.12059,39.75612],[141.12055,39.75608],[141.1205,39.75606],[141.12047,39.75605],[141.12042,39.75605],[141.12039,39.75605],[141.12031,39.75608],[141.12021,39.75611],[141.12015,39.75613],[141.12008,39.75614],[141.12003,39.75615],[141.11996,39.75616],[141.11986,39.75617],[141.11977,39.75616],[141.11967,39.75614],[141.11961,39.75609],[141.11958,39.75607],[141.11955,39.75605],[141.11948,39.75602],[141.11942,39.75599],[141.11935,39.75592],[141.11927,39.75581],[141.11923,39.75575],[141.11923,39.7557],[141.11921,39.75568],[141.11917,39.75565],[141.11911,39.75562],[141.11907,39.7556],[141.11903,39.75558],[141.11898,39.75556],[141.11893,39.75554],[141.11888,39.75552],[141.11882,39.75545],[141.11878,39.75539],[141.11876,39.75537],[141.11871,39.75536],[141.11858,39.75536],[141.11846,39.75536],[141.11837,39.75535],[141.11829,39.75533],[141.11821,39.7553],[141.11817,39.75526],[141.11814,39.7552],[141.11812,39.75516],[141.11806,39.75513],[141.11803,39.75511],[141.11801,39.75509],[141.11799,39.75508],[141.11795,39.7551],[141.11792,39.75513],[141.11787,39.75523],[141.11775,39.75545],[141.11762,39.75558],[141.11752,39.75563],[141.11729,39.75569],[141.117,39.75579],[141.11677,39.75584],[141.11659,39.75585],[141.11643,39.75584],[141.11629,39.75581],[141.116,39.75572],[141.11571,39.75562],[141.11542,39.7555],[141.11526,39.75547],[141.11503,39.75545],[141.11464,39.75542],[141.11451,39.75539],[141.11442,39.75532],[141.11435,39.75518],[141.11429,39.75495],[141.11427,39.75465],[141.11423,39.75452],[141.1142,39.75444],[141.11413,39.75437],[141.11402,39.7543],[141.11381,39.75422],[141.11366,39.75417],[141.11349,39.75414],[141.11336,39.75416],[141.11318,39.75419],[141.11306,39.75424],[141.11298,39.75429],[141.11283,39.75451],[141.11276,39.75466],[141.11271,39.75482],[141.1127,39.75501],[141.11273,39.7552],[141.11282,39.75538],[141.1129,39.75552],[141.11297,39.75565],[141.11307,39.75579],[141.1131,39.75587],[141.11311,39.75592],[141.11308,39.75605],[141.11308,39.75619],[141.11311,39.75646],[141.11311,39.75662],[141.1131,39.75675],[141.11306,39.75697],[141.11303,39.75711],[141.11297,39.75722],[141.11294,39.7573],[141.1129,39.75741],[141.11286,39.75754],[141.11282,39.75768],[141.11278,39.75775],[141.11271,39.75784],[141.11259,39.75799],[141.11243,39.7582],[141.11231,39.75838],[141.11225,39.75842],[141.11223,39.75845],[141.1122,39.75851],[141.11223,39.75858],[141.11245,39.75872],[141.11268,39.75889],[141.11295,39.75911],[141.11303,39.75921],[141.11302,39.75925],[141.11295,39.75938],[141.1128,39.75953],[141.11272,39.75964],[141.11261,39.75982],[141.11243,39.76007],[141.11221,39.76031],[141.11215,39.76039],[141.11212,39.76049],[141.11212,39.76061],[141.11213,39.76071],[141.11213,39.76077],[141.11209,39.76084],[141.11201,39.76092],[141.112,39.76099],[141.11202,39.76108],[141.11208,39.76118],[141.11208,39.76124],[141.11206,39.76137],[141.11211,39.76147],[141.11216,39.76157],[141.11216,39.76163],[141.11212,39.76173],[141.11194,39.76193],[141.11189,39.762],[141.11188,39.76209],[141.11185,39.7622],[141.11184,39.76226],[141.11179,39.76229],[141.11162,39.76236],[141.11159,39.7624],[141.11156,39.76245],[141.11155,39.76255],[141.11151,39.76261],[141.11144,39.76267],[141.11139,39.76271],[141.11139,39.76275],[141.11142,39.76298],[141.11147,39.76308],[141.11155,39.76321],[141.11155,39.76326],[141.11147,39.76342],[141.11143,39.76352],[141.11143,39.76363],[141.11145,39.76382],[141.11151,39.7639],[141.11167,39.76411],[141.11172,39.76417],[141.11177,39.76421],[141.11184,39.76423],[141.11188,39.76428],[141.1119,39.76434],[141.11193,39.76441],[141.11197,39.76446],[141.11201,39.76448],[141.11212,39.76451],[141.1122,39.76454],[141.11226,39.76457],[141.11229,39.76463],[141.11228,39.76476],[141.11227,39.76485],[141.1123,39.76492],[141.11237,39.76499],[141.11253,39.7651],[141.11256,39.76515],[141.11259,39.76535],[141.11263,39.76545],[141.11268,39.76551],[141.11277,39.76554],[141.11286,39.76555],[141.11295,39.7656],[141.113,39.76567],[141.11305,39.76579],[141.11312,39.76585],[141.11326,39.76591],[141.11341,39.76597],[141.1135,39.76603],[141.11356,39.7662],[141.11358,39.76638],[141.11356,39.76657],[141.11356,39.76686],[141.11354,39.76694],[141.11357,39.76699],[141.11372,39.76707],[141.11381,39.76715],[141.11384,39.76723],[141.11384,39.76738],[141.11386,39.76743],[141.11392,39.76747],[141.11403,39.76753],[141.1141,39.76759],[141.11411,39.76765],[141.11407,39.76777],[141.11405,39.76784],[141.11407,39.76789],[141.11414,39.76793],[141.11419,39.76798],[141.11422,39.76804],[141.11424,39.76814],[141.11428,39.76818],[141.11436,39.76823],[141.11452,39.7683],[141.1146,39.76838],[141.11468,39.76845],[141.11483,39.76855],[141.11497,39.76865],[141.11517,39.76883],[141.11525,39.76894],[141.11529,39.76906],[141.1153,39.76914],[141.11528,39.76921],[141.11519,39.76933],[141.11516,39.76942],[141.11518,39.76964],[141.11517,39.76975],[141.11512,39.76983],[141.11509,39.76992],[141.11511,39.77006],[141.11516,39.7702],[141.11526,39.77039],[141.11531,39.77056],[141.11538,39.77083],[141.11536,39.77095],[141.11533,39.77107],[141.11522,39.77129],[141.11521,39.77139],[141.1152,39.77152],[141.11515,39.77157],[141.115,39.77169],[141.11496,39.77174],[141.11496,39.77189],[141.11493,39.77198],[141.11494,39.77204],[141.11504,39.77219],[141.11514,39.77231],[141.11524,39.77237],[141.11529,39.77242],[141.11529,39.77247],[141.11523,39.77256],[141.11521,39.77261],[141.1152,39.77268],[141.11517,39.77271],[141.11508,39.77274],[141.11503,39.77275],[141.11497,39.77277],[141.11495,39.77281],[141.11496,39.77288],[141.11499,39.77304],[141.11503,39.77312],[141.11507,39.77322],[141.11516,39.77331],[141.11517,39.77336],[141.11516,39.7734],[141.11514,39.77342],[141.11505,39.77347],[141.11501,39.77351],[141.11499,39.77357],[141.11497,39.77373],[141.11498,39.77389],[141.115,39.77395],[141.11505,39.77402],[141.11504,39.77405],[141.11503,39.77408],[141.11499,39.7741],[141.11494,39.77413],[141.11487,39.77415],[141.11484,39.77416],[141.11481,39.77418],[141.11478,39.77423],[141.11478,39.77427],[141.11479,39.7743],[141.11483,39.77433],[141.11488,39.77434],[141.11492,39.77436],[141.11495,39.77437],[141.11497,39.7744],[141.11496,39.77445],[141.11494,39.7745],[141.11491,39.77458],[141.11487,39.77462],[141.11483,39.77466],[141.11481,39.77468],[141.11482,39.77471],[141.11484,39.77474],[141.11492,39.77476],[141.11497,39.77479],[141.11503,39.77481],[141.11512,39.77482],[141.11517,39.77484],[141.1152,39.77488],[141.11521,39.77493],[141.1152,39.77501],[141.11516,39.77514],[141.11512,39.77522],[141.11504,39.77539],[141.11499,39.77551],[141.11498,39.77557],[141.11499,39.77572],[141.11497,39.77579],[141.11491,39.77591],[141.11487,39.77597],[141.11486,39.77603],[141.11486,39.77613],[141.11488,39.77621],[141.11491,39.77628],[141.115,39.77639],[141.11507,39.77649],[141.1151,39.77656],[141.11511,39.77663],[141.11509,39.77677],[141.11507,39.7769],[141.11504,39.77696],[141.11499,39.77702],[141.11493,39.77708],[141.1149,39.77712],[141.11491,39.77718],[141.11494,39.77726],[141.11501,39.77739],[141.11501,39.77743],[141.11501,39.77747],[141.11497,39.77757],[141.11489,39.77778],[141.1148,39.77803],[141.11474,39.77826],[141.11472,39.77834],[141.11473,39.77839],[141.11473,39.77843],[141.11475,39.77846],[141.11482,39.77849],[141.11494,39.77852],[141.11503,39.77856],[141.11512,39.77861],[141.11517,39.77865],[141.11519,39.7787],[141.1152,39.77876],[141.1152,39.77882],[141.11517,39.77891],[141.11509,39.77915],[141.11502,39.77934],[141.115,39.77939],[141.11501,39.77944],[141.11502,39.77948],[141.11511,39.77961],[141.11522,39.77974],[141.11522,39.77979],[141.1152,39.77986],[141.11496,39.78009],[141.11484,39.78028],[141.11484,39.78036],[141.11489,39.78041],[141.11498,39.78045],[141.11532,39.78045],[141.11547,39.78048],[141.11555,39.78055],[141.11557,39.7806],[141.11557,39.7808],[141.11555,39.78085],[141.11554,39.78088],[141.11549,39.7809],[141.11529,39.78096],[141.11526,39.78098],[141.11524,39.78101],[141.11524,39.78109],[141.11526,39.78114],[141.11534,39.78122],[141.11544,39.7813],[141.11563,39.78139],[141.1158,39.78143],[141.11585,39.78144],[141.11589,39.78148],[141.11594,39.78154],[141.1159,39.78159],[141.11581,39.78169],[141.11565,39.78182],[141.11559,39.78189],[141.11557,39.78192],[141.11556,39.78197],[141.11555,39.78203],[141.11553,39.78205],[141.11543,39.78211],[141.11537,39.78216],[141.11535,39.78219],[141.11534,39.78224],[141.11536,39.78229],[141.11539,39.78232],[141.11538,39.78236],[141.11535,39.78237],[141.11521,39.7824],[141.11509,39.78244],[141.115,39.7825],[141.11496,39.78255],[141.11485,39.78277],[141.11471,39.78321],[141.1147,39.78347],[141.1149,39.78381],[141.115,39.78394],[141.11515,39.78413],[141.11534,39.78432],[141.1156,39.78462],[141.11582,39.78475],[141.11611,39.78493],[141.11642,39.7851],[141.11693,39.78534],[141.11748,39.78548],[141.11815,39.78574],[141.11854,39.78592],[141.11877,39.78613],[141.11899,39.78636],[141.11911,39.7865],[141.11923,39.78668],[141.1193,39.78692],[141.11942,39.78764],[141.11949,39.7884],[141.11957,39.78936],[141.11958,39.78996],[141.11958,39.79017],[141.11984,39.79046],[141.11997,39.79059],[141.12001,39.79067],[141.12017,39.79078],[141.12051,39.79094],[141.12066,39.79104],[141.12084,39.79111],[141.12113,39.79125],[141.12129,39.79137],[141.12139,39.79152],[141.12136,39.79176],[141.12128,39.79195],[141.12124,39.7922],[141.12124,39.79235],[141.12128,39.79258],[141.12129,39.79265],[141.12135,39.79279],[141.12137,39.79287],[141.12136,39.79296],[141.12116,39.79362],[141.12132,39.79364],[141.12148,39.79363],[141.12172,39.79356],[141.12208,39.79343],[141.12231,39.79336],[141.12247,39.79334],[141.12262,39.79335],[141.12283,39.79341],[141.123,39.79355],[141.12326,39.79379],[141.12348,39.79397],[141.12385,39.79419],[141.12408,39.7943],[141.1244,39.79441],[141.12469,39.79448],[141.12498,39.79454],[141.12537,39.79457],[141.12595,39.7946],[141.12628,39.79461],[141.12662,39.79468],[141.12689,39.7948],[141.12728,39.79498],[141.12768,39.79517],[141.128,39.79529],[141.12824,39.79536],[141.12837,39.79538],[141.12865,39.79543],[141.1293,39.79552],[141.13018,39.7956],[141.13072,39.79567],[141.13125,39.79576],[141.1316,39.79584],[141.13261,39.79606],[141.13369,39.79628],[141.13473,39.79651],[141.13549,39.7967],[141.13685,39.79705],[141.13767,39.79726],[141.13804,39.79641],[141.13821,39.79598],[141.1383,39.79589],[141.13842,39.79578],[141.13851,39.79567],[141.13857,39.79557],[141.13859,39.7954],[141.13865,39.79519],[141.13872,39.79504],[141.13897,39.7946],[141.1391,39.79433],[141.13916,39.79411],[141.13921,39.79404],[141.13932,39.79395],[141.13939,39.79386],[141.13945,39.79375],[141.13948,39.79362],[141.13948,39.79348],[141.13944,39.7934],[141.13936,39.79335]]],[[[141.13832,39.77075],[141.13816,39.7706],[141.13806,39.77052],[141.13802,39.77047],[141.13797,39.77041],[141.13781,39.77036],[141.13771,39.77035],[141.13767,39.77036],[141.13766,39.77039],[141.13766,39.77045],[141.13763,39.7705],[141.13756,39.77057],[141.13751,39.77061],[141.13746,39.77062],[141.13741,39.7706],[141.13729,39.77051],[141.13725,39.77048],[141.13716,39.77045],[141.137,39.77042],[141.13676,39.77036],[141.13644,39.77024],[141.13619,39.77014],[141.13595,39.77004],[141.13563,39.76992],[141.13537,39.76983],[141.13508,39.76971],[141.13492,39.76966],[141.13472,39.76959],[141.13452,39.76949],[141.13441,39.76944],[141.13429,39.76942],[141.13407,39.76941],[141.13355,39.76936],[141.13305,39.76931],[141.13244,39.76927],[141.132,39.76924],[141.13155,39.7692],[141.13129,39.76918],[141.13145,39.76795],[141.13113,39.76787],[141.13112,39.76812],[141.13108,39.76854],[141.13101,39.7691],[141.13088,39.76911],[141.13088,39.76928],[141.13083,39.76968],[141.13082,39.76971],[141.13082,39.76971],[141.13078,39.76994],[141.13051,39.77051],[141.12983,39.77142],[141.12897,39.77239],[141.12971,39.77267],[141.13074,39.77304],[141.13109,39.77316],[141.13228,39.77358],[141.1328,39.77377],[141.13355,39.77404],[141.13395,39.77419],[141.13476,39.77446],[141.13553,39.77475],[141.13559,39.77477],[141.13575,39.77482],[141.13589,39.77487],[141.13605,39.77492],[141.13616,39.77492],[141.13629,39.77492],[141.13642,39.77487],[141.13659,39.77472],[141.13668,39.77463],[141.1372,39.77405],[141.1373,39.77395],[141.13731,39.77393],[141.13736,39.77384],[141.13741,39.77363],[141.13747,39.77331],[141.13752,39.77323],[141.13756,39.77317],[141.13768,39.77309],[141.13786,39.77295],[141.13803,39.7728],[141.13811,39.77273],[141.13824,39.7726],[141.13832,39.7725],[141.13836,39.77245],[141.13836,39.77245],[141.13847,39.77226],[141.13856,39.77205],[141.13864,39.77188],[141.13871,39.7717],[141.13873,39.77156],[141.13876,39.77141],[141.13881,39.77125],[141.13879,39.77119],[141.13875,39.77114],[141.13866,39.77104],[141.13852,39.77093],[141.13832,39.77075]]],[[[141.11608,39.80969],[141.1158,39.80964],[141.1155,39.80962],[141.11485,39.80965],[141.11447,39.80968],[141.11421,39.80965],[141.11396,39.80958],[141.11376,39.80947],[141.11339,39.80919],[141.11321,39.80908],[141.113,39.80899],[141.1127,39.80893],[141.11218,39.80891],[141.11214,39.80891],[141.1115,39.80892],[141.11155,39.80971],[141.11171,39.81069],[141.11182,39.81133],[141.11187,39.81162],[141.1121,39.81265],[141.11214,39.8128],[141.11227,39.81335],[141.11257,39.81433],[141.11269,39.81471],[141.11662,39.8147],[141.11685,39.81498],[141.11701,39.81516],[141.11784,39.81515],[141.11788,39.81503],[141.11793,39.81461],[141.11817,39.81359],[141.11847,39.81215],[141.11868,39.81114],[141.11876,39.81072],[141.11888,39.81012],[141.11793,39.81003],[141.117,39.80993],[141.11661,39.80986],[141.11636,39.8098],[141.11608,39.80969]]]]}},{"type":"Feature","properties":{"name":"妻の神","setai":2084,"jinko":5110,"key":"03216008048","units":1,"m":2478,"f":2632,"gk":47,"a0":743,"a1":3328,"a2":997,"a75":391,"ag":[263,223,257,312,311,264,307,328,357,400,345,365,339,316,290,169,135,52,29,3,3],"nf":42},"geometry":{"type":"Polygon","coordinates":[[[141.14146,39.79545],[141.14144,39.79519],[141.14365,39.79569],[141.14393,39.79577],[141.1453,39.79609],[141.14537,39.79616],[141.14539,39.79621],[141.14539,39.7963],[141.14519,39.79716],[141.14532,39.79725],[141.14557,39.79744],[141.14577,39.79758],[141.14586,39.79767],[141.14588,39.79776],[141.14595,39.79785],[141.14606,39.79788],[141.14614,39.79788],[141.14621,39.79786],[141.14624,39.79776],[141.14634,39.79734],[141.14649,39.79701],[141.14657,39.79688],[141.14662,39.79657],[141.14672,39.79598],[141.14676,39.79587],[141.14691,39.79568],[141.14712,39.79541],[141.14718,39.79527],[141.14727,39.79503],[141.14732,39.79477],[141.14744,39.7942],[141.14763,39.79323],[141.14772,39.79256],[141.14776,39.79234],[141.14778,39.79209],[141.1478,39.79144],[141.14784,39.79082],[141.14795,39.78993],[141.14802,39.7896],[141.14808,39.78941],[141.1482,39.78902],[141.14835,39.78848],[141.14843,39.78836],[141.14851,39.78816],[141.14861,39.78799],[141.14879,39.78777],[141.14899,39.78755],[141.14919,39.78735],[141.1493,39.78719],[141.14939,39.78706],[141.14946,39.787],[141.1497,39.78689],[141.14999,39.78676],[141.15019,39.78666],[141.15029,39.78659],[141.15037,39.78651],[141.15053,39.78634],[141.15065,39.7862],[141.15075,39.78613],[141.15084,39.78611],[141.1513,39.78606],[141.15177,39.78653],[141.15224,39.78701],[141.1527,39.78744],[141.15296,39.78774],[141.15335,39.78826],[141.15375,39.78888],[141.15387,39.78915],[141.15401,39.78945],[141.15442,39.79007],[141.15465,39.79048],[141.15491,39.79092],[141.15516,39.79138],[141.15533,39.79169],[141.15551,39.79192],[141.156,39.79256],[141.15633,39.79312],[141.15653,39.79343],[141.15668,39.79361],[141.15676,39.7937],[141.15686,39.79377],[141.15695,39.79382],[141.15702,39.79384],[141.15715,39.79383],[141.15723,39.79384],[141.1573,39.79386],[141.15737,39.79388],[141.15744,39.79392],[141.15752,39.794],[141.15759,39.79407],[141.15765,39.79412],[141.15774,39.79414],[141.15788,39.79413],[141.15845,39.79402],[141.15889,39.7939],[141.15945,39.79372],[141.16018,39.79346],[141.16081,39.79322],[141.16121,39.79302],[141.16154,39.79279],[141.16188,39.79251],[141.16235,39.79213],[141.16249,39.79203],[141.16264,39.79195],[141.16274,39.79193],[141.16296,39.79198],[141.16353,39.79208],[141.1636,39.79172],[141.16417,39.78994],[141.16468,39.7886],[141.165,39.78816],[141.16551,39.78753],[141.16604,39.78698],[141.16613,39.78683],[141.16623,39.78647],[141.16644,39.78593],[141.16664,39.78532],[141.16667,39.78507],[141.16668,39.7846],[141.16676,39.78354],[141.16689,39.78328],[141.16744,39.78224],[141.16777,39.78164],[141.16795,39.78127],[141.16812,39.78049],[141.16839,39.77894],[141.16789,39.77837],[141.16697,39.77795],[141.16623,39.77759],[141.16543,39.77723],[141.16524,39.77714],[141.16513,39.77698],[141.16437,39.77592],[141.1641,39.77553],[141.1641,39.7748],[141.16477,39.77357],[141.16607,39.77282],[141.16632,39.77256],[141.16644,39.77223],[141.16626,39.77145],[141.16604,39.77104],[141.16532,39.77036],[141.16456,39.76972],[141.16445,39.76974],[141.16343,39.76904],[141.16264,39.76858],[141.16186,39.76817],[141.16091,39.76766],[141.1603,39.76743],[141.15986,39.76735],[141.15871,39.76735],[141.15757,39.7673],[141.15645,39.76727],[141.15572,39.76739],[141.15535,39.76736],[141.15416,39.76722],[141.15273,39.76704],[141.15262,39.76701],[141.1525,39.76698],[141.15237,39.76694],[141.15222,39.76687],[141.15205,39.76676],[141.15187,39.76663],[141.15153,39.76639],[141.15136,39.76628],[141.15117,39.76615],[141.15103,39.76607],[141.15085,39.76597],[141.15067,39.76588],[141.15057,39.76579],[141.1505,39.76566],[141.15008,39.76594],[141.14995,39.76605],[141.14978,39.76624],[141.1496,39.76648],[141.1495,39.7666],[141.14926,39.76682],[141.14907,39.76696],[141.1488,39.76721],[141.14857,39.76738],[141.14875,39.76741],[141.14886,39.7674],[141.14892,39.76743],[141.14899,39.76748],[141.14907,39.76752],[141.14908,39.76762],[141.14906,39.7677],[141.14904,39.76781],[141.149,39.76787],[141.14895,39.76792],[141.14881,39.76798],[141.14876,39.768],[141.14872,39.76805],[141.14865,39.76818],[141.14857,39.76837],[141.14851,39.76846],[141.14842,39.76854],[141.14832,39.76858],[141.14815,39.76867],[141.14805,39.76874],[141.148,39.7688],[141.148,39.76901],[141.148,39.76927],[141.14802,39.76944],[141.14797,39.76951],[141.14787,39.76961],[141.14777,39.7697],[141.14764,39.76978],[141.14755,39.76988],[141.14755,39.76997],[141.1476,39.77014],[141.14763,39.77029],[141.14767,39.77066],[141.14768,39.77082],[141.14765,39.77093],[141.14761,39.771],[141.14745,39.77119],[141.14734,39.77131],[141.14729,39.77138],[141.14727,39.77146],[141.14722,39.77159],[141.1472,39.77164],[141.14716,39.77165],[141.14706,39.77164],[141.14697,39.77166],[141.14685,39.7717],[141.14668,39.77175],[141.14654,39.7718],[141.14649,39.77181],[141.14645,39.77181],[141.14629,39.7718],[141.14609,39.77178],[141.1458,39.77176],[141.14552,39.77175],[141.14528,39.77173],[141.14514,39.77171],[141.14502,39.77169],[141.14487,39.77167],[141.14468,39.77165],[141.14448,39.77165],[141.14437,39.77166],[141.14426,39.77168],[141.14385,39.77158],[141.14359,39.7715],[141.14319,39.77139],[141.1429,39.77131],[141.1426,39.77125],[141.14242,39.77123],[141.14232,39.77121],[141.142,39.77118],[141.14159,39.77116],[141.14124,39.77117],[141.14112,39.77119],[141.14085,39.77067],[141.14048,39.76992],[141.14026,39.76987],[141.13988,39.76978],[141.13915,39.76962],[141.13832,39.76944],[141.13737,39.76923],[141.13669,39.76909],[141.13613,39.76896],[141.13566,39.76886],[141.13487,39.76868],[141.13445,39.76859],[141.13341,39.76838],[141.13303,39.7683],[141.13229,39.76813],[141.13189,39.76804],[141.13152,39.76796],[141.13145,39.76795],[141.13129,39.76918],[141.13155,39.7692],[141.132,39.76924],[141.13244,39.76927],[141.13305,39.76931],[141.13355,39.76936],[141.13407,39.76941],[141.13429,39.76942],[141.13441,39.76944],[141.13452,39.76949],[141.13472,39.76959],[141.13492,39.76966],[141.13508,39.76971],[141.13537,39.76983],[141.13563,39.76992],[141.13595,39.77004],[141.13619,39.77014],[141.13644,39.77024],[141.13676,39.77036],[141.137,39.77042],[141.13716,39.77045],[141.13725,39.77048],[141.13729,39.77051],[141.13741,39.7706],[141.13746,39.77062],[141.13751,39.77061],[141.13756,39.77057],[141.13763,39.7705],[141.13766,39.77045],[141.13766,39.77039],[141.13767,39.77036],[141.13771,39.77035],[141.13781,39.77036],[141.13797,39.77041],[141.13802,39.77047],[141.13806,39.77052],[141.13816,39.7706],[141.13832,39.77075],[141.13852,39.77093],[141.13866,39.77104],[141.13875,39.77114],[141.13879,39.77119],[141.13881,39.77125],[141.13876,39.77141],[141.13873,39.77156],[141.13871,39.7717],[141.13864,39.77188],[141.13856,39.77205],[141.13847,39.77226],[141.13836,39.77245],[141.13836,39.77245],[141.13832,39.7725],[141.13824,39.7726],[141.13811,39.77273],[141.13803,39.7728],[141.13786,39.77295],[141.13768,39.77309],[141.13756,39.77317],[141.13752,39.77323],[141.13747,39.77331],[141.13741,39.77363],[141.13736,39.77384],[141.13731,39.77393],[141.1373,39.77395],[141.1372,39.77405],[141.13668,39.77463],[141.13659,39.77472],[141.13658,39.7748],[141.13657,39.77487],[141.13655,39.77491],[141.13655,39.77497],[141.13656,39.77507],[141.13666,39.77546],[141.13675,39.77571],[141.13684,39.77601],[141.13686,39.7761],[141.13685,39.77621],[141.13682,39.77634],[141.13675,39.77654],[141.13674,39.77656],[141.1367,39.77677],[141.13671,39.77682],[141.13674,39.77691],[141.13702,39.77724],[141.13715,39.77744],[141.13679,39.77753],[141.13665,39.77752],[141.13653,39.77747],[141.1368,39.77776],[141.13704,39.77802],[141.13742,39.77841],[141.13759,39.77854],[141.13778,39.77864],[141.13835,39.77898],[141.13913,39.77943],[141.13921,39.77948],[141.13937,39.77958],[141.13945,39.77976],[141.13973,39.78034],[141.14,39.78096],[141.14026,39.78156],[141.14068,39.78153],[141.14082,39.78151],[141.14097,39.78149],[141.14121,39.78144],[141.14136,39.7814],[141.14166,39.78132],[141.14207,39.78119],[141.14231,39.78114],[141.14269,39.78116],[141.14277,39.78117],[141.14305,39.78119],[141.14316,39.78122],[141.14337,39.78132],[141.14351,39.78135],[141.14391,39.7814],[141.14461,39.78145],[141.14518,39.78151],[141.14583,39.78161],[141.14587,39.78196],[141.14589,39.78277],[141.14566,39.78396],[141.14548,39.78486],[141.14546,39.78509],[141.14599,39.7851],[141.14665,39.7851],[141.14668,39.78588],[141.14662,39.78587],[141.14661,39.78603],[141.14662,39.78619],[141.14664,39.78629],[141.14676,39.78653],[141.14646,39.7865],[141.1457,39.78646],[141.14521,39.78643],[141.14515,39.78685],[141.14509,39.78757],[141.14501,39.7882],[141.14496,39.78879],[141.14491,39.78913],[141.14484,39.7893],[141.14476,39.78942],[141.14467,39.7895],[141.1446,39.78956],[141.14424,39.7898],[141.14418,39.78983],[141.14389,39.79006],[141.14369,39.79026],[141.14356,39.79047],[141.14341,39.79075],[141.14324,39.7911],[141.14293,39.79155],[141.1426,39.79201],[141.14071,39.79126],[141.1405,39.79127],[141.13936,39.79335],[141.13944,39.7934],[141.13948,39.79348],[141.13948,39.79362],[141.13945,39.79375],[141.13939,39.79386],[141.13932,39.79395],[141.13921,39.79404],[141.13916,39.79411],[141.1391,39.79433],[141.13897,39.7946],[141.13872,39.79504],[141.13865,39.79519],[141.13859,39.7954],[141.13857,39.79557],[141.13851,39.79567],[141.13842,39.79578],[141.1383,39.79589],[141.13821,39.79598],[141.13804,39.79641],[141.13767,39.79726],[141.13836,39.79743],[141.13981,39.7978],[141.14146,39.79824],[141.14153,39.79794],[141.14158,39.79765],[141.14161,39.79731],[141.14158,39.79683],[141.14154,39.79614],[141.14146,39.79545]]]}},{"type":"Feature","properties":{"name":"上岩手山","setai":224,"jinko":1044,"key":"03216009019","units":1,"m":740,"f":304,"gk":5,"a0":39,"a1":825,"a2":180,"a75":77,"ag":[3,19,17,116,285,137,49,32,33,38,43,44,48,60,43,34,26,11,5,1,0]},"geometry":{"type":"Polygon","coordinates":[[[141.09989,39.87722],[141.10027,39.87635],[141.10057,39.87572],[141.1009,39.87504],[141.10127,39.87426],[141.10155,39.87365],[141.1017,39.87331],[141.10232,39.8735],[141.10334,39.87133],[141.1037,39.87058],[141.10304,39.8704],[141.10339,39.86962],[141.10391,39.86848],[141.10419,39.86783],[141.10452,39.86709],[141.10462,39.86689],[141.10678,39.8675],[141.10747,39.86612],[141.10716,39.86603],[141.10639,39.86581],[141.10711,39.86458],[141.1081,39.86283],[141.10875,39.86167],[141.1095,39.86025],[141.10984,39.85921],[141.1099,39.859],[141.10992,39.85864],[141.10997,39.85773],[141.10999,39.85759],[141.11004,39.8574],[141.11009,39.85721],[141.11013,39.85703],[141.11025,39.8566],[141.1103,39.85642],[141.11033,39.85631],[141.1104,39.856],[141.11045,39.85578],[141.11048,39.85556],[141.11051,39.85535],[141.11054,39.85514],[141.11066,39.85427],[141.11047,39.85412],[141.11049,39.85409],[141.11063,39.8537],[141.11069,39.85344],[141.11079,39.85292],[141.11083,39.85258],[141.11099,39.85145],[141.1111,39.85057],[141.1113,39.84902],[141.11142,39.84792],[141.11146,39.84759],[141.11147,39.84746],[141.11151,39.84708],[141.11156,39.84665],[141.11182,39.84472],[141.11196,39.84367],[141.11207,39.84264],[141.11256,39.84261],[141.1129,39.84259],[141.11345,39.84254],[141.11372,39.84253],[141.11403,39.84252],[141.11425,39.8425],[141.1145,39.84248],[141.11461,39.84247],[141.11471,39.84249],[141.11494,39.84255],[141.11509,39.84259],[141.11528,39.8426],[141.11596,39.84258],[141.11681,39.84253],[141.1127,39.83857],[141.11251,39.8379],[141.1121,39.83603],[141.11198,39.83556],[141.1116,39.83416],[141.11095,39.8342],[141.11073,39.83423],[141.11054,39.83429],[141.10886,39.83477],[141.10833,39.83496],[141.10766,39.83522],[141.10734,39.83508],[141.10633,39.83489],[141.10535,39.8348],[141.10473,39.83474],[141.1035,39.83474],[141.10236,39.8349],[141.10156,39.835],[141.10072,39.83519],[141.09969,39.8355],[141.09851,39.83592],[141.09757,39.83615],[141.0971,39.83622],[141.09581,39.83638],[141.09466,39.83644],[141.09367,39.83646],[141.09268,39.83636],[141.09199,39.83625],[141.09005,39.83593],[141.08829,39.83564],[141.08629,39.83529],[141.08406,39.83508],[141.08186,39.83508],[141.07893,39.8351],[141.0756,39.83531],[141.07532,39.83515],[141.07517,39.83507],[141.07486,39.83487],[141.07448,39.83466],[141.07425,39.83453],[141.07402,39.83439],[141.0739,39.8343],[141.07377,39.83418],[141.07362,39.83401],[141.0733,39.83356],[141.07275,39.83282],[141.07209,39.83199],[141.07141,39.83115],[141.07101,39.83067],[141.0707,39.83025],[141.0705,39.82999],[141.07027,39.8297],[141.06999,39.82939],[141.06928,39.82936],[141.06787,39.82938],[141.06688,39.8296],[141.06608,39.8299],[141.06547,39.8291],[141.06473,39.82829],[141.06384,39.82738],[141.06276,39.82657],[141.06123,39.82537],[141.05995,39.82441],[141.05805,39.82305],[141.05634,39.82205],[141.05577,39.82244],[141.05463,39.82329],[141.05392,39.82383],[141.05337,39.82421],[141.05326,39.82431],[141.05308,39.82458],[141.05291,39.8248],[141.05267,39.82499],[141.05228,39.82524],[141.05183,39.82547],[141.05062,39.82643],[141.05005,39.82688],[141.04925,39.82737],[141.04836,39.82789],[141.04792,39.82815],[141.04663,39.82911],[141.04506,39.83023],[141.04328,39.83151],[141.04197,39.83248],[141.04128,39.83298],[141.04042,39.83361],[141.0393,39.83438],[141.03902,39.83457],[141.03891,39.83468],[141.03885,39.83478],[141.03896,39.83491],[141.03901,39.83499],[141.03902,39.83507],[141.03901,39.83511],[141.03891,39.8352],[141.03884,39.83527],[141.03882,39.83531],[141.03883,39.83535],[141.03887,39.8354],[141.03894,39.83545],[141.03911,39.83558],[141.03914,39.83562],[141.03914,39.83567],[141.0391,39.83574],[141.03904,39.83588],[141.03899,39.83599],[141.03894,39.83606],[141.03883,39.83619],[141.0387,39.83634],[141.03851,39.83662],[141.03842,39.83673],[141.03833,39.83682],[141.03822,39.83691],[141.038,39.83702],[141.0379,39.83709],[141.03784,39.83714],[141.0378,39.8372],[141.03776,39.83731],[141.03772,39.83745],[141.03768,39.83754],[141.03759,39.83764],[141.03742,39.83779],[141.03727,39.83791],[141.03718,39.83803],[141.03705,39.83816],[141.03696,39.83821],[141.0369,39.83823],[141.03682,39.83824],[141.03673,39.83825],[141.03663,39.83825],[141.03612,39.83823],[141.03599,39.83824],[141.03588,39.83826],[141.0358,39.83828],[141.03571,39.83832],[141.03562,39.83837],[141.03542,39.83848],[141.03508,39.83864],[141.03473,39.83879],[141.03456,39.83886],[141.03441,39.8389],[141.03422,39.83896],[141.03386,39.83906],[141.03361,39.83913],[141.03344,39.83918],[141.03326,39.83925],[141.0331,39.8393],[141.03295,39.83933],[141.03284,39.83936],[141.03261,39.83938],[141.03233,39.83939],[141.03207,39.83939],[141.03174,39.83939],[141.03126,39.83941],[141.03102,39.83942],[141.03073,39.83942],[141.03044,39.83941],[141.03022,39.83939],[141.02999,39.83937],[141.02978,39.83933],[141.02969,39.83933],[141.02962,39.83934],[141.02957,39.83936],[141.02951,39.83939],[141.02946,39.83944],[141.02937,39.83955],[141.02932,39.83959],[141.02922,39.83966],[141.02914,39.83971],[141.02908,39.83974],[141.02903,39.83974],[141.02869,39.83974],[141.02857,39.83976],[141.02845,39.83976],[141.02817,39.83973],[141.02812,39.83973],[141.02803,39.83973],[141.02793,39.83974],[141.02786,39.83977],[141.02778,39.83981],[141.02768,39.83987],[141.0276,39.83992],[141.02755,39.83995],[141.02747,39.83997],[141.02739,39.83998],[141.0272,39.84],[141.02712,39.84002],[141.02705,39.84005],[141.02694,39.8401],[141.02679,39.84018],[141.02659,39.84029],[141.02637,39.8404],[141.0263,39.84043],[141.02616,39.84046],[141.02593,39.84053],[141.02571,39.84059],[141.02532,39.84071],[141.02513,39.84076],[141.02497,39.84079],[141.0248,39.84083],[141.02463,39.84087],[141.02432,39.84093],[141.02394,39.84108],[141.02364,39.84121],[141.02329,39.84146],[141.02298,39.84179],[141.02263,39.8422],[141.02201,39.84267],[141.0213,39.84316],[141.02067,39.84351],[141.01981,39.84391],[141.01884,39.84428],[141.01794,39.84458],[141.01674,39.84482],[141.01575,39.84497],[141.01507,39.84508],[141.0143,39.84523],[141.01356,39.84534],[141.01292,39.84539],[141.01227,39.84541],[141.01179,39.84537],[141.01139,39.8453],[141.01099,39.8452],[141.0106,39.84507],[141.01008,39.8449],[141.00967,39.84467],[141.00955,39.84459],[141.00935,39.84451],[141.00908,39.84449],[141.00877,39.84444],[141.00845,39.84439],[141.0082,39.84431],[141.00785,39.8442],[141.00763,39.8441],[141.00748,39.84405],[141.0073,39.84401],[141.00718,39.844],[141.00707,39.84401],[141.00696,39.84402],[141.00682,39.84407],[141.00665,39.84411],[141.00652,39.84413],[141.00633,39.84413],[141.00613,39.84411],[141.00594,39.84407],[141.00571,39.84405],[141.00553,39.84405],[141.00537,39.84408],[141.00525,39.8441],[141.0051,39.84409],[141.00491,39.84409],[141.00468,39.84411],[141.00433,39.84416],[141.00398,39.8442],[141.00377,39.84422],[141.00362,39.84421],[141.00341,39.84422],[141.00325,39.84425],[141.00311,39.84431],[141.0029,39.84442],[141.00269,39.84453],[141.00251,39.84461],[141.00222,39.8447],[141.00197,39.84479],[141.00182,39.84486],[141.00154,39.84501],[141.00134,39.84508],[141.00119,39.84511],[141.00101,39.84513],[141.00069,39.84514],[141.00047,39.84516],[141.0006,39.84667],[141.00072,39.84721],[141.00085,39.84926],[141.00088,39.84953],[141.00118,39.85223],[141.00111,39.85252],[141.00464,39.85363],[141.00928,39.85498],[141.01395,39.85642],[141.01806,39.85764],[141.02473,39.85957],[141.02683,39.86023],[141.03031,39.86155],[141.03278,39.86252],[141.0335,39.86277],[141.03394,39.86287],[141.03567,39.86324],[141.03913,39.86399],[141.0451,39.86535],[141.05163,39.8668],[141.05536,39.86764],[141.05694,39.86793],[141.05749,39.86796],[141.05783,39.8679],[141.05806,39.86776],[141.0582,39.8676],[141.05832,39.86737],[141.05835,39.86709],[141.05833,39.86682],[141.05815,39.86649],[141.05786,39.86603],[141.05782,39.86577],[141.05783,39.86549],[141.05794,39.86522],[141.05848,39.86477],[141.05902,39.8644],[141.05951,39.86408],[141.05987,39.864],[141.06038,39.86391],[141.06117,39.86391],[141.06154,39.86405],[141.06204,39.86428],[141.06227,39.86448],[141.06251,39.86465],[141.06264,39.86467],[141.06693,39.86527],[141.0672,39.86525],[141.06736,39.86517],[141.06744,39.86499],[141.06749,39.86469],[141.06761,39.86457],[141.06774,39.86449],[141.06846,39.86437],[141.06915,39.86423],[141.06975,39.86403],[141.06994,39.86394],[141.07049,39.86354],[141.07089,39.86328],[141.07192,39.86299],[141.07385,39.86227],[141.07452,39.86208],[141.07587,39.86199],[141.07837,39.86209],[141.07913,39.86214],[141.08001,39.86216],[141.07979,39.86332],[141.07992,39.86355],[141.08032,39.86376],[141.08293,39.86473],[141.08327,39.86487],[141.08337,39.86502],[141.08239,39.8678],[141.08237,39.86795],[141.08239,39.86814],[141.08247,39.86845],[141.08259,39.8687],[141.08262,39.86887],[141.08261,39.86921],[141.08265,39.86955],[141.08275,39.86991],[141.08301,39.87023],[141.0834,39.8706],[141.08436,39.87152],[141.08454,39.87184],[141.08453,39.8721],[141.08434,39.87281],[141.08498,39.87378],[141.08592,39.87531],[141.08628,39.8754],[141.08721,39.87561],[141.08851,39.87588],[141.08978,39.87615],[141.09108,39.87641],[141.09153,39.87653],[141.09201,39.8767],[141.09268,39.87697],[141.09286,39.87704],[141.09299,39.87704],[141.09392,39.87686],[141.09425,39.8768],[141.09452,39.8767],[141.09461,39.87669],[141.09472,39.87672],[141.0948,39.87671],[141.09511,39.87659],[141.0954,39.87654],[141.09564,39.87651],[141.0957,39.87651],[141.09579,39.87661],[141.09629,39.87739],[141.09641,39.87752],[141.09682,39.87787],[141.09687,39.87797],[141.09706,39.87851],[141.09714,39.87861],[141.09724,39.87871],[141.09745,39.87877],[141.09776,39.87884],[141.09812,39.87897],[141.0985,39.87912],[141.09893,39.87911],[141.09945,39.87812],[141.09989,39.87722]]]}},{"type":"Feature","properties":{"name":"留が森","setai":305,"jinko":861,"key":"03216009029","units":1,"m":427,"f":434,"gk":4,"a0":71,"a1":484,"a2":297,"a75":126,"ag":[17,22,32,37,27,25,28,38,46,55,64,82,82,105,66,45,49,24,6,2,0],"nf":9},"geometry":{"type":"Polygon","coordinates":[[[141.119,39.84269],[141.11926,39.84267],[141.11958,39.84267],[141.11985,39.84265],[141.11994,39.84265],[141.11999,39.84269],[141.1201,39.84276],[141.12019,39.84278],[141.12034,39.84279],[141.12045,39.84279],[141.12055,39.84279],[141.12068,39.84279],[141.12091,39.84275],[141.12114,39.84271],[141.12133,39.8427],[141.12143,39.84269],[141.12149,39.8427],[141.12154,39.84271],[141.1216,39.84274],[141.12169,39.84274],[141.12196,39.84273],[141.12207,39.8427],[141.12217,39.84266],[141.12229,39.84265],[141.12246,39.84263],[141.12267,39.84258],[141.1229,39.84254],[141.12304,39.84251],[141.12312,39.8425],[141.12324,39.8425],[141.1233,39.8425],[141.12335,39.84249],[141.12341,39.84244],[141.12349,39.84238],[141.12356,39.84236],[141.12366,39.84236],[141.1238,39.84238],[141.12401,39.84244],[141.12418,39.84248],[141.1244,39.84258],[141.12459,39.84267],[141.12468,39.8427],[141.12474,39.8427],[141.12481,39.84269],[141.12489,39.84267],[141.12494,39.84267],[141.12502,39.8427],[141.12511,39.84272],[141.12524,39.8427],[141.1254,39.84267],[141.12547,39.84265],[141.1256,39.84266],[141.12573,39.84268],[141.1263,39.84274],[141.12663,39.84274],[141.12692,39.84272],[141.12713,39.84267],[141.12729,39.84262],[141.12736,39.84257],[141.12759,39.8421],[141.12791,39.84143],[141.12837,39.84055],[141.12849,39.84039],[141.12879,39.83983],[141.1293,39.83888],[141.12936,39.83876],[141.12975,39.83802],[141.13011,39.83733],[141.13025,39.83706],[141.1304,39.8367],[141.13068,39.83611],[141.13095,39.8355],[141.13101,39.83535],[141.1312,39.83489],[141.13166,39.83377],[141.13197,39.83304],[141.13226,39.83247],[141.13276,39.83158],[141.13307,39.83101],[141.13355,39.83012],[141.13354,39.83005],[141.1334,39.82978],[141.13281,39.82882],[141.13225,39.82782],[141.13212,39.82786],[141.13207,39.82786],[141.13187,39.8278],[141.13158,39.82761],[141.13147,39.82756],[141.13128,39.82759],[141.13102,39.82767],[141.13089,39.82776],[141.13082,39.82785],[141.13073,39.82799],[141.13064,39.82801],[141.13051,39.828],[141.13028,39.82793],[141.13,39.82782],[141.12991,39.8278],[141.12985,39.82781],[141.1298,39.82784],[141.12972,39.82794],[141.12959,39.82812],[141.12949,39.82821],[141.12938,39.82828],[141.12934,39.82829],[141.12931,39.82827],[141.12923,39.8282],[141.12916,39.82812],[141.12909,39.8281],[141.12901,39.82809],[141.12892,39.8281],[141.12883,39.82814],[141.12857,39.82838],[141.12833,39.82853],[141.1279,39.82875],[141.12775,39.82881],[141.1275,39.82884],[141.12727,39.82886],[141.12719,39.82891],[141.12704,39.82907],[141.12687,39.82913],[141.12655,39.82923],[141.12527,39.82809],[141.1246,39.82763],[141.12373,39.82715],[141.12322,39.82691],[141.1225,39.82654],[141.12202,39.8263],[141.1217,39.82613],[141.12113,39.82595],[141.12063,39.82581],[141.11858,39.8229],[141.11873,39.82282],[141.12024,39.82217],[141.12093,39.82188],[141.12103,39.82183],[141.12175,39.8217],[141.12196,39.82164],[141.12215,39.82157],[141.12235,39.82146],[141.12249,39.82136],[141.12261,39.82121],[141.12273,39.82106],[141.12282,39.82092],[141.12285,39.82082],[141.12286,39.82029],[141.12283,39.82018],[141.12277,39.82013],[141.12267,39.82008],[141.12246,39.82],[141.12227,39.81996],[141.12202,39.81994],[141.12184,39.81995],[141.12173,39.81993],[141.12079,39.81966],[141.12063,39.81963],[141.12052,39.81962],[141.12042,39.81964],[141.1203,39.81964],[141.12018,39.81962],[141.11973,39.81948],[141.11954,39.81939],[141.11946,39.81932],[141.11943,39.81927],[141.11942,39.81921],[141.11946,39.81916],[141.11953,39.81912],[141.11972,39.81907],[141.11985,39.81904],[141.11993,39.81901],[141.11995,39.81898],[141.11994,39.81895],[141.11958,39.81869],[141.11953,39.81866],[141.11951,39.81861],[141.11933,39.81793],[141.1193,39.81788],[141.11925,39.81785],[141.1189,39.81777],[141.11874,39.81772],[141.11846,39.81772],[141.11824,39.8177],[141.11804,39.81766],[141.11792,39.81764],[141.11783,39.81759],[141.11775,39.81751],[141.11757,39.81732],[141.11747,39.81719],[141.1174,39.81714],[141.11724,39.81709],[141.11707,39.81705],[141.11695,39.81703],[141.11666,39.81702],[141.11655,39.81701],[141.11648,39.81697],[141.11615,39.81675],[141.11646,39.81652],[141.11737,39.81587],[141.1176,39.81563],[141.11777,39.81537],[141.11784,39.81515],[141.11701,39.81516],[141.11685,39.81498],[141.11662,39.8147],[141.11269,39.81471],[141.11257,39.81433],[141.11227,39.81335],[141.11214,39.8128],[141.1121,39.81265],[141.11187,39.81162],[141.11182,39.81133],[141.11171,39.81069],[141.11155,39.80971],[141.1115,39.80892],[141.11214,39.80891],[141.11218,39.80891],[141.1127,39.80893],[141.113,39.80899],[141.11321,39.80908],[141.11339,39.80919],[141.11376,39.80947],[141.11396,39.80958],[141.11421,39.80965],[141.11447,39.80968],[141.11485,39.80965],[141.1155,39.80962],[141.1158,39.80964],[141.11608,39.80969],[141.11636,39.8098],[141.11661,39.80986],[141.117,39.80993],[141.11793,39.81003],[141.11888,39.81012],[141.11915,39.80874],[141.11924,39.80805],[141.11924,39.80775],[141.11915,39.80675],[141.11893,39.80488],[141.11878,39.80338],[141.11861,39.80175],[141.11845,39.80013],[141.1184,39.79924],[141.11841,39.799],[141.11846,39.79878],[141.11859,39.7985],[141.1189,39.79787],[141.11938,39.79701],[141.12013,39.79568],[141.12086,39.79438],[141.12036,39.79442],[141.11985,39.7945],[141.11925,39.79456],[141.11876,39.79463],[141.11831,39.79472],[141.11758,39.79492],[141.11678,39.79513],[141.11601,39.79534],[141.11524,39.79558],[141.11467,39.79568],[141.11415,39.79577],[141.11374,39.7958],[141.11297,39.7958],[141.11235,39.7958],[141.11226,39.7958],[141.11178,39.7958],[141.11133,39.79581],[141.11106,39.79588],[141.11088,39.79596],[141.11073,39.79607],[141.11059,39.79623],[141.11052,39.79636],[141.11043,39.79656],[141.11034,39.79702],[141.11029,39.7972],[141.11019,39.79735],[141.10998,39.79765],[141.1096,39.79815],[141.1092,39.79869],[141.10885,39.79916],[141.1086,39.79944],[141.10839,39.7996],[141.10809,39.79976],[141.10771,39.79997],[141.10736,39.80012],[141.10722,39.80024],[141.10713,39.80044],[141.10692,39.80081],[141.10666,39.80127],[141.10617,39.80212],[141.10602,39.80239],[141.10593,39.80246],[141.10557,39.80262],[141.1053,39.80273],[141.10522,39.8028],[141.10505,39.803],[141.10492,39.80322],[141.1049,39.80337],[141.10503,39.80356],[141.10506,39.8037],[141.10505,39.80383],[141.105,39.80401],[141.10489,39.80422],[141.10477,39.80438],[141.10473,39.80452],[141.10481,39.80479],[141.10503,39.80567],[141.10514,39.80616],[141.10524,39.80623],[141.10535,39.80634],[141.1055,39.80657],[141.10605,39.80737],[141.1063,39.80775],[141.1063,39.8079],[141.10628,39.80838],[141.10633,39.80853],[141.1066,39.80935],[141.10668,39.80958],[141.10683,39.81017],[141.1069,39.81051],[141.10672,39.81047],[141.10666,39.81047],[141.10649,39.8105],[141.10497,39.81083],[141.10441,39.81098],[141.10361,39.81115],[141.10211,39.8115],[141.10167,39.81162],[141.10155,39.81166],[141.10117,39.81192],[141.10052,39.81241],[141.0997,39.81302],[141.0993,39.81334],[141.09907,39.81348],[141.09891,39.81353],[141.0987,39.81356],[141.09852,39.81357],[141.09828,39.81351],[141.09782,39.81337],[141.09732,39.81321],[141.09689,39.81305],[141.09662,39.81298],[141.09634,39.81293],[141.09618,39.81293],[141.09597,39.81294],[141.09577,39.81297],[141.09553,39.81301],[141.09451,39.81325],[141.09344,39.8135],[141.09294,39.81361],[141.09131,39.81399],[141.08985,39.81433],[141.08821,39.81469],[141.0883,39.81494],[141.08855,39.8156],[141.08879,39.81623],[141.08903,39.81688],[141.08913,39.81719],[141.08929,39.81801],[141.08939,39.81845],[141.08876,39.81828],[141.0875,39.81799],[141.08684,39.81783],[141.08664,39.8178],[141.08613,39.81776],[141.08508,39.81768],[141.08453,39.81761],[141.08438,39.8176],[141.08386,39.81756],[141.0835,39.81765],[141.08334,39.81775],[141.0832,39.81793],[141.08311,39.81816],[141.08308,39.81847],[141.08303,39.819],[141.0828,39.81898],[141.08177,39.81893],[141.08111,39.81892],[141.07992,39.8189],[141.07933,39.81891],[141.07954,39.81904],[141.07969,39.81915],[141.07975,39.81932],[141.07996,39.81984],[141.08024,39.82054],[141.08047,39.82117],[141.08076,39.82181],[141.08124,39.82257],[141.08169,39.82319],[141.082,39.82364],[141.08222,39.82399],[141.08244,39.82422],[141.08261,39.82435],[141.08286,39.82481],[141.08305,39.82536],[141.08317,39.82576],[141.08325,39.82632],[141.08321,39.82672],[141.08313,39.82702],[141.08302,39.82731],[141.08272,39.82784],[141.08243,39.82828],[141.08211,39.82845],[141.08185,39.82848],[141.08104,39.82848],[141.08003,39.82836],[141.0786,39.82828],[141.077,39.8283],[141.07592,39.8284],[141.075,39.82859],[141.07353,39.82906],[141.0726,39.82934],[141.07189,39.82943],[141.07128,39.82942],[141.07065,39.82941],[141.06999,39.82939],[141.07027,39.8297],[141.0705,39.82999],[141.0707,39.83025],[141.07101,39.83067],[141.07141,39.83115],[141.07209,39.83199],[141.07275,39.83282],[141.0733,39.83356],[141.07362,39.83401],[141.07377,39.83418],[141.0739,39.8343],[141.07402,39.83439],[141.07425,39.83453],[141.07448,39.83466],[141.07486,39.83487],[141.07517,39.83507],[141.07532,39.83515],[141.0756,39.83531],[141.07893,39.8351],[141.08186,39.83508],[141.08406,39.83508],[141.08629,39.83529],[141.08829,39.83564],[141.09005,39.83593],[141.09199,39.83625],[141.09268,39.83636],[141.09367,39.83646],[141.09466,39.83644],[141.09581,39.83638],[141.0971,39.83622],[141.09757,39.83615],[141.09851,39.83592],[141.09969,39.8355],[141.10072,39.83519],[141.10156,39.835],[141.10236,39.8349],[141.1035,39.83474],[141.10473,39.83474],[141.10535,39.8348],[141.10633,39.83489],[141.10734,39.83508],[141.10766,39.83522],[141.10833,39.83496],[141.10886,39.83477],[141.11054,39.83429],[141.11073,39.83423],[141.11095,39.8342],[141.1116,39.83416],[141.11198,39.83556],[141.1121,39.83603],[141.11251,39.8379],[141.1127,39.83857],[141.11681,39.84253],[141.11751,39.84254],[141.1184,39.84273],[141.11851,39.84277],[141.11862,39.8428],[141.11872,39.84279],[141.119,39.84269]]]}},{"type":"Feature","properties":{"name":"大石渡","setai":314,"jinko":768,"key":"032160100","units":1,"m":375,"f":393,"gk":8,"a0":69,"a1":428,"a2":269,"a75":132,"ag":[16,21,32,37,16,16,38,28,45,53,58,57,80,88,49,54,40,26,8,3,1],"nf":2},"geometry":{"type":"Polygon","coordinates":[[[141.01884,39.84428],[141.01981,39.84391],[141.02067,39.84351],[141.0213,39.84316],[141.02201,39.84267],[141.02263,39.8422],[141.02298,39.84179],[141.02329,39.84146],[141.02364,39.84121],[141.02394,39.84108],[141.02432,39.84093],[141.02463,39.84087],[141.0248,39.84083],[141.02497,39.84079],[141.02513,39.84076],[141.02532,39.84071],[141.02571,39.84059],[141.02593,39.84053],[141.02616,39.84046],[141.0263,39.84043],[141.02637,39.8404],[141.02659,39.84029],[141.02679,39.84018],[141.02694,39.8401],[141.02705,39.84005],[141.02712,39.84002],[141.0272,39.84],[141.02739,39.83998],[141.02747,39.83997],[141.02755,39.83995],[141.0276,39.83992],[141.02768,39.83987],[141.02778,39.83981],[141.02786,39.83977],[141.02793,39.83974],[141.02803,39.83973],[141.02812,39.83973],[141.02817,39.83973],[141.02845,39.83976],[141.02857,39.83976],[141.02869,39.83974],[141.02903,39.83974],[141.02908,39.83974],[141.02914,39.83971],[141.02922,39.83966],[141.02932,39.83959],[141.02937,39.83955],[141.02946,39.83944],[141.02951,39.83939],[141.02957,39.83936],[141.02962,39.83934],[141.02969,39.83933],[141.02978,39.83933],[141.02999,39.83937],[141.03022,39.83939],[141.03044,39.83941],[141.03073,39.83942],[141.03102,39.83942],[141.03126,39.83941],[141.03174,39.83939],[141.03207,39.83939],[141.03233,39.83939],[141.03261,39.83938],[141.03284,39.83936],[141.03295,39.83933],[141.0331,39.8393],[141.03326,39.83925],[141.03344,39.83918],[141.03361,39.83913],[141.03386,39.83906],[141.03422,39.83896],[141.03441,39.8389],[141.03456,39.83886],[141.03473,39.83879],[141.03508,39.83864],[141.03542,39.83848],[141.03562,39.83837],[141.03571,39.83832],[141.0358,39.83828],[141.03588,39.83826],[141.03599,39.83824],[141.03612,39.83823],[141.03663,39.83825],[141.03673,39.83825],[141.03682,39.83824],[141.0369,39.83823],[141.03696,39.83821],[141.03705,39.83816],[141.03718,39.83803],[141.03727,39.83791],[141.03742,39.83779],[141.03759,39.83764],[141.03768,39.83754],[141.03772,39.83745],[141.03776,39.83731],[141.0378,39.8372],[141.03784,39.83714],[141.0379,39.83709],[141.038,39.83702],[141.03822,39.83691],[141.03833,39.83682],[141.03842,39.83673],[141.03851,39.83662],[141.0387,39.83634],[141.03883,39.83619],[141.03894,39.83606],[141.03899,39.83599],[141.03904,39.83588],[141.0391,39.83574],[141.03914,39.83567],[141.03914,39.83562],[141.03911,39.83558],[141.03894,39.83545],[141.03887,39.8354],[141.03883,39.83535],[141.03882,39.83531],[141.03884,39.83527],[141.03891,39.8352],[141.03901,39.83511],[141.03902,39.83507],[141.03901,39.83499],[141.03896,39.83491],[141.03885,39.83478],[141.03891,39.83468],[141.03902,39.83457],[141.0393,39.83438],[141.04042,39.83361],[141.04128,39.83298],[141.04197,39.83248],[141.04328,39.83151],[141.04506,39.83023],[141.04663,39.82911],[141.04792,39.82815],[141.04836,39.82789],[141.04925,39.82737],[141.05005,39.82688],[141.05062,39.82643],[141.05183,39.82547],[141.05228,39.82524],[141.05267,39.82499],[141.05291,39.8248],[141.05308,39.82458],[141.05326,39.82431],[141.05337,39.82421],[141.05392,39.82383],[141.05463,39.82329],[141.05577,39.82244],[141.05634,39.82205],[141.05805,39.82305],[141.05995,39.82441],[141.06123,39.82537],[141.06276,39.82657],[141.06384,39.82738],[141.06473,39.82829],[141.06547,39.8291],[141.06608,39.8299],[141.06688,39.8296],[141.06787,39.82938],[141.06928,39.82936],[141.06999,39.82939],[141.07065,39.82941],[141.07128,39.82942],[141.07189,39.82943],[141.0726,39.82934],[141.07353,39.82906],[141.075,39.82859],[141.07592,39.8284],[141.077,39.8283],[141.0786,39.82828],[141.08003,39.82836],[141.08104,39.82848],[141.08185,39.82848],[141.08211,39.82845],[141.08243,39.82828],[141.08272,39.82784],[141.08302,39.82731],[141.08313,39.82702],[141.08321,39.82672],[141.08325,39.82632],[141.08317,39.82576],[141.08305,39.82536],[141.08286,39.82481],[141.08261,39.82435],[141.08244,39.82422],[141.08222,39.82399],[141.082,39.82364],[141.08169,39.82319],[141.08124,39.82257],[141.08076,39.82181],[141.08047,39.82117],[141.08024,39.82054],[141.07996,39.81984],[141.07975,39.81932],[141.07969,39.81915],[141.07954,39.81904],[141.07933,39.81891],[141.07992,39.8189],[141.08111,39.81892],[141.08177,39.81893],[141.0828,39.81898],[141.08303,39.819],[141.08308,39.81847],[141.08311,39.81816],[141.0832,39.81793],[141.08334,39.81775],[141.0835,39.81765],[141.08386,39.81756],[141.08438,39.8176],[141.08453,39.81761],[141.08508,39.81768],[141.08613,39.81776],[141.08664,39.8178],[141.08684,39.81783],[141.0875,39.81799],[141.08876,39.81828],[141.08939,39.81845],[141.08929,39.81801],[141.08913,39.81719],[141.08903,39.81688],[141.08879,39.81623],[141.08855,39.8156],[141.0883,39.81494],[141.08821,39.81469],[141.08985,39.81433],[141.09131,39.81399],[141.09294,39.81361],[141.09344,39.8135],[141.09451,39.81325],[141.09553,39.81301],[141.09577,39.81297],[141.09597,39.81294],[141.09618,39.81293],[141.09634,39.81293],[141.09662,39.81298],[141.09689,39.81305],[141.09732,39.81321],[141.09782,39.81337],[141.09828,39.81351],[141.09852,39.81357],[141.0987,39.81356],[141.09891,39.81353],[141.09907,39.81348],[141.0993,39.81334],[141.0997,39.81302],[141.10052,39.81241],[141.10117,39.81192],[141.10155,39.81166],[141.10167,39.81162],[141.10211,39.8115],[141.10361,39.81115],[141.10441,39.81098],[141.10497,39.81083],[141.10649,39.8105],[141.10666,39.81047],[141.10672,39.81047],[141.1069,39.81051],[141.10683,39.81017],[141.10668,39.80958],[141.1066,39.80935],[141.10633,39.80853],[141.10628,39.80838],[141.1063,39.8079],[141.1063,39.80775],[141.10605,39.80737],[141.1055,39.80657],[141.10535,39.80634],[141.10524,39.80623],[141.10514,39.80616],[141.10503,39.80567],[141.10481,39.80479],[141.10473,39.80452],[141.10477,39.80438],[141.10489,39.80422],[141.105,39.80401],[141.10505,39.80383],[141.10506,39.8037],[141.10503,39.80356],[141.1049,39.80337],[141.10492,39.80322],[141.10505,39.803],[141.10522,39.8028],[141.1053,39.80273],[141.10557,39.80262],[141.10593,39.80246],[141.10602,39.80239],[141.10617,39.80212],[141.10666,39.80127],[141.10692,39.80081],[141.10713,39.80044],[141.10722,39.80024],[141.10736,39.80012],[141.10771,39.79997],[141.10809,39.79976],[141.10839,39.7996],[141.1086,39.79944],[141.10885,39.79916],[141.1092,39.79869],[141.1096,39.79815],[141.10998,39.79765],[141.11019,39.79735],[141.11029,39.7972],[141.11034,39.79702],[141.11043,39.79656],[141.11052,39.79636],[141.11059,39.79623],[141.11073,39.79607],[141.11088,39.79596],[141.11106,39.79588],[141.11133,39.79581],[141.11178,39.7958],[141.11226,39.7958],[141.11235,39.7958],[141.11297,39.7958],[141.11374,39.7958],[141.11415,39.79577],[141.11467,39.79568],[141.11524,39.79558],[141.11601,39.79534],[141.11678,39.79513],[141.11758,39.79492],[141.11831,39.79472],[141.11876,39.79463],[141.11925,39.79456],[141.11985,39.7945],[141.12036,39.79442],[141.12086,39.79438],[141.12116,39.79362],[141.12136,39.79296],[141.12137,39.79287],[141.12135,39.79279],[141.12129,39.79265],[141.12128,39.79258],[141.12124,39.79235],[141.12124,39.7922],[141.12128,39.79195],[141.12136,39.79176],[141.12139,39.79152],[141.12129,39.79137],[141.12113,39.79125],[141.12084,39.79111],[141.12066,39.79104],[141.12051,39.79094],[141.12017,39.79078],[141.12001,39.79067],[141.11997,39.79059],[141.11984,39.79046],[141.11958,39.79017],[141.11958,39.78996],[141.11957,39.78936],[141.11949,39.7884],[141.11942,39.78764],[141.1193,39.78692],[141.11923,39.78668],[141.11911,39.7865],[141.11899,39.78636],[141.11877,39.78613],[141.11854,39.78592],[141.11815,39.78574],[141.11748,39.78548],[141.11693,39.78534],[141.11642,39.7851],[141.11611,39.78493],[141.11582,39.78475],[141.1156,39.78462],[141.11534,39.78432],[141.11515,39.78413],[141.115,39.78394],[141.1149,39.78381],[141.1147,39.78347],[141.1141,39.78389],[141.11398,39.7839],[141.11386,39.78386],[141.11349,39.78371],[141.11325,39.78368],[141.11306,39.78369],[141.11278,39.78376],[141.11219,39.78399],[141.11142,39.78431],[141.11088,39.78451],[141.11055,39.78359],[141.11043,39.78346],[141.11035,39.78342],[141.11015,39.78335],[141.10993,39.7834],[141.10977,39.7835],[141.10943,39.78382],[141.10914,39.78402],[141.10871,39.78425],[141.10765,39.78453],[141.10699,39.7846],[141.10634,39.78472],[141.10557,39.78497],[141.10466,39.78522],[141.10379,39.7853],[141.10305,39.78536],[141.10262,39.7854],[141.10236,39.78553],[141.102,39.78611],[141.10169,39.7866],[141.10145,39.78699],[141.10101,39.78721],[141.10049,39.78754],[141.10027,39.78782],[141.10018,39.78803],[141.10017,39.7882],[141.1002,39.78841],[141.10024,39.78858],[141.10039,39.78885],[141.10059,39.78908],[141.10103,39.78951],[141.09989,39.78976],[141.09823,39.79023],[141.09679,39.79064],[141.09552,39.79105],[141.09397,39.79136],[141.09277,39.79157],[141.09169,39.7918],[141.08996,39.79194],[141.08869,39.79184],[141.08807,39.79169],[141.08734,39.79133],[141.0862,39.79086],[141.08454,39.79042],[141.08274,39.79004],[141.08105,39.78994],[141.07723,39.78974],[141.07678,39.78972],[141.07568,39.78962],[141.07332,39.78946],[141.06865,39.78926],[141.06708,39.78915],[141.06699,39.78914],[141.06593,39.78897],[141.06541,39.78896],[141.06455,39.78909],[141.06368,39.78918],[141.06281,39.78933],[141.06185,39.78954],[141.06072,39.78969],[141.06012,39.7898],[141.05961,39.79004],[141.05875,39.79024],[141.05832,39.79036],[141.05763,39.79045],[141.057,39.79048],[141.05614,39.79075],[141.05468,39.79126],[141.0537,39.79172],[141.05271,39.79215],[141.05151,39.79278],[141.05056,39.79333],[141.04945,39.79395],[141.04905,39.79419],[141.04875,39.79442],[141.04854,39.79465],[141.04495,39.7996],[141.04469,39.79987],[141.04453,39.80009],[141.04443,39.8003],[141.04428,39.80077],[141.04409,39.80112],[141.04385,39.80132],[141.04361,39.80152],[141.04314,39.80177],[141.04282,39.80189],[141.04229,39.80203],[141.04021,39.80271],[141.0398,39.80283],[141.03151,39.80439],[141.02041,39.8066],[141.01978,39.80669],[141.01905,39.80676],[141.0158,39.80715],[141.0136,39.8074],[141.01235,39.80744],[141.01068,39.8075],[141.00899,39.80755],[141.00679,39.80761],[141.00441,39.80767],[141.00419,39.80813],[141.0037,39.80912],[141.00383,39.80977],[141.00398,39.81058],[141.00418,39.81143],[141.00435,39.81224],[141.00447,39.81263],[141.0046,39.81299],[141.00466,39.81312],[141.00486,39.81336],[141.00498,39.81348],[141.00517,39.8138],[141.00523,39.81394],[141.00527,39.81432],[141.00532,39.81453],[141.00553,39.81499],[141.00561,39.81519],[141.0058,39.8155],[141.00615,39.81592],[141.00627,39.81609],[141.00635,39.81643],[141.00645,39.81667],[141.00658,39.817],[141.00671,39.81713],[141.00682,39.81729],[141.00705,39.81744],[141.00783,39.81793],[141.00819,39.81817],[141.00834,39.81829],[141.00844,39.8184],[141.00852,39.81854],[141.00859,39.81872],[141.00865,39.81897],[141.00869,39.81917],[141.0087,39.81945],[141.00869,39.81979],[141.00872,39.82005],[141.00873,39.82035],[141.00876,39.82049],[141.00904,39.82108],[141.00918,39.82151],[141.00931,39.82186],[141.00933,39.82202],[141.00928,39.82218],[141.00918,39.82233],[141.00908,39.82245],[141.00894,39.82254],[141.00882,39.82265],[141.00876,39.82273],[141.00872,39.82283],[141.00872,39.82299],[141.00875,39.82316],[141.00875,39.8233],[141.00873,39.82345],[141.00874,39.82366],[141.0088,39.82386],[141.00885,39.82411],[141.00888,39.82432],[141.00907,39.82468],[141.00913,39.82497],[141.00918,39.82512],[141.00938,39.82542],[141.00949,39.82562],[141.00956,39.82584],[141.00958,39.82598],[141.00955,39.82623],[141.00948,39.82644],[141.00941,39.82653],[141.00932,39.82668],[141.00913,39.82696],[141.00904,39.82706],[141.00891,39.82716],[141.00869,39.82725],[141.00831,39.8274],[141.00808,39.82753],[141.00794,39.82765],[141.00777,39.82782],[141.00757,39.8281],[141.00739,39.82845],[141.00733,39.82861],[141.0072,39.82878],[141.00708,39.82885],[141.0069,39.82892],[141.00646,39.82898],[141.00621,39.82903],[141.00594,39.82912],[141.00571,39.82922],[141.00561,39.82931],[141.00555,39.82939],[141.00546,39.82954],[141.00539,39.82978],[141.00513,39.83036],[141.005,39.83069],[141.00486,39.831],[141.00468,39.83133],[141.00437,39.83189],[141.00425,39.83205],[141.00416,39.83217],[141.00403,39.83236],[141.00347,39.83281],[141.00331,39.83297],[141.00313,39.83315],[141.00296,39.83338],[141.0029,39.83348],[141.00283,39.8336],[141.00277,39.83373],[141.00273,39.83391],[141.00249,39.83459],[141.00228,39.83509],[141.00212,39.83537],[141.00167,39.83608],[141.00144,39.83656],[141.00125,39.83708],[141.00106,39.83783],[141.00085,39.83883],[141.00067,39.83964],[141.0005,39.84044],[141.00048,39.84062],[141.00038,39.84233],[141.00034,39.84336],[141.00044,39.84335],[141.00039,39.84365],[141.00044,39.84434],[141.00042,39.84486],[141.00042,39.84491],[141.00047,39.84516],[141.00069,39.84514],[141.00101,39.84513],[141.00119,39.84511],[141.00134,39.84508],[141.00154,39.84501],[141.00182,39.84486],[141.00197,39.84479],[141.00222,39.8447],[141.00251,39.84461],[141.00269,39.84453],[141.0029,39.84442],[141.00311,39.84431],[141.00325,39.84425],[141.00341,39.84422],[141.00362,39.84421],[141.00377,39.84422],[141.00398,39.8442],[141.00433,39.84416],[141.00468,39.84411],[141.00491,39.84409],[141.0051,39.84409],[141.00525,39.8441],[141.00537,39.84408],[141.00553,39.84405],[141.00571,39.84405],[141.00594,39.84407],[141.00613,39.84411],[141.00633,39.84413],[141.00652,39.84413],[141.00665,39.84411],[141.00682,39.84407],[141.00696,39.84402],[141.00707,39.84401],[141.00718,39.844],[141.0073,39.84401],[141.00748,39.84405],[141.00763,39.8441],[141.00785,39.8442],[141.0082,39.84431],[141.00845,39.84439],[141.00877,39.84444],[141.00908,39.84449],[141.00935,39.84451],[141.00955,39.84459],[141.00967,39.84467],[141.01008,39.8449],[141.0106,39.84507],[141.01099,39.8452],[141.01139,39.8453],[141.01179,39.84537],[141.01227,39.84541],[141.01292,39.84539],[141.01356,39.84534],[141.0143,39.84523],[141.01507,39.84508],[141.01575,39.84497],[141.01674,39.84482],[141.01794,39.84458],[141.01884,39.84428]]]}}]}